sample_index,question_id,top_k,allocation,document_budgets,exact_match,f1,retrieval_recall
0,728220fe1b5f4ce886273ec524c6972b,1,uniform,[350],1,1.0,1
1,c89d1c366c274f6e8d233be688759386,1,uniform,[350],0,0.0,1
2,644d4774db194bb0b491e58deff0fe6c,1,uniform,[350],0,0.5,1
3,b7648c8b476e4482a7fa9a8d4584c551,1,uniform,[350],1,1.0,1
4,362b90d2f2de47e1a0d9be76d1383cd5,1,uniform,[350],0,0.9565217391304348,1
5,e365fba82bca48ad8b9ec4fbac8bd3b7,1,uniform,[350],1,1.0,1
6,56a527cc368e4b10ac88117b33ab6370,1,uniform,[350],0,0.0,0
7,ef7ff14fda8347479995319185ade05f,1,uniform,[350],1,1.0,1
8,e7abf6763c7d425c8577ed893a0cd182,1,uniform,[350],0,0.0,1
9,08b8fd7f109845eda0ffb6868479f8c2,1,uniform,[350],0,0.0,0
10,ddc318071f01453ab87ceebe18062971,1,uniform,[350],1,1.0,1
11,b33e0d818b364b87878b747b09987f28,1,uniform,[350],0,0.06060606060606061,1
12,629ca0ba60d84e678789916c527e5e74,1,uniform,[350],0,0.0,1
13,dc5438680eeb4547b962a6d05a58125d,1,uniform,[350],0,0.0,1
14,2ea97cfbe22340cdabec8b67b75b0f0e,1,uniform,[350],1,1.0,1
15,dc27edf1253345dabb1ae19ef7d8a829,1,uniform,[350],0,0.0,1
16,c3ec8eaa57d0418da0c66d7ad83761b3,1,uniform,[350],0,0.0,1
17,f22c94617c404f388ea469654e9a580f,1,uniform,[350],0,0.2857142857142857,1
18,2c9d87584b86413d86f28eb40a1af7cf,1,uniform,[350],0,0.6666666666666666,1
19,49af423e020444c999bdbdaa7cc573bd,1,uniform,[350],0,0.0,1
20,a2f796f7536947518cb11c541c564c83,1,uniform,[350],1,1.0,1
21,70ff5cd057104a24a7de546f6a0a93e2,1,uniform,[350],1,1.0,1
22,bb0bceec8bca491db5c90c3962960eea,1,uniform,[350],0,0.0,1
23,4790b60660da497bb390ed9bc5996973,1,uniform,[350],0,0.0,1
24,092f821b8fd243efb2bfd2f200cb99ee,1,uniform,[350],0,0.0,0
25,e21128d6906243a58807600c9e0744b4,1,uniform,[350],0,0.10526315789473684,0
26,b612d7f272cd452dab8379571e41f3dd,1,uniform,[350],1,1.0,1
27,40f708bf9a744a90b62edfb3b44ad9cf,1,uniform,[350],0,0.0,0
28,b5b3c4c6f37c4de3907df3b82c13a2d7,1,uniform,[350],0,0.8,1
29,ebe6da22787d42bab5690387505c2674,1,uniform,[350],0,0.0,0
30,74953752801446a2abe6b330ce63c179,1,uniform,[350],0,0.0,0
31,ed2ba8953b6a49bb8f961969603a956f,1,uniform,[350],0,0.28571428571428575,1
32,d468e9a904314a5a92582bcfcc7b7635,1,uniform,[350],0,0.0,1
33,59c97e698fe0492890ba2dec20b8ff97,1,uniform,[350],0,0.0,0
34,c00bac5c39534761b85d1adeea7bdd23,1,uniform,[350],1,1.0,1
35,625274d8050f451ebd131104306237c1,1,uniform,[350],0,0.0,1
36,64215d84427e4d709e2914e76df055c5,1,uniform,[350],0,0.0,1
37,5464eecea5074ee49a1f281e3855f2d1,1,uniform,[350],0,0.888888888888889,1
38,f4e61efd586744d9941da1aea777b7d7,1,uniform,[350],0,0.0,1
39,e89b8741115d4a248603dde70032bccd,1,uniform,[350],1,1.0,1
40,4dd31c6180e64c4eb59983819779cf2c,1,uniform,[350],0,0.6666666666666666,1
41,1bf26f3035ec45e5874eb0de76a8d903,1,uniform,[350],0,0.0,1
42,f86df4ac102d4a058ac5a346fed44de9,1,uniform,[350],0,0.0,1
43,ace17f51ddc44d7db28c05c44bc5d658,1,uniform,[350],1,1.0,1
44,e2c278dfb89b444389ac7fa574c14697,1,uniform,[350],0,0.0,1
45,9b01a7aac7fb40979eccbed5da004372,1,uniform,[350],0,0.0,0
46,6778d6c630a84294a6dd81fbfabf9177,1,uniform,[350],0,0.0,0
47,35190f405eb4417497a797f137fb3f1b,1,uniform,[350],0,0.0,1
48,a5d866dd01974343ba3475ba0ca2387c,1,uniform,[350],0,0.0,1
49,34a877cef8f4456197484f09d1643e87,1,uniform,[350],0,0.6666666666666666,1
50,f87ac51d4db74ff7b51a4c5ea00723e8,1,uniform,[350],0,0.0,0
51,9bb1b01620ea4ed28be3d13447145272,1,uniform,[350],0,0.6666666666666666,1
52,68b7a9d693f84289b1d8cca76c5daf3b,1,uniform,[350],1,1.0,1
53,413339d30cc447a884eb601571769b06,1,uniform,[350],0,0.0,1
54,b0d97074e304423bab66769456c4890d,1,uniform,[350],1,1.0,1
55,9827d6f7626d46c188fc893ff0e12fd9,1,uniform,[350],1,1.0,1
56,3750487af26c40af96cb49550876a52a,1,uniform,[350],0,0.0,0
57,5010c8ecc7584e2d86bbb2ab8acfa878,1,uniform,[350],1,1.0,1
58,c5b80b9f943d4bd3b11c84700bff495f,1,uniform,[350],1,1.0,1
59,7bfe3ee0862a4bdbb5e06b894cfefd29,1,uniform,[350],0,0.5714285714285715,1
60,d7f9ec97994d42c3bf9dfc7e853a3d66,1,uniform,[350],0,0.2666666666666667,1
61,dc530a1b42fc45af9b9112f391db3504,1,uniform,[350],1,1.0,1
62,6d8f6111e0f2484f961308f6dc5270b3,1,uniform,[350],0,0.5714285714285715,1
63,ef32addb3b9b4c8ab122fd787122a657,1,uniform,[350],0,0.0,1
64,79e87ee729dd4f40b1492c9d24d26541,1,uniform,[350],0,0.0,1
65,94b8ba1c855e4789a90cd5692ee3e710,1,uniform,[350],1,1.0,1
66,7de2c568942c4160a93c7c80f264030f,1,uniform,[350],0,0.0,0
67,eeef45fe8f664128b6f49991e5695c3e,1,uniform,[350],0,0.0,0
68,fb575e95e21843f9bc7ab8acdde72ee7,1,uniform,[350],0,0.0,1
69,0ae51cad51b340cb9ce156a667e11a5e,1,uniform,[350],0,0.0,0
70,2e3e4e90adb64e86bf0e6ccf5499126b,1,uniform,[350],1,1.0,1
71,8b49dc87c93b45c48eb62e4a0b8ac604,1,uniform,[350],1,1.0,1
72,dafae23b13b148619784124572b26008,1,uniform,[350],0,0.9090909090909091,1
73,054d98807bed447f896aaa343005bb89,1,uniform,[350],0,0.0,1
74,fee6642b071a46e9b1a005d63b58a98c,1,uniform,[350],0,0.6666666666666666,1
75,ae35f52b8069416da505e192383e1cab,1,uniform,[350],0,0.8571428571428571,1
76,21976ca866684313b86aa9450c61406c,1,uniform,[350],0,0.0,1
77,bfa3a133f4fc48eda18b7464dddc5e70,1,uniform,[350],0,0.0,1
78,8809bd64552f4f7aa8f53f493602ceae,1,uniform,[350],1,1.0,1
79,4e6de19d338a44b6bd4bbaec2c3c0635,1,uniform,[350],1,1.0,1
80,121d9ead9e87477baedf4605be92bbf7,1,uniform,[350],1,1.0,1
81,96478949a8214ae4bd74130d64466203,1,uniform,[350],1,1.0,1
82,e2bc1abc94f141399b0b004676f84171,1,uniform,[350],0,0.8,1
83,a018ca4c1e8e4a44b48188655383c8a5,1,uniform,[350],1,1.0,1
84,2c175bdf51494ae1a97be4ed1a365825,1,uniform,[350],1,1.0,1
85,916d57f6183b4c52999933fe394cae6e,1,uniform,[350],1,1.0,1
86,2324b8d221fa41d58267b515b1a1109a,1,uniform,[350],0,0.0,0
87,c0d3770ca41e4463958dca0c88ce3979,1,uniform,[350],0,0.0,1
88,68ac44d7d9e24aee8fcaa91e0f364062,1,uniform,[350],1,1.0,1
89,f6ea20f22a394788814a7b4374246cf9,1,uniform,[350],0,0.923076923076923,1
90,5f53831743434c24b29ed9b858d87e4b,1,uniform,[350],0,0.888888888888889,1
91,20c6639f94d24a91ac79c15024fcd5f7,1,uniform,[350],0,0.4,1
92,6c6f0f2b83e546e39bc40d37b0ee9975,1,uniform,[350],0,0.0,1
93,a1b8855de6ff4bf2b8afc5942486e88c,1,uniform,[350],0,0.0,0
94,986fec610e0e4bf9bb3de6be1fa0356e,1,uniform,[350],0,0.0,0
95,ce5d0f11b9664510a27bf3c483792f13,1,uniform,[350],1,1.0,1
96,3f092922c6854e3f8bdf22cc50cf71a9,1,uniform,[350],1,1.0,1
97,811785fb9d684ccd9577541cd4c94555,1,uniform,[350],0,0.0,1
98,66d0e7da123d49fd8f8016dc27775052,1,uniform,[350],1,1.0,1
99,1646e87aca7b4f078ae816044f0f5955,1,uniform,[350],1,1.0,1
100,d2747da8e1e1416cb057ee8651131dd8,1,uniform,[350],0,0.0,1
101,8834ade537ca4faca9fb3bdd7efcb88b,1,uniform,[350],1,1.0,1
102,81a06cc7f0ed45fba03d40062246bf0f,1,uniform,[350],0,0.4,1
103,9f8bb4dd263246dbac8f331f745d2e5a,1,uniform,[350],0,0.33333333333333337,1
104,d0940d4e2f8b4c23817a178bf3f2ee85,1,uniform,[350],0,0.0,0
105,62b2d8702439498197acee357c30a8bd,1,uniform,[350],0,0.0,0
106,1fcf01709c0b404da2b3024ac0a02eb0,1,uniform,[350],0,0.0,0
107,f299e2d5b4264decb2fd2ab4d6a53c2d,1,uniform,[350],0,0.0,0
108,ecba8f966e03447a940cfff69f9ba8e1,1,uniform,[350],1,1.0,1
109,077524326f6a4e53a728f5341e89f79c,1,uniform,[350],1,1.0,1
110,18cbdcbef93544acac9407596569a64f,1,uniform,[350],0,0.6666666666666666,1
111,afc8672a21f441369ab4b0ffb8532c21,1,uniform,[350],1,1.0,1
112,c64f2789544c45c8bf9dceebb35cfa53,1,uniform,[350],0,0.0,0
113,c2bf5fa95d404050b8f86692d9100be0,1,uniform,[350],0,0.8,1
114,ff5f25fc4c9b4354b49fc603df373ee0,1,uniform,[350],0,0.15384615384615385,1
115,d83aff530fd447b49138953308883ac2,1,uniform,[350],0,0.0,0
116,5b7387ec945d47b8b624c2b55b6a80c1,1,uniform,[350],0,0.0,1
117,987b4118a9304f2f8193ab27a36b0489,1,uniform,[350],1,1.0,1
118,da630eb21dea4abe920e8253d4fd6a34,1,uniform,[350],0,0.13793103448275862,1
119,1cfc4441a86445fab7952656df2d64a0,1,uniform,[350],1,1.0,1
120,5cac964bb57446e39b0f58d6043c12d7,1,uniform,[350],1,1.0,1
121,30cbead889fc4c0783a1afd652cfb163,1,uniform,[350],0,0.8,1
122,d7eb4ea422a0440ab1a2ea0d9a313198,1,uniform,[350],0,0.0,1
123,c8c3c9f350c5469da18f367a6a250097,1,uniform,[350],0,0.0,0
124,b47d1c59552a453ba57c2121f029242d,1,uniform,[350],0,0.0,1
125,29b82a59344f4d38854c476a31827ba7,1,uniform,[350],0,0.0,0
126,9a0b3de216b6498699f9a1745ef51447,1,uniform,[350],1,1.0,1
127,f126e81901054b3ba5fb4ce920b1df38,1,uniform,[350],1,1.0,1
128,0a8eff0d1b134de888817e44d2e889b1,1,uniform,[350],0,0.0,1
129,054b7315353146d4b0ad624514005ef2,1,uniform,[350],0,0.0,1
130,f4ef4313787d49d7851ad2a6c66cf163,1,uniform,[350],0,0.5,1
131,e3602ad5a2864891955a696e59594e76,1,uniform,[350],1,1.0,1
132,2a9c56b5a5ae43b78f7f7d9dccdca491,1,uniform,[350],1,1.0,1
133,4fc9afe35d8c4cdf8115fe9faf6ac96a,1,uniform,[350],1,1.0,1
134,065ce886fe8c41088ba6b71c82ab6229,1,uniform,[350],0,0.0,1
135,928063d9906145b6b83392f5068efb4f,1,uniform,[350],0,0.0,0
136,455324ce37fa42c8af627f9f832cfb24,1,uniform,[350],0,0.0,0
137,1af7aafeb2e24d348d72b7559a2ce754,1,uniform,[350],0,0.25,1
138,c4c3e45a17884ef78442ed584e442741,1,uniform,[350],1,1.0,1
139,2e7792c3711b4a139cf99e7dec1b7e26,1,uniform,[350],0,0.8,1
140,8d3d4915ed104234bca2e7e8eb591d6e,1,uniform,[350],1,1.0,1
141,7876cd87c6e845f484f841d243a021a0,1,uniform,[350],0,0.25,1
142,faca8fa5d6724e3f95ea8550bbb1a3c8,1,uniform,[350],1,1.0,1
143,76c6e9ef00884f509bc625e25b15cc85,1,uniform,[350],1,1.0,1
144,0db9e6fa3f21435996d0bf1e3b3f8adb,1,uniform,[350],1,1.0,1
145,ca61917ae999408c84f855c26dc48c68,1,uniform,[350],1,1.0,0
146,c6d27c29d4774501b4f046af3bb83dfd,1,uniform,[350],0,0.0,0
147,8da0d6902cab4114b140672981c41ece,1,uniform,[350],0,0.0,1
148,d809c82de0cc41a391a8476fbedc4638,1,uniform,[350],1,1.0,1
149,6a9dae85ef8448b88947f67b7368cd84,1,uniform,[350],1,1.0,1
150,62ccc3554230408fb85b346dedaeffa9,1,uniform,[350],1,1.0,1
151,9724aa5ceb194973a23f99d088987015,1,uniform,[350],1,1.0,1
152,8c513011d82543469328cb90f190d67c,1,uniform,[350],0,0.0,0
153,352bbdac5d414a65a714e30a0fd97f42,1,uniform,[350],0,0.8,1
154,c46c0d1751554ccea747cb3825bdbe66,1,uniform,[350],0,0.0,0
155,1b99dffb92c14a838fdb91967645cbf0,1,uniform,[350],0,0.0,1
156,fe231269e136464c857e4cedaa8a523e,1,uniform,[350],1,1.0,0
157,b7ccf71e49054da2a836cbd7dcca51ae,1,uniform,[350],0,0.0,0
158,c5d1601dece84ce895260d42931118c3,1,uniform,[350],0,0.0,0
159,c6e9bca537a64d47a1f219d04aa484cf,1,uniform,[350],0,0.0,0
160,19174950ad6b4759929f41cb2aa6b979,1,uniform,[350],0,0.0,0
161,08e1f398fc554a2b9cc745c89b8ddd1c,1,uniform,[350],0,0.0,1
162,4e8ac0b2d2c448099dea09b0b88032b6,1,uniform,[350],0,0.8571428571428571,1
163,ba68aac128784f47a20eafdb4fa84627,1,uniform,[350],1,1.0,1
164,9b6a4b25c0cf41d89f69fab7e636d836,1,uniform,[350],1,1.0,1
165,851dc215cd4f478ea5bc5be433bb650b,1,uniform,[350],0,0.32,1
166,73df4341944b4832a7110492fec95939,1,uniform,[350],1,1.0,1
167,82498b7e764c4a77ae54de9e49a211ce,1,uniform,[350],0,0.5,1
168,d12c3c9ff7254b76a83a3c702e0f1411,1,uniform,[350],1,1.0,1
169,9b5c249c46644e04a2d28d98bac5f951,1,uniform,[350],0,0.0,0
170,b31c60bda086454a900948cde75eb053,1,uniform,[350],1,1.0,1
171,68ea789496074f56878ceddf5f0bb6c0,1,uniform,[350],0,0.0,0
172,2fbb04100c444abda7f972b3c7ca55b9,1,uniform,[350],0,0.7142857142857143,1
173,ff83ee0ffed94025b218bc5444b14880,1,uniform,[350],0,0.0,0
174,811443af769846bd88db9031899cf838,1,uniform,[350],0,0.0,1
175,2737e76f68ed4c889e75300d5d707fbb,1,uniform,[350],0,0.18181818181818182,1
176,5c48b89357aa48fd8a1aafaeabe73c4c,1,uniform,[350],0,0.9333333333333333,1
177,57b5639ab5b441d9956c8bb4d17cf3e2,1,uniform,[350],1,1.0,1
178,b7f2e1ae39b54396b93b90189b8ef3da,1,uniform,[350],0,0.0,1
179,ed32ea00d52a492b93ce00ce06b93f4a,1,uniform,[350],1,1.0,1
180,45e285d6497d478b835ec6f97fe0edb8,1,uniform,[350],1,1.0,1
181,287086d87ca540629ea9a5d1f3e42827,1,uniform,[350],0,0.0,0
182,66671cea0dee4e95ace4c4ccbdcc094b,1,uniform,[350],0,0.0,0
183,1c3202898a2340d8b9ee33b3d2feb483,1,uniform,[350],1,1.0,1
184,b91f7ce859194bf3a952f9948618cfaf,1,uniform,[350],0,0.0,0
185,8da9a487491d4861815c860882b46f1b,1,uniform,[350],1,1.0,1
186,b0bc5b996f8c43a4a27f7a0a92100227,1,uniform,[350],0,0.0,0
187,b3d3a7f3fd00419c896e03a2dd70c2eb,1,uniform,[350],0,0.0,0
188,9723fcbfda3b41f1a2928a72b5614b05,1,uniform,[350],0,0.0,0
189,354948edd4c94ed49d3c744a8213b0e4,1,uniform,[350],0,0.0,0
190,06ad4f09434a47e7a9563d96bde0e71f,1,uniform,[350],0,0.7804878048780487,1
191,9ed3661a6d2945fbb92425ece8bc177e,1,uniform,[350],0,0.0,0
192,ef60d03b67d34a1190d04693fee8767f,1,uniform,[350],0,0.0,0
193,63fc6e7a70aa4d60a8cab579a90afb9e,1,uniform,[350],0,0.0,1
194,8c780963994f44c7835580cb22bc2fdc,1,uniform,[350],0,0.3636363636363636,1
195,60f332bc68e64d8680e179e359b0d6fa,1,uniform,[350],1,1.0,1
196,69e712f057644faf86a9688a85a2deee,1,uniform,[350],1,1.0,1
197,1a4a586dd10143f3a68247ae4c535713,1,uniform,[350],1,1.0,1
198,ba52569b388b4b339129a0277c7eb2e8,1,uniform,[350],1,1.0,1
199,a5c81a5e5d3c42d089cd98f0b556de2f,1,uniform,[350],0,0.0,0
200,0af880e8558a4fc3afbc9a8a25d081fd,1,uniform,[350],0,0.4,1
201,073515a682484ceaac87a83d1ab38a06,1,uniform,[350],0,0.23529411764705885,1
202,36ab12ff07cf46ed9af03891964f20de,1,uniform,[350],0,0.0,1
203,b189954307e7414b9d81ad99c7b730bf,1,uniform,[350],0,0.24,1
204,37c0ef1f9eb3412594ff30f21611b882,1,uniform,[350],0,0.0,0
205,dc27c4c56b014020bd9e8a799860b06e,1,uniform,[350],1,1.0,1
206,aa9da743626a453780aaaf56e7816508,1,uniform,[350],0,0.0,0
207,5b94852dff984b19bf8264cd8bc1caa3,1,uniform,[350],1,1.0,1
208,980522a80742433e96b144a86fd2ddce,1,uniform,[350],0,0.0,0
209,c5fc7fc4522b43b7a0802acbd3963efd,1,uniform,[350],1,1.0,1
210,7374f521a2854922b8f6f8890ecda23d,1,uniform,[350],0,0.32,1
211,29cd58ae62e94dc4b7315ce4b50010ef,1,uniform,[350],0,0.5,1
212,5fcc6fb126e14d65ba4d0d86bb28a8be,1,uniform,[350],0,0.0,1
213,2b41e95bcc554f69b8d594bc3d05bf1a,1,uniform,[350],0,0.07142857142857142,1
214,8ae5ae5b607b4dbc86f7da5147a095c7,1,uniform,[350],0,0.0,0
215,fc7d87cd43814b8db5d9bcc43cba1da3,1,uniform,[350],1,1.0,1
216,0338d7711b1646d6be2b815c279cff54,1,uniform,[350],0,0.0,1
217,dcb53cda7e6144fca04963ac7581bcdd,1,uniform,[350],0,0.0,1
218,ecccb9b15eb3413d8f3a5ad8d8983716,1,uniform,[350],0,0.0,0
219,fa3b764edd7a4c44be5b8921112e8bf6,1,uniform,[350],0,0.0,0
220,493624c8263b40ec97c127e45b45d5c1,1,uniform,[350],0,0.0,0
221,ebee9fdad5b64bab83267a364ea4d10b,1,uniform,[350],0,0.5714285714285715,1
222,1fd96469f9a24b37814917f25f8060f2,1,uniform,[350],1,1.0,0
223,f97696deb9704d2f8ae5834f9fcdd88c,1,uniform,[350],0,0.4,1
224,da54c67b92b74a2c91d2227d09a41438,1,uniform,[350],0,0.0,1
225,1416c66b2eb543aea04972d5780b31d6,1,uniform,[350],0,0.0,0
226,ec0a4212a5df47f682fbba53188e7af8,1,uniform,[350],0,0.0,0
227,856b14030ac342bb979ca5091377cff0,1,uniform,[350],0,0.0,0
228,58c9a110235b4879950e679babb53318,1,uniform,[350],0,0.6666666666666666,1
229,eff7102be794409081a5e3b3ef3c9518,1,uniform,[350],0,0.05263157894736842,1
230,99331d54ed084ccf98837531ede526e3,1,uniform,[350],1,1.0,0
231,400ab40069334ea6a12b1085941a9880,1,uniform,[350],1,1.0,1
232,9f1d761a46c64578849ff7408c6351b2,1,uniform,[350],0,0.25,1
233,241f5227a1124be591341cf33b2ecb2f,1,uniform,[350],0,0.8571428571428571,1
234,4f05dc53dcc24ed1a59fdd5d950966d0,1,uniform,[350],0,0.14285714285714288,0
235,e1dac33266d048c89894eab0b0dc1c2a,1,uniform,[350],0,0.0,1
236,ce3ecd44941f4597ae927b61841b860a,1,uniform,[350],0,0.0,0
237,d031593cc6f142f6bba7e64ea9224dea,1,uniform,[350],1,1.0,1
238,5b5d465a7ab2427485a00f3638543996,1,uniform,[350],1,1.0,1
239,53fe1484646648969f42e40f550ab7ef,1,uniform,[350],0,0.6666666666666666,1
240,d86c4a3e9c944a5595ffd076817380c9,1,uniform,[350],0,0.0,0
241,d847d59c18884a8eaddd5fc55d047799,1,uniform,[350],0,0.0,1
242,b5e7dc56ca2e4d68bc9b59696bca7f75,1,uniform,[350],0,0.1904761904761905,1
243,bd356a60992b44f7840f99ffc390382c,1,uniform,[350],1,1.0,1
244,f8c03f10b27045d89e068c461ea3d69c,1,uniform,[350],0,0.0,1
245,f57595f77502405fbe6baf093d8baea0,1,uniform,[350],1,1.0,1
246,a697c765c3e74e0cb48088ea3ecdcdb1,1,uniform,[350],0,0.6666666666666666,1
247,57e62137793b4537bb7eb95d44481eb3,1,uniform,[350],0,0.0,1
248,7cb53bae73d64900a63fde04f93eceea,1,uniform,[350],0,0.0,0
249,a8ff7b13f4b943d89f09cf03cbde580a,1,uniform,[350],0,0.0,0
250,547765c1158b4a5a8100d6a300aa88b1,1,uniform,[350],1,1.0,1
251,31d748672420422aa724d2b6db6b1d18,1,uniform,[350],0,0.8,1
252,f8542bff725c4264aaf360ad929a1807,1,uniform,[350],0,0.0,0
253,0d56e8c7e4b6449696113a82ec0da19e,1,uniform,[350],0,0.5454545454545454,1
254,0ad40f362389498382471e1f6171f996,1,uniform,[350],0,0.5,1
255,9adfdf882a9a4f8bb69b96506ce7471c,1,uniform,[350],1,1.0,1
256,63b89182644f454c92026c4ca6747140,1,uniform,[350],0,0.0,0
257,62c441cc36584729bc6608d4f56ca4d6,1,uniform,[350],0,0.0,1
258,480a34c34b094ac6b071bc658c0da810,1,uniform,[350],0,0.15384615384615385,0
259,db571ac79d34404b9a59b62c7fd38c56,1,uniform,[350],0,0.0,1
260,9e3b57d9763d4f1da04cc784d5944be2,1,uniform,[350],0,0.0,0
261,7594504b380443f6920beb03b1379bd7,1,uniform,[350],0,0.6666666666666666,1
262,d0a7880cce6f4bce95aaaf322c41355f,1,uniform,[350],0,0.16666666666666669,1
263,bdc7cf3241594e52a3164b489f50370d,1,uniform,[350],1,1.0,1
264,d5500a7bfa4d4b1683dc90808707e306,1,uniform,[350],1,1.0,1
265,8bf4e9d3157446bd95bbea12227c100b,1,uniform,[350],0,0.5,1
266,487cd2a2f5ee49bb96d33d0d56ea6a2b,1,uniform,[350],1,1.0,1
267,8fcc1e39bba146a08300eef42c641e71,1,uniform,[350],0,0.0,0
268,383db81acf1f476d8aa21be94cc9daa7,1,uniform,[350],1,1.0,1
269,3ded2ac8aff04250896711bfc070cd39,1,uniform,[350],0,0.0,0
270,fcccb4baf6314a589f6725cf1dc37979,1,uniform,[350],0,0.3333333333333333,0
271,3365b3e46e9240dca893042f6f34486f,1,uniform,[350],0,0.0,1
272,7f764f3b545744048cf82108c4bb5157,1,uniform,[350],0,0.22222222222222224,0
273,ad0e4b1a103d400f9ef4dd6827e215b9,1,uniform,[350],0,0.0,0
274,198f769edd5c4bd7b829ffeaa6d595c1,1,uniform,[350],0,0.0,1
275,e296d418c6614640b45afe738e0fe7ce,1,uniform,[350],0,0.2857142857142857,1
276,489edeed2f20435b9fc8ab429d160239,1,uniform,[350],0,0.0,1
277,b39eac495217430ebe3cfb37878882ee,1,uniform,[350],0,0.0,1
278,e772ff7304f54b78a3280763cf427221,1,uniform,[350],0,0.0,0
279,d16db94dc08840cb930ce9cf59151bef,1,uniform,[350],1,1.0,1
280,92100c8dcef141f69ab22ef3ad13d9d5,1,uniform,[350],1,1.0,1
281,11452fbd4fdb40d8bd8f10d24a8087e2,1,uniform,[350],0,0.0,0
282,3b8f128366fb4a669715a4b6cfc166cd,1,uniform,[350],0,0.05128205128205128,0
283,3dd9a7133b594635ac914a6abccf0e46,1,uniform,[350],1,1.0,1
284,f2f07af9f9874dc992ca32c22063ffd4,1,uniform,[350],0,0.0,1
285,5ff5d8f1083b442cbf759f1980f8cd15,1,uniform,[350],0,0.0,0
286,8047bb5d810b4c2f967c45b876ff4bb8,1,uniform,[350],1,1.0,1
287,1e7aa41fe6ff4d048cf6c314eaae526a,1,uniform,[350],0,0.0,0
288,32e5e53144904525bdd91c2346ecdc21,1,uniform,[350],1,1.0,1
289,3645db7e841f4242ae0b3be674e8bc8a,1,uniform,[350],0,0.4,1
290,b344f9c87e2d4e5498338ea56023892c,1,uniform,[350],0,0.8,1
291,cae1c72a196e41c0919e17bc003a3a5f,1,uniform,[350],0,0.0,0
292,d21a2587e9e64ae08a9243d3f950521b,1,uniform,[350],0,0.0,0
293,f8657886cea34216b10630e96b7a2932,1,uniform,[350],0,0.15384615384615385,1
294,14c07142ff80440483ee9fdc0f2d8b06,1,uniform,[350],0,0.0,1
295,c1028f19198147868af85aa60943519d,1,uniform,[350],0,0.0,0
296,c5e69a8c19ec4fadb153de7ed8d06b9f,1,uniform,[350],0,0.6666666666666666,1
297,b476d07cc2e747d0bad28a795661540d,1,uniform,[350],0,0.0,0
298,ce3ef968a0704a3fa36f7f605ed0031a,1,uniform,[350],0,0.0,0
299,5d6dc2b279594850a8ffce1f1b7892aa,1,uniform,[350],0,0.6666666666666666,1
300,74518b730d2941859c8fc206f74de46a,1,uniform,[350],0,0.3333333333333333,0
301,679586e746bf437fb4372790a38aaa81,1,uniform,[350],0,0.0,1
302,5aaeceef16f34275b07bef56b93edddc,1,uniform,[350],0,0.0,1
303,cf3bbf5197224180b1a20f44bba8ff58,1,uniform,[350],1,1.0,1
304,77581c9e1c504eb6a88f1cc8693a1f7b,1,uniform,[350],1,1.0,1
305,57c251b6218b4c1094f9dfb9f53f2a21,1,uniform,[350],0,0.0,1
306,786e56a75654431f8335c0a57f0e3d3e,1,uniform,[350],1,1.0,1
307,e3ece1d381234fa9a9402f702b38c5b5,1,uniform,[350],0,0.5714285714285715,1
308,f5627bd7cf9545e78204161253ca2e8e,1,uniform,[350],0,0.8571428571428571,1
309,4f1dcb1b8e9745ddb92444ccacb4b1b8,1,uniform,[350],0,0.6666666666666666,1
310,98bbd1deff4143b780e5d123925bdbee,1,uniform,[350],0,0.0,1
311,f510e4b92495473db9b86dd2d5b6eb18,1,uniform,[350],1,1.0,1
312,7baaa5545ac44114b79c5420d561d85e,1,uniform,[350],0,0.6666666666666666,0
313,143a0df7e66a473ba5804b1c75f56c86,1,uniform,[350],0,0.0,0
314,bd0f2b0fc40146edb228ac6be2fd9e5a,1,uniform,[350],0,0.3333333333333333,1
315,06bff66d3af04edd808a81c4b0a106a7,1,uniform,[350],1,1.0,1
316,cbb5d9c625b74ae1b3426d2a185549c4,1,uniform,[350],0,0.0,0
317,3bb0f77a9cbc44fab12fdc8005e69f91,1,uniform,[350],0,0.0,0
318,5f24d26d866b410da298cec18f321605,1,uniform,[350],0,0.4,1
319,e6bd79cae1cb472c990b5226f2a87152,1,uniform,[350],0,0.33333333333333337,1
320,e111ffbe05e4468c85bfaeceec2ea821,1,uniform,[350],0,0.0,1
321,8caeb3cde3074e66af2795f258908f69,1,uniform,[350],1,1.0,1
322,f8b5c43adc974d82aaab3f81649ca754,1,uniform,[350],1,1.0,1
323,574519a5dbfc4727bd68c1f4f0ad92b0,1,uniform,[350],1,1.0,1
324,842b90f71d4142229534788a21189892,1,uniform,[350],1,1.0,1
325,09a4f669c3ce4432954d3b5348ffde56,1,uniform,[350],0,0.2222222222222222,1
326,b2a92b434a344e49b3a6911bfd86e98f,1,uniform,[350],0,0.9090909090909091,1
327,6029989106ef4c32bc7eb342670dc8c1,1,uniform,[350],0,0.125,1
328,e412730b37274c11bad105b38ed9e196,1,uniform,[350],0,0.5,1
329,c5c6d814143a4f1eb7cc7546d9654173,1,uniform,[350],1,1.0,1
330,0633af8dabeb4925bf0fb0110cc54247,1,uniform,[350],0,0.13333333333333333,1
331,044418fd6fd646ec89a54a7013712c9d,1,uniform,[350],0,0.923076923076923,1
332,8b9a2f29b35b41e38cb94347237d59d7,1,uniform,[350],1,1.0,1
333,26782a326a394d688dda2441308bf00a,1,uniform,[350],0,0.0,1
334,f9bf09905dc249e69f69c4db9b323d0f,1,uniform,[350],1,1.0,1
335,07f2d15033cf4fb6916bed5d56dcb8f5,1,uniform,[350],0,0.8181818181818181,1
336,a045cbc6199c4b9e8dbb8545febda365,1,uniform,[350],0,0.0,0
337,af446346d828479ca02c375ec2973773,1,uniform,[350],0,0.0,0
338,8447a26148c9454da18385e3d9fa4a3c,1,uniform,[350],0,0.0,0
339,2a7071c8d8c74dac901956228d59fdfb,1,uniform,[350],0,0.0,0
340,55bc45f2e63149869e4d0e52da6cb421,1,uniform,[350],0,0.8,1
341,bb2c93be295348eb933e57a16325af76,1,uniform,[350],1,1.0,1
342,cff18af0aed84c39ab0d156de7f507f8,1,uniform,[350],1,1.0,1
343,423f76b5864047f480599c7946546eb1,1,uniform,[350],0,0.0,0
344,0754e951855e46df80b0269253e4acf7,1,uniform,[350],0,0.0,0
345,5bdc71bbfc6e4934aa337ab24559eb6c,1,uniform,[350],0,0.0,0
346,b71eed014a8c4e51ba0bb48aeb1939ae,1,uniform,[350],1,1.0,1
347,d09f358431284dea95dec8e61590dbf4,1,uniform,[350],0,0.0,1
348,5bbab85f5ac243a9b98914f8c7af6eb4,1,uniform,[350],0,0.0,0
349,18cc95b228434b23a3969ac0d65687fa,1,uniform,[350],0,0.0,0
350,b322fdc7819546138582ebc07e8aa7a8,1,uniform,[350],1,1.0,1
351,f955cb3e7bda4a93a867b361b7b96327,1,uniform,[350],0,0.4,1
352,62e9113dcca84b61af8304429b1570da,1,uniform,[350],0,0.0,0
353,f3fc1b6ee3b24e47856d9fe7730350a2,1,uniform,[350],0,0.08333333333333333,0
354,8f0cfcb0d46d43eeb6c7ee04cd29c027,1,uniform,[350],0,0.0,1
355,82eb7d4504834ceabad83742c2d0ab5c,1,uniform,[350],1,1.0,1
356,bf16d51b5b9540ec83fba053bc26a8a9,1,uniform,[350],0,0.11111111111111112,1
357,e62ce90267b149f7a65dc0901c614317,1,uniform,[350],1,1.0,1
358,8e376a7767224f8381c8ee661c43ad16,1,uniform,[350],0,0.4,1
359,435fd88dd9034cf1bd211e03bab2bed5,1,uniform,[350],1,1.0,1
360,109740b4edfa49c5961632436d1df48c,1,uniform,[350],1,1.0,1
361,a4c31c16dd1a4cf493b8c20500a88539,1,uniform,[350],1,1.0,1
362,721498d8723844d5b1ab0d15eb8e7699,1,uniform,[350],0,0.0,0
363,1699130630f2472cacfcbfe214d40416,1,uniform,[350],0,0.0,0
364,cceb8fa1b2a84757932a6f7ae86b3653,1,uniform,[350],1,1.0,1
365,147cef44c6e64257a962d7ed7e7df893,1,uniform,[350],0,0.0,0
366,afdf5764dddf4d858cff8be47f91fba7,1,uniform,[350],1,1.0,1
367,77dc5fcd3f654630a9a8ec90c9375b45,1,uniform,[350],0,0.0,0
368,3a33ecb066b9443e85b68c446f45b287,1,uniform,[350],0,0.6666666666666666,1
369,43204be4d77d421990db36f2d9951e63,1,uniform,[350],1,1.0,1
370,4c961dd89b054526b342c921486477a6,1,uniform,[350],0,0.0,1
371,89b7733b0a994df7b4250953ccff9c24,1,uniform,[350],0,0.21052631578947367,1
372,8b627a95012d4f65a70aff1249d43d64,1,uniform,[350],0,0.8,1
373,b99c50bfd5f849afb601bd8ac95b0bf4,1,uniform,[350],1,1.0,1
374,ff383ab32c9942908db5946a8fe654d3,1,uniform,[350],0,0.0,0
375,89abc7236e6941ee88a263d88d6d299a,1,uniform,[350],1,1.0,1
376,fadd2528784f4a9fa3b391626e69ffc0,1,uniform,[350],0,0.0,0
377,1958d14b7db54bffbbdd57e3677c08e7,1,uniform,[350],1,1.0,1
378,9966c7735a6649d88366224ff6552c68,1,uniform,[350],0,0.0,0
379,2818d5e47a844bc9831496e2f587a803,1,uniform,[350],0,0.4,1
380,74f114ab49744e608eafab899371d913,1,uniform,[350],0,0.0,1
381,f724593e7f4842569187dae70a2560d9,1,uniform,[350],0,0.0,1
382,3e46e0220a18483fb0fd448bcc36815e,1,uniform,[350],1,1.0,1
383,ec9dedf313ba4f90883a2b01909553b3,1,uniform,[350],1,1.0,1
384,2e9b048c06dc45be97da6116056f74f6,1,uniform,[350],0,0.0,1
385,efc438e4fd18417daa0e662499fbe956,1,uniform,[350],0,0.0,0
386,33313f986ec740f3b824bc3accb9111e,1,uniform,[350],0,0.5,1
387,8eacd2be836f472a83d7008f33ed8506,1,uniform,[350],0,0.0,1
388,6cb904d598ce4f7ebb4e4283a24a2f63,1,uniform,[350],1,1.0,1
389,194bd503229c46c3b308896e770e1eb1,1,uniform,[350],1,1.0,1
390,0c1c6f6b44e3466eac1a68dadefd06ab,1,uniform,[350],0,0.0,1
391,c5559fa0b9a0438a9b843d4207061a3d,1,uniform,[350],1,1.0,1
392,a168c89e395546be9605e969f682e554,1,uniform,[350],0,0.0,1
393,849240180c584f71bc56c0c92c5df5fd,1,uniform,[350],0,0.0,0
394,d69a7141ec1c4110ac124dd58d19b8b4,1,uniform,[350],0,0.03703703703703704,0
395,d94300f7464c401db93e557fec221320,1,uniform,[350],0,0.4,0
396,fa44913cfa244faa88e773dcc3045012,1,uniform,[350],0,0.0,1
397,e98ac3de59a646c69b6eb17d3e3a4d0d,1,uniform,[350],0,0.0,0
398,d745bee67227422b824140f2734b0621,1,uniform,[350],0,0.0,0
399,25eec8384d9d45b8b75affcc9f164be3,1,uniform,[350],0,0.1111111111111111,1
400,912cb6aecbec4dc2b44ee22a076c3e2a,1,uniform,[350],0,0.0,0
401,f523ba87f5714a108e9bae698f676063,1,uniform,[350],0,0.7499999999999999,1
402,3f28f7be13ad43cda7681b7fa874843c,1,uniform,[350],1,1.0,1
403,51ff7cdf97074a07862234487477ef4a,1,uniform,[350],0,0.7499999999999999,1
404,6e1780414deb4cf9b49568f07b3bdc26,1,uniform,[350],0,0.0,0
405,f61206d61cf94401b8fbb566b0b67ec7,1,uniform,[350],0,0.0,1
406,12859cbba89f494b98e6b7be8b4c88ff,1,uniform,[350],0,0.0,0
407,1e326f32613a417fb55b23337862c62b,1,uniform,[350],1,1.0,1
408,4ff0076b7fe74648806429e78621f265,1,uniform,[350],0,0.0,0
409,531b64eef1bd44568360b3ab40da40da,1,uniform,[350],0,0.0,0
410,ef15b705b7c54e77b276f22c804ce15d,1,uniform,[350],0,0.6666666666666666,1
411,bf9d67fa8b3849ceb410c4dfd7947e5f,1,uniform,[350],0,0.0,0
412,8b256cf4c08f4507b8b2f96d7289b585,1,uniform,[350],0,0.09523809523809525,1
413,ab65135d9fc94f16a97555b6b3c54832,1,uniform,[350],0,0.0,1
414,21c894485b7a4cb0b66313dd1802a3c2,1,uniform,[350],0,0.0,1
415,23f3abb43b8f4f74bffb018bb3943125,1,uniform,[350],0,0.0,1
416,cdec7a0d975642d38b3b2d449bffc3e8,1,uniform,[350],0,0.0,0
417,803441a3a59d42b293810212bf2d6ced,1,uniform,[350],1,1.0,1
418,738dc2a651c7477abe2efc0e5547054a,1,uniform,[350],1,1.0,1
419,2fcf533dede444f2a0296b3bf112e0bd,1,uniform,[350],1,1.0,1
420,a1747749a3904c53b124b17ba86b1df6,1,uniform,[350],0,0.42857142857142855,1
421,95a04d9fc49441cd901191b2390f05cd,1,uniform,[350],0,0.5,1
422,1a82de30a1e546bbaf099a05d79a6230,1,uniform,[350],0,0.5,1
423,bc20c452e45644e4beb92b0f35859105,1,uniform,[350],1,1.0,1
424,1f2ee8a4ce5d448e8ed30e7ca27b2b32,1,uniform,[350],0,0.0,1
425,3f1a03dd30304609a4e646069b0deffd,1,uniform,[350],0,0.0,0
426,a256f8f1dbd644c98a3bc79d072405fc,1,uniform,[350],1,1.0,1
427,35d000cd64d14585bd474322dc4f4f70,1,uniform,[350],0,0.6,1
428,7e9ac1c4bf0845eab105c8b1b9265db2,1,uniform,[350],0,0.0,0
429,652962af37ce4c5799789678fa661553,1,uniform,[350],0,0.39999999999999997,1
430,f5894ccfbf314a63baaca983e208a43b,1,uniform,[350],1,1.0,1
431,8a3561154a454ca597d3a9a636a95a93,1,uniform,[350],0,0.2285714285714286,1
432,6fe2385a3a1f4e7c8b1982cad82c939d,1,uniform,[350],0,0.8571428571428571,1
433,6f8f3d49dd8845de8307ad2d9fabf269,1,uniform,[350],1,1.0,1
434,a36a9969dee14e6f90fc1785e4d8151a,1,uniform,[350],1,1.0,1
435,1d1a6ab35fe14fdd8bbe88f884d82ce6,1,uniform,[350],0,0.0909090909090909,1
436,fb776aaae451464692b974373b39e4c5,1,uniform,[350],1,1.0,1
437,6616d9ae236f46acb990d2a879bf346f,1,uniform,[350],1,1.0,1
438,374bacece7a6435484e32852ba73f4a8,1,uniform,[350],0,0.6666666666666666,1
439,527a875dd5504c12b1e26cec3ff31fb6,1,uniform,[350],0,0.5,1
440,3b6bbfa360e14c8ea4997b82981bf6f7,1,uniform,[350],1,1.0,1
441,4f66952eeb534a109a11044fcfecf033,1,uniform,[350],0,0.0,0
442,dcd06efd15d8483f9ae99008aae4b8e6,1,uniform,[350],0,0.6666666666666666,1
443,c452c1a025c44bdab1694894c2799e64,1,uniform,[350],0,0.0,1
444,2efef198621244dc8f660e49bcb0b54e,1,uniform,[350],1,1.0,1
445,0b9b15aa02b54f8e82a61c149799963b,1,uniform,[350],0,0.25,1
446,a77bad2720ec43aba758a5c99624b6c3,1,uniform,[350],0,0.7499999999999999,1
447,42c9c8fe7ee843dbbe578fdc4dbba39a,1,uniform,[350],0,0.2857142857142857,1
448,500e35b80a13424c8eb9c6e6a0b9af15,1,uniform,[350],0,0.0,1
449,490da89fb4c743858167b5b75af14ddd,1,uniform,[350],0,0.0,1
450,03905a27a5b841e59153c2e3de3c99f4,1,uniform,[350],0,0.0,0
451,bb334d8819054ded95d25bd214397832,1,uniform,[350],0,0.0,1
452,ccf8e9a161124b058363c911f27cc4bf,1,uniform,[350],0,0.6666666666666666,1
453,d83d3eda31c14835877587e71ae8f858,1,uniform,[350],1,1.0,1
454,4b7de03eac3642c5aad653d3fe1600dc,1,uniform,[350],0,0.0,1
455,574737b3f4284419a8e2bcf43167e253,1,uniform,[350],0,0.6666666666666666,1
456,4e8d8610abde45809ece08144c48d9e7,1,uniform,[350],0,0.6666666666666666,1
457,80f8912075b14d1a91b62f0c2d06ca84,1,uniform,[350],1,1.0,1
458,6401157d496747a092bf97a5f430d281,1,uniform,[350],0,0.2857142857142857,1
459,614b047fc1144246af208be2a508d5ce,1,uniform,[350],0,0.0,0
460,0dfeb9e7d43747bcac4e5ac700caec79,1,uniform,[350],1,1.0,1
461,edb3d5b64911443798e8e83b07ae5b99,1,uniform,[350],0,0.0,1
462,d54a2fd059b54e2d80b503109524db0a,1,uniform,[350],1,1.0,1
463,c564493e2442402ebb6d4a5af51f7c25,1,uniform,[350],0,0.5454545454545454,1
464,b32d5172d0b3451b83352d24deab59e6,1,uniform,[350],0,0.0,1
465,19d523d3a0824aed8cc62eed5e24f1e4,1,uniform,[350],1,1.0,1
466,4cff857ac2f74c6094f26f596ba0cb1f,1,uniform,[350],1,1.0,1
467,af77d75481ae4b0391017dfd394050f4,1,uniform,[350],0,0.0,1
468,2784aee1dd324e3f8945b73963b7785f,1,uniform,[350],1,1.0,1
469,d89807b1fdda40c2bebb55edf64c3938,1,uniform,[350],0,0.6,1
470,af5369c41cba4379978174fe353ddff6,1,uniform,[350],1,1.0,1
471,6bf1ecc9589d4447b31afde347505919,1,uniform,[350],0,0.0,0
472,ba2b3c2aeb464d8f8a949fc75944bcbd,1,uniform,[350],1,1.0,1
473,112542d377134435a5e6e79b2e9a5c1a,1,uniform,[350],0,0.0,1
474,80a9457351e14111aaf3fb84d3528092,1,uniform,[350],1,1.0,1
475,f2894e10d02a42c2b91b26caefadfbc9,1,uniform,[350],1,1.0,1
476,daccc4268b874f63a33873b7171ba8ff,1,uniform,[350],0,0.0,1
477,540ee9edf9fd4bfc981390d172704bbc,1,uniform,[350],0,0.0,1
478,116602c25c3e4b33b7a5a111f9174cbe,1,uniform,[350],0,0.0,0
479,66225a9def6a45ddaac68462170b34b7,1,uniform,[350],0,0.0,0
480,b75b64ca513e4ae3be64ff5d71a9b652,1,uniform,[350],0,0.0,0
481,1aa0b7493d9b47bbb4625d39922576b6,1,uniform,[350],0,0.0,0
482,ce867b37ae1d4bc6b35988966e721575,1,uniform,[350],1,1.0,1
483,ab351f57bcf34ad6a535ed69e1eed04b,1,uniform,[350],0,0.0,1
484,f8d21ecd07db4b0888ea7c2c91f9135c,1,uniform,[350],0,0.0,0
485,66ccd850630b4a069b80af81f0d8fa0c,1,uniform,[350],1,1.0,1
486,fccd16a6079343e5ad862a07f82e3f42,1,uniform,[350],0,0.888888888888889,1
487,5372bffd269e45f5b80bfa12e294af8f,1,uniform,[350],1,1.0,1
488,1e52126edb5a499381fb1f064dd4377c,1,uniform,[350],0,0.0,0
489,ddf8070fbf124b54bfdca93791ef2056,1,uniform,[350],0,0.0,1
490,ec552a3b81734f36ae2a031fc34b7519,1,uniform,[350],0,0.7272727272727272,1
491,23d1c9c515f3417ab70aba3c3bc43ec8,1,uniform,[350],0,0.0,1
492,af91062c61d0431fa90edb3cffc48da0,1,uniform,[350],1,1.0,1
493,9a9db144769c4ce29c4cdb431d756043,1,uniform,[350],0,0.0,0
494,3e4038716e3948b4b94243cad4cbfd1e,1,uniform,[350],0,0.0,0
495,dab26af5192549f1a07bed7fa63bf47e,1,uniform,[350],0,0.0,0
496,d58a27153bc74f08bfa857c4a80b1c90,1,uniform,[350],0,0.0,1
497,dd5a9212340046e2a340103c45fd7f17,1,uniform,[350],0,0.8,0
498,8b0fb3b8cfee4daba5b93311dbe5c5b5,1,uniform,[350],1,1.0,1
499,822d82601bda4b509b180096346c1885,1,uniform,[350],0,0.0,0
500,cff10f8297c64447bf388d45ed577e95,1,uniform,[350],1,1.0,1
501,ecb8eb62bc3d4ae280ea3151211089a3,1,uniform,[350],1,1.0,1
502,787d235e4c2b4d89b4d9aebff5779cf6,1,uniform,[350],0,0.0,0
503,bfb2c3311c5d45789500d104b3965147,1,uniform,[350],0,0.0,1
504,c754c326486641409687edae575f81ee,1,uniform,[350],0,0.0,1
505,fe0d714e8be546d994f3469fbc3bd068,1,uniform,[350],1,1.0,1
506,cac7bd69b3e546a8aeccaeabc394f172,1,uniform,[350],1,1.0,1
507,8a6ced88638f4bf68c6bb3d7a979d48e,1,uniform,[350],0,0.5714285714285715,1
508,9186ab50536b4241b5033a6f1bfa8c9b,1,uniform,[350],1,1.0,1
509,4166369ecf494ae998597cee8f2be647,1,uniform,[350],0,0.11764705882352941,1
510,78112e7810214d80b8fab5fa51c61200,1,uniform,[350],0,0.0,0
511,38ec897108f245b19aeba0e93e304360,1,uniform,[350],1,1.0,1
512,b26cac2e25c243dd93e2ac30801d55c9,1,uniform,[350],0,0.4,1
513,dda0f54af5084a31a2746f72210b0bd4,1,uniform,[350],0,0.20689655172413793,1
514,8444096a84e9455287180d0b1a928142,1,uniform,[350],1,1.0,1
515,22f46485365f4209a992b2f67feb0440,1,uniform,[350],0,0.5,1
516,de36cde140ee4ceda620f1518dd104bc,1,uniform,[350],1,1.0,1
517,08183378ccb3472d903fd95b3b82e132,1,uniform,[350],0,0.2857142857142857,1
518,cb08cc75e99a4ec9807321f51dd40566,1,uniform,[350],0,0.0,0
519,1667240d3dd740ffa3c317106730a441,1,uniform,[350],0,0.0,0
520,b1de8025e01448dcabb96c7e5fab0186,1,uniform,[350],0,0.0,0
521,4c3cfd857b01453f9d193ba70e0f2257,1,uniform,[350],1,1.0,1
522,bcdd509239274509afc8ae77cb5df604,1,uniform,[350],0,0.5,1
523,f7776c027aca468e87d60716cfe3c1c3,1,uniform,[350],0,0.6666666666666666,1
524,2242d2a664df4bf1967d3689e8b069d0,1,uniform,[350],1,1.0,1
525,420222ccc3794c10a9750e897a4532e0,1,uniform,[350],0,0.0,0
526,fe94d55d37024a71afeebcce19c9779c,1,uniform,[350],0,0.0,0
527,16083c1098654497a127f77ea191c127,1,uniform,[350],0,0.0,0
528,427c5359e1bd4e2ca065c379a9c5d227,1,uniform,[350],0,0.8,1
529,6b25cbff83ef403ba7c2ee3b03a1d8be,1,uniform,[350],0,0.0,0
530,d23a30ecc5b8469c8e6324ff5d42409b,1,uniform,[350],1,1.0,1
531,c4eb8e9e88a64fa49128ad4e99776c91,1,uniform,[350],0,0.10810810810810811,1
532,0e497d4f0b4642248a1e1e4b25960ce0,1,uniform,[350],1,1.0,1
533,02a006ec43e94d8a8fec1ab448fa5e00,1,uniform,[350],0,0.4,1
534,6bdd81ddfa4d41f9a8dac2c1ce206945,1,uniform,[350],0,0.0,0
535,bd35d7a651974bb181849a4486692264,1,uniform,[350],1,1.0,1
536,7992ef8a5e8f4d9da5a3f75f157136a0,1,uniform,[350],0,0.0,1
537,10e96facf13e4091ba5c8cee71226ff0,1,uniform,[350],1,1.0,1
538,e854d8deb6cf4af4ac58d44cb3c027c3,1,uniform,[350],1,1.0,1
539,80109609b1f24dc0859af11d2bf33ca9,1,uniform,[350],1,1.0,1
540,1cc25c3729ab4627a29f3f11172af372,1,uniform,[350],1,1.0,1
541,805a6afa477c45d18a26ebba495ac1b7,1,uniform,[350],1,1.0,1
542,8dcf91cc88c7478fb336f2b856b1f9b8,1,uniform,[350],0,0.0,0
543,34532b23c4624e6e92c4faf30085297d,1,uniform,[350],0,0.0,0
544,ab7f7e70dde447fcaa29fdc20ba659db,1,uniform,[350],0,0.0,0
545,7904eba267c04097b63fb228937b62bb,1,uniform,[350],1,1.0,1
546,27ed5ffe8231443985b27f0d9d605774,1,uniform,[350],0,0.6666666666666666,1
547,cdec18921af845c694384dea037eb6ec,1,uniform,[350],0,0.0,0
548,e5d6b99f2e6d4efea5d77b6e01aa98a3,1,uniform,[350],0,0.15384615384615383,1
549,52e75f8056964c38b2a325a45841c089,1,uniform,[350],0,0.5714285714285715,1
550,241ae106b1f7409d82a03f8296c8a6ab,1,uniform,[350],0,0.1111111111111111,1
551,374f14d949354e9aa9bdcfdc090433d7,1,uniform,[350],1,1.0,1
552,051e0cb33cb64409bbf8e8e79165bacf,1,uniform,[350],1,1.0,1
553,cfc8297fe16243e68fd7df070d7bd587,1,uniform,[350],0,0.5,1
554,7df3df70d1c74ae9a1255fbee295ef62,1,uniform,[350],0,0.13333333333333333,1
555,9238d14529524f97a206ee0d51f157b8,1,uniform,[350],0,0.10526315789473685,0
556,0c9774b9297641e39224f703c4e13ec6,1,uniform,[350],1,1.0,1
557,5837e1a0fc834500856bc94d81b68ac2,1,uniform,[350],0,0.0,0
558,95e677b8475e40e3a6abedec6fe17104,1,uniform,[350],0,0.0,0
559,04aa223c25b44b43ba9c2cc94fb5ccc1,1,uniform,[350],1,1.0,1
560,b18ad0a41f164debb57278760e011fd1,1,uniform,[350],0,0.0,0
561,2ff5deeb56834423b46cb59226137c85,1,uniform,[350],1,1.0,1
562,fc754599d5c048639de9864adbce649a,1,uniform,[350],0,0.6666666666666666,1
563,962454a456cc4bbb9a8d5bfba6abf79c,1,uniform,[350],1,1.0,1
564,902f161fe57f4998b07fd0de6d95270d,1,uniform,[350],0,0.888888888888889,1
565,386263cd9738415982f8a63c4d30c2c5,1,uniform,[350],0,0.6666666666666666,0
566,7fa327c5d6d443e8b5528c521db7bf65,1,uniform,[350],0,0.0,0
567,a3350d80e3c94368aed1d9a34577d519,1,uniform,[350],0,0.5,1
568,0cecc7cafa884126923093cb39466c96,1,uniform,[350],1,1.0,1
569,e23472157c0d4ebe81a0fa5c027b3359,1,uniform,[350],0,0.0,0
570,0d5bc4fc6f0c425b98565b8f80bb6e43,1,uniform,[350],0,0.0,0
571,0104a4f929b64f0e84d574262a285e30,1,uniform,[350],1,1.0,1
572,c5dc840ded554956be6daa4c6631deb3,1,uniform,[350],1,1.0,1
573,6254496b903a42e680fd882f3283fb49,1,uniform,[350],1,1.0,1
574,1f73b3ea836548d496ef68c08f4369f4,1,uniform,[350],1,1.0,1
575,6c170e4dcb7d4be0a567d55d531ba222,1,uniform,[350],1,1.0,1
576,64ca162a7daf4ca0b747b8b3d75eca51,1,uniform,[350],0,0.0,0
577,a73cab123714432c9731e0568fd9d43c,1,uniform,[350],0,0.33333333333333337,1
578,e504aa46a10248e8b18cb4639dce0467,1,uniform,[350],0,0.0,1
579,8e5c3c1a2b514ea2b0d9eb06879364c2,1,uniform,[350],1,1.0,1
580,843521ec385d4ca797c3a37842424dae,1,uniform,[350],0,0.0,0
581,1554e7b389d54ff7904f0bf2d82e269c,1,uniform,[350],0,0.0,0
582,0c64ef2bbeb543bf87efbb0b2617f2b1,1,uniform,[350],1,1.0,1
583,ffc6152628c540ecae6e6bab7f420f28,1,uniform,[350],0,0.8571428571428571,1
584,c7c63ad1a040451eaf13ad8160295ba0,1,uniform,[350],1,1.0,0
585,e6a17a43379a40d1a0388edd679e1fc3,1,uniform,[350],1,1.0,1
586,808b1f032cab4da587ca8837b7ee6686,1,uniform,[350],0,0.6666666666666666,1
587,28ae4259c5bd485a899ec68af2eb4264,1,uniform,[350],0,0.0,0
588,62179d55c8ab4178bb0450eafda198cf,1,uniform,[350],0,0.0,0
589,157c103f7f3942c8be2ee84825ff7f32,1,uniform,[350],0,0.0,1
590,c551f0e759174fbc80c4d851c51c31fd,1,uniform,[350],0,0.0,1
591,8a34a18a13e9487984c1d6839fed053e,1,uniform,[350],0,0.5,0
592,d4b5dfb2769d4208804f62b71b6e71c3,1,uniform,[350],0,0.0,0
593,77eaa1d176e14eb092f85c51020850ff,1,uniform,[350],0,0.0,0
594,8dbad2970e8945f0a4595ccae78e57e9,1,uniform,[350],0,0.0,0
595,01649970ebdc4958a48c133492620c31,1,uniform,[350],1,1.0,1
596,695bcb8dd90046bba77ed4fe322db935,1,uniform,[350],0,0.0,0
597,ce37bce116da48499f15b84b3c158692,1,uniform,[350],1,1.0,1
598,e88a0c1244b5484b830b44a6139bec80,1,uniform,[350],0,0.0,0
599,60b894ff9c6c43c58bc90fcc2aa78e43,1,uniform,[350],0,0.0,0
600,3ffa9e00578043369a677dc8661bfc96,1,uniform,[350],1,1.0,1
601,22389bcc734d49d98fdccaf2c36e5c7f,1,uniform,[350],0,0.6666666666666666,1
602,2d006592676144faac44e16423bfb178,1,uniform,[350],0,0.8,1
603,b20e7a05673a4b3c8ee29beaba23f73a,1,uniform,[350],1,1.0,1
604,299726f939f0420aaeb6e5f33a325d39,1,uniform,[350],0,0.0,0
605,4740a5c55c1f47bf93a59c65525f43e9,1,uniform,[350],1,1.0,1
606,c01e2730fd0544988a6e4c5dc11e0734,1,uniform,[350],0,0.0,0
607,02e40f5399fb4b2386f784865610ff5a,1,uniform,[350],1,1.0,1
608,d9f2855c8621457fb68bac161b7f811b,1,uniform,[350],0,0.0,1
609,4d2ab04164304690b5bbc05618e82a59,1,uniform,[350],0,0.0,1
610,0c1be19d610b4fa59930cc5cc930c9d2,1,uniform,[350],0,0.0,0
611,9d3dd78635084be1bb29a74d6ae963f6,1,uniform,[350],1,1.0,1
612,c992708e6d004bedb81d57b076e33286,1,uniform,[350],0,0.28571428571428575,1
613,cf40be104bfe45338fb4e03c699a2f7f,1,uniform,[350],0,0.0,0
614,07ebc87534e64dfca8d40500fe2ecd3b,1,uniform,[350],0,0.0,1
615,7d4f644a529f41c4b257f9ffb9ce9c87,1,uniform,[350],0,0.2,1
616,18fa422e1baf476fbce6d230e0858000,1,uniform,[350],0,0.15384615384615385,1
617,0178feda5ef74636ba6e5ba11135ceb6,1,uniform,[350],0,0.6666666666666666,1
618,4a93c5ba8a9f4632b9fd8768d008ea73,1,uniform,[350],0,0.0,0
619,a0cdfbc45b3f4641b64a2dfd3bde4c2b,1,uniform,[350],0,0.0,0
620,79668b02828141b4bc20fd9faba0e2d9,1,uniform,[350],1,1.0,1
621,ebf5e6a8dd1742b68312c2c6ada5aad0,1,uniform,[350],0,0.0,0
622,599f7e94db9a48019f887451a66c4e1d,1,uniform,[350],0,0.0,1
623,00388805ff934f4a9f6c374dd50be557,1,uniform,[350],1,1.0,1
624,8067ee0ec3df4208924631047ae0c537,1,uniform,[350],1,1.0,1
625,654cd3a33c974ab989777ea8cd69c130,1,uniform,[350],0,0.0,1
626,ed981c4aeb414002ad995530646965da,1,uniform,[350],0,0.0,0
627,23f830d9e6c24104852473a27360624c,1,uniform,[350],0,0.0,1
628,90f5064a214f4e05b9a65eb206d773ea,1,uniform,[350],1,1.0,1
629,47e690d71a1648aba0e8ee4f18ede013,1,uniform,[350],0,0.0,0
630,5dc68d2932bb4b0f861bd4642c674c43,1,uniform,[350],1,1.0,1
631,e04f0cda81094300afaba328511581fe,1,uniform,[350],0,0.0,0
632,f540c016913344238538408d0b3ac731,1,uniform,[350],0,0.0,0
633,2cdea969eb1441afb20bee7330453eac,1,uniform,[350],0,0.0,0
634,d7a9a5bd73444bfd8f0d54e0ee743304,1,uniform,[350],0,0.5,1
635,1cf1d0fdb27f4ba6a2399a4a86b09b8e,1,uniform,[350],0,0.0,1
636,807640dab41142919b0c0452a24b2e79,1,uniform,[350],0,0.0,0
637,61bcc7e8df9841939729131fba4cd039,1,uniform,[350],0,0.0,1
638,d6270ad7fc144895abf4552a2e0f8fc4,1,uniform,[350],0,0.8,1
639,06752c5554924c339e8cc99f3e4776aa,1,uniform,[350],1,1.0,1
640,60df89b8d9d34129982e9438443b7d96,1,uniform,[350],0,0.0,0
641,c90c0b26990c48c3b78097fd570a807b,1,uniform,[350],0,0.125,1
642,c5c6a6a15e594958ba61f8231ad1c9d0,1,uniform,[350],1,1.0,1
643,eb2fd89fd658434d97ecf961b12aed59,1,uniform,[350],0,0.0,1
644,f380a5932d4b4a43969a84c3338edae0,1,uniform,[350],1,1.0,1
645,a65e6461f74c47c9a5ffee9366dea0a4,1,uniform,[350],1,1.0,1
646,8f3827c3491247c7ab4d7706cbb8ef6d,1,uniform,[350],0,0.0,0
647,3f70de0169eb42c3a4b40cd1e5f1be61,1,uniform,[350],1,1.0,1
648,f5855e26ffa944fab475fd077cb06a43,1,uniform,[350],0,0.0,0
649,db63ac356f6a4df8b59087b055a45357,1,uniform,[350],0,0.0,0
650,9c03696110b94d56bbfbc83746f79a94,1,uniform,[350],0,0.0,0
651,c4b8fa26b7e741fd8b4b8e4120d39d41,1,uniform,[350],0,0.7499999999999999,1
652,5a1d3756a44c4a5ba9b30237dd1c807f,1,uniform,[350],0,0.0,1
653,50e8ae7a28b347edbef6a9604da6802a,1,uniform,[350],0,0.6666666666666666,1
654,29cf64bece6c424f80f4a55c46fc523f,1,uniform,[350],0,0.0,0
655,e17e9f25a202485c8d14b354a92e101d,1,uniform,[350],0,0.0,0
656,17ca78d8ef664047ad404f91d1f62c4b,1,uniform,[350],1,1.0,1
657,0af0869096df4dff8325c3f2ff584087,1,uniform,[350],0,0.8,1
658,580cfb51fef84f5e9cb2de0be76eaa61,1,uniform,[350],0,0.0,1
659,c0d5e844424d4d9bb84902a8ce411cc2,1,uniform,[350],1,1.0,1
660,c24d3c06799444db84d703cd715d2979,1,uniform,[350],0,0.0,1
661,ef29092974ce40b980f963ac746247ec,1,uniform,[350],0,0.0,1
662,b7e11924f8a34063ba5445261471e552,1,uniform,[350],1,1.0,1
663,a25ba84fca504b2aa4e126007a22a14f,1,uniform,[350],0,0.5,1
664,0134a374dcf1451a820c7fd997862851,1,uniform,[350],0,0.0,0
665,72fa80f3ffa24cadbc2df7c806b0b59b,1,uniform,[350],0,0.0,0
666,692352f2fd7d4a389c1f1ca96570be32,1,uniform,[350],0,0.0,0
667,e9e6e952876b4c2b864f9c5fd00a3d8a,1,uniform,[350],0,0.0,0
668,fe0121ef5b874df0bfca5369f2253f03,1,uniform,[350],0,0.14285714285714285,1
669,4453276e770a4ed7b7051d9d65d40975,1,uniform,[350],0,0.5,1
670,ea6918ad41e84412b642d9ac01b6d839,1,uniform,[350],0,0.0,1
671,99429dc4d1044cb49e70ceb6f3914e07,1,uniform,[350],0,0.0689655172413793,1
672,7def903743ac43748483019d8b62d815,1,uniform,[350],0,0.0,0
673,8a018a8b09d14b4cb164c0abfd1594bb,1,uniform,[350],1,1.0,1
674,8907b0e8c2e142a395a35b0c5560fe6a,1,uniform,[350],0,0.0,0
675,1ae4333af7ca4c33953c8030c3aed22f,1,uniform,[350],0,0.26666666666666666,0
676,989fede52bf840609bb69d7ba143301b,1,uniform,[350],0,0.0,0
677,368647e758554203bcd6310b0cb41a9f,1,uniform,[350],0,0.0,0
678,2662231ec6934df58d84e851aaff80fc,1,uniform,[350],1,1.0,1
679,aa4169b3de364c318562b0b09308caa0,1,uniform,[350],0,0.0,1
680,a71f1a9b718241dd890fd8feb1be3ab8,1,uniform,[350],0,0.05555555555555555,0
681,4d50fbdd13184f64aa70b8e68ea872d8,1,uniform,[350],0,0.0,1
682,914623f6bde244cab5e20f01a6d2560b,1,uniform,[350],0,0.0,1
683,6a80ae4b171345c3ba541b8aa343b1be,1,uniform,[350],0,0.15384615384615385,0
684,055162a66045404b8d06e59773ef2e49,1,uniform,[350],1,1.0,1
685,6e0186a28acb4427aedaee03db16e623,1,uniform,[350],0,0.7499999999999999,1
686,7f5733184c134247ad79a6d2bc6f0081,1,uniform,[350],0,0.0,1
687,831bd2a4a96f4496947a5656ac12135d,1,uniform,[350],0,0.0,0
688,1d5e987319ba4158a12cab23543a04aa,1,uniform,[350],0,0.0,0
689,c9a9b912b07b4c91a98f4134fbc3c6f5,1,uniform,[350],1,1.0,1
690,a7fafb4013664c78a931293de688bedb,1,uniform,[350],0,0.0,1
691,0099081da3eb4d36bc020201d4f97a27,1,uniform,[350],0,0.0,0
692,b33f0ec8e82f44baa01e6b09f9e69104,1,uniform,[350],0,0.0,1
693,e62ec634d4b44a50842d1913910877a5,1,uniform,[350],1,1.0,1
694,c78e0c2903384595af84d1f0cf51a54f,1,uniform,[350],0,0.0,0
695,d313b671236c48f3b029c72fbc46971b,1,uniform,[350],0,0.0,0
696,3d674d0b82684e87bdc226d9d614e6e4,1,uniform,[350],0,0.0,0
697,4054abd26fcb4958b130fe94dda895ee,1,uniform,[350],1,1.0,1
698,65e2cb72034947f0ad2e4fbae41a103e,1,uniform,[350],0,0.9333333333333333,1
699,c1b2178b59534886b5fab6b21bb11662,1,uniform,[350],1,1.0,1
700,ca8d39a6862e49b58a03a0da02a7bede,1,uniform,[350],0,0.0,0
701,daa68770d88b4dbabfc2955ecc647750,1,uniform,[350],0,0.0,0
702,504074fdd18a4bfdb3c4d8b3d6a4b589,1,uniform,[350],0,0.0,0
703,ba3edfff481042f2a104ffdc278727c0,1,uniform,[350],0,0.0,0
704,08b635995bc64aefba8d3fdb405e1b4b,1,uniform,[350],0,0.0,0
705,775656e96e4747f5a17cc2b57edd12b7,1,uniform,[350],1,1.0,1
706,b2726529c0374da2bcb670a3c89f58a4,1,uniform,[350],0,0.0,0
707,7951ebb574024ca7958ac8e4f56cc046,1,uniform,[350],0,0.0,1
708,a0eed9d8178c4928b016bdf106f59e9e,1,uniform,[350],0,0.0,0
709,ed28bccab4dc46f0a12e98fd366f2a83,1,uniform,[350],0,0.0,0
710,1329f988ad3845129c304b54501c934c,1,uniform,[350],0,0.6666666666666666,1
711,bccab12e798e428b8869c19eb4feac2c,1,uniform,[350],0,0.0,0
712,692084604fa74539aa32ec6abec75341,1,uniform,[350],0,0.5,1
713,3e4aa100c744486d883502dd35d3569c,1,uniform,[350],0,0.6666666666666666,0
714,aa7ddfbb8f3c403ba5b0a0ded76f2bff,1,uniform,[350],0,0.0,0
715,ba1325c4040040a0b7809a32536da5fe,1,uniform,[350],0,0.0,0
716,3257fb95269946feab9eeec2ebcd3522,1,uniform,[350],1,1.0,1
717,fea7e77ef2364dcdb4bbfa5d69b0c0ef,1,uniform,[350],0,0.6666666666666666,1
718,60438978506949e79645c14afd3a21dd,1,uniform,[350],0,0.6666666666666666,1
719,5d6123571c4f4e5cb365ed1f2f6453f6,1,uniform,[350],0,0.6666666666666666,1
720,f888582a9e324a639852992392b5a0cf,1,uniform,[350],0,0.0,0
721,6eeccb736c5f4d72944f4c46e4859c9d,1,uniform,[350],0,0.6666666666666666,1
722,8cd035648dd64edb912f01d1b01e6b89,1,uniform,[350],0,0.0,0
723,7b190c41b59249bcab29c887d579bb26,1,uniform,[350],1,1.0,1
724,aee9e1f69d5048c2a687b4a5acc056be,1,uniform,[350],0,0.5714285714285715,1
725,3e5332718ede4bcb99b7c336ff05b9dd,1,uniform,[350],1,1.0,1
726,d974393cef5d43e791127eaed8ddb259,1,uniform,[350],1,1.0,1
727,1cc48ae35d6a4676a0823fdf2550f2ea,1,uniform,[350],0,0.0,0
728,21532189e740426194a08808390eb2b4,1,uniform,[350],0,0.0,0
729,64fee0d345024f42864a361022475420,1,uniform,[350],1,1.0,1
730,e4533ea2a1404bc285933f7355d58203,1,uniform,[350],0,0.0,0
731,a23bfc2ed0ea4b19b736c30f73f7e406,1,uniform,[350],0,0.0,0
732,7ca689bb9bd94572af15fb45f2257266,1,uniform,[350],0,0.14285714285714288,1
733,311ea5e6c28d46ecb378b855eb0ffe59,1,uniform,[350],0,0.2105263157894737,1
734,12cc92d88fd24d6697009b061d1769c2,1,uniform,[350],1,1.0,1
735,beefda6210c047899b54a61290a9837c,1,uniform,[350],0,0.8,1
736,928e2cc022da44a4893b47a7fa37e1c6,1,uniform,[350],0,0.9600000000000001,1
737,241efa1cac394ac983b144420a13a162,1,uniform,[350],1,1.0,1
738,1c67f7f0037b4ab1bb510cba499d11a4,1,uniform,[350],1,1.0,1
739,f687cfbb7bec408799b8b6f8285b5608,1,uniform,[350],0,0.0,1
740,2e613fb291864bdd8a0198c5df5ae238,1,uniform,[350],0,0.0,0
741,f5b7236c16734b2388cf37cfd5cbf27b,1,uniform,[350],0,0.0,1
742,3a1ba8b914d141eaac80d5de56ed0114,1,uniform,[350],0,0.0,0
743,671b2208301e460ba1fa588e350b82d6,1,uniform,[350],1,1.0,1
744,388dcae5aa9248318cd8d493a4c3519b,1,uniform,[350],1,1.0,1
745,2fcab3f4f6484d8992a6c2aa67aeec69,1,uniform,[350],0,0.0588235294117647,1
746,d0bae44433814b2da5d10519d7ea3695,1,uniform,[350],1,1.0,1
747,6c60d0e46b4a49068acd95570c520c6f,1,uniform,[350],1,1.0,1
748,2a8e2d0e16d64cc2a03180e7dfb8d745,1,uniform,[350],0,0.6666666666666666,0
749,6489bd7df2d04a8aa23561eaed38c793,1,uniform,[350],0,0.0,1
750,6082452e7aeb4e828079e15ab4e7a9a9,1,uniform,[350],0,0.0,0
751,fc16e9799a154e94b2bcade2e9eacd72,1,uniform,[350],0,0.0,1
752,17a72d69d7fd4e2fb9c562451e5434ef,1,uniform,[350],0,0.5714285714285715,1
753,755056d3d07940929387e2e7e76f4acf,1,uniform,[350],0,0.0,0
754,cbef062d89b944c5acd16f892a79611c,1,uniform,[350],1,1.0,1
755,a8ec79c66e284a45a63c7dcdcf4f9064,1,uniform,[350],0,0.0,1
756,6803dc0693214791b3058a87480b15d6,1,uniform,[350],0,0.6666666666666666,1
757,733d2fd24b0b40f7ba5f0edaed20cca9,1,uniform,[350],1,1.0,1
758,5a154a6b5c364e79b30a1bd2c9e47e0c,1,uniform,[350],0,0.0,0
759,dc1fb48848df419fba9692dffef22844,1,uniform,[350],0,0.0,0
760,581d677951c7404d922d56e144504b82,1,uniform,[350],1,1.0,1
761,3f24c1ba50b04f8493f8663fd779846e,1,uniform,[350],0,0.0,0
762,a10d412bc874427b9f8df9a729c686a8,1,uniform,[350],0,0.0,0
763,99a7d09d04634cc08435d1e4bde155b5,1,uniform,[350],0,0.0,0
764,5544aab55fe744fab13706c13fcb4f96,1,uniform,[350],0,0.6666666666666666,1
765,412a163387474317b4eb02196506d1f4,1,uniform,[350],0,0.06666666666666667,0
766,a1c71fcc9f6a468c9468d13d69e711a7,1,uniform,[350],0,0.0,0
767,3287651f8746453ba1943191b85095a9,1,uniform,[350],0,0.0,1
768,e2d0189ba8fd449889044fecb68c28b2,1,uniform,[350],1,1.0,1
769,567c70fec2634f439e055ef5fb30135d,1,uniform,[350],0,0.0,0
770,febb62323b274b678dc47bb096688f4c,1,uniform,[350],1,1.0,1
771,e08b24a8d41544e38f2489b4e32e2764,1,uniform,[350],0,0.0,1
772,ecd82d14cb3e4e28b8307e44f4784ff5,1,uniform,[350],0,0.0,1
773,a0b2f384132d475d9b375afdc5343fb2,1,uniform,[350],1,1.0,1
774,1703025033a448048d6f688f9321e2a2,1,uniform,[350],1,1.0,1
775,6c8c2af2e7b14a84acf550c9253961d8,1,uniform,[350],0,0.0,0
776,6368dd06f186478dae5ba3271569ef66,1,uniform,[350],0,0.125,0
777,019a54c5394847ec81325e8bdaf8355f,1,uniform,[350],0,0.0,0
778,4ae06e8228ca4ca89224a8598de5e6d9,1,uniform,[350],0,0.0,0
779,8ff3ddfe7f3a41e294a831e452189dd5,1,uniform,[350],0,0.0,0
780,52f45355af90482cb6a950e995783d4b,1,uniform,[350],0,0.0,0
781,b455ff336ebe403e896b9be3465811f7,1,uniform,[350],1,1.0,1
782,fef91dcc799042b59201fc0f963a8b17,1,uniform,[350],0,0.03921568627450981,0
783,a2374c9022504b94b1a832c91ab535fe,1,uniform,[350],0,0.5,1
784,f1fca269781c4454a9fbcf23844c79dd,1,uniform,[350],0,0.8,1
785,828c73b72b124615b8ccc1cf1ab1014b,1,uniform,[350],1,1.0,1
786,ba9e926ece6b4b6e844f51d0b7b0f056,1,uniform,[350],1,1.0,1
787,b6ae22e3a9d04cfbaf6206a39dd062da,1,uniform,[350],0,0.5,1
788,1b9decbc39c949e8bf28c759dfe4baa2,1,uniform,[350],0,0.0,1
789,f5b0c1a6b5824201baa94cf53c56f0c5,1,uniform,[350],1,1.0,0
790,1fe12d7bff7a46d79f76ccc655caf66c,1,uniform,[350],0,0.0,0
791,3ca19860d31d40d58c3d6018498bbc5e,1,uniform,[350],1,1.0,1
792,de7fae20ac624dc9af5949d97f30a79a,1,uniform,[350],0,0.0,1
793,d9d30d695b524637976deff70f6a7afd,1,uniform,[350],0,0.6666666666666666,1
794,8be91aa0873e4a4bb89703628089432a,1,uniform,[350],1,1.0,1
795,a3ff08899c474fcdaaae2dd2409ec7a0,1,uniform,[350],0,0.9600000000000001,1
796,bb1589db33fa4309b9b3f7fb5e4b3480,1,uniform,[350],1,1.0,1
797,2d6a236fd6104736bfb0ae4404ee6ea9,1,uniform,[350],0,0.6666666666666666,1
798,9c4719555e46425496a22559eff66115,1,uniform,[350],0,0.0,0
799,3a63e60b8ef140d28f31325f8211cb10,1,uniform,[350],0,0.0,0
800,93447ee40a954604bc8e1c926079b785,1,uniform,[350],1,1.0,1
801,aa55b1829c9c41e28f3998d32da669ec,1,uniform,[350],0,0.6666666666666666,1
802,6eb7f187d8aa4f319e63ad269404dab2,1,uniform,[350],0,0.5,1
803,67a58f5e2ff7455f8807463f414f9b99,1,uniform,[350],0,0.0,1
804,d62824da543e474da60ae07308009055,1,uniform,[350],0,0.0,0
805,b3d58c3cb86044e1ac53ac99a0246d3b,1,uniform,[350],0,0.0,1
806,6973eb89fb1441328fc7a79248c2a0ec,1,uniform,[350],0,0.0,0
807,dca240ce71894a9798451f919b5d9df0,1,uniform,[350],0,0.2857142857142857,1
808,b0d95637bcb44afb96457d3053631d5f,1,uniform,[350],1,1.0,1
809,8de2ee8d56464a9d971fdae65ae0f72b,1,uniform,[350],0,0.0,1
810,83966e58471549e2adc73c25f58c846b,1,uniform,[350],0,0.0,0
811,bb0d3b5086f845df8acfbf503fa4c2ff,1,uniform,[350],0,0.0,1
812,706ce26401d54a5d94687fb541f7350c,1,uniform,[350],1,1.0,1
813,bf72c01037194351b8d906e8e8c4c0cc,1,uniform,[350],0,0.0,0
814,afa333ac95d848f0a60cde4f10d6e261,1,uniform,[350],0,0.11764705882352941,0
815,41d5a6d229964b50b3c73d5bc9a5d1fa,1,uniform,[350],0,0.0,0
816,b94b8e734c3b40eaba7291c227e2edb7,1,uniform,[350],0,0.0,1
817,786765cfe8b44449af887152402aaa29,1,uniform,[350],0,0.0,1
818,031cc546d2904282a49ea01dcfa886c8,1,uniform,[350],0,0.0,0
819,9759378e0cc44a1c839214bdaa26612d,1,uniform,[350],0,0.0,1
820,963f7654e83b425bbeadf56527740ba0,1,uniform,[350],0,0.0,0
821,4fed7ee44ec9407ebf2f05e33d2f6d54,1,uniform,[350],0,0.0,0
822,e75dd8d226914bd9b9070a34d57ff0c9,1,uniform,[350],0,0.0,1
823,92216f1e211c4ddf968b958588255feb,1,uniform,[350],0,0.0,0
824,fc9ff2ab888d45b79fa4959911c65e59,1,uniform,[350],0,0.0,1
825,dadbf5853ac746239f484a0c7ff02245,1,uniform,[350],0,0.0,1
826,b4e39f9e15734b6a82739950c34aa8ee,1,uniform,[350],0,0.6666666666666666,1
827,5ed1ab8a035e44ec9200692431509884,1,uniform,[350],0,0.0,0
828,2bffb804aab041ee9605adbff83fe141,1,uniform,[350],0,0.0,0
829,ba4602ee540d4fcfb52af541b3e7dfd8,1,uniform,[350],0,0.0,1
830,45a6d0b6364d49129a59f0a062a2f9a8,1,uniform,[350],0,0.0,1
831,199178bd55f849279f0e163c691d0903,1,uniform,[350],1,1.0,1
832,745c742fa8d94abe88d1330cd4cdae1d,1,uniform,[350],1,1.0,1
833,13c7ec87c0324be5bee05d51772027c5,1,uniform,[350],1,1.0,1
834,2f82125c096845fc8b5fc65418c486aa,1,uniform,[350],0,0.5,1
835,6c8e1e1b56bc4eb5b99b83ce6c5f3afd,1,uniform,[350],1,1.0,1
836,d37cc022c8344772b7d7261033a37c29,1,uniform,[350],0,0.16666666666666666,1
837,c034e68af36c41d79e0782c060d7acbd,1,uniform,[350],0,0.8,1
838,0986a62e4b4b48be90e2c9172a5b9617,1,uniform,[350],0,0.0,1
839,69bda7a3b8cb4e2baecd4fedbe7458ce,1,uniform,[350],0,0.2,1
840,144e38b6eea047c99e7ec1d8dbb6cbbc,1,uniform,[350],0,0.5714285714285715,1
841,3cb0174eaaf54d35878f92077740136c,1,uniform,[350],0,0.0,0
842,e53753e6f784486091c8dce069d90994,1,uniform,[350],0,0.0,1
843,6d34f597fdc54dd2aa1a8a9e32e596cb,1,uniform,[350],0,0.0,1
844,dbc0bbc541124ed0843db76f2e3a1581,1,uniform,[350],0,0.0,1
845,7f00e9c077324f689c8b0746c6381e0e,1,uniform,[350],0,0.5714285714285715,1
846,bb720c2091ee4a94a85eb81aa5a7acc3,1,uniform,[350],0,0.0,0
847,aecbba5c017943a79d643d0cc71e57b7,1,uniform,[350],1,1.0,1
848,a04a4431e605471480fb64662b38504d,1,uniform,[350],0,0.0,0
849,60bbae0fbec24bf2a8de8ac0b7076b24,1,uniform,[350],1,1.0,1
850,f20bdc9681624087af1dda063b3a6945,1,uniform,[350],1,1.0,1
851,0161b1de8e9944f58ba3663305c9759a,1,uniform,[350],1,1.0,1
852,33ad75a283674ce5a8178438d8739810,1,uniform,[350],0,0.45161290322580644,1
853,3de977d9d8c142c79231c332dad7cfdf,1,uniform,[350],0,0.0,1
854,42fb458e399b41f9b78a83d4b30d27b0,1,uniform,[350],0,0.07142857142857142,0
855,96b2b16f84e8465d9de71f9fa9718941,1,uniform,[350],1,1.0,1
856,68d323c49f9740abbda05876aebfd5d7,1,uniform,[350],1,1.0,1
857,415c375731994f69a116e415444abd99,1,uniform,[350],0,0.9090909090909091,1
858,9fb85b5dcad34ba497f04a41616f6d0c,1,uniform,[350],0,0.0,0
859,40d56efbcf5041ff9ab958e865e63171,1,uniform,[350],1,1.0,1
860,16d87b6d44b74c9d9c705b0471dcb4b2,1,uniform,[350],0,0.0,0
861,1082fd6599c245bba88c6c46ce86eef8,1,uniform,[350],0,0.0,0
862,d316c97abd1e4815a14a66b9b76df881,1,uniform,[350],1,1.0,1
863,160bd2f1f99b4697a5945323087874cb,1,uniform,[350],1,1.0,1
864,703c1f0b768d4732afa9e6a5a2d05091,1,uniform,[350],0,0.0,0
865,85ff90e4fd9c4c8790b6414520150e51,1,uniform,[350],1,1.0,1
866,7c34ec6a706d4aaf96e4f3356fe2da7c,1,uniform,[350],0,0.0,1
867,6f811a0a4db94a648917355fabbd40ae,1,uniform,[350],1,1.0,1
868,48e5d37aaea9404a891d01584e699f18,1,uniform,[350],1,1.0,1
869,3e8a38a0b3e64f809e791704ac768b95,1,uniform,[350],0,0.0,0
870,1b454ee0cee8452986cf0b57342e8534,1,uniform,[350],0,0.5,1
871,893449002d894f7695b2a32aa7713cb5,1,uniform,[350],0,0.13333333333333333,1
872,1405700ba6ce4058a4fa68e3c3d680e3,1,uniform,[350],1,1.0,1
873,5579074640614bacbdd03ed34a3ddf08,1,uniform,[350],0,0.7000000000000001,1
874,09553563f3b94bfd88d2887043744b77,1,uniform,[350],1,1.0,1
875,ed00bbd0da8841fa9bb15f15859a9876,1,uniform,[350],1,1.0,1
876,6dd10f33c4f8423080bdcf84c8a01ef1,1,uniform,[350],0,0.07142857142857142,0
877,959464bf0c7c44ba8f2b21448867e4ad,1,uniform,[350],0,0.0,0
878,bf7fc80bf1024d73b6f5cea672696789,1,uniform,[350],0,0.0,1
879,06631314756e4d9fa7eb5f040d4d9da4,1,uniform,[350],0,0.8571428571428571,1
880,1d9dc72255774f95b5e274139d8ea9bd,1,uniform,[350],0,0.0,1
881,eb0682a6d1694acf886b84a407d68416,1,uniform,[350],0,0.0,1
882,94b1187d3e5c4282983df4ab44d3d46b,1,uniform,[350],0,0.0,1
883,50b4c8f6f61a48c289fff1e90d3c1c68,1,uniform,[350],0,0.125,1
884,8c5e2893db634635891ae6afd30261c4,1,uniform,[350],0,0.0,0
885,9eecb36f5cb44bb18d24b6efe6824a06,1,uniform,[350],0,0.0,1
886,25223706065646aebcebc831d267c30d,1,uniform,[350],0,0.0,0
887,f97a45e3576644eda7c95849e50babef,1,uniform,[350],1,1.0,1
888,08aee7c44c404089b766cbe0fa2d55f5,1,uniform,[350],1,1.0,1
889,6d1b542705c74dfcb9ca889be8fc5c82,1,uniform,[350],0,0.0,0
890,8ce493334e064c2f97343909d7ddb91e,1,uniform,[350],0,0.3478260869565218,1
891,eb6590ce2f134b889d853696a1519eca,1,uniform,[350],0,0.04761904761904762,1
892,b5ada864c0934f8b98d919dae0bcec35,1,uniform,[350],1,1.0,1
893,73d58decb36a470e91d5491834972a95,1,uniform,[350],0,0.0,1
894,7d08f62337054caa8e0104c19a653158,1,uniform,[350],0,0.0,1
895,7a24d5cc2a8f44819ca35879d229e8bc,1,uniform,[350],0,0.0,0
896,97034e6a207f4a238a49bf7babb932e9,1,uniform,[350],1,1.0,1
897,d0ef3a30427c4d66a516feb413c6b262,1,uniform,[350],0,0.1875,1
898,59cca53e121949e39742ee34a89cffab,1,uniform,[350],0,0.0,1
899,a645bb94c6194b119832d8e395b47a0c,1,uniform,[350],0,0.0,0
900,9e32a1d3fd11455280d3aecde908c2e6,1,uniform,[350],0,0.14285714285714288,0
901,7d7537366071415381b140fc2d6bd90b,1,uniform,[350],0,0.07692307692307693,1
902,46f896a31c254fb2bf5b68c060edb437,1,uniform,[350],0,0.0,1
903,2cda8c267a624be184e87b1d2cd0b05c,1,uniform,[350],0,0.0,0
904,3febc40bd3ee4d4e9226aa424b60123c,1,uniform,[350],0,0.6666666666666666,1
905,dfc54f2afa2849f4a1d9d7095fa37f8d,1,uniform,[350],0,0.0,0
906,57f26f2947864f429083b603d80000aa,1,uniform,[350],1,1.0,1
907,3e1bed5b98f248738744f4c55f0e6d06,1,uniform,[350],0,0.0,1
908,6d36da6f7d6c4ae898960241cc99cd4c,1,uniform,[350],0,0.0,1
909,82f2a270b951424e82df7540c14072d3,1,uniform,[350],0,0.0,0
910,059055bc2ed24376a2667ee2496aeb0c,1,uniform,[350],1,1.0,1
911,328dfae8a432499e91c71bad92e2bd79,1,uniform,[350],0,0.0,1
912,3555cf721db54ce6a35be172f4f0213c,1,uniform,[350],1,1.0,1
913,6905efa62e924f7c9960bc701d1025bb,1,uniform,[350],1,1.0,1
914,edd8922fe3ec43be851dee74c97ea861,1,uniform,[350],0,0.0,0
915,3f5b923f78d642ebb61f535595115ceb,1,uniform,[350],1,1.0,1
916,644155df8e7446718cc1d9ca4d2f4c05,1,uniform,[350],1,1.0,1
917,f1cd28d437e44ac586e3494371c55ff1,1,uniform,[350],0,0.6086956521739131,1
918,b8b75f189ac042c9a664c7bc13bcb936,1,uniform,[350],0,0.0,0
919,1cdeb2b345c247bfb083ab363bebd64c,1,uniform,[350],0,0.0,1
920,930d23fe662b49d4bb01a291e8a6ad98,1,uniform,[350],0,0.0,1
921,46414d4b1b7a4838987e3ee887a448bb,1,uniform,[350],0,0.0,0
922,fdc90f6593464af6b65c2f38b2c814c6,1,uniform,[350],0,0.0,1
923,e6cad506fcab4d979e90f4a9176b1408,1,uniform,[350],1,1.0,1
924,72a4722fda5f436e81437aea9042aaa8,1,uniform,[350],0,0.5,1
925,76ed5aaaa5bb47d7923d45360b3332ec,1,uniform,[350],0,0.0,0
926,33d1e51367a3481086b0b8206010e16c,1,uniform,[350],0,0.25,1
927,d1f6974f4b8f4a189e64cdf36c986df7,1,uniform,[350],0,0.28571428571428575,1
928,57351304b16347d58b309e84d19b79aa,1,uniform,[350],1,1.0,1
929,7f022ca089d74d51a4be4625cb6191d5,1,uniform,[350],0,0.0,0
930,3c5e3c93b4f04892a42057005a46caaa,1,uniform,[350],0,0.0,0
931,f7b2f89be1724a9c86cbcc347b0c4425,1,uniform,[350],1,1.0,1
932,2af6e73ac32145e9bb843506ce6c6a61,1,uniform,[350],1,1.0,1
933,c4c1471da58b4cf087e179b9b71adef4,1,uniform,[350],1,1.0,1
934,1854615c2d334e5aa3a608b90f0547b5,1,uniform,[350],0,0.28571428571428575,1
935,402f5f93e4a04d998cb41298d57b8115,1,uniform,[350],1,1.0,1
936,531226f1c86f49a3bee6638692fedd34,1,uniform,[350],0,0.4,1
937,23d9c3e938cd4e54a2917488a719b832,1,uniform,[350],0,0.0,0
938,d5012bef02214f0c9698b7a828959e39,1,uniform,[350],1,1.0,1
939,79d983f421ab4c3e92364b83b7186e99,1,uniform,[350],0,0.6666666666666666,1
940,2e71514053a447d5bbd3f9625420ca43,1,uniform,[350],0,0.29629629629629634,1
941,6a420f8f42204d968a137faeb1d73784,1,uniform,[350],0,0.0,0
942,2f56933ee8024412b6ef05faf87e7a46,1,uniform,[350],0,0.16666666666666666,1
943,ccb81b6865484234ab334d34412a6b35,1,uniform,[350],1,1.0,1
944,e33b52e8485c41518aaf76f1048c35e4,1,uniform,[350],1,1.0,1
945,29544317d3ab466d8b13e1eac4463c10,1,uniform,[350],0,0.6666666666666666,1
946,b5736ba3b8574e3388b2a5ebccb15b09,1,uniform,[350],0,0.0,0
947,7e4328290edf4f2aac9f8988b5079fe1,1,uniform,[350],0,0.0,1
948,8bff718944c84becbf657952138356fd,1,uniform,[350],0,0.0,1
949,c411868fbe054e80b90a12463b2beddd,1,uniform,[350],0,0.4,1
950,ead58bae18d04b9c89be6f0bbe3f155f,1,uniform,[350],0,0.0,0
951,319e4521a8454f6a908b91d874ce2e08,1,uniform,[350],0,0.0,0
952,bc947534038744198b74eab0dc89a6fe,1,uniform,[350],0,0.0,1
953,aece58a299d84cd88579bca72c73da46,1,uniform,[350],0,0.0,0
954,61727044bdac4760964296c822ea1ffa,1,uniform,[350],0,0.6666666666666666,1
955,bc61a95b6c25463db3459cd626a11ad0,1,uniform,[350],0,0.9090909090909091,1
956,e45fbf36c6d64467b16f13324d22a4c2,1,uniform,[350],0,0.3636363636363636,1
957,1e1eb993a1ca4265978c2db209a671b7,1,uniform,[350],1,1.0,1
958,f74b173f48654bc9832934834956c10f,1,uniform,[350],1,1.0,1
959,30913ce681084f3f8357bef6147fe049,1,uniform,[350],0,0.0,1
960,359f8256bb2b4d5589fa81885ef48257,1,uniform,[350],0,0.0,1
961,3d531ea0078248ebb3dd503bb338071f,1,uniform,[350],0,0.0,1
962,a9dff945426841f8b37069eefd82297b,1,uniform,[350],0,0.0,1
963,aa9daba7638b4fa9b1472bb648fe964e,1,uniform,[350],0,0.6666666666666666,1
964,dd66178403e8487382fdc1b84bb2881c,1,uniform,[350],0,0.0,0
965,c9bcb9b8a8ba42f5bfd2538b4925a3ac,1,uniform,[350],0,0.0,1
966,a14a2ea82a1544a19f7c45cbf7f82f6e,1,uniform,[350],0,0.8,1
967,fb2d1f54601e4f89be70d07393db45f4,1,uniform,[350],1,1.0,1
968,b83b50ae80c3463aa27b05bb0bf4b493,1,uniform,[350],0,0.0,0
969,26c180c03a734a1aaee4138be308a078,1,uniform,[350],0,0.06451612903225806,1
970,273733b869b741a7b9667927ea701789,1,uniform,[350],0,0.0,0
971,97cb3c77ddba4ab9ae6bfdc00eb09c42,1,uniform,[350],1,1.0,1
972,08473edda228492e9cfe9b6583977e50,1,uniform,[350],0,0.0,1
973,6d5eb886bc37490aa1854938f9b36903,1,uniform,[350],0,0.0,0
974,e0ce4da6cbfe4f26b945f5555901e5c5,1,uniform,[350],0,0.0,0
975,f002078c2ea2435db1e405606b820e19,1,uniform,[350],1,1.0,1
976,441f524567e9477a9b0d07f4a0907622,1,uniform,[350],1,1.0,1
977,60dd6a100f3b42598ab0d32f254b1662,1,uniform,[350],0,0.2727272727272727,0
978,873ea1af23e548efb10a54c97edcdb6b,1,uniform,[350],1,1.0,1
979,3e1d564bb5eb4b1ba37db917c472a566,1,uniform,[350],1,1.0,1
980,04676862004644f18aa94ff54107047c,1,uniform,[350],0,0.0,0
981,116e002d700e4d349581f1a4937dfba8,1,uniform,[350],0,0.0,0
982,283c5867606b46258127fa5fed7cf62d,1,uniform,[350],0,0.0,1
983,171414c078ce452d9374be8989aa0147,1,uniform,[350],0,0.0,0
984,a2643b6d7fe94e54bb74da276f0a4646,1,uniform,[350],1,1.0,1
985,342cb6f69f6449318f4c4e5385f954fd,1,uniform,[350],0,0.8,1
986,e3fe3ef5daa6485a8a3f91dfccc9d797,1,uniform,[350],1,1.0,1
987,6071cc99d5744a17814ad38e72b53f3b,1,uniform,[350],0,0.0,0
988,d5f0273d41ad45ab9a9819cb49e29b02,1,uniform,[350],0,0.6666666666666666,1
989,d1b4f5f6d643456aad1526324d39c259,1,uniform,[350],1,1.0,1
990,62747a42a9074e7da75c495cc4daca38,1,uniform,[350],0,0.6666666666666666,1
991,5d464ecc16894c0cbc33ed95ac502289,1,uniform,[350],1,1.0,1
992,e5fb043f8b0245f2acc78136af1bb5dd,1,uniform,[350],0,0.6666666666666666,1
993,53278976c290499ab7f1decb9f7bf6a2,1,uniform,[350],0,0.0,1
994,7889488ae4d3460bafe900d6917b650e,1,uniform,[350],0,0.0,1
995,91ef74a5a47a442aaa5af41b3d564051,1,uniform,[350],0,0.0,1
996,3e83d3398a8a4e26a98fab7f85c8cb59,1,uniform,[350],0,0.5333333333333333,1
997,20e0dcefdff242ebb51ce89c34182814,1,uniform,[350],0,0.16666666666666666,0
998,7e7a5a32f59b49ccacc7c1408799a32a,1,uniform,[350],0,0.0,1
999,a3ac333098d74ad7acf2d20bbc261c9b,1,uniform,[350],0,0.3333333333333333,1
0,728220fe1b5f4ce886273ec524c6972b,1,weighted,[350],1,1.0,1
1,c89d1c366c274f6e8d233be688759386,1,weighted,[350],0,0.0,1
2,644d4774db194bb0b491e58deff0fe6c,1,weighted,[350],0,0.5,1
3,b7648c8b476e4482a7fa9a8d4584c551,1,weighted,[350],1,1.0,1
4,362b90d2f2de47e1a0d9be76d1383cd5,1,weighted,[350],0,0.9565217391304348,1
5,e365fba82bca48ad8b9ec4fbac8bd3b7,1,weighted,[350],1,1.0,1
6,56a527cc368e4b10ac88117b33ab6370,1,weighted,[350],0,0.0,0
7,ef7ff14fda8347479995319185ade05f,1,weighted,[350],1,1.0,1
8,e7abf6763c7d425c8577ed893a0cd182,1,weighted,[350],0,0.0,1
9,08b8fd7f109845eda0ffb6868479f8c2,1,weighted,[350],0,0.0,0
10,ddc318071f01453ab87ceebe18062971,1,weighted,[350],1,1.0,1
11,b33e0d818b364b87878b747b09987f28,1,weighted,[350],0,0.06060606060606061,1
12,629ca0ba60d84e678789916c527e5e74,1,weighted,[350],0,0.0,1
13,dc5438680eeb4547b962a6d05a58125d,1,weighted,[350],0,0.0,1
14,2ea97cfbe22340cdabec8b67b75b0f0e,1,weighted,[350],1,1.0,1
15,dc27edf1253345dabb1ae19ef7d8a829,1,weighted,[350],0,0.0,1
16,c3ec8eaa57d0418da0c66d7ad83761b3,1,weighted,[350],0,0.0,1
17,f22c94617c404f388ea469654e9a580f,1,weighted,[350],0,0.2857142857142857,1
18,2c9d87584b86413d86f28eb40a1af7cf,1,weighted,[350],0,0.6666666666666666,1
19,49af423e020444c999bdbdaa7cc573bd,1,weighted,[350],0,0.0,1
20,a2f796f7536947518cb11c541c564c83,1,weighted,[350],1,1.0,1
21,70ff5cd057104a24a7de546f6a0a93e2,1,weighted,[350],1,1.0,1
22,bb0bceec8bca491db5c90c3962960eea,1,weighted,[350],0,0.0,1
23,4790b60660da497bb390ed9bc5996973,1,weighted,[350],0,0.0,1
24,092f821b8fd243efb2bfd2f200cb99ee,1,weighted,[350],0,0.0,0
25,e21128d6906243a58807600c9e0744b4,1,weighted,[350],0,0.10526315789473684,0
26,b612d7f272cd452dab8379571e41f3dd,1,weighted,[350],1,1.0,1
27,40f708bf9a744a90b62edfb3b44ad9cf,1,weighted,[350],0,0.0,0
28,b5b3c4c6f37c4de3907df3b82c13a2d7,1,weighted,[350],0,0.8,1
29,ebe6da22787d42bab5690387505c2674,1,weighted,[350],0,0.0,0
30,74953752801446a2abe6b330ce63c179,1,weighted,[350],0,0.0,0
31,ed2ba8953b6a49bb8f961969603a956f,1,weighted,[350],0,0.28571428571428575,1
32,d468e9a904314a5a92582bcfcc7b7635,1,weighted,[350],0,0.0,1
33,59c97e698fe0492890ba2dec20b8ff97,1,weighted,[350],0,0.0,0
34,c00bac5c39534761b85d1adeea7bdd23,1,weighted,[350],1,1.0,1
35,625274d8050f451ebd131104306237c1,1,weighted,[350],0,0.0,1
36,64215d84427e4d709e2914e76df055c5,1,weighted,[350],0,0.0,1
37,5464eecea5074ee49a1f281e3855f2d1,1,weighted,[350],0,0.888888888888889,1
38,f4e61efd586744d9941da1aea777b7d7,1,weighted,[350],0,0.0,1
39,e89b8741115d4a248603dde70032bccd,1,weighted,[350],1,1.0,1
40,4dd31c6180e64c4eb59983819779cf2c,1,weighted,[350],0,0.6666666666666666,1
41,1bf26f3035ec45e5874eb0de76a8d903,1,weighted,[350],0,0.0,1
42,f86df4ac102d4a058ac5a346fed44de9,1,weighted,[350],0,0.0,1
43,ace17f51ddc44d7db28c05c44bc5d658,1,weighted,[350],1,1.0,1
44,e2c278dfb89b444389ac7fa574c14697,1,weighted,[350],0,0.0,1
45,9b01a7aac7fb40979eccbed5da004372,1,weighted,[350],0,0.0,0
46,6778d6c630a84294a6dd81fbfabf9177,1,weighted,[350],0,0.0,0
47,35190f405eb4417497a797f137fb3f1b,1,weighted,[350],0,0.0,1
48,a5d866dd01974343ba3475ba0ca2387c,1,weighted,[350],0,0.0,1
49,34a877cef8f4456197484f09d1643e87,1,weighted,[350],0,0.6666666666666666,1
50,f87ac51d4db74ff7b51a4c5ea00723e8,1,weighted,[350],0,0.0,0
51,9bb1b01620ea4ed28be3d13447145272,1,weighted,[350],0,0.6666666666666666,1
52,68b7a9d693f84289b1d8cca76c5daf3b,1,weighted,[350],1,1.0,1
53,413339d30cc447a884eb601571769b06,1,weighted,[350],0,0.0,1
54,b0d97074e304423bab66769456c4890d,1,weighted,[350],1,1.0,1
55,9827d6f7626d46c188fc893ff0e12fd9,1,weighted,[350],1,1.0,1
56,3750487af26c40af96cb49550876a52a,1,weighted,[350],0,0.0,0
57,5010c8ecc7584e2d86bbb2ab8acfa878,1,weighted,[350],1,1.0,1
58,c5b80b9f943d4bd3b11c84700bff495f,1,weighted,[350],1,1.0,1
59,7bfe3ee0862a4bdbb5e06b894cfefd29,1,weighted,[350],0,0.5714285714285715,1
60,d7f9ec97994d42c3bf9dfc7e853a3d66,1,weighted,[350],0,0.2666666666666667,1
61,dc530a1b42fc45af9b9112f391db3504,1,weighted,[350],1,1.0,1
62,6d8f6111e0f2484f961308f6dc5270b3,1,weighted,[350],0,0.5714285714285715,1
63,ef32addb3b9b4c8ab122fd787122a657,1,weighted,[350],0,0.0,1
64,79e87ee729dd4f40b1492c9d24d26541,1,weighted,[350],0,0.0,1
65,94b8ba1c855e4789a90cd5692ee3e710,1,weighted,[350],1,1.0,1
66,7de2c568942c4160a93c7c80f264030f,1,weighted,[350],0,0.0,0
67,eeef45fe8f664128b6f49991e5695c3e,1,weighted,[350],0,0.0,0
68,fb575e95e21843f9bc7ab8acdde72ee7,1,weighted,[350],0,0.0,1
69,0ae51cad51b340cb9ce156a667e11a5e,1,weighted,[350],0,0.0,0
70,2e3e4e90adb64e86bf0e6ccf5499126b,1,weighted,[350],1,1.0,1
71,8b49dc87c93b45c48eb62e4a0b8ac604,1,weighted,[350],1,1.0,1
72,dafae23b13b148619784124572b26008,1,weighted,[350],0,0.9090909090909091,1
73,054d98807bed447f896aaa343005bb89,1,weighted,[350],0,0.0,1
74,fee6642b071a46e9b1a005d63b58a98c,1,weighted,[350],0,0.6666666666666666,1
75,ae35f52b8069416da505e192383e1cab,1,weighted,[350],0,0.8571428571428571,1
76,21976ca866684313b86aa9450c61406c,1,weighted,[350],0,0.0,1
77,bfa3a133f4fc48eda18b7464dddc5e70,1,weighted,[350],0,0.0,1
78,8809bd64552f4f7aa8f53f493602ceae,1,weighted,[350],1,1.0,1
79,4e6de19d338a44b6bd4bbaec2c3c0635,1,weighted,[350],1,1.0,1
80,121d9ead9e87477baedf4605be92bbf7,1,weighted,[350],1,1.0,1
81,96478949a8214ae4bd74130d64466203,1,weighted,[350],1,1.0,1
82,e2bc1abc94f141399b0b004676f84171,1,weighted,[350],0,0.8,1
83,a018ca4c1e8e4a44b48188655383c8a5,1,weighted,[350],1,1.0,1
84,2c175bdf51494ae1a97be4ed1a365825,1,weighted,[350],1,1.0,1
85,916d57f6183b4c52999933fe394cae6e,1,weighted,[350],1,1.0,1
86,2324b8d221fa41d58267b515b1a1109a,1,weighted,[350],0,0.0,0
87,c0d3770ca41e4463958dca0c88ce3979,1,weighted,[350],0,0.0,1
88,68ac44d7d9e24aee8fcaa91e0f364062,1,weighted,[350],1,1.0,1
89,f6ea20f22a394788814a7b4374246cf9,1,weighted,[350],0,0.923076923076923,1
90,5f53831743434c24b29ed9b858d87e4b,1,weighted,[350],0,0.888888888888889,1
91,20c6639f94d24a91ac79c15024fcd5f7,1,weighted,[350],0,0.4,1
92,6c6f0f2b83e546e39bc40d37b0ee9975,1,weighted,[350],0,0.0,1
93,a1b8855de6ff4bf2b8afc5942486e88c,1,weighted,[350],0,0.0,0
94,986fec610e0e4bf9bb3de6be1fa0356e,1,weighted,[350],0,0.0,0
95,ce5d0f11b9664510a27bf3c483792f13,1,weighted,[350],1,1.0,1
96,3f092922c6854e3f8bdf22cc50cf71a9,1,weighted,[350],1,1.0,1
97,811785fb9d684ccd9577541cd4c94555,1,weighted,[350],0,0.0,1
98,66d0e7da123d49fd8f8016dc27775052,1,weighted,[350],1,1.0,1
99,1646e87aca7b4f078ae816044f0f5955,1,weighted,[350],1,1.0,1
100,d2747da8e1e1416cb057ee8651131dd8,1,weighted,[350],0,0.0,1
101,8834ade537ca4faca9fb3bdd7efcb88b,1,weighted,[350],1,1.0,1
102,81a06cc7f0ed45fba03d40062246bf0f,1,weighted,[350],0,0.4,1
103,9f8bb4dd263246dbac8f331f745d2e5a,1,weighted,[350],0,0.33333333333333337,1
104,d0940d4e2f8b4c23817a178bf3f2ee85,1,weighted,[350],0,0.0,0
105,62b2d8702439498197acee357c30a8bd,1,weighted,[350],0,0.0,0
106,1fcf01709c0b404da2b3024ac0a02eb0,1,weighted,[350],0,0.0,0
107,f299e2d5b4264decb2fd2ab4d6a53c2d,1,weighted,[350],0,0.0,0
108,ecba8f966e03447a940cfff69f9ba8e1,1,weighted,[350],1,1.0,1
109,077524326f6a4e53a728f5341e89f79c,1,weighted,[350],1,1.0,1
110,18cbdcbef93544acac9407596569a64f,1,weighted,[350],0,0.6666666666666666,1
111,afc8672a21f441369ab4b0ffb8532c21,1,weighted,[350],1,1.0,1
112,c64f2789544c45c8bf9dceebb35cfa53,1,weighted,[350],0,0.0,0
113,c2bf5fa95d404050b8f86692d9100be0,1,weighted,[350],0,0.8,1
114,ff5f25fc4c9b4354b49fc603df373ee0,1,weighted,[350],0,0.15384615384615385,1
115,d83aff530fd447b49138953308883ac2,1,weighted,[350],0,0.0,0
116,5b7387ec945d47b8b624c2b55b6a80c1,1,weighted,[350],0,0.0,1
117,987b4118a9304f2f8193ab27a36b0489,1,weighted,[350],1,1.0,1
118,da630eb21dea4abe920e8253d4fd6a34,1,weighted,[350],0,0.13793103448275862,1
119,1cfc4441a86445fab7952656df2d64a0,1,weighted,[350],1,1.0,1
120,5cac964bb57446e39b0f58d6043c12d7,1,weighted,[350],1,1.0,1
121,30cbead889fc4c0783a1afd652cfb163,1,weighted,[350],0,0.8,1
122,d7eb4ea422a0440ab1a2ea0d9a313198,1,weighted,[350],0,0.0,1
123,c8c3c9f350c5469da18f367a6a250097,1,weighted,[350],0,0.0,0
124,b47d1c59552a453ba57c2121f029242d,1,weighted,[350],0,0.0,1
125,29b82a59344f4d38854c476a31827ba7,1,weighted,[350],0,0.0,0
126,9a0b3de216b6498699f9a1745ef51447,1,weighted,[350],1,1.0,1
127,f126e81901054b3ba5fb4ce920b1df38,1,weighted,[350],1,1.0,1
128,0a8eff0d1b134de888817e44d2e889b1,1,weighted,[350],0,0.0,1
129,054b7315353146d4b0ad624514005ef2,1,weighted,[350],0,0.0,1
130,f4ef4313787d49d7851ad2a6c66cf163,1,weighted,[350],0,0.5,1
131,e3602ad5a2864891955a696e59594e76,1,weighted,[350],1,1.0,1
132,2a9c56b5a5ae43b78f7f7d9dccdca491,1,weighted,[350],1,1.0,1
133,4fc9afe35d8c4cdf8115fe9faf6ac96a,1,weighted,[350],1,1.0,1
134,065ce886fe8c41088ba6b71c82ab6229,1,weighted,[350],0,0.0,1
135,928063d9906145b6b83392f5068efb4f,1,weighted,[350],0,0.0,0
136,455324ce37fa42c8af627f9f832cfb24,1,weighted,[350],0,0.0,0
137,1af7aafeb2e24d348d72b7559a2ce754,1,weighted,[350],0,0.25,1
138,c4c3e45a17884ef78442ed584e442741,1,weighted,[350],1,1.0,1
139,2e7792c3711b4a139cf99e7dec1b7e26,1,weighted,[350],0,0.8,1
140,8d3d4915ed104234bca2e7e8eb591d6e,1,weighted,[350],1,1.0,1
141,7876cd87c6e845f484f841d243a021a0,1,weighted,[350],0,0.25,1
142,faca8fa5d6724e3f95ea8550bbb1a3c8,1,weighted,[350],1,1.0,1
143,76c6e9ef00884f509bc625e25b15cc85,1,weighted,[350],1,1.0,1
144,0db9e6fa3f21435996d0bf1e3b3f8adb,1,weighted,[350],1,1.0,1
145,ca61917ae999408c84f855c26dc48c68,1,weighted,[350],1,1.0,0
146,c6d27c29d4774501b4f046af3bb83dfd,1,weighted,[350],0,0.0,0
147,8da0d6902cab4114b140672981c41ece,1,weighted,[350],0,0.0,1
148,d809c82de0cc41a391a8476fbedc4638,1,weighted,[350],1,1.0,1
149,6a9dae85ef8448b88947f67b7368cd84,1,weighted,[350],1,1.0,1
150,62ccc3554230408fb85b346dedaeffa9,1,weighted,[350],1,1.0,1
151,9724aa5ceb194973a23f99d088987015,1,weighted,[350],1,1.0,1
152,8c513011d82543469328cb90f190d67c,1,weighted,[350],0,0.0,0
153,352bbdac5d414a65a714e30a0fd97f42,1,weighted,[350],0,0.8,1
154,c46c0d1751554ccea747cb3825bdbe66,1,weighted,[350],0,0.0,0
155,1b99dffb92c14a838fdb91967645cbf0,1,weighted,[350],0,0.0,1
156,fe231269e136464c857e4cedaa8a523e,1,weighted,[350],1,1.0,0
157,b7ccf71e49054da2a836cbd7dcca51ae,1,weighted,[350],0,0.0,0
158,c5d1601dece84ce895260d42931118c3,1,weighted,[350],0,0.0,0
159,c6e9bca537a64d47a1f219d04aa484cf,1,weighted,[350],0,0.0,0
160,19174950ad6b4759929f41cb2aa6b979,1,weighted,[350],0,0.0,0
161,08e1f398fc554a2b9cc745c89b8ddd1c,1,weighted,[350],0,0.0,1
162,4e8ac0b2d2c448099dea09b0b88032b6,1,weighted,[350],0,0.8571428571428571,1
163,ba68aac128784f47a20eafdb4fa84627,1,weighted,[350],1,1.0,1
164,9b6a4b25c0cf41d89f69fab7e636d836,1,weighted,[350],1,1.0,1
165,851dc215cd4f478ea5bc5be433bb650b,1,weighted,[350],0,0.32,1
166,73df4341944b4832a7110492fec95939,1,weighted,[350],1,1.0,1
167,82498b7e764c4a77ae54de9e49a211ce,1,weighted,[350],0,0.5,1
168,d12c3c9ff7254b76a83a3c702e0f1411,1,weighted,[350],1,1.0,1
169,9b5c249c46644e04a2d28d98bac5f951,1,weighted,[350],0,0.0,0
170,b31c60bda086454a900948cde75eb053,1,weighted,[350],1,1.0,1
171,68ea789496074f56878ceddf5f0bb6c0,1,weighted,[350],0,0.0,0
172,2fbb04100c444abda7f972b3c7ca55b9,1,weighted,[350],0,0.7142857142857143,1
173,ff83ee0ffed94025b218bc5444b14880,1,weighted,[350],0,0.0,0
174,811443af769846bd88db9031899cf838,1,weighted,[350],0,0.0,1
175,2737e76f68ed4c889e75300d5d707fbb,1,weighted,[350],0,0.18181818181818182,1
176,5c48b89357aa48fd8a1aafaeabe73c4c,1,weighted,[350],0,0.9333333333333333,1
177,57b5639ab5b441d9956c8bb4d17cf3e2,1,weighted,[350],1,1.0,1
178,b7f2e1ae39b54396b93b90189b8ef3da,1,weighted,[350],0,0.0,1
179,ed32ea00d52a492b93ce00ce06b93f4a,1,weighted,[350],1,1.0,1
180,45e285d6497d478b835ec6f97fe0edb8,1,weighted,[350],1,1.0,1
181,287086d87ca540629ea9a5d1f3e42827,1,weighted,[350],0,0.0,0
182,66671cea0dee4e95ace4c4ccbdcc094b,1,weighted,[350],0,0.0,0
183,1c3202898a2340d8b9ee33b3d2feb483,1,weighted,[350],1,1.0,1
184,b91f7ce859194bf3a952f9948618cfaf,1,weighted,[350],0,0.0,0
185,8da9a487491d4861815c860882b46f1b,1,weighted,[350],1,1.0,1
186,b0bc5b996f8c43a4a27f7a0a92100227,1,weighted,[350],0,0.0,0
187,b3d3a7f3fd00419c896e03a2dd70c2eb,1,weighted,[350],0,0.0,0
188,9723fcbfda3b41f1a2928a72b5614b05,1,weighted,[350],0,0.0,0
189,354948edd4c94ed49d3c744a8213b0e4,1,weighted,[350],0,0.0,0
190,06ad4f09434a47e7a9563d96bde0e71f,1,weighted,[350],0,0.7804878048780487,1
191,9ed3661a6d2945fbb92425ece8bc177e,1,weighted,[350],0,0.0,0
192,ef60d03b67d34a1190d04693fee8767f,1,weighted,[350],0,0.0,0
193,63fc6e7a70aa4d60a8cab579a90afb9e,1,weighted,[350],0,0.0,1
194,8c780963994f44c7835580cb22bc2fdc,1,weighted,[350],0,0.3636363636363636,1
195,60f332bc68e64d8680e179e359b0d6fa,1,weighted,[350],1,1.0,1
196,69e712f057644faf86a9688a85a2deee,1,weighted,[350],1,1.0,1
197,1a4a586dd10143f3a68247ae4c535713,1,weighted,[350],1,1.0,1
198,ba52569b388b4b339129a0277c7eb2e8,1,weighted,[350],1,1.0,1
199,a5c81a5e5d3c42d089cd98f0b556de2f,1,weighted,[350],0,0.0,0
200,0af880e8558a4fc3afbc9a8a25d081fd,1,weighted,[350],0,0.4,1
201,073515a682484ceaac87a83d1ab38a06,1,weighted,[350],0,0.23529411764705885,1
202,36ab12ff07cf46ed9af03891964f20de,1,weighted,[350],0,0.0,1
203,b189954307e7414b9d81ad99c7b730bf,1,weighted,[350],0,0.24,1
204,37c0ef1f9eb3412594ff30f21611b882,1,weighted,[350],0,0.0,0
205,dc27c4c56b014020bd9e8a799860b06e,1,weighted,[350],1,1.0,1
206,aa9da743626a453780aaaf56e7816508,1,weighted,[350],0,0.0,0
207,5b94852dff984b19bf8264cd8bc1caa3,1,weighted,[350],1,1.0,1
208,980522a80742433e96b144a86fd2ddce,1,weighted,[350],0,0.0,0
209,c5fc7fc4522b43b7a0802acbd3963efd,1,weighted,[350],1,1.0,1
210,7374f521a2854922b8f6f8890ecda23d,1,weighted,[350],0,0.32,1
211,29cd58ae62e94dc4b7315ce4b50010ef,1,weighted,[350],0,0.5,1
212,5fcc6fb126e14d65ba4d0d86bb28a8be,1,weighted,[350],0,0.0,1
213,2b41e95bcc554f69b8d594bc3d05bf1a,1,weighted,[350],0,0.07142857142857142,1
214,8ae5ae5b607b4dbc86f7da5147a095c7,1,weighted,[350],0,0.0,0
215,fc7d87cd43814b8db5d9bcc43cba1da3,1,weighted,[350],1,1.0,1
216,0338d7711b1646d6be2b815c279cff54,1,weighted,[350],0,0.0,1
217,dcb53cda7e6144fca04963ac7581bcdd,1,weighted,[350],0,0.0,1
218,ecccb9b15eb3413d8f3a5ad8d8983716,1,weighted,[350],0,0.0,0
219,fa3b764edd7a4c44be5b8921112e8bf6,1,weighted,[350],0,0.0,0
220,493624c8263b40ec97c127e45b45d5c1,1,weighted,[350],0,0.0,0
221,ebee9fdad5b64bab83267a364ea4d10b,1,weighted,[350],0,0.5714285714285715,1
222,1fd96469f9a24b37814917f25f8060f2,1,weighted,[350],1,1.0,0
223,f97696deb9704d2f8ae5834f9fcdd88c,1,weighted,[350],0,0.4,1
224,da54c67b92b74a2c91d2227d09a41438,1,weighted,[350],0,0.0,1
225,1416c66b2eb543aea04972d5780b31d6,1,weighted,[350],0,0.0,0
226,ec0a4212a5df47f682fbba53188e7af8,1,weighted,[350],0,0.0,0
227,856b14030ac342bb979ca5091377cff0,1,weighted,[350],0,0.0,0
228,58c9a110235b4879950e679babb53318,1,weighted,[350],0,0.6666666666666666,1
229,eff7102be794409081a5e3b3ef3c9518,1,weighted,[350],0,0.05263157894736842,1
230,99331d54ed084ccf98837531ede526e3,1,weighted,[350],1,1.0,0
231,400ab40069334ea6a12b1085941a9880,1,weighted,[350],1,1.0,1
232,9f1d761a46c64578849ff7408c6351b2,1,weighted,[350],0,0.25,1
233,241f5227a1124be591341cf33b2ecb2f,1,weighted,[350],0,0.8571428571428571,1
234,4f05dc53dcc24ed1a59fdd5d950966d0,1,weighted,[350],0,0.14285714285714288,0
235,e1dac33266d048c89894eab0b0dc1c2a,1,weighted,[350],0,0.0,1
236,ce3ecd44941f4597ae927b61841b860a,1,weighted,[350],0,0.0,0
237,d031593cc6f142f6bba7e64ea9224dea,1,weighted,[350],1,1.0,1
238,5b5d465a7ab2427485a00f3638543996,1,weighted,[350],1,1.0,1
239,53fe1484646648969f42e40f550ab7ef,1,weighted,[350],0,0.6666666666666666,1
240,d86c4a3e9c944a5595ffd076817380c9,1,weighted,[350],0,0.0,0
241,d847d59c18884a8eaddd5fc55d047799,1,weighted,[350],0,0.0,1
242,b5e7dc56ca2e4d68bc9b59696bca7f75,1,weighted,[350],0,0.1904761904761905,1
243,bd356a60992b44f7840f99ffc390382c,1,weighted,[350],1,1.0,1
244,f8c03f10b27045d89e068c461ea3d69c,1,weighted,[350],0,0.0,1
245,f57595f77502405fbe6baf093d8baea0,1,weighted,[350],1,1.0,1
246,a697c765c3e74e0cb48088ea3ecdcdb1,1,weighted,[350],0,0.6666666666666666,1
247,57e62137793b4537bb7eb95d44481eb3,1,weighted,[350],0,0.0,1
248,7cb53bae73d64900a63fde04f93eceea,1,weighted,[350],0,0.0,0
249,a8ff7b13f4b943d89f09cf03cbde580a,1,weighted,[350],0,0.0,0
250,547765c1158b4a5a8100d6a300aa88b1,1,weighted,[350],1,1.0,1
251,31d748672420422aa724d2b6db6b1d18,1,weighted,[350],0,0.8,1
252,f8542bff725c4264aaf360ad929a1807,1,weighted,[350],0,0.0,0
253,0d56e8c7e4b6449696113a82ec0da19e,1,weighted,[350],0,0.5454545454545454,1
254,0ad40f362389498382471e1f6171f996,1,weighted,[350],0,0.5,1
255,9adfdf882a9a4f8bb69b96506ce7471c,1,weighted,[350],1,1.0,1
256,63b89182644f454c92026c4ca6747140,1,weighted,[350],0,0.0,0
257,62c441cc36584729bc6608d4f56ca4d6,1,weighted,[350],0,0.0,1
258,480a34c34b094ac6b071bc658c0da810,1,weighted,[350],0,0.15384615384615385,0
259,db571ac79d34404b9a59b62c7fd38c56,1,weighted,[350],0,0.0,1
260,9e3b57d9763d4f1da04cc784d5944be2,1,weighted,[350],0,0.0,0
261,7594504b380443f6920beb03b1379bd7,1,weighted,[350],0,0.6666666666666666,1
262,d0a7880cce6f4bce95aaaf322c41355f,1,weighted,[350],0,0.16666666666666669,1
263,bdc7cf3241594e52a3164b489f50370d,1,weighted,[350],1,1.0,1
264,d5500a7bfa4d4b1683dc90808707e306,1,weighted,[350],1,1.0,1
265,8bf4e9d3157446bd95bbea12227c100b,1,weighted,[350],0,0.5,1
266,487cd2a2f5ee49bb96d33d0d56ea6a2b,1,weighted,[350],1,1.0,1
267,8fcc1e39bba146a08300eef42c641e71,1,weighted,[350],0,0.0,0
268,383db81acf1f476d8aa21be94cc9daa7,1,weighted,[350],1,1.0,1
269,3ded2ac8aff04250896711bfc070cd39,1,weighted,[350],0,0.0,0
270,fcccb4baf6314a589f6725cf1dc37979,1,weighted,[350],0,0.3333333333333333,0
271,3365b3e46e9240dca893042f6f34486f,1,weighted,[350],0,0.0,1
272,7f764f3b545744048cf82108c4bb5157,1,weighted,[350],0,0.22222222222222224,0
273,ad0e4b1a103d400f9ef4dd6827e215b9,1,weighted,[350],0,0.0,0
274,198f769edd5c4bd7b829ffeaa6d595c1,1,weighted,[350],0,0.0,1
275,e296d418c6614640b45afe738e0fe7ce,1,weighted,[350],0,0.2857142857142857,1
276,489edeed2f20435b9fc8ab429d160239,1,weighted,[350],0,0.0,1
277,b39eac495217430ebe3cfb37878882ee,1,weighted,[350],0,0.0,1
278,e772ff7304f54b78a3280763cf427221,1,weighted,[350],0,0.0,0
279,d16db94dc08840cb930ce9cf59151bef,1,weighted,[350],1,1.0,1
280,92100c8dcef141f69ab22ef3ad13d9d5,1,weighted,[350],1,1.0,1
281,11452fbd4fdb40d8bd8f10d24a8087e2,1,weighted,[350],0,0.0,0
282,3b8f128366fb4a669715a4b6cfc166cd,1,weighted,[350],0,0.05128205128205128,0
283,3dd9a7133b594635ac914a6abccf0e46,1,weighted,[350],1,1.0,1
284,f2f07af9f9874dc992ca32c22063ffd4,1,weighted,[350],0,0.0,1
285,5ff5d8f1083b442cbf759f1980f8cd15,1,weighted,[350],0,0.0,0
286,8047bb5d810b4c2f967c45b876ff4bb8,1,weighted,[350],1,1.0,1
287,1e7aa41fe6ff4d048cf6c314eaae526a,1,weighted,[350],0,0.0,0
288,32e5e53144904525bdd91c2346ecdc21,1,weighted,[350],1,1.0,1
289,3645db7e841f4242ae0b3be674e8bc8a,1,weighted,[350],0,0.4,1
290,b344f9c87e2d4e5498338ea56023892c,1,weighted,[350],0,0.8,1
291,cae1c72a196e41c0919e17bc003a3a5f,1,weighted,[350],0,0.0,0
292,d21a2587e9e64ae08a9243d3f950521b,1,weighted,[350],0,0.0,0
293,f8657886cea34216b10630e96b7a2932,1,weighted,[350],0,0.15384615384615385,1
294,14c07142ff80440483ee9fdc0f2d8b06,1,weighted,[350],0,0.0,1
295,c1028f19198147868af85aa60943519d,1,weighted,[350],0,0.0,0
296,c5e69a8c19ec4fadb153de7ed8d06b9f,1,weighted,[350],0,0.6666666666666666,1
297,b476d07cc2e747d0bad28a795661540d,1,weighted,[350],0,0.0,0
298,ce3ef968a0704a3fa36f7f605ed0031a,1,weighted,[350],0,0.0,0
299,5d6dc2b279594850a8ffce1f1b7892aa,1,weighted,[350],0,0.6666666666666666,1
300,74518b730d2941859c8fc206f74de46a,1,weighted,[350],0,0.3333333333333333,0
301,679586e746bf437fb4372790a38aaa81,1,weighted,[350],0,0.0,1
302,5aaeceef16f34275b07bef56b93edddc,1,weighted,[350],0,0.0,1
303,cf3bbf5197224180b1a20f44bba8ff58,1,weighted,[350],1,1.0,1
304,77581c9e1c504eb6a88f1cc8693a1f7b,1,weighted,[350],1,1.0,1
305,57c251b6218b4c1094f9dfb9f53f2a21,1,weighted,[350],0,0.0,1
306,786e56a75654431f8335c0a57f0e3d3e,1,weighted,[350],1,1.0,1
307,e3ece1d381234fa9a9402f702b38c5b5,1,weighted,[350],0,0.5714285714285715,1
308,f5627bd7cf9545e78204161253ca2e8e,1,weighted,[350],0,0.8571428571428571,1
309,4f1dcb1b8e9745ddb92444ccacb4b1b8,1,weighted,[350],0,0.6666666666666666,1
310,98bbd1deff4143b780e5d123925bdbee,1,weighted,[350],0,0.0,1
311,f510e4b92495473db9b86dd2d5b6eb18,1,weighted,[350],1,1.0,1
312,7baaa5545ac44114b79c5420d561d85e,1,weighted,[350],0,0.6666666666666666,0
313,143a0df7e66a473ba5804b1c75f56c86,1,weighted,[350],0,0.0,0
314,bd0f2b0fc40146edb228ac6be2fd9e5a,1,weighted,[350],0,0.3333333333333333,1
315,06bff66d3af04edd808a81c4b0a106a7,1,weighted,[350],1,1.0,1
316,cbb5d9c625b74ae1b3426d2a185549c4,1,weighted,[350],0,0.0,0
317,3bb0f77a9cbc44fab12fdc8005e69f91,1,weighted,[350],0,0.0,0
318,5f24d26d866b410da298cec18f321605,1,weighted,[350],0,0.4,1
319,e6bd79cae1cb472c990b5226f2a87152,1,weighted,[350],0,0.33333333333333337,1
320,e111ffbe05e4468c85bfaeceec2ea821,1,weighted,[350],0,0.0,1
321,8caeb3cde3074e66af2795f258908f69,1,weighted,[350],1,1.0,1
322,f8b5c43adc974d82aaab3f81649ca754,1,weighted,[350],1,1.0,1
323,574519a5dbfc4727bd68c1f4f0ad92b0,1,weighted,[350],1,1.0,1
324,842b90f71d4142229534788a21189892,1,weighted,[350],1,1.0,1
325,09a4f669c3ce4432954d3b5348ffde56,1,weighted,[350],0,0.2222222222222222,1
326,b2a92b434a344e49b3a6911bfd86e98f,1,weighted,[350],0,0.9090909090909091,1
327,6029989106ef4c32bc7eb342670dc8c1,1,weighted,[350],0,0.125,1
328,e412730b37274c11bad105b38ed9e196,1,weighted,[350],0,0.5,1
329,c5c6d814143a4f1eb7cc7546d9654173,1,weighted,[350],1,1.0,1
330,0633af8dabeb4925bf0fb0110cc54247,1,weighted,[350],0,0.13333333333333333,1
331,044418fd6fd646ec89a54a7013712c9d,1,weighted,[350],0,0.923076923076923,1
332,8b9a2f29b35b41e38cb94347237d59d7,1,weighted,[350],1,1.0,1
333,26782a326a394d688dda2441308bf00a,1,weighted,[350],0,0.0,1
334,f9bf09905dc249e69f69c4db9b323d0f,1,weighted,[350],1,1.0,1
335,07f2d15033cf4fb6916bed5d56dcb8f5,1,weighted,[350],0,0.8181818181818181,1
336,a045cbc6199c4b9e8dbb8545febda365,1,weighted,[350],0,0.0,0
337,af446346d828479ca02c375ec2973773,1,weighted,[350],0,0.0,0
338,8447a26148c9454da18385e3d9fa4a3c,1,weighted,[350],0,0.0,0
339,2a7071c8d8c74dac901956228d59fdfb,1,weighted,[350],0,0.0,0
340,55bc45f2e63149869e4d0e52da6cb421,1,weighted,[350],0,0.8,1
341,bb2c93be295348eb933e57a16325af76,1,weighted,[350],1,1.0,1
342,cff18af0aed84c39ab0d156de7f507f8,1,weighted,[350],1,1.0,1
343,423f76b5864047f480599c7946546eb1,1,weighted,[350],0,0.0,0
344,0754e951855e46df80b0269253e4acf7,1,weighted,[350],0,0.0,0
345,5bdc71bbfc6e4934aa337ab24559eb6c,1,weighted,[350],0,0.0,0
346,b71eed014a8c4e51ba0bb48aeb1939ae,1,weighted,[350],1,1.0,1
347,d09f358431284dea95dec8e61590dbf4,1,weighted,[350],0,0.0,1
348,5bbab85f5ac243a9b98914f8c7af6eb4,1,weighted,[350],0,0.0,0
349,18cc95b228434b23a3969ac0d65687fa,1,weighted,[350],0,0.0,0
350,b322fdc7819546138582ebc07e8aa7a8,1,weighted,[350],1,1.0,1
351,f955cb3e7bda4a93a867b361b7b96327,1,weighted,[350],0,0.4,1
352,62e9113dcca84b61af8304429b1570da,1,weighted,[350],0,0.0,0
353,f3fc1b6ee3b24e47856d9fe7730350a2,1,weighted,[350],0,0.08333333333333333,0
354,8f0cfcb0d46d43eeb6c7ee04cd29c027,1,weighted,[350],0,0.0,1
355,82eb7d4504834ceabad83742c2d0ab5c,1,weighted,[350],1,1.0,1
356,bf16d51b5b9540ec83fba053bc26a8a9,1,weighted,[350],0,0.11111111111111112,1
357,e62ce90267b149f7a65dc0901c614317,1,weighted,[350],1,1.0,1
358,8e376a7767224f8381c8ee661c43ad16,1,weighted,[350],0,0.4,1
359,435fd88dd9034cf1bd211e03bab2bed5,1,weighted,[350],1,1.0,1
360,109740b4edfa49c5961632436d1df48c,1,weighted,[350],1,1.0,1
361,a4c31c16dd1a4cf493b8c20500a88539,1,weighted,[350],1,1.0,1
362,721498d8723844d5b1ab0d15eb8e7699,1,weighted,[350],0,0.0,0
363,1699130630f2472cacfcbfe214d40416,1,weighted,[350],0,0.0,0
364,cceb8fa1b2a84757932a6f7ae86b3653,1,weighted,[350],1,1.0,1
365,147cef44c6e64257a962d7ed7e7df893,1,weighted,[350],0,0.0,0
366,afdf5764dddf4d858cff8be47f91fba7,1,weighted,[350],1,1.0,1
367,77dc5fcd3f654630a9a8ec90c9375b45,1,weighted,[350],0,0.0,0
368,3a33ecb066b9443e85b68c446f45b287,1,weighted,[350],0,0.6666666666666666,1
369,43204be4d77d421990db36f2d9951e63,1,weighted,[350],1,1.0,1
370,4c961dd89b054526b342c921486477a6,1,weighted,[350],0,0.0,1
371,89b7733b0a994df7b4250953ccff9c24,1,weighted,[350],0,0.21052631578947367,1
372,8b627a95012d4f65a70aff1249d43d64,1,weighted,[350],0,0.8,1
373,b99c50bfd5f849afb601bd8ac95b0bf4,1,weighted,[350],1,1.0,1
374,ff383ab32c9942908db5946a8fe654d3,1,weighted,[350],0,0.0,0
375,89abc7236e6941ee88a263d88d6d299a,1,weighted,[350],1,1.0,1
376,fadd2528784f4a9fa3b391626e69ffc0,1,weighted,[350],0,0.0,0
377,1958d14b7db54bffbbdd57e3677c08e7,1,weighted,[350],1,1.0,1
378,9966c7735a6649d88366224ff6552c68,1,weighted,[350],0,0.0,0
379,2818d5e47a844bc9831496e2f587a803,1,weighted,[350],0,0.4,1
380,74f114ab49744e608eafab899371d913,1,weighted,[350],0,0.0,1
381,f724593e7f4842569187dae70a2560d9,1,weighted,[350],0,0.0,1
382,3e46e0220a18483fb0fd448bcc36815e,1,weighted,[350],1,1.0,1
383,ec9dedf313ba4f90883a2b01909553b3,1,weighted,[350],1,1.0,1
384,2e9b048c06dc45be97da6116056f74f6,1,weighted,[350],0,0.0,1
385,efc438e4fd18417daa0e662499fbe956,1,weighted,[350],0,0.0,0
386,33313f986ec740f3b824bc3accb9111e,1,weighted,[350],0,0.5,1
387,8eacd2be836f472a83d7008f33ed8506,1,weighted,[350],0,0.0,1
388,6cb904d598ce4f7ebb4e4283a24a2f63,1,weighted,[350],1,1.0,1
389,194bd503229c46c3b308896e770e1eb1,1,weighted,[350],1,1.0,1
390,0c1c6f6b44e3466eac1a68dadefd06ab,1,weighted,[350],0,0.0,1
391,c5559fa0b9a0438a9b843d4207061a3d,1,weighted,[350],1,1.0,1
392,a168c89e395546be9605e969f682e554,1,weighted,[350],0,0.0,1
393,849240180c584f71bc56c0c92c5df5fd,1,weighted,[350],0,0.0,0
394,d69a7141ec1c4110ac124dd58d19b8b4,1,weighted,[350],0,0.03703703703703704,0
395,d94300f7464c401db93e557fec221320,1,weighted,[350],0,0.4,0
396,fa44913cfa244faa88e773dcc3045012,1,weighted,[350],0,0.0,1
397,e98ac3de59a646c69b6eb17d3e3a4d0d,1,weighted,[350],0,0.0,0
398,d745bee67227422b824140f2734b0621,1,weighted,[350],0,0.0,0
399,25eec8384d9d45b8b75affcc9f164be3,1,weighted,[350],0,0.1111111111111111,1
400,912cb6aecbec4dc2b44ee22a076c3e2a,1,weighted,[350],0,0.0,0
401,f523ba87f5714a108e9bae698f676063,1,weighted,[350],0,0.7499999999999999,1
402,3f28f7be13ad43cda7681b7fa874843c,1,weighted,[350],1,1.0,1
403,51ff7cdf97074a07862234487477ef4a,1,weighted,[350],0,0.7499999999999999,1
404,6e1780414deb4cf9b49568f07b3bdc26,1,weighted,[350],0,0.0,0
405,f61206d61cf94401b8fbb566b0b67ec7,1,weighted,[350],0,0.0,1
406,12859cbba89f494b98e6b7be8b4c88ff,1,weighted,[350],0,0.0,0
407,1e326f32613a417fb55b23337862c62b,1,weighted,[350],1,1.0,1
408,4ff0076b7fe74648806429e78621f265,1,weighted,[350],0,0.0,0
409,531b64eef1bd44568360b3ab40da40da,1,weighted,[350],0,0.0,0
410,ef15b705b7c54e77b276f22c804ce15d,1,weighted,[350],0,0.6666666666666666,1
411,bf9d67fa8b3849ceb410c4dfd7947e5f,1,weighted,[350],0,0.0,0
412,8b256cf4c08f4507b8b2f96d7289b585,1,weighted,[350],0,0.09523809523809525,1
413,ab65135d9fc94f16a97555b6b3c54832,1,weighted,[350],0,0.0,1
414,21c894485b7a4cb0b66313dd1802a3c2,1,weighted,[350],0,0.0,1
415,23f3abb43b8f4f74bffb018bb3943125,1,weighted,[350],0,0.0,1
416,cdec7a0d975642d38b3b2d449bffc3e8,1,weighted,[350],0,0.0,0
417,803441a3a59d42b293810212bf2d6ced,1,weighted,[350],1,1.0,1
418,738dc2a651c7477abe2efc0e5547054a,1,weighted,[350],1,1.0,1
419,2fcf533dede444f2a0296b3bf112e0bd,1,weighted,[350],1,1.0,1
420,a1747749a3904c53b124b17ba86b1df6,1,weighted,[350],0,0.42857142857142855,1
421,95a04d9fc49441cd901191b2390f05cd,1,weighted,[350],0,0.5,1
422,1a82de30a1e546bbaf099a05d79a6230,1,weighted,[350],0,0.5,1
423,bc20c452e45644e4beb92b0f35859105,1,weighted,[350],1,1.0,1
424,1f2ee8a4ce5d448e8ed30e7ca27b2b32,1,weighted,[350],0,0.0,1
425,3f1a03dd30304609a4e646069b0deffd,1,weighted,[350],0,0.0,0
426,a256f8f1dbd644c98a3bc79d072405fc,1,weighted,[350],1,1.0,1
427,35d000cd64d14585bd474322dc4f4f70,1,weighted,[350],0,0.6,1
428,7e9ac1c4bf0845eab105c8b1b9265db2,1,weighted,[350],0,0.0,0
429,652962af37ce4c5799789678fa661553,1,weighted,[350],0,0.39999999999999997,1
430,f5894ccfbf314a63baaca983e208a43b,1,weighted,[350],1,1.0,1
431,8a3561154a454ca597d3a9a636a95a93,1,weighted,[350],0,0.2285714285714286,1
432,6fe2385a3a1f4e7c8b1982cad82c939d,1,weighted,[350],0,0.8571428571428571,1
433,6f8f3d49dd8845de8307ad2d9fabf269,1,weighted,[350],1,1.0,1
434,a36a9969dee14e6f90fc1785e4d8151a,1,weighted,[350],1,1.0,1
435,1d1a6ab35fe14fdd8bbe88f884d82ce6,1,weighted,[350],0,0.0909090909090909,1
436,fb776aaae451464692b974373b39e4c5,1,weighted,[350],1,1.0,1
437,6616d9ae236f46acb990d2a879bf346f,1,weighted,[350],1,1.0,1
438,374bacece7a6435484e32852ba73f4a8,1,weighted,[350],0,0.6666666666666666,1
439,527a875dd5504c12b1e26cec3ff31fb6,1,weighted,[350],0,0.5,1
440,3b6bbfa360e14c8ea4997b82981bf6f7,1,weighted,[350],1,1.0,1
441,4f66952eeb534a109a11044fcfecf033,1,weighted,[350],0,0.0,0
442,dcd06efd15d8483f9ae99008aae4b8e6,1,weighted,[350],0,0.6666666666666666,1
443,c452c1a025c44bdab1694894c2799e64,1,weighted,[350],0,0.0,1
444,2efef198621244dc8f660e49bcb0b54e,1,weighted,[350],1,1.0,1
445,0b9b15aa02b54f8e82a61c149799963b,1,weighted,[350],0,0.25,1
446,a77bad2720ec43aba758a5c99624b6c3,1,weighted,[350],0,0.7499999999999999,1
447,42c9c8fe7ee843dbbe578fdc4dbba39a,1,weighted,[350],0,0.2857142857142857,1
448,500e35b80a13424c8eb9c6e6a0b9af15,1,weighted,[350],0,0.0,1
449,490da89fb4c743858167b5b75af14ddd,1,weighted,[350],0,0.0,1
450,03905a27a5b841e59153c2e3de3c99f4,1,weighted,[350],0,0.0,0
451,bb334d8819054ded95d25bd214397832,1,weighted,[350],0,0.0,1
452,ccf8e9a161124b058363c911f27cc4bf,1,weighted,[350],0,0.6666666666666666,1
453,d83d3eda31c14835877587e71ae8f858,1,weighted,[350],1,1.0,1
454,4b7de03eac3642c5aad653d3fe1600dc,1,weighted,[350],0,0.0,1
455,574737b3f4284419a8e2bcf43167e253,1,weighted,[350],0,0.6666666666666666,1
456,4e8d8610abde45809ece08144c48d9e7,1,weighted,[350],0,0.6666666666666666,1
457,80f8912075b14d1a91b62f0c2d06ca84,1,weighted,[350],1,1.0,1
458,6401157d496747a092bf97a5f430d281,1,weighted,[350],0,0.2857142857142857,1
459,614b047fc1144246af208be2a508d5ce,1,weighted,[350],0,0.0,0
460,0dfeb9e7d43747bcac4e5ac700caec79,1,weighted,[350],1,1.0,1
461,edb3d5b64911443798e8e83b07ae5b99,1,weighted,[350],0,0.0,1
462,d54a2fd059b54e2d80b503109524db0a,1,weighted,[350],1,1.0,1
463,c564493e2442402ebb6d4a5af51f7c25,1,weighted,[350],0,0.5454545454545454,1
464,b32d5172d0b3451b83352d24deab59e6,1,weighted,[350],0,0.0,1
465,19d523d3a0824aed8cc62eed5e24f1e4,1,weighted,[350],1,1.0,1
466,4cff857ac2f74c6094f26f596ba0cb1f,1,weighted,[350],1,1.0,1
467,af77d75481ae4b0391017dfd394050f4,1,weighted,[350],0,0.0,1
468,2784aee1dd324e3f8945b73963b7785f,1,weighted,[350],1,1.0,1
469,d89807b1fdda40c2bebb55edf64c3938,1,weighted,[350],0,0.6,1
470,af5369c41cba4379978174fe353ddff6,1,weighted,[350],1,1.0,1
471,6bf1ecc9589d4447b31afde347505919,1,weighted,[350],0,0.0,0
472,ba2b3c2aeb464d8f8a949fc75944bcbd,1,weighted,[350],1,1.0,1
473,112542d377134435a5e6e79b2e9a5c1a,1,weighted,[350],0,0.0,1
474,80a9457351e14111aaf3fb84d3528092,1,weighted,[350],1,1.0,1
475,f2894e10d02a42c2b91b26caefadfbc9,1,weighted,[350],1,1.0,1
476,daccc4268b874f63a33873b7171ba8ff,1,weighted,[350],0,0.0,1
477,540ee9edf9fd4bfc981390d172704bbc,1,weighted,[350],0,0.0,1
478,116602c25c3e4b33b7a5a111f9174cbe,1,weighted,[350],0,0.0,0
479,66225a9def6a45ddaac68462170b34b7,1,weighted,[350],0,0.0,0
480,b75b64ca513e4ae3be64ff5d71a9b652,1,weighted,[350],0,0.0,0
481,1aa0b7493d9b47bbb4625d39922576b6,1,weighted,[350],0,0.0,0
482,ce867b37ae1d4bc6b35988966e721575,1,weighted,[350],1,1.0,1
483,ab351f57bcf34ad6a535ed69e1eed04b,1,weighted,[350],0,0.0,1
484,f8d21ecd07db4b0888ea7c2c91f9135c,1,weighted,[350],0,0.0,0
485,66ccd850630b4a069b80af81f0d8fa0c,1,weighted,[350],1,1.0,1
486,fccd16a6079343e5ad862a07f82e3f42,1,weighted,[350],0,0.888888888888889,1
487,5372bffd269e45f5b80bfa12e294af8f,1,weighted,[350],1,1.0,1
488,1e52126edb5a499381fb1f064dd4377c,1,weighted,[350],0,0.0,0
489,ddf8070fbf124b54bfdca93791ef2056,1,weighted,[350],0,0.0,1
490,ec552a3b81734f36ae2a031fc34b7519,1,weighted,[350],0,0.7272727272727272,1
491,23d1c9c515f3417ab70aba3c3bc43ec8,1,weighted,[350],0,0.0,1
492,af91062c61d0431fa90edb3cffc48da0,1,weighted,[350],1,1.0,1
493,9a9db144769c4ce29c4cdb431d756043,1,weighted,[350],0,0.0,0
494,3e4038716e3948b4b94243cad4cbfd1e,1,weighted,[350],0,0.0,0
495,dab26af5192549f1a07bed7fa63bf47e,1,weighted,[350],0,0.0,0
496,d58a27153bc74f08bfa857c4a80b1c90,1,weighted,[350],0,0.0,1
497,dd5a9212340046e2a340103c45fd7f17,1,weighted,[350],0,0.8,0
498,8b0fb3b8cfee4daba5b93311dbe5c5b5,1,weighted,[350],1,1.0,1
499,822d82601bda4b509b180096346c1885,1,weighted,[350],0,0.0,0
500,cff10f8297c64447bf388d45ed577e95,1,weighted,[350],1,1.0,1
501,ecb8eb62bc3d4ae280ea3151211089a3,1,weighted,[350],1,1.0,1
502,787d235e4c2b4d89b4d9aebff5779cf6,1,weighted,[350],0,0.0,0
503,bfb2c3311c5d45789500d104b3965147,1,weighted,[350],0,0.0,1
504,c754c326486641409687edae575f81ee,1,weighted,[350],0,0.0,1
505,fe0d714e8be546d994f3469fbc3bd068,1,weighted,[350],1,1.0,1
506,cac7bd69b3e546a8aeccaeabc394f172,1,weighted,[350],1,1.0,1
507,8a6ced88638f4bf68c6bb3d7a979d48e,1,weighted,[350],0,0.5714285714285715,1
508,9186ab50536b4241b5033a6f1bfa8c9b,1,weighted,[350],1,1.0,1
509,4166369ecf494ae998597cee8f2be647,1,weighted,[350],0,0.11764705882352941,1
510,78112e7810214d80b8fab5fa51c61200,1,weighted,[350],0,0.0,0
511,38ec897108f245b19aeba0e93e304360,1,weighted,[350],1,1.0,1
512,b26cac2e25c243dd93e2ac30801d55c9,1,weighted,[350],0,0.4,1
513,dda0f54af5084a31a2746f72210b0bd4,1,weighted,[350],0,0.20689655172413793,1
514,8444096a84e9455287180d0b1a928142,1,weighted,[350],1,1.0,1
515,22f46485365f4209a992b2f67feb0440,1,weighted,[350],0,0.5,1
516,de36cde140ee4ceda620f1518dd104bc,1,weighted,[350],1,1.0,1
517,08183378ccb3472d903fd95b3b82e132,1,weighted,[350],0,0.2857142857142857,1
518,cb08cc75e99a4ec9807321f51dd40566,1,weighted,[350],0,0.0,0
519,1667240d3dd740ffa3c317106730a441,1,weighted,[350],0,0.0,0
520,b1de8025e01448dcabb96c7e5fab0186,1,weighted,[350],0,0.0,0
521,4c3cfd857b01453f9d193ba70e0f2257,1,weighted,[350],1,1.0,1
522,bcdd509239274509afc8ae77cb5df604,1,weighted,[350],0,0.5,1
523,f7776c027aca468e87d60716cfe3c1c3,1,weighted,[350],0,0.6666666666666666,1
524,2242d2a664df4bf1967d3689e8b069d0,1,weighted,[350],1,1.0,1
525,420222ccc3794c10a9750e897a4532e0,1,weighted,[350],0,0.0,0
526,fe94d55d37024a71afeebcce19c9779c,1,weighted,[350],0,0.0,0
527,16083c1098654497a127f77ea191c127,1,weighted,[350],0,0.0,0
528,427c5359e1bd4e2ca065c379a9c5d227,1,weighted,[350],0,0.8,1
529,6b25cbff83ef403ba7c2ee3b03a1d8be,1,weighted,[350],0,0.0,0
530,d23a30ecc5b8469c8e6324ff5d42409b,1,weighted,[350],1,1.0,1
531,c4eb8e9e88a64fa49128ad4e99776c91,1,weighted,[350],0,0.10810810810810811,1
532,0e497d4f0b4642248a1e1e4b25960ce0,1,weighted,[350],1,1.0,1
533,02a006ec43e94d8a8fec1ab448fa5e00,1,weighted,[350],0,0.4,1
534,6bdd81ddfa4d41f9a8dac2c1ce206945,1,weighted,[350],0,0.0,0
535,bd35d7a651974bb181849a4486692264,1,weighted,[350],1,1.0,1
536,7992ef8a5e8f4d9da5a3f75f157136a0,1,weighted,[350],0,0.0,1
537,10e96facf13e4091ba5c8cee71226ff0,1,weighted,[350],1,1.0,1
538,e854d8deb6cf4af4ac58d44cb3c027c3,1,weighted,[350],1,1.0,1
539,80109609b1f24dc0859af11d2bf33ca9,1,weighted,[350],1,1.0,1
540,1cc25c3729ab4627a29f3f11172af372,1,weighted,[350],1,1.0,1
541,805a6afa477c45d18a26ebba495ac1b7,1,weighted,[350],1,1.0,1
542,8dcf91cc88c7478fb336f2b856b1f9b8,1,weighted,[350],0,0.0,0
543,34532b23c4624e6e92c4faf30085297d,1,weighted,[350],0,0.0,0
544,ab7f7e70dde447fcaa29fdc20ba659db,1,weighted,[350],0,0.0,0
545,7904eba267c04097b63fb228937b62bb,1,weighted,[350],1,1.0,1
546,27ed5ffe8231443985b27f0d9d605774,1,weighted,[350],0,0.6666666666666666,1
547,cdec18921af845c694384dea037eb6ec,1,weighted,[350],0,0.0,0
548,e5d6b99f2e6d4efea5d77b6e01aa98a3,1,weighted,[350],0,0.15384615384615383,1
549,52e75f8056964c38b2a325a45841c089,1,weighted,[350],0,0.5714285714285715,1
550,241ae106b1f7409d82a03f8296c8a6ab,1,weighted,[350],0,0.1111111111111111,1
551,374f14d949354e9aa9bdcfdc090433d7,1,weighted,[350],1,1.0,1
552,051e0cb33cb64409bbf8e8e79165bacf,1,weighted,[350],1,1.0,1
553,cfc8297fe16243e68fd7df070d7bd587,1,weighted,[350],0,0.5,1
554,7df3df70d1c74ae9a1255fbee295ef62,1,weighted,[350],0,0.13333333333333333,1
555,9238d14529524f97a206ee0d51f157b8,1,weighted,[350],0,0.10526315789473685,0
556,0c9774b9297641e39224f703c4e13ec6,1,weighted,[350],1,1.0,1
557,5837e1a0fc834500856bc94d81b68ac2,1,weighted,[350],0,0.0,0
558,95e677b8475e40e3a6abedec6fe17104,1,weighted,[350],0,0.0,0
559,04aa223c25b44b43ba9c2cc94fb5ccc1,1,weighted,[350],1,1.0,1
560,b18ad0a41f164debb57278760e011fd1,1,weighted,[350],0,0.0,0
561,2ff5deeb56834423b46cb59226137c85,1,weighted,[350],1,1.0,1
562,fc754599d5c048639de9864adbce649a,1,weighted,[350],0,0.6666666666666666,1
563,962454a456cc4bbb9a8d5bfba6abf79c,1,weighted,[350],1,1.0,1
564,902f161fe57f4998b07fd0de6d95270d,1,weighted,[350],0,0.888888888888889,1
565,386263cd9738415982f8a63c4d30c2c5,1,weighted,[350],0,0.6666666666666666,0
566,7fa327c5d6d443e8b5528c521db7bf65,1,weighted,[350],0,0.0,0
567,a3350d80e3c94368aed1d9a34577d519,1,weighted,[350],0,0.5,1
568,0cecc7cafa884126923093cb39466c96,1,weighted,[350],1,1.0,1
569,e23472157c0d4ebe81a0fa5c027b3359,1,weighted,[350],0,0.0,0
570,0d5bc4fc6f0c425b98565b8f80bb6e43,1,weighted,[350],0,0.0,0
571,0104a4f929b64f0e84d574262a285e30,1,weighted,[350],1,1.0,1
572,c5dc840ded554956be6daa4c6631deb3,1,weighted,[350],1,1.0,1
573,6254496b903a42e680fd882f3283fb49,1,weighted,[350],1,1.0,1
574,1f73b3ea836548d496ef68c08f4369f4,1,weighted,[350],1,1.0,1
575,6c170e4dcb7d4be0a567d55d531ba222,1,weighted,[350],1,1.0,1
576,64ca162a7daf4ca0b747b8b3d75eca51,1,weighted,[350],0,0.0,0
577,a73cab123714432c9731e0568fd9d43c,1,weighted,[350],0,0.33333333333333337,1
578,e504aa46a10248e8b18cb4639dce0467,1,weighted,[350],0,0.0,1
579,8e5c3c1a2b514ea2b0d9eb06879364c2,1,weighted,[350],1,1.0,1
580,843521ec385d4ca797c3a37842424dae,1,weighted,[350],0,0.0,0
581,1554e7b389d54ff7904f0bf2d82e269c,1,weighted,[350],0,0.0,0
582,0c64ef2bbeb543bf87efbb0b2617f2b1,1,weighted,[350],1,1.0,1
583,ffc6152628c540ecae6e6bab7f420f28,1,weighted,[350],0,0.8571428571428571,1
584,c7c63ad1a040451eaf13ad8160295ba0,1,weighted,[350],1,1.0,0
585,e6a17a43379a40d1a0388edd679e1fc3,1,weighted,[350],1,1.0,1
586,808b1f032cab4da587ca8837b7ee6686,1,weighted,[350],0,0.6666666666666666,1
587,28ae4259c5bd485a899ec68af2eb4264,1,weighted,[350],0,0.0,0
588,62179d55c8ab4178bb0450eafda198cf,1,weighted,[350],0,0.0,0
589,157c103f7f3942c8be2ee84825ff7f32,1,weighted,[350],0,0.0,1
590,c551f0e759174fbc80c4d851c51c31fd,1,weighted,[350],0,0.0,1
591,8a34a18a13e9487984c1d6839fed053e,1,weighted,[350],0,0.5,0
592,d4b5dfb2769d4208804f62b71b6e71c3,1,weighted,[350],0,0.0,0
593,77eaa1d176e14eb092f85c51020850ff,1,weighted,[350],0,0.0,0
594,8dbad2970e8945f0a4595ccae78e57e9,1,weighted,[350],0,0.0,0
595,01649970ebdc4958a48c133492620c31,1,weighted,[350],1,1.0,1
596,695bcb8dd90046bba77ed4fe322db935,1,weighted,[350],0,0.0,0
597,ce37bce116da48499f15b84b3c158692,1,weighted,[350],1,1.0,1
598,e88a0c1244b5484b830b44a6139bec80,1,weighted,[350],0,0.0,0
599,60b894ff9c6c43c58bc90fcc2aa78e43,1,weighted,[350],0,0.0,0
600,3ffa9e00578043369a677dc8661bfc96,1,weighted,[350],1,1.0,1
601,22389bcc734d49d98fdccaf2c36e5c7f,1,weighted,[350],0,0.6666666666666666,1
602,2d006592676144faac44e16423bfb178,1,weighted,[350],0,0.8,1
603,b20e7a05673a4b3c8ee29beaba23f73a,1,weighted,[350],1,1.0,1
604,299726f939f0420aaeb6e5f33a325d39,1,weighted,[350],0,0.0,0
605,4740a5c55c1f47bf93a59c65525f43e9,1,weighted,[350],1,1.0,1
606,c01e2730fd0544988a6e4c5dc11e0734,1,weighted,[350],0,0.0,0
607,02e40f5399fb4b2386f784865610ff5a,1,weighted,[350],1,1.0,1
608,d9f2855c8621457fb68bac161b7f811b,1,weighted,[350],0,0.0,1
609,4d2ab04164304690b5bbc05618e82a59,1,weighted,[350],0,0.0,1
610,0c1be19d610b4fa59930cc5cc930c9d2,1,weighted,[350],0,0.0,0
611,9d3dd78635084be1bb29a74d6ae963f6,1,weighted,[350],1,1.0,1
612,c992708e6d004bedb81d57b076e33286,1,weighted,[350],0,0.28571428571428575,1
613,cf40be104bfe45338fb4e03c699a2f7f,1,weighted,[350],0,0.0,0
614,07ebc87534e64dfca8d40500fe2ecd3b,1,weighted,[350],0,0.0,1
615,7d4f644a529f41c4b257f9ffb9ce9c87,1,weighted,[350],0,0.2,1
616,18fa422e1baf476fbce6d230e0858000,1,weighted,[350],0,0.15384615384615385,1
617,0178feda5ef74636ba6e5ba11135ceb6,1,weighted,[350],0,0.6666666666666666,1
618,4a93c5ba8a9f4632b9fd8768d008ea73,1,weighted,[350],0,0.0,0
619,a0cdfbc45b3f4641b64a2dfd3bde4c2b,1,weighted,[350],0,0.0,0
620,79668b02828141b4bc20fd9faba0e2d9,1,weighted,[350],1,1.0,1
621,ebf5e6a8dd1742b68312c2c6ada5aad0,1,weighted,[350],0,0.0,0
622,599f7e94db9a48019f887451a66c4e1d,1,weighted,[350],0,0.0,1
623,00388805ff934f4a9f6c374dd50be557,1,weighted,[350],1,1.0,1
624,8067ee0ec3df4208924631047ae0c537,1,weighted,[350],1,1.0,1
625,654cd3a33c974ab989777ea8cd69c130,1,weighted,[350],0,0.0,1
626,ed981c4aeb414002ad995530646965da,1,weighted,[350],0,0.0,0
627,23f830d9e6c24104852473a27360624c,1,weighted,[350],0,0.0,1
628,90f5064a214f4e05b9a65eb206d773ea,1,weighted,[350],1,1.0,1
629,47e690d71a1648aba0e8ee4f18ede013,1,weighted,[350],0,0.0,0
630,5dc68d2932bb4b0f861bd4642c674c43,1,weighted,[350],1,1.0,1
631,e04f0cda81094300afaba328511581fe,1,weighted,[350],0,0.0,0
632,f540c016913344238538408d0b3ac731,1,weighted,[350],0,0.0,0
633,2cdea969eb1441afb20bee7330453eac,1,weighted,[350],0,0.0,0
634,d7a9a5bd73444bfd8f0d54e0ee743304,1,weighted,[350],0,0.5,1
635,1cf1d0fdb27f4ba6a2399a4a86b09b8e,1,weighted,[350],0,0.0,1
636,807640dab41142919b0c0452a24b2e79,1,weighted,[350],0,0.0,0
637,61bcc7e8df9841939729131fba4cd039,1,weighted,[350],0,0.0,1
638,d6270ad7fc144895abf4552a2e0f8fc4,1,weighted,[350],0,0.8,1
639,06752c5554924c339e8cc99f3e4776aa,1,weighted,[350],1,1.0,1
640,60df89b8d9d34129982e9438443b7d96,1,weighted,[350],0,0.0,0
641,c90c0b26990c48c3b78097fd570a807b,1,weighted,[350],0,0.125,1
642,c5c6a6a15e594958ba61f8231ad1c9d0,1,weighted,[350],1,1.0,1
643,eb2fd89fd658434d97ecf961b12aed59,1,weighted,[350],0,0.0,1
644,f380a5932d4b4a43969a84c3338edae0,1,weighted,[350],1,1.0,1
645,a65e6461f74c47c9a5ffee9366dea0a4,1,weighted,[350],1,1.0,1
646,8f3827c3491247c7ab4d7706cbb8ef6d,1,weighted,[350],0,0.0,0
647,3f70de0169eb42c3a4b40cd1e5f1be61,1,weighted,[350],1,1.0,1
648,f5855e26ffa944fab475fd077cb06a43,1,weighted,[350],0,0.0,0
649,db63ac356f6a4df8b59087b055a45357,1,weighted,[350],0,0.0,0
650,9c03696110b94d56bbfbc83746f79a94,1,weighted,[350],0,0.0,0
651,c4b8fa26b7e741fd8b4b8e4120d39d41,1,weighted,[350],0,0.7499999999999999,1
652,5a1d3756a44c4a5ba9b30237dd1c807f,1,weighted,[350],0,0.0,1
653,50e8ae7a28b347edbef6a9604da6802a,1,weighted,[350],0,0.6666666666666666,1
654,29cf64bece6c424f80f4a55c46fc523f,1,weighted,[350],0,0.0,0
655,e17e9f25a202485c8d14b354a92e101d,1,weighted,[350],0,0.0,0
656,17ca78d8ef664047ad404f91d1f62c4b,1,weighted,[350],1,1.0,1
657,0af0869096df4dff8325c3f2ff584087,1,weighted,[350],0,0.8,1
658,580cfb51fef84f5e9cb2de0be76eaa61,1,weighted,[350],0,0.0,1
659,c0d5e844424d4d9bb84902a8ce411cc2,1,weighted,[350],1,1.0,1
660,c24d3c06799444db84d703cd715d2979,1,weighted,[350],0,0.0,1
661,ef29092974ce40b980f963ac746247ec,1,weighted,[350],0,0.0,1
662,b7e11924f8a34063ba5445261471e552,1,weighted,[350],1,1.0,1
663,a25ba84fca504b2aa4e126007a22a14f,1,weighted,[350],0,0.5,1
664,0134a374dcf1451a820c7fd997862851,1,weighted,[350],0,0.0,0
665,72fa80f3ffa24cadbc2df7c806b0b59b,1,weighted,[350],0,0.0,0
666,692352f2fd7d4a389c1f1ca96570be32,1,weighted,[350],0,0.0,0
667,e9e6e952876b4c2b864f9c5fd00a3d8a,1,weighted,[350],0,0.0,0
668,fe0121ef5b874df0bfca5369f2253f03,1,weighted,[350],0,0.14285714285714285,1
669,4453276e770a4ed7b7051d9d65d40975,1,weighted,[350],0,0.5,1
670,ea6918ad41e84412b642d9ac01b6d839,1,weighted,[350],0,0.0,1
671,99429dc4d1044cb49e70ceb6f3914e07,1,weighted,[350],0,0.0689655172413793,1
672,7def903743ac43748483019d8b62d815,1,weighted,[350],0,0.0,0
673,8a018a8b09d14b4cb164c0abfd1594bb,1,weighted,[350],1,1.0,1
674,8907b0e8c2e142a395a35b0c5560fe6a,1,weighted,[350],0,0.0,0
675,1ae4333af7ca4c33953c8030c3aed22f,1,weighted,[350],0,0.26666666666666666,0
676,989fede52bf840609bb69d7ba143301b,1,weighted,[350],0,0.0,0
677,368647e758554203bcd6310b0cb41a9f,1,weighted,[350],0,0.0,0
678,2662231ec6934df58d84e851aaff80fc,1,weighted,[350],1,1.0,1
679,aa4169b3de364c318562b0b09308caa0,1,weighted,[350],0,0.0,1
680,a71f1a9b718241dd890fd8feb1be3ab8,1,weighted,[350],0,0.05555555555555555,0
681,4d50fbdd13184f64aa70b8e68ea872d8,1,weighted,[350],0,0.0,1
682,914623f6bde244cab5e20f01a6d2560b,1,weighted,[350],0,0.0,1
683,6a80ae4b171345c3ba541b8aa343b1be,1,weighted,[350],0,0.15384615384615385,0
684,055162a66045404b8d06e59773ef2e49,1,weighted,[350],1,1.0,1
685,6e0186a28acb4427aedaee03db16e623,1,weighted,[350],0,0.7499999999999999,1
686,7f5733184c134247ad79a6d2bc6f0081,1,weighted,[350],0,0.0,1
687,831bd2a4a96f4496947a5656ac12135d,1,weighted,[350],0,0.0,0
688,1d5e987319ba4158a12cab23543a04aa,1,weighted,[350],0,0.0,0
689,c9a9b912b07b4c91a98f4134fbc3c6f5,1,weighted,[350],1,1.0,1
690,a7fafb4013664c78a931293de688bedb,1,weighted,[350],0,0.0,1
691,0099081da3eb4d36bc020201d4f97a27,1,weighted,[350],0,0.0,0
692,b33f0ec8e82f44baa01e6b09f9e69104,1,weighted,[350],0,0.0,1
693,e62ec634d4b44a50842d1913910877a5,1,weighted,[350],1,1.0,1
694,c78e0c2903384595af84d1f0cf51a54f,1,weighted,[350],0,0.0,0
695,d313b671236c48f3b029c72fbc46971b,1,weighted,[350],0,0.0,0
696,3d674d0b82684e87bdc226d9d614e6e4,1,weighted,[350],0,0.0,0
697,4054abd26fcb4958b130fe94dda895ee,1,weighted,[350],1,1.0,1
698,65e2cb72034947f0ad2e4fbae41a103e,1,weighted,[350],0,0.9333333333333333,1
699,c1b2178b59534886b5fab6b21bb11662,1,weighted,[350],1,1.0,1
700,ca8d39a6862e49b58a03a0da02a7bede,1,weighted,[350],0,0.0,0
701,daa68770d88b4dbabfc2955ecc647750,1,weighted,[350],0,0.0,0
702,504074fdd18a4bfdb3c4d8b3d6a4b589,1,weighted,[350],0,0.0,0
703,ba3edfff481042f2a104ffdc278727c0,1,weighted,[350],0,0.0,0
704,08b635995bc64aefba8d3fdb405e1b4b,1,weighted,[350],0,0.0,0
705,775656e96e4747f5a17cc2b57edd12b7,1,weighted,[350],1,1.0,1
706,b2726529c0374da2bcb670a3c89f58a4,1,weighted,[350],0,0.0,0
707,7951ebb574024ca7958ac8e4f56cc046,1,weighted,[350],0,0.0,1
708,a0eed9d8178c4928b016bdf106f59e9e,1,weighted,[350],0,0.0,0
709,ed28bccab4dc46f0a12e98fd366f2a83,1,weighted,[350],0,0.0,0
710,1329f988ad3845129c304b54501c934c,1,weighted,[350],0,0.6666666666666666,1
711,bccab12e798e428b8869c19eb4feac2c,1,weighted,[350],0,0.0,0
712,692084604fa74539aa32ec6abec75341,1,weighted,[350],0,0.5,1
713,3e4aa100c744486d883502dd35d3569c,1,weighted,[350],0,0.6666666666666666,0
714,aa7ddfbb8f3c403ba5b0a0ded76f2bff,1,weighted,[350],0,0.0,0
715,ba1325c4040040a0b7809a32536da5fe,1,weighted,[350],0,0.0,0
716,3257fb95269946feab9eeec2ebcd3522,1,weighted,[350],1,1.0,1
717,fea7e77ef2364dcdb4bbfa5d69b0c0ef,1,weighted,[350],0,0.6666666666666666,1
718,60438978506949e79645c14afd3a21dd,1,weighted,[350],0,0.6666666666666666,1
719,5d6123571c4f4e5cb365ed1f2f6453f6,1,weighted,[350],0,0.6666666666666666,1
720,f888582a9e324a639852992392b5a0cf,1,weighted,[350],0,0.0,0
721,6eeccb736c5f4d72944f4c46e4859c9d,1,weighted,[350],0,0.6666666666666666,1
722,8cd035648dd64edb912f01d1b01e6b89,1,weighted,[350],0,0.0,0
723,7b190c41b59249bcab29c887d579bb26,1,weighted,[350],1,1.0,1
724,aee9e1f69d5048c2a687b4a5acc056be,1,weighted,[350],0,0.5714285714285715,1
725,3e5332718ede4bcb99b7c336ff05b9dd,1,weighted,[350],1,1.0,1
726,d974393cef5d43e791127eaed8ddb259,1,weighted,[350],1,1.0,1
727,1cc48ae35d6a4676a0823fdf2550f2ea,1,weighted,[350],0,0.0,0
728,21532189e740426194a08808390eb2b4,1,weighted,[350],0,0.0,0
729,64fee0d345024f42864a361022475420,1,weighted,[350],1,1.0,1
730,e4533ea2a1404bc285933f7355d58203,1,weighted,[350],0,0.0,0
731,a23bfc2ed0ea4b19b736c30f73f7e406,1,weighted,[350],0,0.0,0
732,7ca689bb9bd94572af15fb45f2257266,1,weighted,[350],0,0.14285714285714288,1
733,311ea5e6c28d46ecb378b855eb0ffe59,1,weighted,[350],0,0.2105263157894737,1
734,12cc92d88fd24d6697009b061d1769c2,1,weighted,[350],1,1.0,1
735,beefda6210c047899b54a61290a9837c,1,weighted,[350],0,0.8,1
736,928e2cc022da44a4893b47a7fa37e1c6,1,weighted,[350],0,0.9600000000000001,1
737,241efa1cac394ac983b144420a13a162,1,weighted,[350],1,1.0,1
738,1c67f7f0037b4ab1bb510cba499d11a4,1,weighted,[350],1,1.0,1
739,f687cfbb7bec408799b8b6f8285b5608,1,weighted,[350],0,0.0,1
740,2e613fb291864bdd8a0198c5df5ae238,1,weighted,[350],0,0.0,0
741,f5b7236c16734b2388cf37cfd5cbf27b,1,weighted,[350],0,0.0,1
742,3a1ba8b914d141eaac80d5de56ed0114,1,weighted,[350],0,0.0,0
743,671b2208301e460ba1fa588e350b82d6,1,weighted,[350],1,1.0,1
744,388dcae5aa9248318cd8d493a4c3519b,1,weighted,[350],1,1.0,1
745,2fcab3f4f6484d8992a6c2aa67aeec69,1,weighted,[350],0,0.0588235294117647,1
746,d0bae44433814b2da5d10519d7ea3695,1,weighted,[350],1,1.0,1
747,6c60d0e46b4a49068acd95570c520c6f,1,weighted,[350],1,1.0,1
748,2a8e2d0e16d64cc2a03180e7dfb8d745,1,weighted,[350],0,0.6666666666666666,0
749,6489bd7df2d04a8aa23561eaed38c793,1,weighted,[350],0,0.0,1
750,6082452e7aeb4e828079e15ab4e7a9a9,1,weighted,[350],0,0.0,0
751,fc16e9799a154e94b2bcade2e9eacd72,1,weighted,[350],0,0.0,1
752,17a72d69d7fd4e2fb9c562451e5434ef,1,weighted,[350],0,0.5714285714285715,1
753,755056d3d07940929387e2e7e76f4acf,1,weighted,[350],0,0.0,0
754,cbef062d89b944c5acd16f892a79611c,1,weighted,[350],1,1.0,1
755,a8ec79c66e284a45a63c7dcdcf4f9064,1,weighted,[350],0,0.0,1
756,6803dc0693214791b3058a87480b15d6,1,weighted,[350],0,0.6666666666666666,1
757,733d2fd24b0b40f7ba5f0edaed20cca9,1,weighted,[350],1,1.0,1
758,5a154a6b5c364e79b30a1bd2c9e47e0c,1,weighted,[350],0,0.0,0
759,dc1fb48848df419fba9692dffef22844,1,weighted,[350],0,0.0,0
760,581d677951c7404d922d56e144504b82,1,weighted,[350],1,1.0,1
761,3f24c1ba50b04f8493f8663fd779846e,1,weighted,[350],0,0.0,0
762,a10d412bc874427b9f8df9a729c686a8,1,weighted,[350],0,0.0,0
763,99a7d09d04634cc08435d1e4bde155b5,1,weighted,[350],0,0.0,0
764,5544aab55fe744fab13706c13fcb4f96,1,weighted,[350],0,0.6666666666666666,1
765,412a163387474317b4eb02196506d1f4,1,weighted,[350],0,0.06666666666666667,0
766,a1c71fcc9f6a468c9468d13d69e711a7,1,weighted,[350],0,0.0,0
767,3287651f8746453ba1943191b85095a9,1,weighted,[350],0,0.0,1
768,e2d0189ba8fd449889044fecb68c28b2,1,weighted,[350],1,1.0,1
769,567c70fec2634f439e055ef5fb30135d,1,weighted,[350],0,0.0,0
770,febb62323b274b678dc47bb096688f4c,1,weighted,[350],1,1.0,1
771,e08b24a8d41544e38f2489b4e32e2764,1,weighted,[350],0,0.0,1
772,ecd82d14cb3e4e28b8307e44f4784ff5,1,weighted,[350],0,0.0,1
773,a0b2f384132d475d9b375afdc5343fb2,1,weighted,[350],1,1.0,1
774,1703025033a448048d6f688f9321e2a2,1,weighted,[350],1,1.0,1
775,6c8c2af2e7b14a84acf550c9253961d8,1,weighted,[350],0,0.0,0
776,6368dd06f186478dae5ba3271569ef66,1,weighted,[350],0,0.125,0
777,019a54c5394847ec81325e8bdaf8355f,1,weighted,[350],0,0.0,0
778,4ae06e8228ca4ca89224a8598de5e6d9,1,weighted,[350],0,0.0,0
779,8ff3ddfe7f3a41e294a831e452189dd5,1,weighted,[350],0,0.0,0
780,52f45355af90482cb6a950e995783d4b,1,weighted,[350],0,0.0,0
781,b455ff336ebe403e896b9be3465811f7,1,weighted,[350],1,1.0,1
782,fef91dcc799042b59201fc0f963a8b17,1,weighted,[350],0,0.03921568627450981,0
783,a2374c9022504b94b1a832c91ab535fe,1,weighted,[350],0,0.5,1
784,f1fca269781c4454a9fbcf23844c79dd,1,weighted,[350],0,0.8,1
785,828c73b72b124615b8ccc1cf1ab1014b,1,weighted,[350],1,1.0,1
786,ba9e926ece6b4b6e844f51d0b7b0f056,1,weighted,[350],1,1.0,1
787,b6ae22e3a9d04cfbaf6206a39dd062da,1,weighted,[350],0,0.5,1
788,1b9decbc39c949e8bf28c759dfe4baa2,1,weighted,[350],0,0.0,1
789,f5b0c1a6b5824201baa94cf53c56f0c5,1,weighted,[350],1,1.0,0
790,1fe12d7bff7a46d79f76ccc655caf66c,1,weighted,[350],0,0.0,0
791,3ca19860d31d40d58c3d6018498bbc5e,1,weighted,[350],1,1.0,1
792,de7fae20ac624dc9af5949d97f30a79a,1,weighted,[350],0,0.0,1
793,d9d30d695b524637976deff70f6a7afd,1,weighted,[350],0,0.6666666666666666,1
794,8be91aa0873e4a4bb89703628089432a,1,weighted,[350],1,1.0,1
795,a3ff08899c474fcdaaae2dd2409ec7a0,1,weighted,[350],0,0.9600000000000001,1
796,bb1589db33fa4309b9b3f7fb5e4b3480,1,weighted,[350],1,1.0,1
797,2d6a236fd6104736bfb0ae4404ee6ea9,1,weighted,[350],0,0.6666666666666666,1
798,9c4719555e46425496a22559eff66115,1,weighted,[350],0,0.0,0
799,3a63e60b8ef140d28f31325f8211cb10,1,weighted,[350],0,0.0,0
800,93447ee40a954604bc8e1c926079b785,1,weighted,[350],1,1.0,1
801,aa55b1829c9c41e28f3998d32da669ec,1,weighted,[350],0,0.6666666666666666,1
802,6eb7f187d8aa4f319e63ad269404dab2,1,weighted,[350],0,0.5,1
803,67a58f5e2ff7455f8807463f414f9b99,1,weighted,[350],0,0.0,1
804,d62824da543e474da60ae07308009055,1,weighted,[350],0,0.0,0
805,b3d58c3cb86044e1ac53ac99a0246d3b,1,weighted,[350],0,0.0,1
806,6973eb89fb1441328fc7a79248c2a0ec,1,weighted,[350],0,0.0,0
807,dca240ce71894a9798451f919b5d9df0,1,weighted,[350],0,0.2857142857142857,1
808,b0d95637bcb44afb96457d3053631d5f,1,weighted,[350],1,1.0,1
809,8de2ee8d56464a9d971fdae65ae0f72b,1,weighted,[350],0,0.0,1
810,83966e58471549e2adc73c25f58c846b,1,weighted,[350],0,0.0,0
811,bb0d3b5086f845df8acfbf503fa4c2ff,1,weighted,[350],0,0.0,1
812,706ce26401d54a5d94687fb541f7350c,1,weighted,[350],1,1.0,1
813,bf72c01037194351b8d906e8e8c4c0cc,1,weighted,[350],0,0.0,0
814,afa333ac95d848f0a60cde4f10d6e261,1,weighted,[350],0,0.11764705882352941,0
815,41d5a6d229964b50b3c73d5bc9a5d1fa,1,weighted,[350],0,0.0,0
816,b94b8e734c3b40eaba7291c227e2edb7,1,weighted,[350],0,0.0,1
817,786765cfe8b44449af887152402aaa29,1,weighted,[350],0,0.0,1
818,031cc546d2904282a49ea01dcfa886c8,1,weighted,[350],0,0.0,0
819,9759378e0cc44a1c839214bdaa26612d,1,weighted,[350],0,0.0,1
820,963f7654e83b425bbeadf56527740ba0,1,weighted,[350],0,0.0,0
821,4fed7ee44ec9407ebf2f05e33d2f6d54,1,weighted,[350],0,0.0,0
822,e75dd8d226914bd9b9070a34d57ff0c9,1,weighted,[350],0,0.0,1
823,92216f1e211c4ddf968b958588255feb,1,weighted,[350],0,0.0,0
824,fc9ff2ab888d45b79fa4959911c65e59,1,weighted,[350],0,0.0,1
825,dadbf5853ac746239f484a0c7ff02245,1,weighted,[350],0,0.0,1
826,b4e39f9e15734b6a82739950c34aa8ee,1,weighted,[350],0,0.6666666666666666,1
827,5ed1ab8a035e44ec9200692431509884,1,weighted,[350],0,0.0,0
828,2bffb804aab041ee9605adbff83fe141,1,weighted,[350],0,0.0,0
829,ba4602ee540d4fcfb52af541b3e7dfd8,1,weighted,[350],0,0.0,1
830,45a6d0b6364d49129a59f0a062a2f9a8,1,weighted,[350],0,0.0,1
831,199178bd55f849279f0e163c691d0903,1,weighted,[350],1,1.0,1
832,745c742fa8d94abe88d1330cd4cdae1d,1,weighted,[350],1,1.0,1
833,13c7ec87c0324be5bee05d51772027c5,1,weighted,[350],1,1.0,1
834,2f82125c096845fc8b5fc65418c486aa,1,weighted,[350],0,0.5,1
835,6c8e1e1b56bc4eb5b99b83ce6c5f3afd,1,weighted,[350],1,1.0,1
836,d37cc022c8344772b7d7261033a37c29,1,weighted,[350],0,0.16666666666666666,1
837,c034e68af36c41d79e0782c060d7acbd,1,weighted,[350],0,0.8,1
838,0986a62e4b4b48be90e2c9172a5b9617,1,weighted,[350],0,0.0,1
839,69bda7a3b8cb4e2baecd4fedbe7458ce,1,weighted,[350],0,0.2,1
840,144e38b6eea047c99e7ec1d8dbb6cbbc,1,weighted,[350],0,0.5714285714285715,1
841,3cb0174eaaf54d35878f92077740136c,1,weighted,[350],0,0.0,0
842,e53753e6f784486091c8dce069d90994,1,weighted,[350],0,0.0,1
843,6d34f597fdc54dd2aa1a8a9e32e596cb,1,weighted,[350],0,0.0,1
844,dbc0bbc541124ed0843db76f2e3a1581,1,weighted,[350],0,0.0,1
845,7f00e9c077324f689c8b0746c6381e0e,1,weighted,[350],0,0.5714285714285715,1
846,bb720c2091ee4a94a85eb81aa5a7acc3,1,weighted,[350],0,0.0,0
847,aecbba5c017943a79d643d0cc71e57b7,1,weighted,[350],1,1.0,1
848,a04a4431e605471480fb64662b38504d,1,weighted,[350],0,0.0,0
849,60bbae0fbec24bf2a8de8ac0b7076b24,1,weighted,[350],1,1.0,1
850,f20bdc9681624087af1dda063b3a6945,1,weighted,[350],1,1.0,1
851,0161b1de8e9944f58ba3663305c9759a,1,weighted,[350],1,1.0,1
852,33ad75a283674ce5a8178438d8739810,1,weighted,[350],0,0.45161290322580644,1
853,3de977d9d8c142c79231c332dad7cfdf,1,weighted,[350],0,0.0,1
854,42fb458e399b41f9b78a83d4b30d27b0,1,weighted,[350],0,0.07142857142857142,0
855,96b2b16f84e8465d9de71f9fa9718941,1,weighted,[350],1,1.0,1
856,68d323c49f9740abbda05876aebfd5d7,1,weighted,[350],1,1.0,1
857,415c375731994f69a116e415444abd99,1,weighted,[350],0,0.9090909090909091,1
858,9fb85b5dcad34ba497f04a41616f6d0c,1,weighted,[350],0,0.0,0
859,40d56efbcf5041ff9ab958e865e63171,1,weighted,[350],1,1.0,1
860,16d87b6d44b74c9d9c705b0471dcb4b2,1,weighted,[350],0,0.0,0
861,1082fd6599c245bba88c6c46ce86eef8,1,weighted,[350],0,0.0,0
862,d316c97abd1e4815a14a66b9b76df881,1,weighted,[350],1,1.0,1
863,160bd2f1f99b4697a5945323087874cb,1,weighted,[350],1,1.0,1
864,703c1f0b768d4732afa9e6a5a2d05091,1,weighted,[350],0,0.0,0
865,85ff90e4fd9c4c8790b6414520150e51,1,weighted,[350],1,1.0,1
866,7c34ec6a706d4aaf96e4f3356fe2da7c,1,weighted,[350],0,0.0,1
867,6f811a0a4db94a648917355fabbd40ae,1,weighted,[350],1,1.0,1
868,48e5d37aaea9404a891d01584e699f18,1,weighted,[350],1,1.0,1
869,3e8a38a0b3e64f809e791704ac768b95,1,weighted,[350],0,0.0,0
870,1b454ee0cee8452986cf0b57342e8534,1,weighted,[350],0,0.5,1
871,893449002d894f7695b2a32aa7713cb5,1,weighted,[350],0,0.13333333333333333,1
872,1405700ba6ce4058a4fa68e3c3d680e3,1,weighted,[350],1,1.0,1
873,5579074640614bacbdd03ed34a3ddf08,1,weighted,[350],0,0.7000000000000001,1
874,09553563f3b94bfd88d2887043744b77,1,weighted,[350],1,1.0,1
875,ed00bbd0da8841fa9bb15f15859a9876,1,weighted,[350],1,1.0,1
876,6dd10f33c4f8423080bdcf84c8a01ef1,1,weighted,[350],0,0.07142857142857142,0
877,959464bf0c7c44ba8f2b21448867e4ad,1,weighted,[350],0,0.0,0
878,bf7fc80bf1024d73b6f5cea672696789,1,weighted,[350],0,0.0,1
879,06631314756e4d9fa7eb5f040d4d9da4,1,weighted,[350],0,0.8571428571428571,1
880,1d9dc72255774f95b5e274139d8ea9bd,1,weighted,[350],0,0.0,1
881,eb0682a6d1694acf886b84a407d68416,1,weighted,[350],0,0.0,1
882,94b1187d3e5c4282983df4ab44d3d46b,1,weighted,[350],0,0.0,1
883,50b4c8f6f61a48c289fff1e90d3c1c68,1,weighted,[350],0,0.125,1
884,8c5e2893db634635891ae6afd30261c4,1,weighted,[350],0,0.0,0
885,9eecb36f5cb44bb18d24b6efe6824a06,1,weighted,[350],0,0.0,1
886,25223706065646aebcebc831d267c30d,1,weighted,[350],0,0.0,0
887,f97a45e3576644eda7c95849e50babef,1,weighted,[350],1,1.0,1
888,08aee7c44c404089b766cbe0fa2d55f5,1,weighted,[350],1,1.0,1
889,6d1b542705c74dfcb9ca889be8fc5c82,1,weighted,[350],0,0.0,0
890,8ce493334e064c2f97343909d7ddb91e,1,weighted,[350],0,0.3478260869565218,1
891,eb6590ce2f134b889d853696a1519eca,1,weighted,[350],0,0.04761904761904762,1
892,b5ada864c0934f8b98d919dae0bcec35,1,weighted,[350],1,1.0,1
893,73d58decb36a470e91d5491834972a95,1,weighted,[350],0,0.0,1
894,7d08f62337054caa8e0104c19a653158,1,weighted,[350],0,0.0,1
895,7a24d5cc2a8f44819ca35879d229e8bc,1,weighted,[350],0,0.0,0
896,97034e6a207f4a238a49bf7babb932e9,1,weighted,[350],1,1.0,1
897,d0ef3a30427c4d66a516feb413c6b262,1,weighted,[350],0,0.1875,1
898,59cca53e121949e39742ee34a89cffab,1,weighted,[350],0,0.0,1
899,a645bb94c6194b119832d8e395b47a0c,1,weighted,[350],0,0.0,0
900,9e32a1d3fd11455280d3aecde908c2e6,1,weighted,[350],0,0.14285714285714288,0
901,7d7537366071415381b140fc2d6bd90b,1,weighted,[350],0,0.07692307692307693,1
902,46f896a31c254fb2bf5b68c060edb437,1,weighted,[350],0,0.0,1
903,2cda8c267a624be184e87b1d2cd0b05c,1,weighted,[350],0,0.0,0
904,3febc40bd3ee4d4e9226aa424b60123c,1,weighted,[350],0,0.6666666666666666,1
905,dfc54f2afa2849f4a1d9d7095fa37f8d,1,weighted,[350],0,0.0,0
906,57f26f2947864f429083b603d80000aa,1,weighted,[350],1,1.0,1
907,3e1bed5b98f248738744f4c55f0e6d06,1,weighted,[350],0,0.0,1
908,6d36da6f7d6c4ae898960241cc99cd4c,1,weighted,[350],0,0.0,1
909,82f2a270b951424e82df7540c14072d3,1,weighted,[350],0,0.0,0
910,059055bc2ed24376a2667ee2496aeb0c,1,weighted,[350],1,1.0,1
911,328dfae8a432499e91c71bad92e2bd79,1,weighted,[350],0,0.0,1
912,3555cf721db54ce6a35be172f4f0213c,1,weighted,[350],1,1.0,1
913,6905efa62e924f7c9960bc701d1025bb,1,weighted,[350],1,1.0,1
914,edd8922fe3ec43be851dee74c97ea861,1,weighted,[350],0,0.0,0
915,3f5b923f78d642ebb61f535595115ceb,1,weighted,[350],1,1.0,1
916,644155df8e7446718cc1d9ca4d2f4c05,1,weighted,[350],1,1.0,1
917,f1cd28d437e44ac586e3494371c55ff1,1,weighted,[350],0,0.6086956521739131,1
918,b8b75f189ac042c9a664c7bc13bcb936,1,weighted,[350],0,0.0,0
919,1cdeb2b345c247bfb083ab363bebd64c,1,weighted,[350],0,0.0,1
920,930d23fe662b49d4bb01a291e8a6ad98,1,weighted,[350],0,0.0,1
921,46414d4b1b7a4838987e3ee887a448bb,1,weighted,[350],0,0.0,0
922,fdc90f6593464af6b65c2f38b2c814c6,1,weighted,[350],0,0.0,1
923,e6cad506fcab4d979e90f4a9176b1408,1,weighted,[350],1,1.0,1
924,72a4722fda5f436e81437aea9042aaa8,1,weighted,[350],0,0.5,1
925,76ed5aaaa5bb47d7923d45360b3332ec,1,weighted,[350],0,0.0,0
926,33d1e51367a3481086b0b8206010e16c,1,weighted,[350],0,0.25,1
927,d1f6974f4b8f4a189e64cdf36c986df7,1,weighted,[350],0,0.28571428571428575,1
928,57351304b16347d58b309e84d19b79aa,1,weighted,[350],1,1.0,1
929,7f022ca089d74d51a4be4625cb6191d5,1,weighted,[350],0,0.0,0
930,3c5e3c93b4f04892a42057005a46caaa,1,weighted,[350],0,0.0,0
931,f7b2f89be1724a9c86cbcc347b0c4425,1,weighted,[350],1,1.0,1
932,2af6e73ac32145e9bb843506ce6c6a61,1,weighted,[350],1,1.0,1
933,c4c1471da58b4cf087e179b9b71adef4,1,weighted,[350],1,1.0,1
934,1854615c2d334e5aa3a608b90f0547b5,1,weighted,[350],0,0.28571428571428575,1
935,402f5f93e4a04d998cb41298d57b8115,1,weighted,[350],1,1.0,1
936,531226f1c86f49a3bee6638692fedd34,1,weighted,[350],0,0.4,1
937,23d9c3e938cd4e54a2917488a719b832,1,weighted,[350],0,0.0,0
938,d5012bef02214f0c9698b7a828959e39,1,weighted,[350],1,1.0,1
939,79d983f421ab4c3e92364b83b7186e99,1,weighted,[350],0,0.6666666666666666,1
940,2e71514053a447d5bbd3f9625420ca43,1,weighted,[350],0,0.29629629629629634,1
941,6a420f8f42204d968a137faeb1d73784,1,weighted,[350],0,0.0,0
942,2f56933ee8024412b6ef05faf87e7a46,1,weighted,[350],0,0.16666666666666666,1
943,ccb81b6865484234ab334d34412a6b35,1,weighted,[350],1,1.0,1
944,e33b52e8485c41518aaf76f1048c35e4,1,weighted,[350],1,1.0,1
945,29544317d3ab466d8b13e1eac4463c10,1,weighted,[350],0,0.6666666666666666,1
946,b5736ba3b8574e3388b2a5ebccb15b09,1,weighted,[350],0,0.0,0
947,7e4328290edf4f2aac9f8988b5079fe1,1,weighted,[350],0,0.0,1
948,8bff718944c84becbf657952138356fd,1,weighted,[350],0,0.0,1
949,c411868fbe054e80b90a12463b2beddd,1,weighted,[350],0,0.4,1
950,ead58bae18d04b9c89be6f0bbe3f155f,1,weighted,[350],0,0.0,0
951,319e4521a8454f6a908b91d874ce2e08,1,weighted,[350],0,0.0,0
952,bc947534038744198b74eab0dc89a6fe,1,weighted,[350],0,0.0,1
953,aece58a299d84cd88579bca72c73da46,1,weighted,[350],0,0.0,0
954,61727044bdac4760964296c822ea1ffa,1,weighted,[350],0,0.6666666666666666,1
955,bc61a95b6c25463db3459cd626a11ad0,1,weighted,[350],0,0.9090909090909091,1
956,e45fbf36c6d64467b16f13324d22a4c2,1,weighted,[350],0,0.3636363636363636,1
957,1e1eb993a1ca4265978c2db209a671b7,1,weighted,[350],1,1.0,1
958,f74b173f48654bc9832934834956c10f,1,weighted,[350],1,1.0,1
959,30913ce681084f3f8357bef6147fe049,1,weighted,[350],0,0.0,1
960,359f8256bb2b4d5589fa81885ef48257,1,weighted,[350],0,0.0,1
961,3d531ea0078248ebb3dd503bb338071f,1,weighted,[350],0,0.0,1
962,a9dff945426841f8b37069eefd82297b,1,weighted,[350],0,0.0,1
963,aa9daba7638b4fa9b1472bb648fe964e,1,weighted,[350],0,0.6666666666666666,1
964,dd66178403e8487382fdc1b84bb2881c,1,weighted,[350],0,0.0,0
965,c9bcb9b8a8ba42f5bfd2538b4925a3ac,1,weighted,[350],0,0.0,1
966,a14a2ea82a1544a19f7c45cbf7f82f6e,1,weighted,[350],0,0.8,1
967,fb2d1f54601e4f89be70d07393db45f4,1,weighted,[350],1,1.0,1
968,b83b50ae80c3463aa27b05bb0bf4b493,1,weighted,[350],0,0.0,0
969,26c180c03a734a1aaee4138be308a078,1,weighted,[350],0,0.06451612903225806,1
970,273733b869b741a7b9667927ea701789,1,weighted,[350],0,0.0,0
971,97cb3c77ddba4ab9ae6bfdc00eb09c42,1,weighted,[350],1,1.0,1
972,08473edda228492e9cfe9b6583977e50,1,weighted,[350],0,0.0,1
973,6d5eb886bc37490aa1854938f9b36903,1,weighted,[350],0,0.0,0
974,e0ce4da6cbfe4f26b945f5555901e5c5,1,weighted,[350],0,0.0,0
975,f002078c2ea2435db1e405606b820e19,1,weighted,[350],1,1.0,1
976,441f524567e9477a9b0d07f4a0907622,1,weighted,[350],1,1.0,1
977,60dd6a100f3b42598ab0d32f254b1662,1,weighted,[350],0,0.2727272727272727,0
978,873ea1af23e548efb10a54c97edcdb6b,1,weighted,[350],1,1.0,1
979,3e1d564bb5eb4b1ba37db917c472a566,1,weighted,[350],1,1.0,1
980,04676862004644f18aa94ff54107047c,1,weighted,[350],0,0.0,0
981,116e002d700e4d349581f1a4937dfba8,1,weighted,[350],0,0.0,0
982,283c5867606b46258127fa5fed7cf62d,1,weighted,[350],0,0.0,1
983,171414c078ce452d9374be8989aa0147,1,weighted,[350],0,0.0,0
984,a2643b6d7fe94e54bb74da276f0a4646,1,weighted,[350],1,1.0,1
985,342cb6f69f6449318f4c4e5385f954fd,1,weighted,[350],0,0.8,1
986,e3fe3ef5daa6485a8a3f91dfccc9d797,1,weighted,[350],1,1.0,1
987,6071cc99d5744a17814ad38e72b53f3b,1,weighted,[350],0,0.0,0
988,d5f0273d41ad45ab9a9819cb49e29b02,1,weighted,[350],0,0.6666666666666666,1
989,d1b4f5f6d643456aad1526324d39c259,1,weighted,[350],1,1.0,1
990,62747a42a9074e7da75c495cc4daca38,1,weighted,[350],0,0.6666666666666666,1
991,5d464ecc16894c0cbc33ed95ac502289,1,weighted,[350],1,1.0,1
992,e5fb043f8b0245f2acc78136af1bb5dd,1,weighted,[350],0,0.6666666666666666,1
993,53278976c290499ab7f1decb9f7bf6a2,1,weighted,[350],0,0.0,1
994,7889488ae4d3460bafe900d6917b650e,1,weighted,[350],0,0.0,1
995,91ef74a5a47a442aaa5af41b3d564051,1,weighted,[350],0,0.0,1
996,3e83d3398a8a4e26a98fab7f85c8cb59,1,weighted,[350],0,0.5333333333333333,1
997,20e0dcefdff242ebb51ce89c34182814,1,weighted,[350],0,0.16666666666666666,0
998,7e7a5a32f59b49ccacc7c1408799a32a,1,weighted,[350],0,0.0,1
999,a3ac333098d74ad7acf2d20bbc261c9b,1,weighted,[350],0,0.3333333333333333,1
0,728220fe1b5f4ce886273ec524c6972b,1,top_heavy,[350],1,1.0,1
1,c89d1c366c274f6e8d233be688759386,1,top_heavy,[350],0,0.0,1
2,644d4774db194bb0b491e58deff0fe6c,1,top_heavy,[350],0,0.5,1
3,b7648c8b476e4482a7fa9a8d4584c551,1,top_heavy,[350],1,1.0,1
4,362b90d2f2de47e1a0d9be76d1383cd5,1,top_heavy,[350],0,0.9565217391304348,1
5,e365fba82bca48ad8b9ec4fbac8bd3b7,1,top_heavy,[350],1,1.0,1
6,56a527cc368e4b10ac88117b33ab6370,1,top_heavy,[350],0,0.0,0
7,ef7ff14fda8347479995319185ade05f,1,top_heavy,[350],1,1.0,1
8,e7abf6763c7d425c8577ed893a0cd182,1,top_heavy,[350],0,0.0,1
9,08b8fd7f109845eda0ffb6868479f8c2,1,top_heavy,[350],0,0.0,0
10,ddc318071f01453ab87ceebe18062971,1,top_heavy,[350],1,1.0,1
11,b33e0d818b364b87878b747b09987f28,1,top_heavy,[350],0,0.06060606060606061,1
12,629ca0ba60d84e678789916c527e5e74,1,top_heavy,[350],0,0.0,1
13,dc5438680eeb4547b962a6d05a58125d,1,top_heavy,[350],0,0.0,1
14,2ea97cfbe22340cdabec8b67b75b0f0e,1,top_heavy,[350],1,1.0,1
15,dc27edf1253345dabb1ae19ef7d8a829,1,top_heavy,[350],0,0.0,1
16,c3ec8eaa57d0418da0c66d7ad83761b3,1,top_heavy,[350],0,0.0,1
17,f22c94617c404f388ea469654e9a580f,1,top_heavy,[350],0,0.2857142857142857,1
18,2c9d87584b86413d86f28eb40a1af7cf,1,top_heavy,[350],0,0.6666666666666666,1
19,49af423e020444c999bdbdaa7cc573bd,1,top_heavy,[350],0,0.0,1
20,a2f796f7536947518cb11c541c564c83,1,top_heavy,[350],1,1.0,1
21,70ff5cd057104a24a7de546f6a0a93e2,1,top_heavy,[350],1,1.0,1
22,bb0bceec8bca491db5c90c3962960eea,1,top_heavy,[350],0,0.0,1
23,4790b60660da497bb390ed9bc5996973,1,top_heavy,[350],0,0.0,1
24,092f821b8fd243efb2bfd2f200cb99ee,1,top_heavy,[350],0,0.0,0
25,e21128d6906243a58807600c9e0744b4,1,top_heavy,[350],0,0.10526315789473684,0
26,b612d7f272cd452dab8379571e41f3dd,1,top_heavy,[350],1,1.0,1
27,40f708bf9a744a90b62edfb3b44ad9cf,1,top_heavy,[350],0,0.0,0
28,b5b3c4c6f37c4de3907df3b82c13a2d7,1,top_heavy,[350],0,0.8,1
29,ebe6da22787d42bab5690387505c2674,1,top_heavy,[350],0,0.0,0
30,74953752801446a2abe6b330ce63c179,1,top_heavy,[350],0,0.0,0
31,ed2ba8953b6a49bb8f961969603a956f,1,top_heavy,[350],0,0.28571428571428575,1
32,d468e9a904314a5a92582bcfcc7b7635,1,top_heavy,[350],0,0.0,1
33,59c97e698fe0492890ba2dec20b8ff97,1,top_heavy,[350],0,0.0,0
34,c00bac5c39534761b85d1adeea7bdd23,1,top_heavy,[350],1,1.0,1
35,625274d8050f451ebd131104306237c1,1,top_heavy,[350],0,0.0,1
36,64215d84427e4d709e2914e76df055c5,1,top_heavy,[350],0,0.0,1
37,5464eecea5074ee49a1f281e3855f2d1,1,top_heavy,[350],0,0.888888888888889,1
38,f4e61efd586744d9941da1aea777b7d7,1,top_heavy,[350],0,0.0,1
39,e89b8741115d4a248603dde70032bccd,1,top_heavy,[350],1,1.0,1
40,4dd31c6180e64c4eb59983819779cf2c,1,top_heavy,[350],0,0.6666666666666666,1
41,1bf26f3035ec45e5874eb0de76a8d903,1,top_heavy,[350],0,0.0,1
42,f86df4ac102d4a058ac5a346fed44de9,1,top_heavy,[350],0,0.0,1
43,ace17f51ddc44d7db28c05c44bc5d658,1,top_heavy,[350],1,1.0,1
44,e2c278dfb89b444389ac7fa574c14697,1,top_heavy,[350],0,0.0,1
45,9b01a7aac7fb40979eccbed5da004372,1,top_heavy,[350],0,0.0,0
46,6778d6c630a84294a6dd81fbfabf9177,1,top_heavy,[350],0,0.0,0
47,35190f405eb4417497a797f137fb3f1b,1,top_heavy,[350],0,0.0,1
48,a5d866dd01974343ba3475ba0ca2387c,1,top_heavy,[350],0,0.0,1
49,34a877cef8f4456197484f09d1643e87,1,top_heavy,[350],0,0.6666666666666666,1
50,f87ac51d4db74ff7b51a4c5ea00723e8,1,top_heavy,[350],0,0.0,0
51,9bb1b01620ea4ed28be3d13447145272,1,top_heavy,[350],0,0.6666666666666666,1
52,68b7a9d693f84289b1d8cca76c5daf3b,1,top_heavy,[350],1,1.0,1
53,413339d30cc447a884eb601571769b06,1,top_heavy,[350],0,0.0,1
54,b0d97074e304423bab66769456c4890d,1,top_heavy,[350],1,1.0,1
55,9827d6f7626d46c188fc893ff0e12fd9,1,top_heavy,[350],1,1.0,1
56,3750487af26c40af96cb49550876a52a,1,top_heavy,[350],0,0.0,0
57,5010c8ecc7584e2d86bbb2ab8acfa878,1,top_heavy,[350],1,1.0,1
58,c5b80b9f943d4bd3b11c84700bff495f,1,top_heavy,[350],1,1.0,1
59,7bfe3ee0862a4bdbb5e06b894cfefd29,1,top_heavy,[350],0,0.5714285714285715,1
60,d7f9ec97994d42c3bf9dfc7e853a3d66,1,top_heavy,[350],0,0.2666666666666667,1
61,dc530a1b42fc45af9b9112f391db3504,1,top_heavy,[350],1,1.0,1
62,6d8f6111e0f2484f961308f6dc5270b3,1,top_heavy,[350],0,0.5714285714285715,1
63,ef32addb3b9b4c8ab122fd787122a657,1,top_heavy,[350],0,0.0,1
64,79e87ee729dd4f40b1492c9d24d26541,1,top_heavy,[350],0,0.0,1
65,94b8ba1c855e4789a90cd5692ee3e710,1,top_heavy,[350],1,1.0,1
66,7de2c568942c4160a93c7c80f264030f,1,top_heavy,[350],0,0.0,0
67,eeef45fe8f664128b6f49991e5695c3e,1,top_heavy,[350],0,0.0,0
68,fb575e95e21843f9bc7ab8acdde72ee7,1,top_heavy,[350],0,0.0,1
69,0ae51cad51b340cb9ce156a667e11a5e,1,top_heavy,[350],0,0.0,0
70,2e3e4e90adb64e86bf0e6ccf5499126b,1,top_heavy,[350],1,1.0,1
71,8b49dc87c93b45c48eb62e4a0b8ac604,1,top_heavy,[350],1,1.0,1
72,dafae23b13b148619784124572b26008,1,top_heavy,[350],0,0.9090909090909091,1
73,054d98807bed447f896aaa343005bb89,1,top_heavy,[350],0,0.0,1
74,fee6642b071a46e9b1a005d63b58a98c,1,top_heavy,[350],0,0.6666666666666666,1
75,ae35f52b8069416da505e192383e1cab,1,top_heavy,[350],0,0.8571428571428571,1
76,21976ca866684313b86aa9450c61406c,1,top_heavy,[350],0,0.0,1
77,bfa3a133f4fc48eda18b7464dddc5e70,1,top_heavy,[350],0,0.0,1
78,8809bd64552f4f7aa8f53f493602ceae,1,top_heavy,[350],1,1.0,1
79,4e6de19d338a44b6bd4bbaec2c3c0635,1,top_heavy,[350],1,1.0,1
80,121d9ead9e87477baedf4605be92bbf7,1,top_heavy,[350],1,1.0,1
81,96478949a8214ae4bd74130d64466203,1,top_heavy,[350],1,1.0,1
82,e2bc1abc94f141399b0b004676f84171,1,top_heavy,[350],0,0.8,1
83,a018ca4c1e8e4a44b48188655383c8a5,1,top_heavy,[350],1,1.0,1
84,2c175bdf51494ae1a97be4ed1a365825,1,top_heavy,[350],1,1.0,1
85,916d57f6183b4c52999933fe394cae6e,1,top_heavy,[350],1,1.0,1
86,2324b8d221fa41d58267b515b1a1109a,1,top_heavy,[350],0,0.0,0
87,c0d3770ca41e4463958dca0c88ce3979,1,top_heavy,[350],0,0.0,1
88,68ac44d7d9e24aee8fcaa91e0f364062,1,top_heavy,[350],1,1.0,1
89,f6ea20f22a394788814a7b4374246cf9,1,top_heavy,[350],0,0.923076923076923,1
90,5f53831743434c24b29ed9b858d87e4b,1,top_heavy,[350],0,0.888888888888889,1
91,20c6639f94d24a91ac79c15024fcd5f7,1,top_heavy,[350],0,0.4,1
92,6c6f0f2b83e546e39bc40d37b0ee9975,1,top_heavy,[350],0,0.0,1
93,a1b8855de6ff4bf2b8afc5942486e88c,1,top_heavy,[350],0,0.0,0
94,986fec610e0e4bf9bb3de6be1fa0356e,1,top_heavy,[350],0,0.0,0
95,ce5d0f11b9664510a27bf3c483792f13,1,top_heavy,[350],1,1.0,1
96,3f092922c6854e3f8bdf22cc50cf71a9,1,top_heavy,[350],1,1.0,1
97,811785fb9d684ccd9577541cd4c94555,1,top_heavy,[350],0,0.0,1
98,66d0e7da123d49fd8f8016dc27775052,1,top_heavy,[350],1,1.0,1
99,1646e87aca7b4f078ae816044f0f5955,1,top_heavy,[350],1,1.0,1
100,d2747da8e1e1416cb057ee8651131dd8,1,top_heavy,[350],0,0.0,1
101,8834ade537ca4faca9fb3bdd7efcb88b,1,top_heavy,[350],1,1.0,1
102,81a06cc7f0ed45fba03d40062246bf0f,1,top_heavy,[350],0,0.4,1
103,9f8bb4dd263246dbac8f331f745d2e5a,1,top_heavy,[350],0,0.33333333333333337,1
104,d0940d4e2f8b4c23817a178bf3f2ee85,1,top_heavy,[350],0,0.0,0
105,62b2d8702439498197acee357c30a8bd,1,top_heavy,[350],0,0.0,0
106,1fcf01709c0b404da2b3024ac0a02eb0,1,top_heavy,[350],0,0.0,0
107,f299e2d5b4264decb2fd2ab4d6a53c2d,1,top_heavy,[350],0,0.0,0
108,ecba8f966e03447a940cfff69f9ba8e1,1,top_heavy,[350],1,1.0,1
109,077524326f6a4e53a728f5341e89f79c,1,top_heavy,[350],1,1.0,1
110,18cbdcbef93544acac9407596569a64f,1,top_heavy,[350],0,0.6666666666666666,1
111,afc8672a21f441369ab4b0ffb8532c21,1,top_heavy,[350],1,1.0,1
112,c64f2789544c45c8bf9dceebb35cfa53,1,top_heavy,[350],0,0.0,0
113,c2bf5fa95d404050b8f86692d9100be0,1,top_heavy,[350],0,0.8,1
114,ff5f25fc4c9b4354b49fc603df373ee0,1,top_heavy,[350],0,0.15384615384615385,1
115,d83aff530fd447b49138953308883ac2,1,top_heavy,[350],0,0.0,0
116,5b7387ec945d47b8b624c2b55b6a80c1,1,top_heavy,[350],0,0.0,1
117,987b4118a9304f2f8193ab27a36b0489,1,top_heavy,[350],1,1.0,1
118,da630eb21dea4abe920e8253d4fd6a34,1,top_heavy,[350],0,0.13793103448275862,1
119,1cfc4441a86445fab7952656df2d64a0,1,top_heavy,[350],1,1.0,1
120,5cac964bb57446e39b0f58d6043c12d7,1,top_heavy,[350],1,1.0,1
121,30cbead889fc4c0783a1afd652cfb163,1,top_heavy,[350],0,0.8,1
122,d7eb4ea422a0440ab1a2ea0d9a313198,1,top_heavy,[350],0,0.0,1
123,c8c3c9f350c5469da18f367a6a250097,1,top_heavy,[350],0,0.0,0
124,b47d1c59552a453ba57c2121f029242d,1,top_heavy,[350],0,0.0,1
125,29b82a59344f4d38854c476a31827ba7,1,top_heavy,[350],0,0.0,0
126,9a0b3de216b6498699f9a1745ef51447,1,top_heavy,[350],1,1.0,1
127,f126e81901054b3ba5fb4ce920b1df38,1,top_heavy,[350],1,1.0,1
128,0a8eff0d1b134de888817e44d2e889b1,1,top_heavy,[350],0,0.0,1
129,054b7315353146d4b0ad624514005ef2,1,top_heavy,[350],0,0.0,1
130,f4ef4313787d49d7851ad2a6c66cf163,1,top_heavy,[350],0,0.5,1
131,e3602ad5a2864891955a696e59594e76,1,top_heavy,[350],1,1.0,1
132,2a9c56b5a5ae43b78f7f7d9dccdca491,1,top_heavy,[350],1,1.0,1
133,4fc9afe35d8c4cdf8115fe9faf6ac96a,1,top_heavy,[350],1,1.0,1
134,065ce886fe8c41088ba6b71c82ab6229,1,top_heavy,[350],0,0.0,1
135,928063d9906145b6b83392f5068efb4f,1,top_heavy,[350],0,0.0,0
136,455324ce37fa42c8af627f9f832cfb24,1,top_heavy,[350],0,0.0,0
137,1af7aafeb2e24d348d72b7559a2ce754,1,top_heavy,[350],0,0.25,1
138,c4c3e45a17884ef78442ed584e442741,1,top_heavy,[350],1,1.0,1
139,2e7792c3711b4a139cf99e7dec1b7e26,1,top_heavy,[350],0,0.8,1
140,8d3d4915ed104234bca2e7e8eb591d6e,1,top_heavy,[350],1,1.0,1
141,7876cd87c6e845f484f841d243a021a0,1,top_heavy,[350],0,0.25,1
142,faca8fa5d6724e3f95ea8550bbb1a3c8,1,top_heavy,[350],1,1.0,1
143,76c6e9ef00884f509bc625e25b15cc85,1,top_heavy,[350],1,1.0,1
144,0db9e6fa3f21435996d0bf1e3b3f8adb,1,top_heavy,[350],1,1.0,1
145,ca61917ae999408c84f855c26dc48c68,1,top_heavy,[350],1,1.0,0
146,c6d27c29d4774501b4f046af3bb83dfd,1,top_heavy,[350],0,0.0,0
147,8da0d6902cab4114b140672981c41ece,1,top_heavy,[350],0,0.0,1
148,d809c82de0cc41a391a8476fbedc4638,1,top_heavy,[350],1,1.0,1
149,6a9dae85ef8448b88947f67b7368cd84,1,top_heavy,[350],1,1.0,1
150,62ccc3554230408fb85b346dedaeffa9,1,top_heavy,[350],1,1.0,1
151,9724aa5ceb194973a23f99d088987015,1,top_heavy,[350],1,1.0,1
152,8c513011d82543469328cb90f190d67c,1,top_heavy,[350],0,0.0,0
153,352bbdac5d414a65a714e30a0fd97f42,1,top_heavy,[350],0,0.8,1
154,c46c0d1751554ccea747cb3825bdbe66,1,top_heavy,[350],0,0.0,0
155,1b99dffb92c14a838fdb91967645cbf0,1,top_heavy,[350],0,0.0,1
156,fe231269e136464c857e4cedaa8a523e,1,top_heavy,[350],1,1.0,0
157,b7ccf71e49054da2a836cbd7dcca51ae,1,top_heavy,[350],0,0.0,0
158,c5d1601dece84ce895260d42931118c3,1,top_heavy,[350],0,0.0,0
159,c6e9bca537a64d47a1f219d04aa484cf,1,top_heavy,[350],0,0.0,0
160,19174950ad6b4759929f41cb2aa6b979,1,top_heavy,[350],0,0.0,0
161,08e1f398fc554a2b9cc745c89b8ddd1c,1,top_heavy,[350],0,0.0,1
162,4e8ac0b2d2c448099dea09b0b88032b6,1,top_heavy,[350],0,0.8571428571428571,1
163,ba68aac128784f47a20eafdb4fa84627,1,top_heavy,[350],1,1.0,1
164,9b6a4b25c0cf41d89f69fab7e636d836,1,top_heavy,[350],1,1.0,1
165,851dc215cd4f478ea5bc5be433bb650b,1,top_heavy,[350],0,0.32,1
166,73df4341944b4832a7110492fec95939,1,top_heavy,[350],1,1.0,1
167,82498b7e764c4a77ae54de9e49a211ce,1,top_heavy,[350],0,0.5,1
168,d12c3c9ff7254b76a83a3c702e0f1411,1,top_heavy,[350],1,1.0,1
169,9b5c249c46644e04a2d28d98bac5f951,1,top_heavy,[350],0,0.0,0
170,b31c60bda086454a900948cde75eb053,1,top_heavy,[350],1,1.0,1
171,68ea789496074f56878ceddf5f0bb6c0,1,top_heavy,[350],0,0.0,0
172,2fbb04100c444abda7f972b3c7ca55b9,1,top_heavy,[350],0,0.7142857142857143,1
173,ff83ee0ffed94025b218bc5444b14880,1,top_heavy,[350],0,0.0,0
174,811443af769846bd88db9031899cf838,1,top_heavy,[350],0,0.0,1
175,2737e76f68ed4c889e75300d5d707fbb,1,top_heavy,[350],0,0.18181818181818182,1
176,5c48b89357aa48fd8a1aafaeabe73c4c,1,top_heavy,[350],0,0.9333333333333333,1
177,57b5639ab5b441d9956c8bb4d17cf3e2,1,top_heavy,[350],1,1.0,1
178,b7f2e1ae39b54396b93b90189b8ef3da,1,top_heavy,[350],0,0.0,1
179,ed32ea00d52a492b93ce00ce06b93f4a,1,top_heavy,[350],1,1.0,1
180,45e285d6497d478b835ec6f97fe0edb8,1,top_heavy,[350],1,1.0,1
181,287086d87ca540629ea9a5d1f3e42827,1,top_heavy,[350],0,0.0,0
182,66671cea0dee4e95ace4c4ccbdcc094b,1,top_heavy,[350],0,0.0,0
183,1c3202898a2340d8b9ee33b3d2feb483,1,top_heavy,[350],1,1.0,1
184,b91f7ce859194bf3a952f9948618cfaf,1,top_heavy,[350],0,0.0,0
185,8da9a487491d4861815c860882b46f1b,1,top_heavy,[350],1,1.0,1
186,b0bc5b996f8c43a4a27f7a0a92100227,1,top_heavy,[350],0,0.0,0
187,b3d3a7f3fd00419c896e03a2dd70c2eb,1,top_heavy,[350],0,0.0,0
188,9723fcbfda3b41f1a2928a72b5614b05,1,top_heavy,[350],0,0.0,0
189,354948edd4c94ed49d3c744a8213b0e4,1,top_heavy,[350],0,0.0,0
190,06ad4f09434a47e7a9563d96bde0e71f,1,top_heavy,[350],0,0.7804878048780487,1
191,9ed3661a6d2945fbb92425ece8bc177e,1,top_heavy,[350],0,0.0,0
192,ef60d03b67d34a1190d04693fee8767f,1,top_heavy,[350],0,0.0,0
193,63fc6e7a70aa4d60a8cab579a90afb9e,1,top_heavy,[350],0,0.0,1
194,8c780963994f44c7835580cb22bc2fdc,1,top_heavy,[350],0,0.3636363636363636,1
195,60f332bc68e64d8680e179e359b0d6fa,1,top_heavy,[350],1,1.0,1
196,69e712f057644faf86a9688a85a2deee,1,top_heavy,[350],1,1.0,1
197,1a4a586dd10143f3a68247ae4c535713,1,top_heavy,[350],1,1.0,1
198,ba52569b388b4b339129a0277c7eb2e8,1,top_heavy,[350],1,1.0,1
199,a5c81a5e5d3c42d089cd98f0b556de2f,1,top_heavy,[350],0,0.0,0
200,0af880e8558a4fc3afbc9a8a25d081fd,1,top_heavy,[350],0,0.4,1
201,073515a682484ceaac87a83d1ab38a06,1,top_heavy,[350],0,0.23529411764705885,1
202,36ab12ff07cf46ed9af03891964f20de,1,top_heavy,[350],0,0.0,1
203,b189954307e7414b9d81ad99c7b730bf,1,top_heavy,[350],0,0.24,1
204,37c0ef1f9eb3412594ff30f21611b882,1,top_heavy,[350],0,0.0,0
205,dc27c4c56b014020bd9e8a799860b06e,1,top_heavy,[350],1,1.0,1
206,aa9da743626a453780aaaf56e7816508,1,top_heavy,[350],0,0.0,0
207,5b94852dff984b19bf8264cd8bc1caa3,1,top_heavy,[350],1,1.0,1
208,980522a80742433e96b144a86fd2ddce,1,top_heavy,[350],0,0.0,0
209,c5fc7fc4522b43b7a0802acbd3963efd,1,top_heavy,[350],1,1.0,1
210,7374f521a2854922b8f6f8890ecda23d,1,top_heavy,[350],0,0.32,1
211,29cd58ae62e94dc4b7315ce4b50010ef,1,top_heavy,[350],0,0.5,1
212,5fcc6fb126e14d65ba4d0d86bb28a8be,1,top_heavy,[350],0,0.0,1
213,2b41e95bcc554f69b8d594bc3d05bf1a,1,top_heavy,[350],0,0.07142857142857142,1
214,8ae5ae5b607b4dbc86f7da5147a095c7,1,top_heavy,[350],0,0.0,0
215,fc7d87cd43814b8db5d9bcc43cba1da3,1,top_heavy,[350],1,1.0,1
216,0338d7711b1646d6be2b815c279cff54,1,top_heavy,[350],0,0.0,1
217,dcb53cda7e6144fca04963ac7581bcdd,1,top_heavy,[350],0,0.0,1
218,ecccb9b15eb3413d8f3a5ad8d8983716,1,top_heavy,[350],0,0.0,0
219,fa3b764edd7a4c44be5b8921112e8bf6,1,top_heavy,[350],0,0.0,0
220,493624c8263b40ec97c127e45b45d5c1,1,top_heavy,[350],0,0.0,0
221,ebee9fdad5b64bab83267a364ea4d10b,1,top_heavy,[350],0,0.5714285714285715,1
222,1fd96469f9a24b37814917f25f8060f2,1,top_heavy,[350],1,1.0,0
223,f97696deb9704d2f8ae5834f9fcdd88c,1,top_heavy,[350],0,0.4,1
224,da54c67b92b74a2c91d2227d09a41438,1,top_heavy,[350],0,0.0,1
225,1416c66b2eb543aea04972d5780b31d6,1,top_heavy,[350],0,0.0,0
226,ec0a4212a5df47f682fbba53188e7af8,1,top_heavy,[350],0,0.0,0
227,856b14030ac342bb979ca5091377cff0,1,top_heavy,[350],0,0.0,0
228,58c9a110235b4879950e679babb53318,1,top_heavy,[350],0,0.6666666666666666,1
229,eff7102be794409081a5e3b3ef3c9518,1,top_heavy,[350],0,0.05263157894736842,1
230,99331d54ed084ccf98837531ede526e3,1,top_heavy,[350],1,1.0,0
231,400ab40069334ea6a12b1085941a9880,1,top_heavy,[350],1,1.0,1
232,9f1d761a46c64578849ff7408c6351b2,1,top_heavy,[350],0,0.25,1
233,241f5227a1124be591341cf33b2ecb2f,1,top_heavy,[350],0,0.8571428571428571,1
234,4f05dc53dcc24ed1a59fdd5d950966d0,1,top_heavy,[350],0,0.14285714285714288,0
235,e1dac33266d048c89894eab0b0dc1c2a,1,top_heavy,[350],0,0.0,1
236,ce3ecd44941f4597ae927b61841b860a,1,top_heavy,[350],0,0.0,0
237,d031593cc6f142f6bba7e64ea9224dea,1,top_heavy,[350],1,1.0,1
238,5b5d465a7ab2427485a00f3638543996,1,top_heavy,[350],1,1.0,1
239,53fe1484646648969f42e40f550ab7ef,1,top_heavy,[350],0,0.6666666666666666,1
240,d86c4a3e9c944a5595ffd076817380c9,1,top_heavy,[350],0,0.0,0
241,d847d59c18884a8eaddd5fc55d047799,1,top_heavy,[350],0,0.0,1
242,b5e7dc56ca2e4d68bc9b59696bca7f75,1,top_heavy,[350],0,0.1904761904761905,1
243,bd356a60992b44f7840f99ffc390382c,1,top_heavy,[350],1,1.0,1
244,f8c03f10b27045d89e068c461ea3d69c,1,top_heavy,[350],0,0.0,1
245,f57595f77502405fbe6baf093d8baea0,1,top_heavy,[350],1,1.0,1
246,a697c765c3e74e0cb48088ea3ecdcdb1,1,top_heavy,[350],0,0.6666666666666666,1
247,57e62137793b4537bb7eb95d44481eb3,1,top_heavy,[350],0,0.0,1
248,7cb53bae73d64900a63fde04f93eceea,1,top_heavy,[350],0,0.0,0
249,a8ff7b13f4b943d89f09cf03cbde580a,1,top_heavy,[350],0,0.0,0
250,547765c1158b4a5a8100d6a300aa88b1,1,top_heavy,[350],1,1.0,1
251,31d748672420422aa724d2b6db6b1d18,1,top_heavy,[350],0,0.8,1
252,f8542bff725c4264aaf360ad929a1807,1,top_heavy,[350],0,0.0,0
253,0d56e8c7e4b6449696113a82ec0da19e,1,top_heavy,[350],0,0.5454545454545454,1
254,0ad40f362389498382471e1f6171f996,1,top_heavy,[350],0,0.5,1
255,9adfdf882a9a4f8bb69b96506ce7471c,1,top_heavy,[350],1,1.0,1
256,63b89182644f454c92026c4ca6747140,1,top_heavy,[350],0,0.0,0
257,62c441cc36584729bc6608d4f56ca4d6,1,top_heavy,[350],0,0.0,1
258,480a34c34b094ac6b071bc658c0da810,1,top_heavy,[350],0,0.15384615384615385,0
259,db571ac79d34404b9a59b62c7fd38c56,1,top_heavy,[350],0,0.0,1
260,9e3b57d9763d4f1da04cc784d5944be2,1,top_heavy,[350],0,0.0,0
261,7594504b380443f6920beb03b1379bd7,1,top_heavy,[350],0,0.6666666666666666,1
262,d0a7880cce6f4bce95aaaf322c41355f,1,top_heavy,[350],0,0.16666666666666669,1
263,bdc7cf3241594e52a3164b489f50370d,1,top_heavy,[350],1,1.0,1
264,d5500a7bfa4d4b1683dc90808707e306,1,top_heavy,[350],1,1.0,1
265,8bf4e9d3157446bd95bbea12227c100b,1,top_heavy,[350],0,0.5,1
266,487cd2a2f5ee49bb96d33d0d56ea6a2b,1,top_heavy,[350],1,1.0,1
267,8fcc1e39bba146a08300eef42c641e71,1,top_heavy,[350],0,0.0,0
268,383db81acf1f476d8aa21be94cc9daa7,1,top_heavy,[350],1,1.0,1
269,3ded2ac8aff04250896711bfc070cd39,1,top_heavy,[350],0,0.0,0
270,fcccb4baf6314a589f6725cf1dc37979,1,top_heavy,[350],0,0.3333333333333333,0
271,3365b3e46e9240dca893042f6f34486f,1,top_heavy,[350],0,0.0,1
272,7f764f3b545744048cf82108c4bb5157,1,top_heavy,[350],0,0.22222222222222224,0
273,ad0e4b1a103d400f9ef4dd6827e215b9,1,top_heavy,[350],0,0.0,0
274,198f769edd5c4bd7b829ffeaa6d595c1,1,top_heavy,[350],0,0.0,1
275,e296d418c6614640b45afe738e0fe7ce,1,top_heavy,[350],0,0.2857142857142857,1
276,489edeed2f20435b9fc8ab429d160239,1,top_heavy,[350],0,0.0,1
277,b39eac495217430ebe3cfb37878882ee,1,top_heavy,[350],0,0.0,1
278,e772ff7304f54b78a3280763cf427221,1,top_heavy,[350],0,0.0,0
279,d16db94dc08840cb930ce9cf59151bef,1,top_heavy,[350],1,1.0,1
280,92100c8dcef141f69ab22ef3ad13d9d5,1,top_heavy,[350],1,1.0,1
281,11452fbd4fdb40d8bd8f10d24a8087e2,1,top_heavy,[350],0,0.0,0
282,3b8f128366fb4a669715a4b6cfc166cd,1,top_heavy,[350],0,0.05128205128205128,0
283,3dd9a7133b594635ac914a6abccf0e46,1,top_heavy,[350],1,1.0,1
284,f2f07af9f9874dc992ca32c22063ffd4,1,top_heavy,[350],0,0.0,1
285,5ff5d8f1083b442cbf759f1980f8cd15,1,top_heavy,[350],0,0.0,0
286,8047bb5d810b4c2f967c45b876ff4bb8,1,top_heavy,[350],1,1.0,1
287,1e7aa41fe6ff4d048cf6c314eaae526a,1,top_heavy,[350],0,0.0,0
288,32e5e53144904525bdd91c2346ecdc21,1,top_heavy,[350],1,1.0,1
289,3645db7e841f4242ae0b3be674e8bc8a,1,top_heavy,[350],0,0.4,1
290,b344f9c87e2d4e5498338ea56023892c,1,top_heavy,[350],0,0.8,1
291,cae1c72a196e41c0919e17bc003a3a5f,1,top_heavy,[350],0,0.0,0
292,d21a2587e9e64ae08a9243d3f950521b,1,top_heavy,[350],0,0.0,0
293,f8657886cea34216b10630e96b7a2932,1,top_heavy,[350],0,0.15384615384615385,1
294,14c07142ff80440483ee9fdc0f2d8b06,1,top_heavy,[350],0,0.0,1
295,c1028f19198147868af85aa60943519d,1,top_heavy,[350],0,0.0,0
296,c5e69a8c19ec4fadb153de7ed8d06b9f,1,top_heavy,[350],0,0.6666666666666666,1
297,b476d07cc2e747d0bad28a795661540d,1,top_heavy,[350],0,0.0,0
298,ce3ef968a0704a3fa36f7f605ed0031a,1,top_heavy,[350],0,0.0,0
299,5d6dc2b279594850a8ffce1f1b7892aa,1,top_heavy,[350],0,0.6666666666666666,1
300,74518b730d2941859c8fc206f74de46a,1,top_heavy,[350],0,0.3333333333333333,0
301,679586e746bf437fb4372790a38aaa81,1,top_heavy,[350],0,0.0,1
302,5aaeceef16f34275b07bef56b93edddc,1,top_heavy,[350],0,0.0,1
303,cf3bbf5197224180b1a20f44bba8ff58,1,top_heavy,[350],1,1.0,1
304,77581c9e1c504eb6a88f1cc8693a1f7b,1,top_heavy,[350],1,1.0,1
305,57c251b6218b4c1094f9dfb9f53f2a21,1,top_heavy,[350],0,0.0,1
306,786e56a75654431f8335c0a57f0e3d3e,1,top_heavy,[350],1,1.0,1
307,e3ece1d381234fa9a9402f702b38c5b5,1,top_heavy,[350],0,0.5714285714285715,1
308,f5627bd7cf9545e78204161253ca2e8e,1,top_heavy,[350],0,0.8571428571428571,1
309,4f1dcb1b8e9745ddb92444ccacb4b1b8,1,top_heavy,[350],0,0.6666666666666666,1
310,98bbd1deff4143b780e5d123925bdbee,1,top_heavy,[350],0,0.0,1
311,f510e4b92495473db9b86dd2d5b6eb18,1,top_heavy,[350],1,1.0,1
312,7baaa5545ac44114b79c5420d561d85e,1,top_heavy,[350],0,0.6666666666666666,0
313,143a0df7e66a473ba5804b1c75f56c86,1,top_heavy,[350],0,0.0,0
314,bd0f2b0fc40146edb228ac6be2fd9e5a,1,top_heavy,[350],0,0.3333333333333333,1
315,06bff66d3af04edd808a81c4b0a106a7,1,top_heavy,[350],1,1.0,1
316,cbb5d9c625b74ae1b3426d2a185549c4,1,top_heavy,[350],0,0.0,0
317,3bb0f77a9cbc44fab12fdc8005e69f91,1,top_heavy,[350],0,0.0,0
318,5f24d26d866b410da298cec18f321605,1,top_heavy,[350],0,0.4,1
319,e6bd79cae1cb472c990b5226f2a87152,1,top_heavy,[350],0,0.33333333333333337,1
320,e111ffbe05e4468c85bfaeceec2ea821,1,top_heavy,[350],0,0.0,1
321,8caeb3cde3074e66af2795f258908f69,1,top_heavy,[350],1,1.0,1
322,f8b5c43adc974d82aaab3f81649ca754,1,top_heavy,[350],1,1.0,1
323,574519a5dbfc4727bd68c1f4f0ad92b0,1,top_heavy,[350],1,1.0,1
324,842b90f71d4142229534788a21189892,1,top_heavy,[350],1,1.0,1
325,09a4f669c3ce4432954d3b5348ffde56,1,top_heavy,[350],0,0.2222222222222222,1
326,b2a92b434a344e49b3a6911bfd86e98f,1,top_heavy,[350],0,0.9090909090909091,1
327,6029989106ef4c32bc7eb342670dc8c1,1,top_heavy,[350],0,0.125,1
328,e412730b37274c11bad105b38ed9e196,1,top_heavy,[350],0,0.5,1
329,c5c6d814143a4f1eb7cc7546d9654173,1,top_heavy,[350],1,1.0,1
330,0633af8dabeb4925bf0fb0110cc54247,1,top_heavy,[350],0,0.13333333333333333,1
331,044418fd6fd646ec89a54a7013712c9d,1,top_heavy,[350],0,0.923076923076923,1
332,8b9a2f29b35b41e38cb94347237d59d7,1,top_heavy,[350],1,1.0,1
333,26782a326a394d688dda2441308bf00a,1,top_heavy,[350],0,0.0,1
334,f9bf09905dc249e69f69c4db9b323d0f,1,top_heavy,[350],1,1.0,1
335,07f2d15033cf4fb6916bed5d56dcb8f5,1,top_heavy,[350],0,0.8181818181818181,1
336,a045cbc6199c4b9e8dbb8545febda365,1,top_heavy,[350],0,0.0,0
337,af446346d828479ca02c375ec2973773,1,top_heavy,[350],0,0.0,0
338,8447a26148c9454da18385e3d9fa4a3c,1,top_heavy,[350],0,0.0,0
339,2a7071c8d8c74dac901956228d59fdfb,1,top_heavy,[350],0,0.0,0
340,55bc45f2e63149869e4d0e52da6cb421,1,top_heavy,[350],0,0.8,1
341,bb2c93be295348eb933e57a16325af76,1,top_heavy,[350],1,1.0,1
342,cff18af0aed84c39ab0d156de7f507f8,1,top_heavy,[350],1,1.0,1
343,423f76b5864047f480599c7946546eb1,1,top_heavy,[350],0,0.0,0
344,0754e951855e46df80b0269253e4acf7,1,top_heavy,[350],0,0.0,0
345,5bdc71bbfc6e4934aa337ab24559eb6c,1,top_heavy,[350],0,0.0,0
346,b71eed014a8c4e51ba0bb48aeb1939ae,1,top_heavy,[350],1,1.0,1
347,d09f358431284dea95dec8e61590dbf4,1,top_heavy,[350],0,0.0,1
348,5bbab85f5ac243a9b98914f8c7af6eb4,1,top_heavy,[350],0,0.0,0
349,18cc95b228434b23a3969ac0d65687fa,1,top_heavy,[350],0,0.0,0
350,b322fdc7819546138582ebc07e8aa7a8,1,top_heavy,[350],1,1.0,1
351,f955cb3e7bda4a93a867b361b7b96327,1,top_heavy,[350],0,0.4,1
352,62e9113dcca84b61af8304429b1570da,1,top_heavy,[350],0,0.0,0
353,f3fc1b6ee3b24e47856d9fe7730350a2,1,top_heavy,[350],0,0.08333333333333333,0
354,8f0cfcb0d46d43eeb6c7ee04cd29c027,1,top_heavy,[350],0,0.0,1
355,82eb7d4504834ceabad83742c2d0ab5c,1,top_heavy,[350],1,1.0,1
356,bf16d51b5b9540ec83fba053bc26a8a9,1,top_heavy,[350],0,0.11111111111111112,1
357,e62ce90267b149f7a65dc0901c614317,1,top_heavy,[350],1,1.0,1
358,8e376a7767224f8381c8ee661c43ad16,1,top_heavy,[350],0,0.4,1
359,435fd88dd9034cf1bd211e03bab2bed5,1,top_heavy,[350],1,1.0,1
360,109740b4edfa49c5961632436d1df48c,1,top_heavy,[350],1,1.0,1
361,a4c31c16dd1a4cf493b8c20500a88539,1,top_heavy,[350],1,1.0,1
362,721498d8723844d5b1ab0d15eb8e7699,1,top_heavy,[350],0,0.0,0
363,1699130630f2472cacfcbfe214d40416,1,top_heavy,[350],0,0.0,0
364,cceb8fa1b2a84757932a6f7ae86b3653,1,top_heavy,[350],1,1.0,1
365,147cef44c6e64257a962d7ed7e7df893,1,top_heavy,[350],0,0.0,0
366,afdf5764dddf4d858cff8be47f91fba7,1,top_heavy,[350],1,1.0,1
367,77dc5fcd3f654630a9a8ec90c9375b45,1,top_heavy,[350],0,0.0,0
368,3a33ecb066b9443e85b68c446f45b287,1,top_heavy,[350],0,0.6666666666666666,1
369,43204be4d77d421990db36f2d9951e63,1,top_heavy,[350],1,1.0,1
370,4c961dd89b054526b342c921486477a6,1,top_heavy,[350],0,0.0,1
371,89b7733b0a994df7b4250953ccff9c24,1,top_heavy,[350],0,0.21052631578947367,1
372,8b627a95012d4f65a70aff1249d43d64,1,top_heavy,[350],0,0.8,1
373,b99c50bfd5f849afb601bd8ac95b0bf4,1,top_heavy,[350],1,1.0,1
374,ff383ab32c9942908db5946a8fe654d3,1,top_heavy,[350],0,0.0,0
375,89abc7236e6941ee88a263d88d6d299a,1,top_heavy,[350],1,1.0,1
376,fadd2528784f4a9fa3b391626e69ffc0,1,top_heavy,[350],0,0.0,0
377,1958d14b7db54bffbbdd57e3677c08e7,1,top_heavy,[350],1,1.0,1
378,9966c7735a6649d88366224ff6552c68,1,top_heavy,[350],0,0.0,0
379,2818d5e47a844bc9831496e2f587a803,1,top_heavy,[350],0,0.4,1
380,74f114ab49744e608eafab899371d913,1,top_heavy,[350],0,0.0,1
381,f724593e7f4842569187dae70a2560d9,1,top_heavy,[350],0,0.0,1
382,3e46e0220a18483fb0fd448bcc36815e,1,top_heavy,[350],1,1.0,1
383,ec9dedf313ba4f90883a2b01909553b3,1,top_heavy,[350],1,1.0,1
384,2e9b048c06dc45be97da6116056f74f6,1,top_heavy,[350],0,0.0,1
385,efc438e4fd18417daa0e662499fbe956,1,top_heavy,[350],0,0.0,0
386,33313f986ec740f3b824bc3accb9111e,1,top_heavy,[350],0,0.5,1
387,8eacd2be836f472a83d7008f33ed8506,1,top_heavy,[350],0,0.0,1
388,6cb904d598ce4f7ebb4e4283a24a2f63,1,top_heavy,[350],1,1.0,1
389,194bd503229c46c3b308896e770e1eb1,1,top_heavy,[350],1,1.0,1
390,0c1c6f6b44e3466eac1a68dadefd06ab,1,top_heavy,[350],0,0.0,1
391,c5559fa0b9a0438a9b843d4207061a3d,1,top_heavy,[350],1,1.0,1
392,a168c89e395546be9605e969f682e554,1,top_heavy,[350],0,0.0,1
393,849240180c584f71bc56c0c92c5df5fd,1,top_heavy,[350],0,0.0,0
394,d69a7141ec1c4110ac124dd58d19b8b4,1,top_heavy,[350],0,0.03703703703703704,0
395,d94300f7464c401db93e557fec221320,1,top_heavy,[350],0,0.4,0
396,fa44913cfa244faa88e773dcc3045012,1,top_heavy,[350],0,0.0,1
397,e98ac3de59a646c69b6eb17d3e3a4d0d,1,top_heavy,[350],0,0.0,0
398,d745bee67227422b824140f2734b0621,1,top_heavy,[350],0,0.0,0
399,25eec8384d9d45b8b75affcc9f164be3,1,top_heavy,[350],0,0.1111111111111111,1
400,912cb6aecbec4dc2b44ee22a076c3e2a,1,top_heavy,[350],0,0.0,0
401,f523ba87f5714a108e9bae698f676063,1,top_heavy,[350],0,0.7499999999999999,1
402,3f28f7be13ad43cda7681b7fa874843c,1,top_heavy,[350],1,1.0,1
403,51ff7cdf97074a07862234487477ef4a,1,top_heavy,[350],0,0.7499999999999999,1
404,6e1780414deb4cf9b49568f07b3bdc26,1,top_heavy,[350],0,0.0,0
405,f61206d61cf94401b8fbb566b0b67ec7,1,top_heavy,[350],0,0.0,1
406,12859cbba89f494b98e6b7be8b4c88ff,1,top_heavy,[350],0,0.0,0
407,1e326f32613a417fb55b23337862c62b,1,top_heavy,[350],1,1.0,1
408,4ff0076b7fe74648806429e78621f265,1,top_heavy,[350],0,0.0,0
409,531b64eef1bd44568360b3ab40da40da,1,top_heavy,[350],0,0.0,0
410,ef15b705b7c54e77b276f22c804ce15d,1,top_heavy,[350],0,0.6666666666666666,1
411,bf9d67fa8b3849ceb410c4dfd7947e5f,1,top_heavy,[350],0,0.0,0
412,8b256cf4c08f4507b8b2f96d7289b585,1,top_heavy,[350],0,0.09523809523809525,1
413,ab65135d9fc94f16a97555b6b3c54832,1,top_heavy,[350],0,0.0,1
414,21c894485b7a4cb0b66313dd1802a3c2,1,top_heavy,[350],0,0.0,1
415,23f3abb43b8f4f74bffb018bb3943125,1,top_heavy,[350],0,0.0,1
416,cdec7a0d975642d38b3b2d449bffc3e8,1,top_heavy,[350],0,0.0,0
417,803441a3a59d42b293810212bf2d6ced,1,top_heavy,[350],1,1.0,1
418,738dc2a651c7477abe2efc0e5547054a,1,top_heavy,[350],1,1.0,1
419,2fcf533dede444f2a0296b3bf112e0bd,1,top_heavy,[350],1,1.0,1
420,a1747749a3904c53b124b17ba86b1df6,1,top_heavy,[350],0,0.42857142857142855,1
421,95a04d9fc49441cd901191b2390f05cd,1,top_heavy,[350],0,0.5,1
422,1a82de30a1e546bbaf099a05d79a6230,1,top_heavy,[350],0,0.5,1
423,bc20c452e45644e4beb92b0f35859105,1,top_heavy,[350],1,1.0,1
424,1f2ee8a4ce5d448e8ed30e7ca27b2b32,1,top_heavy,[350],0,0.0,1
425,3f1a03dd30304609a4e646069b0deffd,1,top_heavy,[350],0,0.0,0
426,a256f8f1dbd644c98a3bc79d072405fc,1,top_heavy,[350],1,1.0,1
427,35d000cd64d14585bd474322dc4f4f70,1,top_heavy,[350],0,0.6,1
428,7e9ac1c4bf0845eab105c8b1b9265db2,1,top_heavy,[350],0,0.0,0
429,652962af37ce4c5799789678fa661553,1,top_heavy,[350],0,0.39999999999999997,1
430,f5894ccfbf314a63baaca983e208a43b,1,top_heavy,[350],1,1.0,1
431,8a3561154a454ca597d3a9a636a95a93,1,top_heavy,[350],0,0.2285714285714286,1
432,6fe2385a3a1f4e7c8b1982cad82c939d,1,top_heavy,[350],0,0.8571428571428571,1
433,6f8f3d49dd8845de8307ad2d9fabf269,1,top_heavy,[350],1,1.0,1
434,a36a9969dee14e6f90fc1785e4d8151a,1,top_heavy,[350],1,1.0,1
435,1d1a6ab35fe14fdd8bbe88f884d82ce6,1,top_heavy,[350],0,0.0909090909090909,1
436,fb776aaae451464692b974373b39e4c5,1,top_heavy,[350],1,1.0,1
437,6616d9ae236f46acb990d2a879bf346f,1,top_heavy,[350],1,1.0,1
438,374bacece7a6435484e32852ba73f4a8,1,top_heavy,[350],0,0.6666666666666666,1
439,527a875dd5504c12b1e26cec3ff31fb6,1,top_heavy,[350],0,0.5,1
440,3b6bbfa360e14c8ea4997b82981bf6f7,1,top_heavy,[350],1,1.0,1
441,4f66952eeb534a109a11044fcfecf033,1,top_heavy,[350],0,0.0,0
442,dcd06efd15d8483f9ae99008aae4b8e6,1,top_heavy,[350],0,0.6666666666666666,1
443,c452c1a025c44bdab1694894c2799e64,1,top_heavy,[350],0,0.0,1
444,2efef198621244dc8f660e49bcb0b54e,1,top_heavy,[350],1,1.0,1
445,0b9b15aa02b54f8e82a61c149799963b,1,top_heavy,[350],0,0.25,1
446,a77bad2720ec43aba758a5c99624b6c3,1,top_heavy,[350],0,0.7499999999999999,1
447,42c9c8fe7ee843dbbe578fdc4dbba39a,1,top_heavy,[350],0,0.2857142857142857,1
448,500e35b80a13424c8eb9c6e6a0b9af15,1,top_heavy,[350],0,0.0,1
449,490da89fb4c743858167b5b75af14ddd,1,top_heavy,[350],0,0.0,1
450,03905a27a5b841e59153c2e3de3c99f4,1,top_heavy,[350],0,0.0,0
451,bb334d8819054ded95d25bd214397832,1,top_heavy,[350],0,0.0,1
452,ccf8e9a161124b058363c911f27cc4bf,1,top_heavy,[350],0,0.6666666666666666,1
453,d83d3eda31c14835877587e71ae8f858,1,top_heavy,[350],1,1.0,1
454,4b7de03eac3642c5aad653d3fe1600dc,1,top_heavy,[350],0,0.0,1
455,574737b3f4284419a8e2bcf43167e253,1,top_heavy,[350],0,0.6666666666666666,1
456,4e8d8610abde45809ece08144c48d9e7,1,top_heavy,[350],0,0.6666666666666666,1
457,80f8912075b14d1a91b62f0c2d06ca84,1,top_heavy,[350],1,1.0,1
458,6401157d496747a092bf97a5f430d281,1,top_heavy,[350],0,0.2857142857142857,1
459,614b047fc1144246af208be2a508d5ce,1,top_heavy,[350],0,0.0,0
460,0dfeb9e7d43747bcac4e5ac700caec79,1,top_heavy,[350],1,1.0,1
461,edb3d5b64911443798e8e83b07ae5b99,1,top_heavy,[350],0,0.0,1
462,d54a2fd059b54e2d80b503109524db0a,1,top_heavy,[350],1,1.0,1
463,c564493e2442402ebb6d4a5af51f7c25,1,top_heavy,[350],0,0.5454545454545454,1
464,b32d5172d0b3451b83352d24deab59e6,1,top_heavy,[350],0,0.0,1
465,19d523d3a0824aed8cc62eed5e24f1e4,1,top_heavy,[350],1,1.0,1
466,4cff857ac2f74c6094f26f596ba0cb1f,1,top_heavy,[350],1,1.0,1
467,af77d75481ae4b0391017dfd394050f4,1,top_heavy,[350],0,0.0,1
468,2784aee1dd324e3f8945b73963b7785f,1,top_heavy,[350],1,1.0,1
469,d89807b1fdda40c2bebb55edf64c3938,1,top_heavy,[350],0,0.6,1
470,af5369c41cba4379978174fe353ddff6,1,top_heavy,[350],1,1.0,1
471,6bf1ecc9589d4447b31afde347505919,1,top_heavy,[350],0,0.0,0
472,ba2b3c2aeb464d8f8a949fc75944bcbd,1,top_heavy,[350],1,1.0,1
473,112542d377134435a5e6e79b2e9a5c1a,1,top_heavy,[350],0,0.0,1
474,80a9457351e14111aaf3fb84d3528092,1,top_heavy,[350],1,1.0,1
475,f2894e10d02a42c2b91b26caefadfbc9,1,top_heavy,[350],1,1.0,1
476,daccc4268b874f63a33873b7171ba8ff,1,top_heavy,[350],0,0.0,1
477,540ee9edf9fd4bfc981390d172704bbc,1,top_heavy,[350],0,0.0,1
478,116602c25c3e4b33b7a5a111f9174cbe,1,top_heavy,[350],0,0.0,0
479,66225a9def6a45ddaac68462170b34b7,1,top_heavy,[350],0,0.0,0
480,b75b64ca513e4ae3be64ff5d71a9b652,1,top_heavy,[350],0,0.0,0
481,1aa0b7493d9b47bbb4625d39922576b6,1,top_heavy,[350],0,0.0,0
482,ce867b37ae1d4bc6b35988966e721575,1,top_heavy,[350],1,1.0,1
483,ab351f57bcf34ad6a535ed69e1eed04b,1,top_heavy,[350],0,0.0,1
484,f8d21ecd07db4b0888ea7c2c91f9135c,1,top_heavy,[350],0,0.0,0
485,66ccd850630b4a069b80af81f0d8fa0c,1,top_heavy,[350],1,1.0,1
486,fccd16a6079343e5ad862a07f82e3f42,1,top_heavy,[350],0,0.888888888888889,1
487,5372bffd269e45f5b80bfa12e294af8f,1,top_heavy,[350],1,1.0,1
488,1e52126edb5a499381fb1f064dd4377c,1,top_heavy,[350],0,0.0,0
489,ddf8070fbf124b54bfdca93791ef2056,1,top_heavy,[350],0,0.0,1
490,ec552a3b81734f36ae2a031fc34b7519,1,top_heavy,[350],0,0.7272727272727272,1
491,23d1c9c515f3417ab70aba3c3bc43ec8,1,top_heavy,[350],0,0.0,1
492,af91062c61d0431fa90edb3cffc48da0,1,top_heavy,[350],1,1.0,1
493,9a9db144769c4ce29c4cdb431d756043,1,top_heavy,[350],0,0.0,0
494,3e4038716e3948b4b94243cad4cbfd1e,1,top_heavy,[350],0,0.0,0
495,dab26af5192549f1a07bed7fa63bf47e,1,top_heavy,[350],0,0.0,0
496,d58a27153bc74f08bfa857c4a80b1c90,1,top_heavy,[350],0,0.0,1
497,dd5a9212340046e2a340103c45fd7f17,1,top_heavy,[350],0,0.8,0
498,8b0fb3b8cfee4daba5b93311dbe5c5b5,1,top_heavy,[350],1,1.0,1
499,822d82601bda4b509b180096346c1885,1,top_heavy,[350],0,0.0,0
500,cff10f8297c64447bf388d45ed577e95,1,top_heavy,[350],1,1.0,1
501,ecb8eb62bc3d4ae280ea3151211089a3,1,top_heavy,[350],1,1.0,1
502,787d235e4c2b4d89b4d9aebff5779cf6,1,top_heavy,[350],0,0.0,0
503,bfb2c3311c5d45789500d104b3965147,1,top_heavy,[350],0,0.0,1
504,c754c326486641409687edae575f81ee,1,top_heavy,[350],0,0.0,1
505,fe0d714e8be546d994f3469fbc3bd068,1,top_heavy,[350],1,1.0,1
506,cac7bd69b3e546a8aeccaeabc394f172,1,top_heavy,[350],1,1.0,1
507,8a6ced88638f4bf68c6bb3d7a979d48e,1,top_heavy,[350],0,0.5714285714285715,1
508,9186ab50536b4241b5033a6f1bfa8c9b,1,top_heavy,[350],1,1.0,1
509,4166369ecf494ae998597cee8f2be647,1,top_heavy,[350],0,0.11764705882352941,1
510,78112e7810214d80b8fab5fa51c61200,1,top_heavy,[350],0,0.0,0
511,38ec897108f245b19aeba0e93e304360,1,top_heavy,[350],1,1.0,1
512,b26cac2e25c243dd93e2ac30801d55c9,1,top_heavy,[350],0,0.4,1
513,dda0f54af5084a31a2746f72210b0bd4,1,top_heavy,[350],0,0.20689655172413793,1
514,8444096a84e9455287180d0b1a928142,1,top_heavy,[350],1,1.0,1
515,22f46485365f4209a992b2f67feb0440,1,top_heavy,[350],0,0.5,1
516,de36cde140ee4ceda620f1518dd104bc,1,top_heavy,[350],1,1.0,1
517,08183378ccb3472d903fd95b3b82e132,1,top_heavy,[350],0,0.2857142857142857,1
518,cb08cc75e99a4ec9807321f51dd40566,1,top_heavy,[350],0,0.0,0
519,1667240d3dd740ffa3c317106730a441,1,top_heavy,[350],0,0.0,0
520,b1de8025e01448dcabb96c7e5fab0186,1,top_heavy,[350],0,0.0,0
521,4c3cfd857b01453f9d193ba70e0f2257,1,top_heavy,[350],1,1.0,1
522,bcdd509239274509afc8ae77cb5df604,1,top_heavy,[350],0,0.5,1
523,f7776c027aca468e87d60716cfe3c1c3,1,top_heavy,[350],0,0.6666666666666666,1
524,2242d2a664df4bf1967d3689e8b069d0,1,top_heavy,[350],1,1.0,1
525,420222ccc3794c10a9750e897a4532e0,1,top_heavy,[350],0,0.0,0
526,fe94d55d37024a71afeebcce19c9779c,1,top_heavy,[350],0,0.0,0
527,16083c1098654497a127f77ea191c127,1,top_heavy,[350],0,0.0,0
528,427c5359e1bd4e2ca065c379a9c5d227,1,top_heavy,[350],0,0.8,1
529,6b25cbff83ef403ba7c2ee3b03a1d8be,1,top_heavy,[350],0,0.0,0
530,d23a30ecc5b8469c8e6324ff5d42409b,1,top_heavy,[350],1,1.0,1
531,c4eb8e9e88a64fa49128ad4e99776c91,1,top_heavy,[350],0,0.10810810810810811,1
532,0e497d4f0b4642248a1e1e4b25960ce0,1,top_heavy,[350],1,1.0,1
533,02a006ec43e94d8a8fec1ab448fa5e00,1,top_heavy,[350],0,0.4,1
534,6bdd81ddfa4d41f9a8dac2c1ce206945,1,top_heavy,[350],0,0.0,0
535,bd35d7a651974bb181849a4486692264,1,top_heavy,[350],1,1.0,1
536,7992ef8a5e8f4d9da5a3f75f157136a0,1,top_heavy,[350],0,0.0,1
537,10e96facf13e4091ba5c8cee71226ff0,1,top_heavy,[350],1,1.0,1
538,e854d8deb6cf4af4ac58d44cb3c027c3,1,top_heavy,[350],1,1.0,1
539,80109609b1f24dc0859af11d2bf33ca9,1,top_heavy,[350],1,1.0,1
540,1cc25c3729ab4627a29f3f11172af372,1,top_heavy,[350],1,1.0,1
541,805a6afa477c45d18a26ebba495ac1b7,1,top_heavy,[350],1,1.0,1
542,8dcf91cc88c7478fb336f2b856b1f9b8,1,top_heavy,[350],0,0.0,0
543,34532b23c4624e6e92c4faf30085297d,1,top_heavy,[350],0,0.0,0
544,ab7f7e70dde447fcaa29fdc20ba659db,1,top_heavy,[350],0,0.0,0
545,7904eba267c04097b63fb228937b62bb,1,top_heavy,[350],1,1.0,1
546,27ed5ffe8231443985b27f0d9d605774,1,top_heavy,[350],0,0.6666666666666666,1
547,cdec18921af845c694384dea037eb6ec,1,top_heavy,[350],0,0.0,0
548,e5d6b99f2e6d4efea5d77b6e01aa98a3,1,top_heavy,[350],0,0.15384615384615383,1
549,52e75f8056964c38b2a325a45841c089,1,top_heavy,[350],0,0.5714285714285715,1
550,241ae106b1f7409d82a03f8296c8a6ab,1,top_heavy,[350],0,0.1111111111111111,1
551,374f14d949354e9aa9bdcfdc090433d7,1,top_heavy,[350],1,1.0,1
552,051e0cb33cb64409bbf8e8e79165bacf,1,top_heavy,[350],1,1.0,1
553,cfc8297fe16243e68fd7df070d7bd587,1,top_heavy,[350],0,0.5,1
554,7df3df70d1c74ae9a1255fbee295ef62,1,top_heavy,[350],0,0.13333333333333333,1
555,9238d14529524f97a206ee0d51f157b8,1,top_heavy,[350],0,0.10526315789473685,0
556,0c9774b9297641e39224f703c4e13ec6,1,top_heavy,[350],1,1.0,1
557,5837e1a0fc834500856bc94d81b68ac2,1,top_heavy,[350],0,0.0,0
558,95e677b8475e40e3a6abedec6fe17104,1,top_heavy,[350],0,0.0,0
559,04aa223c25b44b43ba9c2cc94fb5ccc1,1,top_heavy,[350],1,1.0,1
560,b18ad0a41f164debb57278760e011fd1,1,top_heavy,[350],0,0.0,0
561,2ff5deeb56834423b46cb59226137c85,1,top_heavy,[350],1,1.0,1
562,fc754599d5c048639de9864adbce649a,1,top_heavy,[350],0,0.6666666666666666,1
563,962454a456cc4bbb9a8d5bfba6abf79c,1,top_heavy,[350],1,1.0,1
564,902f161fe57f4998b07fd0de6d95270d,1,top_heavy,[350],0,0.888888888888889,1
565,386263cd9738415982f8a63c4d30c2c5,1,top_heavy,[350],0,0.6666666666666666,0
566,7fa327c5d6d443e8b5528c521db7bf65,1,top_heavy,[350],0,0.0,0
567,a3350d80e3c94368aed1d9a34577d519,1,top_heavy,[350],0,0.5,1
568,0cecc7cafa884126923093cb39466c96,1,top_heavy,[350],1,1.0,1
569,e23472157c0d4ebe81a0fa5c027b3359,1,top_heavy,[350],0,0.0,0
570,0d5bc4fc6f0c425b98565b8f80bb6e43,1,top_heavy,[350],0,0.0,0
571,0104a4f929b64f0e84d574262a285e30,1,top_heavy,[350],1,1.0,1
572,c5dc840ded554956be6daa4c6631deb3,1,top_heavy,[350],1,1.0,1
573,6254496b903a42e680fd882f3283fb49,1,top_heavy,[350],1,1.0,1
574,1f73b3ea836548d496ef68c08f4369f4,1,top_heavy,[350],1,1.0,1
575,6c170e4dcb7d4be0a567d55d531ba222,1,top_heavy,[350],1,1.0,1
576,64ca162a7daf4ca0b747b8b3d75eca51,1,top_heavy,[350],0,0.0,0
577,a73cab123714432c9731e0568fd9d43c,1,top_heavy,[350],0,0.33333333333333337,1
578,e504aa46a10248e8b18cb4639dce0467,1,top_heavy,[350],0,0.0,1
579,8e5c3c1a2b514ea2b0d9eb06879364c2,1,top_heavy,[350],1,1.0,1
580,843521ec385d4ca797c3a37842424dae,1,top_heavy,[350],0,0.0,0
581,1554e7b389d54ff7904f0bf2d82e269c,1,top_heavy,[350],0,0.0,0
582,0c64ef2bbeb543bf87efbb0b2617f2b1,1,top_heavy,[350],1,1.0,1
583,ffc6152628c540ecae6e6bab7f420f28,1,top_heavy,[350],0,0.8571428571428571,1
584,c7c63ad1a040451eaf13ad8160295ba0,1,top_heavy,[350],1,1.0,0
585,e6a17a43379a40d1a0388edd679e1fc3,1,top_heavy,[350],1,1.0,1
586,808b1f032cab4da587ca8837b7ee6686,1,top_heavy,[350],0,0.6666666666666666,1
587,28ae4259c5bd485a899ec68af2eb4264,1,top_heavy,[350],0,0.0,0
588,62179d55c8ab4178bb0450eafda198cf,1,top_heavy,[350],0,0.0,0
589,157c103f7f3942c8be2ee84825ff7f32,1,top_heavy,[350],0,0.0,1
590,c551f0e759174fbc80c4d851c51c31fd,1,top_heavy,[350],0,0.0,1
591,8a34a18a13e9487984c1d6839fed053e,1,top_heavy,[350],0,0.5,0
592,d4b5dfb2769d4208804f62b71b6e71c3,1,top_heavy,[350],0,0.0,0
593,77eaa1d176e14eb092f85c51020850ff,1,top_heavy,[350],0,0.0,0
594,8dbad2970e8945f0a4595ccae78e57e9,1,top_heavy,[350],0,0.0,0
595,01649970ebdc4958a48c133492620c31,1,top_heavy,[350],1,1.0,1
596,695bcb8dd90046bba77ed4fe322db935,1,top_heavy,[350],0,0.0,0
597,ce37bce116da48499f15b84b3c158692,1,top_heavy,[350],1,1.0,1
598,e88a0c1244b5484b830b44a6139bec80,1,top_heavy,[350],0,0.0,0
599,60b894ff9c6c43c58bc90fcc2aa78e43,1,top_heavy,[350],0,0.0,0
600,3ffa9e00578043369a677dc8661bfc96,1,top_heavy,[350],1,1.0,1
601,22389bcc734d49d98fdccaf2c36e5c7f,1,top_heavy,[350],0,0.6666666666666666,1
602,2d006592676144faac44e16423bfb178,1,top_heavy,[350],0,0.8,1
603,b20e7a05673a4b3c8ee29beaba23f73a,1,top_heavy,[350],1,1.0,1
604,299726f939f0420aaeb6e5f33a325d39,1,top_heavy,[350],0,0.0,0
605,4740a5c55c1f47bf93a59c65525f43e9,1,top_heavy,[350],1,1.0,1
606,c01e2730fd0544988a6e4c5dc11e0734,1,top_heavy,[350],0,0.0,0
607,02e40f5399fb4b2386f784865610ff5a,1,top_heavy,[350],1,1.0,1
608,d9f2855c8621457fb68bac161b7f811b,1,top_heavy,[350],0,0.0,1
609,4d2ab04164304690b5bbc05618e82a59,1,top_heavy,[350],0,0.0,1
610,0c1be19d610b4fa59930cc5cc930c9d2,1,top_heavy,[350],0,0.0,0
611,9d3dd78635084be1bb29a74d6ae963f6,1,top_heavy,[350],1,1.0,1
612,c992708e6d004bedb81d57b076e33286,1,top_heavy,[350],0,0.28571428571428575,1
613,cf40be104bfe45338fb4e03c699a2f7f,1,top_heavy,[350],0,0.0,0
614,07ebc87534e64dfca8d40500fe2ecd3b,1,top_heavy,[350],0,0.0,1
615,7d4f644a529f41c4b257f9ffb9ce9c87,1,top_heavy,[350],0,0.2,1
616,18fa422e1baf476fbce6d230e0858000,1,top_heavy,[350],0,0.15384615384615385,1
617,0178feda5ef74636ba6e5ba11135ceb6,1,top_heavy,[350],0,0.6666666666666666,1
618,4a93c5ba8a9f4632b9fd8768d008ea73,1,top_heavy,[350],0,0.0,0
619,a0cdfbc45b3f4641b64a2dfd3bde4c2b,1,top_heavy,[350],0,0.0,0
620,79668b02828141b4bc20fd9faba0e2d9,1,top_heavy,[350],1,1.0,1
621,ebf5e6a8dd1742b68312c2c6ada5aad0,1,top_heavy,[350],0,0.0,0
622,599f7e94db9a48019f887451a66c4e1d,1,top_heavy,[350],0,0.0,1
623,00388805ff934f4a9f6c374dd50be557,1,top_heavy,[350],1,1.0,1
624,8067ee0ec3df4208924631047ae0c537,1,top_heavy,[350],1,1.0,1
625,654cd3a33c974ab989777ea8cd69c130,1,top_heavy,[350],0,0.0,1
626,ed981c4aeb414002ad995530646965da,1,top_heavy,[350],0,0.0,0
627,23f830d9e6c24104852473a27360624c,1,top_heavy,[350],0,0.0,1
628,90f5064a214f4e05b9a65eb206d773ea,1,top_heavy,[350],1,1.0,1
629,47e690d71a1648aba0e8ee4f18ede013,1,top_heavy,[350],0,0.0,0
630,5dc68d2932bb4b0f861bd4642c674c43,1,top_heavy,[350],1,1.0,1
631,e04f0cda81094300afaba328511581fe,1,top_heavy,[350],0,0.0,0
632,f540c016913344238538408d0b3ac731,1,top_heavy,[350],0,0.0,0
633,2cdea969eb1441afb20bee7330453eac,1,top_heavy,[350],0,0.0,0
634,d7a9a5bd73444bfd8f0d54e0ee743304,1,top_heavy,[350],0,0.5,1
635,1cf1d0fdb27f4ba6a2399a4a86b09b8e,1,top_heavy,[350],0,0.0,1
636,807640dab41142919b0c0452a24b2e79,1,top_heavy,[350],0,0.0,0
637,61bcc7e8df9841939729131fba4cd039,1,top_heavy,[350],0,0.0,1
638,d6270ad7fc144895abf4552a2e0f8fc4,1,top_heavy,[350],0,0.8,1
639,06752c5554924c339e8cc99f3e4776aa,1,top_heavy,[350],1,1.0,1
640,60df89b8d9d34129982e9438443b7d96,1,top_heavy,[350],0,0.0,0
641,c90c0b26990c48c3b78097fd570a807b,1,top_heavy,[350],0,0.125,1
642,c5c6a6a15e594958ba61f8231ad1c9d0,1,top_heavy,[350],1,1.0,1
643,eb2fd89fd658434d97ecf961b12aed59,1,top_heavy,[350],0,0.0,1
644,f380a5932d4b4a43969a84c3338edae0,1,top_heavy,[350],1,1.0,1
645,a65e6461f74c47c9a5ffee9366dea0a4,1,top_heavy,[350],1,1.0,1
646,8f3827c3491247c7ab4d7706cbb8ef6d,1,top_heavy,[350],0,0.0,0
647,3f70de0169eb42c3a4b40cd1e5f1be61,1,top_heavy,[350],1,1.0,1
648,f5855e26ffa944fab475fd077cb06a43,1,top_heavy,[350],0,0.0,0
649,db63ac356f6a4df8b59087b055a45357,1,top_heavy,[350],0,0.0,0
650,9c03696110b94d56bbfbc83746f79a94,1,top_heavy,[350],0,0.0,0
651,c4b8fa26b7e741fd8b4b8e4120d39d41,1,top_heavy,[350],0,0.7499999999999999,1
652,5a1d3756a44c4a5ba9b30237dd1c807f,1,top_heavy,[350],0,0.0,1
653,50e8ae7a28b347edbef6a9604da6802a,1,top_heavy,[350],0,0.6666666666666666,1
654,29cf64bece6c424f80f4a55c46fc523f,1,top_heavy,[350],0,0.0,0
655,e17e9f25a202485c8d14b354a92e101d,1,top_heavy,[350],0,0.0,0
656,17ca78d8ef664047ad404f91d1f62c4b,1,top_heavy,[350],1,1.0,1
657,0af0869096df4dff8325c3f2ff584087,1,top_heavy,[350],0,0.8,1
658,580cfb51fef84f5e9cb2de0be76eaa61,1,top_heavy,[350],0,0.0,1
659,c0d5e844424d4d9bb84902a8ce411cc2,1,top_heavy,[350],1,1.0,1
660,c24d3c06799444db84d703cd715d2979,1,top_heavy,[350],0,0.0,1
661,ef29092974ce40b980f963ac746247ec,1,top_heavy,[350],0,0.0,1
662,b7e11924f8a34063ba5445261471e552,1,top_heavy,[350],1,1.0,1
663,a25ba84fca504b2aa4e126007a22a14f,1,top_heavy,[350],0,0.5,1
664,0134a374dcf1451a820c7fd997862851,1,top_heavy,[350],0,0.0,0
665,72fa80f3ffa24cadbc2df7c806b0b59b,1,top_heavy,[350],0,0.0,0
666,692352f2fd7d4a389c1f1ca96570be32,1,top_heavy,[350],0,0.0,0
667,e9e6e952876b4c2b864f9c5fd00a3d8a,1,top_heavy,[350],0,0.0,0
668,fe0121ef5b874df0bfca5369f2253f03,1,top_heavy,[350],0,0.14285714285714285,1
669,4453276e770a4ed7b7051d9d65d40975,1,top_heavy,[350],0,0.5,1
670,ea6918ad41e84412b642d9ac01b6d839,1,top_heavy,[350],0,0.0,1
671,99429dc4d1044cb49e70ceb6f3914e07,1,top_heavy,[350],0,0.0689655172413793,1
672,7def903743ac43748483019d8b62d815,1,top_heavy,[350],0,0.0,0
673,8a018a8b09d14b4cb164c0abfd1594bb,1,top_heavy,[350],1,1.0,1
674,8907b0e8c2e142a395a35b0c5560fe6a,1,top_heavy,[350],0,0.0,0
675,1ae4333af7ca4c33953c8030c3aed22f,1,top_heavy,[350],0,0.26666666666666666,0
676,989fede52bf840609bb69d7ba143301b,1,top_heavy,[350],0,0.0,0
677,368647e758554203bcd6310b0cb41a9f,1,top_heavy,[350],0,0.0,0
678,2662231ec6934df58d84e851aaff80fc,1,top_heavy,[350],1,1.0,1
679,aa4169b3de364c318562b0b09308caa0,1,top_heavy,[350],0,0.0,1
680,a71f1a9b718241dd890fd8feb1be3ab8,1,top_heavy,[350],0,0.05555555555555555,0
681,4d50fbdd13184f64aa70b8e68ea872d8,1,top_heavy,[350],0,0.0,1
682,914623f6bde244cab5e20f01a6d2560b,1,top_heavy,[350],0,0.0,1
683,6a80ae4b171345c3ba541b8aa343b1be,1,top_heavy,[350],0,0.15384615384615385,0
684,055162a66045404b8d06e59773ef2e49,1,top_heavy,[350],1,1.0,1
685,6e0186a28acb4427aedaee03db16e623,1,top_heavy,[350],0,0.7499999999999999,1
686,7f5733184c134247ad79a6d2bc6f0081,1,top_heavy,[350],0,0.0,1
687,831bd2a4a96f4496947a5656ac12135d,1,top_heavy,[350],0,0.0,0
688,1d5e987319ba4158a12cab23543a04aa,1,top_heavy,[350],0,0.0,0
689,c9a9b912b07b4c91a98f4134fbc3c6f5,1,top_heavy,[350],1,1.0,1
690,a7fafb4013664c78a931293de688bedb,1,top_heavy,[350],0,0.0,1
691,0099081da3eb4d36bc020201d4f97a27,1,top_heavy,[350],0,0.0,0
692,b33f0ec8e82f44baa01e6b09f9e69104,1,top_heavy,[350],0,0.0,1
693,e62ec634d4b44a50842d1913910877a5,1,top_heavy,[350],1,1.0,1
694,c78e0c2903384595af84d1f0cf51a54f,1,top_heavy,[350],0,0.0,0
695,d313b671236c48f3b029c72fbc46971b,1,top_heavy,[350],0,0.0,0
696,3d674d0b82684e87bdc226d9d614e6e4,1,top_heavy,[350],0,0.0,0
697,4054abd26fcb4958b130fe94dda895ee,1,top_heavy,[350],1,1.0,1
698,65e2cb72034947f0ad2e4fbae41a103e,1,top_heavy,[350],0,0.9333333333333333,1
699,c1b2178b59534886b5fab6b21bb11662,1,top_heavy,[350],1,1.0,1
700,ca8d39a6862e49b58a03a0da02a7bede,1,top_heavy,[350],0,0.0,0
701,daa68770d88b4dbabfc2955ecc647750,1,top_heavy,[350],0,0.0,0
702,504074fdd18a4bfdb3c4d8b3d6a4b589,1,top_heavy,[350],0,0.0,0
703,ba3edfff481042f2a104ffdc278727c0,1,top_heavy,[350],0,0.0,0
704,08b635995bc64aefba8d3fdb405e1b4b,1,top_heavy,[350],0,0.0,0
705,775656e96e4747f5a17cc2b57edd12b7,1,top_heavy,[350],1,1.0,1
706,b2726529c0374da2bcb670a3c89f58a4,1,top_heavy,[350],0,0.0,0
707,7951ebb574024ca7958ac8e4f56cc046,1,top_heavy,[350],0,0.0,1
708,a0eed9d8178c4928b016bdf106f59e9e,1,top_heavy,[350],0,0.0,0
709,ed28bccab4dc46f0a12e98fd366f2a83,1,top_heavy,[350],0,0.0,0
710,1329f988ad3845129c304b54501c934c,1,top_heavy,[350],0,0.6666666666666666,1
711,bccab12e798e428b8869c19eb4feac2c,1,top_heavy,[350],0,0.0,0
712,692084604fa74539aa32ec6abec75341,1,top_heavy,[350],0,0.5,1
713,3e4aa100c744486d883502dd35d3569c,1,top_heavy,[350],0,0.6666666666666666,0
714,aa7ddfbb8f3c403ba5b0a0ded76f2bff,1,top_heavy,[350],0,0.0,0
715,ba1325c4040040a0b7809a32536da5fe,1,top_heavy,[350],0,0.0,0
716,3257fb95269946feab9eeec2ebcd3522,1,top_heavy,[350],1,1.0,1
717,fea7e77ef2364dcdb4bbfa5d69b0c0ef,1,top_heavy,[350],0,0.6666666666666666,1
718,60438978506949e79645c14afd3a21dd,1,top_heavy,[350],0,0.6666666666666666,1
719,5d6123571c4f4e5cb365ed1f2f6453f6,1,top_heavy,[350],0,0.6666666666666666,1
720,f888582a9e324a639852992392b5a0cf,1,top_heavy,[350],0,0.0,0
721,6eeccb736c5f4d72944f4c46e4859c9d,1,top_heavy,[350],0,0.6666666666666666,1
722,8cd035648dd64edb912f01d1b01e6b89,1,top_heavy,[350],0,0.0,0
723,7b190c41b59249bcab29c887d579bb26,1,top_heavy,[350],1,1.0,1
724,aee9e1f69d5048c2a687b4a5acc056be,1,top_heavy,[350],0,0.5714285714285715,1
725,3e5332718ede4bcb99b7c336ff05b9dd,1,top_heavy,[350],1,1.0,1
726,d974393cef5d43e791127eaed8ddb259,1,top_heavy,[350],1,1.0,1
727,1cc48ae35d6a4676a0823fdf2550f2ea,1,top_heavy,[350],0,0.0,0
728,21532189e740426194a08808390eb2b4,1,top_heavy,[350],0,0.0,0
729,64fee0d345024f42864a361022475420,1,top_heavy,[350],1,1.0,1
730,e4533ea2a1404bc285933f7355d58203,1,top_heavy,[350],0,0.0,0
731,a23bfc2ed0ea4b19b736c30f73f7e406,1,top_heavy,[350],0,0.0,0
732,7ca689bb9bd94572af15fb45f2257266,1,top_heavy,[350],0,0.14285714285714288,1
733,311ea5e6c28d46ecb378b855eb0ffe59,1,top_heavy,[350],0,0.2105263157894737,1
734,12cc92d88fd24d6697009b061d1769c2,1,top_heavy,[350],1,1.0,1
735,beefda6210c047899b54a61290a9837c,1,top_heavy,[350],0,0.8,1
736,928e2cc022da44a4893b47a7fa37e1c6,1,top_heavy,[350],0,0.9600000000000001,1
737,241efa1cac394ac983b144420a13a162,1,top_heavy,[350],1,1.0,1
738,1c67f7f0037b4ab1bb510cba499d11a4,1,top_heavy,[350],1,1.0,1
739,f687cfbb7bec408799b8b6f8285b5608,1,top_heavy,[350],0,0.0,1
740,2e613fb291864bdd8a0198c5df5ae238,1,top_heavy,[350],0,0.0,0
741,f5b7236c16734b2388cf37cfd5cbf27b,1,top_heavy,[350],0,0.0,1
742,3a1ba8b914d141eaac80d5de56ed0114,1,top_heavy,[350],0,0.0,0
743,671b2208301e460ba1fa588e350b82d6,1,top_heavy,[350],1,1.0,1
744,388dcae5aa9248318cd8d493a4c3519b,1,top_heavy,[350],1,1.0,1
745,2fcab3f4f6484d8992a6c2aa67aeec69,1,top_heavy,[350],0,0.0588235294117647,1
746,d0bae44433814b2da5d10519d7ea3695,1,top_heavy,[350],1,1.0,1
747,6c60d0e46b4a49068acd95570c520c6f,1,top_heavy,[350],1,1.0,1
748,2a8e2d0e16d64cc2a03180e7dfb8d745,1,top_heavy,[350],0,0.6666666666666666,0
749,6489bd7df2d04a8aa23561eaed38c793,1,top_heavy,[350],0,0.0,1
750,6082452e7aeb4e828079e15ab4e7a9a9,1,top_heavy,[350],0,0.0,0
751,fc16e9799a154e94b2bcade2e9eacd72,1,top_heavy,[350],0,0.0,1
752,17a72d69d7fd4e2fb9c562451e5434ef,1,top_heavy,[350],0,0.5714285714285715,1
753,755056d3d07940929387e2e7e76f4acf,1,top_heavy,[350],0,0.0,0
754,cbef062d89b944c5acd16f892a79611c,1,top_heavy,[350],1,1.0,1
755,a8ec79c66e284a45a63c7dcdcf4f9064,1,top_heavy,[350],0,0.0,1
756,6803dc0693214791b3058a87480b15d6,1,top_heavy,[350],0,0.6666666666666666,1
757,733d2fd24b0b40f7ba5f0edaed20cca9,1,top_heavy,[350],1,1.0,1
758,5a154a6b5c364e79b30a1bd2c9e47e0c,1,top_heavy,[350],0,0.0,0
759,dc1fb48848df419fba9692dffef22844,1,top_heavy,[350],0,0.0,0
760,581d677951c7404d922d56e144504b82,1,top_heavy,[350],1,1.0,1
761,3f24c1ba50b04f8493f8663fd779846e,1,top_heavy,[350],0,0.0,0
762,a10d412bc874427b9f8df9a729c686a8,1,top_heavy,[350],0,0.0,0
763,99a7d09d04634cc08435d1e4bde155b5,1,top_heavy,[350],0,0.0,0
764,5544aab55fe744fab13706c13fcb4f96,1,top_heavy,[350],0,0.6666666666666666,1
765,412a163387474317b4eb02196506d1f4,1,top_heavy,[350],0,0.06666666666666667,0
766,a1c71fcc9f6a468c9468d13d69e711a7,1,top_heavy,[350],0,0.0,0
767,3287651f8746453ba1943191b85095a9,1,top_heavy,[350],0,0.0,1
768,e2d0189ba8fd449889044fecb68c28b2,1,top_heavy,[350],1,1.0,1
769,567c70fec2634f439e055ef5fb30135d,1,top_heavy,[350],0,0.0,0
770,febb62323b274b678dc47bb096688f4c,1,top_heavy,[350],1,1.0,1
771,e08b24a8d41544e38f2489b4e32e2764,1,top_heavy,[350],0,0.0,1
772,ecd82d14cb3e4e28b8307e44f4784ff5,1,top_heavy,[350],0,0.0,1
773,a0b2f384132d475d9b375afdc5343fb2,1,top_heavy,[350],1,1.0,1
774,1703025033a448048d6f688f9321e2a2,1,top_heavy,[350],1,1.0,1
775,6c8c2af2e7b14a84acf550c9253961d8,1,top_heavy,[350],0,0.0,0
776,6368dd06f186478dae5ba3271569ef66,1,top_heavy,[350],0,0.125,0
777,019a54c5394847ec81325e8bdaf8355f,1,top_heavy,[350],0,0.0,0
778,4ae06e8228ca4ca89224a8598de5e6d9,1,top_heavy,[350],0,0.0,0
779,8ff3ddfe7f3a41e294a831e452189dd5,1,top_heavy,[350],0,0.0,0
780,52f45355af90482cb6a950e995783d4b,1,top_heavy,[350],0,0.0,0
781,b455ff336ebe403e896b9be3465811f7,1,top_heavy,[350],1,1.0,1
782,fef91dcc799042b59201fc0f963a8b17,1,top_heavy,[350],0,0.03921568627450981,0
783,a2374c9022504b94b1a832c91ab535fe,1,top_heavy,[350],0,0.5,1
784,f1fca269781c4454a9fbcf23844c79dd,1,top_heavy,[350],0,0.8,1
785,828c73b72b124615b8ccc1cf1ab1014b,1,top_heavy,[350],1,1.0,1
786,ba9e926ece6b4b6e844f51d0b7b0f056,1,top_heavy,[350],1,1.0,1
787,b6ae22e3a9d04cfbaf6206a39dd062da,1,top_heavy,[350],0,0.5,1
788,1b9decbc39c949e8bf28c759dfe4baa2,1,top_heavy,[350],0,0.0,1
789,f5b0c1a6b5824201baa94cf53c56f0c5,1,top_heavy,[350],1,1.0,0
790,1fe12d7bff7a46d79f76ccc655caf66c,1,top_heavy,[350],0,0.0,0
791,3ca19860d31d40d58c3d6018498bbc5e,1,top_heavy,[350],1,1.0,1
792,de7fae20ac624dc9af5949d97f30a79a,1,top_heavy,[350],0,0.0,1
793,d9d30d695b524637976deff70f6a7afd,1,top_heavy,[350],0,0.6666666666666666,1
794,8be91aa0873e4a4bb89703628089432a,1,top_heavy,[350],1,1.0,1
795,a3ff08899c474fcdaaae2dd2409ec7a0,1,top_heavy,[350],0,0.9600000000000001,1
796,bb1589db33fa4309b9b3f7fb5e4b3480,1,top_heavy,[350],1,1.0,1
797,2d6a236fd6104736bfb0ae4404ee6ea9,1,top_heavy,[350],0,0.6666666666666666,1
798,9c4719555e46425496a22559eff66115,1,top_heavy,[350],0,0.0,0
799,3a63e60b8ef140d28f31325f8211cb10,1,top_heavy,[350],0,0.0,0
800,93447ee40a954604bc8e1c926079b785,1,top_heavy,[350],1,1.0,1
801,aa55b1829c9c41e28f3998d32da669ec,1,top_heavy,[350],0,0.6666666666666666,1
802,6eb7f187d8aa4f319e63ad269404dab2,1,top_heavy,[350],0,0.5,1
803,67a58f5e2ff7455f8807463f414f9b99,1,top_heavy,[350],0,0.0,1
804,d62824da543e474da60ae07308009055,1,top_heavy,[350],0,0.0,0
805,b3d58c3cb86044e1ac53ac99a0246d3b,1,top_heavy,[350],0,0.0,1
806,6973eb89fb1441328fc7a79248c2a0ec,1,top_heavy,[350],0,0.0,0
807,dca240ce71894a9798451f919b5d9df0,1,top_heavy,[350],0,0.2857142857142857,1
808,b0d95637bcb44afb96457d3053631d5f,1,top_heavy,[350],1,1.0,1
809,8de2ee8d56464a9d971fdae65ae0f72b,1,top_heavy,[350],0,0.0,1
810,83966e58471549e2adc73c25f58c846b,1,top_heavy,[350],0,0.0,0
811,bb0d3b5086f845df8acfbf503fa4c2ff,1,top_heavy,[350],0,0.0,1
812,706ce26401d54a5d94687fb541f7350c,1,top_heavy,[350],1,1.0,1
813,bf72c01037194351b8d906e8e8c4c0cc,1,top_heavy,[350],0,0.0,0
814,afa333ac95d848f0a60cde4f10d6e261,1,top_heavy,[350],0,0.11764705882352941,0
815,41d5a6d229964b50b3c73d5bc9a5d1fa,1,top_heavy,[350],0,0.0,0
816,b94b8e734c3b40eaba7291c227e2edb7,1,top_heavy,[350],0,0.0,1
817,786765cfe8b44449af887152402aaa29,1,top_heavy,[350],0,0.0,1
818,031cc546d2904282a49ea01dcfa886c8,1,top_heavy,[350],0,0.0,0
819,9759378e0cc44a1c839214bdaa26612d,1,top_heavy,[350],0,0.0,1
820,963f7654e83b425bbeadf56527740ba0,1,top_heavy,[350],0,0.0,0
821,4fed7ee44ec9407ebf2f05e33d2f6d54,1,top_heavy,[350],0,0.0,0
822,e75dd8d226914bd9b9070a34d57ff0c9,1,top_heavy,[350],0,0.0,1
823,92216f1e211c4ddf968b958588255feb,1,top_heavy,[350],0,0.0,0
824,fc9ff2ab888d45b79fa4959911c65e59,1,top_heavy,[350],0,0.0,1
825,dadbf5853ac746239f484a0c7ff02245,1,top_heavy,[350],0,0.0,1
826,b4e39f9e15734b6a82739950c34aa8ee,1,top_heavy,[350],0,0.6666666666666666,1
827,5ed1ab8a035e44ec9200692431509884,1,top_heavy,[350],0,0.0,0
828,2bffb804aab041ee9605adbff83fe141,1,top_heavy,[350],0,0.0,0
829,ba4602ee540d4fcfb52af541b3e7dfd8,1,top_heavy,[350],0,0.0,1
830,45a6d0b6364d49129a59f0a062a2f9a8,1,top_heavy,[350],0,0.0,1
831,199178bd55f849279f0e163c691d0903,1,top_heavy,[350],1,1.0,1
832,745c742fa8d94abe88d1330cd4cdae1d,1,top_heavy,[350],1,1.0,1
833,13c7ec87c0324be5bee05d51772027c5,1,top_heavy,[350],1,1.0,1
834,2f82125c096845fc8b5fc65418c486aa,1,top_heavy,[350],0,0.5,1
835,6c8e1e1b56bc4eb5b99b83ce6c5f3afd,1,top_heavy,[350],1,1.0,1
836,d37cc022c8344772b7d7261033a37c29,1,top_heavy,[350],0,0.16666666666666666,1
837,c034e68af36c41d79e0782c060d7acbd,1,top_heavy,[350],0,0.8,1
838,0986a62e4b4b48be90e2c9172a5b9617,1,top_heavy,[350],0,0.0,1
839,69bda7a3b8cb4e2baecd4fedbe7458ce,1,top_heavy,[350],0,0.2,1
840,144e38b6eea047c99e7ec1d8dbb6cbbc,1,top_heavy,[350],0,0.5714285714285715,1
841,3cb0174eaaf54d35878f92077740136c,1,top_heavy,[350],0,0.0,0
842,e53753e6f784486091c8dce069d90994,1,top_heavy,[350],0,0.0,1
843,6d34f597fdc54dd2aa1a8a9e32e596cb,1,top_heavy,[350],0,0.0,1
844,dbc0bbc541124ed0843db76f2e3a1581,1,top_heavy,[350],0,0.0,1
845,7f00e9c077324f689c8b0746c6381e0e,1,top_heavy,[350],0,0.5714285714285715,1
846,bb720c2091ee4a94a85eb81aa5a7acc3,1,top_heavy,[350],0,0.0,0
847,aecbba5c017943a79d643d0cc71e57b7,1,top_heavy,[350],1,1.0,1
848,a04a4431e605471480fb64662b38504d,1,top_heavy,[350],0,0.0,0
849,60bbae0fbec24bf2a8de8ac0b7076b24,1,top_heavy,[350],1,1.0,1
850,f20bdc9681624087af1dda063b3a6945,1,top_heavy,[350],1,1.0,1
851,0161b1de8e9944f58ba3663305c9759a,1,top_heavy,[350],1,1.0,1
852,33ad75a283674ce5a8178438d8739810,1,top_heavy,[350],0,0.45161290322580644,1
853,3de977d9d8c142c79231c332dad7cfdf,1,top_heavy,[350],0,0.0,1
854,42fb458e399b41f9b78a83d4b30d27b0,1,top_heavy,[350],0,0.07142857142857142,0
855,96b2b16f84e8465d9de71f9fa9718941,1,top_heavy,[350],1,1.0,1
856,68d323c49f9740abbda05876aebfd5d7,1,top_heavy,[350],1,1.0,1
857,415c375731994f69a116e415444abd99,1,top_heavy,[350],0,0.9090909090909091,1
858,9fb85b5dcad34ba497f04a41616f6d0c,1,top_heavy,[350],0,0.0,0
859,40d56efbcf5041ff9ab958e865e63171,1,top_heavy,[350],1,1.0,1
860,16d87b6d44b74c9d9c705b0471dcb4b2,1,top_heavy,[350],0,0.0,0
861,1082fd6599c245bba88c6c46ce86eef8,1,top_heavy,[350],0,0.0,0
862,d316c97abd1e4815a14a66b9b76df881,1,top_heavy,[350],1,1.0,1
863,160bd2f1f99b4697a5945323087874cb,1,top_heavy,[350],1,1.0,1
864,703c1f0b768d4732afa9e6a5a2d05091,1,top_heavy,[350],0,0.0,0
865,85ff90e4fd9c4c8790b6414520150e51,1,top_heavy,[350],1,1.0,1
866,7c34ec6a706d4aaf96e4f3356fe2da7c,1,top_heavy,[350],0,0.0,1
867,6f811a0a4db94a648917355fabbd40ae,1,top_heavy,[350],1,1.0,1
868,48e5d37aaea9404a891d01584e699f18,1,top_heavy,[350],1,1.0,1
869,3e8a38a0b3e64f809e791704ac768b95,1,top_heavy,[350],0,0.0,0
870,1b454ee0cee8452986cf0b57342e8534,1,top_heavy,[350],0,0.5,1
871,893449002d894f7695b2a32aa7713cb5,1,top_heavy,[350],0,0.13333333333333333,1
872,1405700ba6ce4058a4fa68e3c3d680e3,1,top_heavy,[350],1,1.0,1
873,5579074640614bacbdd03ed34a3ddf08,1,top_heavy,[350],0,0.7000000000000001,1
874,09553563f3b94bfd88d2887043744b77,1,top_heavy,[350],1,1.0,1
875,ed00bbd0da8841fa9bb15f15859a9876,1,top_heavy,[350],1,1.0,1
876,6dd10f33c4f8423080bdcf84c8a01ef1,1,top_heavy,[350],0,0.07142857142857142,0
877,959464bf0c7c44ba8f2b21448867e4ad,1,top_heavy,[350],0,0.0,0
878,bf7fc80bf1024d73b6f5cea672696789,1,top_heavy,[350],0,0.0,1
879,06631314756e4d9fa7eb5f040d4d9da4,1,top_heavy,[350],0,0.8571428571428571,1
880,1d9dc72255774f95b5e274139d8ea9bd,1,top_heavy,[350],0,0.0,1
881,eb0682a6d1694acf886b84a407d68416,1,top_heavy,[350],0,0.0,1
882,94b1187d3e5c4282983df4ab44d3d46b,1,top_heavy,[350],0,0.0,1
883,50b4c8f6f61a48c289fff1e90d3c1c68,1,top_heavy,[350],0,0.125,1
884,8c5e2893db634635891ae6afd30261c4,1,top_heavy,[350],0,0.0,0
885,9eecb36f5cb44bb18d24b6efe6824a06,1,top_heavy,[350],0,0.0,1
886,25223706065646aebcebc831d267c30d,1,top_heavy,[350],0,0.0,0
887,f97a45e3576644eda7c95849e50babef,1,top_heavy,[350],1,1.0,1
888,08aee7c44c404089b766cbe0fa2d55f5,1,top_heavy,[350],1,1.0,1
889,6d1b542705c74dfcb9ca889be8fc5c82,1,top_heavy,[350],0,0.0,0
890,8ce493334e064c2f97343909d7ddb91e,1,top_heavy,[350],0,0.3478260869565218,1
891,eb6590ce2f134b889d853696a1519eca,1,top_heavy,[350],0,0.04761904761904762,1
892,b5ada864c0934f8b98d919dae0bcec35,1,top_heavy,[350],1,1.0,1
893,73d58decb36a470e91d5491834972a95,1,top_heavy,[350],0,0.0,1
894,7d08f62337054caa8e0104c19a653158,1,top_heavy,[350],0,0.0,1
895,7a24d5cc2a8f44819ca35879d229e8bc,1,top_heavy,[350],0,0.0,0
896,97034e6a207f4a238a49bf7babb932e9,1,top_heavy,[350],1,1.0,1
897,d0ef3a30427c4d66a516feb413c6b262,1,top_heavy,[350],0,0.1875,1
898,59cca53e121949e39742ee34a89cffab,1,top_heavy,[350],0,0.0,1
899,a645bb94c6194b119832d8e395b47a0c,1,top_heavy,[350],0,0.0,0
900,9e32a1d3fd11455280d3aecde908c2e6,1,top_heavy,[350],0,0.14285714285714288,0
901,7d7537366071415381b140fc2d6bd90b,1,top_heavy,[350],0,0.07692307692307693,1
902,46f896a31c254fb2bf5b68c060edb437,1,top_heavy,[350],0,0.0,1
903,2cda8c267a624be184e87b1d2cd0b05c,1,top_heavy,[350],0,0.0,0
904,3febc40bd3ee4d4e9226aa424b60123c,1,top_heavy,[350],0,0.6666666666666666,1
905,dfc54f2afa2849f4a1d9d7095fa37f8d,1,top_heavy,[350],0,0.0,0
906,57f26f2947864f429083b603d80000aa,1,top_heavy,[350],1,1.0,1
907,3e1bed5b98f248738744f4c55f0e6d06,1,top_heavy,[350],0,0.0,1
908,6d36da6f7d6c4ae898960241cc99cd4c,1,top_heavy,[350],0,0.0,1
909,82f2a270b951424e82df7540c14072d3,1,top_heavy,[350],0,0.0,0
910,059055bc2ed24376a2667ee2496aeb0c,1,top_heavy,[350],1,1.0,1
911,328dfae8a432499e91c71bad92e2bd79,1,top_heavy,[350],0,0.0,1
912,3555cf721db54ce6a35be172f4f0213c,1,top_heavy,[350],1,1.0,1
913,6905efa62e924f7c9960bc701d1025bb,1,top_heavy,[350],1,1.0,1
914,edd8922fe3ec43be851dee74c97ea861,1,top_heavy,[350],0,0.0,0
915,3f5b923f78d642ebb61f535595115ceb,1,top_heavy,[350],1,1.0,1
916,644155df8e7446718cc1d9ca4d2f4c05,1,top_heavy,[350],1,1.0,1
917,f1cd28d437e44ac586e3494371c55ff1,1,top_heavy,[350],0,0.6086956521739131,1
918,b8b75f189ac042c9a664c7bc13bcb936,1,top_heavy,[350],0,0.0,0
919,1cdeb2b345c247bfb083ab363bebd64c,1,top_heavy,[350],0,0.0,1
920,930d23fe662b49d4bb01a291e8a6ad98,1,top_heavy,[350],0,0.0,1
921,46414d4b1b7a4838987e3ee887a448bb,1,top_heavy,[350],0,0.0,0
922,fdc90f6593464af6b65c2f38b2c814c6,1,top_heavy,[350],0,0.0,1
923,e6cad506fcab4d979e90f4a9176b1408,1,top_heavy,[350],1,1.0,1
924,72a4722fda5f436e81437aea9042aaa8,1,top_heavy,[350],0,0.5,1
925,76ed5aaaa5bb47d7923d45360b3332ec,1,top_heavy,[350],0,0.0,0
926,33d1e51367a3481086b0b8206010e16c,1,top_heavy,[350],0,0.25,1
927,d1f6974f4b8f4a189e64cdf36c986df7,1,top_heavy,[350],0,0.28571428571428575,1
928,57351304b16347d58b309e84d19b79aa,1,top_heavy,[350],1,1.0,1
929,7f022ca089d74d51a4be4625cb6191d5,1,top_heavy,[350],0,0.0,0
930,3c5e3c93b4f04892a42057005a46caaa,1,top_heavy,[350],0,0.0,0
931,f7b2f89be1724a9c86cbcc347b0c4425,1,top_heavy,[350],1,1.0,1
932,2af6e73ac32145e9bb843506ce6c6a61,1,top_heavy,[350],1,1.0,1
933,c4c1471da58b4cf087e179b9b71adef4,1,top_heavy,[350],1,1.0,1
934,1854615c2d334e5aa3a608b90f0547b5,1,top_heavy,[350],0,0.28571428571428575,1
935,402f5f93e4a04d998cb41298d57b8115,1,top_heavy,[350],1,1.0,1
936,531226f1c86f49a3bee6638692fedd34,1,top_heavy,[350],0,0.4,1
937,23d9c3e938cd4e54a2917488a719b832,1,top_heavy,[350],0,0.0,0
938,d5012bef02214f0c9698b7a828959e39,1,top_heavy,[350],1,1.0,1
939,79d983f421ab4c3e92364b83b7186e99,1,top_heavy,[350],0,0.6666666666666666,1
940,2e71514053a447d5bbd3f9625420ca43,1,top_heavy,[350],0,0.29629629629629634,1
941,6a420f8f42204d968a137faeb1d73784,1,top_heavy,[350],0,0.0,0
942,2f56933ee8024412b6ef05faf87e7a46,1,top_heavy,[350],0,0.16666666666666666,1
943,ccb81b6865484234ab334d34412a6b35,1,top_heavy,[350],1,1.0,1
944,e33b52e8485c41518aaf76f1048c35e4,1,top_heavy,[350],1,1.0,1
945,29544317d3ab466d8b13e1eac4463c10,1,top_heavy,[350],0,0.6666666666666666,1
946,b5736ba3b8574e3388b2a5ebccb15b09,1,top_heavy,[350],0,0.0,0
947,7e4328290edf4f2aac9f8988b5079fe1,1,top_heavy,[350],0,0.0,1
948,8bff718944c84becbf657952138356fd,1,top_heavy,[350],0,0.0,1
949,c411868fbe054e80b90a12463b2beddd,1,top_heavy,[350],0,0.4,1
950,ead58bae18d04b9c89be6f0bbe3f155f,1,top_heavy,[350],0,0.0,0
951,319e4521a8454f6a908b91d874ce2e08,1,top_heavy,[350],0,0.0,0
952,bc947534038744198b74eab0dc89a6fe,1,top_heavy,[350],0,0.0,1
953,aece58a299d84cd88579bca72c73da46,1,top_heavy,[350],0,0.0,0
954,61727044bdac4760964296c822ea1ffa,1,top_heavy,[350],0,0.6666666666666666,1
955,bc61a95b6c25463db3459cd626a11ad0,1,top_heavy,[350],0,0.9090909090909091,1
956,e45fbf36c6d64467b16f13324d22a4c2,1,top_heavy,[350],0,0.3636363636363636,1
957,1e1eb993a1ca4265978c2db209a671b7,1,top_heavy,[350],1,1.0,1
958,f74b173f48654bc9832934834956c10f,1,top_heavy,[350],1,1.0,1
959,30913ce681084f3f8357bef6147fe049,1,top_heavy,[350],0,0.0,1
960,359f8256bb2b4d5589fa81885ef48257,1,top_heavy,[350],0,0.0,1
961,3d531ea0078248ebb3dd503bb338071f,1,top_heavy,[350],0,0.0,1
962,a9dff945426841f8b37069eefd82297b,1,top_heavy,[350],0,0.0,1
963,aa9daba7638b4fa9b1472bb648fe964e,1,top_heavy,[350],0,0.6666666666666666,1
964,dd66178403e8487382fdc1b84bb2881c,1,top_heavy,[350],0,0.0,0
965,c9bcb9b8a8ba42f5bfd2538b4925a3ac,1,top_heavy,[350],0,0.0,1
966,a14a2ea82a1544a19f7c45cbf7f82f6e,1,top_heavy,[350],0,0.8,1
967,fb2d1f54601e4f89be70d07393db45f4,1,top_heavy,[350],1,1.0,1
968,b83b50ae80c3463aa27b05bb0bf4b493,1,top_heavy,[350],0,0.0,0
969,26c180c03a734a1aaee4138be308a078,1,top_heavy,[350],0,0.06451612903225806,1
970,273733b869b741a7b9667927ea701789,1,top_heavy,[350],0,0.0,0
971,97cb3c77ddba4ab9ae6bfdc00eb09c42,1,top_heavy,[350],1,1.0,1
972,08473edda228492e9cfe9b6583977e50,1,top_heavy,[350],0,0.0,1
973,6d5eb886bc37490aa1854938f9b36903,1,top_heavy,[350],0,0.0,0
974,e0ce4da6cbfe4f26b945f5555901e5c5,1,top_heavy,[350],0,0.0,0
975,f002078c2ea2435db1e405606b820e19,1,top_heavy,[350],1,1.0,1
976,441f524567e9477a9b0d07f4a0907622,1,top_heavy,[350],1,1.0,1
977,60dd6a100f3b42598ab0d32f254b1662,1,top_heavy,[350],0,0.2727272727272727,0
978,873ea1af23e548efb10a54c97edcdb6b,1,top_heavy,[350],1,1.0,1
979,3e1d564bb5eb4b1ba37db917c472a566,1,top_heavy,[350],1,1.0,1
980,04676862004644f18aa94ff54107047c,1,top_heavy,[350],0,0.0,0
981,116e002d700e4d349581f1a4937dfba8,1,top_heavy,[350],0,0.0,0
982,283c5867606b46258127fa5fed7cf62d,1,top_heavy,[350],0,0.0,1
983,171414c078ce452d9374be8989aa0147,1,top_heavy,[350],0,0.0,0
984,a2643b6d7fe94e54bb74da276f0a4646,1,top_heavy,[350],1,1.0,1
985,342cb6f69f6449318f4c4e5385f954fd,1,top_heavy,[350],0,0.8,1
986,e3fe3ef5daa6485a8a3f91dfccc9d797,1,top_heavy,[350],1,1.0,1
987,6071cc99d5744a17814ad38e72b53f3b,1,top_heavy,[350],0,0.0,0
988,d5f0273d41ad45ab9a9819cb49e29b02,1,top_heavy,[350],0,0.6666666666666666,1
989,d1b4f5f6d643456aad1526324d39c259,1,top_heavy,[350],1,1.0,1
990,62747a42a9074e7da75c495cc4daca38,1,top_heavy,[350],0,0.6666666666666666,1
991,5d464ecc16894c0cbc33ed95ac502289,1,top_heavy,[350],1,1.0,1
992,e5fb043f8b0245f2acc78136af1bb5dd,1,top_heavy,[350],0,0.6666666666666666,1
993,53278976c290499ab7f1decb9f7bf6a2,1,top_heavy,[350],0,0.0,1
994,7889488ae4d3460bafe900d6917b650e,1,top_heavy,[350],0,0.0,1
995,91ef74a5a47a442aaa5af41b3d564051,1,top_heavy,[350],0,0.0,1
996,3e83d3398a8a4e26a98fab7f85c8cb59,1,top_heavy,[350],0,0.5333333333333333,1
997,20e0dcefdff242ebb51ce89c34182814,1,top_heavy,[350],0,0.16666666666666666,0
998,7e7a5a32f59b49ccacc7c1408799a32a,1,top_heavy,[350],0,0.0,1
999,a3ac333098d74ad7acf2d20bbc261c9b,1,top_heavy,[350],0,0.3333333333333333,1
0,728220fe1b5f4ce886273ec524c6972b,3,uniform,"[117, 117, 116]",1,1.0,1
1,c89d1c366c274f6e8d233be688759386,3,uniform,"[117, 117, 116]",0,0.0,1
2,644d4774db194bb0b491e58deff0fe6c,3,uniform,"[117, 117, 116]",0,0.0,1
3,b7648c8b476e4482a7fa9a8d4584c551,3,uniform,"[117, 117, 116]",0,0.6666666666666666,1
4,362b90d2f2de47e1a0d9be76d1383cd5,3,uniform,"[117, 117, 116]",0,0.10526315789473685,1
5,e365fba82bca48ad8b9ec4fbac8bd3b7,3,uniform,"[117, 117, 116]",0,0.7000000000000001,1
6,56a527cc368e4b10ac88117b33ab6370,3,uniform,"[117, 117, 116]",0,0.09090909090909091,0
7,ef7ff14fda8347479995319185ade05f,3,uniform,"[117, 117, 116]",1,1.0,1
8,e7abf6763c7d425c8577ed893a0cd182,3,uniform,"[117, 117, 116]",0,0.0,1
9,08b8fd7f109845eda0ffb6868479f8c2,3,uniform,"[117, 117, 116]",0,0.0,0
10,ddc318071f01453ab87ceebe18062971,3,uniform,"[117, 117, 116]",0,0.0,1
11,b33e0d818b364b87878b747b09987f28,3,uniform,"[117, 117, 116]",0,0.0909090909090909,1
12,629ca0ba60d84e678789916c527e5e74,3,uniform,"[117, 117, 116]",0,0.0,1
13,dc5438680eeb4547b962a6d05a58125d,3,uniform,"[117, 117, 116]",0,0.0,1
14,2ea97cfbe22340cdabec8b67b75b0f0e,3,uniform,"[117, 117, 116]",1,1.0,1
15,dc27edf1253345dabb1ae19ef7d8a829,3,uniform,"[117, 117, 116]",0,0.0,1
16,c3ec8eaa57d0418da0c66d7ad83761b3,3,uniform,"[117, 117, 116]",0,0.0,1
17,f22c94617c404f388ea469654e9a580f,3,uniform,"[117, 117, 116]",0,0.2857142857142857,1
18,2c9d87584b86413d86f28eb40a1af7cf,3,uniform,"[117, 117, 116]",1,1.0,1
19,49af423e020444c999bdbdaa7cc573bd,3,uniform,"[117, 117, 116]",0,0.0,1
20,a2f796f7536947518cb11c541c564c83,3,uniform,"[117, 117, 116]",0,0.0,1
21,70ff5cd057104a24a7de546f6a0a93e2,3,uniform,"[117, 117, 116]",0,0.25,1
22,bb0bceec8bca491db5c90c3962960eea,3,uniform,"[117, 117, 116]",0,0.08,1
23,4790b60660da497bb390ed9bc5996973,3,uniform,"[117, 117, 116]",0,0.0,1
24,092f821b8fd243efb2bfd2f200cb99ee,3,uniform,"[117, 117, 116]",0,0.0,0
25,e21128d6906243a58807600c9e0744b4,3,uniform,"[117, 117, 116]",0,0.10526315789473684,0
26,b612d7f272cd452dab8379571e41f3dd,3,uniform,"[117, 117, 116]",0,0.125,1
27,40f708bf9a744a90b62edfb3b44ad9cf,3,uniform,"[117, 117, 116]",0,0.0,0
28,b5b3c4c6f37c4de3907df3b82c13a2d7,3,uniform,"[117, 117, 116]",0,0.0,1
29,ebe6da22787d42bab5690387505c2674,3,uniform,"[117, 117, 116]",0,0.0,0
30,74953752801446a2abe6b330ce63c179,3,uniform,"[117, 117, 116]",0,0.0,0
31,ed2ba8953b6a49bb8f961969603a956f,3,uniform,"[117, 117, 116]",1,1.0,1
32,d468e9a904314a5a92582bcfcc7b7635,3,uniform,"[117, 117, 116]",0,0.0,1
33,59c97e698fe0492890ba2dec20b8ff97,3,uniform,"[117, 117, 116]",0,0.0,0
34,c00bac5c39534761b85d1adeea7bdd23,3,uniform,"[117, 117, 116]",1,1.0,1
35,625274d8050f451ebd131104306237c1,3,uniform,"[117, 117, 116]",0,0.0,1
36,64215d84427e4d709e2914e76df055c5,3,uniform,"[117, 117, 116]",0,0.0,1
37,5464eecea5074ee49a1f281e3855f2d1,3,uniform,"[117, 117, 116]",0,0.888888888888889,1
38,f4e61efd586744d9941da1aea777b7d7,3,uniform,"[117, 117, 116]",0,0.0,1
39,e89b8741115d4a248603dde70032bccd,3,uniform,"[117, 117, 116]",0,0.06666666666666667,1
40,4dd31c6180e64c4eb59983819779cf2c,3,uniform,"[117, 117, 116]",0,0.1951219512195122,1
41,1bf26f3035ec45e5874eb0de76a8d903,3,uniform,"[117, 117, 116]",0,0.14285714285714288,1
42,f86df4ac102d4a058ac5a346fed44de9,3,uniform,"[117, 117, 116]",0,0.0,1
43,ace17f51ddc44d7db28c05c44bc5d658,3,uniform,"[117, 117, 116]",1,1.0,1
44,e2c278dfb89b444389ac7fa574c14697,3,uniform,"[117, 117, 116]",0,0.0,1
45,9b01a7aac7fb40979eccbed5da004372,3,uniform,"[117, 117, 116]",0,0.0,0
46,6778d6c630a84294a6dd81fbfabf9177,3,uniform,"[117, 117, 116]",0,0.0,0
47,35190f405eb4417497a797f137fb3f1b,3,uniform,"[117, 117, 116]",1,1.0,1
48,a5d866dd01974343ba3475ba0ca2387c,3,uniform,"[117, 117, 116]",0,0.6666666666666666,1
49,34a877cef8f4456197484f09d1643e87,3,uniform,"[117, 117, 116]",0,0.6666666666666666,1
50,f87ac51d4db74ff7b51a4c5ea00723e8,3,uniform,"[117, 117, 116]",0,0.0,0
51,9bb1b01620ea4ed28be3d13447145272,3,uniform,"[117, 117, 116]",0,0.0,1
52,68b7a9d693f84289b1d8cca76c5daf3b,3,uniform,"[117, 117, 116]",1,1.0,1
53,413339d30cc447a884eb601571769b06,3,uniform,"[117, 117, 116]",0,0.0,1
54,b0d97074e304423bab66769456c4890d,3,uniform,"[117, 117, 116]",0,0.0,1
55,9827d6f7626d46c188fc893ff0e12fd9,3,uniform,"[117, 117, 116]",1,1.0,1
56,3750487af26c40af96cb49550876a52a,3,uniform,"[117, 117, 116]",0,0.0,0
57,5010c8ecc7584e2d86bbb2ab8acfa878,3,uniform,"[117, 117, 116]",0,0.5,1
58,c5b80b9f943d4bd3b11c84700bff495f,3,uniform,"[117, 117, 116]",0,0.07142857142857142,1
59,7bfe3ee0862a4bdbb5e06b894cfefd29,3,uniform,"[117, 117, 116]",0,0.15384615384615385,1
60,d7f9ec97994d42c3bf9dfc7e853a3d66,3,uniform,"[117, 117, 116]",0,0.2666666666666667,1
61,dc530a1b42fc45af9b9112f391db3504,3,uniform,"[117, 117, 116]",0,0.5,1
62,6d8f6111e0f2484f961308f6dc5270b3,3,uniform,"[117, 117, 116]",0,0.16666666666666669,1
63,ef32addb3b9b4c8ab122fd787122a657,3,uniform,"[117, 117, 116]",0,0.2,1
64,79e87ee729dd4f40b1492c9d24d26541,3,uniform,"[117, 117, 116]",0,0.0,1
65,94b8ba1c855e4789a90cd5692ee3e710,3,uniform,"[117, 117, 116]",1,1.0,1
66,7de2c568942c4160a93c7c80f264030f,3,uniform,"[117, 117, 116]",0,0.0,0
67,eeef45fe8f664128b6f49991e5695c3e,3,uniform,"[117, 117, 116]",0,0.0,0
68,fb575e95e21843f9bc7ab8acdde72ee7,3,uniform,"[117, 117, 116]",0,0.0,1
69,0ae51cad51b340cb9ce156a667e11a5e,3,uniform,"[117, 117, 116]",0,0.0,0
70,2e3e4e90adb64e86bf0e6ccf5499126b,3,uniform,"[117, 117, 116]",1,1.0,1
71,8b49dc87c93b45c48eb62e4a0b8ac604,3,uniform,"[117, 117, 116]",0,0.2857142857142857,1
72,dafae23b13b148619784124572b26008,3,uniform,"[117, 117, 116]",0,0.9090909090909091,1
73,054d98807bed447f896aaa343005bb89,3,uniform,"[117, 117, 116]",0,0.6666666666666666,1
74,fee6642b071a46e9b1a005d63b58a98c,3,uniform,"[117, 117, 116]",0,0.0,1
75,ae35f52b8069416da505e192383e1cab,3,uniform,"[117, 117, 116]",0,0.0,1
76,21976ca866684313b86aa9450c61406c,3,uniform,"[117, 117, 116]",0,0.0,1
77,bfa3a133f4fc48eda18b7464dddc5e70,3,uniform,"[117, 117, 116]",0,0.037037037037037035,1
78,8809bd64552f4f7aa8f53f493602ceae,3,uniform,"[117, 117, 116]",1,1.0,1
79,4e6de19d338a44b6bd4bbaec2c3c0635,3,uniform,"[117, 117, 116]",1,1.0,1
80,121d9ead9e87477baedf4605be92bbf7,3,uniform,"[117, 117, 116]",1,1.0,1
81,96478949a8214ae4bd74130d64466203,3,uniform,"[117, 117, 116]",0,0.06666666666666667,1
82,e2bc1abc94f141399b0b004676f84171,3,uniform,"[117, 117, 116]",0,0.8,1
83,a018ca4c1e8e4a44b48188655383c8a5,3,uniform,"[117, 117, 116]",0,0.09302325581395349,1
84,2c175bdf51494ae1a97be4ed1a365825,3,uniform,"[117, 117, 116]",0,0.7272727272727272,1
85,916d57f6183b4c52999933fe394cae6e,3,uniform,"[117, 117, 116]",1,1.0,1
86,2324b8d221fa41d58267b515b1a1109a,3,uniform,"[117, 117, 116]",0,0.0,1
87,c0d3770ca41e4463958dca0c88ce3979,3,uniform,"[117, 117, 116]",0,0.0,1
88,68ac44d7d9e24aee8fcaa91e0f364062,3,uniform,"[117, 117, 116]",0,0.06666666666666668,1
89,f6ea20f22a394788814a7b4374246cf9,3,uniform,"[117, 117, 116]",0,0.4444444444444445,1
90,5f53831743434c24b29ed9b858d87e4b,3,uniform,"[117, 117, 116]",0,0.888888888888889,1
91,20c6639f94d24a91ac79c15024fcd5f7,3,uniform,"[117, 117, 116]",0,0.4,1
92,6c6f0f2b83e546e39bc40d37b0ee9975,3,uniform,"[117, 117, 116]",1,1.0,1
93,a1b8855de6ff4bf2b8afc5942486e88c,3,uniform,"[117, 117, 116]",0,0.0,0
94,986fec610e0e4bf9bb3de6be1fa0356e,3,uniform,"[117, 117, 116]",0,0.0,0
95,ce5d0f11b9664510a27bf3c483792f13,3,uniform,"[117, 117, 116]",1,1.0,1
96,3f092922c6854e3f8bdf22cc50cf71a9,3,uniform,"[117, 117, 116]",0,0.0,1
97,811785fb9d684ccd9577541cd4c94555,3,uniform,"[117, 117, 116]",0,0.0,1
98,66d0e7da123d49fd8f8016dc27775052,3,uniform,"[117, 117, 116]",0,0.0,1
99,1646e87aca7b4f078ae816044f0f5955,3,uniform,"[117, 117, 116]",1,1.0,1
100,d2747da8e1e1416cb057ee8651131dd8,3,uniform,"[117, 117, 116]",0,0.12903225806451613,1
101,8834ade537ca4faca9fb3bdd7efcb88b,3,uniform,"[117, 117, 116]",1,1.0,1
102,81a06cc7f0ed45fba03d40062246bf0f,3,uniform,"[117, 117, 116]",0,0.33333333333333337,1
103,9f8bb4dd263246dbac8f331f745d2e5a,3,uniform,"[117, 117, 116]",0,0.0,1
104,d0940d4e2f8b4c23817a178bf3f2ee85,3,uniform,"[117, 117, 116]",0,0.0,0
105,62b2d8702439498197acee357c30a8bd,3,uniform,"[117, 117, 116]",0,0.05405405405405406,0
106,1fcf01709c0b404da2b3024ac0a02eb0,3,uniform,"[117, 117, 116]",0,0.13333333333333336,0
107,f299e2d5b4264decb2fd2ab4d6a53c2d,3,uniform,"[117, 117, 116]",0,0.0,0
108,ecba8f966e03447a940cfff69f9ba8e1,3,uniform,"[117, 117, 116]",1,1.0,1
109,077524326f6a4e53a728f5341e89f79c,3,uniform,"[117, 117, 116]",0,0.0,1
110,18cbdcbef93544acac9407596569a64f,3,uniform,"[117, 117, 116]",0,0.0,1
111,afc8672a21f441369ab4b0ffb8532c21,3,uniform,"[117, 117, 116]",0,0.05714285714285715,1
112,c64f2789544c45c8bf9dceebb35cfa53,3,uniform,"[117, 117, 116]",0,0.0,0
113,c2bf5fa95d404050b8f86692d9100be0,3,uniform,"[117, 117, 116]",0,0.0,1
114,ff5f25fc4c9b4354b49fc603df373ee0,3,uniform,"[117, 117, 116]",0,0.0,1
115,d83aff530fd447b49138953308883ac2,3,uniform,"[117, 117, 116]",0,0.0,0
116,5b7387ec945d47b8b624c2b55b6a80c1,3,uniform,"[117, 117, 116]",0,0.0,1
117,987b4118a9304f2f8193ab27a36b0489,3,uniform,"[117, 117, 116]",0,0.0,1
118,da630eb21dea4abe920e8253d4fd6a34,3,uniform,"[117, 117, 116]",0,0.27586206896551724,1
119,1cfc4441a86445fab7952656df2d64a0,3,uniform,"[117, 117, 116]",0,0.0,1
120,5cac964bb57446e39b0f58d6043c12d7,3,uniform,"[117, 117, 116]",1,1.0,1
121,30cbead889fc4c0783a1afd652cfb163,3,uniform,"[117, 117, 116]",0,0.6666666666666666,1
122,d7eb4ea422a0440ab1a2ea0d9a313198,3,uniform,"[117, 117, 116]",0,0.0,1
123,c8c3c9f350c5469da18f367a6a250097,3,uniform,"[117, 117, 116]",0,0.0,0
124,b47d1c59552a453ba57c2121f029242d,3,uniform,"[117, 117, 116]",0,0.0,1
125,29b82a59344f4d38854c476a31827ba7,3,uniform,"[117, 117, 116]",0,0.0,0
126,9a0b3de216b6498699f9a1745ef51447,3,uniform,"[117, 117, 116]",0,0.14814814814814814,1
127,f126e81901054b3ba5fb4ce920b1df38,3,uniform,"[117, 117, 116]",1,1.0,1
128,0a8eff0d1b134de888817e44d2e889b1,3,uniform,"[117, 117, 116]",0,0.32558139534883723,1
129,054b7315353146d4b0ad624514005ef2,3,uniform,"[117, 117, 116]",0,0.0,1
130,f4ef4313787d49d7851ad2a6c66cf163,3,uniform,"[117, 117, 116]",0,0.6666666666666666,1
131,e3602ad5a2864891955a696e59594e76,3,uniform,"[117, 117, 116]",0,0.0,1
132,2a9c56b5a5ae43b78f7f7d9dccdca491,3,uniform,"[117, 117, 116]",1,1.0,1
133,4fc9afe35d8c4cdf8115fe9faf6ac96a,3,uniform,"[117, 117, 116]",1,1.0,1
134,065ce886fe8c41088ba6b71c82ab6229,3,uniform,"[117, 117, 116]",0,0.0,1
135,928063d9906145b6b83392f5068efb4f,3,uniform,"[117, 117, 116]",0,0.0,0
136,455324ce37fa42c8af627f9f832cfb24,3,uniform,"[117, 117, 116]",0,0.0,0
137,1af7aafeb2e24d348d72b7559a2ce754,3,uniform,"[117, 117, 116]",0,0.6666666666666666,1
138,c4c3e45a17884ef78442ed584e442741,3,uniform,"[117, 117, 116]",1,1.0,1
139,2e7792c3711b4a139cf99e7dec1b7e26,3,uniform,"[117, 117, 116]",0,0.0,1
140,8d3d4915ed104234bca2e7e8eb591d6e,3,uniform,"[117, 117, 116]",0,0.2666666666666667,1
141,7876cd87c6e845f484f841d243a021a0,3,uniform,"[117, 117, 116]",0,0.2857142857142857,1
142,faca8fa5d6724e3f95ea8550bbb1a3c8,3,uniform,"[117, 117, 116]",1,1.0,1
143,76c6e9ef00884f509bc625e25b15cc85,3,uniform,"[117, 117, 116]",1,1.0,1
144,0db9e6fa3f21435996d0bf1e3b3f8adb,3,uniform,"[117, 117, 116]",1,1.0,1
145,ca61917ae999408c84f855c26dc48c68,3,uniform,"[117, 117, 116]",0,0.0,0
146,c6d27c29d4774501b4f046af3bb83dfd,3,uniform,"[117, 117, 116]",0,0.0,0
147,8da0d6902cab4114b140672981c41ece,3,uniform,"[117, 117, 116]",0,0.0,1
148,d809c82de0cc41a391a8476fbedc4638,3,uniform,"[117, 117, 116]",1,1.0,1
149,6a9dae85ef8448b88947f67b7368cd84,3,uniform,"[117, 117, 116]",0,0.0,1
150,62ccc3554230408fb85b346dedaeffa9,3,uniform,"[117, 117, 116]",0,0.0,1
151,9724aa5ceb194973a23f99d088987015,3,uniform,"[117, 117, 116]",1,1.0,1
152,8c513011d82543469328cb90f190d67c,3,uniform,"[117, 117, 116]",0,0.0,0
153,352bbdac5d414a65a714e30a0fd97f42,3,uniform,"[117, 117, 116]",0,0.14285714285714288,1
154,c46c0d1751554ccea747cb3825bdbe66,3,uniform,"[117, 117, 116]",0,0.0,0
155,1b99dffb92c14a838fdb91967645cbf0,3,uniform,"[117, 117, 116]",0,0.0,1
156,fe231269e136464c857e4cedaa8a523e,3,uniform,"[117, 117, 116]",0,0.0,0
157,b7ccf71e49054da2a836cbd7dcca51ae,3,uniform,"[117, 117, 116]",0,0.0,0
158,c5d1601dece84ce895260d42931118c3,3,uniform,"[117, 117, 116]",0,0.0,0
159,c6e9bca537a64d47a1f219d04aa484cf,3,uniform,"[117, 117, 116]",0,0.0,0
160,19174950ad6b4759929f41cb2aa6b979,3,uniform,"[117, 117, 116]",0,0.0,0
161,08e1f398fc554a2b9cc745c89b8ddd1c,3,uniform,"[117, 117, 116]",0,0.3076923076923077,1
162,4e8ac0b2d2c448099dea09b0b88032b6,3,uniform,"[117, 117, 116]",0,0.29629629629629634,1
163,ba68aac128784f47a20eafdb4fa84627,3,uniform,"[117, 117, 116]",1,1.0,1
164,9b6a4b25c0cf41d89f69fab7e636d836,3,uniform,"[117, 117, 116]",1,1.0,1
165,851dc215cd4f478ea5bc5be433bb650b,3,uniform,"[117, 117, 116]",0,0.5333333333333333,1
166,73df4341944b4832a7110492fec95939,3,uniform,"[117, 117, 116]",1,1.0,1
167,82498b7e764c4a77ae54de9e49a211ce,3,uniform,"[117, 117, 116]",0,0.5,1
168,d12c3c9ff7254b76a83a3c702e0f1411,3,uniform,"[117, 117, 116]",1,1.0,1
169,9b5c249c46644e04a2d28d98bac5f951,3,uniform,"[117, 117, 116]",0,0.0,0
170,b31c60bda086454a900948cde75eb053,3,uniform,"[117, 117, 116]",0,0.047619047619047616,1
171,68ea789496074f56878ceddf5f0bb6c0,3,uniform,"[117, 117, 116]",0,0.0,0
172,2fbb04100c444abda7f972b3c7ca55b9,3,uniform,"[117, 117, 116]",0,0.8333333333333333,1
173,ff83ee0ffed94025b218bc5444b14880,3,uniform,"[117, 117, 116]",0,0.0,0
174,811443af769846bd88db9031899cf838,3,uniform,"[117, 117, 116]",0,0.1904761904761905,1
175,2737e76f68ed4c889e75300d5d707fbb,3,uniform,"[117, 117, 116]",0,0.08695652173913045,1
176,5c48b89357aa48fd8a1aafaeabe73c4c,3,uniform,"[117, 117, 116]",0,0.2222222222222222,1
177,57b5639ab5b441d9956c8bb4d17cf3e2,3,uniform,"[117, 117, 116]",1,1.0,1
178,b7f2e1ae39b54396b93b90189b8ef3da,3,uniform,"[117, 117, 116]",0,0.0,1
179,ed32ea00d52a492b93ce00ce06b93f4a,3,uniform,"[117, 117, 116]",0,0.09302325581395349,1
180,45e285d6497d478b835ec6f97fe0edb8,3,uniform,"[117, 117, 116]",0,0.4,1
181,287086d87ca540629ea9a5d1f3e42827,3,uniform,"[117, 117, 116]",0,0.0,0
182,66671cea0dee4e95ace4c4ccbdcc094b,3,uniform,"[117, 117, 116]",0,0.0,0
183,1c3202898a2340d8b9ee33b3d2feb483,3,uniform,"[117, 117, 116]",1,1.0,1
184,b91f7ce859194bf3a952f9948618cfaf,3,uniform,"[117, 117, 116]",0,0.0,0
185,8da9a487491d4861815c860882b46f1b,3,uniform,"[117, 117, 116]",1,1.0,1
186,b0bc5b996f8c43a4a27f7a0a92100227,3,uniform,"[117, 117, 116]",0,0.0,0
187,b3d3a7f3fd00419c896e03a2dd70c2eb,3,uniform,"[117, 117, 116]",0,0.0,0
188,9723fcbfda3b41f1a2928a72b5614b05,3,uniform,"[117, 117, 116]",0,0.0,0
189,354948edd4c94ed49d3c744a8213b0e4,3,uniform,"[117, 117, 116]",0,0.0,0
190,06ad4f09434a47e7a9563d96bde0e71f,3,uniform,"[117, 117, 116]",0,0.11428571428571428,1
191,9ed3661a6d2945fbb92425ece8bc177e,3,uniform,"[117, 117, 116]",0,0.0,0
192,ef60d03b67d34a1190d04693fee8767f,3,uniform,"[117, 117, 116]",0,0.0,0
193,63fc6e7a70aa4d60a8cab579a90afb9e,3,uniform,"[117, 117, 116]",0,0.0,1
194,8c780963994f44c7835580cb22bc2fdc,3,uniform,"[117, 117, 116]",0,0.6923076923076924,1
195,60f332bc68e64d8680e179e359b0d6fa,3,uniform,"[117, 117, 116]",0,0.0,1
196,69e712f057644faf86a9688a85a2deee,3,uniform,"[117, 117, 116]",1,1.0,1
197,1a4a586dd10143f3a68247ae4c535713,3,uniform,"[117, 117, 116]",1,1.0,1
198,ba52569b388b4b339129a0277c7eb2e8,3,uniform,"[117, 117, 116]",1,1.0,1
199,a5c81a5e5d3c42d089cd98f0b556de2f,3,uniform,"[117, 117, 116]",0,0.0,0
200,0af880e8558a4fc3afbc9a8a25d081fd,3,uniform,"[117, 117, 116]",0,0.4,1
201,073515a682484ceaac87a83d1ab38a06,3,uniform,"[117, 117, 116]",0,0.0,1
202,36ab12ff07cf46ed9af03891964f20de,3,uniform,"[117, 117, 116]",0,0.0,1
203,b189954307e7414b9d81ad99c7b730bf,3,uniform,"[117, 117, 116]",0,0.7999999999999999,1
204,37c0ef1f9eb3412594ff30f21611b882,3,uniform,"[117, 117, 116]",0,0.0,0
205,dc27c4c56b014020bd9e8a799860b06e,3,uniform,"[117, 117, 116]",1,1.0,1
206,aa9da743626a453780aaaf56e7816508,3,uniform,"[117, 117, 116]",0,0.0,0
207,5b94852dff984b19bf8264cd8bc1caa3,3,uniform,"[117, 117, 116]",0,0.0,1
208,980522a80742433e96b144a86fd2ddce,3,uniform,"[117, 117, 116]",0,0.0,0
209,c5fc7fc4522b43b7a0802acbd3963efd,3,uniform,"[117, 117, 116]",1,1.0,1
210,7374f521a2854922b8f6f8890ecda23d,3,uniform,"[117, 117, 116]",0,0.2666666666666667,1
211,29cd58ae62e94dc4b7315ce4b50010ef,3,uniform,"[117, 117, 116]",0,0.25,1
212,5fcc6fb126e14d65ba4d0d86bb28a8be,3,uniform,"[117, 117, 116]",0,0.0,1
213,2b41e95bcc554f69b8d594bc3d05bf1a,3,uniform,"[117, 117, 116]",0,0.07142857142857142,1
214,8ae5ae5b607b4dbc86f7da5147a095c7,3,uniform,"[117, 117, 116]",0,0.0,0
215,fc7d87cd43814b8db5d9bcc43cba1da3,3,uniform,"[117, 117, 116]",1,1.0,1
216,0338d7711b1646d6be2b815c279cff54,3,uniform,"[117, 117, 116]",0,0.0,1
217,dcb53cda7e6144fca04963ac7581bcdd,3,uniform,"[117, 117, 116]",0,0.0,1
218,ecccb9b15eb3413d8f3a5ad8d8983716,3,uniform,"[117, 117, 116]",0,0.0,0
219,fa3b764edd7a4c44be5b8921112e8bf6,3,uniform,"[117, 117, 116]",0,0.0,0
220,493624c8263b40ec97c127e45b45d5c1,3,uniform,"[117, 117, 116]",0,0.0,0
221,ebee9fdad5b64bab83267a364ea4d10b,3,uniform,"[117, 117, 116]",0,0.5714285714285715,1
222,1fd96469f9a24b37814917f25f8060f2,3,uniform,"[117, 117, 116]",0,0.5714285714285715,0
223,f97696deb9704d2f8ae5834f9fcdd88c,3,uniform,"[117, 117, 116]",0,0.4,1
224,da54c67b92b74a2c91d2227d09a41438,3,uniform,"[117, 117, 116]",0,0.0,1
225,1416c66b2eb543aea04972d5780b31d6,3,uniform,"[117, 117, 116]",0,0.0,0
226,ec0a4212a5df47f682fbba53188e7af8,3,uniform,"[117, 117, 116]",0,0.0,0
227,856b14030ac342bb979ca5091377cff0,3,uniform,"[117, 117, 116]",0,0.0,0
228,58c9a110235b4879950e679babb53318,3,uniform,"[117, 117, 116]",0,0.0,1
229,eff7102be794409081a5e3b3ef3c9518,3,uniform,"[117, 117, 116]",0,0.34285714285714286,1
230,99331d54ed084ccf98837531ede526e3,3,uniform,"[117, 117, 116]",0,0.0,0
231,400ab40069334ea6a12b1085941a9880,3,uniform,"[117, 117, 116]",1,1.0,1
232,9f1d761a46c64578849ff7408c6351b2,3,uniform,"[117, 117, 116]",0,0.25,1
233,241f5227a1124be591341cf33b2ecb2f,3,uniform,"[117, 117, 116]",0,0.8571428571428571,1
234,4f05dc53dcc24ed1a59fdd5d950966d0,3,uniform,"[117, 117, 116]",0,0.0,0
235,e1dac33266d048c89894eab0b0dc1c2a,3,uniform,"[117, 117, 116]",0,0.10526315789473684,1
236,ce3ecd44941f4597ae927b61841b860a,3,uniform,"[117, 117, 116]",0,0.0,1
237,d031593cc6f142f6bba7e64ea9224dea,3,uniform,"[117, 117, 116]",1,1.0,1
238,5b5d465a7ab2427485a00f3638543996,3,uniform,"[117, 117, 116]",0,0.0,1
239,53fe1484646648969f42e40f550ab7ef,3,uniform,"[117, 117, 116]",0,0.4,1
240,d86c4a3e9c944a5595ffd076817380c9,3,uniform,"[117, 117, 116]",0,0.0,0
241,d847d59c18884a8eaddd5fc55d047799,3,uniform,"[117, 117, 116]",0,0.0,1
242,b5e7dc56ca2e4d68bc9b59696bca7f75,3,uniform,"[117, 117, 116]",0,0.14814814814814814,1
243,bd356a60992b44f7840f99ffc390382c,3,uniform,"[117, 117, 116]",1,1.0,1
244,f8c03f10b27045d89e068c461ea3d69c,3,uniform,"[117, 117, 116]",0,0.0,1
245,f57595f77502405fbe6baf093d8baea0,3,uniform,"[117, 117, 116]",1,1.0,1
246,a697c765c3e74e0cb48088ea3ecdcdb1,3,uniform,"[117, 117, 116]",0,0.13333333333333333,1
247,57e62137793b4537bb7eb95d44481eb3,3,uniform,"[117, 117, 116]",0,0.3333333333333333,1
248,7cb53bae73d64900a63fde04f93eceea,3,uniform,"[117, 117, 116]",0,0.0,0
249,a8ff7b13f4b943d89f09cf03cbde580a,3,uniform,"[117, 117, 116]",0,0.0,0
250,547765c1158b4a5a8100d6a300aa88b1,3,uniform,"[117, 117, 116]",0,0.5,1
251,31d748672420422aa724d2b6db6b1d18,3,uniform,"[117, 117, 116]",0,0.0,1
252,f8542bff725c4264aaf360ad929a1807,3,uniform,"[117, 117, 116]",0,0.0,0
253,0d56e8c7e4b6449696113a82ec0da19e,3,uniform,"[117, 117, 116]",0,0.2608695652173913,1
254,0ad40f362389498382471e1f6171f996,3,uniform,"[117, 117, 116]",0,0.5,1
255,9adfdf882a9a4f8bb69b96506ce7471c,3,uniform,"[117, 117, 116]",1,1.0,1
256,63b89182644f454c92026c4ca6747140,3,uniform,"[117, 117, 116]",0,0.0,0
257,62c441cc36584729bc6608d4f56ca4d6,3,uniform,"[117, 117, 116]",0,0.08695652173913045,1
258,480a34c34b094ac6b071bc658c0da810,3,uniform,"[117, 117, 116]",0,0.04444444444444444,0
259,db571ac79d34404b9a59b62c7fd38c56,3,uniform,"[117, 117, 116]",0,0.13043478260869568,1
260,9e3b57d9763d4f1da04cc784d5944be2,3,uniform,"[117, 117, 116]",0,0.0,0
261,7594504b380443f6920beb03b1379bd7,3,uniform,"[117, 117, 116]",0,0.05555555555555555,1
262,d0a7880cce6f4bce95aaaf322c41355f,3,uniform,"[117, 117, 116]",0,0.18181818181818182,1
263,bdc7cf3241594e52a3164b489f50370d,3,uniform,"[117, 117, 116]",1,1.0,1
264,d5500a7bfa4d4b1683dc90808707e306,3,uniform,"[117, 117, 116]",0,0.0,1
265,8bf4e9d3157446bd95bbea12227c100b,3,uniform,"[117, 117, 116]",0,0.5,1
266,487cd2a2f5ee49bb96d33d0d56ea6a2b,3,uniform,"[117, 117, 116]",0,0.0,1
267,8fcc1e39bba146a08300eef42c641e71,3,uniform,"[117, 117, 116]",0,0.0,0
268,383db81acf1f476d8aa21be94cc9daa7,3,uniform,"[117, 117, 116]",1,1.0,1
269,3ded2ac8aff04250896711bfc070cd39,3,uniform,"[117, 117, 116]",0,0.0,0
270,fcccb4baf6314a589f6725cf1dc37979,3,uniform,"[117, 117, 116]",0,0.06896551724137931,0
271,3365b3e46e9240dca893042f6f34486f,3,uniform,"[117, 117, 116]",0,0.18181818181818182,1
272,7f764f3b545744048cf82108c4bb5157,3,uniform,"[117, 117, 116]",0,0.0,0
273,ad0e4b1a103d400f9ef4dd6827e215b9,3,uniform,"[117, 117, 116]",0,0.0,0
274,198f769edd5c4bd7b829ffeaa6d595c1,3,uniform,"[117, 117, 116]",0,0.0,1
275,e296d418c6614640b45afe738e0fe7ce,3,uniform,"[117, 117, 116]",0,0.0,1
276,489edeed2f20435b9fc8ab429d160239,3,uniform,"[117, 117, 116]",0,0.0,1
277,b39eac495217430ebe3cfb37878882ee,3,uniform,"[117, 117, 116]",0,0.0,1
278,e772ff7304f54b78a3280763cf427221,3,uniform,"[117, 117, 116]",0,0.0,0
279,d16db94dc08840cb930ce9cf59151bef,3,uniform,"[117, 117, 116]",0,0.0,1
280,92100c8dcef141f69ab22ef3ad13d9d5,3,uniform,"[117, 117, 116]",0,0.0,1
281,11452fbd4fdb40d8bd8f10d24a8087e2,3,uniform,"[117, 117, 116]",0,0.0,0
282,3b8f128366fb4a669715a4b6cfc166cd,3,uniform,"[117, 117, 116]",0,0.05,0
283,3dd9a7133b594635ac914a6abccf0e46,3,uniform,"[117, 117, 116]",0,0.0,1
284,f2f07af9f9874dc992ca32c22063ffd4,3,uniform,"[117, 117, 116]",0,0.0,1
285,5ff5d8f1083b442cbf759f1980f8cd15,3,uniform,"[117, 117, 116]",0,0.0,0
286,8047bb5d810b4c2f967c45b876ff4bb8,3,uniform,"[117, 117, 116]",1,1.0,1
287,1e7aa41fe6ff4d048cf6c314eaae526a,3,uniform,"[117, 117, 116]",0,0.0,0
288,32e5e53144904525bdd91c2346ecdc21,3,uniform,"[117, 117, 116]",0,0.0,1
289,3645db7e841f4242ae0b3be674e8bc8a,3,uniform,"[117, 117, 116]",0,0.4,1
290,b344f9c87e2d4e5498338ea56023892c,3,uniform,"[117, 117, 116]",0,0.6666666666666666,1
291,cae1c72a196e41c0919e17bc003a3a5f,3,uniform,"[117, 117, 116]",0,0.0,0
292,d21a2587e9e64ae08a9243d3f950521b,3,uniform,"[117, 117, 116]",0,0.0,0
293,f8657886cea34216b10630e96b7a2932,3,uniform,"[117, 117, 116]",0,0.13793103448275862,1
294,14c07142ff80440483ee9fdc0f2d8b06,3,uniform,"[117, 117, 116]",0,0.0,1
295,c1028f19198147868af85aa60943519d,3,uniform,"[117, 117, 116]",0,0.060606060606060615,0
296,c5e69a8c19ec4fadb153de7ed8d06b9f,3,uniform,"[117, 117, 116]",0,0.6666666666666666,1
297,b476d07cc2e747d0bad28a795661540d,3,uniform,"[117, 117, 116]",0,0.0,0
298,ce3ef968a0704a3fa36f7f605ed0031a,3,uniform,"[117, 117, 116]",0,0.0,0
299,5d6dc2b279594850a8ffce1f1b7892aa,3,uniform,"[117, 117, 116]",0,0.6666666666666666,1
300,74518b730d2941859c8fc206f74de46a,3,uniform,"[117, 117, 116]",0,0.3333333333333333,0
301,679586e746bf437fb4372790a38aaa81,3,uniform,"[117, 117, 116]",0,0.0,1
302,5aaeceef16f34275b07bef56b93edddc,3,uniform,"[117, 117, 116]",0,0.0,1
303,cf3bbf5197224180b1a20f44bba8ff58,3,uniform,"[117, 117, 116]",1,1.0,1
304,77581c9e1c504eb6a88f1cc8693a1f7b,3,uniform,"[117, 117, 116]",0,0.2857142857142857,1
305,57c251b6218b4c1094f9dfb9f53f2a21,3,uniform,"[117, 117, 116]",0,0.0,1
306,786e56a75654431f8335c0a57f0e3d3e,3,uniform,"[117, 117, 116]",1,1.0,1
307,e3ece1d381234fa9a9402f702b38c5b5,3,uniform,"[117, 117, 116]",0,0.0,1
308,f5627bd7cf9545e78204161253ca2e8e,3,uniform,"[117, 117, 116]",0,0.8571428571428571,1
309,4f1dcb1b8e9745ddb92444ccacb4b1b8,3,uniform,"[117, 117, 116]",0,0.6666666666666666,1
310,98bbd1deff4143b780e5d123925bdbee,3,uniform,"[117, 117, 116]",0,0.0,1
311,f510e4b92495473db9b86dd2d5b6eb18,3,uniform,"[117, 117, 116]",1,1.0,1
312,7baaa5545ac44114b79c5420d561d85e,3,uniform,"[117, 117, 116]",0,0.0,1
313,143a0df7e66a473ba5804b1c75f56c86,3,uniform,"[117, 117, 116]",0,0.0,0
314,bd0f2b0fc40146edb228ac6be2fd9e5a,3,uniform,"[117, 117, 116]",0,0.3333333333333333,1
315,06bff66d3af04edd808a81c4b0a106a7,3,uniform,"[117, 117, 116]",1,1.0,1
316,cbb5d9c625b74ae1b3426d2a185549c4,3,uniform,"[117, 117, 116]",0,0.0,0
317,3bb0f77a9cbc44fab12fdc8005e69f91,3,uniform,"[117, 117, 116]",0,0.0,0
318,5f24d26d866b410da298cec18f321605,3,uniform,"[117, 117, 116]",0,0.0,1
319,e6bd79cae1cb472c990b5226f2a87152,3,uniform,"[117, 117, 116]",0,0.0,1
320,e111ffbe05e4468c85bfaeceec2ea821,3,uniform,"[117, 117, 116]",1,1.0,1
321,8caeb3cde3074e66af2795f258908f69,3,uniform,"[117, 117, 116]",0,0.6666666666666666,1
322,f8b5c43adc974d82aaab3f81649ca754,3,uniform,"[117, 117, 116]",0,0.0,1
323,574519a5dbfc4727bd68c1f4f0ad92b0,3,uniform,"[117, 117, 116]",0,0.0,1
324,842b90f71d4142229534788a21189892,3,uniform,"[117, 117, 116]",0,0.0,1
325,09a4f669c3ce4432954d3b5348ffde56,3,uniform,"[117, 117, 116]",0,0.18181818181818182,1
326,b2a92b434a344e49b3a6911bfd86e98f,3,uniform,"[117, 117, 116]",0,0.0,1
327,6029989106ef4c32bc7eb342670dc8c1,3,uniform,"[117, 117, 116]",0,0.0,1
328,e412730b37274c11bad105b38ed9e196,3,uniform,"[117, 117, 116]",1,1.0,1
329,c5c6d814143a4f1eb7cc7546d9654173,3,uniform,"[117, 117, 116]",1,1.0,1
330,0633af8dabeb4925bf0fb0110cc54247,3,uniform,"[117, 117, 116]",0,0.08695652173913045,1
331,044418fd6fd646ec89a54a7013712c9d,3,uniform,"[117, 117, 116]",0,0.0,1
332,8b9a2f29b35b41e38cb94347237d59d7,3,uniform,"[117, 117, 116]",0,0.0,1
333,26782a326a394d688dda2441308bf00a,3,uniform,"[117, 117, 116]",0,0.0,1
334,f9bf09905dc249e69f69c4db9b323d0f,3,uniform,"[117, 117, 116]",0,0.3333333333333333,1
335,07f2d15033cf4fb6916bed5d56dcb8f5,3,uniform,"[117, 117, 116]",0,0.0,1
336,a045cbc6199c4b9e8dbb8545febda365,3,uniform,"[117, 117, 116]",0,0.0,0
337,af446346d828479ca02c375ec2973773,3,uniform,"[117, 117, 116]",0,0.0,0
338,8447a26148c9454da18385e3d9fa4a3c,3,uniform,"[117, 117, 116]",0,0.0,0
339,2a7071c8d8c74dac901956228d59fdfb,3,uniform,"[117, 117, 116]",0,0.0,0
340,55bc45f2e63149869e4d0e52da6cb421,3,uniform,"[117, 117, 116]",0,0.5,1
341,bb2c93be295348eb933e57a16325af76,3,uniform,"[117, 117, 116]",0,0.0,1
342,cff18af0aed84c39ab0d156de7f507f8,3,uniform,"[117, 117, 116]",0,0.0,1
343,423f76b5864047f480599c7946546eb1,3,uniform,"[117, 117, 116]",0,0.0,0
344,0754e951855e46df80b0269253e4acf7,3,uniform,"[117, 117, 116]",0,0.0,0
345,5bdc71bbfc6e4934aa337ab24559eb6c,3,uniform,"[117, 117, 116]",0,0.0,0
346,b71eed014a8c4e51ba0bb48aeb1939ae,3,uniform,"[117, 117, 116]",0,0.28571428571428575,1
347,d09f358431284dea95dec8e61590dbf4,3,uniform,"[117, 117, 116]",0,0.0,1
348,5bbab85f5ac243a9b98914f8c7af6eb4,3,uniform,"[117, 117, 116]",0,0.0,0
349,18cc95b228434b23a3969ac0d65687fa,3,uniform,"[117, 117, 116]",0,0.0,0
350,b322fdc7819546138582ebc07e8aa7a8,3,uniform,"[117, 117, 116]",1,1.0,1
351,f955cb3e7bda4a93a867b361b7b96327,3,uniform,"[117, 117, 116]",1,1.0,1
352,62e9113dcca84b61af8304429b1570da,3,uniform,"[117, 117, 116]",0,0.0,0
353,f3fc1b6ee3b24e47856d9fe7730350a2,3,uniform,"[117, 117, 116]",0,0.15384615384615385,0
354,8f0cfcb0d46d43eeb6c7ee04cd29c027,3,uniform,"[117, 117, 116]",0,0.09523809523809523,1
355,82eb7d4504834ceabad83742c2d0ab5c,3,uniform,"[117, 117, 116]",0,0.6666666666666666,1
356,bf16d51b5b9540ec83fba053bc26a8a9,3,uniform,"[117, 117, 116]",0,0.11111111111111112,1
357,e62ce90267b149f7a65dc0901c614317,3,uniform,"[117, 117, 116]",1,1.0,1
358,8e376a7767224f8381c8ee661c43ad16,3,uniform,"[117, 117, 116]",0,0.0,1
359,435fd88dd9034cf1bd211e03bab2bed5,3,uniform,"[117, 117, 116]",1,1.0,1
360,109740b4edfa49c5961632436d1df48c,3,uniform,"[117, 117, 116]",0,0.0,1
361,a4c31c16dd1a4cf493b8c20500a88539,3,uniform,"[117, 117, 116]",1,1.0,1
362,721498d8723844d5b1ab0d15eb8e7699,3,uniform,"[117, 117, 116]",0,0.0,0
363,1699130630f2472cacfcbfe214d40416,3,uniform,"[117, 117, 116]",0,0.0,0
364,cceb8fa1b2a84757932a6f7ae86b3653,3,uniform,"[117, 117, 116]",1,1.0,1
365,147cef44c6e64257a962d7ed7e7df893,3,uniform,"[117, 117, 116]",0,0.0,0
366,afdf5764dddf4d858cff8be47f91fba7,3,uniform,"[117, 117, 116]",0,0.0,1
367,77dc5fcd3f654630a9a8ec90c9375b45,3,uniform,"[117, 117, 116]",0,0.0,0
368,3a33ecb066b9443e85b68c446f45b287,3,uniform,"[117, 117, 116]",0,0.6666666666666666,1
369,43204be4d77d421990db36f2d9951e63,3,uniform,"[117, 117, 116]",0,0.0,1
370,4c961dd89b054526b342c921486477a6,3,uniform,"[117, 117, 116]",0,0.0,1
371,89b7733b0a994df7b4250953ccff9c24,3,uniform,"[117, 117, 116]",0,0.0,1
372,8b627a95012d4f65a70aff1249d43d64,3,uniform,"[117, 117, 116]",0,0.8,1
373,b99c50bfd5f849afb601bd8ac95b0bf4,3,uniform,"[117, 117, 116]",1,1.0,1
374,ff383ab32c9942908db5946a8fe654d3,3,uniform,"[117, 117, 116]",0,0.0,0
375,89abc7236e6941ee88a263d88d6d299a,3,uniform,"[117, 117, 116]",0,0.34782608695652173,1
376,fadd2528784f4a9fa3b391626e69ffc0,3,uniform,"[117, 117, 116]",0,0.0,0
377,1958d14b7db54bffbbdd57e3677c08e7,3,uniform,"[117, 117, 116]",1,1.0,1
378,9966c7735a6649d88366224ff6552c68,3,uniform,"[117, 117, 116]",0,0.0,0
379,2818d5e47a844bc9831496e2f587a803,3,uniform,"[117, 117, 116]",0,0.0,1
380,74f114ab49744e608eafab899371d913,3,uniform,"[117, 117, 116]",1,1.0,1
381,f724593e7f4842569187dae70a2560d9,3,uniform,"[117, 117, 116]",0,0.0,1
382,3e46e0220a18483fb0fd448bcc36815e,3,uniform,"[117, 117, 116]",1,1.0,1
383,ec9dedf313ba4f90883a2b01909553b3,3,uniform,"[117, 117, 116]",0,0.0,1
384,2e9b048c06dc45be97da6116056f74f6,3,uniform,"[117, 117, 116]",0,0.0,1
385,efc438e4fd18417daa0e662499fbe956,3,uniform,"[117, 117, 116]",0,0.5,0
386,33313f986ec740f3b824bc3accb9111e,3,uniform,"[117, 117, 116]",1,1.0,1
387,8eacd2be836f472a83d7008f33ed8506,3,uniform,"[117, 117, 116]",0,0.0,1
388,6cb904d598ce4f7ebb4e4283a24a2f63,3,uniform,"[117, 117, 116]",1,1.0,1
389,194bd503229c46c3b308896e770e1eb1,3,uniform,"[117, 117, 116]",0,0.3636363636363636,1
390,0c1c6f6b44e3466eac1a68dadefd06ab,3,uniform,"[117, 117, 116]",0,0.0,1
391,c5559fa0b9a0438a9b843d4207061a3d,3,uniform,"[117, 117, 116]",0,0.0,1
392,a168c89e395546be9605e969f682e554,3,uniform,"[117, 117, 116]",0,0.0,1
393,849240180c584f71bc56c0c92c5df5fd,3,uniform,"[117, 117, 116]",0,0.0,0
394,d69a7141ec1c4110ac124dd58d19b8b4,3,uniform,"[117, 117, 116]",0,0.1111111111111111,0
395,d94300f7464c401db93e557fec221320,3,uniform,"[117, 117, 116]",0,0.4,0
396,fa44913cfa244faa88e773dcc3045012,3,uniform,"[117, 117, 116]",0,0.0,1
397,e98ac3de59a646c69b6eb17d3e3a4d0d,3,uniform,"[117, 117, 116]",0,0.0,0
398,d745bee67227422b824140f2734b0621,3,uniform,"[117, 117, 116]",0,0.06896551724137931,0
399,25eec8384d9d45b8b75affcc9f164be3,3,uniform,"[117, 117, 116]",0,0.0,1
400,912cb6aecbec4dc2b44ee22a076c3e2a,3,uniform,"[117, 117, 116]",0,0.0,0
401,f523ba87f5714a108e9bae698f676063,3,uniform,"[117, 117, 116]",0,0.039999999999999994,1
402,3f28f7be13ad43cda7681b7fa874843c,3,uniform,"[117, 117, 116]",0,0.0,1
403,51ff7cdf97074a07862234487477ef4a,3,uniform,"[117, 117, 116]",0,0.0,1
404,6e1780414deb4cf9b49568f07b3bdc26,3,uniform,"[117, 117, 116]",0,0.0,0
405,f61206d61cf94401b8fbb566b0b67ec7,3,uniform,"[117, 117, 116]",0,0.0,1
406,12859cbba89f494b98e6b7be8b4c88ff,3,uniform,"[117, 117, 116]",0,0.0,0
407,1e326f32613a417fb55b23337862c62b,3,uniform,"[117, 117, 116]",0,0.8,1
408,4ff0076b7fe74648806429e78621f265,3,uniform,"[117, 117, 116]",0,0.0,0
409,531b64eef1bd44568360b3ab40da40da,3,uniform,"[117, 117, 116]",0,0.08000000000000002,0
410,ef15b705b7c54e77b276f22c804ce15d,3,uniform,"[117, 117, 116]",0,0.07999999999999999,1
411,bf9d67fa8b3849ceb410c4dfd7947e5f,3,uniform,"[117, 117, 116]",0,0.0,0
412,8b256cf4c08f4507b8b2f96d7289b585,3,uniform,"[117, 117, 116]",0,0.32,1
413,ab65135d9fc94f16a97555b6b3c54832,3,uniform,"[117, 117, 116]",0,0.0,1
414,21c894485b7a4cb0b66313dd1802a3c2,3,uniform,"[117, 117, 116]",0,0.0,1
415,23f3abb43b8f4f74bffb018bb3943125,3,uniform,"[117, 117, 116]",0,0.0,1
416,cdec7a0d975642d38b3b2d449bffc3e8,3,uniform,"[117, 117, 116]",0,0.0,0
417,803441a3a59d42b293810212bf2d6ced,3,uniform,"[117, 117, 116]",0,0.0,1
418,738dc2a651c7477abe2efc0e5547054a,3,uniform,"[117, 117, 116]",1,1.0,1
419,2fcf533dede444f2a0296b3bf112e0bd,3,uniform,"[117, 117, 116]",1,1.0,1
420,a1747749a3904c53b124b17ba86b1df6,3,uniform,"[117, 117, 116]",0,0.0,1
421,95a04d9fc49441cd901191b2390f05cd,3,uniform,"[117, 117, 116]",0,0.0,1
422,1a82de30a1e546bbaf099a05d79a6230,3,uniform,"[117, 117, 116]",0,0.0,1
423,bc20c452e45644e4beb92b0f35859105,3,uniform,"[117, 117, 116]",1,1.0,1
424,1f2ee8a4ce5d448e8ed30e7ca27b2b32,3,uniform,"[117, 117, 116]",0,0.0,1
425,3f1a03dd30304609a4e646069b0deffd,3,uniform,"[117, 117, 116]",0,0.0,0
426,a256f8f1dbd644c98a3bc79d072405fc,3,uniform,"[117, 117, 116]",1,1.0,1
427,35d000cd64d14585bd474322dc4f4f70,3,uniform,"[117, 117, 116]",0,0.4864864864864865,1
428,7e9ac1c4bf0845eab105c8b1b9265db2,3,uniform,"[117, 117, 116]",0,0.0,0
429,652962af37ce4c5799789678fa661553,3,uniform,"[117, 117, 116]",0,0.5454545454545454,1
430,f5894ccfbf314a63baaca983e208a43b,3,uniform,"[117, 117, 116]",1,1.0,1
431,8a3561154a454ca597d3a9a636a95a93,3,uniform,"[117, 117, 116]",0,0.0,1
432,6fe2385a3a1f4e7c8b1982cad82c939d,3,uniform,"[117, 117, 116]",0,0.8571428571428571,1
433,6f8f3d49dd8845de8307ad2d9fabf269,3,uniform,"[117, 117, 116]",0,0.0,1
434,a36a9969dee14e6f90fc1785e4d8151a,3,uniform,"[117, 117, 116]",1,1.0,1
435,1d1a6ab35fe14fdd8bbe88f884d82ce6,3,uniform,"[117, 117, 116]",0,0.0909090909090909,1
436,fb776aaae451464692b974373b39e4c5,3,uniform,"[117, 117, 116]",1,1.0,1
437,6616d9ae236f46acb990d2a879bf346f,3,uniform,"[117, 117, 116]",1,1.0,1
438,374bacece7a6435484e32852ba73f4a8,3,uniform,"[117, 117, 116]",0,0.6666666666666666,1
439,527a875dd5504c12b1e26cec3ff31fb6,3,uniform,"[117, 117, 116]",0,0.0,1
440,3b6bbfa360e14c8ea4997b82981bf6f7,3,uniform,"[117, 117, 116]",1,1.0,1
441,4f66952eeb534a109a11044fcfecf033,3,uniform,"[117, 117, 116]",0,0.15384615384615385,0
442,dcd06efd15d8483f9ae99008aae4b8e6,3,uniform,"[117, 117, 116]",0,0.5,1
443,c452c1a025c44bdab1694894c2799e64,3,uniform,"[117, 117, 116]",0,0.0,1
444,2efef198621244dc8f660e49bcb0b54e,3,uniform,"[117, 117, 116]",0,0.2727272727272727,1
445,0b9b15aa02b54f8e82a61c149799963b,3,uniform,"[117, 117, 116]",0,0.0,1
446,a77bad2720ec43aba758a5c99624b6c3,3,uniform,"[117, 117, 116]",0,0.0,1
447,42c9c8fe7ee843dbbe578fdc4dbba39a,3,uniform,"[117, 117, 116]",0,0.0,1
448,500e35b80a13424c8eb9c6e6a0b9af15,3,uniform,"[117, 117, 116]",0,0.0,1
449,490da89fb4c743858167b5b75af14ddd,3,uniform,"[117, 117, 116]",0,0.0,1
450,03905a27a5b841e59153c2e3de3c99f4,3,uniform,"[117, 117, 116]",0,0.0,0
451,bb334d8819054ded95d25bd214397832,3,uniform,"[117, 117, 116]",1,1.0,1
452,ccf8e9a161124b058363c911f27cc4bf,3,uniform,"[117, 117, 116]",0,0.6666666666666666,1
453,d83d3eda31c14835877587e71ae8f858,3,uniform,"[117, 117, 116]",1,1.0,1
454,4b7de03eac3642c5aad653d3fe1600dc,3,uniform,"[117, 117, 116]",0,0.21428571428571427,1
455,574737b3f4284419a8e2bcf43167e253,3,uniform,"[117, 117, 116]",0,0.6666666666666666,1
456,4e8d8610abde45809ece08144c48d9e7,3,uniform,"[117, 117, 116]",0,0.6666666666666666,1
457,80f8912075b14d1a91b62f0c2d06ca84,3,uniform,"[117, 117, 116]",1,1.0,1
458,6401157d496747a092bf97a5f430d281,3,uniform,"[117, 117, 116]",0,0.0,1
459,614b047fc1144246af208be2a508d5ce,3,uniform,"[117, 117, 116]",0,0.0,0
460,0dfeb9e7d43747bcac4e5ac700caec79,3,uniform,"[117, 117, 116]",0,0.0625,1
461,edb3d5b64911443798e8e83b07ae5b99,3,uniform,"[117, 117, 116]",0,0.06666666666666668,1
462,d54a2fd059b54e2d80b503109524db0a,3,uniform,"[117, 117, 116]",0,0.0,1
463,c564493e2442402ebb6d4a5af51f7c25,3,uniform,"[117, 117, 116]",0,0.5454545454545454,1
464,b32d5172d0b3451b83352d24deab59e6,3,uniform,"[117, 117, 116]",0,0.0,1
465,19d523d3a0824aed8cc62eed5e24f1e4,3,uniform,"[117, 117, 116]",0,0.0,1
466,4cff857ac2f74c6094f26f596ba0cb1f,3,uniform,"[117, 117, 116]",0,0.5,1
467,af77d75481ae4b0391017dfd394050f4,3,uniform,"[117, 117, 116]",1,1.0,1
468,2784aee1dd324e3f8945b73963b7785f,3,uniform,"[117, 117, 116]",0,0.0,1
469,d89807b1fdda40c2bebb55edf64c3938,3,uniform,"[117, 117, 116]",0,0.18181818181818182,1
470,af5369c41cba4379978174fe353ddff6,3,uniform,"[117, 117, 116]",1,1.0,1
471,6bf1ecc9589d4447b31afde347505919,3,uniform,"[117, 117, 116]",0,0.0,0
472,ba2b3c2aeb464d8f8a949fc75944bcbd,3,uniform,"[117, 117, 116]",1,1.0,1
473,112542d377134435a5e6e79b2e9a5c1a,3,uniform,"[117, 117, 116]",0,0.0,1
474,80a9457351e14111aaf3fb84d3528092,3,uniform,"[117, 117, 116]",1,1.0,1
475,f2894e10d02a42c2b91b26caefadfbc9,3,uniform,"[117, 117, 116]",1,1.0,1
476,daccc4268b874f63a33873b7171ba8ff,3,uniform,"[117, 117, 116]",0,0.0,1
477,540ee9edf9fd4bfc981390d172704bbc,3,uniform,"[117, 117, 116]",0,0.0,1
478,116602c25c3e4b33b7a5a111f9174cbe,3,uniform,"[117, 117, 116]",0,0.0,0
479,66225a9def6a45ddaac68462170b34b7,3,uniform,"[117, 117, 116]",0,0.0,0
480,b75b64ca513e4ae3be64ff5d71a9b652,3,uniform,"[117, 117, 116]",0,0.0,0
481,1aa0b7493d9b47bbb4625d39922576b6,3,uniform,"[117, 117, 116]",0,0.0,0
482,ce867b37ae1d4bc6b35988966e721575,3,uniform,"[117, 117, 116]",1,1.0,1
483,ab351f57bcf34ad6a535ed69e1eed04b,3,uniform,"[117, 117, 116]",0,0.0,1
484,f8d21ecd07db4b0888ea7c2c91f9135c,3,uniform,"[117, 117, 116]",0,0.0,0
485,66ccd850630b4a069b80af81f0d8fa0c,3,uniform,"[117, 117, 116]",0,0.0909090909090909,1
486,fccd16a6079343e5ad862a07f82e3f42,3,uniform,"[117, 117, 116]",0,0.888888888888889,1
487,5372bffd269e45f5b80bfa12e294af8f,3,uniform,"[117, 117, 116]",1,1.0,1
488,1e52126edb5a499381fb1f064dd4377c,3,uniform,"[117, 117, 116]",0,0.0,0
489,ddf8070fbf124b54bfdca93791ef2056,3,uniform,"[117, 117, 116]",0,0.0,1
490,ec552a3b81734f36ae2a031fc34b7519,3,uniform,"[117, 117, 116]",0,0.4615384615384615,1
491,23d1c9c515f3417ab70aba3c3bc43ec8,3,uniform,"[117, 117, 116]",0,0.0,1
492,af91062c61d0431fa90edb3cffc48da0,3,uniform,"[117, 117, 116]",0,0.06666666666666667,1
493,9a9db144769c4ce29c4cdb431d756043,3,uniform,"[117, 117, 116]",0,0.0,0
494,3e4038716e3948b4b94243cad4cbfd1e,3,uniform,"[117, 117, 116]",0,0.0,0
495,dab26af5192549f1a07bed7fa63bf47e,3,uniform,"[117, 117, 116]",0,0.0,0
496,d58a27153bc74f08bfa857c4a80b1c90,3,uniform,"[117, 117, 116]",0,0.0,1
497,dd5a9212340046e2a340103c45fd7f17,3,uniform,"[117, 117, 116]",0,0.0,0
498,8b0fb3b8cfee4daba5b93311dbe5c5b5,3,uniform,"[117, 117, 116]",1,1.0,1
499,822d82601bda4b509b180096346c1885,3,uniform,"[117, 117, 116]",0,0.0,0
500,cff10f8297c64447bf388d45ed577e95,3,uniform,"[117, 117, 116]",1,1.0,1
501,ecb8eb62bc3d4ae280ea3151211089a3,3,uniform,"[117, 117, 116]",0,0.0,1
502,787d235e4c2b4d89b4d9aebff5779cf6,3,uniform,"[117, 117, 116]",0,0.0,0
503,bfb2c3311c5d45789500d104b3965147,3,uniform,"[117, 117, 116]",0,0.0,1
504,c754c326486641409687edae575f81ee,3,uniform,"[117, 117, 116]",1,1.0,1
505,fe0d714e8be546d994f3469fbc3bd068,3,uniform,"[117, 117, 116]",1,1.0,1
506,cac7bd69b3e546a8aeccaeabc394f172,3,uniform,"[117, 117, 116]",0,0.13333333333333333,1
507,8a6ced88638f4bf68c6bb3d7a979d48e,3,uniform,"[117, 117, 116]",0,0.0,1
508,9186ab50536b4241b5033a6f1bfa8c9b,3,uniform,"[117, 117, 116]",0,0.3636363636363636,1
509,4166369ecf494ae998597cee8f2be647,3,uniform,"[117, 117, 116]",0,0.08333333333333333,1
510,78112e7810214d80b8fab5fa51c61200,3,uniform,"[117, 117, 116]",0,0.0,0
511,38ec897108f245b19aeba0e93e304360,3,uniform,"[117, 117, 116]",1,1.0,1
512,b26cac2e25c243dd93e2ac30801d55c9,3,uniform,"[117, 117, 116]",0,0.33333333333333337,1
513,dda0f54af5084a31a2746f72210b0bd4,3,uniform,"[117, 117, 116]",0,0.20689655172413793,1
514,8444096a84e9455287180d0b1a928142,3,uniform,"[117, 117, 116]",0,0.054054054054054064,1
515,22f46485365f4209a992b2f67feb0440,3,uniform,"[117, 117, 116]",0,0.5,1
516,de36cde140ee4ceda620f1518dd104bc,3,uniform,"[117, 117, 116]",0,0.0,1
517,08183378ccb3472d903fd95b3b82e132,3,uniform,"[117, 117, 116]",0,0.2857142857142857,1
518,cb08cc75e99a4ec9807321f51dd40566,3,uniform,"[117, 117, 116]",0,0.0,0
519,1667240d3dd740ffa3c317106730a441,3,uniform,"[117, 117, 116]",0,0.0,0
520,b1de8025e01448dcabb96c7e5fab0186,3,uniform,"[117, 117, 116]",0,0.049999999999999996,0
521,4c3cfd857b01453f9d193ba70e0f2257,3,uniform,"[117, 117, 116]",1,1.0,1
522,bcdd509239274509afc8ae77cb5df604,3,uniform,"[117, 117, 116]",0,0.5,1
523,f7776c027aca468e87d60716cfe3c1c3,3,uniform,"[117, 117, 116]",0,0.6666666666666666,1
524,2242d2a664df4bf1967d3689e8b069d0,3,uniform,"[117, 117, 116]",0,0.0,1
525,420222ccc3794c10a9750e897a4532e0,3,uniform,"[117, 117, 116]",0,0.0,0
526,fe94d55d37024a71afeebcce19c9779c,3,uniform,"[117, 117, 116]",0,0.0,0
527,16083c1098654497a127f77ea191c127,3,uniform,"[117, 117, 116]",0,0.05714285714285715,0
528,427c5359e1bd4e2ca065c379a9c5d227,3,uniform,"[117, 117, 116]",0,0.16666666666666669,1
529,6b25cbff83ef403ba7c2ee3b03a1d8be,3,uniform,"[117, 117, 116]",0,0.0,0
530,d23a30ecc5b8469c8e6324ff5d42409b,3,uniform,"[117, 117, 116]",0,0.0,1
531,c4eb8e9e88a64fa49128ad4e99776c91,3,uniform,"[117, 117, 116]",0,0.7692307692307693,1
532,0e497d4f0b4642248a1e1e4b25960ce0,3,uniform,"[117, 117, 116]",0,0.0,1
533,02a006ec43e94d8a8fec1ab448fa5e00,3,uniform,"[117, 117, 116]",0,0.4,1
534,6bdd81ddfa4d41f9a8dac2c1ce206945,3,uniform,"[117, 117, 116]",0,0.0,0
535,bd35d7a651974bb181849a4486692264,3,uniform,"[117, 117, 116]",1,1.0,1
536,7992ef8a5e8f4d9da5a3f75f157136a0,3,uniform,"[117, 117, 116]",1,1.0,1
537,10e96facf13e4091ba5c8cee71226ff0,3,uniform,"[117, 117, 116]",1,1.0,1
538,e854d8deb6cf4af4ac58d44cb3c027c3,3,uniform,"[117, 117, 116]",1,1.0,1
539,80109609b1f24dc0859af11d2bf33ca9,3,uniform,"[117, 117, 116]",0,0.15384615384615385,1
540,1cc25c3729ab4627a29f3f11172af372,3,uniform,"[117, 117, 116]",0,0.0,1
541,805a6afa477c45d18a26ebba495ac1b7,3,uniform,"[117, 117, 116]",1,1.0,1
542,8dcf91cc88c7478fb336f2b856b1f9b8,3,uniform,"[117, 117, 116]",0,0.0,0
543,34532b23c4624e6e92c4faf30085297d,3,uniform,"[117, 117, 116]",0,0.0,0
544,ab7f7e70dde447fcaa29fdc20ba659db,3,uniform,"[117, 117, 116]",0,0.0,0
545,7904eba267c04097b63fb228937b62bb,3,uniform,"[117, 117, 116]",0,0.0,1
546,27ed5ffe8231443985b27f0d9d605774,3,uniform,"[117, 117, 116]",0,0.0,1
547,cdec18921af845c694384dea037eb6ec,3,uniform,"[117, 117, 116]",0,0.0,0
548,e5d6b99f2e6d4efea5d77b6e01aa98a3,3,uniform,"[117, 117, 116]",0,0.0,1
549,52e75f8056964c38b2a325a45841c089,3,uniform,"[117, 117, 116]",0,0.4,1
550,241ae106b1f7409d82a03f8296c8a6ab,3,uniform,"[117, 117, 116]",0,0.04878048780487806,1
551,374f14d949354e9aa9bdcfdc090433d7,3,uniform,"[117, 117, 116]",1,1.0,1
552,051e0cb33cb64409bbf8e8e79165bacf,3,uniform,"[117, 117, 116]",0,0.23529411764705882,1
553,cfc8297fe16243e68fd7df070d7bd587,3,uniform,"[117, 117, 116]",0,0.5217391304347826,1
554,7df3df70d1c74ae9a1255fbee295ef62,3,uniform,"[117, 117, 116]",0,0.13333333333333333,1
555,9238d14529524f97a206ee0d51f157b8,3,uniform,"[117, 117, 116]",0,0.06060606060606061,0
556,0c9774b9297641e39224f703c4e13ec6,3,uniform,"[117, 117, 116]",0,0.0,1
557,5837e1a0fc834500856bc94d81b68ac2,3,uniform,"[117, 117, 116]",0,0.0,0
558,95e677b8475e40e3a6abedec6fe17104,3,uniform,"[117, 117, 116]",0,0.0,0
559,04aa223c25b44b43ba9c2cc94fb5ccc1,3,uniform,"[117, 117, 116]",0,0.0,1
560,b18ad0a41f164debb57278760e011fd1,3,uniform,"[117, 117, 116]",0,0.0,0
561,2ff5deeb56834423b46cb59226137c85,3,uniform,"[117, 117, 116]",0,0.0,1
562,fc754599d5c048639de9864adbce649a,3,uniform,"[117, 117, 116]",0,0.0,1
563,962454a456cc4bbb9a8d5bfba6abf79c,3,uniform,"[117, 117, 116]",1,1.0,1
564,902f161fe57f4998b07fd0de6d95270d,3,uniform,"[117, 117, 116]",0,0.11764705882352941,1
565,386263cd9738415982f8a63c4d30c2c5,3,uniform,"[117, 117, 116]",0,0.6666666666666666,0
566,7fa327c5d6d443e8b5528c521db7bf65,3,uniform,"[117, 117, 116]",0,0.0,0
567,a3350d80e3c94368aed1d9a34577d519,3,uniform,"[117, 117, 116]",0,0.0,1
568,0cecc7cafa884126923093cb39466c96,3,uniform,"[117, 117, 116]",1,1.0,1
569,e23472157c0d4ebe81a0fa5c027b3359,3,uniform,"[117, 117, 116]",0,0.0,0
570,0d5bc4fc6f0c425b98565b8f80bb6e43,3,uniform,"[117, 117, 116]",0,0.0,0
571,0104a4f929b64f0e84d574262a285e30,3,uniform,"[117, 117, 116]",0,0.14285714285714288,1
572,c5dc840ded554956be6daa4c6631deb3,3,uniform,"[117, 117, 116]",1,1.0,1
573,6254496b903a42e680fd882f3283fb49,3,uniform,"[117, 117, 116]",1,1.0,1
574,1f73b3ea836548d496ef68c08f4369f4,3,uniform,"[117, 117, 116]",1,1.0,1
575,6c170e4dcb7d4be0a567d55d531ba222,3,uniform,"[117, 117, 116]",0,0.4,1
576,64ca162a7daf4ca0b747b8b3d75eca51,3,uniform,"[117, 117, 116]",0,0.0,0
577,a73cab123714432c9731e0568fd9d43c,3,uniform,"[117, 117, 116]",0,0.33333333333333337,1
578,e504aa46a10248e8b18cb4639dce0467,3,uniform,"[117, 117, 116]",0,0.5,1
579,8e5c3c1a2b514ea2b0d9eb06879364c2,3,uniform,"[117, 117, 116]",1,1.0,1
580,843521ec385d4ca797c3a37842424dae,3,uniform,"[117, 117, 116]",0,0.06060606060606061,0
581,1554e7b389d54ff7904f0bf2d82e269c,3,uniform,"[117, 117, 116]",0,0.0,0
582,0c64ef2bbeb543bf87efbb0b2617f2b1,3,uniform,"[117, 117, 116]",1,1.0,1
583,ffc6152628c540ecae6e6bab7f420f28,3,uniform,"[117, 117, 116]",0,0.888888888888889,1
584,c7c63ad1a040451eaf13ad8160295ba0,3,uniform,"[117, 117, 116]",0,0.0,0
585,e6a17a43379a40d1a0388edd679e1fc3,3,uniform,"[117, 117, 116]",0,0.0,1
586,808b1f032cab4da587ca8837b7ee6686,3,uniform,"[117, 117, 116]",0,0.0,1
587,28ae4259c5bd485a899ec68af2eb4264,3,uniform,"[117, 117, 116]",0,0.0,0
588,62179d55c8ab4178bb0450eafda198cf,3,uniform,"[117, 117, 116]",0,0.0,0
589,157c103f7f3942c8be2ee84825ff7f32,3,uniform,"[117, 117, 116]",0,0.2222222222222222,1
590,c551f0e759174fbc80c4d851c51c31fd,3,uniform,"[117, 117, 116]",0,0.0,1
591,8a34a18a13e9487984c1d6839fed053e,3,uniform,"[117, 117, 116]",0,0.5,0
592,d4b5dfb2769d4208804f62b71b6e71c3,3,uniform,"[117, 117, 116]",0,0.047619047619047616,0
593,77eaa1d176e14eb092f85c51020850ff,3,uniform,"[117, 117, 116]",0,0.0,0
594,8dbad2970e8945f0a4595ccae78e57e9,3,uniform,"[117, 117, 116]",0,0.0,0
595,01649970ebdc4958a48c133492620c31,3,uniform,"[117, 117, 116]",0,0.0,1
596,695bcb8dd90046bba77ed4fe322db935,3,uniform,"[117, 117, 116]",0,0.0,0
597,ce37bce116da48499f15b84b3c158692,3,uniform,"[117, 117, 116]",1,1.0,1
598,e88a0c1244b5484b830b44a6139bec80,3,uniform,"[117, 117, 116]",0,0.0,0
599,60b894ff9c6c43c58bc90fcc2aa78e43,3,uniform,"[117, 117, 116]",0,0.0,0
600,3ffa9e00578043369a677dc8661bfc96,3,uniform,"[117, 117, 116]",0,0.3333333333333333,1
601,22389bcc734d49d98fdccaf2c36e5c7f,3,uniform,"[117, 117, 116]",0,0.0,1
602,2d006592676144faac44e16423bfb178,3,uniform,"[117, 117, 116]",0,0.8,1
603,b20e7a05673a4b3c8ee29beaba23f73a,3,uniform,"[117, 117, 116]",1,1.0,1
604,299726f939f0420aaeb6e5f33a325d39,3,uniform,"[117, 117, 116]",0,0.0,0
605,4740a5c55c1f47bf93a59c65525f43e9,3,uniform,"[117, 117, 116]",1,1.0,1
606,c01e2730fd0544988a6e4c5dc11e0734,3,uniform,"[117, 117, 116]",0,0.0,0
607,02e40f5399fb4b2386f784865610ff5a,3,uniform,"[117, 117, 116]",1,1.0,1
608,d9f2855c8621457fb68bac161b7f811b,3,uniform,"[117, 117, 116]",0,0.0,1
609,4d2ab04164304690b5bbc05618e82a59,3,uniform,"[117, 117, 116]",0,0.0,1
610,0c1be19d610b4fa59930cc5cc930c9d2,3,uniform,"[117, 117, 116]",0,0.0,0
611,9d3dd78635084be1bb29a74d6ae963f6,3,uniform,"[117, 117, 116]",1,1.0,1
612,c992708e6d004bedb81d57b076e33286,3,uniform,"[117, 117, 116]",0,0.0,1
613,cf40be104bfe45338fb4e03c699a2f7f,3,uniform,"[117, 117, 116]",0,0.0,0
614,07ebc87534e64dfca8d40500fe2ecd3b,3,uniform,"[117, 117, 116]",0,0.0625,1
615,7d4f644a529f41c4b257f9ffb9ce9c87,3,uniform,"[117, 117, 116]",0,0.05714285714285715,1
616,18fa422e1baf476fbce6d230e0858000,3,uniform,"[117, 117, 116]",0,0.0,1
617,0178feda5ef74636ba6e5ba11135ceb6,3,uniform,"[117, 117, 116]",0,0.6666666666666666,1
618,4a93c5ba8a9f4632b9fd8768d008ea73,3,uniform,"[117, 117, 116]",0,0.0,0
619,a0cdfbc45b3f4641b64a2dfd3bde4c2b,3,uniform,"[117, 117, 116]",0,0.0,0
620,79668b02828141b4bc20fd9faba0e2d9,3,uniform,"[117, 117, 116]",0,0.0,1
621,ebf5e6a8dd1742b68312c2c6ada5aad0,3,uniform,"[117, 117, 116]",0,0.0,0
622,599f7e94db9a48019f887451a66c4e1d,3,uniform,"[117, 117, 116]",0,0.0,1
623,00388805ff934f4a9f6c374dd50be557,3,uniform,"[117, 117, 116]",0,0.0,1
624,8067ee0ec3df4208924631047ae0c537,3,uniform,"[117, 117, 116]",0,0.0,1
625,654cd3a33c974ab989777ea8cd69c130,3,uniform,"[117, 117, 116]",0,0.0,1
626,ed981c4aeb414002ad995530646965da,3,uniform,"[117, 117, 116]",0,0.0,0
627,23f830d9e6c24104852473a27360624c,3,uniform,"[117, 117, 116]",0,0.0,1
628,90f5064a214f4e05b9a65eb206d773ea,3,uniform,"[117, 117, 116]",1,1.0,1
629,47e690d71a1648aba0e8ee4f18ede013,3,uniform,"[117, 117, 116]",0,0.0,0
630,5dc68d2932bb4b0f861bd4642c674c43,3,uniform,"[117, 117, 116]",0,0.0,1
631,e04f0cda81094300afaba328511581fe,3,uniform,"[117, 117, 116]",0,0.0,0
632,f540c016913344238538408d0b3ac731,3,uniform,"[117, 117, 116]",0,0.0,0
633,2cdea969eb1441afb20bee7330453eac,3,uniform,"[117, 117, 116]",0,0.0,0
634,d7a9a5bd73444bfd8f0d54e0ee743304,3,uniform,"[117, 117, 116]",0,0.5,1
635,1cf1d0fdb27f4ba6a2399a4a86b09b8e,3,uniform,"[117, 117, 116]",0,0.6666666666666666,1
636,807640dab41142919b0c0452a24b2e79,3,uniform,"[117, 117, 116]",0,0.0,0
637,61bcc7e8df9841939729131fba4cd039,3,uniform,"[117, 117, 116]",0,0.0,1
638,d6270ad7fc144895abf4552a2e0f8fc4,3,uniform,"[117, 117, 116]",0,0.8,1
639,06752c5554924c339e8cc99f3e4776aa,3,uniform,"[117, 117, 116]",0,0.4,1
640,60df89b8d9d34129982e9438443b7d96,3,uniform,"[117, 117, 116]",0,0.0,0
641,c90c0b26990c48c3b78097fd570a807b,3,uniform,"[117, 117, 116]",0,0.3870967741935484,1
642,c5c6a6a15e594958ba61f8231ad1c9d0,3,uniform,"[117, 117, 116]",0,0.0,1
643,eb2fd89fd658434d97ecf961b12aed59,3,uniform,"[117, 117, 116]",0,0.5,1
644,f380a5932d4b4a43969a84c3338edae0,3,uniform,"[117, 117, 116]",0,0.0,1
645,a65e6461f74c47c9a5ffee9366dea0a4,3,uniform,"[117, 117, 116]",1,1.0,1
646,8f3827c3491247c7ab4d7706cbb8ef6d,3,uniform,"[117, 117, 116]",0,0.0,0
647,3f70de0169eb42c3a4b40cd1e5f1be61,3,uniform,"[117, 117, 116]",1,1.0,1
648,f5855e26ffa944fab475fd077cb06a43,3,uniform,"[117, 117, 116]",0,0.0,0
649,db63ac356f6a4df8b59087b055a45357,3,uniform,"[117, 117, 116]",0,0.0,0
650,9c03696110b94d56bbfbc83746f79a94,3,uniform,"[117, 117, 116]",0,0.0,0
651,c4b8fa26b7e741fd8b4b8e4120d39d41,3,uniform,"[117, 117, 116]",0,0.7499999999999999,1
652,5a1d3756a44c4a5ba9b30237dd1c807f,3,uniform,"[117, 117, 116]",0,0.0,1
653,50e8ae7a28b347edbef6a9604da6802a,3,uniform,"[117, 117, 116]",0,0.09523809523809523,1
654,29cf64bece6c424f80f4a55c46fc523f,3,uniform,"[117, 117, 116]",0,0.0,0
655,e17e9f25a202485c8d14b354a92e101d,3,uniform,"[117, 117, 116]",0,0.0,0
656,17ca78d8ef664047ad404f91d1f62c4b,3,uniform,"[117, 117, 116]",0,0.0,1
657,0af0869096df4dff8325c3f2ff584087,3,uniform,"[117, 117, 116]",0,0.09090909090909091,1
658,580cfb51fef84f5e9cb2de0be76eaa61,3,uniform,"[117, 117, 116]",0,0.09523809523809523,1
659,c0d5e844424d4d9bb84902a8ce411cc2,3,uniform,"[117, 117, 116]",0,0.046511627906976744,1
660,c24d3c06799444db84d703cd715d2979,3,uniform,"[117, 117, 116]",0,0.0,1
661,ef29092974ce40b980f963ac746247ec,3,uniform,"[117, 117, 116]",0,0.0,1
662,b7e11924f8a34063ba5445261471e552,3,uniform,"[117, 117, 116]",1,1.0,1
663,a25ba84fca504b2aa4e126007a22a14f,3,uniform,"[117, 117, 116]",0,0.5,1
664,0134a374dcf1451a820c7fd997862851,3,uniform,"[117, 117, 116]",0,0.0,0
665,72fa80f3ffa24cadbc2df7c806b0b59b,3,uniform,"[117, 117, 116]",0,0.0,0
666,692352f2fd7d4a389c1f1ca96570be32,3,uniform,"[117, 117, 116]",0,0.0,0
667,e9e6e952876b4c2b864f9c5fd00a3d8a,3,uniform,"[117, 117, 116]",0,0.0,0
668,fe0121ef5b874df0bfca5369f2253f03,3,uniform,"[117, 117, 116]",0,0.13043478260869568,1
669,4453276e770a4ed7b7051d9d65d40975,3,uniform,"[117, 117, 116]",1,1.0,1
670,ea6918ad41e84412b642d9ac01b6d839,3,uniform,"[117, 117, 116]",0,0.0,1
671,99429dc4d1044cb49e70ceb6f3914e07,3,uniform,"[117, 117, 116]",0,0.0,1
672,7def903743ac43748483019d8b62d815,3,uniform,"[117, 117, 116]",0,0.0,0
673,8a018a8b09d14b4cb164c0abfd1594bb,3,uniform,"[117, 117, 116]",0,0.0,1
674,8907b0e8c2e142a395a35b0c5560fe6a,3,uniform,"[117, 117, 116]",0,0.0,0
675,1ae4333af7ca4c33953c8030c3aed22f,3,uniform,"[117, 117, 116]",0,0.14285714285714288,0
676,989fede52bf840609bb69d7ba143301b,3,uniform,"[117, 117, 116]",0,0.0,0
677,368647e758554203bcd6310b0cb41a9f,3,uniform,"[117, 117, 116]",0,0.0,0
678,2662231ec6934df58d84e851aaff80fc,3,uniform,"[117, 117, 116]",1,1.0,1
679,aa4169b3de364c318562b0b09308caa0,3,uniform,"[117, 117, 116]",0,0.0,1
680,a71f1a9b718241dd890fd8feb1be3ab8,3,uniform,"[117, 117, 116]",0,0.06896551724137931,0
681,4d50fbdd13184f64aa70b8e68ea872d8,3,uniform,"[117, 117, 116]",0,0.0,1
682,914623f6bde244cab5e20f01a6d2560b,3,uniform,"[117, 117, 116]",0,0.0,1
683,6a80ae4b171345c3ba541b8aa343b1be,3,uniform,"[117, 117, 116]",0,0.0,0
684,055162a66045404b8d06e59773ef2e49,3,uniform,"[117, 117, 116]",0,0.1568627450980392,1
685,6e0186a28acb4427aedaee03db16e623,3,uniform,"[117, 117, 116]",0,0.0,1
686,7f5733184c134247ad79a6d2bc6f0081,3,uniform,"[117, 117, 116]",0,0.0,1
687,831bd2a4a96f4496947a5656ac12135d,3,uniform,"[117, 117, 116]",0,0.12000000000000001,0
688,1d5e987319ba4158a12cab23543a04aa,3,uniform,"[117, 117, 116]",0,0.2,0
689,c9a9b912b07b4c91a98f4134fbc3c6f5,3,uniform,"[117, 117, 116]",0,0.0,1
690,a7fafb4013664c78a931293de688bedb,3,uniform,"[117, 117, 116]",0,0.0,1
691,0099081da3eb4d36bc020201d4f97a27,3,uniform,"[117, 117, 116]",0,0.0,0
692,b33f0ec8e82f44baa01e6b09f9e69104,3,uniform,"[117, 117, 116]",0,0.0,1
693,e62ec634d4b44a50842d1913910877a5,3,uniform,"[117, 117, 116]",0,0.0,1
694,c78e0c2903384595af84d1f0cf51a54f,3,uniform,"[117, 117, 116]",0,0.0,0
695,d313b671236c48f3b029c72fbc46971b,3,uniform,"[117, 117, 116]",0,0.0,0
696,3d674d0b82684e87bdc226d9d614e6e4,3,uniform,"[117, 117, 116]",0,0.0,0
697,4054abd26fcb4958b130fe94dda895ee,3,uniform,"[117, 117, 116]",1,1.0,1
698,65e2cb72034947f0ad2e4fbae41a103e,3,uniform,"[117, 117, 116]",0,0.5384615384615385,1
699,c1b2178b59534886b5fab6b21bb11662,3,uniform,"[117, 117, 116]",0,0.4615384615384615,1
700,ca8d39a6862e49b58a03a0da02a7bede,3,uniform,"[117, 117, 116]",0,0.0,0
701,daa68770d88b4dbabfc2955ecc647750,3,uniform,"[117, 117, 116]",0,0.0,0
702,504074fdd18a4bfdb3c4d8b3d6a4b589,3,uniform,"[117, 117, 116]",0,0.0,0
703,ba3edfff481042f2a104ffdc278727c0,3,uniform,"[117, 117, 116]",0,0.0,0
704,08b635995bc64aefba8d3fdb405e1b4b,3,uniform,"[117, 117, 116]",0,0.0,0
705,775656e96e4747f5a17cc2b57edd12b7,3,uniform,"[117, 117, 116]",0,0.0,1
706,b2726529c0374da2bcb670a3c89f58a4,3,uniform,"[117, 117, 116]",0,0.0,0
707,7951ebb574024ca7958ac8e4f56cc046,3,uniform,"[117, 117, 116]",0,0.0,1
708,a0eed9d8178c4928b016bdf106f59e9e,3,uniform,"[117, 117, 116]",0,0.07843137254901962,0
709,ed28bccab4dc46f0a12e98fd366f2a83,3,uniform,"[117, 117, 116]",0,0.0,0
710,1329f988ad3845129c304b54501c934c,3,uniform,"[117, 117, 116]",0,0.6666666666666666,1
711,bccab12e798e428b8869c19eb4feac2c,3,uniform,"[117, 117, 116]",0,0.0,0
712,692084604fa74539aa32ec6abec75341,3,uniform,"[117, 117, 116]",0,0.20689655172413793,1
713,3e4aa100c744486d883502dd35d3569c,3,uniform,"[117, 117, 116]",0,0.0,0
714,aa7ddfbb8f3c403ba5b0a0ded76f2bff,3,uniform,"[117, 117, 116]",0,0.0,0
715,ba1325c4040040a0b7809a32536da5fe,3,uniform,"[117, 117, 116]",0,0.0,0
716,3257fb95269946feab9eeec2ebcd3522,3,uniform,"[117, 117, 116]",1,1.0,1
717,fea7e77ef2364dcdb4bbfa5d69b0c0ef,3,uniform,"[117, 117, 116]",0,0.6666666666666666,1
718,60438978506949e79645c14afd3a21dd,3,uniform,"[117, 117, 116]",0,0.6666666666666666,1
719,5d6123571c4f4e5cb365ed1f2f6453f6,3,uniform,"[117, 117, 116]",0,0.0,1
720,f888582a9e324a639852992392b5a0cf,3,uniform,"[117, 117, 116]",0,0.0,0
721,6eeccb736c5f4d72944f4c46e4859c9d,3,uniform,"[117, 117, 116]",1,1.0,1
722,8cd035648dd64edb912f01d1b01e6b89,3,uniform,"[117, 117, 116]",0,0.0,0
723,7b190c41b59249bcab29c887d579bb26,3,uniform,"[117, 117, 116]",1,1.0,1
724,aee9e1f69d5048c2a687b4a5acc056be,3,uniform,"[117, 117, 116]",0,0.5714285714285715,1
725,3e5332718ede4bcb99b7c336ff05b9dd,3,uniform,"[117, 117, 116]",1,1.0,1
726,d974393cef5d43e791127eaed8ddb259,3,uniform,"[117, 117, 116]",1,1.0,1
727,1cc48ae35d6a4676a0823fdf2550f2ea,3,uniform,"[117, 117, 116]",0,0.0,0
728,21532189e740426194a08808390eb2b4,3,uniform,"[117, 117, 116]",0,0.0,0
729,64fee0d345024f42864a361022475420,3,uniform,"[117, 117, 116]",0,0.0,1
730,e4533ea2a1404bc285933f7355d58203,3,uniform,"[117, 117, 116]",0,0.0,0
731,a23bfc2ed0ea4b19b736c30f73f7e406,3,uniform,"[117, 117, 116]",0,0.0,0
732,7ca689bb9bd94572af15fb45f2257266,3,uniform,"[117, 117, 116]",0,0.0,1
733,311ea5e6c28d46ecb378b855eb0ffe59,3,uniform,"[117, 117, 116]",0,0.0,1
734,12cc92d88fd24d6697009b061d1769c2,3,uniform,"[117, 117, 116]",1,1.0,1
735,beefda6210c047899b54a61290a9837c,3,uniform,"[117, 117, 116]",0,0.8,1
736,928e2cc022da44a4893b47a7fa37e1c6,3,uniform,"[117, 117, 116]",0,0.0,1
737,241efa1cac394ac983b144420a13a162,3,uniform,"[117, 117, 116]",1,1.0,1
738,1c67f7f0037b4ab1bb510cba499d11a4,3,uniform,"[117, 117, 116]",0,0.0,1
739,f687cfbb7bec408799b8b6f8285b5608,3,uniform,"[117, 117, 116]",0,0.0,1
740,2e613fb291864bdd8a0198c5df5ae238,3,uniform,"[117, 117, 116]",0,0.0,0
741,f5b7236c16734b2388cf37cfd5cbf27b,3,uniform,"[117, 117, 116]",0,0.0,1
742,3a1ba8b914d141eaac80d5de56ed0114,3,uniform,"[117, 117, 116]",0,0.0,0
743,671b2208301e460ba1fa588e350b82d6,3,uniform,"[117, 117, 116]",0,0.0,1
744,388dcae5aa9248318cd8d493a4c3519b,3,uniform,"[117, 117, 116]",1,1.0,1
745,2fcab3f4f6484d8992a6c2aa67aeec69,3,uniform,"[117, 117, 116]",0,0.0625,1
746,d0bae44433814b2da5d10519d7ea3695,3,uniform,"[117, 117, 116]",1,1.0,1
747,6c60d0e46b4a49068acd95570c520c6f,3,uniform,"[117, 117, 116]",1,1.0,1
748,2a8e2d0e16d64cc2a03180e7dfb8d745,3,uniform,"[117, 117, 116]",0,0.6666666666666666,0
749,6489bd7df2d04a8aa23561eaed38c793,3,uniform,"[117, 117, 116]",0,0.0,1
750,6082452e7aeb4e828079e15ab4e7a9a9,3,uniform,"[117, 117, 116]",0,0.0,0
751,fc16e9799a154e94b2bcade2e9eacd72,3,uniform,"[117, 117, 116]",0,0.0,1
752,17a72d69d7fd4e2fb9c562451e5434ef,3,uniform,"[117, 117, 116]",0,0.5714285714285715,1
753,755056d3d07940929387e2e7e76f4acf,3,uniform,"[117, 117, 116]",0,0.0,0
754,cbef062d89b944c5acd16f892a79611c,3,uniform,"[117, 117, 116]",0,0.0,1
755,a8ec79c66e284a45a63c7dcdcf4f9064,3,uniform,"[117, 117, 116]",0,0.0,1
756,6803dc0693214791b3058a87480b15d6,3,uniform,"[117, 117, 116]",0,0.6666666666666666,1
757,733d2fd24b0b40f7ba5f0edaed20cca9,3,uniform,"[117, 117, 116]",0,0.09090909090909091,1
758,5a154a6b5c364e79b30a1bd2c9e47e0c,3,uniform,"[117, 117, 116]",0,0.0,0
759,dc1fb48848df419fba9692dffef22844,3,uniform,"[117, 117, 116]",0,0.0,0
760,581d677951c7404d922d56e144504b82,3,uniform,"[117, 117, 116]",1,1.0,1
761,3f24c1ba50b04f8493f8663fd779846e,3,uniform,"[117, 117, 116]",0,0.0,0
762,a10d412bc874427b9f8df9a729c686a8,3,uniform,"[117, 117, 116]",0,0.0,0
763,99a7d09d04634cc08435d1e4bde155b5,3,uniform,"[117, 117, 116]",0,0.0,0
764,5544aab55fe744fab13706c13fcb4f96,3,uniform,"[117, 117, 116]",0,0.0,1
765,412a163387474317b4eb02196506d1f4,3,uniform,"[117, 117, 116]",0,0.05405405405405405,0
766,a1c71fcc9f6a468c9468d13d69e711a7,3,uniform,"[117, 117, 116]",0,0.0,0
767,3287651f8746453ba1943191b85095a9,3,uniform,"[117, 117, 116]",0,0.0,1
768,e2d0189ba8fd449889044fecb68c28b2,3,uniform,"[117, 117, 116]",0,0.0,1
769,567c70fec2634f439e055ef5fb30135d,3,uniform,"[117, 117, 116]",0,0.0,0
770,febb62323b274b678dc47bb096688f4c,3,uniform,"[117, 117, 116]",0,0.0,1
771,e08b24a8d41544e38f2489b4e32e2764,3,uniform,"[117, 117, 116]",0,0.0,1
772,ecd82d14cb3e4e28b8307e44f4784ff5,3,uniform,"[117, 117, 116]",0,0.0,1
773,a0b2f384132d475d9b375afdc5343fb2,3,uniform,"[117, 117, 116]",0,0.0,1
774,1703025033a448048d6f688f9321e2a2,3,uniform,"[117, 117, 116]",1,1.0,1
775,6c8c2af2e7b14a84acf550c9253961d8,3,uniform,"[117, 117, 116]",0,0.0,0
776,6368dd06f186478dae5ba3271569ef66,3,uniform,"[117, 117, 116]",0,0.07407407407407407,0
777,019a54c5394847ec81325e8bdaf8355f,3,uniform,"[117, 117, 116]",0,0.0,0
778,4ae06e8228ca4ca89224a8598de5e6d9,3,uniform,"[117, 117, 116]",0,0.04081632653061224,0
779,8ff3ddfe7f3a41e294a831e452189dd5,3,uniform,"[117, 117, 116]",0,0.0,0
780,52f45355af90482cb6a950e995783d4b,3,uniform,"[117, 117, 116]",0,0.0,0
781,b455ff336ebe403e896b9be3465811f7,3,uniform,"[117, 117, 116]",1,1.0,1
782,fef91dcc799042b59201fc0f963a8b17,3,uniform,"[117, 117, 116]",0,0.0,0
783,a2374c9022504b94b1a832c91ab535fe,3,uniform,"[117, 117, 116]",0,0.5,1
784,f1fca269781c4454a9fbcf23844c79dd,3,uniform,"[117, 117, 116]",0,0.8,1
785,828c73b72b124615b8ccc1cf1ab1014b,3,uniform,"[117, 117, 116]",1,1.0,1
786,ba9e926ece6b4b6e844f51d0b7b0f056,3,uniform,"[117, 117, 116]",0,0.0,1
787,b6ae22e3a9d04cfbaf6206a39dd062da,3,uniform,"[117, 117, 116]",0,0.5714285714285715,1
788,1b9decbc39c949e8bf28c759dfe4baa2,3,uniform,"[117, 117, 116]",0,0.0,1
789,f5b0c1a6b5824201baa94cf53c56f0c5,3,uniform,"[117, 117, 116]",1,1.0,0
790,1fe12d7bff7a46d79f76ccc655caf66c,3,uniform,"[117, 117, 116]",0,0.0,0
791,3ca19860d31d40d58c3d6018498bbc5e,3,uniform,"[117, 117, 116]",1,1.0,1
792,de7fae20ac624dc9af5949d97f30a79a,3,uniform,"[117, 117, 116]",0,0.28571428571428575,1
793,d9d30d695b524637976deff70f6a7afd,3,uniform,"[117, 117, 116]",0,0.888888888888889,1
794,8be91aa0873e4a4bb89703628089432a,3,uniform,"[117, 117, 116]",1,1.0,1
795,a3ff08899c474fcdaaae2dd2409ec7a0,3,uniform,"[117, 117, 116]",0,0.07547169811320753,1
796,bb1589db33fa4309b9b3f7fb5e4b3480,3,uniform,"[117, 117, 116]",0,0.0,1
797,2d6a236fd6104736bfb0ae4404ee6ea9,3,uniform,"[117, 117, 116]",0,0.6666666666666666,1
798,9c4719555e46425496a22559eff66115,3,uniform,"[117, 117, 116]",0,0.0,0
799,3a63e60b8ef140d28f31325f8211cb10,3,uniform,"[117, 117, 116]",0,0.0,0
800,93447ee40a954604bc8e1c926079b785,3,uniform,"[117, 117, 116]",1,1.0,1
801,aa55b1829c9c41e28f3998d32da669ec,3,uniform,"[117, 117, 116]",0,0.0909090909090909,1
802,6eb7f187d8aa4f319e63ad269404dab2,3,uniform,"[117, 117, 116]",1,1.0,1
803,67a58f5e2ff7455f8807463f414f9b99,3,uniform,"[117, 117, 116]",0,0.0,1
804,d62824da543e474da60ae07308009055,3,uniform,"[117, 117, 116]",0,0.0,0
805,b3d58c3cb86044e1ac53ac99a0246d3b,3,uniform,"[117, 117, 116]",0,0.0,1
806,6973eb89fb1441328fc7a79248c2a0ec,3,uniform,"[117, 117, 116]",0,0.0,0
807,dca240ce71894a9798451f919b5d9df0,3,uniform,"[117, 117, 116]",0,0.2857142857142857,1
808,b0d95637bcb44afb96457d3053631d5f,3,uniform,"[117, 117, 116]",1,1.0,1
809,8de2ee8d56464a9d971fdae65ae0f72b,3,uniform,"[117, 117, 116]",0,0.0,1
810,83966e58471549e2adc73c25f58c846b,3,uniform,"[117, 117, 116]",0,0.0,0
811,bb0d3b5086f845df8acfbf503fa4c2ff,3,uniform,"[117, 117, 116]",0,0.0,1
812,706ce26401d54a5d94687fb541f7350c,3,uniform,"[117, 117, 116]",1,1.0,1
813,bf72c01037194351b8d906e8e8c4c0cc,3,uniform,"[117, 117, 116]",0,0.0,0
814,afa333ac95d848f0a60cde4f10d6e261,3,uniform,"[117, 117, 116]",0,0.0,0
815,41d5a6d229964b50b3c73d5bc9a5d1fa,3,uniform,"[117, 117, 116]",0,0.0,0
816,b94b8e734c3b40eaba7291c227e2edb7,3,uniform,"[117, 117, 116]",0,0.0,1
817,786765cfe8b44449af887152402aaa29,3,uniform,"[117, 117, 116]",0,0.0,1
818,031cc546d2904282a49ea01dcfa886c8,3,uniform,"[117, 117, 116]",0,0.0,0
819,9759378e0cc44a1c839214bdaa26612d,3,uniform,"[117, 117, 116]",0,0.0,1
820,963f7654e83b425bbeadf56527740ba0,3,uniform,"[117, 117, 116]",0,0.0,0
821,4fed7ee44ec9407ebf2f05e33d2f6d54,3,uniform,"[117, 117, 116]",0,0.0,0
822,e75dd8d226914bd9b9070a34d57ff0c9,3,uniform,"[117, 117, 116]",0,0.0,1
823,92216f1e211c4ddf968b958588255feb,3,uniform,"[117, 117, 116]",0,0.21052631578947367,0
824,fc9ff2ab888d45b79fa4959911c65e59,3,uniform,"[117, 117, 116]",0,0.0,1
825,dadbf5853ac746239f484a0c7ff02245,3,uniform,"[117, 117, 116]",0,0.0,1
826,b4e39f9e15734b6a82739950c34aa8ee,3,uniform,"[117, 117, 116]",0,0.0,1
827,5ed1ab8a035e44ec9200692431509884,3,uniform,"[117, 117, 116]",0,0.0625,0
828,2bffb804aab041ee9605adbff83fe141,3,uniform,"[117, 117, 116]",0,0.0,0
829,ba4602ee540d4fcfb52af541b3e7dfd8,3,uniform,"[117, 117, 116]",0,0.0,1
830,45a6d0b6364d49129a59f0a062a2f9a8,3,uniform,"[117, 117, 116]",0,0.0,1
831,199178bd55f849279f0e163c691d0903,3,uniform,"[117, 117, 116]",1,1.0,1
832,745c742fa8d94abe88d1330cd4cdae1d,3,uniform,"[117, 117, 116]",0,0.0,1
833,13c7ec87c0324be5bee05d51772027c5,3,uniform,"[117, 117, 116]",0,0.21052631578947367,1
834,2f82125c096845fc8b5fc65418c486aa,3,uniform,"[117, 117, 116]",0,0.5,1
835,6c8e1e1b56bc4eb5b99b83ce6c5f3afd,3,uniform,"[117, 117, 116]",1,1.0,1
836,d37cc022c8344772b7d7261033a37c29,3,uniform,"[117, 117, 116]",0,0.37837837837837834,1
837,c034e68af36c41d79e0782c060d7acbd,3,uniform,"[117, 117, 116]",0,0.6666666666666666,1
838,0986a62e4b4b48be90e2c9172a5b9617,3,uniform,"[117, 117, 116]",0,0.12121212121212122,1
839,69bda7a3b8cb4e2baecd4fedbe7458ce,3,uniform,"[117, 117, 116]",0,0.0606060606060606,1
840,144e38b6eea047c99e7ec1d8dbb6cbbc,3,uniform,"[117, 117, 116]",0,0.0,1
841,3cb0174eaaf54d35878f92077740136c,3,uniform,"[117, 117, 116]",0,0.0,0
842,e53753e6f784486091c8dce069d90994,3,uniform,"[117, 117, 116]",0,0.0,1
843,6d34f597fdc54dd2aa1a8a9e32e596cb,3,uniform,"[117, 117, 116]",0,0.0,1
844,dbc0bbc541124ed0843db76f2e3a1581,3,uniform,"[117, 117, 116]",0,0.0,1
845,7f00e9c077324f689c8b0746c6381e0e,3,uniform,"[117, 117, 116]",0,0.1951219512195122,1
846,bb720c2091ee4a94a85eb81aa5a7acc3,3,uniform,"[117, 117, 116]",0,0.0,0
847,aecbba5c017943a79d643d0cc71e57b7,3,uniform,"[117, 117, 116]",1,1.0,1
848,a04a4431e605471480fb64662b38504d,3,uniform,"[117, 117, 116]",0,0.0,0
849,60bbae0fbec24bf2a8de8ac0b7076b24,3,uniform,"[117, 117, 116]",0,0.0,1
850,f20bdc9681624087af1dda063b3a6945,3,uniform,"[117, 117, 116]",0,0.08695652173913045,1
851,0161b1de8e9944f58ba3663305c9759a,3,uniform,"[117, 117, 116]",1,1.0,1
852,33ad75a283674ce5a8178438d8739810,3,uniform,"[117, 117, 116]",0,0.45161290322580644,1
853,3de977d9d8c142c79231c332dad7cfdf,3,uniform,"[117, 117, 116]",0,0.0,1
854,42fb458e399b41f9b78a83d4b30d27b0,3,uniform,"[117, 117, 116]",0,0.0,0
855,96b2b16f84e8465d9de71f9fa9718941,3,uniform,"[117, 117, 116]",0,0.0,1
856,68d323c49f9740abbda05876aebfd5d7,3,uniform,"[117, 117, 116]",1,1.0,1
857,415c375731994f69a116e415444abd99,3,uniform,"[117, 117, 116]",0,0.07142857142857142,1
858,9fb85b5dcad34ba497f04a41616f6d0c,3,uniform,"[117, 117, 116]",0,0.0,0
859,40d56efbcf5041ff9ab958e865e63171,3,uniform,"[117, 117, 116]",1,1.0,1
860,16d87b6d44b74c9d9c705b0471dcb4b2,3,uniform,"[117, 117, 116]",0,0.0,0
861,1082fd6599c245bba88c6c46ce86eef8,3,uniform,"[117, 117, 116]",0,0.0,0
862,d316c97abd1e4815a14a66b9b76df881,3,uniform,"[117, 117, 116]",1,1.0,1
863,160bd2f1f99b4697a5945323087874cb,3,uniform,"[117, 117, 116]",0,0.0,1
864,703c1f0b768d4732afa9e6a5a2d05091,3,uniform,"[117, 117, 116]",0,0.4,0
865,85ff90e4fd9c4c8790b6414520150e51,3,uniform,"[117, 117, 116]",0,0.1764705882352941,1
866,7c34ec6a706d4aaf96e4f3356fe2da7c,3,uniform,"[117, 117, 116]",0,0.0,1
867,6f811a0a4db94a648917355fabbd40ae,3,uniform,"[117, 117, 116]",1,1.0,1
868,48e5d37aaea9404a891d01584e699f18,3,uniform,"[117, 117, 116]",1,1.0,1
869,3e8a38a0b3e64f809e791704ac768b95,3,uniform,"[117, 117, 116]",0,0.0,0
870,1b454ee0cee8452986cf0b57342e8534,3,uniform,"[117, 117, 116]",0,0.0,1
871,893449002d894f7695b2a32aa7713cb5,3,uniform,"[117, 117, 116]",0,0.13333333333333333,1
872,1405700ba6ce4058a4fa68e3c3d680e3,3,uniform,"[117, 117, 116]",1,1.0,1
873,5579074640614bacbdd03ed34a3ddf08,3,uniform,"[117, 117, 116]",0,0.06451612903225806,1
874,09553563f3b94bfd88d2887043744b77,3,uniform,"[117, 117, 116]",1,1.0,1
875,ed00bbd0da8841fa9bb15f15859a9876,3,uniform,"[117, 117, 116]",1,1.0,1
876,6dd10f33c4f8423080bdcf84c8a01ef1,3,uniform,"[117, 117, 116]",0,0.07142857142857142,0
877,959464bf0c7c44ba8f2b21448867e4ad,3,uniform,"[117, 117, 116]",0,0.0,0
878,bf7fc80bf1024d73b6f5cea672696789,3,uniform,"[117, 117, 116]",0,0.0,1
879,06631314756e4d9fa7eb5f040d4d9da4,3,uniform,"[117, 117, 116]",0,0.2608695652173913,1
880,1d9dc72255774f95b5e274139d8ea9bd,3,uniform,"[117, 117, 116]",0,0.0,1
881,eb0682a6d1694acf886b84a407d68416,3,uniform,"[117, 117, 116]",0,0.0,1
882,94b1187d3e5c4282983df4ab44d3d46b,3,uniform,"[117, 117, 116]",0,0.16666666666666669,1
883,50b4c8f6f61a48c289fff1e90d3c1c68,3,uniform,"[117, 117, 116]",0,0.125,1
884,8c5e2893db634635891ae6afd30261c4,3,uniform,"[117, 117, 116]",0,0.0,0
885,9eecb36f5cb44bb18d24b6efe6824a06,3,uniform,"[117, 117, 116]",0,0.0,1
886,25223706065646aebcebc831d267c30d,3,uniform,"[117, 117, 116]",0,0.0,0
887,f97a45e3576644eda7c95849e50babef,3,uniform,"[117, 117, 116]",1,1.0,1
888,08aee7c44c404089b766cbe0fa2d55f5,3,uniform,"[117, 117, 116]",0,0.0,1
889,6d1b542705c74dfcb9ca889be8fc5c82,3,uniform,"[117, 117, 116]",0,0.0,0
890,8ce493334e064c2f97343909d7ddb91e,3,uniform,"[117, 117, 116]",0,0.3846153846153846,1
891,eb6590ce2f134b889d853696a1519eca,3,uniform,"[117, 117, 116]",0,0.16129032258064516,1
892,b5ada864c0934f8b98d919dae0bcec35,3,uniform,"[117, 117, 116]",1,1.0,1
893,73d58decb36a470e91d5491834972a95,3,uniform,"[117, 117, 116]",0,0.0,1
894,7d08f62337054caa8e0104c19a653158,3,uniform,"[117, 117, 116]",0,0.0,1
895,7a24d5cc2a8f44819ca35879d229e8bc,3,uniform,"[117, 117, 116]",0,0.0,0
896,97034e6a207f4a238a49bf7babb932e9,3,uniform,"[117, 117, 116]",0,0.09090909090909091,1
897,d0ef3a30427c4d66a516feb413c6b262,3,uniform,"[117, 117, 116]",0,0.05555555555555555,1
898,59cca53e121949e39742ee34a89cffab,3,uniform,"[117, 117, 116]",0,0.0,1
899,a645bb94c6194b119832d8e395b47a0c,3,uniform,"[117, 117, 116]",0,0.0,0
900,9e32a1d3fd11455280d3aecde908c2e6,3,uniform,"[117, 117, 116]",0,0.14285714285714288,0
901,7d7537366071415381b140fc2d6bd90b,3,uniform,"[117, 117, 116]",0,0.047619047619047616,1
902,46f896a31c254fb2bf5b68c060edb437,3,uniform,"[117, 117, 116]",0,0.0,1
903,2cda8c267a624be184e87b1d2cd0b05c,3,uniform,"[117, 117, 116]",0,0.0,0
904,3febc40bd3ee4d4e9226aa424b60123c,3,uniform,"[117, 117, 116]",0,0.0,1
905,dfc54f2afa2849f4a1d9d7095fa37f8d,3,uniform,"[117, 117, 116]",0,0.0,0
906,57f26f2947864f429083b603d80000aa,3,uniform,"[117, 117, 116]",1,1.0,1
907,3e1bed5b98f248738744f4c55f0e6d06,3,uniform,"[117, 117, 116]",0,0.0,1
908,6d36da6f7d6c4ae898960241cc99cd4c,3,uniform,"[117, 117, 116]",0,0.0,1
909,82f2a270b951424e82df7540c14072d3,3,uniform,"[117, 117, 116]",0,0.0,0
910,059055bc2ed24376a2667ee2496aeb0c,3,uniform,"[117, 117, 116]",1,1.0,1
911,328dfae8a432499e91c71bad92e2bd79,3,uniform,"[117, 117, 116]",0,0.0,1
912,3555cf721db54ce6a35be172f4f0213c,3,uniform,"[117, 117, 116]",1,1.0,1
913,6905efa62e924f7c9960bc701d1025bb,3,uniform,"[117, 117, 116]",1,1.0,1
914,edd8922fe3ec43be851dee74c97ea861,3,uniform,"[117, 117, 116]",0,0.0,0
915,3f5b923f78d642ebb61f535595115ceb,3,uniform,"[117, 117, 116]",0,0.0,1
916,644155df8e7446718cc1d9ca4d2f4c05,3,uniform,"[117, 117, 116]",0,0.5,1
917,f1cd28d437e44ac586e3494371c55ff1,3,uniform,"[117, 117, 116]",0,0.2222222222222222,1
918,b8b75f189ac042c9a664c7bc13bcb936,3,uniform,"[117, 117, 116]",0,0.0,0
919,1cdeb2b345c247bfb083ab363bebd64c,3,uniform,"[117, 117, 116]",1,1.0,1
920,930d23fe662b49d4bb01a291e8a6ad98,3,uniform,"[117, 117, 116]",0,0.0,1
921,46414d4b1b7a4838987e3ee887a448bb,3,uniform,"[117, 117, 116]",0,0.0,0
922,fdc90f6593464af6b65c2f38b2c814c6,3,uniform,"[117, 117, 116]",1,1.0,1
923,e6cad506fcab4d979e90f4a9176b1408,3,uniform,"[117, 117, 116]",0,0.0,1
924,72a4722fda5f436e81437aea9042aaa8,3,uniform,"[117, 117, 116]",1,1.0,1
925,76ed5aaaa5bb47d7923d45360b3332ec,3,uniform,"[117, 117, 116]",0,0.0,1
926,33d1e51367a3481086b0b8206010e16c,3,uniform,"[117, 117, 116]",0,0.0,1
927,d1f6974f4b8f4a189e64cdf36c986df7,3,uniform,"[117, 117, 116]",0,0.28571428571428575,1
928,57351304b16347d58b309e84d19b79aa,3,uniform,"[117, 117, 116]",0,0.7499999999999999,1
929,7f022ca089d74d51a4be4625cb6191d5,3,uniform,"[117, 117, 116]",0,0.0,0
930,3c5e3c93b4f04892a42057005a46caaa,3,uniform,"[117, 117, 116]",0,0.0,0
931,f7b2f89be1724a9c86cbcc347b0c4425,3,uniform,"[117, 117, 116]",0,0.0,1
932,2af6e73ac32145e9bb843506ce6c6a61,3,uniform,"[117, 117, 116]",1,1.0,1
933,c4c1471da58b4cf087e179b9b71adef4,3,uniform,"[117, 117, 116]",1,1.0,1
934,1854615c2d334e5aa3a608b90f0547b5,3,uniform,"[117, 117, 116]",1,1.0,1
935,402f5f93e4a04d998cb41298d57b8115,3,uniform,"[117, 117, 116]",1,1.0,1
936,531226f1c86f49a3bee6638692fedd34,3,uniform,"[117, 117, 116]",0,0.0,1
937,23d9c3e938cd4e54a2917488a719b832,3,uniform,"[117, 117, 116]",0,0.0,0
938,d5012bef02214f0c9698b7a828959e39,3,uniform,"[117, 117, 116]",1,1.0,1
939,79d983f421ab4c3e92364b83b7186e99,3,uniform,"[117, 117, 116]",0,0.6666666666666666,1
940,2e71514053a447d5bbd3f9625420ca43,3,uniform,"[117, 117, 116]",0,0.29629629629629634,1
941,6a420f8f42204d968a137faeb1d73784,3,uniform,"[117, 117, 116]",0,0.0,0
942,2f56933ee8024412b6ef05faf87e7a46,3,uniform,"[117, 117, 116]",0,0.1515151515151515,1
943,ccb81b6865484234ab334d34412a6b35,3,uniform,"[117, 117, 116]",1,1.0,1
944,e33b52e8485c41518aaf76f1048c35e4,3,uniform,"[117, 117, 116]",0,0.0,1
945,29544317d3ab466d8b13e1eac4463c10,3,uniform,"[117, 117, 116]",0,0.6666666666666666,1
946,b5736ba3b8574e3388b2a5ebccb15b09,3,uniform,"[117, 117, 116]",0,0.0,0
947,7e4328290edf4f2aac9f8988b5079fe1,3,uniform,"[117, 117, 116]",0,0.2857142857142857,1
948,8bff718944c84becbf657952138356fd,3,uniform,"[117, 117, 116]",0,0.0,1
949,c411868fbe054e80b90a12463b2beddd,3,uniform,"[117, 117, 116]",0,0.4,1
950,ead58bae18d04b9c89be6f0bbe3f155f,3,uniform,"[117, 117, 116]",0,0.0,0
951,319e4521a8454f6a908b91d874ce2e08,3,uniform,"[117, 117, 116]",0,0.125,0
952,bc947534038744198b74eab0dc89a6fe,3,uniform,"[117, 117, 116]",0,0.6666666666666666,1
953,aece58a299d84cd88579bca72c73da46,3,uniform,"[117, 117, 116]",0,0.0,0
954,61727044bdac4760964296c822ea1ffa,3,uniform,"[117, 117, 116]",0,0.6666666666666666,1
955,bc61a95b6c25463db3459cd626a11ad0,3,uniform,"[117, 117, 116]",0,0.5263157894736842,1
956,e45fbf36c6d64467b16f13324d22a4c2,3,uniform,"[117, 117, 116]",0,0.3636363636363636,1
957,1e1eb993a1ca4265978c2db209a671b7,3,uniform,"[117, 117, 116]",0,0.0,1
958,f74b173f48654bc9832934834956c10f,3,uniform,"[117, 117, 116]",0,0.0,1
959,30913ce681084f3f8357bef6147fe049,3,uniform,"[117, 117, 116]",0,0.0,1
960,359f8256bb2b4d5589fa81885ef48257,3,uniform,"[117, 117, 116]",0,0.0,1
961,3d531ea0078248ebb3dd503bb338071f,3,uniform,"[117, 117, 116]",0,0.0,1
962,a9dff945426841f8b37069eefd82297b,3,uniform,"[117, 117, 116]",0,0.0,1
963,aa9daba7638b4fa9b1472bb648fe964e,3,uniform,"[117, 117, 116]",0,0.0,1
964,dd66178403e8487382fdc1b84bb2881c,3,uniform,"[117, 117, 116]",0,0.0,0
965,c9bcb9b8a8ba42f5bfd2538b4925a3ac,3,uniform,"[117, 117, 116]",0,0.0,1
966,a14a2ea82a1544a19f7c45cbf7f82f6e,3,uniform,"[117, 117, 116]",0,0.8,1
967,fb2d1f54601e4f89be70d07393db45f4,3,uniform,"[117, 117, 116]",1,1.0,1
968,b83b50ae80c3463aa27b05bb0bf4b493,3,uniform,"[117, 117, 116]",0,0.0,0
969,26c180c03a734a1aaee4138be308a078,3,uniform,"[117, 117, 116]",0,0.06451612903225806,1
970,273733b869b741a7b9667927ea701789,3,uniform,"[117, 117, 116]",0,0.0,0
971,97cb3c77ddba4ab9ae6bfdc00eb09c42,3,uniform,"[117, 117, 116]",0,0.0,1
972,08473edda228492e9cfe9b6583977e50,3,uniform,"[117, 117, 116]",0,0.0,1
973,6d5eb886bc37490aa1854938f9b36903,3,uniform,"[117, 117, 116]",0,0.0,0
974,e0ce4da6cbfe4f26b945f5555901e5c5,3,uniform,"[117, 117, 116]",0,0.0,0
975,f002078c2ea2435db1e405606b820e19,3,uniform,"[117, 117, 116]",1,1.0,1
976,441f524567e9477a9b0d07f4a0907622,3,uniform,"[117, 117, 116]",0,0.14285714285714288,1
977,60dd6a100f3b42598ab0d32f254b1662,3,uniform,"[117, 117, 116]",0,0.08333333333333333,0
978,873ea1af23e548efb10a54c97edcdb6b,3,uniform,"[117, 117, 116]",0,0.0,1
979,3e1d564bb5eb4b1ba37db917c472a566,3,uniform,"[117, 117, 116]",1,1.0,1
980,04676862004644f18aa94ff54107047c,3,uniform,"[117, 117, 116]",0,0.04878048780487805,0
981,116e002d700e4d349581f1a4937dfba8,3,uniform,"[117, 117, 116]",0,0.0,0
982,283c5867606b46258127fa5fed7cf62d,3,uniform,"[117, 117, 116]",0,0.0,1
983,171414c078ce452d9374be8989aa0147,3,uniform,"[117, 117, 116]",0,0.0,0
984,a2643b6d7fe94e54bb74da276f0a4646,3,uniform,"[117, 117, 116]",0,0.06666666666666667,1
985,342cb6f69f6449318f4c4e5385f954fd,3,uniform,"[117, 117, 116]",0,0.0,1
986,e3fe3ef5daa6485a8a3f91dfccc9d797,3,uniform,"[117, 117, 116]",0,0.12903225806451613,1
987,6071cc99d5744a17814ad38e72b53f3b,3,uniform,"[117, 117, 116]",0,0.0,0
988,d5f0273d41ad45ab9a9819cb49e29b02,3,uniform,"[117, 117, 116]",0,0.0,1
989,d1b4f5f6d643456aad1526324d39c259,3,uniform,"[117, 117, 116]",0,0.0909090909090909,1
990,62747a42a9074e7da75c495cc4daca38,3,uniform,"[117, 117, 116]",0,0.6666666666666666,1
991,5d464ecc16894c0cbc33ed95ac502289,3,uniform,"[117, 117, 116]",0,0.7499999999999999,1
992,e5fb043f8b0245f2acc78136af1bb5dd,3,uniform,"[117, 117, 116]",0,0.6666666666666666,1
993,53278976c290499ab7f1decb9f7bf6a2,3,uniform,"[117, 117, 116]",0,0.05263157894736841,1
994,7889488ae4d3460bafe900d6917b650e,3,uniform,"[117, 117, 116]",0,0.0,1
995,91ef74a5a47a442aaa5af41b3d564051,3,uniform,"[117, 117, 116]",0,0.0,1
996,3e83d3398a8a4e26a98fab7f85c8cb59,3,uniform,"[117, 117, 116]",0,0.16666666666666666,1
997,20e0dcefdff242ebb51ce89c34182814,3,uniform,"[117, 117, 116]",0,0.16666666666666666,0
998,7e7a5a32f59b49ccacc7c1408799a32a,3,uniform,"[117, 117, 116]",0,0.0,1
999,a3ac333098d74ad7acf2d20bbc261c9b,3,uniform,"[117, 117, 116]",0,0.12244897959183672,1
0,728220fe1b5f4ce886273ec524c6972b,3,weighted,"[150, 110, 90]",1,1.0,1
1,c89d1c366c274f6e8d233be688759386,3,weighted,"[150, 110, 90]",0,0.0,1
2,644d4774db194bb0b491e58deff0fe6c,3,weighted,"[150, 110, 90]",0,0.08695652173913045,1
3,b7648c8b476e4482a7fa9a8d4584c551,3,weighted,"[150, 110, 90]",0,0.5,1
4,362b90d2f2de47e1a0d9be76d1383cd5,3,weighted,"[150, 110, 90]",0,0.10526315789473685,1
5,e365fba82bca48ad8b9ec4fbac8bd3b7,3,weighted,"[150, 110, 90]",0,0.7000000000000001,1
6,56a527cc368e4b10ac88117b33ab6370,3,weighted,"[150, 110, 90]",0,0.09090909090909091,0
7,ef7ff14fda8347479995319185ade05f,3,weighted,"[150, 110, 90]",1,1.0,1
8,e7abf6763c7d425c8577ed893a0cd182,3,weighted,"[150, 110, 90]",0,0.0,1
9,08b8fd7f109845eda0ffb6868479f8c2,3,weighted,"[150, 110, 90]",0,0.0,0
10,ddc318071f01453ab87ceebe18062971,3,weighted,"[150, 110, 90]",0,0.0,1
11,b33e0d818b364b87878b747b09987f28,3,weighted,"[150, 110, 90]",0,0.1111111111111111,1
12,629ca0ba60d84e678789916c527e5e74,3,weighted,"[150, 110, 90]",0,0.0,1
13,dc5438680eeb4547b962a6d05a58125d,3,weighted,"[150, 110, 90]",0,0.0,1
14,2ea97cfbe22340cdabec8b67b75b0f0e,3,weighted,"[150, 110, 90]",1,1.0,1
15,dc27edf1253345dabb1ae19ef7d8a829,3,weighted,"[150, 110, 90]",0,0.0,1
16,c3ec8eaa57d0418da0c66d7ad83761b3,3,weighted,"[150, 110, 90]",0,0.14285714285714288,1
17,f22c94617c404f388ea469654e9a580f,3,weighted,"[150, 110, 90]",0,0.2857142857142857,1
18,2c9d87584b86413d86f28eb40a1af7cf,3,weighted,"[150, 110, 90]",1,1.0,1
19,49af423e020444c999bdbdaa7cc573bd,3,weighted,"[150, 110, 90]",0,0.0,1
20,a2f796f7536947518cb11c541c564c83,3,weighted,"[150, 110, 90]",0,0.0,1
21,70ff5cd057104a24a7de546f6a0a93e2,3,weighted,"[150, 110, 90]",1,1.0,1
22,bb0bceec8bca491db5c90c3962960eea,3,weighted,"[150, 110, 90]",0,0.1,1
23,4790b60660da497bb390ed9bc5996973,3,weighted,"[150, 110, 90]",0,0.0,1
24,092f821b8fd243efb2bfd2f200cb99ee,3,weighted,"[150, 110, 90]",0,0.0,0
25,e21128d6906243a58807600c9e0744b4,3,weighted,"[150, 110, 90]",0,0.0,0
26,b612d7f272cd452dab8379571e41f3dd,3,weighted,"[150, 110, 90]",1,1.0,1
27,40f708bf9a744a90b62edfb3b44ad9cf,3,weighted,"[150, 110, 90]",0,0.0,0
28,b5b3c4c6f37c4de3907df3b82c13a2d7,3,weighted,"[150, 110, 90]",0,0.0,1
29,ebe6da22787d42bab5690387505c2674,3,weighted,"[150, 110, 90]",0,0.0,0
30,74953752801446a2abe6b330ce63c179,3,weighted,"[150, 110, 90]",0,0.0,0
31,ed2ba8953b6a49bb8f961969603a956f,3,weighted,"[150, 110, 90]",0,0.28571428571428575,1
32,d468e9a904314a5a92582bcfcc7b7635,3,weighted,"[150, 110, 90]",0,0.0,1
33,59c97e698fe0492890ba2dec20b8ff97,3,weighted,"[150, 110, 90]",0,0.0,0
34,c00bac5c39534761b85d1adeea7bdd23,3,weighted,"[150, 110, 90]",1,1.0,1
35,625274d8050f451ebd131104306237c1,3,weighted,"[150, 110, 90]",0,0.13793103448275862,1
36,64215d84427e4d709e2914e76df055c5,3,weighted,"[150, 110, 90]",0,0.0,1
37,5464eecea5074ee49a1f281e3855f2d1,3,weighted,"[150, 110, 90]",0,0.6153846153846154,1
38,f4e61efd586744d9941da1aea777b7d7,3,weighted,"[150, 110, 90]",0,0.6666666666666666,1
39,e89b8741115d4a248603dde70032bccd,3,weighted,"[150, 110, 90]",1,1.0,1
40,4dd31c6180e64c4eb59983819779cf2c,3,weighted,"[150, 110, 90]",0,0.20512820512820512,1
41,1bf26f3035ec45e5874eb0de76a8d903,3,weighted,"[150, 110, 90]",0,0.09523809523809522,1
42,f86df4ac102d4a058ac5a346fed44de9,3,weighted,"[150, 110, 90]",0,0.0,1
43,ace17f51ddc44d7db28c05c44bc5d658,3,weighted,"[150, 110, 90]",1,1.0,1
44,e2c278dfb89b444389ac7fa574c14697,3,weighted,"[150, 110, 90]",0,0.0,1
45,9b01a7aac7fb40979eccbed5da004372,3,weighted,"[150, 110, 90]",0,0.0,0
46,6778d6c630a84294a6dd81fbfabf9177,3,weighted,"[150, 110, 90]",0,0.0,0
47,35190f405eb4417497a797f137fb3f1b,3,weighted,"[150, 110, 90]",1,1.0,1
48,a5d866dd01974343ba3475ba0ca2387c,3,weighted,"[150, 110, 90]",0,0.6666666666666666,1
49,34a877cef8f4456197484f09d1643e87,3,weighted,"[150, 110, 90]",0,0.6666666666666666,1
50,f87ac51d4db74ff7b51a4c5ea00723e8,3,weighted,"[150, 110, 90]",0,0.0,0
51,9bb1b01620ea4ed28be3d13447145272,3,weighted,"[150, 110, 90]",0,0.0,1
52,68b7a9d693f84289b1d8cca76c5daf3b,3,weighted,"[150, 110, 90]",1,1.0,1
53,413339d30cc447a884eb601571769b06,3,weighted,"[150, 110, 90]",0,0.0,1
54,b0d97074e304423bab66769456c4890d,3,weighted,"[150, 110, 90]",0,0.0,1
55,9827d6f7626d46c188fc893ff0e12fd9,3,weighted,"[150, 110, 90]",1,1.0,1
56,3750487af26c40af96cb49550876a52a,3,weighted,"[150, 110, 90]",0,0.0,0
57,5010c8ecc7584e2d86bbb2ab8acfa878,3,weighted,"[150, 110, 90]",1,1.0,1
58,c5b80b9f943d4bd3b11c84700bff495f,3,weighted,"[150, 110, 90]",1,1.0,1
59,7bfe3ee0862a4bdbb5e06b894cfefd29,3,weighted,"[150, 110, 90]",0,0.15384615384615385,1
60,d7f9ec97994d42c3bf9dfc7e853a3d66,3,weighted,"[150, 110, 90]",0,0.2666666666666667,1
61,dc530a1b42fc45af9b9112f391db3504,3,weighted,"[150, 110, 90]",0,0.5,1
62,6d8f6111e0f2484f961308f6dc5270b3,3,weighted,"[150, 110, 90]",0,0.0,1
63,ef32addb3b9b4c8ab122fd787122a657,3,weighted,"[150, 110, 90]",1,1.0,1
64,79e87ee729dd4f40b1492c9d24d26541,3,weighted,"[150, 110, 90]",0,0.07407407407407407,1
65,94b8ba1c855e4789a90cd5692ee3e710,3,weighted,"[150, 110, 90]",1,1.0,1
66,7de2c568942c4160a93c7c80f264030f,3,weighted,"[150, 110, 90]",0,0.0,0
67,eeef45fe8f664128b6f49991e5695c3e,3,weighted,"[150, 110, 90]",0,0.0,0
68,fb575e95e21843f9bc7ab8acdde72ee7,3,weighted,"[150, 110, 90]",0,0.5,1
69,0ae51cad51b340cb9ce156a667e11a5e,3,weighted,"[150, 110, 90]",0,0.0,0
70,2e3e4e90adb64e86bf0e6ccf5499126b,3,weighted,"[150, 110, 90]",1,1.0,1
71,8b49dc87c93b45c48eb62e4a0b8ac604,3,weighted,"[150, 110, 90]",0,0.2857142857142857,1
72,dafae23b13b148619784124572b26008,3,weighted,"[150, 110, 90]",0,0.2857142857142857,1
73,054d98807bed447f896aaa343005bb89,3,weighted,"[150, 110, 90]",0,0.6666666666666666,1
74,fee6642b071a46e9b1a005d63b58a98c,3,weighted,"[150, 110, 90]",0,0.0,1
75,ae35f52b8069416da505e192383e1cab,3,weighted,"[150, 110, 90]",0,0.0,1
76,21976ca866684313b86aa9450c61406c,3,weighted,"[150, 110, 90]",0,0.0,1
77,bfa3a133f4fc48eda18b7464dddc5e70,3,weighted,"[150, 110, 90]",0,0.09090909090909091,1
78,8809bd64552f4f7aa8f53f493602ceae,3,weighted,"[150, 110, 90]",1,1.0,1
79,4e6de19d338a44b6bd4bbaec2c3c0635,3,weighted,"[150, 110, 90]",1,1.0,1
80,121d9ead9e87477baedf4605be92bbf7,3,weighted,"[150, 110, 90]",0,0.0,1
81,96478949a8214ae4bd74130d64466203,3,weighted,"[150, 110, 90]",0,0.06666666666666667,1
82,e2bc1abc94f141399b0b004676f84171,3,weighted,"[150, 110, 90]",0,0.8,1
83,a018ca4c1e8e4a44b48188655383c8a5,3,weighted,"[150, 110, 90]",0,0.08695652173913045,1
84,2c175bdf51494ae1a97be4ed1a365825,3,weighted,"[150, 110, 90]",1,1.0,1
85,916d57f6183b4c52999933fe394cae6e,3,weighted,"[150, 110, 90]",0,0.0,1
86,2324b8d221fa41d58267b515b1a1109a,3,weighted,"[150, 110, 90]",0,0.0,1
87,c0d3770ca41e4463958dca0c88ce3979,3,weighted,"[150, 110, 90]",0,0.0,1
88,68ac44d7d9e24aee8fcaa91e0f364062,3,weighted,"[150, 110, 90]",0,0.06666666666666668,1
89,f6ea20f22a394788814a7b4374246cf9,3,weighted,"[150, 110, 90]",0,0.4444444444444445,1
90,5f53831743434c24b29ed9b858d87e4b,3,weighted,"[150, 110, 90]",0,0.888888888888889,1
91,20c6639f94d24a91ac79c15024fcd5f7,3,weighted,"[150, 110, 90]",0,0.4,1
92,6c6f0f2b83e546e39bc40d37b0ee9975,3,weighted,"[150, 110, 90]",0,0.5,1
93,a1b8855de6ff4bf2b8afc5942486e88c,3,weighted,"[150, 110, 90]",0,0.0,0
94,986fec610e0e4bf9bb3de6be1fa0356e,3,weighted,"[150, 110, 90]",0,0.0,0
95,ce5d0f11b9664510a27bf3c483792f13,3,weighted,"[150, 110, 90]",1,1.0,1
96,3f092922c6854e3f8bdf22cc50cf71a9,3,weighted,"[150, 110, 90]",1,1.0,1
97,811785fb9d684ccd9577541cd4c94555,3,weighted,"[150, 110, 90]",0,0.0,1
98,66d0e7da123d49fd8f8016dc27775052,3,weighted,"[150, 110, 90]",1,1.0,1
99,1646e87aca7b4f078ae816044f0f5955,3,weighted,"[150, 110, 90]",1,1.0,1
100,d2747da8e1e1416cb057ee8651131dd8,3,weighted,"[150, 110, 90]",0,0.12903225806451613,1
101,8834ade537ca4faca9fb3bdd7efcb88b,3,weighted,"[150, 110, 90]",1,1.0,1
102,81a06cc7f0ed45fba03d40062246bf0f,3,weighted,"[150, 110, 90]",0,0.2857142857142857,1
103,9f8bb4dd263246dbac8f331f745d2e5a,3,weighted,"[150, 110, 90]",0,0.0,1
104,d0940d4e2f8b4c23817a178bf3f2ee85,3,weighted,"[150, 110, 90]",0,0.0,0
105,62b2d8702439498197acee357c30a8bd,3,weighted,"[150, 110, 90]",0,0.05405405405405406,0
106,1fcf01709c0b404da2b3024ac0a02eb0,3,weighted,"[150, 110, 90]",0,0.25,0
107,f299e2d5b4264decb2fd2ab4d6a53c2d,3,weighted,"[150, 110, 90]",0,0.0,0
108,ecba8f966e03447a940cfff69f9ba8e1,3,weighted,"[150, 110, 90]",1,1.0,1
109,077524326f6a4e53a728f5341e89f79c,3,weighted,"[150, 110, 90]",0,0.0,1
110,18cbdcbef93544acac9407596569a64f,3,weighted,"[150, 110, 90]",0,0.0,1
111,afc8672a21f441369ab4b0ffb8532c21,3,weighted,"[150, 110, 90]",0,0.72,1
112,c64f2789544c45c8bf9dceebb35cfa53,3,weighted,"[150, 110, 90]",0,0.0,0
113,c2bf5fa95d404050b8f86692d9100be0,3,weighted,"[150, 110, 90]",0,0.0,1
114,ff5f25fc4c9b4354b49fc603df373ee0,3,weighted,"[150, 110, 90]",0,0.0,1
115,d83aff530fd447b49138953308883ac2,3,weighted,"[150, 110, 90]",0,0.0,0
116,5b7387ec945d47b8b624c2b55b6a80c1,3,weighted,"[150, 110, 90]",0,0.0,1
117,987b4118a9304f2f8193ab27a36b0489,3,weighted,"[150, 110, 90]",0,0.5333333333333333,1
118,da630eb21dea4abe920e8253d4fd6a34,3,weighted,"[150, 110, 90]",0,0.27586206896551724,1
119,1cfc4441a86445fab7952656df2d64a0,3,weighted,"[150, 110, 90]",0,0.0,1
120,5cac964bb57446e39b0f58d6043c12d7,3,weighted,"[150, 110, 90]",0,0.0,1
121,30cbead889fc4c0783a1afd652cfb163,3,weighted,"[150, 110, 90]",0,0.6666666666666666,1
122,d7eb4ea422a0440ab1a2ea0d9a313198,3,weighted,"[150, 110, 90]",0,0.0,1
123,c8c3c9f350c5469da18f367a6a250097,3,weighted,"[150, 110, 90]",0,0.0,0
124,b47d1c59552a453ba57c2121f029242d,3,weighted,"[150, 110, 90]",0,0.0,1
125,29b82a59344f4d38854c476a31827ba7,3,weighted,"[150, 110, 90]",0,0.0,0
126,9a0b3de216b6498699f9a1745ef51447,3,weighted,"[150, 110, 90]",0,0.14814814814814814,1
127,f126e81901054b3ba5fb4ce920b1df38,3,weighted,"[150, 110, 90]",1,1.0,1
128,0a8eff0d1b134de888817e44d2e889b1,3,weighted,"[150, 110, 90]",0,0.0,1
129,054b7315353146d4b0ad624514005ef2,3,weighted,"[150, 110, 90]",1,1.0,1
130,f4ef4313787d49d7851ad2a6c66cf163,3,weighted,"[150, 110, 90]",0,0.6666666666666666,1
131,e3602ad5a2864891955a696e59594e76,3,weighted,"[150, 110, 90]",0,0.0,1
132,2a9c56b5a5ae43b78f7f7d9dccdca491,3,weighted,"[150, 110, 90]",1,1.0,1
133,4fc9afe35d8c4cdf8115fe9faf6ac96a,3,weighted,"[150, 110, 90]",1,1.0,1
134,065ce886fe8c41088ba6b71c82ab6229,3,weighted,"[150, 110, 90]",0,0.0,1
135,928063d9906145b6b83392f5068efb4f,3,weighted,"[150, 110, 90]",0,0.0,0
136,455324ce37fa42c8af627f9f832cfb24,3,weighted,"[150, 110, 90]",0,0.0,0
137,1af7aafeb2e24d348d72b7559a2ce754,3,weighted,"[150, 110, 90]",0,0.8235294117647058,1
138,c4c3e45a17884ef78442ed584e442741,3,weighted,"[150, 110, 90]",1,1.0,1
139,2e7792c3711b4a139cf99e7dec1b7e26,3,weighted,"[150, 110, 90]",0,0.0,1
140,8d3d4915ed104234bca2e7e8eb591d6e,3,weighted,"[150, 110, 90]",1,1.0,1
141,7876cd87c6e845f484f841d243a021a0,3,weighted,"[150, 110, 90]",0,0.4,1
142,faca8fa5d6724e3f95ea8550bbb1a3c8,3,weighted,"[150, 110, 90]",1,1.0,1
143,76c6e9ef00884f509bc625e25b15cc85,3,weighted,"[150, 110, 90]",1,1.0,1
144,0db9e6fa3f21435996d0bf1e3b3f8adb,3,weighted,"[150, 110, 90]",1,1.0,1
145,ca61917ae999408c84f855c26dc48c68,3,weighted,"[150, 110, 90]",0,0.0,0
146,c6d27c29d4774501b4f046af3bb83dfd,3,weighted,"[150, 110, 90]",0,0.0,0
147,8da0d6902cab4114b140672981c41ece,3,weighted,"[150, 110, 90]",0,0.0,1
148,d809c82de0cc41a391a8476fbedc4638,3,weighted,"[150, 110, 90]",1,1.0,1
149,6a9dae85ef8448b88947f67b7368cd84,3,weighted,"[150, 110, 90]",0,0.0,1
150,62ccc3554230408fb85b346dedaeffa9,3,weighted,"[150, 110, 90]",0,0.0,1
151,9724aa5ceb194973a23f99d088987015,3,weighted,"[150, 110, 90]",1,1.0,1
152,8c513011d82543469328cb90f190d67c,3,weighted,"[150, 110, 90]",0,0.0,0
153,352bbdac5d414a65a714e30a0fd97f42,3,weighted,"[150, 110, 90]",0,0.14285714285714288,1
154,c46c0d1751554ccea747cb3825bdbe66,3,weighted,"[150, 110, 90]",0,0.0,0
155,1b99dffb92c14a838fdb91967645cbf0,3,weighted,"[150, 110, 90]",0,0.0,1
156,fe231269e136464c857e4cedaa8a523e,3,weighted,"[150, 110, 90]",1,1.0,0
157,b7ccf71e49054da2a836cbd7dcca51ae,3,weighted,"[150, 110, 90]",0,0.0,0
158,c5d1601dece84ce895260d42931118c3,3,weighted,"[150, 110, 90]",0,0.0,0
159,c6e9bca537a64d47a1f219d04aa484cf,3,weighted,"[150, 110, 90]",0,0.0,0
160,19174950ad6b4759929f41cb2aa6b979,3,weighted,"[150, 110, 90]",0,0.0,0
161,08e1f398fc554a2b9cc745c89b8ddd1c,3,weighted,"[150, 110, 90]",0,0.06060606060606061,1
162,4e8ac0b2d2c448099dea09b0b88032b6,3,weighted,"[150, 110, 90]",0,0.8571428571428571,1
163,ba68aac128784f47a20eafdb4fa84627,3,weighted,"[150, 110, 90]",1,1.0,1
164,9b6a4b25c0cf41d89f69fab7e636d836,3,weighted,"[150, 110, 90]",1,1.0,1
165,851dc215cd4f478ea5bc5be433bb650b,3,weighted,"[150, 110, 90]",0,0.32,1
166,73df4341944b4832a7110492fec95939,3,weighted,"[150, 110, 90]",1,1.0,1
167,82498b7e764c4a77ae54de9e49a211ce,3,weighted,"[150, 110, 90]",0,0.8571428571428571,1
168,d12c3c9ff7254b76a83a3c702e0f1411,3,weighted,"[150, 110, 90]",1,1.0,1
169,9b5c249c46644e04a2d28d98bac5f951,3,weighted,"[150, 110, 90]",0,0.0,0
170,b31c60bda086454a900948cde75eb053,3,weighted,"[150, 110, 90]",0,0.0,1
171,68ea789496074f56878ceddf5f0bb6c0,3,weighted,"[150, 110, 90]",0,0.0,0
172,2fbb04100c444abda7f972b3c7ca55b9,3,weighted,"[150, 110, 90]",0,0.7142857142857143,1
173,ff83ee0ffed94025b218bc5444b14880,3,weighted,"[150, 110, 90]",0,0.0,0
174,811443af769846bd88db9031899cf838,3,weighted,"[150, 110, 90]",0,0.0,1
175,2737e76f68ed4c889e75300d5d707fbb,3,weighted,"[150, 110, 90]",0,0.08695652173913045,1
176,5c48b89357aa48fd8a1aafaeabe73c4c,3,weighted,"[150, 110, 90]",0,0.823529411764706,1
177,57b5639ab5b441d9956c8bb4d17cf3e2,3,weighted,"[150, 110, 90]",1,1.0,1
178,b7f2e1ae39b54396b93b90189b8ef3da,3,weighted,"[150, 110, 90]",0,0.0,1
179,ed32ea00d52a492b93ce00ce06b93f4a,3,weighted,"[150, 110, 90]",1,1.0,1
180,45e285d6497d478b835ec6f97fe0edb8,3,weighted,"[150, 110, 90]",0,0.5,1
181,287086d87ca540629ea9a5d1f3e42827,3,weighted,"[150, 110, 90]",0,0.0,0
182,66671cea0dee4e95ace4c4ccbdcc094b,3,weighted,"[150, 110, 90]",0,0.0,0
183,1c3202898a2340d8b9ee33b3d2feb483,3,weighted,"[150, 110, 90]",1,1.0,1
184,b91f7ce859194bf3a952f9948618cfaf,3,weighted,"[150, 110, 90]",0,0.0,0
185,8da9a487491d4861815c860882b46f1b,3,weighted,"[150, 110, 90]",1,1.0,1
186,b0bc5b996f8c43a4a27f7a0a92100227,3,weighted,"[150, 110, 90]",0,0.0,0
187,b3d3a7f3fd00419c896e03a2dd70c2eb,3,weighted,"[150, 110, 90]",0,0.0,0
188,9723fcbfda3b41f1a2928a72b5614b05,3,weighted,"[150, 110, 90]",0,0.0,0
189,354948edd4c94ed49d3c744a8213b0e4,3,weighted,"[150, 110, 90]",0,0.0,0
190,06ad4f09434a47e7a9563d96bde0e71f,3,weighted,"[150, 110, 90]",0,0.11428571428571428,1
191,9ed3661a6d2945fbb92425ece8bc177e,3,weighted,"[150, 110, 90]",0,0.0,0
192,ef60d03b67d34a1190d04693fee8767f,3,weighted,"[150, 110, 90]",0,0.0,0
193,63fc6e7a70aa4d60a8cab579a90afb9e,3,weighted,"[150, 110, 90]",0,0.0,1
194,8c780963994f44c7835580cb22bc2fdc,3,weighted,"[150, 110, 90]",0,0.6923076923076924,1
195,60f332bc68e64d8680e179e359b0d6fa,3,weighted,"[150, 110, 90]",0,0.0,1
196,69e712f057644faf86a9688a85a2deee,3,weighted,"[150, 110, 90]",1,1.0,1
197,1a4a586dd10143f3a68247ae4c535713,3,weighted,"[150, 110, 90]",1,1.0,1
198,ba52569b388b4b339129a0277c7eb2e8,3,weighted,"[150, 110, 90]",1,1.0,1
199,a5c81a5e5d3c42d089cd98f0b556de2f,3,weighted,"[150, 110, 90]",0,0.0,0
200,0af880e8558a4fc3afbc9a8a25d081fd,3,weighted,"[150, 110, 90]",0,0.4,1
201,073515a682484ceaac87a83d1ab38a06,3,weighted,"[150, 110, 90]",0,0.23529411764705885,1
202,36ab12ff07cf46ed9af03891964f20de,3,weighted,"[150, 110, 90]",0,0.0,1
203,b189954307e7414b9d81ad99c7b730bf,3,weighted,"[150, 110, 90]",0,0.8387096774193549,1
204,37c0ef1f9eb3412594ff30f21611b882,3,weighted,"[150, 110, 90]",0,0.0,0
205,dc27c4c56b014020bd9e8a799860b06e,3,weighted,"[150, 110, 90]",1,1.0,1
206,aa9da743626a453780aaaf56e7816508,3,weighted,"[150, 110, 90]",0,0.0,0
207,5b94852dff984b19bf8264cd8bc1caa3,3,weighted,"[150, 110, 90]",0,0.06896551724137931,1
208,980522a80742433e96b144a86fd2ddce,3,weighted,"[150, 110, 90]",0,0.0,0
209,c5fc7fc4522b43b7a0802acbd3963efd,3,weighted,"[150, 110, 90]",1,1.0,1
210,7374f521a2854922b8f6f8890ecda23d,3,weighted,"[150, 110, 90]",0,0.2666666666666667,1
211,29cd58ae62e94dc4b7315ce4b50010ef,3,weighted,"[150, 110, 90]",0,0.25,1
212,5fcc6fb126e14d65ba4d0d86bb28a8be,3,weighted,"[150, 110, 90]",0,0.0,1
213,2b41e95bcc554f69b8d594bc3d05bf1a,3,weighted,"[150, 110, 90]",0,0.07692307692307693,1
214,8ae5ae5b607b4dbc86f7da5147a095c7,3,weighted,"[150, 110, 90]",0,0.0,0
215,fc7d87cd43814b8db5d9bcc43cba1da3,3,weighted,"[150, 110, 90]",1,1.0,1
216,0338d7711b1646d6be2b815c279cff54,3,weighted,"[150, 110, 90]",0,0.0,1
217,dcb53cda7e6144fca04963ac7581bcdd,3,weighted,"[150, 110, 90]",0,0.0,1
218,ecccb9b15eb3413d8f3a5ad8d8983716,3,weighted,"[150, 110, 90]",0,0.0,0
219,fa3b764edd7a4c44be5b8921112e8bf6,3,weighted,"[150, 110, 90]",0,0.0,0
220,493624c8263b40ec97c127e45b45d5c1,3,weighted,"[150, 110, 90]",0,0.0,0
221,ebee9fdad5b64bab83267a364ea4d10b,3,weighted,"[150, 110, 90]",0,0.5714285714285715,1
222,1fd96469f9a24b37814917f25f8060f2,3,weighted,"[150, 110, 90]",0,0.5714285714285715,0
223,f97696deb9704d2f8ae5834f9fcdd88c,3,weighted,"[150, 110, 90]",0,0.4,1
224,da54c67b92b74a2c91d2227d09a41438,3,weighted,"[150, 110, 90]",0,0.0,1
225,1416c66b2eb543aea04972d5780b31d6,3,weighted,"[150, 110, 90]",0,0.0,0
226,ec0a4212a5df47f682fbba53188e7af8,3,weighted,"[150, 110, 90]",0,0.0,0
227,856b14030ac342bb979ca5091377cff0,3,weighted,"[150, 110, 90]",0,0.0,0
228,58c9a110235b4879950e679babb53318,3,weighted,"[150, 110, 90]",0,0.0,1
229,eff7102be794409081a5e3b3ef3c9518,3,weighted,"[150, 110, 90]",0,0.16326530612244897,1
230,99331d54ed084ccf98837531ede526e3,3,weighted,"[150, 110, 90]",0,0.25,0
231,400ab40069334ea6a12b1085941a9880,3,weighted,"[150, 110, 90]",0,0.5,1
232,9f1d761a46c64578849ff7408c6351b2,3,weighted,"[150, 110, 90]",0,0.2608695652173913,1
233,241f5227a1124be591341cf33b2ecb2f,3,weighted,"[150, 110, 90]",0,0.8571428571428571,1
234,4f05dc53dcc24ed1a59fdd5d950966d0,3,weighted,"[150, 110, 90]",0,0.0,0
235,e1dac33266d048c89894eab0b0dc1c2a,3,weighted,"[150, 110, 90]",0,0.0,1
236,ce3ecd44941f4597ae927b61841b860a,3,weighted,"[150, 110, 90]",0,0.0,1
237,d031593cc6f142f6bba7e64ea9224dea,3,weighted,"[150, 110, 90]",1,1.0,1
238,5b5d465a7ab2427485a00f3638543996,3,weighted,"[150, 110, 90]",0,0.0,1
239,53fe1484646648969f42e40f550ab7ef,3,weighted,"[150, 110, 90]",0,0.6666666666666666,1
240,d86c4a3e9c944a5595ffd076817380c9,3,weighted,"[150, 110, 90]",0,0.0,0
241,d847d59c18884a8eaddd5fc55d047799,3,weighted,"[150, 110, 90]",0,0.0,1
242,b5e7dc56ca2e4d68bc9b59696bca7f75,3,weighted,"[150, 110, 90]",0,0.14814814814814814,1
243,bd356a60992b44f7840f99ffc390382c,3,weighted,"[150, 110, 90]",1,1.0,1
244,f8c03f10b27045d89e068c461ea3d69c,3,weighted,"[150, 110, 90]",0,0.0,1
245,f57595f77502405fbe6baf093d8baea0,3,weighted,"[150, 110, 90]",1,1.0,1
246,a697c765c3e74e0cb48088ea3ecdcdb1,3,weighted,"[150, 110, 90]",0,0.6666666666666666,1
247,57e62137793b4537bb7eb95d44481eb3,3,weighted,"[150, 110, 90]",0,0.3333333333333333,1
248,7cb53bae73d64900a63fde04f93eceea,3,weighted,"[150, 110, 90]",0,0.0,0
249,a8ff7b13f4b943d89f09cf03cbde580a,3,weighted,"[150, 110, 90]",0,0.0,0
250,547765c1158b4a5a8100d6a300aa88b1,3,weighted,"[150, 110, 90]",0,0.0,1
251,31d748672420422aa724d2b6db6b1d18,3,weighted,"[150, 110, 90]",0,0.0,1
252,f8542bff725c4264aaf360ad929a1807,3,weighted,"[150, 110, 90]",0,0.0,0
253,0d56e8c7e4b6449696113a82ec0da19e,3,weighted,"[150, 110, 90]",0,0.2608695652173913,1
254,0ad40f362389498382471e1f6171f996,3,weighted,"[150, 110, 90]",0,0.5,1
255,9adfdf882a9a4f8bb69b96506ce7471c,3,weighted,"[150, 110, 90]",1,1.0,1
256,63b89182644f454c92026c4ca6747140,3,weighted,"[150, 110, 90]",0,0.0,0
257,62c441cc36584729bc6608d4f56ca4d6,3,weighted,"[150, 110, 90]",1,1.0,1
258,480a34c34b094ac6b071bc658c0da810,3,weighted,"[150, 110, 90]",0,0.0,0
259,db571ac79d34404b9a59b62c7fd38c56,3,weighted,"[150, 110, 90]",0,0.0,1
260,9e3b57d9763d4f1da04cc784d5944be2,3,weighted,"[150, 110, 90]",0,0.0,0
261,7594504b380443f6920beb03b1379bd7,3,weighted,"[150, 110, 90]",0,0.05555555555555555,1
262,d0a7880cce6f4bce95aaaf322c41355f,3,weighted,"[150, 110, 90]",0,0.18181818181818182,1
263,bdc7cf3241594e52a3164b489f50370d,3,weighted,"[150, 110, 90]",1,1.0,1
264,d5500a7bfa4d4b1683dc90808707e306,3,weighted,"[150, 110, 90]",0,0.0,1
265,8bf4e9d3157446bd95bbea12227c100b,3,weighted,"[150, 110, 90]",0,0.5,1
266,487cd2a2f5ee49bb96d33d0d56ea6a2b,3,weighted,"[150, 110, 90]",1,1.0,1
267,8fcc1e39bba146a08300eef42c641e71,3,weighted,"[150, 110, 90]",0,0.0,0
268,383db81acf1f476d8aa21be94cc9daa7,3,weighted,"[150, 110, 90]",1,1.0,1
269,3ded2ac8aff04250896711bfc070cd39,3,weighted,"[150, 110, 90]",0,0.0,0
270,fcccb4baf6314a589f6725cf1dc37979,3,weighted,"[150, 110, 90]",0,0.14285714285714288,0
271,3365b3e46e9240dca893042f6f34486f,3,weighted,"[150, 110, 90]",0,0.18181818181818182,1
272,7f764f3b545744048cf82108c4bb5157,3,weighted,"[150, 110, 90]",0,0.22222222222222224,0
273,ad0e4b1a103d400f9ef4dd6827e215b9,3,weighted,"[150, 110, 90]",0,0.0,0
274,198f769edd5c4bd7b829ffeaa6d595c1,3,weighted,"[150, 110, 90]",0,0.0,1
275,e296d418c6614640b45afe738e0fe7ce,3,weighted,"[150, 110, 90]",0,0.1111111111111111,1
276,489edeed2f20435b9fc8ab429d160239,3,weighted,"[150, 110, 90]",0,0.0,1
277,b39eac495217430ebe3cfb37878882ee,3,weighted,"[150, 110, 90]",0,0.0,1
278,e772ff7304f54b78a3280763cf427221,3,weighted,"[150, 110, 90]",0,0.0,0
279,d16db94dc08840cb930ce9cf59151bef,3,weighted,"[150, 110, 90]",0,0.0,1
280,92100c8dcef141f69ab22ef3ad13d9d5,3,weighted,"[150, 110, 90]",0,0.0,1
281,11452fbd4fdb40d8bd8f10d24a8087e2,3,weighted,"[150, 110, 90]",0,0.0,0
282,3b8f128366fb4a669715a4b6cfc166cd,3,weighted,"[150, 110, 90]",0,0.05,0
283,3dd9a7133b594635ac914a6abccf0e46,3,weighted,"[150, 110, 90]",0,0.0,1
284,f2f07af9f9874dc992ca32c22063ffd4,3,weighted,"[150, 110, 90]",0,0.0,1
285,5ff5d8f1083b442cbf759f1980f8cd15,3,weighted,"[150, 110, 90]",0,0.0,0
286,8047bb5d810b4c2f967c45b876ff4bb8,3,weighted,"[150, 110, 90]",1,1.0,1
287,1e7aa41fe6ff4d048cf6c314eaae526a,3,weighted,"[150, 110, 90]",0,0.0,0
288,32e5e53144904525bdd91c2346ecdc21,3,weighted,"[150, 110, 90]",0,0.0,1
289,3645db7e841f4242ae0b3be674e8bc8a,3,weighted,"[150, 110, 90]",0,0.4,1
290,b344f9c87e2d4e5498338ea56023892c,3,weighted,"[150, 110, 90]",0,0.8,1
291,cae1c72a196e41c0919e17bc003a3a5f,3,weighted,"[150, 110, 90]",0,0.0,0
292,d21a2587e9e64ae08a9243d3f950521b,3,weighted,"[150, 110, 90]",0,0.0,0
293,f8657886cea34216b10630e96b7a2932,3,weighted,"[150, 110, 90]",0,0.13793103448275862,1
294,14c07142ff80440483ee9fdc0f2d8b06,3,weighted,"[150, 110, 90]",0,0.0,1
295,c1028f19198147868af85aa60943519d,3,weighted,"[150, 110, 90]",0,0.060606060606060615,0
296,c5e69a8c19ec4fadb153de7ed8d06b9f,3,weighted,"[150, 110, 90]",0,0.6666666666666666,1
297,b476d07cc2e747d0bad28a795661540d,3,weighted,"[150, 110, 90]",0,0.0,0
298,ce3ef968a0704a3fa36f7f605ed0031a,3,weighted,"[150, 110, 90]",0,0.0,0
299,5d6dc2b279594850a8ffce1f1b7892aa,3,weighted,"[150, 110, 90]",0,0.6666666666666666,1
300,74518b730d2941859c8fc206f74de46a,3,weighted,"[150, 110, 90]",0,0.3333333333333333,0
301,679586e746bf437fb4372790a38aaa81,3,weighted,"[150, 110, 90]",0,0.0,1
302,5aaeceef16f34275b07bef56b93edddc,3,weighted,"[150, 110, 90]",0,0.0,1
303,cf3bbf5197224180b1a20f44bba8ff58,3,weighted,"[150, 110, 90]",1,1.0,1
304,77581c9e1c504eb6a88f1cc8693a1f7b,3,weighted,"[150, 110, 90]",0,0.2857142857142857,1
305,57c251b6218b4c1094f9dfb9f53f2a21,3,weighted,"[150, 110, 90]",0,0.0,1
306,786e56a75654431f8335c0a57f0e3d3e,3,weighted,"[150, 110, 90]",1,1.0,1
307,e3ece1d381234fa9a9402f702b38c5b5,3,weighted,"[150, 110, 90]",0,0.0,1
308,f5627bd7cf9545e78204161253ca2e8e,3,weighted,"[150, 110, 90]",0,0.8571428571428571,1
309,4f1dcb1b8e9745ddb92444ccacb4b1b8,3,weighted,"[150, 110, 90]",0,0.6666666666666666,1
310,98bbd1deff4143b780e5d123925bdbee,3,weighted,"[150, 110, 90]",0,0.0,1
311,f510e4b92495473db9b86dd2d5b6eb18,3,weighted,"[150, 110, 90]",1,1.0,1
312,7baaa5545ac44114b79c5420d561d85e,3,weighted,"[150, 110, 90]",1,1.0,1
313,143a0df7e66a473ba5804b1c75f56c86,3,weighted,"[150, 110, 90]",0,0.0,0
314,bd0f2b0fc40146edb228ac6be2fd9e5a,3,weighted,"[150, 110, 90]",0,0.3333333333333333,1
315,06bff66d3af04edd808a81c4b0a106a7,3,weighted,"[150, 110, 90]",1,1.0,1
316,cbb5d9c625b74ae1b3426d2a185549c4,3,weighted,"[150, 110, 90]",0,0.0,0
317,3bb0f77a9cbc44fab12fdc8005e69f91,3,weighted,"[150, 110, 90]",0,0.0,0
318,5f24d26d866b410da298cec18f321605,3,weighted,"[150, 110, 90]",0,0.0,1
319,e6bd79cae1cb472c990b5226f2a87152,3,weighted,"[150, 110, 90]",0,0.1818181818181818,1
320,e111ffbe05e4468c85bfaeceec2ea821,3,weighted,"[150, 110, 90]",1,1.0,1
321,8caeb3cde3074e66af2795f258908f69,3,weighted,"[150, 110, 90]",0,0.6666666666666666,1
322,f8b5c43adc974d82aaab3f81649ca754,3,weighted,"[150, 110, 90]",1,1.0,1
323,574519a5dbfc4727bd68c1f4f0ad92b0,3,weighted,"[150, 110, 90]",0,0.0,1
324,842b90f71d4142229534788a21189892,3,weighted,"[150, 110, 90]",1,1.0,1
325,09a4f669c3ce4432954d3b5348ffde56,3,weighted,"[150, 110, 90]",0,0.20689655172413793,1
326,b2a92b434a344e49b3a6911bfd86e98f,3,weighted,"[150, 110, 90]",0,0.0,1
327,6029989106ef4c32bc7eb342670dc8c1,3,weighted,"[150, 110, 90]",0,0.2857142857142857,1
328,e412730b37274c11bad105b38ed9e196,3,weighted,"[150, 110, 90]",1,1.0,1
329,c5c6d814143a4f1eb7cc7546d9654173,3,weighted,"[150, 110, 90]",1,1.0,1
330,0633af8dabeb4925bf0fb0110cc54247,3,weighted,"[150, 110, 90]",0,0.08695652173913045,1
331,044418fd6fd646ec89a54a7013712c9d,3,weighted,"[150, 110, 90]",0,0.923076923076923,1
332,8b9a2f29b35b41e38cb94347237d59d7,3,weighted,"[150, 110, 90]",0,0.0,1
333,26782a326a394d688dda2441308bf00a,3,weighted,"[150, 110, 90]",0,0.0,1
334,f9bf09905dc249e69f69c4db9b323d0f,3,weighted,"[150, 110, 90]",0,0.6666666666666666,1
335,07f2d15033cf4fb6916bed5d56dcb8f5,3,weighted,"[150, 110, 90]",0,0.0,1
336,a045cbc6199c4b9e8dbb8545febda365,3,weighted,"[150, 110, 90]",0,0.0,0
337,af446346d828479ca02c375ec2973773,3,weighted,"[150, 110, 90]",0,0.0,0
338,8447a26148c9454da18385e3d9fa4a3c,3,weighted,"[150, 110, 90]",0,0.0,0
339,2a7071c8d8c74dac901956228d59fdfb,3,weighted,"[150, 110, 90]",0,0.0,0
340,55bc45f2e63149869e4d0e52da6cb421,3,weighted,"[150, 110, 90]",0,0.1,1
341,bb2c93be295348eb933e57a16325af76,3,weighted,"[150, 110, 90]",1,1.0,1
342,cff18af0aed84c39ab0d156de7f507f8,3,weighted,"[150, 110, 90]",0,0.0,1
343,423f76b5864047f480599c7946546eb1,3,weighted,"[150, 110, 90]",0,0.0,0
344,0754e951855e46df80b0269253e4acf7,3,weighted,"[150, 110, 90]",0,0.0,0
345,5bdc71bbfc6e4934aa337ab24559eb6c,3,weighted,"[150, 110, 90]",0,0.0,0
346,b71eed014a8c4e51ba0bb48aeb1939ae,3,weighted,"[150, 110, 90]",1,1.0,1
347,d09f358431284dea95dec8e61590dbf4,3,weighted,"[150, 110, 90]",0,0.0,1
348,5bbab85f5ac243a9b98914f8c7af6eb4,3,weighted,"[150, 110, 90]",0,0.0,0
349,18cc95b228434b23a3969ac0d65687fa,3,weighted,"[150, 110, 90]",0,0.0,0
350,b322fdc7819546138582ebc07e8aa7a8,3,weighted,"[150, 110, 90]",1,1.0,1
351,f955cb3e7bda4a93a867b361b7b96327,3,weighted,"[150, 110, 90]",0,0.2857142857142857,1
352,62e9113dcca84b61af8304429b1570da,3,weighted,"[150, 110, 90]",0,0.0,0
353,f3fc1b6ee3b24e47856d9fe7730350a2,3,weighted,"[150, 110, 90]",0,0.09090909090909091,0
354,8f0cfcb0d46d43eeb6c7ee04cd29c027,3,weighted,"[150, 110, 90]",0,0.0,1
355,82eb7d4504834ceabad83742c2d0ab5c,3,weighted,"[150, 110, 90]",0,0.6666666666666666,1
356,bf16d51b5b9540ec83fba053bc26a8a9,3,weighted,"[150, 110, 90]",0,0.11111111111111112,1
357,e62ce90267b149f7a65dc0901c614317,3,weighted,"[150, 110, 90]",1,1.0,1
358,8e376a7767224f8381c8ee661c43ad16,3,weighted,"[150, 110, 90]",0,0.0,1
359,435fd88dd9034cf1bd211e03bab2bed5,3,weighted,"[150, 110, 90]",1,1.0,1
360,109740b4edfa49c5961632436d1df48c,3,weighted,"[150, 110, 90]",0,0.0,1
361,a4c31c16dd1a4cf493b8c20500a88539,3,weighted,"[150, 110, 90]",1,1.0,1
362,721498d8723844d5b1ab0d15eb8e7699,3,weighted,"[150, 110, 90]",0,0.0,0
363,1699130630f2472cacfcbfe214d40416,3,weighted,"[150, 110, 90]",0,0.043478260869565216,0
364,cceb8fa1b2a84757932a6f7ae86b3653,3,weighted,"[150, 110, 90]",1,1.0,1
365,147cef44c6e64257a962d7ed7e7df893,3,weighted,"[150, 110, 90]",0,0.04444444444444444,0
366,afdf5764dddf4d858cff8be47f91fba7,3,weighted,"[150, 110, 90]",0,0.0,1
367,77dc5fcd3f654630a9a8ec90c9375b45,3,weighted,"[150, 110, 90]",0,0.0,0
368,3a33ecb066b9443e85b68c446f45b287,3,weighted,"[150, 110, 90]",0,0.6666666666666666,1
369,43204be4d77d421990db36f2d9951e63,3,weighted,"[150, 110, 90]",0,0.0,1
370,4c961dd89b054526b342c921486477a6,3,weighted,"[150, 110, 90]",0,0.0,1
371,89b7733b0a994df7b4250953ccff9c24,3,weighted,"[150, 110, 90]",0,0.0,1
372,8b627a95012d4f65a70aff1249d43d64,3,weighted,"[150, 110, 90]",0,0.8,1
373,b99c50bfd5f849afb601bd8ac95b0bf4,3,weighted,"[150, 110, 90]",0,0.0,1
374,ff383ab32c9942908db5946a8fe654d3,3,weighted,"[150, 110, 90]",0,0.0,0
375,89abc7236e6941ee88a263d88d6d299a,3,weighted,"[150, 110, 90]",0,0.34782608695652173,1
376,fadd2528784f4a9fa3b391626e69ffc0,3,weighted,"[150, 110, 90]",0,0.0,0
377,1958d14b7db54bffbbdd57e3677c08e7,3,weighted,"[150, 110, 90]",1,1.0,1
378,9966c7735a6649d88366224ff6552c68,3,weighted,"[150, 110, 90]",0,0.0,0
379,2818d5e47a844bc9831496e2f587a803,3,weighted,"[150, 110, 90]",0,0.0,1
380,74f114ab49744e608eafab899371d913,3,weighted,"[150, 110, 90]",0,0.5,1
381,f724593e7f4842569187dae70a2560d9,3,weighted,"[150, 110, 90]",0,0.0,1
382,3e46e0220a18483fb0fd448bcc36815e,3,weighted,"[150, 110, 90]",1,1.0,1
383,ec9dedf313ba4f90883a2b01909553b3,3,weighted,"[150, 110, 90]",0,0.0,1
384,2e9b048c06dc45be97da6116056f74f6,3,weighted,"[150, 110, 90]",0,0.0,1
385,efc438e4fd18417daa0e662499fbe956,3,weighted,"[150, 110, 90]",0,0.5,0
386,33313f986ec740f3b824bc3accb9111e,3,weighted,"[150, 110, 90]",1,1.0,1
387,8eacd2be836f472a83d7008f33ed8506,3,weighted,"[150, 110, 90]",0,0.0,1
388,6cb904d598ce4f7ebb4e4283a24a2f63,3,weighted,"[150, 110, 90]",1,1.0,1
389,194bd503229c46c3b308896e770e1eb1,3,weighted,"[150, 110, 90]",0,0.9473684210526316,1
390,0c1c6f6b44e3466eac1a68dadefd06ab,3,weighted,"[150, 110, 90]",0,0.0,1
391,c5559fa0b9a0438a9b843d4207061a3d,3,weighted,"[150, 110, 90]",0,0.0,1
392,a168c89e395546be9605e969f682e554,3,weighted,"[150, 110, 90]",0,0.0,1
393,849240180c584f71bc56c0c92c5df5fd,3,weighted,"[150, 110, 90]",0,0.0,0
394,d69a7141ec1c4110ac124dd58d19b8b4,3,weighted,"[150, 110, 90]",0,0.0,0
395,d94300f7464c401db93e557fec221320,3,weighted,"[150, 110, 90]",0,0.4,0
396,fa44913cfa244faa88e773dcc3045012,3,weighted,"[150, 110, 90]",0,0.0,1
397,e98ac3de59a646c69b6eb17d3e3a4d0d,3,weighted,"[150, 110, 90]",0,0.0,0
398,d745bee67227422b824140f2734b0621,3,weighted,"[150, 110, 90]",0,0.06896551724137931,0
399,25eec8384d9d45b8b75affcc9f164be3,3,weighted,"[150, 110, 90]",0,0.0,1
400,912cb6aecbec4dc2b44ee22a076c3e2a,3,weighted,"[150, 110, 90]",0,0.0,0
401,f523ba87f5714a108e9bae698f676063,3,weighted,"[150, 110, 90]",0,0.0,1
402,3f28f7be13ad43cda7681b7fa874843c,3,weighted,"[150, 110, 90]",1,1.0,1
403,51ff7cdf97074a07862234487477ef4a,3,weighted,"[150, 110, 90]",0,0.0,1
404,6e1780414deb4cf9b49568f07b3bdc26,3,weighted,"[150, 110, 90]",0,0.0,0
405,f61206d61cf94401b8fbb566b0b67ec7,3,weighted,"[150, 110, 90]",0,0.0,1
406,12859cbba89f494b98e6b7be8b4c88ff,3,weighted,"[150, 110, 90]",0,0.0,0
407,1e326f32613a417fb55b23337862c62b,3,weighted,"[150, 110, 90]",1,1.0,1
408,4ff0076b7fe74648806429e78621f265,3,weighted,"[150, 110, 90]",0,0.0,0
409,531b64eef1bd44568360b3ab40da40da,3,weighted,"[150, 110, 90]",0,0.08000000000000002,0
410,ef15b705b7c54e77b276f22c804ce15d,3,weighted,"[150, 110, 90]",0,0.6666666666666666,1
411,bf9d67fa8b3849ceb410c4dfd7947e5f,3,weighted,"[150, 110, 90]",0,0.0,0
412,8b256cf4c08f4507b8b2f96d7289b585,3,weighted,"[150, 110, 90]",0,0.0,1
413,ab65135d9fc94f16a97555b6b3c54832,3,weighted,"[150, 110, 90]",0,0.0,1
414,21c894485b7a4cb0b66313dd1802a3c2,3,weighted,"[150, 110, 90]",0,0.0,1
415,23f3abb43b8f4f74bffb018bb3943125,3,weighted,"[150, 110, 90]",0,0.0,1
416,cdec7a0d975642d38b3b2d449bffc3e8,3,weighted,"[150, 110, 90]",0,0.0,0
417,803441a3a59d42b293810212bf2d6ced,3,weighted,"[150, 110, 90]",0,0.0,1
418,738dc2a651c7477abe2efc0e5547054a,3,weighted,"[150, 110, 90]",1,1.0,1
419,2fcf533dede444f2a0296b3bf112e0bd,3,weighted,"[150, 110, 90]",1,1.0,1
420,a1747749a3904c53b124b17ba86b1df6,3,weighted,"[150, 110, 90]",0,0.0,1
421,95a04d9fc49441cd901191b2390f05cd,3,weighted,"[150, 110, 90]",0,0.0,1
422,1a82de30a1e546bbaf099a05d79a6230,3,weighted,"[150, 110, 90]",0,0.0,1
423,bc20c452e45644e4beb92b0f35859105,3,weighted,"[150, 110, 90]",1,1.0,1
424,1f2ee8a4ce5d448e8ed30e7ca27b2b32,3,weighted,"[150, 110, 90]",0,0.0,1
425,3f1a03dd30304609a4e646069b0deffd,3,weighted,"[150, 110, 90]",0,0.0,0
426,a256f8f1dbd644c98a3bc79d072405fc,3,weighted,"[150, 110, 90]",1,1.0,1
427,35d000cd64d14585bd474322dc4f4f70,3,weighted,"[150, 110, 90]",0,0.4864864864864865,1
428,7e9ac1c4bf0845eab105c8b1b9265db2,3,weighted,"[150, 110, 90]",0,0.0,0
429,652962af37ce4c5799789678fa661553,3,weighted,"[150, 110, 90]",0,0.39999999999999997,1
430,f5894ccfbf314a63baaca983e208a43b,3,weighted,"[150, 110, 90]",1,1.0,1
431,8a3561154a454ca597d3a9a636a95a93,3,weighted,"[150, 110, 90]",0,0.0,1
432,6fe2385a3a1f4e7c8b1982cad82c939d,3,weighted,"[150, 110, 90]",0,0.8571428571428571,1
433,6f8f3d49dd8845de8307ad2d9fabf269,3,weighted,"[150, 110, 90]",0,0.0,1
434,a36a9969dee14e6f90fc1785e4d8151a,3,weighted,"[150, 110, 90]",1,1.0,1
435,1d1a6ab35fe14fdd8bbe88f884d82ce6,3,weighted,"[150, 110, 90]",0,0.0909090909090909,1
436,fb776aaae451464692b974373b39e4c5,3,weighted,"[150, 110, 90]",1,1.0,1
437,6616d9ae236f46acb990d2a879bf346f,3,weighted,"[150, 110, 90]",1,1.0,1
438,374bacece7a6435484e32852ba73f4a8,3,weighted,"[150, 110, 90]",0,0.6666666666666666,1
439,527a875dd5504c12b1e26cec3ff31fb6,3,weighted,"[150, 110, 90]",0,0.0,1
440,3b6bbfa360e14c8ea4997b82981bf6f7,3,weighted,"[150, 110, 90]",1,1.0,1
441,4f66952eeb534a109a11044fcfecf033,3,weighted,"[150, 110, 90]",0,0.16666666666666669,0
442,dcd06efd15d8483f9ae99008aae4b8e6,3,weighted,"[150, 110, 90]",0,0.6666666666666666,1
443,c452c1a025c44bdab1694894c2799e64,3,weighted,"[150, 110, 90]",0,0.0,1
444,2efef198621244dc8f660e49bcb0b54e,3,weighted,"[150, 110, 90]",0,0.6,1
445,0b9b15aa02b54f8e82a61c149799963b,3,weighted,"[150, 110, 90]",0,0.0,1
446,a77bad2720ec43aba758a5c99624b6c3,3,weighted,"[150, 110, 90]",0,0.0,1
447,42c9c8fe7ee843dbbe578fdc4dbba39a,3,weighted,"[150, 110, 90]",0,0.0,1
448,500e35b80a13424c8eb9c6e6a0b9af15,3,weighted,"[150, 110, 90]",0,0.0,1
449,490da89fb4c743858167b5b75af14ddd,3,weighted,"[150, 110, 90]",0,0.0,1
450,03905a27a5b841e59153c2e3de3c99f4,3,weighted,"[150, 110, 90]",0,0.0,0
451,bb334d8819054ded95d25bd214397832,3,weighted,"[150, 110, 90]",0,0.0,1
452,ccf8e9a161124b058363c911f27cc4bf,3,weighted,"[150, 110, 90]",0,0.6666666666666666,1
453,d83d3eda31c14835877587e71ae8f858,3,weighted,"[150, 110, 90]",1,1.0,1
454,4b7de03eac3642c5aad653d3fe1600dc,3,weighted,"[150, 110, 90]",0,0.08000000000000002,1
455,574737b3f4284419a8e2bcf43167e253,3,weighted,"[150, 110, 90]",0,0.6666666666666666,1
456,4e8d8610abde45809ece08144c48d9e7,3,weighted,"[150, 110, 90]",0,0.6666666666666666,1
457,80f8912075b14d1a91b62f0c2d06ca84,3,weighted,"[150, 110, 90]",0,0.0,1
458,6401157d496747a092bf97a5f430d281,3,weighted,"[150, 110, 90]",0,0.0,1
459,614b047fc1144246af208be2a508d5ce,3,weighted,"[150, 110, 90]",0,0.0,0
460,0dfeb9e7d43747bcac4e5ac700caec79,3,weighted,"[150, 110, 90]",1,1.0,1
461,edb3d5b64911443798e8e83b07ae5b99,3,weighted,"[150, 110, 90]",0,0.0,1
462,d54a2fd059b54e2d80b503109524db0a,3,weighted,"[150, 110, 90]",0,0.0,1
463,c564493e2442402ebb6d4a5af51f7c25,3,weighted,"[150, 110, 90]",0,0.5454545454545454,1
464,b32d5172d0b3451b83352d24deab59e6,3,weighted,"[150, 110, 90]",0,0.0,1
465,19d523d3a0824aed8cc62eed5e24f1e4,3,weighted,"[150, 110, 90]",0,0.15384615384615383,1
466,4cff857ac2f74c6094f26f596ba0cb1f,3,weighted,"[150, 110, 90]",0,0.5,1
467,af77d75481ae4b0391017dfd394050f4,3,weighted,"[150, 110, 90]",1,1.0,1
468,2784aee1dd324e3f8945b73963b7785f,3,weighted,"[150, 110, 90]",1,1.0,1
469,d89807b1fdda40c2bebb55edf64c3938,3,weighted,"[150, 110, 90]",0,0.6,1
470,af5369c41cba4379978174fe353ddff6,3,weighted,"[150, 110, 90]",1,1.0,1
471,6bf1ecc9589d4447b31afde347505919,3,weighted,"[150, 110, 90]",0,0.0,0
472,ba2b3c2aeb464d8f8a949fc75944bcbd,3,weighted,"[150, 110, 90]",1,1.0,1
473,112542d377134435a5e6e79b2e9a5c1a,3,weighted,"[150, 110, 90]",0,0.0,1
474,80a9457351e14111aaf3fb84d3528092,3,weighted,"[150, 110, 90]",1,1.0,1
475,f2894e10d02a42c2b91b26caefadfbc9,3,weighted,"[150, 110, 90]",1,1.0,1
476,daccc4268b874f63a33873b7171ba8ff,3,weighted,"[150, 110, 90]",0,0.0,1
477,540ee9edf9fd4bfc981390d172704bbc,3,weighted,"[150, 110, 90]",0,0.0,1
478,116602c25c3e4b33b7a5a111f9174cbe,3,weighted,"[150, 110, 90]",0,0.0,0
479,66225a9def6a45ddaac68462170b34b7,3,weighted,"[150, 110, 90]",0,0.0,0
480,b75b64ca513e4ae3be64ff5d71a9b652,3,weighted,"[150, 110, 90]",0,0.0,0
481,1aa0b7493d9b47bbb4625d39922576b6,3,weighted,"[150, 110, 90]",0,0.0,0
482,ce867b37ae1d4bc6b35988966e721575,3,weighted,"[150, 110, 90]",1,1.0,1
483,ab351f57bcf34ad6a535ed69e1eed04b,3,weighted,"[150, 110, 90]",0,0.0,1
484,f8d21ecd07db4b0888ea7c2c91f9135c,3,weighted,"[150, 110, 90]",0,0.0,0
485,66ccd850630b4a069b80af81f0d8fa0c,3,weighted,"[150, 110, 90]",1,1.0,1
486,fccd16a6079343e5ad862a07f82e3f42,3,weighted,"[150, 110, 90]",0,0.888888888888889,1
487,5372bffd269e45f5b80bfa12e294af8f,3,weighted,"[150, 110, 90]",0,0.0,1
488,1e52126edb5a499381fb1f064dd4377c,3,weighted,"[150, 110, 90]",0,0.0,0
489,ddf8070fbf124b54bfdca93791ef2056,3,weighted,"[150, 110, 90]",0,0.0,1
490,ec552a3b81734f36ae2a031fc34b7519,3,weighted,"[150, 110, 90]",0,0.8,1
491,23d1c9c515f3417ab70aba3c3bc43ec8,3,weighted,"[150, 110, 90]",0,0.0,1
492,af91062c61d0431fa90edb3cffc48da0,3,weighted,"[150, 110, 90]",1,1.0,1
493,9a9db144769c4ce29c4cdb431d756043,3,weighted,"[150, 110, 90]",0,0.0,0
494,3e4038716e3948b4b94243cad4cbfd1e,3,weighted,"[150, 110, 90]",0,0.0,0
495,dab26af5192549f1a07bed7fa63bf47e,3,weighted,"[150, 110, 90]",0,0.0,0
496,d58a27153bc74f08bfa857c4a80b1c90,3,weighted,"[150, 110, 90]",0,0.0,1
497,dd5a9212340046e2a340103c45fd7f17,3,weighted,"[150, 110, 90]",0,0.0,0
498,8b0fb3b8cfee4daba5b93311dbe5c5b5,3,weighted,"[150, 110, 90]",1,1.0,1
499,822d82601bda4b509b180096346c1885,3,weighted,"[150, 110, 90]",0,0.0,0
500,cff10f8297c64447bf388d45ed577e95,3,weighted,"[150, 110, 90]",1,1.0,1
501,ecb8eb62bc3d4ae280ea3151211089a3,3,weighted,"[150, 110, 90]",1,1.0,1
502,787d235e4c2b4d89b4d9aebff5779cf6,3,weighted,"[150, 110, 90]",0,0.0,0
503,bfb2c3311c5d45789500d104b3965147,3,weighted,"[150, 110, 90]",0,0.0,1
504,c754c326486641409687edae575f81ee,3,weighted,"[150, 110, 90]",0,0.0,1
505,fe0d714e8be546d994f3469fbc3bd068,3,weighted,"[150, 110, 90]",1,1.0,1
506,cac7bd69b3e546a8aeccaeabc394f172,3,weighted,"[150, 110, 90]",0,0.13333333333333333,1
507,8a6ced88638f4bf68c6bb3d7a979d48e,3,weighted,"[150, 110, 90]",0,0.0,1
508,9186ab50536b4241b5033a6f1bfa8c9b,3,weighted,"[150, 110, 90]",0,0.3636363636363636,1
509,4166369ecf494ae998597cee8f2be647,3,weighted,"[150, 110, 90]",0,0.08333333333333333,1
510,78112e7810214d80b8fab5fa51c61200,3,weighted,"[150, 110, 90]",0,0.0,0
511,38ec897108f245b19aeba0e93e304360,3,weighted,"[150, 110, 90]",1,1.0,1
512,b26cac2e25c243dd93e2ac30801d55c9,3,weighted,"[150, 110, 90]",0,0.2857142857142857,1
513,dda0f54af5084a31a2746f72210b0bd4,3,weighted,"[150, 110, 90]",0,0.20689655172413793,1
514,8444096a84e9455287180d0b1a928142,3,weighted,"[150, 110, 90]",0,0.054054054054054064,1
515,22f46485365f4209a992b2f67feb0440,3,weighted,"[150, 110, 90]",0,0.5,1
516,de36cde140ee4ceda620f1518dd104bc,3,weighted,"[150, 110, 90]",1,1.0,1
517,08183378ccb3472d903fd95b3b82e132,3,weighted,"[150, 110, 90]",0,0.2857142857142857,1
518,cb08cc75e99a4ec9807321f51dd40566,3,weighted,"[150, 110, 90]",0,0.0,0
519,1667240d3dd740ffa3c317106730a441,3,weighted,"[150, 110, 90]",0,0.0,0
520,b1de8025e01448dcabb96c7e5fab0186,3,weighted,"[150, 110, 90]",0,0.049999999999999996,0
521,4c3cfd857b01453f9d193ba70e0f2257,3,weighted,"[150, 110, 90]",1,1.0,1
522,bcdd509239274509afc8ae77cb5df604,3,weighted,"[150, 110, 90]",0,0.5,1
523,f7776c027aca468e87d60716cfe3c1c3,3,weighted,"[150, 110, 90]",0,0.6666666666666666,1
524,2242d2a664df4bf1967d3689e8b069d0,3,weighted,"[150, 110, 90]",1,1.0,1
525,420222ccc3794c10a9750e897a4532e0,3,weighted,"[150, 110, 90]",0,0.0,0
526,fe94d55d37024a71afeebcce19c9779c,3,weighted,"[150, 110, 90]",0,0.0,0
527,16083c1098654497a127f77ea191c127,3,weighted,"[150, 110, 90]",0,0.0,0
528,427c5359e1bd4e2ca065c379a9c5d227,3,weighted,"[150, 110, 90]",0,0.8,1
529,6b25cbff83ef403ba7c2ee3b03a1d8be,3,weighted,"[150, 110, 90]",0,0.0,0
530,d23a30ecc5b8469c8e6324ff5d42409b,3,weighted,"[150, 110, 90]",1,1.0,1
531,c4eb8e9e88a64fa49128ad4e99776c91,3,weighted,"[150, 110, 90]",0,0.0,1
532,0e497d4f0b4642248a1e1e4b25960ce0,3,weighted,"[150, 110, 90]",1,1.0,1
533,02a006ec43e94d8a8fec1ab448fa5e00,3,weighted,"[150, 110, 90]",0,0.4,1
534,6bdd81ddfa4d41f9a8dac2c1ce206945,3,weighted,"[150, 110, 90]",0,0.0,0
535,bd35d7a651974bb181849a4486692264,3,weighted,"[150, 110, 90]",1,1.0,1
536,7992ef8a5e8f4d9da5a3f75f157136a0,3,weighted,"[150, 110, 90]",1,1.0,1
537,10e96facf13e4091ba5c8cee71226ff0,3,weighted,"[150, 110, 90]",1,1.0,1
538,e854d8deb6cf4af4ac58d44cb3c027c3,3,weighted,"[150, 110, 90]",1,1.0,1
539,80109609b1f24dc0859af11d2bf33ca9,3,weighted,"[150, 110, 90]",1,1.0,1
540,1cc25c3729ab4627a29f3f11172af372,3,weighted,"[150, 110, 90]",0,0.0,1
541,805a6afa477c45d18a26ebba495ac1b7,3,weighted,"[150, 110, 90]",1,1.0,1
542,8dcf91cc88c7478fb336f2b856b1f9b8,3,weighted,"[150, 110, 90]",0,0.0,0
543,34532b23c4624e6e92c4faf30085297d,3,weighted,"[150, 110, 90]",0,0.0,0
544,ab7f7e70dde447fcaa29fdc20ba659db,3,weighted,"[150, 110, 90]",0,0.0,0
545,7904eba267c04097b63fb228937b62bb,3,weighted,"[150, 110, 90]",0,0.0,1
546,27ed5ffe8231443985b27f0d9d605774,3,weighted,"[150, 110, 90]",0,0.0,1
547,cdec18921af845c694384dea037eb6ec,3,weighted,"[150, 110, 90]",0,0.0,0
548,e5d6b99f2e6d4efea5d77b6e01aa98a3,3,weighted,"[150, 110, 90]",0,0.0,1
549,52e75f8056964c38b2a325a45841c089,3,weighted,"[150, 110, 90]",0,0.4,1
550,241ae106b1f7409d82a03f8296c8a6ab,3,weighted,"[150, 110, 90]",0,0.07692307692307693,1
551,374f14d949354e9aa9bdcfdc090433d7,3,weighted,"[150, 110, 90]",1,1.0,1
552,051e0cb33cb64409bbf8e8e79165bacf,3,weighted,"[150, 110, 90]",0,0.1142857142857143,1
553,cfc8297fe16243e68fd7df070d7bd587,3,weighted,"[150, 110, 90]",0,0.5217391304347826,1
554,7df3df70d1c74ae9a1255fbee295ef62,3,weighted,"[150, 110, 90]",0,0.13333333333333333,1
555,9238d14529524f97a206ee0d51f157b8,3,weighted,"[150, 110, 90]",0,0.043478260869565216,0
556,0c9774b9297641e39224f703c4e13ec6,3,weighted,"[150, 110, 90]",0,0.0,1
557,5837e1a0fc834500856bc94d81b68ac2,3,weighted,"[150, 110, 90]",0,0.0,0
558,95e677b8475e40e3a6abedec6fe17104,3,weighted,"[150, 110, 90]",0,0.0,0
559,04aa223c25b44b43ba9c2cc94fb5ccc1,3,weighted,"[150, 110, 90]",0,0.0,1
560,b18ad0a41f164debb57278760e011fd1,3,weighted,"[150, 110, 90]",0,0.0,0
561,2ff5deeb56834423b46cb59226137c85,3,weighted,"[150, 110, 90]",1,1.0,1
562,fc754599d5c048639de9864adbce649a,3,weighted,"[150, 110, 90]",0,0.0,1
563,962454a456cc4bbb9a8d5bfba6abf79c,3,weighted,"[150, 110, 90]",0,0.21052631578947367,1
564,902f161fe57f4998b07fd0de6d95270d,3,weighted,"[150, 110, 90]",0,0.186046511627907,1
565,386263cd9738415982f8a63c4d30c2c5,3,weighted,"[150, 110, 90]",0,0.6666666666666666,0
566,7fa327c5d6d443e8b5528c521db7bf65,3,weighted,"[150, 110, 90]",0,0.0,0
567,a3350d80e3c94368aed1d9a34577d519,3,weighted,"[150, 110, 90]",0,0.0,1
568,0cecc7cafa884126923093cb39466c96,3,weighted,"[150, 110, 90]",0,0.7499999999999999,1
569,e23472157c0d4ebe81a0fa5c027b3359,3,weighted,"[150, 110, 90]",0,0.0,0
570,0d5bc4fc6f0c425b98565b8f80bb6e43,3,weighted,"[150, 110, 90]",0,0.0,0
571,0104a4f929b64f0e84d574262a285e30,3,weighted,"[150, 110, 90]",0,0.14285714285714288,1
572,c5dc840ded554956be6daa4c6631deb3,3,weighted,"[150, 110, 90]",1,1.0,1
573,6254496b903a42e680fd882f3283fb49,3,weighted,"[150, 110, 90]",1,1.0,1
574,1f73b3ea836548d496ef68c08f4369f4,3,weighted,"[150, 110, 90]",1,1.0,1
575,6c170e4dcb7d4be0a567d55d531ba222,3,weighted,"[150, 110, 90]",0,0.4,1
576,64ca162a7daf4ca0b747b8b3d75eca51,3,weighted,"[150, 110, 90]",0,0.0,0
577,a73cab123714432c9731e0568fd9d43c,3,weighted,"[150, 110, 90]",0,0.33333333333333337,1
578,e504aa46a10248e8b18cb4639dce0467,3,weighted,"[150, 110, 90]",0,0.5,1
579,8e5c3c1a2b514ea2b0d9eb06879364c2,3,weighted,"[150, 110, 90]",1,1.0,1
580,843521ec385d4ca797c3a37842424dae,3,weighted,"[150, 110, 90]",0,0.0,0
581,1554e7b389d54ff7904f0bf2d82e269c,3,weighted,"[150, 110, 90]",0,0.0,0
582,0c64ef2bbeb543bf87efbb0b2617f2b1,3,weighted,"[150, 110, 90]",1,1.0,1
583,ffc6152628c540ecae6e6bab7f420f28,3,weighted,"[150, 110, 90]",0,0.888888888888889,1
584,c7c63ad1a040451eaf13ad8160295ba0,3,weighted,"[150, 110, 90]",0,0.0,0
585,e6a17a43379a40d1a0388edd679e1fc3,3,weighted,"[150, 110, 90]",0,0.0,1
586,808b1f032cab4da587ca8837b7ee6686,3,weighted,"[150, 110, 90]",0,0.0,1
587,28ae4259c5bd485a899ec68af2eb4264,3,weighted,"[150, 110, 90]",0,0.0,0
588,62179d55c8ab4178bb0450eafda198cf,3,weighted,"[150, 110, 90]",0,0.0,0
589,157c103f7f3942c8be2ee84825ff7f32,3,weighted,"[150, 110, 90]",0,0.0,1
590,c551f0e759174fbc80c4d851c51c31fd,3,weighted,"[150, 110, 90]",1,1.0,1
591,8a34a18a13e9487984c1d6839fed053e,3,weighted,"[150, 110, 90]",0,0.0,0
592,d4b5dfb2769d4208804f62b71b6e71c3,3,weighted,"[150, 110, 90]",0,0.047619047619047616,0
593,77eaa1d176e14eb092f85c51020850ff,3,weighted,"[150, 110, 90]",0,0.0,0
594,8dbad2970e8945f0a4595ccae78e57e9,3,weighted,"[150, 110, 90]",0,0.0,0
595,01649970ebdc4958a48c133492620c31,3,weighted,"[150, 110, 90]",0,0.5,1
596,695bcb8dd90046bba77ed4fe322db935,3,weighted,"[150, 110, 90]",0,0.0,0
597,ce37bce116da48499f15b84b3c158692,3,weighted,"[150, 110, 90]",1,1.0,1
598,e88a0c1244b5484b830b44a6139bec80,3,weighted,"[150, 110, 90]",0,0.0,0
599,60b894ff9c6c43c58bc90fcc2aa78e43,3,weighted,"[150, 110, 90]",0,0.0,0
600,3ffa9e00578043369a677dc8661bfc96,3,weighted,"[150, 110, 90]",0,0.5555555555555556,1
601,22389bcc734d49d98fdccaf2c36e5c7f,3,weighted,"[150, 110, 90]",0,0.0,1
602,2d006592676144faac44e16423bfb178,3,weighted,"[150, 110, 90]",0,0.8,1
603,b20e7a05673a4b3c8ee29beaba23f73a,3,weighted,"[150, 110, 90]",1,1.0,1
604,299726f939f0420aaeb6e5f33a325d39,3,weighted,"[150, 110, 90]",0,0.0,0
605,4740a5c55c1f47bf93a59c65525f43e9,3,weighted,"[150, 110, 90]",1,1.0,1
606,c01e2730fd0544988a6e4c5dc11e0734,3,weighted,"[150, 110, 90]",0,0.0,0
607,02e40f5399fb4b2386f784865610ff5a,3,weighted,"[150, 110, 90]",1,1.0,1
608,d9f2855c8621457fb68bac161b7f811b,3,weighted,"[150, 110, 90]",0,0.0,1
609,4d2ab04164304690b5bbc05618e82a59,3,weighted,"[150, 110, 90]",0,0.0,1
610,0c1be19d610b4fa59930cc5cc930c9d2,3,weighted,"[150, 110, 90]",0,0.0,0
611,9d3dd78635084be1bb29a74d6ae963f6,3,weighted,"[150, 110, 90]",1,1.0,1
612,c992708e6d004bedb81d57b076e33286,3,weighted,"[150, 110, 90]",0,0.28571428571428575,1
613,cf40be104bfe45338fb4e03c699a2f7f,3,weighted,"[150, 110, 90]",0,0.0,0
614,07ebc87534e64dfca8d40500fe2ecd3b,3,weighted,"[150, 110, 90]",0,0.07142857142857142,1
615,7d4f644a529f41c4b257f9ffb9ce9c87,3,weighted,"[150, 110, 90]",0,0.7272727272727273,1
616,18fa422e1baf476fbce6d230e0858000,3,weighted,"[150, 110, 90]",0,0.15384615384615385,1
617,0178feda5ef74636ba6e5ba11135ceb6,3,weighted,"[150, 110, 90]",0,0.6666666666666666,1
618,4a93c5ba8a9f4632b9fd8768d008ea73,3,weighted,"[150, 110, 90]",0,0.0,0
619,a0cdfbc45b3f4641b64a2dfd3bde4c2b,3,weighted,"[150, 110, 90]",0,0.0,0
620,79668b02828141b4bc20fd9faba0e2d9,3,weighted,"[150, 110, 90]",1,1.0,1
621,ebf5e6a8dd1742b68312c2c6ada5aad0,3,weighted,"[150, 110, 90]",0,0.0,0
622,599f7e94db9a48019f887451a66c4e1d,3,weighted,"[150, 110, 90]",0,0.0,1
623,00388805ff934f4a9f6c374dd50be557,3,weighted,"[150, 110, 90]",0,0.0,1
624,8067ee0ec3df4208924631047ae0c537,3,weighted,"[150, 110, 90]",1,1.0,1
625,654cd3a33c974ab989777ea8cd69c130,3,weighted,"[150, 110, 90]",0,0.0,1
626,ed981c4aeb414002ad995530646965da,3,weighted,"[150, 110, 90]",0,0.0,0
627,23f830d9e6c24104852473a27360624c,3,weighted,"[150, 110, 90]",0,0.0,1
628,90f5064a214f4e05b9a65eb206d773ea,3,weighted,"[150, 110, 90]",1,1.0,1
629,47e690d71a1648aba0e8ee4f18ede013,3,weighted,"[150, 110, 90]",0,0.0,0
630,5dc68d2932bb4b0f861bd4642c674c43,3,weighted,"[150, 110, 90]",0,0.0,1
631,e04f0cda81094300afaba328511581fe,3,weighted,"[150, 110, 90]",0,0.0,0
632,f540c016913344238538408d0b3ac731,3,weighted,"[150, 110, 90]",0,0.0,0
633,2cdea969eb1441afb20bee7330453eac,3,weighted,"[150, 110, 90]",0,0.0,0
634,d7a9a5bd73444bfd8f0d54e0ee743304,3,weighted,"[150, 110, 90]",0,0.5,1
635,1cf1d0fdb27f4ba6a2399a4a86b09b8e,3,weighted,"[150, 110, 90]",0,0.6666666666666666,1
636,807640dab41142919b0c0452a24b2e79,3,weighted,"[150, 110, 90]",0,0.0,0
637,61bcc7e8df9841939729131fba4cd039,3,weighted,"[150, 110, 90]",0,0.0,1
638,d6270ad7fc144895abf4552a2e0f8fc4,3,weighted,"[150, 110, 90]",0,0.5,1
639,06752c5554924c339e8cc99f3e4776aa,3,weighted,"[150, 110, 90]",0,0.4,1
640,60df89b8d9d34129982e9438443b7d96,3,weighted,"[150, 110, 90]",0,0.0,0
641,c90c0b26990c48c3b78097fd570a807b,3,weighted,"[150, 110, 90]",0,0.3870967741935484,1
642,c5c6a6a15e594958ba61f8231ad1c9d0,3,weighted,"[150, 110, 90]",0,0.0,1
643,eb2fd89fd658434d97ecf961b12aed59,3,weighted,"[150, 110, 90]",0,0.5,1
644,f380a5932d4b4a43969a84c3338edae0,3,weighted,"[150, 110, 90]",1,1.0,1
645,a65e6461f74c47c9a5ffee9366dea0a4,3,weighted,"[150, 110, 90]",0,0.6666666666666666,1
646,8f3827c3491247c7ab4d7706cbb8ef6d,3,weighted,"[150, 110, 90]",0,0.15384615384615383,0
647,3f70de0169eb42c3a4b40cd1e5f1be61,3,weighted,"[150, 110, 90]",1,1.0,1
648,f5855e26ffa944fab475fd077cb06a43,3,weighted,"[150, 110, 90]",0,0.0,0
649,db63ac356f6a4df8b59087b055a45357,3,weighted,"[150, 110, 90]",0,0.0,0
650,9c03696110b94d56bbfbc83746f79a94,3,weighted,"[150, 110, 90]",0,0.0,0
651,c4b8fa26b7e741fd8b4b8e4120d39d41,3,weighted,"[150, 110, 90]",0,0.7499999999999999,1
652,5a1d3756a44c4a5ba9b30237dd1c807f,3,weighted,"[150, 110, 90]",0,0.0,1
653,50e8ae7a28b347edbef6a9604da6802a,3,weighted,"[150, 110, 90]",0,0.6666666666666666,1
654,29cf64bece6c424f80f4a55c46fc523f,3,weighted,"[150, 110, 90]",0,0.0,0
655,e17e9f25a202485c8d14b354a92e101d,3,weighted,"[150, 110, 90]",0,0.0,0
656,17ca78d8ef664047ad404f91d1f62c4b,3,weighted,"[150, 110, 90]",0,0.0,1
657,0af0869096df4dff8325c3f2ff584087,3,weighted,"[150, 110, 90]",0,0.8,1
658,580cfb51fef84f5e9cb2de0be76eaa61,3,weighted,"[150, 110, 90]",0,0.6666666666666666,1
659,c0d5e844424d4d9bb84902a8ce411cc2,3,weighted,"[150, 110, 90]",0,0.1111111111111111,1
660,c24d3c06799444db84d703cd715d2979,3,weighted,"[150, 110, 90]",0,0.0,1
661,ef29092974ce40b980f963ac746247ec,3,weighted,"[150, 110, 90]",0,0.0,1
662,b7e11924f8a34063ba5445261471e552,3,weighted,"[150, 110, 90]",1,1.0,1
663,a25ba84fca504b2aa4e126007a22a14f,3,weighted,"[150, 110, 90]",0,0.5,1
664,0134a374dcf1451a820c7fd997862851,3,weighted,"[150, 110, 90]",0,0.0,0
665,72fa80f3ffa24cadbc2df7c806b0b59b,3,weighted,"[150, 110, 90]",0,0.0,0
666,692352f2fd7d4a389c1f1ca96570be32,3,weighted,"[150, 110, 90]",0,0.16666666666666666,0
667,e9e6e952876b4c2b864f9c5fd00a3d8a,3,weighted,"[150, 110, 90]",0,0.0,0
668,fe0121ef5b874df0bfca5369f2253f03,3,weighted,"[150, 110, 90]",0,0.0,1
669,4453276e770a4ed7b7051d9d65d40975,3,weighted,"[150, 110, 90]",1,1.0,1
670,ea6918ad41e84412b642d9ac01b6d839,3,weighted,"[150, 110, 90]",0,0.0,1
671,99429dc4d1044cb49e70ceb6f3914e07,3,weighted,"[150, 110, 90]",0,0.0,1
672,7def903743ac43748483019d8b62d815,3,weighted,"[150, 110, 90]",0,0.0,0
673,8a018a8b09d14b4cb164c0abfd1594bb,3,weighted,"[150, 110, 90]",1,1.0,1
674,8907b0e8c2e142a395a35b0c5560fe6a,3,weighted,"[150, 110, 90]",0,0.0,0
675,1ae4333af7ca4c33953c8030c3aed22f,3,weighted,"[150, 110, 90]",0,0.18181818181818182,0
676,989fede52bf840609bb69d7ba143301b,3,weighted,"[150, 110, 90]",0,0.0,0
677,368647e758554203bcd6310b0cb41a9f,3,weighted,"[150, 110, 90]",0,0.0,0
678,2662231ec6934df58d84e851aaff80fc,3,weighted,"[150, 110, 90]",1,1.0,1
679,aa4169b3de364c318562b0b09308caa0,3,weighted,"[150, 110, 90]",0,0.0,1
680,a71f1a9b718241dd890fd8feb1be3ab8,3,weighted,"[150, 110, 90]",0,0.06666666666666667,0
681,4d50fbdd13184f64aa70b8e68ea872d8,3,weighted,"[150, 110, 90]",0,0.0,1
682,914623f6bde244cab5e20f01a6d2560b,3,weighted,"[150, 110, 90]",0,0.0,1
683,6a80ae4b171345c3ba541b8aa343b1be,3,weighted,"[150, 110, 90]",0,0.0,0
684,055162a66045404b8d06e59773ef2e49,3,weighted,"[150, 110, 90]",0,0.19999999999999998,1
685,6e0186a28acb4427aedaee03db16e623,3,weighted,"[150, 110, 90]",0,0.0,1
686,7f5733184c134247ad79a6d2bc6f0081,3,weighted,"[150, 110, 90]",0,0.0,1
687,831bd2a4a96f4496947a5656ac12135d,3,weighted,"[150, 110, 90]",0,0.12000000000000001,0
688,1d5e987319ba4158a12cab23543a04aa,3,weighted,"[150, 110, 90]",0,0.07407407407407408,0
689,c9a9b912b07b4c91a98f4134fbc3c6f5,3,weighted,"[150, 110, 90]",0,0.6666666666666666,1
690,a7fafb4013664c78a931293de688bedb,3,weighted,"[150, 110, 90]",0,0.0,1
691,0099081da3eb4d36bc020201d4f97a27,3,weighted,"[150, 110, 90]",0,0.0,0
692,b33f0ec8e82f44baa01e6b09f9e69104,3,weighted,"[150, 110, 90]",0,0.0,1
693,e62ec634d4b44a50842d1913910877a5,3,weighted,"[150, 110, 90]",0,0.09523809523809523,1
694,c78e0c2903384595af84d1f0cf51a54f,3,weighted,"[150, 110, 90]",0,0.0,0
695,d313b671236c48f3b029c72fbc46971b,3,weighted,"[150, 110, 90]",0,0.0,0
696,3d674d0b82684e87bdc226d9d614e6e4,3,weighted,"[150, 110, 90]",0,0.0,0
697,4054abd26fcb4958b130fe94dda895ee,3,weighted,"[150, 110, 90]",1,1.0,1
698,65e2cb72034947f0ad2e4fbae41a103e,3,weighted,"[150, 110, 90]",0,0.5384615384615385,1
699,c1b2178b59534886b5fab6b21bb11662,3,weighted,"[150, 110, 90]",0,0.17142857142857143,1
700,ca8d39a6862e49b58a03a0da02a7bede,3,weighted,"[150, 110, 90]",0,0.0,0
701,daa68770d88b4dbabfc2955ecc647750,3,weighted,"[150, 110, 90]",0,0.0,0
702,504074fdd18a4bfdb3c4d8b3d6a4b589,3,weighted,"[150, 110, 90]",0,0.0,0
703,ba3edfff481042f2a104ffdc278727c0,3,weighted,"[150, 110, 90]",0,0.0,0
704,08b635995bc64aefba8d3fdb405e1b4b,3,weighted,"[150, 110, 90]",0,0.0,0
705,775656e96e4747f5a17cc2b57edd12b7,3,weighted,"[150, 110, 90]",0,0.0,1
706,b2726529c0374da2bcb670a3c89f58a4,3,weighted,"[150, 110, 90]",0,0.0,0
707,7951ebb574024ca7958ac8e4f56cc046,3,weighted,"[150, 110, 90]",0,0.0,1
708,a0eed9d8178c4928b016bdf106f59e9e,3,weighted,"[150, 110, 90]",0,0.0,0
709,ed28bccab4dc46f0a12e98fd366f2a83,3,weighted,"[150, 110, 90]",0,0.0,0
710,1329f988ad3845129c304b54501c934c,3,weighted,"[150, 110, 90]",0,0.6666666666666666,1
711,bccab12e798e428b8869c19eb4feac2c,3,weighted,"[150, 110, 90]",0,0.0,0
712,692084604fa74539aa32ec6abec75341,3,weighted,"[150, 110, 90]",0,0.34285714285714286,1
713,3e4aa100c744486d883502dd35d3569c,3,weighted,"[150, 110, 90]",0,0.0,0
714,aa7ddfbb8f3c403ba5b0a0ded76f2bff,3,weighted,"[150, 110, 90]",0,0.0,0
715,ba1325c4040040a0b7809a32536da5fe,3,weighted,"[150, 110, 90]",0,0.0,0
716,3257fb95269946feab9eeec2ebcd3522,3,weighted,"[150, 110, 90]",1,1.0,1
717,fea7e77ef2364dcdb4bbfa5d69b0c0ef,3,weighted,"[150, 110, 90]",0,0.6666666666666666,1
718,60438978506949e79645c14afd3a21dd,3,weighted,"[150, 110, 90]",0,0.6666666666666666,1
719,5d6123571c4f4e5cb365ed1f2f6453f6,3,weighted,"[150, 110, 90]",0,0.0,1
720,f888582a9e324a639852992392b5a0cf,3,weighted,"[150, 110, 90]",0,0.0,0
721,6eeccb736c5f4d72944f4c46e4859c9d,3,weighted,"[150, 110, 90]",0,0.6666666666666666,1
722,8cd035648dd64edb912f01d1b01e6b89,3,weighted,"[150, 110, 90]",0,0.0,0
723,7b190c41b59249bcab29c887d579bb26,3,weighted,"[150, 110, 90]",1,1.0,1
724,aee9e1f69d5048c2a687b4a5acc056be,3,weighted,"[150, 110, 90]",0,0.5714285714285715,1
725,3e5332718ede4bcb99b7c336ff05b9dd,3,weighted,"[150, 110, 90]",1,1.0,1
726,d974393cef5d43e791127eaed8ddb259,3,weighted,"[150, 110, 90]",1,1.0,1
727,1cc48ae35d6a4676a0823fdf2550f2ea,3,weighted,"[150, 110, 90]",0,0.0,0
728,21532189e740426194a08808390eb2b4,3,weighted,"[150, 110, 90]",0,0.0,0
729,64fee0d345024f42864a361022475420,3,weighted,"[150, 110, 90]",0,0.0,1
730,e4533ea2a1404bc285933f7355d58203,3,weighted,"[150, 110, 90]",0,0.0,0
731,a23bfc2ed0ea4b19b736c30f73f7e406,3,weighted,"[150, 110, 90]",0,0.0,0
732,7ca689bb9bd94572af15fb45f2257266,3,weighted,"[150, 110, 90]",0,0.0,1
733,311ea5e6c28d46ecb378b855eb0ffe59,3,weighted,"[150, 110, 90]",0,0.0,1
734,12cc92d88fd24d6697009b061d1769c2,3,weighted,"[150, 110, 90]",1,1.0,1
735,beefda6210c047899b54a61290a9837c,3,weighted,"[150, 110, 90]",0,0.8,1
736,928e2cc022da44a4893b47a7fa37e1c6,3,weighted,"[150, 110, 90]",0,0.08695652173913043,1
737,241efa1cac394ac983b144420a13a162,3,weighted,"[150, 110, 90]",1,1.0,1
738,1c67f7f0037b4ab1bb510cba499d11a4,3,weighted,"[150, 110, 90]",0,0.5,1
739,f687cfbb7bec408799b8b6f8285b5608,3,weighted,"[150, 110, 90]",0,0.0,1
740,2e613fb291864bdd8a0198c5df5ae238,3,weighted,"[150, 110, 90]",0,0.0,0
741,f5b7236c16734b2388cf37cfd5cbf27b,3,weighted,"[150, 110, 90]",0,0.0909090909090909,1
742,3a1ba8b914d141eaac80d5de56ed0114,3,weighted,"[150, 110, 90]",0,0.0,0
743,671b2208301e460ba1fa588e350b82d6,3,weighted,"[150, 110, 90]",0,0.0,1
744,388dcae5aa9248318cd8d493a4c3519b,3,weighted,"[150, 110, 90]",1,1.0,1
745,2fcab3f4f6484d8992a6c2aa67aeec69,3,weighted,"[150, 110, 90]",0,0.0588235294117647,1
746,d0bae44433814b2da5d10519d7ea3695,3,weighted,"[150, 110, 90]",1,1.0,1
747,6c60d0e46b4a49068acd95570c520c6f,3,weighted,"[150, 110, 90]",1,1.0,1
748,2a8e2d0e16d64cc2a03180e7dfb8d745,3,weighted,"[150, 110, 90]",0,0.6666666666666666,0
749,6489bd7df2d04a8aa23561eaed38c793,3,weighted,"[150, 110, 90]",0,0.0,1
750,6082452e7aeb4e828079e15ab4e7a9a9,3,weighted,"[150, 110, 90]",0,0.0,0
751,fc16e9799a154e94b2bcade2e9eacd72,3,weighted,"[150, 110, 90]",0,0.0,1
752,17a72d69d7fd4e2fb9c562451e5434ef,3,weighted,"[150, 110, 90]",0,0.5714285714285715,1
753,755056d3d07940929387e2e7e76f4acf,3,weighted,"[150, 110, 90]",0,0.0,0
754,cbef062d89b944c5acd16f892a79611c,3,weighted,"[150, 110, 90]",0,0.0,1
755,a8ec79c66e284a45a63c7dcdcf4f9064,3,weighted,"[150, 110, 90]",0,0.0,1
756,6803dc0693214791b3058a87480b15d6,3,weighted,"[150, 110, 90]",0,0.6666666666666666,1
757,733d2fd24b0b40f7ba5f0edaed20cca9,3,weighted,"[150, 110, 90]",0,0.09090909090909091,1
758,5a154a6b5c364e79b30a1bd2c9e47e0c,3,weighted,"[150, 110, 90]",0,0.0,0
759,dc1fb48848df419fba9692dffef22844,3,weighted,"[150, 110, 90]",0,0.0,0
760,581d677951c7404d922d56e144504b82,3,weighted,"[150, 110, 90]",1,1.0,1
761,3f24c1ba50b04f8493f8663fd779846e,3,weighted,"[150, 110, 90]",0,0.0,0
762,a10d412bc874427b9f8df9a729c686a8,3,weighted,"[150, 110, 90]",0,0.0,0
763,99a7d09d04634cc08435d1e4bde155b5,3,weighted,"[150, 110, 90]",0,0.0,0
764,5544aab55fe744fab13706c13fcb4f96,3,weighted,"[150, 110, 90]",0,0.0,1
765,412a163387474317b4eb02196506d1f4,3,weighted,"[150, 110, 90]",0,0.05405405405405405,0
766,a1c71fcc9f6a468c9468d13d69e711a7,3,weighted,"[150, 110, 90]",0,0.0,0
767,3287651f8746453ba1943191b85095a9,3,weighted,"[150, 110, 90]",0,0.0,1
768,e2d0189ba8fd449889044fecb68c28b2,3,weighted,"[150, 110, 90]",0,0.0,1
769,567c70fec2634f439e055ef5fb30135d,3,weighted,"[150, 110, 90]",0,0.0,0
770,febb62323b274b678dc47bb096688f4c,3,weighted,"[150, 110, 90]",1,1.0,1
771,e08b24a8d41544e38f2489b4e32e2764,3,weighted,"[150, 110, 90]",0,0.0,1
772,ecd82d14cb3e4e28b8307e44f4784ff5,3,weighted,"[150, 110, 90]",0,0.0,1
773,a0b2f384132d475d9b375afdc5343fb2,3,weighted,"[150, 110, 90]",0,0.0,1
774,1703025033a448048d6f688f9321e2a2,3,weighted,"[150, 110, 90]",1,1.0,1
775,6c8c2af2e7b14a84acf550c9253961d8,3,weighted,"[150, 110, 90]",0,0.0,0
776,6368dd06f186478dae5ba3271569ef66,3,weighted,"[150, 110, 90]",0,0.0,0
777,019a54c5394847ec81325e8bdaf8355f,3,weighted,"[150, 110, 90]",0,0.0,0
778,4ae06e8228ca4ca89224a8598de5e6d9,3,weighted,"[150, 110, 90]",0,0.0,0
779,8ff3ddfe7f3a41e294a831e452189dd5,3,weighted,"[150, 110, 90]",0,0.0,0
780,52f45355af90482cb6a950e995783d4b,3,weighted,"[150, 110, 90]",0,0.0,0
781,b455ff336ebe403e896b9be3465811f7,3,weighted,"[150, 110, 90]",1,1.0,1
782,fef91dcc799042b59201fc0f963a8b17,3,weighted,"[150, 110, 90]",0,0.06666666666666667,0
783,a2374c9022504b94b1a832c91ab535fe,3,weighted,"[150, 110, 90]",0,0.5,1
784,f1fca269781c4454a9fbcf23844c79dd,3,weighted,"[150, 110, 90]",0,0.0,1
785,828c73b72b124615b8ccc1cf1ab1014b,3,weighted,"[150, 110, 90]",1,1.0,1
786,ba9e926ece6b4b6e844f51d0b7b0f056,3,weighted,"[150, 110, 90]",0,0.0,1
787,b6ae22e3a9d04cfbaf6206a39dd062da,3,weighted,"[150, 110, 90]",0,0.5714285714285715,1
788,1b9decbc39c949e8bf28c759dfe4baa2,3,weighted,"[150, 110, 90]",0,0.0,1
789,f5b0c1a6b5824201baa94cf53c56f0c5,3,weighted,"[150, 110, 90]",1,1.0,0
790,1fe12d7bff7a46d79f76ccc655caf66c,3,weighted,"[150, 110, 90]",0,0.0,0
791,3ca19860d31d40d58c3d6018498bbc5e,3,weighted,"[150, 110, 90]",1,1.0,1
792,de7fae20ac624dc9af5949d97f30a79a,3,weighted,"[150, 110, 90]",0,0.28571428571428575,1
793,d9d30d695b524637976deff70f6a7afd,3,weighted,"[150, 110, 90]",0,0.0,1
794,8be91aa0873e4a4bb89703628089432a,3,weighted,"[150, 110, 90]",1,1.0,1
795,a3ff08899c474fcdaaae2dd2409ec7a0,3,weighted,"[150, 110, 90]",0,0.0625,1
796,bb1589db33fa4309b9b3f7fb5e4b3480,3,weighted,"[150, 110, 90]",0,0.0,1
797,2d6a236fd6104736bfb0ae4404ee6ea9,3,weighted,"[150, 110, 90]",0,0.6666666666666666,1
798,9c4719555e46425496a22559eff66115,3,weighted,"[150, 110, 90]",0,0.0,0
799,3a63e60b8ef140d28f31325f8211cb10,3,weighted,"[150, 110, 90]",0,0.0,0
800,93447ee40a954604bc8e1c926079b785,3,weighted,"[150, 110, 90]",1,1.0,1
801,aa55b1829c9c41e28f3998d32da669ec,3,weighted,"[150, 110, 90]",0,0.6666666666666666,1
802,6eb7f187d8aa4f319e63ad269404dab2,3,weighted,"[150, 110, 90]",1,1.0,1
803,67a58f5e2ff7455f8807463f414f9b99,3,weighted,"[150, 110, 90]",0,0.0,1
804,d62824da543e474da60ae07308009055,3,weighted,"[150, 110, 90]",0,0.0,0
805,b3d58c3cb86044e1ac53ac99a0246d3b,3,weighted,"[150, 110, 90]",0,0.0,1
806,6973eb89fb1441328fc7a79248c2a0ec,3,weighted,"[150, 110, 90]",0,0.0,0
807,dca240ce71894a9798451f919b5d9df0,3,weighted,"[150, 110, 90]",0,0.2857142857142857,1
808,b0d95637bcb44afb96457d3053631d5f,3,weighted,"[150, 110, 90]",1,1.0,1
809,8de2ee8d56464a9d971fdae65ae0f72b,3,weighted,"[150, 110, 90]",0,0.0,1
810,83966e58471549e2adc73c25f58c846b,3,weighted,"[150, 110, 90]",0,0.0,0
811,bb0d3b5086f845df8acfbf503fa4c2ff,3,weighted,"[150, 110, 90]",0,0.0,1
812,706ce26401d54a5d94687fb541f7350c,3,weighted,"[150, 110, 90]",1,1.0,1
813,bf72c01037194351b8d906e8e8c4c0cc,3,weighted,"[150, 110, 90]",0,0.0,0
814,afa333ac95d848f0a60cde4f10d6e261,3,weighted,"[150, 110, 90]",0,0.07017543859649122,0
815,41d5a6d229964b50b3c73d5bc9a5d1fa,3,weighted,"[150, 110, 90]",0,0.0,0
816,b94b8e734c3b40eaba7291c227e2edb7,3,weighted,"[150, 110, 90]",0,0.0,1
817,786765cfe8b44449af887152402aaa29,3,weighted,"[150, 110, 90]",0,0.0,1
818,031cc546d2904282a49ea01dcfa886c8,3,weighted,"[150, 110, 90]",0,0.0,0
819,9759378e0cc44a1c839214bdaa26612d,3,weighted,"[150, 110, 90]",0,0.0,1
820,963f7654e83b425bbeadf56527740ba0,3,weighted,"[150, 110, 90]",0,0.0,0
821,4fed7ee44ec9407ebf2f05e33d2f6d54,3,weighted,"[150, 110, 90]",0,0.0,0
822,e75dd8d226914bd9b9070a34d57ff0c9,3,weighted,"[150, 110, 90]",0,0.0,1
823,92216f1e211c4ddf968b958588255feb,3,weighted,"[150, 110, 90]",0,0.21052631578947367,0
824,fc9ff2ab888d45b79fa4959911c65e59,3,weighted,"[150, 110, 90]",0,0.0,1
825,dadbf5853ac746239f484a0c7ff02245,3,weighted,"[150, 110, 90]",0,0.0,1
826,b4e39f9e15734b6a82739950c34aa8ee,3,weighted,"[150, 110, 90]",0,0.0,1
827,5ed1ab8a035e44ec9200692431509884,3,weighted,"[150, 110, 90]",0,0.0,0
828,2bffb804aab041ee9605adbff83fe141,3,weighted,"[150, 110, 90]",0,0.0,0
829,ba4602ee540d4fcfb52af541b3e7dfd8,3,weighted,"[150, 110, 90]",0,0.0,1
830,45a6d0b6364d49129a59f0a062a2f9a8,3,weighted,"[150, 110, 90]",0,0.0,1
831,199178bd55f849279f0e163c691d0903,3,weighted,"[150, 110, 90]",1,1.0,1
832,745c742fa8d94abe88d1330cd4cdae1d,3,weighted,"[150, 110, 90]",0,0.0,1
833,13c7ec87c0324be5bee05d51772027c5,3,weighted,"[150, 110, 90]",1,1.0,1
834,2f82125c096845fc8b5fc65418c486aa,3,weighted,"[150, 110, 90]",0,0.5,1
835,6c8e1e1b56bc4eb5b99b83ce6c5f3afd,3,weighted,"[150, 110, 90]",1,1.0,1
836,d37cc022c8344772b7d7261033a37c29,3,weighted,"[150, 110, 90]",0,0.0,1
837,c034e68af36c41d79e0782c060d7acbd,3,weighted,"[150, 110, 90]",0,0.6666666666666666,1
838,0986a62e4b4b48be90e2c9172a5b9617,3,weighted,"[150, 110, 90]",0,0.0,1
839,69bda7a3b8cb4e2baecd4fedbe7458ce,3,weighted,"[150, 110, 90]",0,0.0,1
840,144e38b6eea047c99e7ec1d8dbb6cbbc,3,weighted,"[150, 110, 90]",0,0.5714285714285715,1
841,3cb0174eaaf54d35878f92077740136c,3,weighted,"[150, 110, 90]",0,0.0,0
842,e53753e6f784486091c8dce069d90994,3,weighted,"[150, 110, 90]",0,0.0,1
843,6d34f597fdc54dd2aa1a8a9e32e596cb,3,weighted,"[150, 110, 90]",0,0.0,1
844,dbc0bbc541124ed0843db76f2e3a1581,3,weighted,"[150, 110, 90]",0,0.0,1
845,7f00e9c077324f689c8b0746c6381e0e,3,weighted,"[150, 110, 90]",0,0.20512820512820512,1
846,bb720c2091ee4a94a85eb81aa5a7acc3,3,weighted,"[150, 110, 90]",0,0.0,0
847,aecbba5c017943a79d643d0cc71e57b7,3,weighted,"[150, 110, 90]",1,1.0,1
848,a04a4431e605471480fb64662b38504d,3,weighted,"[150, 110, 90]",0,0.0,0
849,60bbae0fbec24bf2a8de8ac0b7076b24,3,weighted,"[150, 110, 90]",0,0.0,1
850,f20bdc9681624087af1dda063b3a6945,3,weighted,"[150, 110, 90]",1,1.0,1
851,0161b1de8e9944f58ba3663305c9759a,3,weighted,"[150, 110, 90]",0,0.0,1
852,33ad75a283674ce5a8178438d8739810,3,weighted,"[150, 110, 90]",0,0.45161290322580644,1
853,3de977d9d8c142c79231c332dad7cfdf,3,weighted,"[150, 110, 90]",0,0.0,1
854,42fb458e399b41f9b78a83d4b30d27b0,3,weighted,"[150, 110, 90]",0,0.0,0
855,96b2b16f84e8465d9de71f9fa9718941,3,weighted,"[150, 110, 90]",0,0.0,1
856,68d323c49f9740abbda05876aebfd5d7,3,weighted,"[150, 110, 90]",1,1.0,1
857,415c375731994f69a116e415444abd99,3,weighted,"[150, 110, 90]",0,0.07142857142857142,1
858,9fb85b5dcad34ba497f04a41616f6d0c,3,weighted,"[150, 110, 90]",0,0.0,0
859,40d56efbcf5041ff9ab958e865e63171,3,weighted,"[150, 110, 90]",1,1.0,1
860,16d87b6d44b74c9d9c705b0471dcb4b2,3,weighted,"[150, 110, 90]",0,0.0,0
861,1082fd6599c245bba88c6c46ce86eef8,3,weighted,"[150, 110, 90]",0,0.0,0
862,d316c97abd1e4815a14a66b9b76df881,3,weighted,"[150, 110, 90]",1,1.0,1
863,160bd2f1f99b4697a5945323087874cb,3,weighted,"[150, 110, 90]",0,0.6666666666666666,1
864,703c1f0b768d4732afa9e6a5a2d05091,3,weighted,"[150, 110, 90]",0,0.0,0
865,85ff90e4fd9c4c8790b6414520150e51,3,weighted,"[150, 110, 90]",0,0.16666666666666669,1
866,7c34ec6a706d4aaf96e4f3356fe2da7c,3,weighted,"[150, 110, 90]",0,0.0,1
867,6f811a0a4db94a648917355fabbd40ae,3,weighted,"[150, 110, 90]",1,1.0,1
868,48e5d37aaea9404a891d01584e699f18,3,weighted,"[150, 110, 90]",1,1.0,1
869,3e8a38a0b3e64f809e791704ac768b95,3,weighted,"[150, 110, 90]",0,0.0,0
870,1b454ee0cee8452986cf0b57342e8534,3,weighted,"[150, 110, 90]",0,0.0,1
871,893449002d894f7695b2a32aa7713cb5,3,weighted,"[150, 110, 90]",0,0.0,1
872,1405700ba6ce4058a4fa68e3c3d680e3,3,weighted,"[150, 110, 90]",1,1.0,1
873,5579074640614bacbdd03ed34a3ddf08,3,weighted,"[150, 110, 90]",0,0.7000000000000001,1
874,09553563f3b94bfd88d2887043744b77,3,weighted,"[150, 110, 90]",1,1.0,1
875,ed00bbd0da8841fa9bb15f15859a9876,3,weighted,"[150, 110, 90]",1,1.0,1
876,6dd10f33c4f8423080bdcf84c8a01ef1,3,weighted,"[150, 110, 90]",0,0.07142857142857142,0
877,959464bf0c7c44ba8f2b21448867e4ad,3,weighted,"[150, 110, 90]",0,0.0,0
878,bf7fc80bf1024d73b6f5cea672696789,3,weighted,"[150, 110, 90]",0,0.0,1
879,06631314756e4d9fa7eb5f040d4d9da4,3,weighted,"[150, 110, 90]",0,0.2608695652173913,1
880,1d9dc72255774f95b5e274139d8ea9bd,3,weighted,"[150, 110, 90]",0,0.0,1
881,eb0682a6d1694acf886b84a407d68416,3,weighted,"[150, 110, 90]",0,0.05714285714285715,1
882,94b1187d3e5c4282983df4ab44d3d46b,3,weighted,"[150, 110, 90]",0,0.0,1
883,50b4c8f6f61a48c289fff1e90d3c1c68,3,weighted,"[150, 110, 90]",1,1.0,1
884,8c5e2893db634635891ae6afd30261c4,3,weighted,"[150, 110, 90]",0,0.0,0
885,9eecb36f5cb44bb18d24b6efe6824a06,3,weighted,"[150, 110, 90]",0,0.0,1
886,25223706065646aebcebc831d267c30d,3,weighted,"[150, 110, 90]",0,0.0,0
887,f97a45e3576644eda7c95849e50babef,3,weighted,"[150, 110, 90]",1,1.0,1
888,08aee7c44c404089b766cbe0fa2d55f5,3,weighted,"[150, 110, 90]",0,0.0,1
889,6d1b542705c74dfcb9ca889be8fc5c82,3,weighted,"[150, 110, 90]",0,0.09090909090909091,0
890,8ce493334e064c2f97343909d7ddb91e,3,weighted,"[150, 110, 90]",0,0.0,1
891,eb6590ce2f134b889d853696a1519eca,3,weighted,"[150, 110, 90]",0,0.04761904761904762,1
892,b5ada864c0934f8b98d919dae0bcec35,3,weighted,"[150, 110, 90]",1,1.0,1
893,73d58decb36a470e91d5491834972a95,3,weighted,"[150, 110, 90]",0,0.0,1
894,7d08f62337054caa8e0104c19a653158,3,weighted,"[150, 110, 90]",0,0.0,1
895,7a24d5cc2a8f44819ca35879d229e8bc,3,weighted,"[150, 110, 90]",0,0.0,0
896,97034e6a207f4a238a49bf7babb932e9,3,weighted,"[150, 110, 90]",1,1.0,1
897,d0ef3a30427c4d66a516feb413c6b262,3,weighted,"[150, 110, 90]",0,0.0,1
898,59cca53e121949e39742ee34a89cffab,3,weighted,"[150, 110, 90]",0,0.0,1
899,a645bb94c6194b119832d8e395b47a0c,3,weighted,"[150, 110, 90]",0,0.0,0
900,9e32a1d3fd11455280d3aecde908c2e6,3,weighted,"[150, 110, 90]",0,0.14285714285714288,0
901,7d7537366071415381b140fc2d6bd90b,3,weighted,"[150, 110, 90]",0,0.05555555555555556,1
902,46f896a31c254fb2bf5b68c060edb437,3,weighted,"[150, 110, 90]",0,0.0,1
903,2cda8c267a624be184e87b1d2cd0b05c,3,weighted,"[150, 110, 90]",0,0.0,0
904,3febc40bd3ee4d4e9226aa424b60123c,3,weighted,"[150, 110, 90]",0,0.0,1
905,dfc54f2afa2849f4a1d9d7095fa37f8d,3,weighted,"[150, 110, 90]",0,0.0,0
906,57f26f2947864f429083b603d80000aa,3,weighted,"[150, 110, 90]",1,1.0,1
907,3e1bed5b98f248738744f4c55f0e6d06,3,weighted,"[150, 110, 90]",0,0.0,1
908,6d36da6f7d6c4ae898960241cc99cd4c,3,weighted,"[150, 110, 90]",0,0.0,1
909,82f2a270b951424e82df7540c14072d3,3,weighted,"[150, 110, 90]",0,0.0,0
910,059055bc2ed24376a2667ee2496aeb0c,3,weighted,"[150, 110, 90]",1,1.0,1
911,328dfae8a432499e91c71bad92e2bd79,3,weighted,"[150, 110, 90]",0,0.0,1
912,3555cf721db54ce6a35be172f4f0213c,3,weighted,"[150, 110, 90]",1,1.0,1
913,6905efa62e924f7c9960bc701d1025bb,3,weighted,"[150, 110, 90]",1,1.0,1
914,edd8922fe3ec43be851dee74c97ea861,3,weighted,"[150, 110, 90]",0,0.0,0
915,3f5b923f78d642ebb61f535595115ceb,3,weighted,"[150, 110, 90]",0,0.0,1
916,644155df8e7446718cc1d9ca4d2f4c05,3,weighted,"[150, 110, 90]",0,0.5263157894736842,1
917,f1cd28d437e44ac586e3494371c55ff1,3,weighted,"[150, 110, 90]",0,0.7368421052631579,1
918,b8b75f189ac042c9a664c7bc13bcb936,3,weighted,"[150, 110, 90]",0,0.0,0
919,1cdeb2b345c247bfb083ab363bebd64c,3,weighted,"[150, 110, 90]",1,1.0,1
920,930d23fe662b49d4bb01a291e8a6ad98,3,weighted,"[150, 110, 90]",0,0.0,1
921,46414d4b1b7a4838987e3ee887a448bb,3,weighted,"[150, 110, 90]",0,0.0,0
922,fdc90f6593464af6b65c2f38b2c814c6,3,weighted,"[150, 110, 90]",1,1.0,1
923,e6cad506fcab4d979e90f4a9176b1408,3,weighted,"[150, 110, 90]",1,1.0,1
924,72a4722fda5f436e81437aea9042aaa8,3,weighted,"[150, 110, 90]",1,1.0,1
925,76ed5aaaa5bb47d7923d45360b3332ec,3,weighted,"[150, 110, 90]",0,0.0,1
926,33d1e51367a3481086b0b8206010e16c,3,weighted,"[150, 110, 90]",0,0.0,1
927,d1f6974f4b8f4a189e64cdf36c986df7,3,weighted,"[150, 110, 90]",0,0.28571428571428575,1
928,57351304b16347d58b309e84d19b79aa,3,weighted,"[150, 110, 90]",0,0.7499999999999999,1
929,7f022ca089d74d51a4be4625cb6191d5,3,weighted,"[150, 110, 90]",0,0.0,0
930,3c5e3c93b4f04892a42057005a46caaa,3,weighted,"[150, 110, 90]",0,0.0,0
931,f7b2f89be1724a9c86cbcc347b0c4425,3,weighted,"[150, 110, 90]",0,0.0,1
932,2af6e73ac32145e9bb843506ce6c6a61,3,weighted,"[150, 110, 90]",1,1.0,1
933,c4c1471da58b4cf087e179b9b71adef4,3,weighted,"[150, 110, 90]",1,1.0,1
934,1854615c2d334e5aa3a608b90f0547b5,3,weighted,"[150, 110, 90]",1,1.0,1
935,402f5f93e4a04d998cb41298d57b8115,3,weighted,"[150, 110, 90]",1,1.0,1
936,531226f1c86f49a3bee6638692fedd34,3,weighted,"[150, 110, 90]",0,0.0,1
937,23d9c3e938cd4e54a2917488a719b832,3,weighted,"[150, 110, 90]",0,0.0,0
938,d5012bef02214f0c9698b7a828959e39,3,weighted,"[150, 110, 90]",1,1.0,1
939,79d983f421ab4c3e92364b83b7186e99,3,weighted,"[150, 110, 90]",1,1.0,1
940,2e71514053a447d5bbd3f9625420ca43,3,weighted,"[150, 110, 90]",0,0.29629629629629634,1
941,6a420f8f42204d968a137faeb1d73784,3,weighted,"[150, 110, 90]",0,0.0,0
942,2f56933ee8024412b6ef05faf87e7a46,3,weighted,"[150, 110, 90]",0,0.04761904761904761,1
943,ccb81b6865484234ab334d34412a6b35,3,weighted,"[150, 110, 90]",1,1.0,1
944,e33b52e8485c41518aaf76f1048c35e4,3,weighted,"[150, 110, 90]",0,0.0,1
945,29544317d3ab466d8b13e1eac4463c10,3,weighted,"[150, 110, 90]",0,0.6666666666666666,1
946,b5736ba3b8574e3388b2a5ebccb15b09,3,weighted,"[150, 110, 90]",0,0.0,0
947,7e4328290edf4f2aac9f8988b5079fe1,3,weighted,"[150, 110, 90]",0,0.2857142857142857,1
948,8bff718944c84becbf657952138356fd,3,weighted,"[150, 110, 90]",0,0.0,1
949,c411868fbe054e80b90a12463b2beddd,3,weighted,"[150, 110, 90]",0,0.4,1
950,ead58bae18d04b9c89be6f0bbe3f155f,3,weighted,"[150, 110, 90]",0,0.0,0
951,319e4521a8454f6a908b91d874ce2e08,3,weighted,"[150, 110, 90]",0,0.0,0
952,bc947534038744198b74eab0dc89a6fe,3,weighted,"[150, 110, 90]",0,0.6666666666666666,1
953,aece58a299d84cd88579bca72c73da46,3,weighted,"[150, 110, 90]",0,0.0,0
954,61727044bdac4760964296c822ea1ffa,3,weighted,"[150, 110, 90]",0,0.6666666666666666,1
955,bc61a95b6c25463db3459cd626a11ad0,3,weighted,"[150, 110, 90]",0,0.9090909090909091,1
956,e45fbf36c6d64467b16f13324d22a4c2,3,weighted,"[150, 110, 90]",0,0.3636363636363636,1
957,1e1eb993a1ca4265978c2db209a671b7,3,weighted,"[150, 110, 90]",0,0.0,1
958,f74b173f48654bc9832934834956c10f,3,weighted,"[150, 110, 90]",0,0.0,1
959,30913ce681084f3f8357bef6147fe049,3,weighted,"[150, 110, 90]",0,0.0,1
960,359f8256bb2b4d5589fa81885ef48257,3,weighted,"[150, 110, 90]",0,0.6666666666666666,1
961,3d531ea0078248ebb3dd503bb338071f,3,weighted,"[150, 110, 90]",0,0.0,1
962,a9dff945426841f8b37069eefd82297b,3,weighted,"[150, 110, 90]",0,0.0,1
963,aa9daba7638b4fa9b1472bb648fe964e,3,weighted,"[150, 110, 90]",0,0.6666666666666666,1
964,dd66178403e8487382fdc1b84bb2881c,3,weighted,"[150, 110, 90]",0,0.0,0
965,c9bcb9b8a8ba42f5bfd2538b4925a3ac,3,weighted,"[150, 110, 90]",0,0.0,1
966,a14a2ea82a1544a19f7c45cbf7f82f6e,3,weighted,"[150, 110, 90]",0,0.8,1
967,fb2d1f54601e4f89be70d07393db45f4,3,weighted,"[150, 110, 90]",1,1.0,1
968,b83b50ae80c3463aa27b05bb0bf4b493,3,weighted,"[150, 110, 90]",0,0.0,0
969,26c180c03a734a1aaee4138be308a078,3,weighted,"[150, 110, 90]",0,0.06451612903225806,1
970,273733b869b741a7b9667927ea701789,3,weighted,"[150, 110, 90]",0,0.0,0
971,97cb3c77ddba4ab9ae6bfdc00eb09c42,3,weighted,"[150, 110, 90]",0,0.0,1
972,08473edda228492e9cfe9b6583977e50,3,weighted,"[150, 110, 90]",0,0.0,1
973,6d5eb886bc37490aa1854938f9b36903,3,weighted,"[150, 110, 90]",0,0.0,0
974,e0ce4da6cbfe4f26b945f5555901e5c5,3,weighted,"[150, 110, 90]",0,0.0,0
975,f002078c2ea2435db1e405606b820e19,3,weighted,"[150, 110, 90]",1,1.0,1
976,441f524567e9477a9b0d07f4a0907622,3,weighted,"[150, 110, 90]",1,1.0,1
977,60dd6a100f3b42598ab0d32f254b1662,3,weighted,"[150, 110, 90]",0,0.0,0
978,873ea1af23e548efb10a54c97edcdb6b,3,weighted,"[150, 110, 90]",0,0.0,1
979,3e1d564bb5eb4b1ba37db917c472a566,3,weighted,"[150, 110, 90]",1,1.0,1
980,04676862004644f18aa94ff54107047c,3,weighted,"[150, 110, 90]",0,0.0,0
981,116e002d700e4d349581f1a4937dfba8,3,weighted,"[150, 110, 90]",0,0.0,0
982,283c5867606b46258127fa5fed7cf62d,3,weighted,"[150, 110, 90]",0,0.0,1
983,171414c078ce452d9374be8989aa0147,3,weighted,"[150, 110, 90]",0,0.0,0
984,a2643b6d7fe94e54bb74da276f0a4646,3,weighted,"[150, 110, 90]",0,0.06666666666666667,1
985,342cb6f69f6449318f4c4e5385f954fd,3,weighted,"[150, 110, 90]",0,0.0,1
986,e3fe3ef5daa6485a8a3f91dfccc9d797,3,weighted,"[150, 110, 90]",0,0.0,1
987,6071cc99d5744a17814ad38e72b53f3b,3,weighted,"[150, 110, 90]",0,0.0,0
988,d5f0273d41ad45ab9a9819cb49e29b02,3,weighted,"[150, 110, 90]",0,0.0,1
989,d1b4f5f6d643456aad1526324d39c259,3,weighted,"[150, 110, 90]",0,0.0,1
990,62747a42a9074e7da75c495cc4daca38,3,weighted,"[150, 110, 90]",0,0.6666666666666666,1
991,5d464ecc16894c0cbc33ed95ac502289,3,weighted,"[150, 110, 90]",1,1.0,1
992,e5fb043f8b0245f2acc78136af1bb5dd,3,weighted,"[150, 110, 90]",0,0.6666666666666666,1
993,53278976c290499ab7f1decb9f7bf6a2,3,weighted,"[150, 110, 90]",0,0.041666666666666664,1
994,7889488ae4d3460bafe900d6917b650e,3,weighted,"[150, 110, 90]",0,0.0,1
995,91ef74a5a47a442aaa5af41b3d564051,3,weighted,"[150, 110, 90]",0,0.32,1
996,3e83d3398a8a4e26a98fab7f85c8cb59,3,weighted,"[150, 110, 90]",0,0.16666666666666666,1
997,20e0dcefdff242ebb51ce89c34182814,3,weighted,"[150, 110, 90]",0,0.16666666666666666,0
998,7e7a5a32f59b49ccacc7c1408799a32a,3,weighted,"[150, 110, 90]",0,0.0,1
999,a3ac333098d74ad7acf2d20bbc261c9b,3,weighted,"[150, 110, 90]",0,0.25,1
0,728220fe1b5f4ce886273ec524c6972b,3,top_heavy,"[190, 90, 70]",1,1.0,1
1,c89d1c366c274f6e8d233be688759386,3,top_heavy,"[190, 90, 70]",0,0.0,1
2,644d4774db194bb0b491e58deff0fe6c,3,top_heavy,"[190, 90, 70]",0,0.0,1
3,b7648c8b476e4482a7fa9a8d4584c551,3,top_heavy,"[190, 90, 70]",0,0.5,1
4,362b90d2f2de47e1a0d9be76d1383cd5,3,top_heavy,"[190, 90, 70]",0,0.10526315789473685,1
5,e365fba82bca48ad8b9ec4fbac8bd3b7,3,top_heavy,"[190, 90, 70]",0,0.7000000000000001,1
6,56a527cc368e4b10ac88117b33ab6370,3,top_heavy,"[190, 90, 70]",0,0.09090909090909091,0
7,ef7ff14fda8347479995319185ade05f,3,top_heavy,"[190, 90, 70]",1,1.0,1
8,e7abf6763c7d425c8577ed893a0cd182,3,top_heavy,"[190, 90, 70]",0,0.0,1
9,08b8fd7f109845eda0ffb6868479f8c2,3,top_heavy,"[190, 90, 70]",0,0.0,0
10,ddc318071f01453ab87ceebe18062971,3,top_heavy,"[190, 90, 70]",1,1.0,1
11,b33e0d818b364b87878b747b09987f28,3,top_heavy,"[190, 90, 70]",0,0.1111111111111111,1
12,629ca0ba60d84e678789916c527e5e74,3,top_heavy,"[190, 90, 70]",0,0.0,1
13,dc5438680eeb4547b962a6d05a58125d,3,top_heavy,"[190, 90, 70]",0,0.0,1
14,2ea97cfbe22340cdabec8b67b75b0f0e,3,top_heavy,"[190, 90, 70]",1,1.0,1
15,dc27edf1253345dabb1ae19ef7d8a829,3,top_heavy,"[190, 90, 70]",1,1.0,1
16,c3ec8eaa57d0418da0c66d7ad83761b3,3,top_heavy,"[190, 90, 70]",0,0.0,1
17,f22c94617c404f388ea469654e9a580f,3,top_heavy,"[190, 90, 70]",0,0.2857142857142857,1
18,2c9d87584b86413d86f28eb40a1af7cf,3,top_heavy,"[190, 90, 70]",1,1.0,1
19,49af423e020444c999bdbdaa7cc573bd,3,top_heavy,"[190, 90, 70]",0,0.0,1
20,a2f796f7536947518cb11c541c564c83,3,top_heavy,"[190, 90, 70]",0,0.0,1
21,70ff5cd057104a24a7de546f6a0a93e2,3,top_heavy,"[190, 90, 70]",1,1.0,1
22,bb0bceec8bca491db5c90c3962960eea,3,top_heavy,"[190, 90, 70]",0,0.0,1
23,4790b60660da497bb390ed9bc5996973,3,top_heavy,"[190, 90, 70]",0,0.0,1
24,092f821b8fd243efb2bfd2f200cb99ee,3,top_heavy,"[190, 90, 70]",0,0.0,0
25,e21128d6906243a58807600c9e0744b4,3,top_heavy,"[190, 90, 70]",0,0.0,0
26,b612d7f272cd452dab8379571e41f3dd,3,top_heavy,"[190, 90, 70]",1,1.0,1
27,40f708bf9a744a90b62edfb3b44ad9cf,3,top_heavy,"[190, 90, 70]",0,0.0,0
28,b5b3c4c6f37c4de3907df3b82c13a2d7,3,top_heavy,"[190, 90, 70]",0,0.0,1
29,ebe6da22787d42bab5690387505c2674,3,top_heavy,"[190, 90, 70]",0,0.0,0
30,74953752801446a2abe6b330ce63c179,3,top_heavy,"[190, 90, 70]",0,0.0,0
31,ed2ba8953b6a49bb8f961969603a956f,3,top_heavy,"[190, 90, 70]",1,1.0,1
32,d468e9a904314a5a92582bcfcc7b7635,3,top_heavy,"[190, 90, 70]",0,0.0,1
33,59c97e698fe0492890ba2dec20b8ff97,3,top_heavy,"[190, 90, 70]",0,0.0,0
34,c00bac5c39534761b85d1adeea7bdd23,3,top_heavy,"[190, 90, 70]",1,1.0,1
35,625274d8050f451ebd131104306237c1,3,top_heavy,"[190, 90, 70]",0,0.17647058823529413,1
36,64215d84427e4d709e2914e76df055c5,3,top_heavy,"[190, 90, 70]",0,0.0,1
37,5464eecea5074ee49a1f281e3855f2d1,3,top_heavy,"[190, 90, 70]",0,0.888888888888889,1
38,f4e61efd586744d9941da1aea777b7d7,3,top_heavy,"[190, 90, 70]",0,0.6666666666666666,1
39,e89b8741115d4a248603dde70032bccd,3,top_heavy,"[190, 90, 70]",1,1.0,1
40,4dd31c6180e64c4eb59983819779cf2c,3,top_heavy,"[190, 90, 70]",0,0.5714285714285715,1
41,1bf26f3035ec45e5874eb0de76a8d903,3,top_heavy,"[190, 90, 70]",0,0.14285714285714288,1
42,f86df4ac102d4a058ac5a346fed44de9,3,top_heavy,"[190, 90, 70]",0,0.0,1
43,ace17f51ddc44d7db28c05c44bc5d658,3,top_heavy,"[190, 90, 70]",1,1.0,1
44,e2c278dfb89b444389ac7fa574c14697,3,top_heavy,"[190, 90, 70]",0,0.0,1
45,9b01a7aac7fb40979eccbed5da004372,3,top_heavy,"[190, 90, 70]",0,0.0,0
46,6778d6c630a84294a6dd81fbfabf9177,3,top_heavy,"[190, 90, 70]",0,0.0,0
47,35190f405eb4417497a797f137fb3f1b,3,top_heavy,"[190, 90, 70]",1,1.0,1
48,a5d866dd01974343ba3475ba0ca2387c,3,top_heavy,"[190, 90, 70]",0,0.6666666666666666,1
49,34a877cef8f4456197484f09d1643e87,3,top_heavy,"[190, 90, 70]",0,0.6666666666666666,1
50,f87ac51d4db74ff7b51a4c5ea00723e8,3,top_heavy,"[190, 90, 70]",0,0.0,0
51,9bb1b01620ea4ed28be3d13447145272,3,top_heavy,"[190, 90, 70]",0,0.0,1
52,68b7a9d693f84289b1d8cca76c5daf3b,3,top_heavy,"[190, 90, 70]",1,1.0,1
53,413339d30cc447a884eb601571769b06,3,top_heavy,"[190, 90, 70]",0,0.0,1
54,b0d97074e304423bab66769456c4890d,3,top_heavy,"[190, 90, 70]",0,0.0,1
55,9827d6f7626d46c188fc893ff0e12fd9,3,top_heavy,"[190, 90, 70]",1,1.0,1
56,3750487af26c40af96cb49550876a52a,3,top_heavy,"[190, 90, 70]",0,0.0,0
57,5010c8ecc7584e2d86bbb2ab8acfa878,3,top_heavy,"[190, 90, 70]",1,1.0,1
58,c5b80b9f943d4bd3b11c84700bff495f,3,top_heavy,"[190, 90, 70]",0,0.0,1
59,7bfe3ee0862a4bdbb5e06b894cfefd29,3,top_heavy,"[190, 90, 70]",0,0.0,1
60,d7f9ec97994d42c3bf9dfc7e853a3d66,3,top_heavy,"[190, 90, 70]",0,0.4444444444444445,1
61,dc530a1b42fc45af9b9112f391db3504,3,top_heavy,"[190, 90, 70]",0,0.5,1
62,6d8f6111e0f2484f961308f6dc5270b3,3,top_heavy,"[190, 90, 70]",0,0.32,1
63,ef32addb3b9b4c8ab122fd787122a657,3,top_heavy,"[190, 90, 70]",1,1.0,1
64,79e87ee729dd4f40b1492c9d24d26541,3,top_heavy,"[190, 90, 70]",0,0.0,1
65,94b8ba1c855e4789a90cd5692ee3e710,3,top_heavy,"[190, 90, 70]",1,1.0,1
66,7de2c568942c4160a93c7c80f264030f,3,top_heavy,"[190, 90, 70]",0,0.0,0
67,eeef45fe8f664128b6f49991e5695c3e,3,top_heavy,"[190, 90, 70]",0,0.0,0
68,fb575e95e21843f9bc7ab8acdde72ee7,3,top_heavy,"[190, 90, 70]",0,0.5,1
69,0ae51cad51b340cb9ce156a667e11a5e,3,top_heavy,"[190, 90, 70]",0,0.0,0
70,2e3e4e90adb64e86bf0e6ccf5499126b,3,top_heavy,"[190, 90, 70]",1,1.0,1
71,8b49dc87c93b45c48eb62e4a0b8ac604,3,top_heavy,"[190, 90, 70]",0,0.2857142857142857,1
72,dafae23b13b148619784124572b26008,3,top_heavy,"[190, 90, 70]",0,0.2857142857142857,1
73,054d98807bed447f896aaa343005bb89,3,top_heavy,"[190, 90, 70]",0,0.6666666666666666,1
74,fee6642b071a46e9b1a005d63b58a98c,3,top_heavy,"[190, 90, 70]",0,0.0,1
75,ae35f52b8069416da505e192383e1cab,3,top_heavy,"[190, 90, 70]",0,0.0,1
76,21976ca866684313b86aa9450c61406c,3,top_heavy,"[190, 90, 70]",0,0.0,1
77,bfa3a133f4fc48eda18b7464dddc5e70,3,top_heavy,"[190, 90, 70]",0,0.0,1
78,8809bd64552f4f7aa8f53f493602ceae,3,top_heavy,"[190, 90, 70]",1,1.0,1
79,4e6de19d338a44b6bd4bbaec2c3c0635,3,top_heavy,"[190, 90, 70]",1,1.0,1
80,121d9ead9e87477baedf4605be92bbf7,3,top_heavy,"[190, 90, 70]",1,1.0,1
81,96478949a8214ae4bd74130d64466203,3,top_heavy,"[190, 90, 70]",1,1.0,1
82,e2bc1abc94f141399b0b004676f84171,3,top_heavy,"[190, 90, 70]",0,0.8,1
83,a018ca4c1e8e4a44b48188655383c8a5,3,top_heavy,"[190, 90, 70]",0,0.25,1
84,2c175bdf51494ae1a97be4ed1a365825,3,top_heavy,"[190, 90, 70]",1,1.0,1
85,916d57f6183b4c52999933fe394cae6e,3,top_heavy,"[190, 90, 70]",1,1.0,1
86,2324b8d221fa41d58267b515b1a1109a,3,top_heavy,"[190, 90, 70]",0,0.0,1
87,c0d3770ca41e4463958dca0c88ce3979,3,top_heavy,"[190, 90, 70]",0,0.0,1
88,68ac44d7d9e24aee8fcaa91e0f364062,3,top_heavy,"[190, 90, 70]",0,0.06666666666666668,1
89,f6ea20f22a394788814a7b4374246cf9,3,top_heavy,"[190, 90, 70]",0,0.4444444444444445,1
90,5f53831743434c24b29ed9b858d87e4b,3,top_heavy,"[190, 90, 70]",0,0.888888888888889,1
91,20c6639f94d24a91ac79c15024fcd5f7,3,top_heavy,"[190, 90, 70]",0,0.0,1
92,6c6f0f2b83e546e39bc40d37b0ee9975,3,top_heavy,"[190, 90, 70]",0,0.0,1
93,a1b8855de6ff4bf2b8afc5942486e88c,3,top_heavy,"[190, 90, 70]",0,0.0,0
94,986fec610e0e4bf9bb3de6be1fa0356e,3,top_heavy,"[190, 90, 70]",0,0.0,0
95,ce5d0f11b9664510a27bf3c483792f13,3,top_heavy,"[190, 90, 70]",1,1.0,1
96,3f092922c6854e3f8bdf22cc50cf71a9,3,top_heavy,"[190, 90, 70]",1,1.0,1
97,811785fb9d684ccd9577541cd4c94555,3,top_heavy,"[190, 90, 70]",0,0.4,1
98,66d0e7da123d49fd8f8016dc27775052,3,top_heavy,"[190, 90, 70]",1,1.0,1
99,1646e87aca7b4f078ae816044f0f5955,3,top_heavy,"[190, 90, 70]",1,1.0,1
100,d2747da8e1e1416cb057ee8651131dd8,3,top_heavy,"[190, 90, 70]",0,0.12903225806451613,1
101,8834ade537ca4faca9fb3bdd7efcb88b,3,top_heavy,"[190, 90, 70]",1,1.0,1
102,81a06cc7f0ed45fba03d40062246bf0f,3,top_heavy,"[190, 90, 70]",0,0.4,1
103,9f8bb4dd263246dbac8f331f745d2e5a,3,top_heavy,"[190, 90, 70]",0,0.0,1
104,d0940d4e2f8b4c23817a178bf3f2ee85,3,top_heavy,"[190, 90, 70]",0,0.0,0
105,62b2d8702439498197acee357c30a8bd,3,top_heavy,"[190, 90, 70]",0,0.05405405405405406,0
106,1fcf01709c0b404da2b3024ac0a02eb0,3,top_heavy,"[190, 90, 70]",0,0.25,0
107,f299e2d5b4264decb2fd2ab4d6a53c2d,3,top_heavy,"[190, 90, 70]",0,0.0,0
108,ecba8f966e03447a940cfff69f9ba8e1,3,top_heavy,"[190, 90, 70]",1,1.0,1
109,077524326f6a4e53a728f5341e89f79c,3,top_heavy,"[190, 90, 70]",0,0.0,1
110,18cbdcbef93544acac9407596569a64f,3,top_heavy,"[190, 90, 70]",0,0.0,1
111,afc8672a21f441369ab4b0ffb8532c21,3,top_heavy,"[190, 90, 70]",0,0.72,1
112,c64f2789544c45c8bf9dceebb35cfa53,3,top_heavy,"[190, 90, 70]",0,0.0,0
113,c2bf5fa95d404050b8f86692d9100be0,3,top_heavy,"[190, 90, 70]",0,0.0,1
114,ff5f25fc4c9b4354b49fc603df373ee0,3,top_heavy,"[190, 90, 70]",0,0.0,1
115,d83aff530fd447b49138953308883ac2,3,top_heavy,"[190, 90, 70]",0,0.0,0
116,5b7387ec945d47b8b624c2b55b6a80c1,3,top_heavy,"[190, 90, 70]",0,0.0,1
117,987b4118a9304f2f8193ab27a36b0489,3,top_heavy,"[190, 90, 70]",1,1.0,1
118,da630eb21dea4abe920e8253d4fd6a34,3,top_heavy,"[190, 90, 70]",0,0.27586206896551724,1
119,1cfc4441a86445fab7952656df2d64a0,3,top_heavy,"[190, 90, 70]",0,0.2222222222222222,1
120,5cac964bb57446e39b0f58d6043c12d7,3,top_heavy,"[190, 90, 70]",0,0.0,1
121,30cbead889fc4c0783a1afd652cfb163,3,top_heavy,"[190, 90, 70]",0,0.6666666666666666,1
122,d7eb4ea422a0440ab1a2ea0d9a313198,3,top_heavy,"[190, 90, 70]",0,0.0,1
123,c8c3c9f350c5469da18f367a6a250097,3,top_heavy,"[190, 90, 70]",0,0.0,0
124,b47d1c59552a453ba57c2121f029242d,3,top_heavy,"[190, 90, 70]",0,0.0,1
125,29b82a59344f4d38854c476a31827ba7,3,top_heavy,"[190, 90, 70]",0,0.0,0
126,9a0b3de216b6498699f9a1745ef51447,3,top_heavy,"[190, 90, 70]",0,0.14814814814814814,1
127,f126e81901054b3ba5fb4ce920b1df38,3,top_heavy,"[190, 90, 70]",1,1.0,1
128,0a8eff0d1b134de888817e44d2e889b1,3,top_heavy,"[190, 90, 70]",0,0.07142857142857142,1
129,054b7315353146d4b0ad624514005ef2,3,top_heavy,"[190, 90, 70]",1,1.0,1
130,f4ef4313787d49d7851ad2a6c66cf163,3,top_heavy,"[190, 90, 70]",0,0.6666666666666666,1
131,e3602ad5a2864891955a696e59594e76,3,top_heavy,"[190, 90, 70]",1,1.0,1
132,2a9c56b5a5ae43b78f7f7d9dccdca491,3,top_heavy,"[190, 90, 70]",1,1.0,1
133,4fc9afe35d8c4cdf8115fe9faf6ac96a,3,top_heavy,"[190, 90, 70]",1,1.0,1
134,065ce886fe8c41088ba6b71c82ab6229,3,top_heavy,"[190, 90, 70]",0,0.0,1
135,928063d9906145b6b83392f5068efb4f,3,top_heavy,"[190, 90, 70]",0,0.0,0
136,455324ce37fa42c8af627f9f832cfb24,3,top_heavy,"[190, 90, 70]",0,0.0,0
137,1af7aafeb2e24d348d72b7559a2ce754,3,top_heavy,"[190, 90, 70]",0,0.8571428571428572,1
138,c4c3e45a17884ef78442ed584e442741,3,top_heavy,"[190, 90, 70]",1,1.0,1
139,2e7792c3711b4a139cf99e7dec1b7e26,3,top_heavy,"[190, 90, 70]",0,0.0,1
140,8d3d4915ed104234bca2e7e8eb591d6e,3,top_heavy,"[190, 90, 70]",1,1.0,1
141,7876cd87c6e845f484f841d243a021a0,3,top_heavy,"[190, 90, 70]",0,0.25,1
142,faca8fa5d6724e3f95ea8550bbb1a3c8,3,top_heavy,"[190, 90, 70]",1,1.0,1
143,76c6e9ef00884f509bc625e25b15cc85,3,top_heavy,"[190, 90, 70]",1,1.0,1
144,0db9e6fa3f21435996d0bf1e3b3f8adb,3,top_heavy,"[190, 90, 70]",0,0.0,1
145,ca61917ae999408c84f855c26dc48c68,3,top_heavy,"[190, 90, 70]",0,0.0,0
146,c6d27c29d4774501b4f046af3bb83dfd,3,top_heavy,"[190, 90, 70]",0,0.0,0
147,8da0d6902cab4114b140672981c41ece,3,top_heavy,"[190, 90, 70]",0,0.0,1
148,d809c82de0cc41a391a8476fbedc4638,3,top_heavy,"[190, 90, 70]",1,1.0,1
149,6a9dae85ef8448b88947f67b7368cd84,3,top_heavy,"[190, 90, 70]",0,0.0,1
150,62ccc3554230408fb85b346dedaeffa9,3,top_heavy,"[190, 90, 70]",1,1.0,1
151,9724aa5ceb194973a23f99d088987015,3,top_heavy,"[190, 90, 70]",1,1.0,1
152,8c513011d82543469328cb90f190d67c,3,top_heavy,"[190, 90, 70]",0,0.0,0
153,352bbdac5d414a65a714e30a0fd97f42,3,top_heavy,"[190, 90, 70]",0,0.14285714285714288,1
154,c46c0d1751554ccea747cb3825bdbe66,3,top_heavy,"[190, 90, 70]",0,0.0,0
155,1b99dffb92c14a838fdb91967645cbf0,3,top_heavy,"[190, 90, 70]",0,0.0,1
156,fe231269e136464c857e4cedaa8a523e,3,top_heavy,"[190, 90, 70]",1,1.0,0
157,b7ccf71e49054da2a836cbd7dcca51ae,3,top_heavy,"[190, 90, 70]",0,0.0,0
158,c5d1601dece84ce895260d42931118c3,3,top_heavy,"[190, 90, 70]",0,0.0,0
159,c6e9bca537a64d47a1f219d04aa484cf,3,top_heavy,"[190, 90, 70]",0,0.0,0
160,19174950ad6b4759929f41cb2aa6b979,3,top_heavy,"[190, 90, 70]",1,1.0,0
161,08e1f398fc554a2b9cc745c89b8ddd1c,3,top_heavy,"[190, 90, 70]",0,0.06060606060606061,1
162,4e8ac0b2d2c448099dea09b0b88032b6,3,top_heavy,"[190, 90, 70]",0,0.8571428571428571,1
163,ba68aac128784f47a20eafdb4fa84627,3,top_heavy,"[190, 90, 70]",1,1.0,1
164,9b6a4b25c0cf41d89f69fab7e636d836,3,top_heavy,"[190, 90, 70]",1,1.0,1
165,851dc215cd4f478ea5bc5be433bb650b,3,top_heavy,"[190, 90, 70]",0,0.32,1
166,73df4341944b4832a7110492fec95939,3,top_heavy,"[190, 90, 70]",1,1.0,1
167,82498b7e764c4a77ae54de9e49a211ce,3,top_heavy,"[190, 90, 70]",0,0.8571428571428571,1
168,d12c3c9ff7254b76a83a3c702e0f1411,3,top_heavy,"[190, 90, 70]",1,1.0,1
169,9b5c249c46644e04a2d28d98bac5f951,3,top_heavy,"[190, 90, 70]",0,0.0,0
170,b31c60bda086454a900948cde75eb053,3,top_heavy,"[190, 90, 70]",0,0.0,1
171,68ea789496074f56878ceddf5f0bb6c0,3,top_heavy,"[190, 90, 70]",0,0.2222222222222222,0
172,2fbb04100c444abda7f972b3c7ca55b9,3,top_heavy,"[190, 90, 70]",0,0.7142857142857143,1
173,ff83ee0ffed94025b218bc5444b14880,3,top_heavy,"[190, 90, 70]",0,0.0,0
174,811443af769846bd88db9031899cf838,3,top_heavy,"[190, 90, 70]",0,0.0,1
175,2737e76f68ed4c889e75300d5d707fbb,3,top_heavy,"[190, 90, 70]",0,0.0,1
176,5c48b89357aa48fd8a1aafaeabe73c4c,3,top_heavy,"[190, 90, 70]",0,0.823529411764706,1
177,57b5639ab5b441d9956c8bb4d17cf3e2,3,top_heavy,"[190, 90, 70]",1,1.0,1
178,b7f2e1ae39b54396b93b90189b8ef3da,3,top_heavy,"[190, 90, 70]",0,0.0,1
179,ed32ea00d52a492b93ce00ce06b93f4a,3,top_heavy,"[190, 90, 70]",1,1.0,1
180,45e285d6497d478b835ec6f97fe0edb8,3,top_heavy,"[190, 90, 70]",0,0.5,1
181,287086d87ca540629ea9a5d1f3e42827,3,top_heavy,"[190, 90, 70]",0,0.0,0
182,66671cea0dee4e95ace4c4ccbdcc094b,3,top_heavy,"[190, 90, 70]",0,0.0,0
183,1c3202898a2340d8b9ee33b3d2feb483,3,top_heavy,"[190, 90, 70]",1,1.0,1
184,b91f7ce859194bf3a952f9948618cfaf,3,top_heavy,"[190, 90, 70]",0,0.0,0
185,8da9a487491d4861815c860882b46f1b,3,top_heavy,"[190, 90, 70]",1,1.0,1
186,b0bc5b996f8c43a4a27f7a0a92100227,3,top_heavy,"[190, 90, 70]",0,0.0,0
187,b3d3a7f3fd00419c896e03a2dd70c2eb,3,top_heavy,"[190, 90, 70]",0,0.0,0
188,9723fcbfda3b41f1a2928a72b5614b05,3,top_heavy,"[190, 90, 70]",0,0.0,0
189,354948edd4c94ed49d3c744a8213b0e4,3,top_heavy,"[190, 90, 70]",0,0.0,0
190,06ad4f09434a47e7a9563d96bde0e71f,3,top_heavy,"[190, 90, 70]",0,0.7804878048780487,1
191,9ed3661a6d2945fbb92425ece8bc177e,3,top_heavy,"[190, 90, 70]",0,0.0,0
192,ef60d03b67d34a1190d04693fee8767f,3,top_heavy,"[190, 90, 70]",0,0.0,0
193,63fc6e7a70aa4d60a8cab579a90afb9e,3,top_heavy,"[190, 90, 70]",0,0.0,1
194,8c780963994f44c7835580cb22bc2fdc,3,top_heavy,"[190, 90, 70]",0,0.6923076923076924,1
195,60f332bc68e64d8680e179e359b0d6fa,3,top_heavy,"[190, 90, 70]",0,0.0,1
196,69e712f057644faf86a9688a85a2deee,3,top_heavy,"[190, 90, 70]",1,1.0,1
197,1a4a586dd10143f3a68247ae4c535713,3,top_heavy,"[190, 90, 70]",1,1.0,1
198,ba52569b388b4b339129a0277c7eb2e8,3,top_heavy,"[190, 90, 70]",1,1.0,1
199,a5c81a5e5d3c42d089cd98f0b556de2f,3,top_heavy,"[190, 90, 70]",0,0.0,0
200,0af880e8558a4fc3afbc9a8a25d081fd,3,top_heavy,"[190, 90, 70]",0,0.4,1
201,073515a682484ceaac87a83d1ab38a06,3,top_heavy,"[190, 90, 70]",0,0.23529411764705885,1
202,36ab12ff07cf46ed9af03891964f20de,3,top_heavy,"[190, 90, 70]",0,0.0,1
203,b189954307e7414b9d81ad99c7b730bf,3,top_heavy,"[190, 90, 70]",0,0.1111111111111111,1
204,37c0ef1f9eb3412594ff30f21611b882,3,top_heavy,"[190, 90, 70]",0,0.0,0
205,dc27c4c56b014020bd9e8a799860b06e,3,top_heavy,"[190, 90, 70]",1,1.0,1
206,aa9da743626a453780aaaf56e7816508,3,top_heavy,"[190, 90, 70]",0,0.0,0
207,5b94852dff984b19bf8264cd8bc1caa3,3,top_heavy,"[190, 90, 70]",0,0.0,1
208,980522a80742433e96b144a86fd2ddce,3,top_heavy,"[190, 90, 70]",0,0.0,0
209,c5fc7fc4522b43b7a0802acbd3963efd,3,top_heavy,"[190, 90, 70]",1,1.0,1
210,7374f521a2854922b8f6f8890ecda23d,3,top_heavy,"[190, 90, 70]",0,0.32,1
211,29cd58ae62e94dc4b7315ce4b50010ef,3,top_heavy,"[190, 90, 70]",0,0.25,1
212,5fcc6fb126e14d65ba4d0d86bb28a8be,3,top_heavy,"[190, 90, 70]",1,1.0,1
213,2b41e95bcc554f69b8d594bc3d05bf1a,3,top_heavy,"[190, 90, 70]",0,0.07692307692307693,1
214,8ae5ae5b607b4dbc86f7da5147a095c7,3,top_heavy,"[190, 90, 70]",0,0.0,0
215,fc7d87cd43814b8db5d9bcc43cba1da3,3,top_heavy,"[190, 90, 70]",0,0.7499999999999999,1
216,0338d7711b1646d6be2b815c279cff54,3,top_heavy,"[190, 90, 70]",0,0.0,1
217,dcb53cda7e6144fca04963ac7581bcdd,3,top_heavy,"[190, 90, 70]",0,0.0,1
218,ecccb9b15eb3413d8f3a5ad8d8983716,3,top_heavy,"[190, 90, 70]",0,0.0,0
219,fa3b764edd7a4c44be5b8921112e8bf6,3,top_heavy,"[190, 90, 70]",0,0.0,0
220,493624c8263b40ec97c127e45b45d5c1,3,top_heavy,"[190, 90, 70]",0,0.0,0
221,ebee9fdad5b64bab83267a364ea4d10b,3,top_heavy,"[190, 90, 70]",0,0.5714285714285715,1
222,1fd96469f9a24b37814917f25f8060f2,3,top_heavy,"[190, 90, 70]",0,0.5714285714285715,0
223,f97696deb9704d2f8ae5834f9fcdd88c,3,top_heavy,"[190, 90, 70]",0,0.4,1
224,da54c67b92b74a2c91d2227d09a41438,3,top_heavy,"[190, 90, 70]",0,0.0,1
225,1416c66b2eb543aea04972d5780b31d6,3,top_heavy,"[190, 90, 70]",0,0.0,0
226,ec0a4212a5df47f682fbba53188e7af8,3,top_heavy,"[190, 90, 70]",0,0.0,0
227,856b14030ac342bb979ca5091377cff0,3,top_heavy,"[190, 90, 70]",0,0.0,0
228,58c9a110235b4879950e679babb53318,3,top_heavy,"[190, 90, 70]",0,0.0,1
229,eff7102be794409081a5e3b3ef3c9518,3,top_heavy,"[190, 90, 70]",0,0.05128205128205128,1
230,99331d54ed084ccf98837531ede526e3,3,top_heavy,"[190, 90, 70]",0,0.25,0
231,400ab40069334ea6a12b1085941a9880,3,top_heavy,"[190, 90, 70]",0,0.5,1
232,9f1d761a46c64578849ff7408c6351b2,3,top_heavy,"[190, 90, 70]",0,0.25,1
233,241f5227a1124be591341cf33b2ecb2f,3,top_heavy,"[190, 90, 70]",0,0.8571428571428571,1
234,4f05dc53dcc24ed1a59fdd5d950966d0,3,top_heavy,"[190, 90, 70]",0,0.0,0
235,e1dac33266d048c89894eab0b0dc1c2a,3,top_heavy,"[190, 90, 70]",0,0.0,1
236,ce3ecd44941f4597ae927b61841b860a,3,top_heavy,"[190, 90, 70]",0,0.0,1
237,d031593cc6f142f6bba7e64ea9224dea,3,top_heavy,"[190, 90, 70]",1,1.0,1
238,5b5d465a7ab2427485a00f3638543996,3,top_heavy,"[190, 90, 70]",0,0.0,1
239,53fe1484646648969f42e40f550ab7ef,3,top_heavy,"[190, 90, 70]",0,0.6666666666666666,1
240,d86c4a3e9c944a5595ffd076817380c9,3,top_heavy,"[190, 90, 70]",0,0.0,0
241,d847d59c18884a8eaddd5fc55d047799,3,top_heavy,"[190, 90, 70]",0,0.0,1
242,b5e7dc56ca2e4d68bc9b59696bca7f75,3,top_heavy,"[190, 90, 70]",0,0.18181818181818182,1
243,bd356a60992b44f7840f99ffc390382c,3,top_heavy,"[190, 90, 70]",1,1.0,1
244,f8c03f10b27045d89e068c461ea3d69c,3,top_heavy,"[190, 90, 70]",0,0.0,1
245,f57595f77502405fbe6baf093d8baea0,3,top_heavy,"[190, 90, 70]",1,1.0,1
246,a697c765c3e74e0cb48088ea3ecdcdb1,3,top_heavy,"[190, 90, 70]",0,0.0,1
247,57e62137793b4537bb7eb95d44481eb3,3,top_heavy,"[190, 90, 70]",0,0.3333333333333333,1
248,7cb53bae73d64900a63fde04f93eceea,3,top_heavy,"[190, 90, 70]",0,0.0,0
249,a8ff7b13f4b943d89f09cf03cbde580a,3,top_heavy,"[190, 90, 70]",0,0.0,0
250,547765c1158b4a5a8100d6a300aa88b1,3,top_heavy,"[190, 90, 70]",0,0.5,1
251,31d748672420422aa724d2b6db6b1d18,3,top_heavy,"[190, 90, 70]",0,0.0,1
252,f8542bff725c4264aaf360ad929a1807,3,top_heavy,"[190, 90, 70]",0,0.0,0
253,0d56e8c7e4b6449696113a82ec0da19e,3,top_heavy,"[190, 90, 70]",0,0.0,1
254,0ad40f362389498382471e1f6171f996,3,top_heavy,"[190, 90, 70]",0,0.5,1
255,9adfdf882a9a4f8bb69b96506ce7471c,3,top_heavy,"[190, 90, 70]",1,1.0,1
256,63b89182644f454c92026c4ca6747140,3,top_heavy,"[190, 90, 70]",0,0.0,0
257,62c441cc36584729bc6608d4f56ca4d6,3,top_heavy,"[190, 90, 70]",0,0.0,1
258,480a34c34b094ac6b071bc658c0da810,3,top_heavy,"[190, 90, 70]",0,0.0,0
259,db571ac79d34404b9a59b62c7fd38c56,3,top_heavy,"[190, 90, 70]",0,0.15789473684210528,1
260,9e3b57d9763d4f1da04cc784d5944be2,3,top_heavy,"[190, 90, 70]",0,0.0,0
261,7594504b380443f6920beb03b1379bd7,3,top_heavy,"[190, 90, 70]",0,0.05555555555555555,1
262,d0a7880cce6f4bce95aaaf322c41355f,3,top_heavy,"[190, 90, 70]",0,0.1875,1
263,bdc7cf3241594e52a3164b489f50370d,3,top_heavy,"[190, 90, 70]",0,0.6666666666666666,1
264,d5500a7bfa4d4b1683dc90808707e306,3,top_heavy,"[190, 90, 70]",0,0.0,1
265,8bf4e9d3157446bd95bbea12227c100b,3,top_heavy,"[190, 90, 70]",0,0.5,1
266,487cd2a2f5ee49bb96d33d0d56ea6a2b,3,top_heavy,"[190, 90, 70]",1,1.0,1
267,8fcc1e39bba146a08300eef42c641e71,3,top_heavy,"[190, 90, 70]",0,0.0,0
268,383db81acf1f476d8aa21be94cc9daa7,3,top_heavy,"[190, 90, 70]",1,1.0,1
269,3ded2ac8aff04250896711bfc070cd39,3,top_heavy,"[190, 90, 70]",0,0.0,0
270,fcccb4baf6314a589f6725cf1dc37979,3,top_heavy,"[190, 90, 70]",0,0.14285714285714288,0
271,3365b3e46e9240dca893042f6f34486f,3,top_heavy,"[190, 90, 70]",0,0.18181818181818182,1
272,7f764f3b545744048cf82108c4bb5157,3,top_heavy,"[190, 90, 70]",0,0.22222222222222224,0
273,ad0e4b1a103d400f9ef4dd6827e215b9,3,top_heavy,"[190, 90, 70]",0,0.0,0
274,198f769edd5c4bd7b829ffeaa6d595c1,3,top_heavy,"[190, 90, 70]",0,0.0,1
275,e296d418c6614640b45afe738e0fe7ce,3,top_heavy,"[190, 90, 70]",0,0.10526315789473684,1
276,489edeed2f20435b9fc8ab429d160239,3,top_heavy,"[190, 90, 70]",1,1.0,1
277,b39eac495217430ebe3cfb37878882ee,3,top_heavy,"[190, 90, 70]",0,0.0,1
278,e772ff7304f54b78a3280763cf427221,3,top_heavy,"[190, 90, 70]",0,0.0,0
279,d16db94dc08840cb930ce9cf59151bef,3,top_heavy,"[190, 90, 70]",0,0.0,1
280,92100c8dcef141f69ab22ef3ad13d9d5,3,top_heavy,"[190, 90, 70]",0,0.0,1
281,11452fbd4fdb40d8bd8f10d24a8087e2,3,top_heavy,"[190, 90, 70]",0,0.0,0
282,3b8f128366fb4a669715a4b6cfc166cd,3,top_heavy,"[190, 90, 70]",0,0.0,0
283,3dd9a7133b594635ac914a6abccf0e46,3,top_heavy,"[190, 90, 70]",0,0.0,1
284,f2f07af9f9874dc992ca32c22063ffd4,3,top_heavy,"[190, 90, 70]",0,0.0,1
285,5ff5d8f1083b442cbf759f1980f8cd15,3,top_heavy,"[190, 90, 70]",0,0.0,0
286,8047bb5d810b4c2f967c45b876ff4bb8,3,top_heavy,"[190, 90, 70]",1,1.0,1
287,1e7aa41fe6ff4d048cf6c314eaae526a,3,top_heavy,"[190, 90, 70]",0,0.0,0
288,32e5e53144904525bdd91c2346ecdc21,3,top_heavy,"[190, 90, 70]",0,0.0,1
289,3645db7e841f4242ae0b3be674e8bc8a,3,top_heavy,"[190, 90, 70]",0,0.4,1
290,b344f9c87e2d4e5498338ea56023892c,3,top_heavy,"[190, 90, 70]",0,0.8,1
291,cae1c72a196e41c0919e17bc003a3a5f,3,top_heavy,"[190, 90, 70]",0,0.0,0
292,d21a2587e9e64ae08a9243d3f950521b,3,top_heavy,"[190, 90, 70]",0,0.0,0
293,f8657886cea34216b10630e96b7a2932,3,top_heavy,"[190, 90, 70]",0,0.15384615384615385,1
294,14c07142ff80440483ee9fdc0f2d8b06,3,top_heavy,"[190, 90, 70]",0,0.14285714285714288,1
295,c1028f19198147868af85aa60943519d,3,top_heavy,"[190, 90, 70]",0,0.0,0
296,c5e69a8c19ec4fadb153de7ed8d06b9f,3,top_heavy,"[190, 90, 70]",0,0.6666666666666666,1
297,b476d07cc2e747d0bad28a795661540d,3,top_heavy,"[190, 90, 70]",0,0.0,0
298,ce3ef968a0704a3fa36f7f605ed0031a,3,top_heavy,"[190, 90, 70]",0,0.0,0
299,5d6dc2b279594850a8ffce1f1b7892aa,3,top_heavy,"[190, 90, 70]",0,0.6666666666666666,1
300,74518b730d2941859c8fc206f74de46a,3,top_heavy,"[190, 90, 70]",0,0.3333333333333333,0
301,679586e746bf437fb4372790a38aaa81,3,top_heavy,"[190, 90, 70]",0,0.0,1
302,5aaeceef16f34275b07bef56b93edddc,3,top_heavy,"[190, 90, 70]",0,0.0,1
303,cf3bbf5197224180b1a20f44bba8ff58,3,top_heavy,"[190, 90, 70]",1,1.0,1
304,77581c9e1c504eb6a88f1cc8693a1f7b,3,top_heavy,"[190, 90, 70]",0,0.2857142857142857,1
305,57c251b6218b4c1094f9dfb9f53f2a21,3,top_heavy,"[190, 90, 70]",0,0.0,1
306,786e56a75654431f8335c0a57f0e3d3e,3,top_heavy,"[190, 90, 70]",1,1.0,1
307,e3ece1d381234fa9a9402f702b38c5b5,3,top_heavy,"[190, 90, 70]",0,0.0,1
308,f5627bd7cf9545e78204161253ca2e8e,3,top_heavy,"[190, 90, 70]",0,0.8571428571428571,1
309,4f1dcb1b8e9745ddb92444ccacb4b1b8,3,top_heavy,"[190, 90, 70]",0,0.6666666666666666,1
310,98bbd1deff4143b780e5d123925bdbee,3,top_heavy,"[190, 90, 70]",0,0.0,1
311,f510e4b92495473db9b86dd2d5b6eb18,3,top_heavy,"[190, 90, 70]",1,1.0,1
312,7baaa5545ac44114b79c5420d561d85e,3,top_heavy,"[190, 90, 70]",1,1.0,1
313,143a0df7e66a473ba5804b1c75f56c86,3,top_heavy,"[190, 90, 70]",0,0.0,0
314,bd0f2b0fc40146edb228ac6be2fd9e5a,3,top_heavy,"[190, 90, 70]",0,0.3333333333333333,1
315,06bff66d3af04edd808a81c4b0a106a7,3,top_heavy,"[190, 90, 70]",1,1.0,1
316,cbb5d9c625b74ae1b3426d2a185549c4,3,top_heavy,"[190, 90, 70]",0,0.0,0
317,3bb0f77a9cbc44fab12fdc8005e69f91,3,top_heavy,"[190, 90, 70]",0,0.0,0
318,5f24d26d866b410da298cec18f321605,3,top_heavy,"[190, 90, 70]",1,1.0,1
319,e6bd79cae1cb472c990b5226f2a87152,3,top_heavy,"[190, 90, 70]",0,0.1818181818181818,1
320,e111ffbe05e4468c85bfaeceec2ea821,3,top_heavy,"[190, 90, 70]",1,1.0,1
321,8caeb3cde3074e66af2795f258908f69,3,top_heavy,"[190, 90, 70]",1,1.0,1
322,f8b5c43adc974d82aaab3f81649ca754,3,top_heavy,"[190, 90, 70]",1,1.0,1
323,574519a5dbfc4727bd68c1f4f0ad92b0,3,top_heavy,"[190, 90, 70]",1,1.0,1
324,842b90f71d4142229534788a21189892,3,top_heavy,"[190, 90, 70]",1,1.0,1
325,09a4f669c3ce4432954d3b5348ffde56,3,top_heavy,"[190, 90, 70]",1,1.0,1
326,b2a92b434a344e49b3a6911bfd86e98f,3,top_heavy,"[190, 90, 70]",0,0.9090909090909091,1
327,6029989106ef4c32bc7eb342670dc8c1,3,top_heavy,"[190, 90, 70]",0,0.125,1
328,e412730b37274c11bad105b38ed9e196,3,top_heavy,"[190, 90, 70]",1,1.0,1
329,c5c6d814143a4f1eb7cc7546d9654173,3,top_heavy,"[190, 90, 70]",1,1.0,1
330,0633af8dabeb4925bf0fb0110cc54247,3,top_heavy,"[190, 90, 70]",0,0.13333333333333333,1
331,044418fd6fd646ec89a54a7013712c9d,3,top_heavy,"[190, 90, 70]",0,0.923076923076923,1
332,8b9a2f29b35b41e38cb94347237d59d7,3,top_heavy,"[190, 90, 70]",0,0.09523809523809523,1
333,26782a326a394d688dda2441308bf00a,3,top_heavy,"[190, 90, 70]",0,0.0,1
334,f9bf09905dc249e69f69c4db9b323d0f,3,top_heavy,"[190, 90, 70]",0,0.6666666666666666,1
335,07f2d15033cf4fb6916bed5d56dcb8f5,3,top_heavy,"[190, 90, 70]",0,0.0,1
336,a045cbc6199c4b9e8dbb8545febda365,3,top_heavy,"[190, 90, 70]",0,0.0,0
337,af446346d828479ca02c375ec2973773,3,top_heavy,"[190, 90, 70]",0,0.0,0
338,8447a26148c9454da18385e3d9fa4a3c,3,top_heavy,"[190, 90, 70]",0,0.0,0
339,2a7071c8d8c74dac901956228d59fdfb,3,top_heavy,"[190, 90, 70]",0,0.0,0
340,55bc45f2e63149869e4d0e52da6cb421,3,top_heavy,"[190, 90, 70]",0,0.1,1
341,bb2c93be295348eb933e57a16325af76,3,top_heavy,"[190, 90, 70]",1,1.0,1
342,cff18af0aed84c39ab0d156de7f507f8,3,top_heavy,"[190, 90, 70]",1,1.0,1
343,423f76b5864047f480599c7946546eb1,3,top_heavy,"[190, 90, 70]",0,0.0,0
344,0754e951855e46df80b0269253e4acf7,3,top_heavy,"[190, 90, 70]",0,0.0,0
345,5bdc71bbfc6e4934aa337ab24559eb6c,3,top_heavy,"[190, 90, 70]",0,0.0,0
346,b71eed014a8c4e51ba0bb48aeb1939ae,3,top_heavy,"[190, 90, 70]",1,1.0,1
347,d09f358431284dea95dec8e61590dbf4,3,top_heavy,"[190, 90, 70]",0,0.0,1
348,5bbab85f5ac243a9b98914f8c7af6eb4,3,top_heavy,"[190, 90, 70]",0,0.0,0
349,18cc95b228434b23a3969ac0d65687fa,3,top_heavy,"[190, 90, 70]",0,0.0,0
350,b322fdc7819546138582ebc07e8aa7a8,3,top_heavy,"[190, 90, 70]",1,1.0,1
351,f955cb3e7bda4a93a867b361b7b96327,3,top_heavy,"[190, 90, 70]",1,1.0,1
352,62e9113dcca84b61af8304429b1570da,3,top_heavy,"[190, 90, 70]",0,0.0,0
353,f3fc1b6ee3b24e47856d9fe7730350a2,3,top_heavy,"[190, 90, 70]",0,0.0392156862745098,0
354,8f0cfcb0d46d43eeb6c7ee04cd29c027,3,top_heavy,"[190, 90, 70]",0,0.0,1
355,82eb7d4504834ceabad83742c2d0ab5c,3,top_heavy,"[190, 90, 70]",0,0.6666666666666666,1
356,bf16d51b5b9540ec83fba053bc26a8a9,3,top_heavy,"[190, 90, 70]",0,0.06666666666666667,1
357,e62ce90267b149f7a65dc0901c614317,3,top_heavy,"[190, 90, 70]",0,0.6666666666666666,1
358,8e376a7767224f8381c8ee661c43ad16,3,top_heavy,"[190, 90, 70]",0,0.0,1
359,435fd88dd9034cf1bd211e03bab2bed5,3,top_heavy,"[190, 90, 70]",1,1.0,1
360,109740b4edfa49c5961632436d1df48c,3,top_heavy,"[190, 90, 70]",0,0.0,1
361,a4c31c16dd1a4cf493b8c20500a88539,3,top_heavy,"[190, 90, 70]",1,1.0,1
362,721498d8723844d5b1ab0d15eb8e7699,3,top_heavy,"[190, 90, 70]",0,0.0,0
363,1699130630f2472cacfcbfe214d40416,3,top_heavy,"[190, 90, 70]",0,0.0,0
364,cceb8fa1b2a84757932a6f7ae86b3653,3,top_heavy,"[190, 90, 70]",1,1.0,1
365,147cef44c6e64257a962d7ed7e7df893,3,top_heavy,"[190, 90, 70]",0,0.0,0
366,afdf5764dddf4d858cff8be47f91fba7,3,top_heavy,"[190, 90, 70]",1,1.0,1
367,77dc5fcd3f654630a9a8ec90c9375b45,3,top_heavy,"[190, 90, 70]",0,0.0,0
368,3a33ecb066b9443e85b68c446f45b287,3,top_heavy,"[190, 90, 70]",0,0.0,1
369,43204be4d77d421990db36f2d9951e63,3,top_heavy,"[190, 90, 70]",0,0.0,1
370,4c961dd89b054526b342c921486477a6,3,top_heavy,"[190, 90, 70]",0,0.0,1
371,89b7733b0a994df7b4250953ccff9c24,3,top_heavy,"[190, 90, 70]",0,0.0,1
372,8b627a95012d4f65a70aff1249d43d64,3,top_heavy,"[190, 90, 70]",0,0.8,1
373,b99c50bfd5f849afb601bd8ac95b0bf4,3,top_heavy,"[190, 90, 70]",0,0.0,1
374,ff383ab32c9942908db5946a8fe654d3,3,top_heavy,"[190, 90, 70]",0,0.0,0
375,89abc7236e6941ee88a263d88d6d299a,3,top_heavy,"[190, 90, 70]",0,0.04444444444444444,1
376,fadd2528784f4a9fa3b391626e69ffc0,3,top_heavy,"[190, 90, 70]",0,0.0,0
377,1958d14b7db54bffbbdd57e3677c08e7,3,top_heavy,"[190, 90, 70]",1,1.0,1
378,9966c7735a6649d88366224ff6552c68,3,top_heavy,"[190, 90, 70]",0,0.0,0
379,2818d5e47a844bc9831496e2f587a803,3,top_heavy,"[190, 90, 70]",0,0.4,1
380,74f114ab49744e608eafab899371d913,3,top_heavy,"[190, 90, 70]",0,0.0,1
381,f724593e7f4842569187dae70a2560d9,3,top_heavy,"[190, 90, 70]",0,0.0,1
382,3e46e0220a18483fb0fd448bcc36815e,3,top_heavy,"[190, 90, 70]",1,1.0,1
383,ec9dedf313ba4f90883a2b01909553b3,3,top_heavy,"[190, 90, 70]",0,0.2857142857142857,1
384,2e9b048c06dc45be97da6116056f74f6,3,top_heavy,"[190, 90, 70]",0,0.0,1
385,efc438e4fd18417daa0e662499fbe956,3,top_heavy,"[190, 90, 70]",0,0.6666666666666666,0
386,33313f986ec740f3b824bc3accb9111e,3,top_heavy,"[190, 90, 70]",1,1.0,1
387,8eacd2be836f472a83d7008f33ed8506,3,top_heavy,"[190, 90, 70]",0,0.0,1
388,6cb904d598ce4f7ebb4e4283a24a2f63,3,top_heavy,"[190, 90, 70]",1,1.0,1
389,194bd503229c46c3b308896e770e1eb1,3,top_heavy,"[190, 90, 70]",1,1.0,1
390,0c1c6f6b44e3466eac1a68dadefd06ab,3,top_heavy,"[190, 90, 70]",0,0.0,1
391,c5559fa0b9a0438a9b843d4207061a3d,3,top_heavy,"[190, 90, 70]",0,0.0,1
392,a168c89e395546be9605e969f682e554,3,top_heavy,"[190, 90, 70]",0,0.0,1
393,849240180c584f71bc56c0c92c5df5fd,3,top_heavy,"[190, 90, 70]",0,0.0,0
394,d69a7141ec1c4110ac124dd58d19b8b4,3,top_heavy,"[190, 90, 70]",0,0.15584415584415584,0
395,d94300f7464c401db93e557fec221320,3,top_heavy,"[190, 90, 70]",0,0.4,0
396,fa44913cfa244faa88e773dcc3045012,3,top_heavy,"[190, 90, 70]",0,0.0,1
397,e98ac3de59a646c69b6eb17d3e3a4d0d,3,top_heavy,"[190, 90, 70]",0,0.0,0
398,d745bee67227422b824140f2734b0621,3,top_heavy,"[190, 90, 70]",0,0.06896551724137931,0
399,25eec8384d9d45b8b75affcc9f164be3,3,top_heavy,"[190, 90, 70]",0,0.0,1
400,912cb6aecbec4dc2b44ee22a076c3e2a,3,top_heavy,"[190, 90, 70]",0,0.0,0
401,f523ba87f5714a108e9bae698f676063,3,top_heavy,"[190, 90, 70]",0,0.11764705882352941,1
402,3f28f7be13ad43cda7681b7fa874843c,3,top_heavy,"[190, 90, 70]",1,1.0,1
403,51ff7cdf97074a07862234487477ef4a,3,top_heavy,"[190, 90, 70]",0,0.7499999999999999,1
404,6e1780414deb4cf9b49568f07b3bdc26,3,top_heavy,"[190, 90, 70]",0,0.0,0
405,f61206d61cf94401b8fbb566b0b67ec7,3,top_heavy,"[190, 90, 70]",0,0.0,1
406,12859cbba89f494b98e6b7be8b4c88ff,3,top_heavy,"[190, 90, 70]",0,0.0,0
407,1e326f32613a417fb55b23337862c62b,3,top_heavy,"[190, 90, 70]",1,1.0,1
408,4ff0076b7fe74648806429e78621f265,3,top_heavy,"[190, 90, 70]",0,0.0,0
409,531b64eef1bd44568360b3ab40da40da,3,top_heavy,"[190, 90, 70]",0,0.0,0
410,ef15b705b7c54e77b276f22c804ce15d,3,top_heavy,"[190, 90, 70]",0,0.6666666666666666,1
411,bf9d67fa8b3849ceb410c4dfd7947e5f,3,top_heavy,"[190, 90, 70]",0,0.0,0
412,8b256cf4c08f4507b8b2f96d7289b585,3,top_heavy,"[190, 90, 70]",0,0.054054054054054064,1
413,ab65135d9fc94f16a97555b6b3c54832,3,top_heavy,"[190, 90, 70]",0,0.0,1
414,21c894485b7a4cb0b66313dd1802a3c2,3,top_heavy,"[190, 90, 70]",0,0.0,1
415,23f3abb43b8f4f74bffb018bb3943125,3,top_heavy,"[190, 90, 70]",0,0.0,1
416,cdec7a0d975642d38b3b2d449bffc3e8,3,top_heavy,"[190, 90, 70]",0,0.0,0
417,803441a3a59d42b293810212bf2d6ced,3,top_heavy,"[190, 90, 70]",0,0.8823529411764706,1
418,738dc2a651c7477abe2efc0e5547054a,3,top_heavy,"[190, 90, 70]",1,1.0,1
419,2fcf533dede444f2a0296b3bf112e0bd,3,top_heavy,"[190, 90, 70]",1,1.0,1
420,a1747749a3904c53b124b17ba86b1df6,3,top_heavy,"[190, 90, 70]",0,0.0,1
421,95a04d9fc49441cd901191b2390f05cd,3,top_heavy,"[190, 90, 70]",0,0.08163265306122448,1
422,1a82de30a1e546bbaf099a05d79a6230,3,top_heavy,"[190, 90, 70]",0,0.0,1
423,bc20c452e45644e4beb92b0f35859105,3,top_heavy,"[190, 90, 70]",1,1.0,1
424,1f2ee8a4ce5d448e8ed30e7ca27b2b32,3,top_heavy,"[190, 90, 70]",0,0.0,1
425,3f1a03dd30304609a4e646069b0deffd,3,top_heavy,"[190, 90, 70]",0,0.0,0
426,a256f8f1dbd644c98a3bc79d072405fc,3,top_heavy,"[190, 90, 70]",1,1.0,1
427,35d000cd64d14585bd474322dc4f4f70,3,top_heavy,"[190, 90, 70]",0,0.0425531914893617,1
428,7e9ac1c4bf0845eab105c8b1b9265db2,3,top_heavy,"[190, 90, 70]",0,0.0,0
429,652962af37ce4c5799789678fa661553,3,top_heavy,"[190, 90, 70]",0,0.39999999999999997,1
430,f5894ccfbf314a63baaca983e208a43b,3,top_heavy,"[190, 90, 70]",1,1.0,1
431,8a3561154a454ca597d3a9a636a95a93,3,top_heavy,"[190, 90, 70]",0,0.0,1
432,6fe2385a3a1f4e7c8b1982cad82c939d,3,top_heavy,"[190, 90, 70]",0,0.8571428571428571,1
433,6f8f3d49dd8845de8307ad2d9fabf269,3,top_heavy,"[190, 90, 70]",0,0.0,1
434,a36a9969dee14e6f90fc1785e4d8151a,3,top_heavy,"[190, 90, 70]",1,1.0,1
435,1d1a6ab35fe14fdd8bbe88f884d82ce6,3,top_heavy,"[190, 90, 70]",0,0.0909090909090909,1
436,fb776aaae451464692b974373b39e4c5,3,top_heavy,"[190, 90, 70]",1,1.0,1
437,6616d9ae236f46acb990d2a879bf346f,3,top_heavy,"[190, 90, 70]",1,1.0,1
438,374bacece7a6435484e32852ba73f4a8,3,top_heavy,"[190, 90, 70]",0,0.6666666666666666,1
439,527a875dd5504c12b1e26cec3ff31fb6,3,top_heavy,"[190, 90, 70]",0,0.0,1
440,3b6bbfa360e14c8ea4997b82981bf6f7,3,top_heavy,"[190, 90, 70]",1,1.0,1
441,4f66952eeb534a109a11044fcfecf033,3,top_heavy,"[190, 90, 70]",0,0.0,0
442,dcd06efd15d8483f9ae99008aae4b8e6,3,top_heavy,"[190, 90, 70]",0,0.6666666666666666,1
443,c452c1a025c44bdab1694894c2799e64,3,top_heavy,"[190, 90, 70]",0,0.0,1
444,2efef198621244dc8f660e49bcb0b54e,3,top_heavy,"[190, 90, 70]",0,0.4,1
445,0b9b15aa02b54f8e82a61c149799963b,3,top_heavy,"[190, 90, 70]",0,0.0,1
446,a77bad2720ec43aba758a5c99624b6c3,3,top_heavy,"[190, 90, 70]",0,0.0,1
447,42c9c8fe7ee843dbbe578fdc4dbba39a,3,top_heavy,"[190, 90, 70]",0,0.0,1
448,500e35b80a13424c8eb9c6e6a0b9af15,3,top_heavy,"[190, 90, 70]",0,0.0,1
449,490da89fb4c743858167b5b75af14ddd,3,top_heavy,"[190, 90, 70]",0,0.0,1
450,03905a27a5b841e59153c2e3de3c99f4,3,top_heavy,"[190, 90, 70]",0,0.0,0
451,bb334d8819054ded95d25bd214397832,3,top_heavy,"[190, 90, 70]",0,0.0,1
452,ccf8e9a161124b058363c911f27cc4bf,3,top_heavy,"[190, 90, 70]",0,0.6666666666666666,1
453,d83d3eda31c14835877587e71ae8f858,3,top_heavy,"[190, 90, 70]",1,1.0,1
454,4b7de03eac3642c5aad653d3fe1600dc,3,top_heavy,"[190, 90, 70]",0,0.12121212121212123,1
455,574737b3f4284419a8e2bcf43167e253,3,top_heavy,"[190, 90, 70]",0,0.6666666666666666,1
456,4e8d8610abde45809ece08144c48d9e7,3,top_heavy,"[190, 90, 70]",0,0.6666666666666666,1
457,80f8912075b14d1a91b62f0c2d06ca84,3,top_heavy,"[190, 90, 70]",1,1.0,1
458,6401157d496747a092bf97a5f430d281,3,top_heavy,"[190, 90, 70]",0,0.0,1
459,614b047fc1144246af208be2a508d5ce,3,top_heavy,"[190, 90, 70]",0,0.0,0
460,0dfeb9e7d43747bcac4e5ac700caec79,3,top_heavy,"[190, 90, 70]",1,1.0,1
461,edb3d5b64911443798e8e83b07ae5b99,3,top_heavy,"[190, 90, 70]",0,0.06666666666666668,1
462,d54a2fd059b54e2d80b503109524db0a,3,top_heavy,"[190, 90, 70]",1,1.0,1
463,c564493e2442402ebb6d4a5af51f7c25,3,top_heavy,"[190, 90, 70]",0,0.5454545454545454,1
464,b32d5172d0b3451b83352d24deab59e6,3,top_heavy,"[190, 90, 70]",0,0.0,1
465,19d523d3a0824aed8cc62eed5e24f1e4,3,top_heavy,"[190, 90, 70]",0,0.0,1
466,4cff857ac2f74c6094f26f596ba0cb1f,3,top_heavy,"[190, 90, 70]",0,0.5,1
467,af77d75481ae4b0391017dfd394050f4,3,top_heavy,"[190, 90, 70]",1,1.0,1
468,2784aee1dd324e3f8945b73963b7785f,3,top_heavy,"[190, 90, 70]",0,0.8,1
469,d89807b1fdda40c2bebb55edf64c3938,3,top_heavy,"[190, 90, 70]",0,0.6,1
470,af5369c41cba4379978174fe353ddff6,3,top_heavy,"[190, 90, 70]",1,1.0,1
471,6bf1ecc9589d4447b31afde347505919,3,top_heavy,"[190, 90, 70]",0,0.0,0
472,ba2b3c2aeb464d8f8a949fc75944bcbd,3,top_heavy,"[190, 90, 70]",1,1.0,1
473,112542d377134435a5e6e79b2e9a5c1a,3,top_heavy,"[190, 90, 70]",0,0.0,1
474,80a9457351e14111aaf3fb84d3528092,3,top_heavy,"[190, 90, 70]",1,1.0,1
475,f2894e10d02a42c2b91b26caefadfbc9,3,top_heavy,"[190, 90, 70]",1,1.0,1
476,daccc4268b874f63a33873b7171ba8ff,3,top_heavy,"[190, 90, 70]",0,0.0,1
477,540ee9edf9fd4bfc981390d172704bbc,3,top_heavy,"[190, 90, 70]",0,0.0,1
478,116602c25c3e4b33b7a5a111f9174cbe,3,top_heavy,"[190, 90, 70]",0,0.0,0
479,66225a9def6a45ddaac68462170b34b7,3,top_heavy,"[190, 90, 70]",0,0.0,0
480,b75b64ca513e4ae3be64ff5d71a9b652,3,top_heavy,"[190, 90, 70]",0,0.0,0
481,1aa0b7493d9b47bbb4625d39922576b6,3,top_heavy,"[190, 90, 70]",0,0.0,0
482,ce867b37ae1d4bc6b35988966e721575,3,top_heavy,"[190, 90, 70]",1,1.0,1
483,ab351f57bcf34ad6a535ed69e1eed04b,3,top_heavy,"[190, 90, 70]",0,0.0,1
484,f8d21ecd07db4b0888ea7c2c91f9135c,3,top_heavy,"[190, 90, 70]",0,0.0,0
485,66ccd850630b4a069b80af81f0d8fa0c,3,top_heavy,"[190, 90, 70]",0,0.0909090909090909,1
486,fccd16a6079343e5ad862a07f82e3f42,3,top_heavy,"[190, 90, 70]",0,0.888888888888889,1
487,5372bffd269e45f5b80bfa12e294af8f,3,top_heavy,"[190, 90, 70]",0,0.0,1
488,1e52126edb5a499381fb1f064dd4377c,3,top_heavy,"[190, 90, 70]",0,0.0,0
489,ddf8070fbf124b54bfdca93791ef2056,3,top_heavy,"[190, 90, 70]",0,0.0,1
490,ec552a3b81734f36ae2a031fc34b7519,3,top_heavy,"[190, 90, 70]",0,0.4615384615384615,1
491,23d1c9c515f3417ab70aba3c3bc43ec8,3,top_heavy,"[190, 90, 70]",0,0.0,1
492,af91062c61d0431fa90edb3cffc48da0,3,top_heavy,"[190, 90, 70]",0,0.4,1
493,9a9db144769c4ce29c4cdb431d756043,3,top_heavy,"[190, 90, 70]",0,0.0,0
494,3e4038716e3948b4b94243cad4cbfd1e,3,top_heavy,"[190, 90, 70]",0,0.0,0
495,dab26af5192549f1a07bed7fa63bf47e,3,top_heavy,"[190, 90, 70]",0,0.0,0
496,d58a27153bc74f08bfa857c4a80b1c90,3,top_heavy,"[190, 90, 70]",0,0.0,1
497,dd5a9212340046e2a340103c45fd7f17,3,top_heavy,"[190, 90, 70]",0,0.8,0
498,8b0fb3b8cfee4daba5b93311dbe5c5b5,3,top_heavy,"[190, 90, 70]",1,1.0,1
499,822d82601bda4b509b180096346c1885,3,top_heavy,"[190, 90, 70]",0,0.0,0
500,cff10f8297c64447bf388d45ed577e95,3,top_heavy,"[190, 90, 70]",1,1.0,1
501,ecb8eb62bc3d4ae280ea3151211089a3,3,top_heavy,"[190, 90, 70]",1,1.0,1
502,787d235e4c2b4d89b4d9aebff5779cf6,3,top_heavy,"[190, 90, 70]",0,0.0,0
503,bfb2c3311c5d45789500d104b3965147,3,top_heavy,"[190, 90, 70]",0,0.0,1
504,c754c326486641409687edae575f81ee,3,top_heavy,"[190, 90, 70]",0,0.0,1
505,fe0d714e8be546d994f3469fbc3bd068,3,top_heavy,"[190, 90, 70]",1,1.0,1
506,cac7bd69b3e546a8aeccaeabc394f172,3,top_heavy,"[190, 90, 70]",1,1.0,1
507,8a6ced88638f4bf68c6bb3d7a979d48e,3,top_heavy,"[190, 90, 70]",0,0.0,1
508,9186ab50536b4241b5033a6f1bfa8c9b,3,top_heavy,"[190, 90, 70]",0,0.3636363636363636,1
509,4166369ecf494ae998597cee8f2be647,3,top_heavy,"[190, 90, 70]",0,0.08333333333333333,1
510,78112e7810214d80b8fab5fa51c61200,3,top_heavy,"[190, 90, 70]",0,0.0,0
511,38ec897108f245b19aeba0e93e304360,3,top_heavy,"[190, 90, 70]",1,1.0,1
512,b26cac2e25c243dd93e2ac30801d55c9,3,top_heavy,"[190, 90, 70]",0,0.4,1
513,dda0f54af5084a31a2746f72210b0bd4,3,top_heavy,"[190, 90, 70]",0,0.0,1
514,8444096a84e9455287180d0b1a928142,3,top_heavy,"[190, 90, 70]",0,0.054054054054054064,1
515,22f46485365f4209a992b2f67feb0440,3,top_heavy,"[190, 90, 70]",0,0.9090909090909091,1
516,de36cde140ee4ceda620f1518dd104bc,3,top_heavy,"[190, 90, 70]",1,1.0,1
517,08183378ccb3472d903fd95b3b82e132,3,top_heavy,"[190, 90, 70]",0,0.2857142857142857,1
518,cb08cc75e99a4ec9807321f51dd40566,3,top_heavy,"[190, 90, 70]",0,0.0,0
519,1667240d3dd740ffa3c317106730a441,3,top_heavy,"[190, 90, 70]",0,0.0,0
520,b1de8025e01448dcabb96c7e5fab0186,3,top_heavy,"[190, 90, 70]",0,0.07407407407407408,0
521,4c3cfd857b01453f9d193ba70e0f2257,3,top_heavy,"[190, 90, 70]",1,1.0,1
522,bcdd509239274509afc8ae77cb5df604,3,top_heavy,"[190, 90, 70]",0,0.5,1
523,f7776c027aca468e87d60716cfe3c1c3,3,top_heavy,"[190, 90, 70]",0,0.6666666666666666,1
524,2242d2a664df4bf1967d3689e8b069d0,3,top_heavy,"[190, 90, 70]",1,1.0,1
525,420222ccc3794c10a9750e897a4532e0,3,top_heavy,"[190, 90, 70]",0,0.0,0
526,fe94d55d37024a71afeebcce19c9779c,3,top_heavy,"[190, 90, 70]",0,0.0,0
527,16083c1098654497a127f77ea191c127,3,top_heavy,"[190, 90, 70]",0,0.0,0
528,427c5359e1bd4e2ca065c379a9c5d227,3,top_heavy,"[190, 90, 70]",0,0.8,1
529,6b25cbff83ef403ba7c2ee3b03a1d8be,3,top_heavy,"[190, 90, 70]",0,0.0,0
530,d23a30ecc5b8469c8e6324ff5d42409b,3,top_heavy,"[190, 90, 70]",1,1.0,1
531,c4eb8e9e88a64fa49128ad4e99776c91,3,top_heavy,"[190, 90, 70]",0,0.0,1
532,0e497d4f0b4642248a1e1e4b25960ce0,3,top_heavy,"[190, 90, 70]",1,1.0,1
533,02a006ec43e94d8a8fec1ab448fa5e00,3,top_heavy,"[190, 90, 70]",0,0.4,1
534,6bdd81ddfa4d41f9a8dac2c1ce206945,3,top_heavy,"[190, 90, 70]",0,0.0,0
535,bd35d7a651974bb181849a4486692264,3,top_heavy,"[190, 90, 70]",1,1.0,1
536,7992ef8a5e8f4d9da5a3f75f157136a0,3,top_heavy,"[190, 90, 70]",0,0.0,1
537,10e96facf13e4091ba5c8cee71226ff0,3,top_heavy,"[190, 90, 70]",1,1.0,1
538,e854d8deb6cf4af4ac58d44cb3c027c3,3,top_heavy,"[190, 90, 70]",1,1.0,1
539,80109609b1f24dc0859af11d2bf33ca9,3,top_heavy,"[190, 90, 70]",1,1.0,1
540,1cc25c3729ab4627a29f3f11172af372,3,top_heavy,"[190, 90, 70]",0,0.0,1
541,805a6afa477c45d18a26ebba495ac1b7,3,top_heavy,"[190, 90, 70]",1,1.0,1
542,8dcf91cc88c7478fb336f2b856b1f9b8,3,top_heavy,"[190, 90, 70]",0,0.0,0
543,34532b23c4624e6e92c4faf30085297d,3,top_heavy,"[190, 90, 70]",0,0.0,0
544,ab7f7e70dde447fcaa29fdc20ba659db,3,top_heavy,"[190, 90, 70]",0,0.0,0
545,7904eba267c04097b63fb228937b62bb,3,top_heavy,"[190, 90, 70]",0,0.0,1
546,27ed5ffe8231443985b27f0d9d605774,3,top_heavy,"[190, 90, 70]",0,0.0,1
547,cdec18921af845c694384dea037eb6ec,3,top_heavy,"[190, 90, 70]",0,0.0,0
548,e5d6b99f2e6d4efea5d77b6e01aa98a3,3,top_heavy,"[190, 90, 70]",0,0.6,1
549,52e75f8056964c38b2a325a45841c089,3,top_heavy,"[190, 90, 70]",0,0.0,1
550,241ae106b1f7409d82a03f8296c8a6ab,3,top_heavy,"[190, 90, 70]",0,0.1111111111111111,1
551,374f14d949354e9aa9bdcfdc090433d7,3,top_heavy,"[190, 90, 70]",1,1.0,1
552,051e0cb33cb64409bbf8e8e79165bacf,3,top_heavy,"[190, 90, 70]",1,1.0,1
553,cfc8297fe16243e68fd7df070d7bd587,3,top_heavy,"[190, 90, 70]",0,0.5217391304347826,1
554,7df3df70d1c74ae9a1255fbee295ef62,3,top_heavy,"[190, 90, 70]",0,0.13333333333333333,1
555,9238d14529524f97a206ee0d51f157b8,3,top_heavy,"[190, 90, 70]",0,0.06060606060606061,0
556,0c9774b9297641e39224f703c4e13ec6,3,top_heavy,"[190, 90, 70]",0,0.125,1
557,5837e1a0fc834500856bc94d81b68ac2,3,top_heavy,"[190, 90, 70]",0,0.0,0
558,95e677b8475e40e3a6abedec6fe17104,3,top_heavy,"[190, 90, 70]",0,0.0,0
559,04aa223c25b44b43ba9c2cc94fb5ccc1,3,top_heavy,"[190, 90, 70]",0,0.0,1
560,b18ad0a41f164debb57278760e011fd1,3,top_heavy,"[190, 90, 70]",0,0.0,0
561,2ff5deeb56834423b46cb59226137c85,3,top_heavy,"[190, 90, 70]",1,1.0,1
562,fc754599d5c048639de9864adbce649a,3,top_heavy,"[190, 90, 70]",0,0.0,1
563,962454a456cc4bbb9a8d5bfba6abf79c,3,top_heavy,"[190, 90, 70]",0,0.21052631578947367,1
564,902f161fe57f4998b07fd0de6d95270d,3,top_heavy,"[190, 90, 70]",0,0.186046511627907,1
565,386263cd9738415982f8a63c4d30c2c5,3,top_heavy,"[190, 90, 70]",0,0.6666666666666666,0
566,7fa327c5d6d443e8b5528c521db7bf65,3,top_heavy,"[190, 90, 70]",0,0.0,0
567,a3350d80e3c94368aed1d9a34577d519,3,top_heavy,"[190, 90, 70]",0,0.0,1
568,0cecc7cafa884126923093cb39466c96,3,top_heavy,"[190, 90, 70]",1,1.0,1
569,e23472157c0d4ebe81a0fa5c027b3359,3,top_heavy,"[190, 90, 70]",0,0.0,0
570,0d5bc4fc6f0c425b98565b8f80bb6e43,3,top_heavy,"[190, 90, 70]",0,0.0,0
571,0104a4f929b64f0e84d574262a285e30,3,top_heavy,"[190, 90, 70]",0,0.14285714285714288,1
572,c5dc840ded554956be6daa4c6631deb3,3,top_heavy,"[190, 90, 70]",1,1.0,1
573,6254496b903a42e680fd882f3283fb49,3,top_heavy,"[190, 90, 70]",1,1.0,1
574,1f73b3ea836548d496ef68c08f4369f4,3,top_heavy,"[190, 90, 70]",1,1.0,1
575,6c170e4dcb7d4be0a567d55d531ba222,3,top_heavy,"[190, 90, 70]",0,0.4,1
576,64ca162a7daf4ca0b747b8b3d75eca51,3,top_heavy,"[190, 90, 70]",0,0.0,0
577,a73cab123714432c9731e0568fd9d43c,3,top_heavy,"[190, 90, 70]",0,0.33333333333333337,1
578,e504aa46a10248e8b18cb4639dce0467,3,top_heavy,"[190, 90, 70]",0,0.5,1
579,8e5c3c1a2b514ea2b0d9eb06879364c2,3,top_heavy,"[190, 90, 70]",1,1.0,1
580,843521ec385d4ca797c3a37842424dae,3,top_heavy,"[190, 90, 70]",0,0.0,0
581,1554e7b389d54ff7904f0bf2d82e269c,3,top_heavy,"[190, 90, 70]",0,0.0,0
582,0c64ef2bbeb543bf87efbb0b2617f2b1,3,top_heavy,"[190, 90, 70]",1,1.0,1
583,ffc6152628c540ecae6e6bab7f420f28,3,top_heavy,"[190, 90, 70]",0,0.888888888888889,1
584,c7c63ad1a040451eaf13ad8160295ba0,3,top_heavy,"[190, 90, 70]",0,0.0,0
585,e6a17a43379a40d1a0388edd679e1fc3,3,top_heavy,"[190, 90, 70]",1,1.0,1
586,808b1f032cab4da587ca8837b7ee6686,3,top_heavy,"[190, 90, 70]",0,0.6666666666666666,1
587,28ae4259c5bd485a899ec68af2eb4264,3,top_heavy,"[190, 90, 70]",0,0.0,0
588,62179d55c8ab4178bb0450eafda198cf,3,top_heavy,"[190, 90, 70]",0,0.0,0
589,157c103f7f3942c8be2ee84825ff7f32,3,top_heavy,"[190, 90, 70]",0,0.0,1
590,c551f0e759174fbc80c4d851c51c31fd,3,top_heavy,"[190, 90, 70]",0,0.0,1
591,8a34a18a13e9487984c1d6839fed053e,3,top_heavy,"[190, 90, 70]",0,0.0,0
592,d4b5dfb2769d4208804f62b71b6e71c3,3,top_heavy,"[190, 90, 70]",0,0.0,0
593,77eaa1d176e14eb092f85c51020850ff,3,top_heavy,"[190, 90, 70]",0,0.0,0
594,8dbad2970e8945f0a4595ccae78e57e9,3,top_heavy,"[190, 90, 70]",0,0.0,0
595,01649970ebdc4958a48c133492620c31,3,top_heavy,"[190, 90, 70]",1,1.0,1
596,695bcb8dd90046bba77ed4fe322db935,3,top_heavy,"[190, 90, 70]",0,0.0,0
597,ce37bce116da48499f15b84b3c158692,3,top_heavy,"[190, 90, 70]",1,1.0,1
598,e88a0c1244b5484b830b44a6139bec80,3,top_heavy,"[190, 90, 70]",0,0.0,0
599,60b894ff9c6c43c58bc90fcc2aa78e43,3,top_heavy,"[190, 90, 70]",0,0.0,0
600,3ffa9e00578043369a677dc8661bfc96,3,top_heavy,"[190, 90, 70]",1,1.0,1
601,22389bcc734d49d98fdccaf2c36e5c7f,3,top_heavy,"[190, 90, 70]",0,0.0,1
602,2d006592676144faac44e16423bfb178,3,top_heavy,"[190, 90, 70]",0,0.8,1
603,b20e7a05673a4b3c8ee29beaba23f73a,3,top_heavy,"[190, 90, 70]",1,1.0,1
604,299726f939f0420aaeb6e5f33a325d39,3,top_heavy,"[190, 90, 70]",0,0.0,0
605,4740a5c55c1f47bf93a59c65525f43e9,3,top_heavy,"[190, 90, 70]",1,1.0,1
606,c01e2730fd0544988a6e4c5dc11e0734,3,top_heavy,"[190, 90, 70]",0,0.0,0
607,02e40f5399fb4b2386f784865610ff5a,3,top_heavy,"[190, 90, 70]",1,1.0,1
608,d9f2855c8621457fb68bac161b7f811b,3,top_heavy,"[190, 90, 70]",0,0.0,1
609,4d2ab04164304690b5bbc05618e82a59,3,top_heavy,"[190, 90, 70]",0,0.0,1
610,0c1be19d610b4fa59930cc5cc930c9d2,3,top_heavy,"[190, 90, 70]",0,0.0,0
611,9d3dd78635084be1bb29a74d6ae963f6,3,top_heavy,"[190, 90, 70]",1,1.0,1
612,c992708e6d004bedb81d57b076e33286,3,top_heavy,"[190, 90, 70]",0,0.0,1
613,cf40be104bfe45338fb4e03c699a2f7f,3,top_heavy,"[190, 90, 70]",0,0.0,0
614,07ebc87534e64dfca8d40500fe2ecd3b,3,top_heavy,"[190, 90, 70]",0,0.0,1
615,7d4f644a529f41c4b257f9ffb9ce9c87,3,top_heavy,"[190, 90, 70]",0,0.7272727272727273,1
616,18fa422e1baf476fbce6d230e0858000,3,top_heavy,"[190, 90, 70]",0,0.0,1
617,0178feda5ef74636ba6e5ba11135ceb6,3,top_heavy,"[190, 90, 70]",0,0.0,1
618,4a93c5ba8a9f4632b9fd8768d008ea73,3,top_heavy,"[190, 90, 70]",0,0.0,0
619,a0cdfbc45b3f4641b64a2dfd3bde4c2b,3,top_heavy,"[190, 90, 70]",0,0.0,0
620,79668b02828141b4bc20fd9faba0e2d9,3,top_heavy,"[190, 90, 70]",1,1.0,1
621,ebf5e6a8dd1742b68312c2c6ada5aad0,3,top_heavy,"[190, 90, 70]",0,0.0,0
622,599f7e94db9a48019f887451a66c4e1d,3,top_heavy,"[190, 90, 70]",0,0.0,1
623,00388805ff934f4a9f6c374dd50be557,3,top_heavy,"[190, 90, 70]",1,1.0,1
624,8067ee0ec3df4208924631047ae0c537,3,top_heavy,"[190, 90, 70]",1,1.0,1
625,654cd3a33c974ab989777ea8cd69c130,3,top_heavy,"[190, 90, 70]",0,0.0,1
626,ed981c4aeb414002ad995530646965da,3,top_heavy,"[190, 90, 70]",0,0.0,0
627,23f830d9e6c24104852473a27360624c,3,top_heavy,"[190, 90, 70]",0,0.0,1
628,90f5064a214f4e05b9a65eb206d773ea,3,top_heavy,"[190, 90, 70]",1,1.0,1
629,47e690d71a1648aba0e8ee4f18ede013,3,top_heavy,"[190, 90, 70]",0,0.0,0
630,5dc68d2932bb4b0f861bd4642c674c43,3,top_heavy,"[190, 90, 70]",0,0.0,1
631,e04f0cda81094300afaba328511581fe,3,top_heavy,"[190, 90, 70]",0,0.0,0
632,f540c016913344238538408d0b3ac731,3,top_heavy,"[190, 90, 70]",0,0.05555555555555555,0
633,2cdea969eb1441afb20bee7330453eac,3,top_heavy,"[190, 90, 70]",0,0.0,0
634,d7a9a5bd73444bfd8f0d54e0ee743304,3,top_heavy,"[190, 90, 70]",0,0.5,1
635,1cf1d0fdb27f4ba6a2399a4a86b09b8e,3,top_heavy,"[190, 90, 70]",0,0.6666666666666666,1
636,807640dab41142919b0c0452a24b2e79,3,top_heavy,"[190, 90, 70]",0,0.0,0
637,61bcc7e8df9841939729131fba4cd039,3,top_heavy,"[190, 90, 70]",0,0.0,1
638,d6270ad7fc144895abf4552a2e0f8fc4,3,top_heavy,"[190, 90, 70]",0,0.5,1
639,06752c5554924c339e8cc99f3e4776aa,3,top_heavy,"[190, 90, 70]",0,0.4,1
640,60df89b8d9d34129982e9438443b7d96,3,top_heavy,"[190, 90, 70]",0,0.0,0
641,c90c0b26990c48c3b78097fd570a807b,3,top_heavy,"[190, 90, 70]",0,0.3870967741935484,1
642,c5c6a6a15e594958ba61f8231ad1c9d0,3,top_heavy,"[190, 90, 70]",1,1.0,1
643,eb2fd89fd658434d97ecf961b12aed59,3,top_heavy,"[190, 90, 70]",0,0.5,1
644,f380a5932d4b4a43969a84c3338edae0,3,top_heavy,"[190, 90, 70]",1,1.0,1
645,a65e6461f74c47c9a5ffee9366dea0a4,3,top_heavy,"[190, 90, 70]",1,1.0,1
646,8f3827c3491247c7ab4d7706cbb8ef6d,3,top_heavy,"[190, 90, 70]",0,0.07142857142857142,0
647,3f70de0169eb42c3a4b40cd1e5f1be61,3,top_heavy,"[190, 90, 70]",1,1.0,1
648,f5855e26ffa944fab475fd077cb06a43,3,top_heavy,"[190, 90, 70]",0,0.0,0
649,db63ac356f6a4df8b59087b055a45357,3,top_heavy,"[190, 90, 70]",0,0.0,0
650,9c03696110b94d56bbfbc83746f79a94,3,top_heavy,"[190, 90, 70]",0,0.0,0
651,c4b8fa26b7e741fd8b4b8e4120d39d41,3,top_heavy,"[190, 90, 70]",0,0.7499999999999999,1
652,5a1d3756a44c4a5ba9b30237dd1c807f,3,top_heavy,"[190, 90, 70]",0,0.0,1
653,50e8ae7a28b347edbef6a9604da6802a,3,top_heavy,"[190, 90, 70]",0,0.09523809523809523,1
654,29cf64bece6c424f80f4a55c46fc523f,3,top_heavy,"[190, 90, 70]",0,0.0,0
655,e17e9f25a202485c8d14b354a92e101d,3,top_heavy,"[190, 90, 70]",0,0.0,0
656,17ca78d8ef664047ad404f91d1f62c4b,3,top_heavy,"[190, 90, 70]",0,0.0,1
657,0af0869096df4dff8325c3f2ff584087,3,top_heavy,"[190, 90, 70]",0,0.8,1
658,580cfb51fef84f5e9cb2de0be76eaa61,3,top_heavy,"[190, 90, 70]",0,0.0,1
659,c0d5e844424d4d9bb84902a8ce411cc2,3,top_heavy,"[190, 90, 70]",1,1.0,1
660,c24d3c06799444db84d703cd715d2979,3,top_heavy,"[190, 90, 70]",0,0.0,1
661,ef29092974ce40b980f963ac746247ec,3,top_heavy,"[190, 90, 70]",0,0.0,1
662,b7e11924f8a34063ba5445261471e552,3,top_heavy,"[190, 90, 70]",1,1.0,1
663,a25ba84fca504b2aa4e126007a22a14f,3,top_heavy,"[190, 90, 70]",0,0.5,1
664,0134a374dcf1451a820c7fd997862851,3,top_heavy,"[190, 90, 70]",0,0.0,0
665,72fa80f3ffa24cadbc2df7c806b0b59b,3,top_heavy,"[190, 90, 70]",0,0.0,0
666,692352f2fd7d4a389c1f1ca96570be32,3,top_heavy,"[190, 90, 70]",0,0.07407407407407407,0
667,e9e6e952876b4c2b864f9c5fd00a3d8a,3,top_heavy,"[190, 90, 70]",0,0.0,0
668,fe0121ef5b874df0bfca5369f2253f03,3,top_heavy,"[190, 90, 70]",0,0.6,1
669,4453276e770a4ed7b7051d9d65d40975,3,top_heavy,"[190, 90, 70]",0,0.5,1
670,ea6918ad41e84412b642d9ac01b6d839,3,top_heavy,"[190, 90, 70]",0,0.0,1
671,99429dc4d1044cb49e70ceb6f3914e07,3,top_heavy,"[190, 90, 70]",0,0.0,1
672,7def903743ac43748483019d8b62d815,3,top_heavy,"[190, 90, 70]",0,0.0,0
673,8a018a8b09d14b4cb164c0abfd1594bb,3,top_heavy,"[190, 90, 70]",1,1.0,1
674,8907b0e8c2e142a395a35b0c5560fe6a,3,top_heavy,"[190, 90, 70]",0,0.0,0
675,1ae4333af7ca4c33953c8030c3aed22f,3,top_heavy,"[190, 90, 70]",0,0.0,0
676,989fede52bf840609bb69d7ba143301b,3,top_heavy,"[190, 90, 70]",0,0.0,0
677,368647e758554203bcd6310b0cb41a9f,3,top_heavy,"[190, 90, 70]",0,0.0,0
678,2662231ec6934df58d84e851aaff80fc,3,top_heavy,"[190, 90, 70]",1,1.0,1
679,aa4169b3de364c318562b0b09308caa0,3,top_heavy,"[190, 90, 70]",0,0.0,1
680,a71f1a9b718241dd890fd8feb1be3ab8,3,top_heavy,"[190, 90, 70]",0,0.06666666666666667,0
681,4d50fbdd13184f64aa70b8e68ea872d8,3,top_heavy,"[190, 90, 70]",0,0.0,1
682,914623f6bde244cab5e20f01a6d2560b,3,top_heavy,"[190, 90, 70]",0,0.0,1
683,6a80ae4b171345c3ba541b8aa343b1be,3,top_heavy,"[190, 90, 70]",0,0.07692307692307693,0
684,055162a66045404b8d06e59773ef2e49,3,top_heavy,"[190, 90, 70]",0,0.19999999999999998,1
685,6e0186a28acb4427aedaee03db16e623,3,top_heavy,"[190, 90, 70]",0,0.0,1
686,7f5733184c134247ad79a6d2bc6f0081,3,top_heavy,"[190, 90, 70]",0,0.0,1
687,831bd2a4a96f4496947a5656ac12135d,3,top_heavy,"[190, 90, 70]",0,0.12000000000000001,0
688,1d5e987319ba4158a12cab23543a04aa,3,top_heavy,"[190, 90, 70]",0,0.2,0
689,c9a9b912b07b4c91a98f4134fbc3c6f5,3,top_heavy,"[190, 90, 70]",1,1.0,1
690,a7fafb4013664c78a931293de688bedb,3,top_heavy,"[190, 90, 70]",0,0.0,1
691,0099081da3eb4d36bc020201d4f97a27,3,top_heavy,"[190, 90, 70]",0,0.0,0
692,b33f0ec8e82f44baa01e6b09f9e69104,3,top_heavy,"[190, 90, 70]",0,0.0,1
693,e62ec634d4b44a50842d1913910877a5,3,top_heavy,"[190, 90, 70]",0,0.05263157894736842,1
694,c78e0c2903384595af84d1f0cf51a54f,3,top_heavy,"[190, 90, 70]",0,0.0,0
695,d313b671236c48f3b029c72fbc46971b,3,top_heavy,"[190, 90, 70]",0,0.0,0
696,3d674d0b82684e87bdc226d9d614e6e4,3,top_heavy,"[190, 90, 70]",0,0.0,0
697,4054abd26fcb4958b130fe94dda895ee,3,top_heavy,"[190, 90, 70]",1,1.0,1
698,65e2cb72034947f0ad2e4fbae41a103e,3,top_heavy,"[190, 90, 70]",0,0.5384615384615385,1
699,c1b2178b59534886b5fab6b21bb11662,3,top_heavy,"[190, 90, 70]",0,0.17142857142857143,1
700,ca8d39a6862e49b58a03a0da02a7bede,3,top_heavy,"[190, 90, 70]",0,0.0,0
701,daa68770d88b4dbabfc2955ecc647750,3,top_heavy,"[190, 90, 70]",0,0.0,0
702,504074fdd18a4bfdb3c4d8b3d6a4b589,3,top_heavy,"[190, 90, 70]",0,0.0,0
703,ba3edfff481042f2a104ffdc278727c0,3,top_heavy,"[190, 90, 70]",0,0.0,0
704,08b635995bc64aefba8d3fdb405e1b4b,3,top_heavy,"[190, 90, 70]",0,0.0,0
705,775656e96e4747f5a17cc2b57edd12b7,3,top_heavy,"[190, 90, 70]",0,0.0,1
706,b2726529c0374da2bcb670a3c89f58a4,3,top_heavy,"[190, 90, 70]",0,0.0,0
707,7951ebb574024ca7958ac8e4f56cc046,3,top_heavy,"[190, 90, 70]",0,0.0,1
708,a0eed9d8178c4928b016bdf106f59e9e,3,top_heavy,"[190, 90, 70]",0,0.08,0
709,ed28bccab4dc46f0a12e98fd366f2a83,3,top_heavy,"[190, 90, 70]",0,0.0,0
710,1329f988ad3845129c304b54501c934c,3,top_heavy,"[190, 90, 70]",0,0.6666666666666666,1
711,bccab12e798e428b8869c19eb4feac2c,3,top_heavy,"[190, 90, 70]",0,0.0,0
712,692084604fa74539aa32ec6abec75341,3,top_heavy,"[190, 90, 70]",0,0.34285714285714286,1
713,3e4aa100c744486d883502dd35d3569c,3,top_heavy,"[190, 90, 70]",0,0.0,0
714,aa7ddfbb8f3c403ba5b0a0ded76f2bff,3,top_heavy,"[190, 90, 70]",0,0.0,0
715,ba1325c4040040a0b7809a32536da5fe,3,top_heavy,"[190, 90, 70]",0,0.0,0
716,3257fb95269946feab9eeec2ebcd3522,3,top_heavy,"[190, 90, 70]",1,1.0,1
717,fea7e77ef2364dcdb4bbfa5d69b0c0ef,3,top_heavy,"[190, 90, 70]",0,0.6666666666666666,1
718,60438978506949e79645c14afd3a21dd,3,top_heavy,"[190, 90, 70]",0,0.6666666666666666,1
719,5d6123571c4f4e5cb365ed1f2f6453f6,3,top_heavy,"[190, 90, 70]",0,0.0,1
720,f888582a9e324a639852992392b5a0cf,3,top_heavy,"[190, 90, 70]",0,0.0,0
721,6eeccb736c5f4d72944f4c46e4859c9d,3,top_heavy,"[190, 90, 70]",0,0.6666666666666666,1
722,8cd035648dd64edb912f01d1b01e6b89,3,top_heavy,"[190, 90, 70]",0,0.0,0
723,7b190c41b59249bcab29c887d579bb26,3,top_heavy,"[190, 90, 70]",1,1.0,1
724,aee9e1f69d5048c2a687b4a5acc056be,3,top_heavy,"[190, 90, 70]",0,0.5714285714285715,1
725,3e5332718ede4bcb99b7c336ff05b9dd,3,top_heavy,"[190, 90, 70]",0,0.5,1
726,d974393cef5d43e791127eaed8ddb259,3,top_heavy,"[190, 90, 70]",1,1.0,1
727,1cc48ae35d6a4676a0823fdf2550f2ea,3,top_heavy,"[190, 90, 70]",0,0.0,0
728,21532189e740426194a08808390eb2b4,3,top_heavy,"[190, 90, 70]",0,0.0,0
729,64fee0d345024f42864a361022475420,3,top_heavy,"[190, 90, 70]",1,1.0,1
730,e4533ea2a1404bc285933f7355d58203,3,top_heavy,"[190, 90, 70]",0,0.0,0
731,a23bfc2ed0ea4b19b736c30f73f7e406,3,top_heavy,"[190, 90, 70]",0,0.0,0
732,7ca689bb9bd94572af15fb45f2257266,3,top_heavy,"[190, 90, 70]",0,0.0,1
733,311ea5e6c28d46ecb378b855eb0ffe59,3,top_heavy,"[190, 90, 70]",0,0.0,1
734,12cc92d88fd24d6697009b061d1769c2,3,top_heavy,"[190, 90, 70]",1,1.0,1
735,beefda6210c047899b54a61290a9837c,3,top_heavy,"[190, 90, 70]",0,0.8,1
736,928e2cc022da44a4893b47a7fa37e1c6,3,top_heavy,"[190, 90, 70]",0,0.11428571428571427,1
737,241efa1cac394ac983b144420a13a162,3,top_heavy,"[190, 90, 70]",1,1.0,1
738,1c67f7f0037b4ab1bb510cba499d11a4,3,top_heavy,"[190, 90, 70]",1,1.0,1
739,f687cfbb7bec408799b8b6f8285b5608,3,top_heavy,"[190, 90, 70]",0,0.0,1
740,2e613fb291864bdd8a0198c5df5ae238,3,top_heavy,"[190, 90, 70]",0,0.0,0
741,f5b7236c16734b2388cf37cfd5cbf27b,3,top_heavy,"[190, 90, 70]",0,0.09523809523809523,1
742,3a1ba8b914d141eaac80d5de56ed0114,3,top_heavy,"[190, 90, 70]",0,0.0,0
743,671b2208301e460ba1fa588e350b82d6,3,top_heavy,"[190, 90, 70]",1,1.0,1
744,388dcae5aa9248318cd8d493a4c3519b,3,top_heavy,"[190, 90, 70]",1,1.0,1
745,2fcab3f4f6484d8992a6c2aa67aeec69,3,top_heavy,"[190, 90, 70]",0,0.0588235294117647,1
746,d0bae44433814b2da5d10519d7ea3695,3,top_heavy,"[190, 90, 70]",1,1.0,1
747,6c60d0e46b4a49068acd95570c520c6f,3,top_heavy,"[190, 90, 70]",1,1.0,1
748,2a8e2d0e16d64cc2a03180e7dfb8d745,3,top_heavy,"[190, 90, 70]",0,0.6666666666666666,0
749,6489bd7df2d04a8aa23561eaed38c793,3,top_heavy,"[190, 90, 70]",0,0.0,1
750,6082452e7aeb4e828079e15ab4e7a9a9,3,top_heavy,"[190, 90, 70]",0,0.0,0
751,fc16e9799a154e94b2bcade2e9eacd72,3,top_heavy,"[190, 90, 70]",0,0.0,1
752,17a72d69d7fd4e2fb9c562451e5434ef,3,top_heavy,"[190, 90, 70]",1,1.0,1
753,755056d3d07940929387e2e7e76f4acf,3,top_heavy,"[190, 90, 70]",0,0.05714285714285714,0
754,cbef062d89b944c5acd16f892a79611c,3,top_heavy,"[190, 90, 70]",0,0.0,1
755,a8ec79c66e284a45a63c7dcdcf4f9064,3,top_heavy,"[190, 90, 70]",0,0.0,1
756,6803dc0693214791b3058a87480b15d6,3,top_heavy,"[190, 90, 70]",0,0.6666666666666666,1
757,733d2fd24b0b40f7ba5f0edaed20cca9,3,top_heavy,"[190, 90, 70]",0,0.09302325581395347,1
758,5a154a6b5c364e79b30a1bd2c9e47e0c,3,top_heavy,"[190, 90, 70]",0,0.0,0
759,dc1fb48848df419fba9692dffef22844,3,top_heavy,"[190, 90, 70]",0,0.0,0
760,581d677951c7404d922d56e144504b82,3,top_heavy,"[190, 90, 70]",1,1.0,1
761,3f24c1ba50b04f8493f8663fd779846e,3,top_heavy,"[190, 90, 70]",0,0.0,0
762,a10d412bc874427b9f8df9a729c686a8,3,top_heavy,"[190, 90, 70]",0,0.06060606060606061,0
763,99a7d09d04634cc08435d1e4bde155b5,3,top_heavy,"[190, 90, 70]",0,0.0,0
764,5544aab55fe744fab13706c13fcb4f96,3,top_heavy,"[190, 90, 70]",0,0.0,1
765,412a163387474317b4eb02196506d1f4,3,top_heavy,"[190, 90, 70]",0,0.05405405405405405,0
766,a1c71fcc9f6a468c9468d13d69e711a7,3,top_heavy,"[190, 90, 70]",0,0.0,0
767,3287651f8746453ba1943191b85095a9,3,top_heavy,"[190, 90, 70]",0,0.0,1
768,e2d0189ba8fd449889044fecb68c28b2,3,top_heavy,"[190, 90, 70]",0,0.0,1
769,567c70fec2634f439e055ef5fb30135d,3,top_heavy,"[190, 90, 70]",0,0.0,0
770,febb62323b274b678dc47bb096688f4c,3,top_heavy,"[190, 90, 70]",1,1.0,1
771,e08b24a8d41544e38f2489b4e32e2764,3,top_heavy,"[190, 90, 70]",0,0.0,1
772,ecd82d14cb3e4e28b8307e44f4784ff5,3,top_heavy,"[190, 90, 70]",0,0.0,1
773,a0b2f384132d475d9b375afdc5343fb2,3,top_heavy,"[190, 90, 70]",0,0.0,1
774,1703025033a448048d6f688f9321e2a2,3,top_heavy,"[190, 90, 70]",0,0.0,1
775,6c8c2af2e7b14a84acf550c9253961d8,3,top_heavy,"[190, 90, 70]",0,0.0,0
776,6368dd06f186478dae5ba3271569ef66,3,top_heavy,"[190, 90, 70]",0,0.0,0
777,019a54c5394847ec81325e8bdaf8355f,3,top_heavy,"[190, 90, 70]",0,0.0,0
778,4ae06e8228ca4ca89224a8598de5e6d9,3,top_heavy,"[190, 90, 70]",0,0.0,0
779,8ff3ddfe7f3a41e294a831e452189dd5,3,top_heavy,"[190, 90, 70]",0,0.0,0
780,52f45355af90482cb6a950e995783d4b,3,top_heavy,"[190, 90, 70]",0,0.0,0
781,b455ff336ebe403e896b9be3465811f7,3,top_heavy,"[190, 90, 70]",1,1.0,1
782,fef91dcc799042b59201fc0f963a8b17,3,top_heavy,"[190, 90, 70]",0,0.0,0
783,a2374c9022504b94b1a832c91ab535fe,3,top_heavy,"[190, 90, 70]",0,0.5,1
784,f1fca269781c4454a9fbcf23844c79dd,3,top_heavy,"[190, 90, 70]",0,0.8,1
785,828c73b72b124615b8ccc1cf1ab1014b,3,top_heavy,"[190, 90, 70]",1,1.0,1
786,ba9e926ece6b4b6e844f51d0b7b0f056,3,top_heavy,"[190, 90, 70]",1,1.0,1
787,b6ae22e3a9d04cfbaf6206a39dd062da,3,top_heavy,"[190, 90, 70]",0,0.6666666666666666,1
788,1b9decbc39c949e8bf28c759dfe4baa2,3,top_heavy,"[190, 90, 70]",0,0.0,1
789,f5b0c1a6b5824201baa94cf53c56f0c5,3,top_heavy,"[190, 90, 70]",1,1.0,0
790,1fe12d7bff7a46d79f76ccc655caf66c,3,top_heavy,"[190, 90, 70]",0,0.0,0
791,3ca19860d31d40d58c3d6018498bbc5e,3,top_heavy,"[190, 90, 70]",1,1.0,1
792,de7fae20ac624dc9af5949d97f30a79a,3,top_heavy,"[190, 90, 70]",0,0.28571428571428575,1
793,d9d30d695b524637976deff70f6a7afd,3,top_heavy,"[190, 90, 70]",0,0.0,1
794,8be91aa0873e4a4bb89703628089432a,3,top_heavy,"[190, 90, 70]",1,1.0,1
795,a3ff08899c474fcdaaae2dd2409ec7a0,3,top_heavy,"[190, 90, 70]",0,0.10256410256410256,1
796,bb1589db33fa4309b9b3f7fb5e4b3480,3,top_heavy,"[190, 90, 70]",0,0.0,1
797,2d6a236fd6104736bfb0ae4404ee6ea9,3,top_heavy,"[190, 90, 70]",0,0.6666666666666666,1
798,9c4719555e46425496a22559eff66115,3,top_heavy,"[190, 90, 70]",0,0.0,0
799,3a63e60b8ef140d28f31325f8211cb10,3,top_heavy,"[190, 90, 70]",0,0.0,0
800,93447ee40a954604bc8e1c926079b785,3,top_heavy,"[190, 90, 70]",1,1.0,1
801,aa55b1829c9c41e28f3998d32da669ec,3,top_heavy,"[190, 90, 70]",0,0.6666666666666666,1
802,6eb7f187d8aa4f319e63ad269404dab2,3,top_heavy,"[190, 90, 70]",0,0.5,1
803,67a58f5e2ff7455f8807463f414f9b99,3,top_heavy,"[190, 90, 70]",0,0.0,1
804,d62824da543e474da60ae07308009055,3,top_heavy,"[190, 90, 70]",0,0.0,0
805,b3d58c3cb86044e1ac53ac99a0246d3b,3,top_heavy,"[190, 90, 70]",0,0.0,1
806,6973eb89fb1441328fc7a79248c2a0ec,3,top_heavy,"[190, 90, 70]",0,0.0,0
807,dca240ce71894a9798451f919b5d9df0,3,top_heavy,"[190, 90, 70]",0,0.2857142857142857,1
808,b0d95637bcb44afb96457d3053631d5f,3,top_heavy,"[190, 90, 70]",0,0.08333333333333333,1
809,8de2ee8d56464a9d971fdae65ae0f72b,3,top_heavy,"[190, 90, 70]",0,0.0,1
810,83966e58471549e2adc73c25f58c846b,3,top_heavy,"[190, 90, 70]",0,0.0,0
811,bb0d3b5086f845df8acfbf503fa4c2ff,3,top_heavy,"[190, 90, 70]",0,0.0,1
812,706ce26401d54a5d94687fb541f7350c,3,top_heavy,"[190, 90, 70]",1,1.0,1
813,bf72c01037194351b8d906e8e8c4c0cc,3,top_heavy,"[190, 90, 70]",0,0.0,0
814,afa333ac95d848f0a60cde4f10d6e261,3,top_heavy,"[190, 90, 70]",0,0.03389830508474576,0
815,41d5a6d229964b50b3c73d5bc9a5d1fa,3,top_heavy,"[190, 90, 70]",0,0.0,0
816,b94b8e734c3b40eaba7291c227e2edb7,3,top_heavy,"[190, 90, 70]",0,0.0,1
817,786765cfe8b44449af887152402aaa29,3,top_heavy,"[190, 90, 70]",0,0.0,1
818,031cc546d2904282a49ea01dcfa886c8,3,top_heavy,"[190, 90, 70]",0,0.0,0
819,9759378e0cc44a1c839214bdaa26612d,3,top_heavy,"[190, 90, 70]",0,0.0,1
820,963f7654e83b425bbeadf56527740ba0,3,top_heavy,"[190, 90, 70]",0,0.0,0
821,4fed7ee44ec9407ebf2f05e33d2f6d54,3,top_heavy,"[190, 90, 70]",0,0.0,0
822,e75dd8d226914bd9b9070a34d57ff0c9,3,top_heavy,"[190, 90, 70]",0,0.0,1
823,92216f1e211c4ddf968b958588255feb,3,top_heavy,"[190, 90, 70]",0,0.21052631578947367,0
824,fc9ff2ab888d45b79fa4959911c65e59,3,top_heavy,"[190, 90, 70]",0,0.0,1
825,dadbf5853ac746239f484a0c7ff02245,3,top_heavy,"[190, 90, 70]",0,0.0,1
826,b4e39f9e15734b6a82739950c34aa8ee,3,top_heavy,"[190, 90, 70]",0,0.6666666666666666,1
827,5ed1ab8a035e44ec9200692431509884,3,top_heavy,"[190, 90, 70]",0,0.0425531914893617,0
828,2bffb804aab041ee9605adbff83fe141,3,top_heavy,"[190, 90, 70]",0,0.0,0
829,ba4602ee540d4fcfb52af541b3e7dfd8,3,top_heavy,"[190, 90, 70]",0,0.0,1
830,45a6d0b6364d49129a59f0a062a2f9a8,3,top_heavy,"[190, 90, 70]",0,0.0,1
831,199178bd55f849279f0e163c691d0903,3,top_heavy,"[190, 90, 70]",1,1.0,1
832,745c742fa8d94abe88d1330cd4cdae1d,3,top_heavy,"[190, 90, 70]",0,0.1818181818181818,1
833,13c7ec87c0324be5bee05d51772027c5,3,top_heavy,"[190, 90, 70]",0,0.4,1
834,2f82125c096845fc8b5fc65418c486aa,3,top_heavy,"[190, 90, 70]",0,0.5,1
835,6c8e1e1b56bc4eb5b99b83ce6c5f3afd,3,top_heavy,"[190, 90, 70]",1,1.0,1
836,d37cc022c8344772b7d7261033a37c29,3,top_heavy,"[190, 90, 70]",0,0.11320754716981131,1
837,c034e68af36c41d79e0782c060d7acbd,3,top_heavy,"[190, 90, 70]",0,0.6666666666666666,1
838,0986a62e4b4b48be90e2c9172a5b9617,3,top_heavy,"[190, 90, 70]",0,0.0,1
839,69bda7a3b8cb4e2baecd4fedbe7458ce,3,top_heavy,"[190, 90, 70]",0,0.0606060606060606,1
840,144e38b6eea047c99e7ec1d8dbb6cbbc,3,top_heavy,"[190, 90, 70]",0,0.5714285714285715,1
841,3cb0174eaaf54d35878f92077740136c,3,top_heavy,"[190, 90, 70]",0,0.0,0
842,e53753e6f784486091c8dce069d90994,3,top_heavy,"[190, 90, 70]",0,0.0,1
843,6d34f597fdc54dd2aa1a8a9e32e596cb,3,top_heavy,"[190, 90, 70]",0,0.0,1
844,dbc0bbc541124ed0843db76f2e3a1581,3,top_heavy,"[190, 90, 70]",0,0.0,1
845,7f00e9c077324f689c8b0746c6381e0e,3,top_heavy,"[190, 90, 70]",0,0.1951219512195122,1
846,bb720c2091ee4a94a85eb81aa5a7acc3,3,top_heavy,"[190, 90, 70]",0,0.0,0
847,aecbba5c017943a79d643d0cc71e57b7,3,top_heavy,"[190, 90, 70]",1,1.0,1
848,a04a4431e605471480fb64662b38504d,3,top_heavy,"[190, 90, 70]",0,0.0,0
849,60bbae0fbec24bf2a8de8ac0b7076b24,3,top_heavy,"[190, 90, 70]",1,1.0,1
850,f20bdc9681624087af1dda063b3a6945,3,top_heavy,"[190, 90, 70]",1,1.0,1
851,0161b1de8e9944f58ba3663305c9759a,3,top_heavy,"[190, 90, 70]",0,0.0,1
852,33ad75a283674ce5a8178438d8739810,3,top_heavy,"[190, 90, 70]",0,0.45161290322580644,1
853,3de977d9d8c142c79231c332dad7cfdf,3,top_heavy,"[190, 90, 70]",0,0.0,1
854,42fb458e399b41f9b78a83d4b30d27b0,3,top_heavy,"[190, 90, 70]",0,0.06666666666666667,0
855,96b2b16f84e8465d9de71f9fa9718941,3,top_heavy,"[190, 90, 70]",0,0.0,1
856,68d323c49f9740abbda05876aebfd5d7,3,top_heavy,"[190, 90, 70]",1,1.0,1
857,415c375731994f69a116e415444abd99,3,top_heavy,"[190, 90, 70]",0,0.07142857142857142,1
858,9fb85b5dcad34ba497f04a41616f6d0c,3,top_heavy,"[190, 90, 70]",0,0.0,0
859,40d56efbcf5041ff9ab958e865e63171,3,top_heavy,"[190, 90, 70]",1,1.0,1
860,16d87b6d44b74c9d9c705b0471dcb4b2,3,top_heavy,"[190, 90, 70]",0,0.0,0
861,1082fd6599c245bba88c6c46ce86eef8,3,top_heavy,"[190, 90, 70]",0,0.0,0
862,d316c97abd1e4815a14a66b9b76df881,3,top_heavy,"[190, 90, 70]",1,1.0,1
863,160bd2f1f99b4697a5945323087874cb,3,top_heavy,"[190, 90, 70]",0,0.6666666666666666,1
864,703c1f0b768d4732afa9e6a5a2d05091,3,top_heavy,"[190, 90, 70]",0,0.0,0
865,85ff90e4fd9c4c8790b6414520150e51,3,top_heavy,"[190, 90, 70]",0,0.16666666666666669,1
866,7c34ec6a706d4aaf96e4f3356fe2da7c,3,top_heavy,"[190, 90, 70]",0,0.0,1
867,6f811a0a4db94a648917355fabbd40ae,3,top_heavy,"[190, 90, 70]",1,1.0,1
868,48e5d37aaea9404a891d01584e699f18,3,top_heavy,"[190, 90, 70]",1,1.0,1
869,3e8a38a0b3e64f809e791704ac768b95,3,top_heavy,"[190, 90, 70]",0,0.0,0
870,1b454ee0cee8452986cf0b57342e8534,3,top_heavy,"[190, 90, 70]",0,0.0,1
871,893449002d894f7695b2a32aa7713cb5,3,top_heavy,"[190, 90, 70]",0,0.0,1
872,1405700ba6ce4058a4fa68e3c3d680e3,3,top_heavy,"[190, 90, 70]",1,1.0,1
873,5579074640614bacbdd03ed34a3ddf08,3,top_heavy,"[190, 90, 70]",0,0.7000000000000001,1
874,09553563f3b94bfd88d2887043744b77,3,top_heavy,"[190, 90, 70]",1,1.0,1
875,ed00bbd0da8841fa9bb15f15859a9876,3,top_heavy,"[190, 90, 70]",1,1.0,1
876,6dd10f33c4f8423080bdcf84c8a01ef1,3,top_heavy,"[190, 90, 70]",0,0.0,0
877,959464bf0c7c44ba8f2b21448867e4ad,3,top_heavy,"[190, 90, 70]",0,0.0,0
878,bf7fc80bf1024d73b6f5cea672696789,3,top_heavy,"[190, 90, 70]",0,0.0,1
879,06631314756e4d9fa7eb5f040d4d9da4,3,top_heavy,"[190, 90, 70]",0,0.6666666666666666,1
880,1d9dc72255774f95b5e274139d8ea9bd,3,top_heavy,"[190, 90, 70]",0,0.0,1
881,eb0682a6d1694acf886b84a407d68416,3,top_heavy,"[190, 90, 70]",0,0.05714285714285715,1
882,94b1187d3e5c4282983df4ab44d3d46b,3,top_heavy,"[190, 90, 70]",0,0.0,1
883,50b4c8f6f61a48c289fff1e90d3c1c68,3,top_heavy,"[190, 90, 70]",0,0.125,1
884,8c5e2893db634635891ae6afd30261c4,3,top_heavy,"[190, 90, 70]",0,0.0,0
885,9eecb36f5cb44bb18d24b6efe6824a06,3,top_heavy,"[190, 90, 70]",0,0.0,1
886,25223706065646aebcebc831d267c30d,3,top_heavy,"[190, 90, 70]",0,0.0,0
887,f97a45e3576644eda7c95849e50babef,3,top_heavy,"[190, 90, 70]",1,1.0,1
888,08aee7c44c404089b766cbe0fa2d55f5,3,top_heavy,"[190, 90, 70]",0,0.0,1
889,6d1b542705c74dfcb9ca889be8fc5c82,3,top_heavy,"[190, 90, 70]",0,0.1111111111111111,0
890,8ce493334e064c2f97343909d7ddb91e,3,top_heavy,"[190, 90, 70]",0,0.0,1
891,eb6590ce2f134b889d853696a1519eca,3,top_heavy,"[190, 90, 70]",0,0.04761904761904762,1
892,b5ada864c0934f8b98d919dae0bcec35,3,top_heavy,"[190, 90, 70]",0,0.6666666666666666,1
893,73d58decb36a470e91d5491834972a95,3,top_heavy,"[190, 90, 70]",0,0.5,1
894,7d08f62337054caa8e0104c19a653158,3,top_heavy,"[190, 90, 70]",0,0.0,1
895,7a24d5cc2a8f44819ca35879d229e8bc,3,top_heavy,"[190, 90, 70]",0,0.0,0
896,97034e6a207f4a238a49bf7babb932e9,3,top_heavy,"[190, 90, 70]",1,1.0,1
897,d0ef3a30427c4d66a516feb413c6b262,3,top_heavy,"[190, 90, 70]",0,0.048780487804878044,1
898,59cca53e121949e39742ee34a89cffab,3,top_heavy,"[190, 90, 70]",0,0.0,1
899,a645bb94c6194b119832d8e395b47a0c,3,top_heavy,"[190, 90, 70]",0,0.0,0
900,9e32a1d3fd11455280d3aecde908c2e6,3,top_heavy,"[190, 90, 70]",0,0.0,0
901,7d7537366071415381b140fc2d6bd90b,3,top_heavy,"[190, 90, 70]",1,1.0,1
902,46f896a31c254fb2bf5b68c060edb437,3,top_heavy,"[190, 90, 70]",0,0.0,1
903,2cda8c267a624be184e87b1d2cd0b05c,3,top_heavy,"[190, 90, 70]",0,0.0,0
904,3febc40bd3ee4d4e9226aa424b60123c,3,top_heavy,"[190, 90, 70]",0,0.6666666666666666,1
905,dfc54f2afa2849f4a1d9d7095fa37f8d,3,top_heavy,"[190, 90, 70]",0,0.0,0
906,57f26f2947864f429083b603d80000aa,3,top_heavy,"[190, 90, 70]",0,0.0,1
907,3e1bed5b98f248738744f4c55f0e6d06,3,top_heavy,"[190, 90, 70]",0,0.0,1
908,6d36da6f7d6c4ae898960241cc99cd4c,3,top_heavy,"[190, 90, 70]",0,0.0,1
909,82f2a270b951424e82df7540c14072d3,3,top_heavy,"[190, 90, 70]",0,0.0,0
910,059055bc2ed24376a2667ee2496aeb0c,3,top_heavy,"[190, 90, 70]",0,0.5,1
911,328dfae8a432499e91c71bad92e2bd79,3,top_heavy,"[190, 90, 70]",0,0.0,1
912,3555cf721db54ce6a35be172f4f0213c,3,top_heavy,"[190, 90, 70]",1,1.0,1
913,6905efa62e924f7c9960bc701d1025bb,3,top_heavy,"[190, 90, 70]",1,1.0,1
914,edd8922fe3ec43be851dee74c97ea861,3,top_heavy,"[190, 90, 70]",0,0.0,0
915,3f5b923f78d642ebb61f535595115ceb,3,top_heavy,"[190, 90, 70]",0,0.0,1
916,644155df8e7446718cc1d9ca4d2f4c05,3,top_heavy,"[190, 90, 70]",1,1.0,1
917,f1cd28d437e44ac586e3494371c55ff1,3,top_heavy,"[190, 90, 70]",0,0.6086956521739131,1
918,b8b75f189ac042c9a664c7bc13bcb936,3,top_heavy,"[190, 90, 70]",0,0.0,0
919,1cdeb2b345c247bfb083ab363bebd64c,3,top_heavy,"[190, 90, 70]",0,0.0,1
920,930d23fe662b49d4bb01a291e8a6ad98,3,top_heavy,"[190, 90, 70]",0,0.0,1
921,46414d4b1b7a4838987e3ee887a448bb,3,top_heavy,"[190, 90, 70]",0,0.0,0
922,fdc90f6593464af6b65c2f38b2c814c6,3,top_heavy,"[190, 90, 70]",1,1.0,1
923,e6cad506fcab4d979e90f4a9176b1408,3,top_heavy,"[190, 90, 70]",1,1.0,1
924,72a4722fda5f436e81437aea9042aaa8,3,top_heavy,"[190, 90, 70]",1,1.0,1
925,76ed5aaaa5bb47d7923d45360b3332ec,3,top_heavy,"[190, 90, 70]",0,0.0,1
926,33d1e51367a3481086b0b8206010e16c,3,top_heavy,"[190, 90, 70]",0,0.2222222222222222,1
927,d1f6974f4b8f4a189e64cdf36c986df7,3,top_heavy,"[190, 90, 70]",0,0.28571428571428575,1
928,57351304b16347d58b309e84d19b79aa,3,top_heavy,"[190, 90, 70]",1,1.0,1
929,7f022ca089d74d51a4be4625cb6191d5,3,top_heavy,"[190, 90, 70]",0,0.0,0
930,3c5e3c93b4f04892a42057005a46caaa,3,top_heavy,"[190, 90, 70]",0,0.0,0
931,f7b2f89be1724a9c86cbcc347b0c4425,3,top_heavy,"[190, 90, 70]",0,0.0,1
932,2af6e73ac32145e9bb843506ce6c6a61,3,top_heavy,"[190, 90, 70]",1,1.0,1
933,c4c1471da58b4cf087e179b9b71adef4,3,top_heavy,"[190, 90, 70]",1,1.0,1
934,1854615c2d334e5aa3a608b90f0547b5,3,top_heavy,"[190, 90, 70]",1,1.0,1
935,402f5f93e4a04d998cb41298d57b8115,3,top_heavy,"[190, 90, 70]",1,1.0,1
936,531226f1c86f49a3bee6638692fedd34,3,top_heavy,"[190, 90, 70]",0,0.0,1
937,23d9c3e938cd4e54a2917488a719b832,3,top_heavy,"[190, 90, 70]",0,0.0,0
938,d5012bef02214f0c9698b7a828959e39,3,top_heavy,"[190, 90, 70]",1,1.0,1
939,79d983f421ab4c3e92364b83b7186e99,3,top_heavy,"[190, 90, 70]",0,0.6666666666666666,1
940,2e71514053a447d5bbd3f9625420ca43,3,top_heavy,"[190, 90, 70]",0,0.29629629629629634,1
941,6a420f8f42204d968a137faeb1d73784,3,top_heavy,"[190, 90, 70]",0,0.0,0
942,2f56933ee8024412b6ef05faf87e7a46,3,top_heavy,"[190, 90, 70]",0,0.125,1
943,ccb81b6865484234ab334d34412a6b35,3,top_heavy,"[190, 90, 70]",1,1.0,1
944,e33b52e8485c41518aaf76f1048c35e4,3,top_heavy,"[190, 90, 70]",0,0.0,1
945,29544317d3ab466d8b13e1eac4463c10,3,top_heavy,"[190, 90, 70]",0,0.6666666666666666,1
946,b5736ba3b8574e3388b2a5ebccb15b09,3,top_heavy,"[190, 90, 70]",0,0.0,0
947,7e4328290edf4f2aac9f8988b5079fe1,3,top_heavy,"[190, 90, 70]",0,0.2857142857142857,1
948,8bff718944c84becbf657952138356fd,3,top_heavy,"[190, 90, 70]",0,0.0,1
949,c411868fbe054e80b90a12463b2beddd,3,top_heavy,"[190, 90, 70]",0,0.4,1
950,ead58bae18d04b9c89be6f0bbe3f155f,3,top_heavy,"[190, 90, 70]",0,0.0,0
951,319e4521a8454f6a908b91d874ce2e08,3,top_heavy,"[190, 90, 70]",0,0.05128205128205128,0
952,bc947534038744198b74eab0dc89a6fe,3,top_heavy,"[190, 90, 70]",0,0.6666666666666666,1
953,aece58a299d84cd88579bca72c73da46,3,top_heavy,"[190, 90, 70]",0,0.0,0
954,61727044bdac4760964296c822ea1ffa,3,top_heavy,"[190, 90, 70]",0,0.6666666666666666,1
955,bc61a95b6c25463db3459cd626a11ad0,3,top_heavy,"[190, 90, 70]",0,0.5263157894736842,1
956,e45fbf36c6d64467b16f13324d22a4c2,3,top_heavy,"[190, 90, 70]",0,0.3636363636363636,1
957,1e1eb993a1ca4265978c2db209a671b7,3,top_heavy,"[190, 90, 70]",1,1.0,1
958,f74b173f48654bc9832934834956c10f,3,top_heavy,"[190, 90, 70]",0,0.0,1
959,30913ce681084f3f8357bef6147fe049,3,top_heavy,"[190, 90, 70]",0,0.0,1
960,359f8256bb2b4d5589fa81885ef48257,3,top_heavy,"[190, 90, 70]",0,0.0,1
961,3d531ea0078248ebb3dd503bb338071f,3,top_heavy,"[190, 90, 70]",0,0.0,1
962,a9dff945426841f8b37069eefd82297b,3,top_heavy,"[190, 90, 70]",0,0.0,1
963,aa9daba7638b4fa9b1472bb648fe964e,3,top_heavy,"[190, 90, 70]",0,0.6666666666666666,1
964,dd66178403e8487382fdc1b84bb2881c,3,top_heavy,"[190, 90, 70]",0,0.0,0
965,c9bcb9b8a8ba42f5bfd2538b4925a3ac,3,top_heavy,"[190, 90, 70]",0,0.0,1
966,a14a2ea82a1544a19f7c45cbf7f82f6e,3,top_heavy,"[190, 90, 70]",0,0.8,1
967,fb2d1f54601e4f89be70d07393db45f4,3,top_heavy,"[190, 90, 70]",0,0.5714285714285715,1
968,b83b50ae80c3463aa27b05bb0bf4b493,3,top_heavy,"[190, 90, 70]",0,0.0,0
969,26c180c03a734a1aaee4138be308a078,3,top_heavy,"[190, 90, 70]",0,0.06451612903225806,1
970,273733b869b741a7b9667927ea701789,3,top_heavy,"[190, 90, 70]",0,0.0,0
971,97cb3c77ddba4ab9ae6bfdc00eb09c42,3,top_heavy,"[190, 90, 70]",0,0.0,1
972,08473edda228492e9cfe9b6583977e50,3,top_heavy,"[190, 90, 70]",0,0.0,1
973,6d5eb886bc37490aa1854938f9b36903,3,top_heavy,"[190, 90, 70]",0,0.0,0
974,e0ce4da6cbfe4f26b945f5555901e5c5,3,top_heavy,"[190, 90, 70]",0,0.0,0
975,f002078c2ea2435db1e405606b820e19,3,top_heavy,"[190, 90, 70]",1,1.0,1
976,441f524567e9477a9b0d07f4a0907622,3,top_heavy,"[190, 90, 70]",0,0.47058823529411764,1
977,60dd6a100f3b42598ab0d32f254b1662,3,top_heavy,"[190, 90, 70]",0,0.0,0
978,873ea1af23e548efb10a54c97edcdb6b,3,top_heavy,"[190, 90, 70]",0,0.0,1
979,3e1d564bb5eb4b1ba37db917c472a566,3,top_heavy,"[190, 90, 70]",1,1.0,1
980,04676862004644f18aa94ff54107047c,3,top_heavy,"[190, 90, 70]",0,0.0,0
981,116e002d700e4d349581f1a4937dfba8,3,top_heavy,"[190, 90, 70]",0,0.0,0
982,283c5867606b46258127fa5fed7cf62d,3,top_heavy,"[190, 90, 70]",0,0.0,1
983,171414c078ce452d9374be8989aa0147,3,top_heavy,"[190, 90, 70]",0,0.0,0
984,a2643b6d7fe94e54bb74da276f0a4646,3,top_heavy,"[190, 90, 70]",0,0.0,1
985,342cb6f69f6449318f4c4e5385f954fd,3,top_heavy,"[190, 90, 70]",0,0.07142857142857142,1
986,e3fe3ef5daa6485a8a3f91dfccc9d797,3,top_heavy,"[190, 90, 70]",1,1.0,1
987,6071cc99d5744a17814ad38e72b53f3b,3,top_heavy,"[190, 90, 70]",0,0.0,0
988,d5f0273d41ad45ab9a9819cb49e29b02,3,top_heavy,"[190, 90, 70]",0,0.0,1
989,d1b4f5f6d643456aad1526324d39c259,3,top_heavy,"[190, 90, 70]",0,0.0,1
990,62747a42a9074e7da75c495cc4daca38,3,top_heavy,"[190, 90, 70]",0,0.6666666666666666,1
991,5d464ecc16894c0cbc33ed95ac502289,3,top_heavy,"[190, 90, 70]",1,1.0,1
992,e5fb043f8b0245f2acc78136af1bb5dd,3,top_heavy,"[190, 90, 70]",0,0.6666666666666666,1
993,53278976c290499ab7f1decb9f7bf6a2,3,top_heavy,"[190, 90, 70]",0,0.12500000000000003,1
994,7889488ae4d3460bafe900d6917b650e,3,top_heavy,"[190, 90, 70]",0,0.0,1
995,91ef74a5a47a442aaa5af41b3d564051,3,top_heavy,"[190, 90, 70]",0,0.32,1
996,3e83d3398a8a4e26a98fab7f85c8cb59,3,top_heavy,"[190, 90, 70]",0,0.125,1
997,20e0dcefdff242ebb51ce89c34182814,3,top_heavy,"[190, 90, 70]",0,0.16666666666666666,0
998,7e7a5a32f59b49ccacc7c1408799a32a,3,top_heavy,"[190, 90, 70]",0,0.0,1
999,a3ac333098d74ad7acf2d20bbc261c9b,3,top_heavy,"[190, 90, 70]",0,0.8,1
0,728220fe1b5f4ce886273ec524c6972b,5,uniform,"[70, 70, 70, 70, 70]",0,0.6666666666666666,1
1,c89d1c366c274f6e8d233be688759386,5,uniform,"[70, 70, 70, 70, 70]",0,0.0,1
2,644d4774db194bb0b491e58deff0fe6c,5,uniform,"[70, 70, 70, 70, 70]",0,0.0,1
3,b7648c8b476e4482a7fa9a8d4584c551,5,uniform,"[70, 70, 70, 70, 70]",0,0.5,1
4,362b90d2f2de47e1a0d9be76d1383cd5,5,uniform,"[70, 70, 70, 70, 70]",0,0.23529411764705885,1
5,e365fba82bca48ad8b9ec4fbac8bd3b7,5,uniform,"[70, 70, 70, 70, 70]",0,0.7368421052631579,1
6,56a527cc368e4b10ac88117b33ab6370,5,uniform,"[70, 70, 70, 70, 70]",0,0.0,0
7,ef7ff14fda8347479995319185ade05f,5,uniform,"[70, 70, 70, 70, 70]",1,1.0,1
8,e7abf6763c7d425c8577ed893a0cd182,5,uniform,"[70, 70, 70, 70, 70]",0,0.0,1
9,08b8fd7f109845eda0ffb6868479f8c2,5,uniform,"[70, 70, 70, 70, 70]",0,0.0,0
10,ddc318071f01453ab87ceebe18062971,5,uniform,"[70, 70, 70, 70, 70]",0,0.0,1
11,b33e0d818b364b87878b747b09987f28,5,uniform,"[70, 70, 70, 70, 70]",0,0.0909090909090909,1
12,629ca0ba60d84e678789916c527e5e74,5,uniform,"[70, 70, 70, 70, 70]",0,0.0,1
13,dc5438680eeb4547b962a6d05a58125d,5,uniform,"[70, 70, 70, 70, 70]",0,0.0,1
14,2ea97cfbe22340cdabec8b67b75b0f0e,5,uniform,"[70, 70, 70, 70, 70]",0,0.0,1
15,dc27edf1253345dabb1ae19ef7d8a829,5,uniform,"[70, 70, 70, 70, 70]",1,1.0,1
16,c3ec8eaa57d0418da0c66d7ad83761b3,5,uniform,"[70, 70, 70, 70, 70]",0,0.11764705882352941,1
17,f22c94617c404f388ea469654e9a580f,5,uniform,"[70, 70, 70, 70, 70]",0,0.2857142857142857,1
18,2c9d87584b86413d86f28eb40a1af7cf,5,uniform,"[70, 70, 70, 70, 70]",1,1.0,1
19,49af423e020444c999bdbdaa7cc573bd,5,uniform,"[70, 70, 70, 70, 70]",0,0.0,1
20,a2f796f7536947518cb11c541c564c83,5,uniform,"[70, 70, 70, 70, 70]",0,0.0,1
21,70ff5cd057104a24a7de546f6a0a93e2,5,uniform,"[70, 70, 70, 70, 70]",0,0.2666666666666667,1
22,bb0bceec8bca491db5c90c3962960eea,5,uniform,"[70, 70, 70, 70, 70]",0,0.10256410256410257,1
23,4790b60660da497bb390ed9bc5996973,5,uniform,"[70, 70, 70, 70, 70]",0,0.0,1
24,092f821b8fd243efb2bfd2f200cb99ee,5,uniform,"[70, 70, 70, 70, 70]",0,0.0,0
25,e21128d6906243a58807600c9e0744b4,5,uniform,"[70, 70, 70, 70, 70]",0,0.10526315789473684,0
26,b612d7f272cd452dab8379571e41f3dd,5,uniform,"[70, 70, 70, 70, 70]",0,0.34782608695652173,1
27,40f708bf9a744a90b62edfb3b44ad9cf,5,uniform,"[70, 70, 70, 70, 70]",0,0.0,0
28,b5b3c4c6f37c4de3907df3b82c13a2d7,5,uniform,"[70, 70, 70, 70, 70]",0,0.0,1
29,ebe6da22787d42bab5690387505c2674,5,uniform,"[70, 70, 70, 70, 70]",0,0.0,0
30,74953752801446a2abe6b330ce63c179,5,uniform,"[70, 70, 70, 70, 70]",0,0.0,0
31,ed2ba8953b6a49bb8f961969603a956f,5,uniform,"[70, 70, 70, 70, 70]",0,0.28571428571428575,1
32,d468e9a904314a5a92582bcfcc7b7635,5,uniform,"[70, 70, 70, 70, 70]",0,0.0,1
33,59c97e698fe0492890ba2dec20b8ff97,5,uniform,"[70, 70, 70, 70, 70]",0,0.0,0
34,c00bac5c39534761b85d1adeea7bdd23,5,uniform,"[70, 70, 70, 70, 70]",1,1.0,1
35,625274d8050f451ebd131104306237c1,5,uniform,"[70, 70, 70, 70, 70]",0,0.0,1
36,64215d84427e4d709e2914e76df055c5,5,uniform,"[70, 70, 70, 70, 70]",0,0.0,1
37,5464eecea5074ee49a1f281e3855f2d1,5,uniform,"[70, 70, 70, 70, 70]",0,0.30769230769230765,1
38,f4e61efd586744d9941da1aea777b7d7,5,uniform,"[70, 70, 70, 70, 70]",0,0.0,1
39,e89b8741115d4a248603dde70032bccd,5,uniform,"[70, 70, 70, 70, 70]",1,1.0,1
40,4dd31c6180e64c4eb59983819779cf2c,5,uniform,"[70, 70, 70, 70, 70]",0,0.7272727272727273,1
41,1bf26f3035ec45e5874eb0de76a8d903,5,uniform,"[70, 70, 70, 70, 70]",0,0.9090909090909091,1
42,f86df4ac102d4a058ac5a346fed44de9,5,uniform,"[70, 70, 70, 70, 70]",0,0.0,1
43,ace17f51ddc44d7db28c05c44bc5d658,5,uniform,"[70, 70, 70, 70, 70]",0,0.0,1
44,e2c278dfb89b444389ac7fa574c14697,5,uniform,"[70, 70, 70, 70, 70]",1,1.0,1
45,9b01a7aac7fb40979eccbed5da004372,5,uniform,"[70, 70, 70, 70, 70]",0,0.0,0
46,6778d6c630a84294a6dd81fbfabf9177,5,uniform,"[70, 70, 70, 70, 70]",0,0.0,0
47,35190f405eb4417497a797f137fb3f1b,5,uniform,"[70, 70, 70, 70, 70]",0,0.0,1
48,a5d866dd01974343ba3475ba0ca2387c,5,uniform,"[70, 70, 70, 70, 70]",0,0.6666666666666666,1
49,34a877cef8f4456197484f09d1643e87,5,uniform,"[70, 70, 70, 70, 70]",0,0.6666666666666666,1
50,f87ac51d4db74ff7b51a4c5ea00723e8,5,uniform,"[70, 70, 70, 70, 70]",0,0.0,0
51,9bb1b01620ea4ed28be3d13447145272,5,uniform,"[70, 70, 70, 70, 70]",0,0.0,1
52,68b7a9d693f84289b1d8cca76c5daf3b,5,uniform,"[70, 70, 70, 70, 70]",1,1.0,1
53,413339d30cc447a884eb601571769b06,5,uniform,"[70, 70, 70, 70, 70]",0,0.0,1
54,b0d97074e304423bab66769456c4890d,5,uniform,"[70, 70, 70, 70, 70]",0,0.0,1
55,9827d6f7626d46c188fc893ff0e12fd9,5,uniform,"[70, 70, 70, 70, 70]",1,1.0,1
56,3750487af26c40af96cb49550876a52a,5,uniform,"[70, 70, 70, 70, 70]",0,0.0,0
57,5010c8ecc7584e2d86bbb2ab8acfa878,5,uniform,"[70, 70, 70, 70, 70]",0,0.5,1
58,c5b80b9f943d4bd3b11c84700bff495f,5,uniform,"[70, 70, 70, 70, 70]",0,0.0,1
59,7bfe3ee0862a4bdbb5e06b894cfefd29,5,uniform,"[70, 70, 70, 70, 70]",0,0.0,1
60,d7f9ec97994d42c3bf9dfc7e853a3d66,5,uniform,"[70, 70, 70, 70, 70]",0,0.2666666666666667,1
61,dc530a1b42fc45af9b9112f391db3504,5,uniform,"[70, 70, 70, 70, 70]",0,0.5,1
62,6d8f6111e0f2484f961308f6dc5270b3,5,uniform,"[70, 70, 70, 70, 70]",0,0.0,1
63,ef32addb3b9b4c8ab122fd787122a657,5,uniform,"[70, 70, 70, 70, 70]",0,0.06060606060606061,1
64,79e87ee729dd4f40b1492c9d24d26541,5,uniform,"[70, 70, 70, 70, 70]",0,0.0,1
65,94b8ba1c855e4789a90cd5692ee3e710,5,uniform,"[70, 70, 70, 70, 70]",1,1.0,1
66,7de2c568942c4160a93c7c80f264030f,5,uniform,"[70, 70, 70, 70, 70]",0,0.0,0
67,eeef45fe8f664128b6f49991e5695c3e,5,uniform,"[70, 70, 70, 70, 70]",0,0.0,0
68,fb575e95e21843f9bc7ab8acdde72ee7,5,uniform,"[70, 70, 70, 70, 70]",0,0.0,1
69,0ae51cad51b340cb9ce156a667e11a5e,5,uniform,"[70, 70, 70, 70, 70]",0,0.0,0
70,2e3e4e90adb64e86bf0e6ccf5499126b,5,uniform,"[70, 70, 70, 70, 70]",0,0.6666666666666666,1
71,8b49dc87c93b45c48eb62e4a0b8ac604,5,uniform,"[70, 70, 70, 70, 70]",0,0.2857142857142857,1
72,dafae23b13b148619784124572b26008,5,uniform,"[70, 70, 70, 70, 70]",0,0.9090909090909091,1
73,054d98807bed447f896aaa343005bb89,5,uniform,"[70, 70, 70, 70, 70]",0,0.6666666666666666,1
74,fee6642b071a46e9b1a005d63b58a98c,5,uniform,"[70, 70, 70, 70, 70]",0,0.0,1
75,ae35f52b8069416da505e192383e1cab,5,uniform,"[70, 70, 70, 70, 70]",0,0.0,1
76,21976ca866684313b86aa9450c61406c,5,uniform,"[70, 70, 70, 70, 70]",0,0.0,1
77,bfa3a133f4fc48eda18b7464dddc5e70,5,uniform,"[70, 70, 70, 70, 70]",0,0.0,1
78,8809bd64552f4f7aa8f53f493602ceae,5,uniform,"[70, 70, 70, 70, 70]",1,1.0,1
79,4e6de19d338a44b6bd4bbaec2c3c0635,5,uniform,"[70, 70, 70, 70, 70]",1,1.0,1
80,121d9ead9e87477baedf4605be92bbf7,5,uniform,"[70, 70, 70, 70, 70]",1,1.0,1
81,96478949a8214ae4bd74130d64466203,5,uniform,"[70, 70, 70, 70, 70]",0,0.06666666666666667,1
82,e2bc1abc94f141399b0b004676f84171,5,uniform,"[70, 70, 70, 70, 70]",0,0.8,1
83,a018ca4c1e8e4a44b48188655383c8a5,5,uniform,"[70, 70, 70, 70, 70]",1,1.0,1
84,2c175bdf51494ae1a97be4ed1a365825,5,uniform,"[70, 70, 70, 70, 70]",0,0.125,1
85,916d57f6183b4c52999933fe394cae6e,5,uniform,"[70, 70, 70, 70, 70]",1,1.0,1
86,2324b8d221fa41d58267b515b1a1109a,5,uniform,"[70, 70, 70, 70, 70]",0,0.0,1
87,c0d3770ca41e4463958dca0c88ce3979,5,uniform,"[70, 70, 70, 70, 70]",0,0.0,1
88,68ac44d7d9e24aee8fcaa91e0f364062,5,uniform,"[70, 70, 70, 70, 70]",0,0.06666666666666668,1
89,f6ea20f22a394788814a7b4374246cf9,5,uniform,"[70, 70, 70, 70, 70]",0,0.6,1
90,5f53831743434c24b29ed9b858d87e4b,5,uniform,"[70, 70, 70, 70, 70]",0,0.888888888888889,1
91,20c6639f94d24a91ac79c15024fcd5f7,5,uniform,"[70, 70, 70, 70, 70]",0,0.06451612903225806,1
92,6c6f0f2b83e546e39bc40d37b0ee9975,5,uniform,"[70, 70, 70, 70, 70]",0,0.048780487804878044,1
93,a1b8855de6ff4bf2b8afc5942486e88c,5,uniform,"[70, 70, 70, 70, 70]",0,0.0,0
94,986fec610e0e4bf9bb3de6be1fa0356e,5,uniform,"[70, 70, 70, 70, 70]",0,0.0,0
95,ce5d0f11b9664510a27bf3c483792f13,5,uniform,"[70, 70, 70, 70, 70]",1,1.0,1
96,3f092922c6854e3f8bdf22cc50cf71a9,5,uniform,"[70, 70, 70, 70, 70]",0,0.0,1
97,811785fb9d684ccd9577541cd4c94555,5,uniform,"[70, 70, 70, 70, 70]",0,0.0,1
98,66d0e7da123d49fd8f8016dc27775052,5,uniform,"[70, 70, 70, 70, 70]",0,0.0,1
99,1646e87aca7b4f078ae816044f0f5955,5,uniform,"[70, 70, 70, 70, 70]",0,0.0,1
100,d2747da8e1e1416cb057ee8651131dd8,5,uniform,"[70, 70, 70, 70, 70]",0,0.12903225806451613,1
101,8834ade537ca4faca9fb3bdd7efcb88b,5,uniform,"[70, 70, 70, 70, 70]",0,0.0,1
102,81a06cc7f0ed45fba03d40062246bf0f,5,uniform,"[70, 70, 70, 70, 70]",0,0.0,1
103,9f8bb4dd263246dbac8f331f745d2e5a,5,uniform,"[70, 70, 70, 70, 70]",0,0.0,1
104,d0940d4e2f8b4c23817a178bf3f2ee85,5,uniform,"[70, 70, 70, 70, 70]",0,0.0,0
105,62b2d8702439498197acee357c30a8bd,5,uniform,"[70, 70, 70, 70, 70]",0,0.05405405405405406,0
106,1fcf01709c0b404da2b3024ac0a02eb0,5,uniform,"[70, 70, 70, 70, 70]",0,0.4,0
107,f299e2d5b4264decb2fd2ab4d6a53c2d,5,uniform,"[70, 70, 70, 70, 70]",0,0.0,0
108,ecba8f966e03447a940cfff69f9ba8e1,5,uniform,"[70, 70, 70, 70, 70]",1,1.0,1
109,077524326f6a4e53a728f5341e89f79c,5,uniform,"[70, 70, 70, 70, 70]",0,0.0,1
110,18cbdcbef93544acac9407596569a64f,5,uniform,"[70, 70, 70, 70, 70]",0,0.0,1
111,afc8672a21f441369ab4b0ffb8532c21,5,uniform,"[70, 70, 70, 70, 70]",0,0.196078431372549,1
112,c64f2789544c45c8bf9dceebb35cfa53,5,uniform,"[70, 70, 70, 70, 70]",0,0.0,0
113,c2bf5fa95d404050b8f86692d9100be0,5,uniform,"[70, 70, 70, 70, 70]",0,0.0,1
114,ff5f25fc4c9b4354b49fc603df373ee0,5,uniform,"[70, 70, 70, 70, 70]",0,0.0,1
115,d83aff530fd447b49138953308883ac2,5,uniform,"[70, 70, 70, 70, 70]",0,0.0,0
116,5b7387ec945d47b8b624c2b55b6a80c1,5,uniform,"[70, 70, 70, 70, 70]",0,0.0,1
117,987b4118a9304f2f8193ab27a36b0489,5,uniform,"[70, 70, 70, 70, 70]",0,0.125,1
118,da630eb21dea4abe920e8253d4fd6a34,5,uniform,"[70, 70, 70, 70, 70]",0,0.27586206896551724,1
119,1cfc4441a86445fab7952656df2d64a0,5,uniform,"[70, 70, 70, 70, 70]",0,0.0,1
120,5cac964bb57446e39b0f58d6043c12d7,5,uniform,"[70, 70, 70, 70, 70]",0,0.0,1
121,30cbead889fc4c0783a1afd652cfb163,5,uniform,"[70, 70, 70, 70, 70]",0,0.6666666666666666,1
122,d7eb4ea422a0440ab1a2ea0d9a313198,5,uniform,"[70, 70, 70, 70, 70]",0,0.0,1
123,c8c3c9f350c5469da18f367a6a250097,5,uniform,"[70, 70, 70, 70, 70]",0,0.0,0
124,b47d1c59552a453ba57c2121f029242d,5,uniform,"[70, 70, 70, 70, 70]",0,0.0,1
125,29b82a59344f4d38854c476a31827ba7,5,uniform,"[70, 70, 70, 70, 70]",0,0.0,0
126,9a0b3de216b6498699f9a1745ef51447,5,uniform,"[70, 70, 70, 70, 70]",0,0.14814814814814814,1
127,f126e81901054b3ba5fb4ce920b1df38,5,uniform,"[70, 70, 70, 70, 70]",1,1.0,1
128,0a8eff0d1b134de888817e44d2e889b1,5,uniform,"[70, 70, 70, 70, 70]",0,0.32558139534883723,1
129,054b7315353146d4b0ad624514005ef2,5,uniform,"[70, 70, 70, 70, 70]",0,0.0,1
130,f4ef4313787d49d7851ad2a6c66cf163,5,uniform,"[70, 70, 70, 70, 70]",0,0.6666666666666666,1
131,e3602ad5a2864891955a696e59594e76,5,uniform,"[70, 70, 70, 70, 70]",0,0.6666666666666666,1
132,2a9c56b5a5ae43b78f7f7d9dccdca491,5,uniform,"[70, 70, 70, 70, 70]",0,0.4,1
133,4fc9afe35d8c4cdf8115fe9faf6ac96a,5,uniform,"[70, 70, 70, 70, 70]",1,1.0,1
134,065ce886fe8c41088ba6b71c82ab6229,5,uniform,"[70, 70, 70, 70, 70]",0,0.0,1
135,928063d9906145b6b83392f5068efb4f,5,uniform,"[70, 70, 70, 70, 70]",0,0.0,0
136,455324ce37fa42c8af627f9f832cfb24,5,uniform,"[70, 70, 70, 70, 70]",0,0.0,0
137,1af7aafeb2e24d348d72b7559a2ce754,5,uniform,"[70, 70, 70, 70, 70]",0,0.08,1
138,c4c3e45a17884ef78442ed584e442741,5,uniform,"[70, 70, 70, 70, 70]",1,1.0,1
139,2e7792c3711b4a139cf99e7dec1b7e26,5,uniform,"[70, 70, 70, 70, 70]",0,0.0,1
140,8d3d4915ed104234bca2e7e8eb591d6e,5,uniform,"[70, 70, 70, 70, 70]",0,0.2666666666666667,1
141,7876cd87c6e845f484f841d243a021a0,5,uniform,"[70, 70, 70, 70, 70]",0,0.15384615384615385,1
142,faca8fa5d6724e3f95ea8550bbb1a3c8,5,uniform,"[70, 70, 70, 70, 70]",0,0.0,1
143,76c6e9ef00884f509bc625e25b15cc85,5,uniform,"[70, 70, 70, 70, 70]",1,1.0,1
144,0db9e6fa3f21435996d0bf1e3b3f8adb,5,uniform,"[70, 70, 70, 70, 70]",1,1.0,1
145,ca61917ae999408c84f855c26dc48c68,5,uniform,"[70, 70, 70, 70, 70]",0,0.0,0
146,c6d27c29d4774501b4f046af3bb83dfd,5,uniform,"[70, 70, 70, 70, 70]",0,0.0,0
147,8da0d6902cab4114b140672981c41ece,5,uniform,"[70, 70, 70, 70, 70]",0,0.0,1
148,d809c82de0cc41a391a8476fbedc4638,5,uniform,"[70, 70, 70, 70, 70]",1,1.0,1
149,6a9dae85ef8448b88947f67b7368cd84,5,uniform,"[70, 70, 70, 70, 70]",0,0.0,1
150,62ccc3554230408fb85b346dedaeffa9,5,uniform,"[70, 70, 70, 70, 70]",0,0.0,1
151,9724aa5ceb194973a23f99d088987015,5,uniform,"[70, 70, 70, 70, 70]",1,1.0,1
152,8c513011d82543469328cb90f190d67c,5,uniform,"[70, 70, 70, 70, 70]",0,0.0,0
153,352bbdac5d414a65a714e30a0fd97f42,5,uniform,"[70, 70, 70, 70, 70]",0,0.14285714285714288,1
154,c46c0d1751554ccea747cb3825bdbe66,5,uniform,"[70, 70, 70, 70, 70]",0,0.0,0
155,1b99dffb92c14a838fdb91967645cbf0,5,uniform,"[70, 70, 70, 70, 70]",0,0.0,1
156,fe231269e136464c857e4cedaa8a523e,5,uniform,"[70, 70, 70, 70, 70]",0,0.0,0
157,b7ccf71e49054da2a836cbd7dcca51ae,5,uniform,"[70, 70, 70, 70, 70]",0,0.0,0
158,c5d1601dece84ce895260d42931118c3,5,uniform,"[70, 70, 70, 70, 70]",0,0.0,0
159,c6e9bca537a64d47a1f219d04aa484cf,5,uniform,"[70, 70, 70, 70, 70]",0,0.0,0
160,19174950ad6b4759929f41cb2aa6b979,5,uniform,"[70, 70, 70, 70, 70]",0,0.0,0
161,08e1f398fc554a2b9cc745c89b8ddd1c,5,uniform,"[70, 70, 70, 70, 70]",0,0.0,1
162,4e8ac0b2d2c448099dea09b0b88032b6,5,uniform,"[70, 70, 70, 70, 70]",0,0.33333333333333337,1
163,ba68aac128784f47a20eafdb4fa84627,5,uniform,"[70, 70, 70, 70, 70]",0,0.0,1
164,9b6a4b25c0cf41d89f69fab7e636d836,5,uniform,"[70, 70, 70, 70, 70]",1,1.0,1
165,851dc215cd4f478ea5bc5be433bb650b,5,uniform,"[70, 70, 70, 70, 70]",0,0.0,1
166,73df4341944b4832a7110492fec95939,5,uniform,"[70, 70, 70, 70, 70]",1,1.0,1
167,82498b7e764c4a77ae54de9e49a211ce,5,uniform,"[70, 70, 70, 70, 70]",0,0.4,1
168,d12c3c9ff7254b76a83a3c702e0f1411,5,uniform,"[70, 70, 70, 70, 70]",0,0.0,1
169,9b5c249c46644e04a2d28d98bac5f951,5,uniform,"[70, 70, 70, 70, 70]",0,0.0,0
170,b31c60bda086454a900948cde75eb053,5,uniform,"[70, 70, 70, 70, 70]",0,0.0,1
171,68ea789496074f56878ceddf5f0bb6c0,5,uniform,"[70, 70, 70, 70, 70]",0,0.0,0
172,2fbb04100c444abda7f972b3c7ca55b9,5,uniform,"[70, 70, 70, 70, 70]",0,0.12121212121212122,1
173,ff83ee0ffed94025b218bc5444b14880,5,uniform,"[70, 70, 70, 70, 70]",0,0.0,0
174,811443af769846bd88db9031899cf838,5,uniform,"[70, 70, 70, 70, 70]",0,0.0,1
175,2737e76f68ed4c889e75300d5d707fbb,5,uniform,"[70, 70, 70, 70, 70]",0,0.08695652173913045,1
176,5c48b89357aa48fd8a1aafaeabe73c4c,5,uniform,"[70, 70, 70, 70, 70]",0,0.823529411764706,1
177,57b5639ab5b441d9956c8bb4d17cf3e2,5,uniform,"[70, 70, 70, 70, 70]",1,1.0,1
178,b7f2e1ae39b54396b93b90189b8ef3da,5,uniform,"[70, 70, 70, 70, 70]",0,0.0,1
179,ed32ea00d52a492b93ce00ce06b93f4a,5,uniform,"[70, 70, 70, 70, 70]",0,0.09302325581395349,1
180,45e285d6497d478b835ec6f97fe0edb8,5,uniform,"[70, 70, 70, 70, 70]",0,0.0,1
181,287086d87ca540629ea9a5d1f3e42827,5,uniform,"[70, 70, 70, 70, 70]",0,0.0,0
182,66671cea0dee4e95ace4c4ccbdcc094b,5,uniform,"[70, 70, 70, 70, 70]",0,0.0,0
183,1c3202898a2340d8b9ee33b3d2feb483,5,uniform,"[70, 70, 70, 70, 70]",1,1.0,1
184,b91f7ce859194bf3a952f9948618cfaf,5,uniform,"[70, 70, 70, 70, 70]",0,0.0,0
185,8da9a487491d4861815c860882b46f1b,5,uniform,"[70, 70, 70, 70, 70]",1,1.0,1
186,b0bc5b996f8c43a4a27f7a0a92100227,5,uniform,"[70, 70, 70, 70, 70]",0,0.0,0
187,b3d3a7f3fd00419c896e03a2dd70c2eb,5,uniform,"[70, 70, 70, 70, 70]",0,0.0,0
188,9723fcbfda3b41f1a2928a72b5614b05,5,uniform,"[70, 70, 70, 70, 70]",0,0.0,0
189,354948edd4c94ed49d3c744a8213b0e4,5,uniform,"[70, 70, 70, 70, 70]",0,0.0,0
190,06ad4f09434a47e7a9563d96bde0e71f,5,uniform,"[70, 70, 70, 70, 70]",0,0.14035087719298248,1
191,9ed3661a6d2945fbb92425ece8bc177e,5,uniform,"[70, 70, 70, 70, 70]",0,0.0,0
192,ef60d03b67d34a1190d04693fee8767f,5,uniform,"[70, 70, 70, 70, 70]",0,0.0,0
193,63fc6e7a70aa4d60a8cab579a90afb9e,5,uniform,"[70, 70, 70, 70, 70]",0,0.0,1
194,8c780963994f44c7835580cb22bc2fdc,5,uniform,"[70, 70, 70, 70, 70]",0,0.6923076923076924,1
195,60f332bc68e64d8680e179e359b0d6fa,5,uniform,"[70, 70, 70, 70, 70]",0,0.0,1
196,69e712f057644faf86a9688a85a2deee,5,uniform,"[70, 70, 70, 70, 70]",1,1.0,1
197,1a4a586dd10143f3a68247ae4c535713,5,uniform,"[70, 70, 70, 70, 70]",0,0.0,1
198,ba52569b388b4b339129a0277c7eb2e8,5,uniform,"[70, 70, 70, 70, 70]",1,1.0,1
199,a5c81a5e5d3c42d089cd98f0b556de2f,5,uniform,"[70, 70, 70, 70, 70]",0,0.0,0
200,0af880e8558a4fc3afbc9a8a25d081fd,5,uniform,"[70, 70, 70, 70, 70]",0,0.4,1
201,073515a682484ceaac87a83d1ab38a06,5,uniform,"[70, 70, 70, 70, 70]",0,0.05405405405405405,1
202,36ab12ff07cf46ed9af03891964f20de,5,uniform,"[70, 70, 70, 70, 70]",0,0.0,1
203,b189954307e7414b9d81ad99c7b730bf,5,uniform,"[70, 70, 70, 70, 70]",0,0.17142857142857143,1
204,37c0ef1f9eb3412594ff30f21611b882,5,uniform,"[70, 70, 70, 70, 70]",0,0.0,0
205,dc27c4c56b014020bd9e8a799860b06e,5,uniform,"[70, 70, 70, 70, 70]",1,1.0,1
206,aa9da743626a453780aaaf56e7816508,5,uniform,"[70, 70, 70, 70, 70]",0,0.0,0
207,5b94852dff984b19bf8264cd8bc1caa3,5,uniform,"[70, 70, 70, 70, 70]",0,0.06896551724137931,1
208,980522a80742433e96b144a86fd2ddce,5,uniform,"[70, 70, 70, 70, 70]",0,0.0,0
209,c5fc7fc4522b43b7a0802acbd3963efd,5,uniform,"[70, 70, 70, 70, 70]",0,0.0,1
210,7374f521a2854922b8f6f8890ecda23d,5,uniform,"[70, 70, 70, 70, 70]",0,0.2666666666666667,1
211,29cd58ae62e94dc4b7315ce4b50010ef,5,uniform,"[70, 70, 70, 70, 70]",0,0.25,1
212,5fcc6fb126e14d65ba4d0d86bb28a8be,5,uniform,"[70, 70, 70, 70, 70]",0,0.0,1
213,2b41e95bcc554f69b8d594bc3d05bf1a,5,uniform,"[70, 70, 70, 70, 70]",0,0.07142857142857142,1
214,8ae5ae5b607b4dbc86f7da5147a095c7,5,uniform,"[70, 70, 70, 70, 70]",0,0.0,0
215,fc7d87cd43814b8db5d9bcc43cba1da3,5,uniform,"[70, 70, 70, 70, 70]",0,0.3333333333333333,1
216,0338d7711b1646d6be2b815c279cff54,5,uniform,"[70, 70, 70, 70, 70]",0,0.0,1
217,dcb53cda7e6144fca04963ac7581bcdd,5,uniform,"[70, 70, 70, 70, 70]",0,0.1904761904761905,1
218,ecccb9b15eb3413d8f3a5ad8d8983716,5,uniform,"[70, 70, 70, 70, 70]",0,0.0,0
219,fa3b764edd7a4c44be5b8921112e8bf6,5,uniform,"[70, 70, 70, 70, 70]",0,0.0,0
220,493624c8263b40ec97c127e45b45d5c1,5,uniform,"[70, 70, 70, 70, 70]",0,0.0,0
221,ebee9fdad5b64bab83267a364ea4d10b,5,uniform,"[70, 70, 70, 70, 70]",0,0.5714285714285715,1
222,1fd96469f9a24b37814917f25f8060f2,5,uniform,"[70, 70, 70, 70, 70]",0,0.0,0
223,f97696deb9704d2f8ae5834f9fcdd88c,5,uniform,"[70, 70, 70, 70, 70]",0,0.4,1
224,da54c67b92b74a2c91d2227d09a41438,5,uniform,"[70, 70, 70, 70, 70]",0,0.0,1
225,1416c66b2eb543aea04972d5780b31d6,5,uniform,"[70, 70, 70, 70, 70]",0,0.0,0
226,ec0a4212a5df47f682fbba53188e7af8,5,uniform,"[70, 70, 70, 70, 70]",0,0.0,0
227,856b14030ac342bb979ca5091377cff0,5,uniform,"[70, 70, 70, 70, 70]",0,0.0,0
228,58c9a110235b4879950e679babb53318,5,uniform,"[70, 70, 70, 70, 70]",0,0.0,1
229,eff7102be794409081a5e3b3ef3c9518,5,uniform,"[70, 70, 70, 70, 70]",0,0.375,1
230,99331d54ed084ccf98837531ede526e3,5,uniform,"[70, 70, 70, 70, 70]",0,0.0,0
231,400ab40069334ea6a12b1085941a9880,5,uniform,"[70, 70, 70, 70, 70]",0,0.5,1
232,9f1d761a46c64578849ff7408c6351b2,5,uniform,"[70, 70, 70, 70, 70]",0,0.42857142857142855,1
233,241f5227a1124be591341cf33b2ecb2f,5,uniform,"[70, 70, 70, 70, 70]",0,0.0,1
234,4f05dc53dcc24ed1a59fdd5d950966d0,5,uniform,"[70, 70, 70, 70, 70]",0,0.0,0
235,e1dac33266d048c89894eab0b0dc1c2a,5,uniform,"[70, 70, 70, 70, 70]",0,0.1111111111111111,1
236,ce3ecd44941f4597ae927b61841b860a,5,uniform,"[70, 70, 70, 70, 70]",0,0.0,1
237,d031593cc6f142f6bba7e64ea9224dea,5,uniform,"[70, 70, 70, 70, 70]",0,0.0,1
238,5b5d465a7ab2427485a00f3638543996,5,uniform,"[70, 70, 70, 70, 70]",0,0.0,1
239,53fe1484646648969f42e40f550ab7ef,5,uniform,"[70, 70, 70, 70, 70]",0,0.058823529411764705,1
240,d86c4a3e9c944a5595ffd076817380c9,5,uniform,"[70, 70, 70, 70, 70]",0,0.8,1
241,d847d59c18884a8eaddd5fc55d047799,5,uniform,"[70, 70, 70, 70, 70]",0,0.0,1
242,b5e7dc56ca2e4d68bc9b59696bca7f75,5,uniform,"[70, 70, 70, 70, 70]",0,0.14814814814814814,1
243,bd356a60992b44f7840f99ffc390382c,5,uniform,"[70, 70, 70, 70, 70]",1,1.0,1
244,f8c03f10b27045d89e068c461ea3d69c,5,uniform,"[70, 70, 70, 70, 70]",0,0.0,1
245,f57595f77502405fbe6baf093d8baea0,5,uniform,"[70, 70, 70, 70, 70]",0,0.0,1
246,a697c765c3e74e0cb48088ea3ecdcdb1,5,uniform,"[70, 70, 70, 70, 70]",0,0.0,1
247,57e62137793b4537bb7eb95d44481eb3,5,uniform,"[70, 70, 70, 70, 70]",0,0.3333333333333333,1
248,7cb53bae73d64900a63fde04f93eceea,5,uniform,"[70, 70, 70, 70, 70]",0,0.0,0
249,a8ff7b13f4b943d89f09cf03cbde580a,5,uniform,"[70, 70, 70, 70, 70]",0,0.0,0
250,547765c1158b4a5a8100d6a300aa88b1,5,uniform,"[70, 70, 70, 70, 70]",0,0.19999999999999998,1
251,31d748672420422aa724d2b6db6b1d18,5,uniform,"[70, 70, 70, 70, 70]",0,0.0,1
252,f8542bff725c4264aaf360ad929a1807,5,uniform,"[70, 70, 70, 70, 70]",0,0.0,0
253,0d56e8c7e4b6449696113a82ec0da19e,5,uniform,"[70, 70, 70, 70, 70]",0,0.2222222222222222,1
254,0ad40f362389498382471e1f6171f996,5,uniform,"[70, 70, 70, 70, 70]",0,0.5,1
255,9adfdf882a9a4f8bb69b96506ce7471c,5,uniform,"[70, 70, 70, 70, 70]",1,1.0,1
256,63b89182644f454c92026c4ca6747140,5,uniform,"[70, 70, 70, 70, 70]",0,0.0,0
257,62c441cc36584729bc6608d4f56ca4d6,5,uniform,"[70, 70, 70, 70, 70]",0,0.0,1
258,480a34c34b094ac6b071bc658c0da810,5,uniform,"[70, 70, 70, 70, 70]",0,0.15384615384615385,0
259,db571ac79d34404b9a59b62c7fd38c56,5,uniform,"[70, 70, 70, 70, 70]",0,0.0,1
260,9e3b57d9763d4f1da04cc784d5944be2,5,uniform,"[70, 70, 70, 70, 70]",0,0.0,0
261,7594504b380443f6920beb03b1379bd7,5,uniform,"[70, 70, 70, 70, 70]",0,0.058823529411764705,1
262,d0a7880cce6f4bce95aaaf322c41355f,5,uniform,"[70, 70, 70, 70, 70]",0,0.18181818181818182,1
263,bdc7cf3241594e52a3164b489f50370d,5,uniform,"[70, 70, 70, 70, 70]",0,0.0,1
264,d5500a7bfa4d4b1683dc90808707e306,5,uniform,"[70, 70, 70, 70, 70]",0,0.0,1
265,8bf4e9d3157446bd95bbea12227c100b,5,uniform,"[70, 70, 70, 70, 70]",0,0.4,1
266,487cd2a2f5ee49bb96d33d0d56ea6a2b,5,uniform,"[70, 70, 70, 70, 70]",0,0.0,1
267,8fcc1e39bba146a08300eef42c641e71,5,uniform,"[70, 70, 70, 70, 70]",0,0.0,0
268,383db81acf1f476d8aa21be94cc9daa7,5,uniform,"[70, 70, 70, 70, 70]",1,1.0,1
269,3ded2ac8aff04250896711bfc070cd39,5,uniform,"[70, 70, 70, 70, 70]",0,0.0,0
270,fcccb4baf6314a589f6725cf1dc37979,5,uniform,"[70, 70, 70, 70, 70]",0,0.044444444444444446,0
271,3365b3e46e9240dca893042f6f34486f,5,uniform,"[70, 70, 70, 70, 70]",0,0.18181818181818182,1
272,7f764f3b545744048cf82108c4bb5157,5,uniform,"[70, 70, 70, 70, 70]",0,0.25,0
273,ad0e4b1a103d400f9ef4dd6827e215b9,5,uniform,"[70, 70, 70, 70, 70]",0,0.0,0
274,198f769edd5c4bd7b829ffeaa6d595c1,5,uniform,"[70, 70, 70, 70, 70]",0,0.0,1
275,e296d418c6614640b45afe738e0fe7ce,5,uniform,"[70, 70, 70, 70, 70]",0,0.0,1
276,489edeed2f20435b9fc8ab429d160239,5,uniform,"[70, 70, 70, 70, 70]",0,0.0,1
277,b39eac495217430ebe3cfb37878882ee,5,uniform,"[70, 70, 70, 70, 70]",0,0.0,1
278,e772ff7304f54b78a3280763cf427221,5,uniform,"[70, 70, 70, 70, 70]",0,0.0,0
279,d16db94dc08840cb930ce9cf59151bef,5,uniform,"[70, 70, 70, 70, 70]",0,0.0,1
280,92100c8dcef141f69ab22ef3ad13d9d5,5,uniform,"[70, 70, 70, 70, 70]",0,0.0,1
281,11452fbd4fdb40d8bd8f10d24a8087e2,5,uniform,"[70, 70, 70, 70, 70]",0,0.0,0
282,3b8f128366fb4a669715a4b6cfc166cd,5,uniform,"[70, 70, 70, 70, 70]",0,0.0,0
283,3dd9a7133b594635ac914a6abccf0e46,5,uniform,"[70, 70, 70, 70, 70]",0,0.0,1
284,f2f07af9f9874dc992ca32c22063ffd4,5,uniform,"[70, 70, 70, 70, 70]",0,0.0,1
285,5ff5d8f1083b442cbf759f1980f8cd15,5,uniform,"[70, 70, 70, 70, 70]",0,0.0,0
286,8047bb5d810b4c2f967c45b876ff4bb8,5,uniform,"[70, 70, 70, 70, 70]",1,1.0,1
287,1e7aa41fe6ff4d048cf6c314eaae526a,5,uniform,"[70, 70, 70, 70, 70]",0,0.0,0
288,32e5e53144904525bdd91c2346ecdc21,5,uniform,"[70, 70, 70, 70, 70]",0,0.0,1
289,3645db7e841f4242ae0b3be674e8bc8a,5,uniform,"[70, 70, 70, 70, 70]",0,0.4,1
290,b344f9c87e2d4e5498338ea56023892c,5,uniform,"[70, 70, 70, 70, 70]",0,0.8,1
291,cae1c72a196e41c0919e17bc003a3a5f,5,uniform,"[70, 70, 70, 70, 70]",0,0.0,0
292,d21a2587e9e64ae08a9243d3f950521b,5,uniform,"[70, 70, 70, 70, 70]",0,0.0,0
293,f8657886cea34216b10630e96b7a2932,5,uniform,"[70, 70, 70, 70, 70]",0,0.13793103448275862,1
294,14c07142ff80440483ee9fdc0f2d8b06,5,uniform,"[70, 70, 70, 70, 70]",0,0.0,1
295,c1028f19198147868af85aa60943519d,5,uniform,"[70, 70, 70, 70, 70]",0,0.060606060606060615,0
296,c5e69a8c19ec4fadb153de7ed8d06b9f,5,uniform,"[70, 70, 70, 70, 70]",0,0.5,1
297,b476d07cc2e747d0bad28a795661540d,5,uniform,"[70, 70, 70, 70, 70]",0,0.0,0
298,ce3ef968a0704a3fa36f7f605ed0031a,5,uniform,"[70, 70, 70, 70, 70]",0,0.0,0
299,5d6dc2b279594850a8ffce1f1b7892aa,5,uniform,"[70, 70, 70, 70, 70]",0,0.2,1
300,74518b730d2941859c8fc206f74de46a,5,uniform,"[70, 70, 70, 70, 70]",0,0.3333333333333333,0
301,679586e746bf437fb4372790a38aaa81,5,uniform,"[70, 70, 70, 70, 70]",0,0.0,1
302,5aaeceef16f34275b07bef56b93edddc,5,uniform,"[70, 70, 70, 70, 70]",0,0.0,1
303,cf3bbf5197224180b1a20f44bba8ff58,5,uniform,"[70, 70, 70, 70, 70]",0,0.0,1
304,77581c9e1c504eb6a88f1cc8693a1f7b,5,uniform,"[70, 70, 70, 70, 70]",0,0.2857142857142857,1
305,57c251b6218b4c1094f9dfb9f53f2a21,5,uniform,"[70, 70, 70, 70, 70]",0,0.19999999999999998,1
306,786e56a75654431f8335c0a57f0e3d3e,5,uniform,"[70, 70, 70, 70, 70]",1,1.0,1
307,e3ece1d381234fa9a9402f702b38c5b5,5,uniform,"[70, 70, 70, 70, 70]",0,0.5714285714285715,1
308,f5627bd7cf9545e78204161253ca2e8e,5,uniform,"[70, 70, 70, 70, 70]",0,0.8571428571428571,1
309,4f1dcb1b8e9745ddb92444ccacb4b1b8,5,uniform,"[70, 70, 70, 70, 70]",0,0.6666666666666666,1
310,98bbd1deff4143b780e5d123925bdbee,5,uniform,"[70, 70, 70, 70, 70]",0,0.0,1
311,f510e4b92495473db9b86dd2d5b6eb18,5,uniform,"[70, 70, 70, 70, 70]",1,1.0,1
312,7baaa5545ac44114b79c5420d561d85e,5,uniform,"[70, 70, 70, 70, 70]",0,0.0,1
313,143a0df7e66a473ba5804b1c75f56c86,5,uniform,"[70, 70, 70, 70, 70]",0,0.0,0
314,bd0f2b0fc40146edb228ac6be2fd9e5a,5,uniform,"[70, 70, 70, 70, 70]",0,0.0,1
315,06bff66d3af04edd808a81c4b0a106a7,5,uniform,"[70, 70, 70, 70, 70]",0,0.3333333333333333,1
316,cbb5d9c625b74ae1b3426d2a185549c4,5,uniform,"[70, 70, 70, 70, 70]",0,0.0,0
317,3bb0f77a9cbc44fab12fdc8005e69f91,5,uniform,"[70, 70, 70, 70, 70]",0,0.0,0
318,5f24d26d866b410da298cec18f321605,5,uniform,"[70, 70, 70, 70, 70]",0,0.0,1
319,e6bd79cae1cb472c990b5226f2a87152,5,uniform,"[70, 70, 70, 70, 70]",0,0.0,1
320,e111ffbe05e4468c85bfaeceec2ea821,5,uniform,"[70, 70, 70, 70, 70]",1,1.0,1
321,8caeb3cde3074e66af2795f258908f69,5,uniform,"[70, 70, 70, 70, 70]",0,0.0,1
322,f8b5c43adc974d82aaab3f81649ca754,5,uniform,"[70, 70, 70, 70, 70]",0,0.0,1
323,574519a5dbfc4727bd68c1f4f0ad92b0,5,uniform,"[70, 70, 70, 70, 70]",0,0.0,1
324,842b90f71d4142229534788a21189892,5,uniform,"[70, 70, 70, 70, 70]",0,0.0,1
325,09a4f669c3ce4432954d3b5348ffde56,5,uniform,"[70, 70, 70, 70, 70]",0,0.18181818181818182,1
326,b2a92b434a344e49b3a6911bfd86e98f,5,uniform,"[70, 70, 70, 70, 70]",0,0.0,1
327,6029989106ef4c32bc7eb342670dc8c1,5,uniform,"[70, 70, 70, 70, 70]",0,0.0,1
328,e412730b37274c11bad105b38ed9e196,5,uniform,"[70, 70, 70, 70, 70]",0,0.0,1
329,c5c6d814143a4f1eb7cc7546d9654173,5,uniform,"[70, 70, 70, 70, 70]",1,1.0,1
330,0633af8dabeb4925bf0fb0110cc54247,5,uniform,"[70, 70, 70, 70, 70]",0,0.08695652173913045,1
331,044418fd6fd646ec89a54a7013712c9d,5,uniform,"[70, 70, 70, 70, 70]",0,0.0,1
332,8b9a2f29b35b41e38cb94347237d59d7,5,uniform,"[70, 70, 70, 70, 70]",0,0.0,1
333,26782a326a394d688dda2441308bf00a,5,uniform,"[70, 70, 70, 70, 70]",0,0.0,1
334,f9bf09905dc249e69f69c4db9b323d0f,5,uniform,"[70, 70, 70, 70, 70]",0,0.6666666666666666,1
335,07f2d15033cf4fb6916bed5d56dcb8f5,5,uniform,"[70, 70, 70, 70, 70]",0,0.0,1
336,a045cbc6199c4b9e8dbb8545febda365,5,uniform,"[70, 70, 70, 70, 70]",0,0.0,0
337,af446346d828479ca02c375ec2973773,5,uniform,"[70, 70, 70, 70, 70]",0,0.0,0
338,8447a26148c9454da18385e3d9fa4a3c,5,uniform,"[70, 70, 70, 70, 70]",0,0.0,0
339,2a7071c8d8c74dac901956228d59fdfb,5,uniform,"[70, 70, 70, 70, 70]",0,0.0,0
340,55bc45f2e63149869e4d0e52da6cb421,5,uniform,"[70, 70, 70, 70, 70]",0,0.4,1
341,bb2c93be295348eb933e57a16325af76,5,uniform,"[70, 70, 70, 70, 70]",0,0.0,1
342,cff18af0aed84c39ab0d156de7f507f8,5,uniform,"[70, 70, 70, 70, 70]",0,0.0,1
343,423f76b5864047f480599c7946546eb1,5,uniform,"[70, 70, 70, 70, 70]",0,0.0,0
344,0754e951855e46df80b0269253e4acf7,5,uniform,"[70, 70, 70, 70, 70]",0,0.0,0
345,5bdc71bbfc6e4934aa337ab24559eb6c,5,uniform,"[70, 70, 70, 70, 70]",0,0.0,0
346,b71eed014a8c4e51ba0bb48aeb1939ae,5,uniform,"[70, 70, 70, 70, 70]",0,0.4,1
347,d09f358431284dea95dec8e61590dbf4,5,uniform,"[70, 70, 70, 70, 70]",0,0.0,1
348,5bbab85f5ac243a9b98914f8c7af6eb4,5,uniform,"[70, 70, 70, 70, 70]",0,0.0,0
349,18cc95b228434b23a3969ac0d65687fa,5,uniform,"[70, 70, 70, 70, 70]",0,0.0,0
350,b322fdc7819546138582ebc07e8aa7a8,5,uniform,"[70, 70, 70, 70, 70]",1,1.0,1
351,f955cb3e7bda4a93a867b361b7b96327,5,uniform,"[70, 70, 70, 70, 70]",1,1.0,1
352,62e9113dcca84b61af8304429b1570da,5,uniform,"[70, 70, 70, 70, 70]",0,0.0,0
353,f3fc1b6ee3b24e47856d9fe7730350a2,5,uniform,"[70, 70, 70, 70, 70]",0,0.0,0
354,8f0cfcb0d46d43eeb6c7ee04cd29c027,5,uniform,"[70, 70, 70, 70, 70]",0,0.0,1
355,82eb7d4504834ceabad83742c2d0ab5c,5,uniform,"[70, 70, 70, 70, 70]",0,0.6666666666666666,1
356,bf16d51b5b9540ec83fba053bc26a8a9,5,uniform,"[70, 70, 70, 70, 70]",0,0.0,1
357,e62ce90267b149f7a65dc0901c614317,5,uniform,"[70, 70, 70, 70, 70]",1,1.0,1
358,8e376a7767224f8381c8ee661c43ad16,5,uniform,"[70, 70, 70, 70, 70]",0,0.0,1
359,435fd88dd9034cf1bd211e03bab2bed5,5,uniform,"[70, 70, 70, 70, 70]",0,0.0,1
360,109740b4edfa49c5961632436d1df48c,5,uniform,"[70, 70, 70, 70, 70]",0,0.0,1
361,a4c31c16dd1a4cf493b8c20500a88539,5,uniform,"[70, 70, 70, 70, 70]",1,1.0,1
362,721498d8723844d5b1ab0d15eb8e7699,5,uniform,"[70, 70, 70, 70, 70]",0,0.0,0
363,1699130630f2472cacfcbfe214d40416,5,uniform,"[70, 70, 70, 70, 70]",0,0.0,0
364,cceb8fa1b2a84757932a6f7ae86b3653,5,uniform,"[70, 70, 70, 70, 70]",1,1.0,1
365,147cef44c6e64257a962d7ed7e7df893,5,uniform,"[70, 70, 70, 70, 70]",0,0.046511627906976744,0
366,afdf5764dddf4d858cff8be47f91fba7,5,uniform,"[70, 70, 70, 70, 70]",0,0.0,1
367,77dc5fcd3f654630a9a8ec90c9375b45,5,uniform,"[70, 70, 70, 70, 70]",0,0.0,0
368,3a33ecb066b9443e85b68c446f45b287,5,uniform,"[70, 70, 70, 70, 70]",0,0.08695652173913045,1
369,43204be4d77d421990db36f2d9951e63,5,uniform,"[70, 70, 70, 70, 70]",0,0.0,1
370,4c961dd89b054526b342c921486477a6,5,uniform,"[70, 70, 70, 70, 70]",0,0.0,1
371,89b7733b0a994df7b4250953ccff9c24,5,uniform,"[70, 70, 70, 70, 70]",0,0.0,1
372,8b627a95012d4f65a70aff1249d43d64,5,uniform,"[70, 70, 70, 70, 70]",0,0.8,1
373,b99c50bfd5f849afb601bd8ac95b0bf4,5,uniform,"[70, 70, 70, 70, 70]",0,0.0,1
374,ff383ab32c9942908db5946a8fe654d3,5,uniform,"[70, 70, 70, 70, 70]",0,0.0,0
375,89abc7236e6941ee88a263d88d6d299a,5,uniform,"[70, 70, 70, 70, 70]",0,0.17777777777777776,1
376,fadd2528784f4a9fa3b391626e69ffc0,5,uniform,"[70, 70, 70, 70, 70]",0,0.0,0
377,1958d14b7db54bffbbdd57e3677c08e7,5,uniform,"[70, 70, 70, 70, 70]",1,1.0,1
378,9966c7735a6649d88366224ff6552c68,5,uniform,"[70, 70, 70, 70, 70]",0,0.0,0
379,2818d5e47a844bc9831496e2f587a803,5,uniform,"[70, 70, 70, 70, 70]",0,0.0,1
380,74f114ab49744e608eafab899371d913,5,uniform,"[70, 70, 70, 70, 70]",1,1.0,1
381,f724593e7f4842569187dae70a2560d9,5,uniform,"[70, 70, 70, 70, 70]",0,0.0,1
382,3e46e0220a18483fb0fd448bcc36815e,5,uniform,"[70, 70, 70, 70, 70]",1,1.0,1
383,ec9dedf313ba4f90883a2b01909553b3,5,uniform,"[70, 70, 70, 70, 70]",0,0.2857142857142857,1
384,2e9b048c06dc45be97da6116056f74f6,5,uniform,"[70, 70, 70, 70, 70]",0,0.0,1
385,efc438e4fd18417daa0e662499fbe956,5,uniform,"[70, 70, 70, 70, 70]",0,0.5,0
386,33313f986ec740f3b824bc3accb9111e,5,uniform,"[70, 70, 70, 70, 70]",0,0.0,1
387,8eacd2be836f472a83d7008f33ed8506,5,uniform,"[70, 70, 70, 70, 70]",0,0.0,1
388,6cb904d598ce4f7ebb4e4283a24a2f63,5,uniform,"[70, 70, 70, 70, 70]",1,1.0,1
389,194bd503229c46c3b308896e770e1eb1,5,uniform,"[70, 70, 70, 70, 70]",0,0.0,1
390,0c1c6f6b44e3466eac1a68dadefd06ab,5,uniform,"[70, 70, 70, 70, 70]",0,0.0,1
391,c5559fa0b9a0438a9b843d4207061a3d,5,uniform,"[70, 70, 70, 70, 70]",0,0.0,1
392,a168c89e395546be9605e969f682e554,5,uniform,"[70, 70, 70, 70, 70]",0,0.0,1
393,849240180c584f71bc56c0c92c5df5fd,5,uniform,"[70, 70, 70, 70, 70]",0,0.0,0
394,d69a7141ec1c4110ac124dd58d19b8b4,5,uniform,"[70, 70, 70, 70, 70]",0,0.0967741935483871,0
395,d94300f7464c401db93e557fec221320,5,uniform,"[70, 70, 70, 70, 70]",0,0.0,0
396,fa44913cfa244faa88e773dcc3045012,5,uniform,"[70, 70, 70, 70, 70]",0,0.0,1
397,e98ac3de59a646c69b6eb17d3e3a4d0d,5,uniform,"[70, 70, 70, 70, 70]",0,0.0,0
398,d745bee67227422b824140f2734b0621,5,uniform,"[70, 70, 70, 70, 70]",0,0.06896551724137931,0
399,25eec8384d9d45b8b75affcc9f164be3,5,uniform,"[70, 70, 70, 70, 70]",0,0.0,1
400,912cb6aecbec4dc2b44ee22a076c3e2a,5,uniform,"[70, 70, 70, 70, 70]",0,0.0,0
401,f523ba87f5714a108e9bae698f676063,5,uniform,"[70, 70, 70, 70, 70]",0,0.0,1
402,3f28f7be13ad43cda7681b7fa874843c,5,uniform,"[70, 70, 70, 70, 70]",1,1.0,1
403,51ff7cdf97074a07862234487477ef4a,5,uniform,"[70, 70, 70, 70, 70]",0,0.0,1
404,6e1780414deb4cf9b49568f07b3bdc26,5,uniform,"[70, 70, 70, 70, 70]",0,0.0,0
405,f61206d61cf94401b8fbb566b0b67ec7,5,uniform,"[70, 70, 70, 70, 70]",0,0.0,1
406,12859cbba89f494b98e6b7be8b4c88ff,5,uniform,"[70, 70, 70, 70, 70]",0,0.0,0
407,1e326f32613a417fb55b23337862c62b,5,uniform,"[70, 70, 70, 70, 70]",0,0.8,1
408,4ff0076b7fe74648806429e78621f265,5,uniform,"[70, 70, 70, 70, 70]",0,0.0,0
409,531b64eef1bd44568360b3ab40da40da,5,uniform,"[70, 70, 70, 70, 70]",0,0.04444444444444445,0
410,ef15b705b7c54e77b276f22c804ce15d,5,uniform,"[70, 70, 70, 70, 70]",0,0.07999999999999999,1
411,bf9d67fa8b3849ceb410c4dfd7947e5f,5,uniform,"[70, 70, 70, 70, 70]",0,0.0,0
412,8b256cf4c08f4507b8b2f96d7289b585,5,uniform,"[70, 70, 70, 70, 70]",0,0.32,1
413,ab65135d9fc94f16a97555b6b3c54832,5,uniform,"[70, 70, 70, 70, 70]",0,0.5,1
414,21c894485b7a4cb0b66313dd1802a3c2,5,uniform,"[70, 70, 70, 70, 70]",0,0.0,1
415,23f3abb43b8f4f74bffb018bb3943125,5,uniform,"[70, 70, 70, 70, 70]",0,0.0,1
416,cdec7a0d975642d38b3b2d449bffc3e8,5,uniform,"[70, 70, 70, 70, 70]",0,0.0,0
417,803441a3a59d42b293810212bf2d6ced,5,uniform,"[70, 70, 70, 70, 70]",0,0.0,1
418,738dc2a651c7477abe2efc0e5547054a,5,uniform,"[70, 70, 70, 70, 70]",1,1.0,1
419,2fcf533dede444f2a0296b3bf112e0bd,5,uniform,"[70, 70, 70, 70, 70]",1,1.0,1
420,a1747749a3904c53b124b17ba86b1df6,5,uniform,"[70, 70, 70, 70, 70]",0,0.0,1
421,95a04d9fc49441cd901191b2390f05cd,5,uniform,"[70, 70, 70, 70, 70]",0,0.0,1
422,1a82de30a1e546bbaf099a05d79a6230,5,uniform,"[70, 70, 70, 70, 70]",0,0.0,1
423,bc20c452e45644e4beb92b0f35859105,5,uniform,"[70, 70, 70, 70, 70]",1,1.0,1
424,1f2ee8a4ce5d448e8ed30e7ca27b2b32,5,uniform,"[70, 70, 70, 70, 70]",0,0.0,1
425,3f1a03dd30304609a4e646069b0deffd,5,uniform,"[70, 70, 70, 70, 70]",0,0.0,0
426,a256f8f1dbd644c98a3bc79d072405fc,5,uniform,"[70, 70, 70, 70, 70]",1,1.0,1
427,35d000cd64d14585bd474322dc4f4f70,5,uniform,"[70, 70, 70, 70, 70]",0,0.4864864864864865,1
428,7e9ac1c4bf0845eab105c8b1b9265db2,5,uniform,"[70, 70, 70, 70, 70]",0,0.0,0
429,652962af37ce4c5799789678fa661553,5,uniform,"[70, 70, 70, 70, 70]",0,0.2857142857142857,1
430,f5894ccfbf314a63baaca983e208a43b,5,uniform,"[70, 70, 70, 70, 70]",1,1.0,1
431,8a3561154a454ca597d3a9a636a95a93,5,uniform,"[70, 70, 70, 70, 70]",0,0.1904761904761905,1
432,6fe2385a3a1f4e7c8b1982cad82c939d,5,uniform,"[70, 70, 70, 70, 70]",0,0.25,1
433,6f8f3d49dd8845de8307ad2d9fabf269,5,uniform,"[70, 70, 70, 70, 70]",0,0.0,1
434,a36a9969dee14e6f90fc1785e4d8151a,5,uniform,"[70, 70, 70, 70, 70]",1,1.0,1
435,1d1a6ab35fe14fdd8bbe88f884d82ce6,5,uniform,"[70, 70, 70, 70, 70]",0,0.15384615384615385,1
436,fb776aaae451464692b974373b39e4c5,5,uniform,"[70, 70, 70, 70, 70]",1,1.0,1
437,6616d9ae236f46acb990d2a879bf346f,5,uniform,"[70, 70, 70, 70, 70]",1,1.0,1
438,374bacece7a6435484e32852ba73f4a8,5,uniform,"[70, 70, 70, 70, 70]",0,0.6666666666666666,1
439,527a875dd5504c12b1e26cec3ff31fb6,5,uniform,"[70, 70, 70, 70, 70]",0,0.0,1
440,3b6bbfa360e14c8ea4997b82981bf6f7,5,uniform,"[70, 70, 70, 70, 70]",1,1.0,1
441,4f66952eeb534a109a11044fcfecf033,5,uniform,"[70, 70, 70, 70, 70]",0,0.0,0
442,dcd06efd15d8483f9ae99008aae4b8e6,5,uniform,"[70, 70, 70, 70, 70]",0,0.6666666666666666,1
443,c452c1a025c44bdab1694894c2799e64,5,uniform,"[70, 70, 70, 70, 70]",0,0.0,1
444,2efef198621244dc8f660e49bcb0b54e,5,uniform,"[70, 70, 70, 70, 70]",0,0.4,1
445,0b9b15aa02b54f8e82a61c149799963b,5,uniform,"[70, 70, 70, 70, 70]",0,0.0,1
446,a77bad2720ec43aba758a5c99624b6c3,5,uniform,"[70, 70, 70, 70, 70]",0,0.0,1
447,42c9c8fe7ee843dbbe578fdc4dbba39a,5,uniform,"[70, 70, 70, 70, 70]",0,0.0,1
448,500e35b80a13424c8eb9c6e6a0b9af15,5,uniform,"[70, 70, 70, 70, 70]",0,0.0,1
449,490da89fb4c743858167b5b75af14ddd,5,uniform,"[70, 70, 70, 70, 70]",0,0.0,1
450,03905a27a5b841e59153c2e3de3c99f4,5,uniform,"[70, 70, 70, 70, 70]",0,0.0,0
451,bb334d8819054ded95d25bd214397832,5,uniform,"[70, 70, 70, 70, 70]",1,1.0,1
452,ccf8e9a161124b058363c911f27cc4bf,5,uniform,"[70, 70, 70, 70, 70]",0,0.6666666666666666,1
453,d83d3eda31c14835877587e71ae8f858,5,uniform,"[70, 70, 70, 70, 70]",1,1.0,1
454,4b7de03eac3642c5aad653d3fe1600dc,5,uniform,"[70, 70, 70, 70, 70]",0,0.18181818181818185,1
455,574737b3f4284419a8e2bcf43167e253,5,uniform,"[70, 70, 70, 70, 70]",0,0.6666666666666666,1
456,4e8d8610abde45809ece08144c48d9e7,5,uniform,"[70, 70, 70, 70, 70]",0,0.6666666666666666,1
457,80f8912075b14d1a91b62f0c2d06ca84,5,uniform,"[70, 70, 70, 70, 70]",0,0.0,1
458,6401157d496747a092bf97a5f430d281,5,uniform,"[70, 70, 70, 70, 70]",0,0.0,1
459,614b047fc1144246af208be2a508d5ce,5,uniform,"[70, 70, 70, 70, 70]",0,0.0,0
460,0dfeb9e7d43747bcac4e5ac700caec79,5,uniform,"[70, 70, 70, 70, 70]",1,1.0,1
461,edb3d5b64911443798e8e83b07ae5b99,5,uniform,"[70, 70, 70, 70, 70]",0,0.4210526315789474,1
462,d54a2fd059b54e2d80b503109524db0a,5,uniform,"[70, 70, 70, 70, 70]",0,0.0,1
463,c564493e2442402ebb6d4a5af51f7c25,5,uniform,"[70, 70, 70, 70, 70]",0,0.2727272727272727,1
464,b32d5172d0b3451b83352d24deab59e6,5,uniform,"[70, 70, 70, 70, 70]",0,0.0,1
465,19d523d3a0824aed8cc62eed5e24f1e4,5,uniform,"[70, 70, 70, 70, 70]",0,0.0,1
466,4cff857ac2f74c6094f26f596ba0cb1f,5,uniform,"[70, 70, 70, 70, 70]",0,0.0,1
467,af77d75481ae4b0391017dfd394050f4,5,uniform,"[70, 70, 70, 70, 70]",0,0.0,1
468,2784aee1dd324e3f8945b73963b7785f,5,uniform,"[70, 70, 70, 70, 70]",0,0.0,1
469,d89807b1fdda40c2bebb55edf64c3938,5,uniform,"[70, 70, 70, 70, 70]",0,0.18181818181818182,1
470,af5369c41cba4379978174fe353ddff6,5,uniform,"[70, 70, 70, 70, 70]",1,1.0,1
471,6bf1ecc9589d4447b31afde347505919,5,uniform,"[70, 70, 70, 70, 70]",0,0.0,0
472,ba2b3c2aeb464d8f8a949fc75944bcbd,5,uniform,"[70, 70, 70, 70, 70]",1,1.0,1
473,112542d377134435a5e6e79b2e9a5c1a,5,uniform,"[70, 70, 70, 70, 70]",0,0.0,1
474,80a9457351e14111aaf3fb84d3528092,5,uniform,"[70, 70, 70, 70, 70]",1,1.0,1
475,f2894e10d02a42c2b91b26caefadfbc9,5,uniform,"[70, 70, 70, 70, 70]",1,1.0,1
476,daccc4268b874f63a33873b7171ba8ff,5,uniform,"[70, 70, 70, 70, 70]",0,0.24390243902439027,1
477,540ee9edf9fd4bfc981390d172704bbc,5,uniform,"[70, 70, 70, 70, 70]",0,0.0,1
478,116602c25c3e4b33b7a5a111f9174cbe,5,uniform,"[70, 70, 70, 70, 70]",0,0.5,1
479,66225a9def6a45ddaac68462170b34b7,5,uniform,"[70, 70, 70, 70, 70]",0,0.0,0
480,b75b64ca513e4ae3be64ff5d71a9b652,5,uniform,"[70, 70, 70, 70, 70]",0,0.0,0
481,1aa0b7493d9b47bbb4625d39922576b6,5,uniform,"[70, 70, 70, 70, 70]",0,0.0,0
482,ce867b37ae1d4bc6b35988966e721575,5,uniform,"[70, 70, 70, 70, 70]",1,1.0,1
483,ab351f57bcf34ad6a535ed69e1eed04b,5,uniform,"[70, 70, 70, 70, 70]",0,0.0,1
484,f8d21ecd07db4b0888ea7c2c91f9135c,5,uniform,"[70, 70, 70, 70, 70]",0,0.0,0
485,66ccd850630b4a069b80af81f0d8fa0c,5,uniform,"[70, 70, 70, 70, 70]",1,1.0,1
486,fccd16a6079343e5ad862a07f82e3f42,5,uniform,"[70, 70, 70, 70, 70]",0,0.888888888888889,1
487,5372bffd269e45f5b80bfa12e294af8f,5,uniform,"[70, 70, 70, 70, 70]",1,1.0,1
488,1e52126edb5a499381fb1f064dd4377c,5,uniform,"[70, 70, 70, 70, 70]",0,0.0,0
489,ddf8070fbf124b54bfdca93791ef2056,5,uniform,"[70, 70, 70, 70, 70]",0,0.0,1
490,ec552a3b81734f36ae2a031fc34b7519,5,uniform,"[70, 70, 70, 70, 70]",0,0.4615384615384615,1
491,23d1c9c515f3417ab70aba3c3bc43ec8,5,uniform,"[70, 70, 70, 70, 70]",0,0.0,1
492,af91062c61d0431fa90edb3cffc48da0,5,uniform,"[70, 70, 70, 70, 70]",0,0.4,1
493,9a9db144769c4ce29c4cdb431d756043,5,uniform,"[70, 70, 70, 70, 70]",0,0.0,0
494,3e4038716e3948b4b94243cad4cbfd1e,5,uniform,"[70, 70, 70, 70, 70]",0,0.0,0
495,dab26af5192549f1a07bed7fa63bf47e,5,uniform,"[70, 70, 70, 70, 70]",0,0.0,0
496,d58a27153bc74f08bfa857c4a80b1c90,5,uniform,"[70, 70, 70, 70, 70]",0,0.0,1
497,dd5a9212340046e2a340103c45fd7f17,5,uniform,"[70, 70, 70, 70, 70]",0,0.0,0
498,8b0fb3b8cfee4daba5b93311dbe5c5b5,5,uniform,"[70, 70, 70, 70, 70]",1,1.0,1
499,822d82601bda4b509b180096346c1885,5,uniform,"[70, 70, 70, 70, 70]",0,0.0,0
500,cff10f8297c64447bf388d45ed577e95,5,uniform,"[70, 70, 70, 70, 70]",1,1.0,1
501,ecb8eb62bc3d4ae280ea3151211089a3,5,uniform,"[70, 70, 70, 70, 70]",0,0.0,1
502,787d235e4c2b4d89b4d9aebff5779cf6,5,uniform,"[70, 70, 70, 70, 70]",0,0.0,0
503,bfb2c3311c5d45789500d104b3965147,5,uniform,"[70, 70, 70, 70, 70]",0,0.5714285714285715,1
504,c754c326486641409687edae575f81ee,5,uniform,"[70, 70, 70, 70, 70]",1,1.0,1
505,fe0d714e8be546d994f3469fbc3bd068,5,uniform,"[70, 70, 70, 70, 70]",1,1.0,1
506,cac7bd69b3e546a8aeccaeabc394f172,5,uniform,"[70, 70, 70, 70, 70]",0,0.15384615384615385,1
507,8a6ced88638f4bf68c6bb3d7a979d48e,5,uniform,"[70, 70, 70, 70, 70]",1,1.0,1
508,9186ab50536b4241b5033a6f1bfa8c9b,5,uniform,"[70, 70, 70, 70, 70]",0,0.0,1
509,4166369ecf494ae998597cee8f2be647,5,uniform,"[70, 70, 70, 70, 70]",0,0.08333333333333333,1
510,78112e7810214d80b8fab5fa51c61200,5,uniform,"[70, 70, 70, 70, 70]",0,0.0,0
511,38ec897108f245b19aeba0e93e304360,5,uniform,"[70, 70, 70, 70, 70]",0,0.0,1
512,b26cac2e25c243dd93e2ac30801d55c9,5,uniform,"[70, 70, 70, 70, 70]",0,0.0,1
513,dda0f54af5084a31a2746f72210b0bd4,5,uniform,"[70, 70, 70, 70, 70]",0,0.0,1
514,8444096a84e9455287180d0b1a928142,5,uniform,"[70, 70, 70, 70, 70]",0,0.054054054054054064,1
515,22f46485365f4209a992b2f67feb0440,5,uniform,"[70, 70, 70, 70, 70]",0,0.0,1
516,de36cde140ee4ceda620f1518dd104bc,5,uniform,"[70, 70, 70, 70, 70]",0,0.0,1
517,08183378ccb3472d903fd95b3b82e132,5,uniform,"[70, 70, 70, 70, 70]",0,0.5,1
518,cb08cc75e99a4ec9807321f51dd40566,5,uniform,"[70, 70, 70, 70, 70]",0,0.0,0
519,1667240d3dd740ffa3c317106730a441,5,uniform,"[70, 70, 70, 70, 70]",0,0.0,0
520,b1de8025e01448dcabb96c7e5fab0186,5,uniform,"[70, 70, 70, 70, 70]",0,0.049999999999999996,0
521,4c3cfd857b01453f9d193ba70e0f2257,5,uniform,"[70, 70, 70, 70, 70]",1,1.0,1
522,bcdd509239274509afc8ae77cb5df604,5,uniform,"[70, 70, 70, 70, 70]",1,1.0,1
523,f7776c027aca468e87d60716cfe3c1c3,5,uniform,"[70, 70, 70, 70, 70]",0,0.6666666666666666,1
524,2242d2a664df4bf1967d3689e8b069d0,5,uniform,"[70, 70, 70, 70, 70]",1,1.0,1
525,420222ccc3794c10a9750e897a4532e0,5,uniform,"[70, 70, 70, 70, 70]",0,0.0,0
526,fe94d55d37024a71afeebcce19c9779c,5,uniform,"[70, 70, 70, 70, 70]",0,0.0,0
527,16083c1098654497a127f77ea191c127,5,uniform,"[70, 70, 70, 70, 70]",0,0.0,1
528,427c5359e1bd4e2ca065c379a9c5d227,5,uniform,"[70, 70, 70, 70, 70]",0,0.16666666666666669,1
529,6b25cbff83ef403ba7c2ee3b03a1d8be,5,uniform,"[70, 70, 70, 70, 70]",0,0.0,0
530,d23a30ecc5b8469c8e6324ff5d42409b,5,uniform,"[70, 70, 70, 70, 70]",0,0.0,1
531,c4eb8e9e88a64fa49128ad4e99776c91,5,uniform,"[70, 70, 70, 70, 70]",0,0.0,1
532,0e497d4f0b4642248a1e1e4b25960ce0,5,uniform,"[70, 70, 70, 70, 70]",0,0.0,1
533,02a006ec43e94d8a8fec1ab448fa5e00,5,uniform,"[70, 70, 70, 70, 70]",0,0.4,1
534,6bdd81ddfa4d41f9a8dac2c1ce206945,5,uniform,"[70, 70, 70, 70, 70]",0,0.0,0
535,bd35d7a651974bb181849a4486692264,5,uniform,"[70, 70, 70, 70, 70]",0,0.0,1
536,7992ef8a5e8f4d9da5a3f75f157136a0,5,uniform,"[70, 70, 70, 70, 70]",0,0.0,1
537,10e96facf13e4091ba5c8cee71226ff0,5,uniform,"[70, 70, 70, 70, 70]",0,0.0,1
538,e854d8deb6cf4af4ac58d44cb3c027c3,5,uniform,"[70, 70, 70, 70, 70]",1,1.0,1
539,80109609b1f24dc0859af11d2bf33ca9,5,uniform,"[70, 70, 70, 70, 70]",0,0.15384615384615385,1
540,1cc25c3729ab4627a29f3f11172af372,5,uniform,"[70, 70, 70, 70, 70]",1,1.0,1
541,805a6afa477c45d18a26ebba495ac1b7,5,uniform,"[70, 70, 70, 70, 70]",1,1.0,1
542,8dcf91cc88c7478fb336f2b856b1f9b8,5,uniform,"[70, 70, 70, 70, 70]",0,0.0,0
543,34532b23c4624e6e92c4faf30085297d,5,uniform,"[70, 70, 70, 70, 70]",0,0.0,0
544,ab7f7e70dde447fcaa29fdc20ba659db,5,uniform,"[70, 70, 70, 70, 70]",0,0.0,0
545,7904eba267c04097b63fb228937b62bb,5,uniform,"[70, 70, 70, 70, 70]",0,0.0,1
546,27ed5ffe8231443985b27f0d9d605774,5,uniform,"[70, 70, 70, 70, 70]",0,0.0,1
547,cdec18921af845c694384dea037eb6ec,5,uniform,"[70, 70, 70, 70, 70]",0,0.0,0
548,e5d6b99f2e6d4efea5d77b6e01aa98a3,5,uniform,"[70, 70, 70, 70, 70]",0,0.0,1
549,52e75f8056964c38b2a325a45841c089,5,uniform,"[70, 70, 70, 70, 70]",0,0.4,1
550,241ae106b1f7409d82a03f8296c8a6ab,5,uniform,"[70, 70, 70, 70, 70]",0,0.25,1
551,374f14d949354e9aa9bdcfdc090433d7,5,uniform,"[70, 70, 70, 70, 70]",1,1.0,1
552,051e0cb33cb64409bbf8e8e79165bacf,5,uniform,"[70, 70, 70, 70, 70]",0,0.0,1
553,cfc8297fe16243e68fd7df070d7bd587,5,uniform,"[70, 70, 70, 70, 70]",0,0.5217391304347826,1
554,7df3df70d1c74ae9a1255fbee295ef62,5,uniform,"[70, 70, 70, 70, 70]",0,0.18181818181818182,1
555,9238d14529524f97a206ee0d51f157b8,5,uniform,"[70, 70, 70, 70, 70]",0,0.06060606060606061,0
556,0c9774b9297641e39224f703c4e13ec6,5,uniform,"[70, 70, 70, 70, 70]",0,0.0,1
557,5837e1a0fc834500856bc94d81b68ac2,5,uniform,"[70, 70, 70, 70, 70]",0,0.0,0
558,95e677b8475e40e3a6abedec6fe17104,5,uniform,"[70, 70, 70, 70, 70]",0,0.0,0
559,04aa223c25b44b43ba9c2cc94fb5ccc1,5,uniform,"[70, 70, 70, 70, 70]",0,0.0,1
560,b18ad0a41f164debb57278760e011fd1,5,uniform,"[70, 70, 70, 70, 70]",0,0.0,0
561,2ff5deeb56834423b46cb59226137c85,5,uniform,"[70, 70, 70, 70, 70]",0,0.0,1
562,fc754599d5c048639de9864adbce649a,5,uniform,"[70, 70, 70, 70, 70]",0,0.0,1
563,962454a456cc4bbb9a8d5bfba6abf79c,5,uniform,"[70, 70, 70, 70, 70]",1,1.0,1
564,902f161fe57f4998b07fd0de6d95270d,5,uniform,"[70, 70, 70, 70, 70]",0,0.13043478260869565,1
565,386263cd9738415982f8a63c4d30c2c5,5,uniform,"[70, 70, 70, 70, 70]",0,0.6666666666666666,0
566,7fa327c5d6d443e8b5528c521db7bf65,5,uniform,"[70, 70, 70, 70, 70]",0,0.0,0
567,a3350d80e3c94368aed1d9a34577d519,5,uniform,"[70, 70, 70, 70, 70]",0,0.0,1
568,0cecc7cafa884126923093cb39466c96,5,uniform,"[70, 70, 70, 70, 70]",1,1.0,1
569,e23472157c0d4ebe81a0fa5c027b3359,5,uniform,"[70, 70, 70, 70, 70]",0,0.0,0
570,0d5bc4fc6f0c425b98565b8f80bb6e43,5,uniform,"[70, 70, 70, 70, 70]",0,0.0,0
571,0104a4f929b64f0e84d574262a285e30,5,uniform,"[70, 70, 70, 70, 70]",1,1.0,1
572,c5dc840ded554956be6daa4c6631deb3,5,uniform,"[70, 70, 70, 70, 70]",1,1.0,1
573,6254496b903a42e680fd882f3283fb49,5,uniform,"[70, 70, 70, 70, 70]",0,0.0,1
574,1f73b3ea836548d496ef68c08f4369f4,5,uniform,"[70, 70, 70, 70, 70]",1,1.0,1
575,6c170e4dcb7d4be0a567d55d531ba222,5,uniform,"[70, 70, 70, 70, 70]",0,0.4,1
576,64ca162a7daf4ca0b747b8b3d75eca51,5,uniform,"[70, 70, 70, 70, 70]",0,0.0,0
577,a73cab123714432c9731e0568fd9d43c,5,uniform,"[70, 70, 70, 70, 70]",0,0.33333333333333337,1
578,e504aa46a10248e8b18cb4639dce0467,5,uniform,"[70, 70, 70, 70, 70]",0,0.5,1
579,8e5c3c1a2b514ea2b0d9eb06879364c2,5,uniform,"[70, 70, 70, 70, 70]",1,1.0,1
580,843521ec385d4ca797c3a37842424dae,5,uniform,"[70, 70, 70, 70, 70]",0,0.0,0
581,1554e7b389d54ff7904f0bf2d82e269c,5,uniform,"[70, 70, 70, 70, 70]",0,0.0,0
582,0c64ef2bbeb543bf87efbb0b2617f2b1,5,uniform,"[70, 70, 70, 70, 70]",1,1.0,1
583,ffc6152628c540ecae6e6bab7f420f28,5,uniform,"[70, 70, 70, 70, 70]",0,0.888888888888889,1
584,c7c63ad1a040451eaf13ad8160295ba0,5,uniform,"[70, 70, 70, 70, 70]",0,0.0,0
585,e6a17a43379a40d1a0388edd679e1fc3,5,uniform,"[70, 70, 70, 70, 70]",0,0.0,1
586,808b1f032cab4da587ca8837b7ee6686,5,uniform,"[70, 70, 70, 70, 70]",0,0.6666666666666666,1
587,28ae4259c5bd485a899ec68af2eb4264,5,uniform,"[70, 70, 70, 70, 70]",0,0.0,0
588,62179d55c8ab4178bb0450eafda198cf,5,uniform,"[70, 70, 70, 70, 70]",0,0.0,0
589,157c103f7f3942c8be2ee84825ff7f32,5,uniform,"[70, 70, 70, 70, 70]",0,0.0,1
590,c551f0e759174fbc80c4d851c51c31fd,5,uniform,"[70, 70, 70, 70, 70]",1,1.0,1
591,8a34a18a13e9487984c1d6839fed053e,5,uniform,"[70, 70, 70, 70, 70]",0,0.5,0
592,d4b5dfb2769d4208804f62b71b6e71c3,5,uniform,"[70, 70, 70, 70, 70]",0,0.047619047619047616,0
593,77eaa1d176e14eb092f85c51020850ff,5,uniform,"[70, 70, 70, 70, 70]",0,0.0,0
594,8dbad2970e8945f0a4595ccae78e57e9,5,uniform,"[70, 70, 70, 70, 70]",0,0.0,0
595,01649970ebdc4958a48c133492620c31,5,uniform,"[70, 70, 70, 70, 70]",0,0.0,1
596,695bcb8dd90046bba77ed4fe322db935,5,uniform,"[70, 70, 70, 70, 70]",0,0.0,0
597,ce37bce116da48499f15b84b3c158692,5,uniform,"[70, 70, 70, 70, 70]",0,0.6666666666666666,1
598,e88a0c1244b5484b830b44a6139bec80,5,uniform,"[70, 70, 70, 70, 70]",0,0.0,0
599,60b894ff9c6c43c58bc90fcc2aa78e43,5,uniform,"[70, 70, 70, 70, 70]",0,0.0,0
600,3ffa9e00578043369a677dc8661bfc96,5,uniform,"[70, 70, 70, 70, 70]",0,0.13793103448275862,1
601,22389bcc734d49d98fdccaf2c36e5c7f,5,uniform,"[70, 70, 70, 70, 70]",0,0.0,1
602,2d006592676144faac44e16423bfb178,5,uniform,"[70, 70, 70, 70, 70]",0,0.18181818181818182,1
603,b20e7a05673a4b3c8ee29beaba23f73a,5,uniform,"[70, 70, 70, 70, 70]",1,1.0,1
604,299726f939f0420aaeb6e5f33a325d39,5,uniform,"[70, 70, 70, 70, 70]",0,0.0,0
605,4740a5c55c1f47bf93a59c65525f43e9,5,uniform,"[70, 70, 70, 70, 70]",0,0.0,1
606,c01e2730fd0544988a6e4c5dc11e0734,5,uniform,"[70, 70, 70, 70, 70]",0,0.0,0
607,02e40f5399fb4b2386f784865610ff5a,5,uniform,"[70, 70, 70, 70, 70]",1,1.0,1
608,d9f2855c8621457fb68bac161b7f811b,5,uniform,"[70, 70, 70, 70, 70]",0,0.0,1
609,4d2ab04164304690b5bbc05618e82a59,5,uniform,"[70, 70, 70, 70, 70]",0,0.0,1
610,0c1be19d610b4fa59930cc5cc930c9d2,5,uniform,"[70, 70, 70, 70, 70]",0,0.0,0
611,9d3dd78635084be1bb29a74d6ae963f6,5,uniform,"[70, 70, 70, 70, 70]",1,1.0,1
612,c992708e6d004bedb81d57b076e33286,5,uniform,"[70, 70, 70, 70, 70]",0,0.0,1
613,cf40be104bfe45338fb4e03c699a2f7f,5,uniform,"[70, 70, 70, 70, 70]",0,0.0,0
614,07ebc87534e64dfca8d40500fe2ecd3b,5,uniform,"[70, 70, 70, 70, 70]",0,0.0,1
615,7d4f644a529f41c4b257f9ffb9ce9c87,5,uniform,"[70, 70, 70, 70, 70]",0,0.04,1
616,18fa422e1baf476fbce6d230e0858000,5,uniform,"[70, 70, 70, 70, 70]",0,0.0,1
617,0178feda5ef74636ba6e5ba11135ceb6,5,uniform,"[70, 70, 70, 70, 70]",0,0.0,1
618,4a93c5ba8a9f4632b9fd8768d008ea73,5,uniform,"[70, 70, 70, 70, 70]",0,0.0,0
619,a0cdfbc45b3f4641b64a2dfd3bde4c2b,5,uniform,"[70, 70, 70, 70, 70]",0,0.0,0
620,79668b02828141b4bc20fd9faba0e2d9,5,uniform,"[70, 70, 70, 70, 70]",0,0.0,1
621,ebf5e6a8dd1742b68312c2c6ada5aad0,5,uniform,"[70, 70, 70, 70, 70]",0,0.0,0
622,599f7e94db9a48019f887451a66c4e1d,5,uniform,"[70, 70, 70, 70, 70]",0,0.0,1
623,00388805ff934f4a9f6c374dd50be557,5,uniform,"[70, 70, 70, 70, 70]",0,0.0,1
624,8067ee0ec3df4208924631047ae0c537,5,uniform,"[70, 70, 70, 70, 70]",0,0.0,1
625,654cd3a33c974ab989777ea8cd69c130,5,uniform,"[70, 70, 70, 70, 70]",0,0.0,1
626,ed981c4aeb414002ad995530646965da,5,uniform,"[70, 70, 70, 70, 70]",0,0.0,0
627,23f830d9e6c24104852473a27360624c,5,uniform,"[70, 70, 70, 70, 70]",0,0.0,1
628,90f5064a214f4e05b9a65eb206d773ea,5,uniform,"[70, 70, 70, 70, 70]",0,0.0,1
629,47e690d71a1648aba0e8ee4f18ede013,5,uniform,"[70, 70, 70, 70, 70]",0,0.0,0
630,5dc68d2932bb4b0f861bd4642c674c43,5,uniform,"[70, 70, 70, 70, 70]",0,0.0,1
631,e04f0cda81094300afaba328511581fe,5,uniform,"[70, 70, 70, 70, 70]",0,0.0,0
632,f540c016913344238538408d0b3ac731,5,uniform,"[70, 70, 70, 70, 70]",0,0.0,0
633,2cdea969eb1441afb20bee7330453eac,5,uniform,"[70, 70, 70, 70, 70]",0,0.0,0
634,d7a9a5bd73444bfd8f0d54e0ee743304,5,uniform,"[70, 70, 70, 70, 70]",0,0.5,1
635,1cf1d0fdb27f4ba6a2399a4a86b09b8e,5,uniform,"[70, 70, 70, 70, 70]",0,0.6666666666666666,1
636,807640dab41142919b0c0452a24b2e79,5,uniform,"[70, 70, 70, 70, 70]",0,0.0,0
637,61bcc7e8df9841939729131fba4cd039,5,uniform,"[70, 70, 70, 70, 70]",0,0.0,1
638,d6270ad7fc144895abf4552a2e0f8fc4,5,uniform,"[70, 70, 70, 70, 70]",0,0.8,1
639,06752c5554924c339e8cc99f3e4776aa,5,uniform,"[70, 70, 70, 70, 70]",0,0.4,1
640,60df89b8d9d34129982e9438443b7d96,5,uniform,"[70, 70, 70, 70, 70]",0,0.0,0
641,c90c0b26990c48c3b78097fd570a807b,5,uniform,"[70, 70, 70, 70, 70]",0,0.125,1
642,c5c6a6a15e594958ba61f8231ad1c9d0,5,uniform,"[70, 70, 70, 70, 70]",0,0.0,1
643,eb2fd89fd658434d97ecf961b12aed59,5,uniform,"[70, 70, 70, 70, 70]",0,0.1,1
644,f380a5932d4b4a43969a84c3338edae0,5,uniform,"[70, 70, 70, 70, 70]",0,0.0,1
645,a65e6461f74c47c9a5ffee9366dea0a4,5,uniform,"[70, 70, 70, 70, 70]",0,0.0,1
646,8f3827c3491247c7ab4d7706cbb8ef6d,5,uniform,"[70, 70, 70, 70, 70]",0,0.0,0
647,3f70de0169eb42c3a4b40cd1e5f1be61,5,uniform,"[70, 70, 70, 70, 70]",0,0.0,1
648,f5855e26ffa944fab475fd077cb06a43,5,uniform,"[70, 70, 70, 70, 70]",0,0.0,0
649,db63ac356f6a4df8b59087b055a45357,5,uniform,"[70, 70, 70, 70, 70]",0,0.0,0
650,9c03696110b94d56bbfbc83746f79a94,5,uniform,"[70, 70, 70, 70, 70]",0,0.0,0
651,c4b8fa26b7e741fd8b4b8e4120d39d41,5,uniform,"[70, 70, 70, 70, 70]",0,0.7499999999999999,1
652,5a1d3756a44c4a5ba9b30237dd1c807f,5,uniform,"[70, 70, 70, 70, 70]",0,0.0,1
653,50e8ae7a28b347edbef6a9604da6802a,5,uniform,"[70, 70, 70, 70, 70]",0,0.09523809523809523,1
654,29cf64bece6c424f80f4a55c46fc523f,5,uniform,"[70, 70, 70, 70, 70]",0,0.0,0
655,e17e9f25a202485c8d14b354a92e101d,5,uniform,"[70, 70, 70, 70, 70]",0,0.0,0
656,17ca78d8ef664047ad404f91d1f62c4b,5,uniform,"[70, 70, 70, 70, 70]",0,0.0,1
657,0af0869096df4dff8325c3f2ff584087,5,uniform,"[70, 70, 70, 70, 70]",0,0.09302325581395349,1
658,580cfb51fef84f5e9cb2de0be76eaa61,5,uniform,"[70, 70, 70, 70, 70]",0,0.6666666666666666,1
659,c0d5e844424d4d9bb84902a8ce411cc2,5,uniform,"[70, 70, 70, 70, 70]",0,0.0,1
660,c24d3c06799444db84d703cd715d2979,5,uniform,"[70, 70, 70, 70, 70]",0,0.0,1
661,ef29092974ce40b980f963ac746247ec,5,uniform,"[70, 70, 70, 70, 70]",0,0.0,1
662,b7e11924f8a34063ba5445261471e552,5,uniform,"[70, 70, 70, 70, 70]",0,0.28571428571428575,1
663,a25ba84fca504b2aa4e126007a22a14f,5,uniform,"[70, 70, 70, 70, 70]",0,0.5,1
664,0134a374dcf1451a820c7fd997862851,5,uniform,"[70, 70, 70, 70, 70]",0,0.0,0
665,72fa80f3ffa24cadbc2df7c806b0b59b,5,uniform,"[70, 70, 70, 70, 70]",0,0.0,0
666,692352f2fd7d4a389c1f1ca96570be32,5,uniform,"[70, 70, 70, 70, 70]",0,0.0,0
667,e9e6e952876b4c2b864f9c5fd00a3d8a,5,uniform,"[70, 70, 70, 70, 70]",0,0.0,0
668,fe0121ef5b874df0bfca5369f2253f03,5,uniform,"[70, 70, 70, 70, 70]",0,0.13636363636363638,1
669,4453276e770a4ed7b7051d9d65d40975,5,uniform,"[70, 70, 70, 70, 70]",1,1.0,1
670,ea6918ad41e84412b642d9ac01b6d839,5,uniform,"[70, 70, 70, 70, 70]",0,0.0,1
671,99429dc4d1044cb49e70ceb6f3914e07,5,uniform,"[70, 70, 70, 70, 70]",0,0.0,1
672,7def903743ac43748483019d8b62d815,5,uniform,"[70, 70, 70, 70, 70]",0,0.0,0
673,8a018a8b09d14b4cb164c0abfd1594bb,5,uniform,"[70, 70, 70, 70, 70]",0,0.0,1
674,8907b0e8c2e142a395a35b0c5560fe6a,5,uniform,"[70, 70, 70, 70, 70]",0,0.0,0
675,1ae4333af7ca4c33953c8030c3aed22f,5,uniform,"[70, 70, 70, 70, 70]",0,0.18181818181818182,0
676,989fede52bf840609bb69d7ba143301b,5,uniform,"[70, 70, 70, 70, 70]",0,0.0,0
677,368647e758554203bcd6310b0cb41a9f,5,uniform,"[70, 70, 70, 70, 70]",0,0.0,0
678,2662231ec6934df58d84e851aaff80fc,5,uniform,"[70, 70, 70, 70, 70]",0,0.0,1
679,aa4169b3de364c318562b0b09308caa0,5,uniform,"[70, 70, 70, 70, 70]",0,0.0,1
680,a71f1a9b718241dd890fd8feb1be3ab8,5,uniform,"[70, 70, 70, 70, 70]",0,0.0,0
681,4d50fbdd13184f64aa70b8e68ea872d8,5,uniform,"[70, 70, 70, 70, 70]",0,0.0,1
682,914623f6bde244cab5e20f01a6d2560b,5,uniform,"[70, 70, 70, 70, 70]",0,0.0,1
683,6a80ae4b171345c3ba541b8aa343b1be,5,uniform,"[70, 70, 70, 70, 70]",0,0.0,0
684,055162a66045404b8d06e59773ef2e49,5,uniform,"[70, 70, 70, 70, 70]",0,0.13333333333333336,1
685,6e0186a28acb4427aedaee03db16e623,5,uniform,"[70, 70, 70, 70, 70]",0,0.0,1
686,7f5733184c134247ad79a6d2bc6f0081,5,uniform,"[70, 70, 70, 70, 70]",0,0.4,1
687,831bd2a4a96f4496947a5656ac12135d,5,uniform,"[70, 70, 70, 70, 70]",0,0.1111111111111111,0
688,1d5e987319ba4158a12cab23543a04aa,5,uniform,"[70, 70, 70, 70, 70]",0,0.0,0
689,c9a9b912b07b4c91a98f4134fbc3c6f5,5,uniform,"[70, 70, 70, 70, 70]",1,1.0,1
690,a7fafb4013664c78a931293de688bedb,5,uniform,"[70, 70, 70, 70, 70]",0,0.0,1
691,0099081da3eb4d36bc020201d4f97a27,5,uniform,"[70, 70, 70, 70, 70]",0,0.0,0
692,b33f0ec8e82f44baa01e6b09f9e69104,5,uniform,"[70, 70, 70, 70, 70]",0,0.0,1
693,e62ec634d4b44a50842d1913910877a5,5,uniform,"[70, 70, 70, 70, 70]",0,0.0,1
694,c78e0c2903384595af84d1f0cf51a54f,5,uniform,"[70, 70, 70, 70, 70]",0,0.0,0
695,d313b671236c48f3b029c72fbc46971b,5,uniform,"[70, 70, 70, 70, 70]",0,0.0,0
696,3d674d0b82684e87bdc226d9d614e6e4,5,uniform,"[70, 70, 70, 70, 70]",0,0.0,0
697,4054abd26fcb4958b130fe94dda895ee,5,uniform,"[70, 70, 70, 70, 70]",1,1.0,1
698,65e2cb72034947f0ad2e4fbae41a103e,5,uniform,"[70, 70, 70, 70, 70]",0,0.5384615384615385,1
699,c1b2178b59534886b5fab6b21bb11662,5,uniform,"[70, 70, 70, 70, 70]",0,0.5454545454545454,1
700,ca8d39a6862e49b58a03a0da02a7bede,5,uniform,"[70, 70, 70, 70, 70]",0,0.0,0
701,daa68770d88b4dbabfc2955ecc647750,5,uniform,"[70, 70, 70, 70, 70]",0,0.0,0
702,504074fdd18a4bfdb3c4d8b3d6a4b589,5,uniform,"[70, 70, 70, 70, 70]",0,0.0,0
703,ba3edfff481042f2a104ffdc278727c0,5,uniform,"[70, 70, 70, 70, 70]",0,0.0,0
704,08b635995bc64aefba8d3fdb405e1b4b,5,uniform,"[70, 70, 70, 70, 70]",0,0.0,0
705,775656e96e4747f5a17cc2b57edd12b7,5,uniform,"[70, 70, 70, 70, 70]",0,0.0,1
706,b2726529c0374da2bcb670a3c89f58a4,5,uniform,"[70, 70, 70, 70, 70]",0,0.0,0
707,7951ebb574024ca7958ac8e4f56cc046,5,uniform,"[70, 70, 70, 70, 70]",0,0.0,1
708,a0eed9d8178c4928b016bdf106f59e9e,5,uniform,"[70, 70, 70, 70, 70]",0,0.07843137254901962,0
709,ed28bccab4dc46f0a12e98fd366f2a83,5,uniform,"[70, 70, 70, 70, 70]",0,0.0,0
710,1329f988ad3845129c304b54501c934c,5,uniform,"[70, 70, 70, 70, 70]",0,0.6666666666666666,1
711,bccab12e798e428b8869c19eb4feac2c,5,uniform,"[70, 70, 70, 70, 70]",0,0.0,0
712,692084604fa74539aa32ec6abec75341,5,uniform,"[70, 70, 70, 70, 70]",0,0.4827586206896552,1
713,3e4aa100c744486d883502dd35d3569c,5,uniform,"[70, 70, 70, 70, 70]",0,0.0,0
714,aa7ddfbb8f3c403ba5b0a0ded76f2bff,5,uniform,"[70, 70, 70, 70, 70]",0,0.0,0
715,ba1325c4040040a0b7809a32536da5fe,5,uniform,"[70, 70, 70, 70, 70]",0,0.0,0
716,3257fb95269946feab9eeec2ebcd3522,5,uniform,"[70, 70, 70, 70, 70]",0,0.26666666666666666,1
717,fea7e77ef2364dcdb4bbfa5d69b0c0ef,5,uniform,"[70, 70, 70, 70, 70]",0,0.0,1
718,60438978506949e79645c14afd3a21dd,5,uniform,"[70, 70, 70, 70, 70]",0,0.0,1
719,5d6123571c4f4e5cb365ed1f2f6453f6,5,uniform,"[70, 70, 70, 70, 70]",0,0.0,1
720,f888582a9e324a639852992392b5a0cf,5,uniform,"[70, 70, 70, 70, 70]",0,0.0,0
721,6eeccb736c5f4d72944f4c46e4859c9d,5,uniform,"[70, 70, 70, 70, 70]",0,0.0,1
722,8cd035648dd64edb912f01d1b01e6b89,5,uniform,"[70, 70, 70, 70, 70]",0,0.0,0
723,7b190c41b59249bcab29c887d579bb26,5,uniform,"[70, 70, 70, 70, 70]",1,1.0,1
724,aee9e1f69d5048c2a687b4a5acc056be,5,uniform,"[70, 70, 70, 70, 70]",0,0.0,1
725,3e5332718ede4bcb99b7c336ff05b9dd,5,uniform,"[70, 70, 70, 70, 70]",0,0.5454545454545454,1
726,d974393cef5d43e791127eaed8ddb259,5,uniform,"[70, 70, 70, 70, 70]",0,0.0,1
727,1cc48ae35d6a4676a0823fdf2550f2ea,5,uniform,"[70, 70, 70, 70, 70]",0,0.0,0
728,21532189e740426194a08808390eb2b4,5,uniform,"[70, 70, 70, 70, 70]",0,0.0,0
729,64fee0d345024f42864a361022475420,5,uniform,"[70, 70, 70, 70, 70]",0,0.0,1
730,e4533ea2a1404bc285933f7355d58203,5,uniform,"[70, 70, 70, 70, 70]",0,0.0,0
731,a23bfc2ed0ea4b19b736c30f73f7e406,5,uniform,"[70, 70, 70, 70, 70]",0,0.0,0
732,7ca689bb9bd94572af15fb45f2257266,5,uniform,"[70, 70, 70, 70, 70]",0,0.14285714285714288,1
733,311ea5e6c28d46ecb378b855eb0ffe59,5,uniform,"[70, 70, 70, 70, 70]",0,0.0,1
734,12cc92d88fd24d6697009b061d1769c2,5,uniform,"[70, 70, 70, 70, 70]",0,0.6666666666666666,1
735,beefda6210c047899b54a61290a9837c,5,uniform,"[70, 70, 70, 70, 70]",0,0.18181818181818182,1
736,928e2cc022da44a4893b47a7fa37e1c6,5,uniform,"[70, 70, 70, 70, 70]",0,0.0,1
737,241efa1cac394ac983b144420a13a162,5,uniform,"[70, 70, 70, 70, 70]",1,1.0,1
738,1c67f7f0037b4ab1bb510cba499d11a4,5,uniform,"[70, 70, 70, 70, 70]",0,0.0,1
739,f687cfbb7bec408799b8b6f8285b5608,5,uniform,"[70, 70, 70, 70, 70]",0,0.0,1
740,2e613fb291864bdd8a0198c5df5ae238,5,uniform,"[70, 70, 70, 70, 70]",0,0.0,0
741,f5b7236c16734b2388cf37cfd5cbf27b,5,uniform,"[70, 70, 70, 70, 70]",0,0.0,1
742,3a1ba8b914d141eaac80d5de56ed0114,5,uniform,"[70, 70, 70, 70, 70]",0,0.0,0
743,671b2208301e460ba1fa588e350b82d6,5,uniform,"[70, 70, 70, 70, 70]",0,0.0,1
744,388dcae5aa9248318cd8d493a4c3519b,5,uniform,"[70, 70, 70, 70, 70]",1,1.0,1
745,2fcab3f4f6484d8992a6c2aa67aeec69,5,uniform,"[70, 70, 70, 70, 70]",0,0.0588235294117647,1
746,d0bae44433814b2da5d10519d7ea3695,5,uniform,"[70, 70, 70, 70, 70]",1,1.0,1
747,6c60d0e46b4a49068acd95570c520c6f,5,uniform,"[70, 70, 70, 70, 70]",1,1.0,1
748,2a8e2d0e16d64cc2a03180e7dfb8d745,5,uniform,"[70, 70, 70, 70, 70]",0,0.6666666666666666,0
749,6489bd7df2d04a8aa23561eaed38c793,5,uniform,"[70, 70, 70, 70, 70]",0,0.0,1
750,6082452e7aeb4e828079e15ab4e7a9a9,5,uniform,"[70, 70, 70, 70, 70]",0,0.0,0
751,fc16e9799a154e94b2bcade2e9eacd72,5,uniform,"[70, 70, 70, 70, 70]",0,0.0,1
752,17a72d69d7fd4e2fb9c562451e5434ef,5,uniform,"[70, 70, 70, 70, 70]",0,0.5714285714285715,1
753,755056d3d07940929387e2e7e76f4acf,5,uniform,"[70, 70, 70, 70, 70]",0,0.0,0
754,cbef062d89b944c5acd16f892a79611c,5,uniform,"[70, 70, 70, 70, 70]",0,0.0,1
755,a8ec79c66e284a45a63c7dcdcf4f9064,5,uniform,"[70, 70, 70, 70, 70]",0,0.0,1
756,6803dc0693214791b3058a87480b15d6,5,uniform,"[70, 70, 70, 70, 70]",0,0.13333333333333333,1
757,733d2fd24b0b40f7ba5f0edaed20cca9,5,uniform,"[70, 70, 70, 70, 70]",0,0.09302325581395347,1
758,5a154a6b5c364e79b30a1bd2c9e47e0c,5,uniform,"[70, 70, 70, 70, 70]",0,0.0,0
759,dc1fb48848df419fba9692dffef22844,5,uniform,"[70, 70, 70, 70, 70]",0,0.0,0
760,581d677951c7404d922d56e144504b82,5,uniform,"[70, 70, 70, 70, 70]",1,1.0,1
761,3f24c1ba50b04f8493f8663fd779846e,5,uniform,"[70, 70, 70, 70, 70]",0,0.0,0
762,a10d412bc874427b9f8df9a729c686a8,5,uniform,"[70, 70, 70, 70, 70]",0,0.0,0
763,99a7d09d04634cc08435d1e4bde155b5,5,uniform,"[70, 70, 70, 70, 70]",0,0.0,0
764,5544aab55fe744fab13706c13fcb4f96,5,uniform,"[70, 70, 70, 70, 70]",0,0.0,1
765,412a163387474317b4eb02196506d1f4,5,uniform,"[70, 70, 70, 70, 70]",0,0.0,1
766,a1c71fcc9f6a468c9468d13d69e711a7,5,uniform,"[70, 70, 70, 70, 70]",0,0.0,0
767,3287651f8746453ba1943191b85095a9,5,uniform,"[70, 70, 70, 70, 70]",0,0.0,1
768,e2d0189ba8fd449889044fecb68c28b2,5,uniform,"[70, 70, 70, 70, 70]",0,0.0,1
769,567c70fec2634f439e055ef5fb30135d,5,uniform,"[70, 70, 70, 70, 70]",0,0.0,0
770,febb62323b274b678dc47bb096688f4c,5,uniform,"[70, 70, 70, 70, 70]",0,0.0,1
771,e08b24a8d41544e38f2489b4e32e2764,5,uniform,"[70, 70, 70, 70, 70]",0,0.0,1
772,ecd82d14cb3e4e28b8307e44f4784ff5,5,uniform,"[70, 70, 70, 70, 70]",0,0.0,1
773,a0b2f384132d475d9b375afdc5343fb2,5,uniform,"[70, 70, 70, 70, 70]",0,0.0,1
774,1703025033a448048d6f688f9321e2a2,5,uniform,"[70, 70, 70, 70, 70]",1,1.0,1
775,6c8c2af2e7b14a84acf550c9253961d8,5,uniform,"[70, 70, 70, 70, 70]",0,0.0,0
776,6368dd06f186478dae5ba3271569ef66,5,uniform,"[70, 70, 70, 70, 70]",0,0.10256410256410256,0
777,019a54c5394847ec81325e8bdaf8355f,5,uniform,"[70, 70, 70, 70, 70]",0,0.0,0
778,4ae06e8228ca4ca89224a8598de5e6d9,5,uniform,"[70, 70, 70, 70, 70]",0,0.038461538461538464,0
779,8ff3ddfe7f3a41e294a831e452189dd5,5,uniform,"[70, 70, 70, 70, 70]",0,0.0,0
780,52f45355af90482cb6a950e995783d4b,5,uniform,"[70, 70, 70, 70, 70]",0,0.0,0
781,b455ff336ebe403e896b9be3465811f7,5,uniform,"[70, 70, 70, 70, 70]",1,1.0,1
782,fef91dcc799042b59201fc0f963a8b17,5,uniform,"[70, 70, 70, 70, 70]",0,0.0,0
783,a2374c9022504b94b1a832c91ab535fe,5,uniform,"[70, 70, 70, 70, 70]",0,0.5,1
784,f1fca269781c4454a9fbcf23844c79dd,5,uniform,"[70, 70, 70, 70, 70]",0,0.0,1
785,828c73b72b124615b8ccc1cf1ab1014b,5,uniform,"[70, 70, 70, 70, 70]",1,1.0,1
786,ba9e926ece6b4b6e844f51d0b7b0f056,5,uniform,"[70, 70, 70, 70, 70]",0,0.0,1
787,b6ae22e3a9d04cfbaf6206a39dd062da,5,uniform,"[70, 70, 70, 70, 70]",0,0.5714285714285715,1
788,1b9decbc39c949e8bf28c759dfe4baa2,5,uniform,"[70, 70, 70, 70, 70]",0,0.0,1
789,f5b0c1a6b5824201baa94cf53c56f0c5,5,uniform,"[70, 70, 70, 70, 70]",0,0.10526315789473684,0
790,1fe12d7bff7a46d79f76ccc655caf66c,5,uniform,"[70, 70, 70, 70, 70]",0,0.1111111111111111,1
791,3ca19860d31d40d58c3d6018498bbc5e,5,uniform,"[70, 70, 70, 70, 70]",0,0.0,1
792,de7fae20ac624dc9af5949d97f30a79a,5,uniform,"[70, 70, 70, 70, 70]",0,0.28571428571428575,1
793,d9d30d695b524637976deff70f6a7afd,5,uniform,"[70, 70, 70, 70, 70]",0,0.6666666666666666,1
794,8be91aa0873e4a4bb89703628089432a,5,uniform,"[70, 70, 70, 70, 70]",0,0.0,1
795,a3ff08899c474fcdaaae2dd2409ec7a0,5,uniform,"[70, 70, 70, 70, 70]",0,0.07547169811320753,1
796,bb1589db33fa4309b9b3f7fb5e4b3480,5,uniform,"[70, 70, 70, 70, 70]",0,0.0,1
797,2d6a236fd6104736bfb0ae4404ee6ea9,5,uniform,"[70, 70, 70, 70, 70]",0,0.6666666666666666,1
798,9c4719555e46425496a22559eff66115,5,uniform,"[70, 70, 70, 70, 70]",0,0.0,0
799,3a63e60b8ef140d28f31325f8211cb10,5,uniform,"[70, 70, 70, 70, 70]",0,0.0,0
800,93447ee40a954604bc8e1c926079b785,5,uniform,"[70, 70, 70, 70, 70]",1,1.0,1
801,aa55b1829c9c41e28f3998d32da669ec,5,uniform,"[70, 70, 70, 70, 70]",0,0.0909090909090909,1
802,6eb7f187d8aa4f319e63ad269404dab2,5,uniform,"[70, 70, 70, 70, 70]",0,0.5454545454545454,1
803,67a58f5e2ff7455f8807463f414f9b99,5,uniform,"[70, 70, 70, 70, 70]",0,0.0,1
804,d62824da543e474da60ae07308009055,5,uniform,"[70, 70, 70, 70, 70]",0,0.0,0
805,b3d58c3cb86044e1ac53ac99a0246d3b,5,uniform,"[70, 70, 70, 70, 70]",0,0.0,1
806,6973eb89fb1441328fc7a79248c2a0ec,5,uniform,"[70, 70, 70, 70, 70]",0,0.0,0
807,dca240ce71894a9798451f919b5d9df0,5,uniform,"[70, 70, 70, 70, 70]",0,0.25,1
808,b0d95637bcb44afb96457d3053631d5f,5,uniform,"[70, 70, 70, 70, 70]",0,0.08333333333333333,1
809,8de2ee8d56464a9d971fdae65ae0f72b,5,uniform,"[70, 70, 70, 70, 70]",0,0.0,1
810,83966e58471549e2adc73c25f58c846b,5,uniform,"[70, 70, 70, 70, 70]",0,0.0,0
811,bb0d3b5086f845df8acfbf503fa4c2ff,5,uniform,"[70, 70, 70, 70, 70]",0,0.0,1
812,706ce26401d54a5d94687fb541f7350c,5,uniform,"[70, 70, 70, 70, 70]",0,0.05714285714285715,1
813,bf72c01037194351b8d906e8e8c4c0cc,5,uniform,"[70, 70, 70, 70, 70]",0,0.0,0
814,afa333ac95d848f0a60cde4f10d6e261,5,uniform,"[70, 70, 70, 70, 70]",0,0.0,0
815,41d5a6d229964b50b3c73d5bc9a5d1fa,5,uniform,"[70, 70, 70, 70, 70]",1,1.0,1
816,b94b8e734c3b40eaba7291c227e2edb7,5,uniform,"[70, 70, 70, 70, 70]",0,0.0,1
817,786765cfe8b44449af887152402aaa29,5,uniform,"[70, 70, 70, 70, 70]",0,0.0,1
818,031cc546d2904282a49ea01dcfa886c8,5,uniform,"[70, 70, 70, 70, 70]",0,0.0,0
819,9759378e0cc44a1c839214bdaa26612d,5,uniform,"[70, 70, 70, 70, 70]",0,0.0,1
820,963f7654e83b425bbeadf56527740ba0,5,uniform,"[70, 70, 70, 70, 70]",0,0.0,0
821,4fed7ee44ec9407ebf2f05e33d2f6d54,5,uniform,"[70, 70, 70, 70, 70]",0,0.0,0
822,e75dd8d226914bd9b9070a34d57ff0c9,5,uniform,"[70, 70, 70, 70, 70]",0,0.0,1
823,92216f1e211c4ddf968b958588255feb,5,uniform,"[70, 70, 70, 70, 70]",0,0.21052631578947367,0
824,fc9ff2ab888d45b79fa4959911c65e59,5,uniform,"[70, 70, 70, 70, 70]",0,0.0,1
825,dadbf5853ac746239f484a0c7ff02245,5,uniform,"[70, 70, 70, 70, 70]",0,0.0,1
826,b4e39f9e15734b6a82739950c34aa8ee,5,uniform,"[70, 70, 70, 70, 70]",0,0.0,1
827,5ed1ab8a035e44ec9200692431509884,5,uniform,"[70, 70, 70, 70, 70]",0,0.0,0
828,2bffb804aab041ee9605adbff83fe141,5,uniform,"[70, 70, 70, 70, 70]",0,0.0,0
829,ba4602ee540d4fcfb52af541b3e7dfd8,5,uniform,"[70, 70, 70, 70, 70]",0,0.0,1
830,45a6d0b6364d49129a59f0a062a2f9a8,5,uniform,"[70, 70, 70, 70, 70]",0,0.0,1
831,199178bd55f849279f0e163c691d0903,5,uniform,"[70, 70, 70, 70, 70]",1,1.0,1
832,745c742fa8d94abe88d1330cd4cdae1d,5,uniform,"[70, 70, 70, 70, 70]",0,0.0,1
833,13c7ec87c0324be5bee05d51772027c5,5,uniform,"[70, 70, 70, 70, 70]",1,1.0,1
834,2f82125c096845fc8b5fc65418c486aa,5,uniform,"[70, 70, 70, 70, 70]",0,0.0,1
835,6c8e1e1b56bc4eb5b99b83ce6c5f3afd,5,uniform,"[70, 70, 70, 70, 70]",0,0.0,1
836,d37cc022c8344772b7d7261033a37c29,5,uniform,"[70, 70, 70, 70, 70]",0,0.12244897959183672,1
837,c034e68af36c41d79e0782c060d7acbd,5,uniform,"[70, 70, 70, 70, 70]",0,0.5,1
838,0986a62e4b4b48be90e2c9172a5b9617,5,uniform,"[70, 70, 70, 70, 70]",0,0.08333333333333333,1
839,69bda7a3b8cb4e2baecd4fedbe7458ce,5,uniform,"[70, 70, 70, 70, 70]",0,0.0,1
840,144e38b6eea047c99e7ec1d8dbb6cbbc,5,uniform,"[70, 70, 70, 70, 70]",0,0.0,1
841,3cb0174eaaf54d35878f92077740136c,5,uniform,"[70, 70, 70, 70, 70]",0,0.0,0
842,e53753e6f784486091c8dce069d90994,5,uniform,"[70, 70, 70, 70, 70]",0,0.0,1
843,6d34f597fdc54dd2aa1a8a9e32e596cb,5,uniform,"[70, 70, 70, 70, 70]",0,0.0,1
844,dbc0bbc541124ed0843db76f2e3a1581,5,uniform,"[70, 70, 70, 70, 70]",0,0.0909090909090909,1
845,7f00e9c077324f689c8b0746c6381e0e,5,uniform,"[70, 70, 70, 70, 70]",0,0.7272727272727273,1
846,bb720c2091ee4a94a85eb81aa5a7acc3,5,uniform,"[70, 70, 70, 70, 70]",0,0.0,0
847,aecbba5c017943a79d643d0cc71e57b7,5,uniform,"[70, 70, 70, 70, 70]",1,1.0,1
848,a04a4431e605471480fb64662b38504d,5,uniform,"[70, 70, 70, 70, 70]",0,0.0,0
849,60bbae0fbec24bf2a8de8ac0b7076b24,5,uniform,"[70, 70, 70, 70, 70]",0,0.0,1
850,f20bdc9681624087af1dda063b3a6945,5,uniform,"[70, 70, 70, 70, 70]",0,0.2857142857142857,1
851,0161b1de8e9944f58ba3663305c9759a,5,uniform,"[70, 70, 70, 70, 70]",0,0.5,1
852,33ad75a283674ce5a8178438d8739810,5,uniform,"[70, 70, 70, 70, 70]",0,0.45161290322580644,1
853,3de977d9d8c142c79231c332dad7cfdf,5,uniform,"[70, 70, 70, 70, 70]",0,0.0,1
854,42fb458e399b41f9b78a83d4b30d27b0,5,uniform,"[70, 70, 70, 70, 70]",0,0.0,0
855,96b2b16f84e8465d9de71f9fa9718941,5,uniform,"[70, 70, 70, 70, 70]",0,0.0,1
856,68d323c49f9740abbda05876aebfd5d7,5,uniform,"[70, 70, 70, 70, 70]",1,1.0,1
857,415c375731994f69a116e415444abd99,5,uniform,"[70, 70, 70, 70, 70]",0,0.06896551724137931,1
858,9fb85b5dcad34ba497f04a41616f6d0c,5,uniform,"[70, 70, 70, 70, 70]",0,0.0,0
859,40d56efbcf5041ff9ab958e865e63171,5,uniform,"[70, 70, 70, 70, 70]",0,0.0,1
860,16d87b6d44b74c9d9c705b0471dcb4b2,5,uniform,"[70, 70, 70, 70, 70]",0,0.0,0
861,1082fd6599c245bba88c6c46ce86eef8,5,uniform,"[70, 70, 70, 70, 70]",0,0.0,0
862,d316c97abd1e4815a14a66b9b76df881,5,uniform,"[70, 70, 70, 70, 70]",0,0.0,1
863,160bd2f1f99b4697a5945323087874cb,5,uniform,"[70, 70, 70, 70, 70]",0,0.0,1
864,703c1f0b768d4732afa9e6a5a2d05091,5,uniform,"[70, 70, 70, 70, 70]",0,0.0,0
865,85ff90e4fd9c4c8790b6414520150e51,5,uniform,"[70, 70, 70, 70, 70]",0,0.1764705882352941,1
866,7c34ec6a706d4aaf96e4f3356fe2da7c,5,uniform,"[70, 70, 70, 70, 70]",0,0.0,1
867,6f811a0a4db94a648917355fabbd40ae,5,uniform,"[70, 70, 70, 70, 70]",1,1.0,1
868,48e5d37aaea9404a891d01584e699f18,5,uniform,"[70, 70, 70, 70, 70]",1,1.0,1
869,3e8a38a0b3e64f809e791704ac768b95,5,uniform,"[70, 70, 70, 70, 70]",0,0.0,0
870,1b454ee0cee8452986cf0b57342e8534,5,uniform,"[70, 70, 70, 70, 70]",0,0.0,1
871,893449002d894f7695b2a32aa7713cb5,5,uniform,"[70, 70, 70, 70, 70]",0,0.0,1
872,1405700ba6ce4058a4fa68e3c3d680e3,5,uniform,"[70, 70, 70, 70, 70]",1,1.0,1
873,5579074640614bacbdd03ed34a3ddf08,5,uniform,"[70, 70, 70, 70, 70]",0,0.06451612903225806,1
874,09553563f3b94bfd88d2887043744b77,5,uniform,"[70, 70, 70, 70, 70]",0,0.0,1
875,ed00bbd0da8841fa9bb15f15859a9876,5,uniform,"[70, 70, 70, 70, 70]",0,0.0,1
876,6dd10f33c4f8423080bdcf84c8a01ef1,5,uniform,"[70, 70, 70, 70, 70]",0,0.07142857142857142,0
877,959464bf0c7c44ba8f2b21448867e4ad,5,uniform,"[70, 70, 70, 70, 70]",0,0.0,0
878,bf7fc80bf1024d73b6f5cea672696789,5,uniform,"[70, 70, 70, 70, 70]",0,0.0,1
879,06631314756e4d9fa7eb5f040d4d9da4,5,uniform,"[70, 70, 70, 70, 70]",0,0.2608695652173913,1
880,1d9dc72255774f95b5e274139d8ea9bd,5,uniform,"[70, 70, 70, 70, 70]",0,0.0,1
881,eb0682a6d1694acf886b84a407d68416,5,uniform,"[70, 70, 70, 70, 70]",0,0.0,1
882,94b1187d3e5c4282983df4ab44d3d46b,5,uniform,"[70, 70, 70, 70, 70]",0,0.0,1
883,50b4c8f6f61a48c289fff1e90d3c1c68,5,uniform,"[70, 70, 70, 70, 70]",0,0.2,1
884,8c5e2893db634635891ae6afd30261c4,5,uniform,"[70, 70, 70, 70, 70]",0,0.0,0
885,9eecb36f5cb44bb18d24b6efe6824a06,5,uniform,"[70, 70, 70, 70, 70]",0,0.0,1
886,25223706065646aebcebc831d267c30d,5,uniform,"[70, 70, 70, 70, 70]",0,0.0,0
887,f97a45e3576644eda7c95849e50babef,5,uniform,"[70, 70, 70, 70, 70]",0,0.0,1
888,08aee7c44c404089b766cbe0fa2d55f5,5,uniform,"[70, 70, 70, 70, 70]",0,0.0,1
889,6d1b542705c74dfcb9ca889be8fc5c82,5,uniform,"[70, 70, 70, 70, 70]",0,0.0,0
890,8ce493334e064c2f97343909d7ddb91e,5,uniform,"[70, 70, 70, 70, 70]",0,0.22727272727272727,1
891,eb6590ce2f134b889d853696a1519eca,5,uniform,"[70, 70, 70, 70, 70]",0,0.10909090909090909,1
892,b5ada864c0934f8b98d919dae0bcec35,5,uniform,"[70, 70, 70, 70, 70]",0,0.0,1
893,73d58decb36a470e91d5491834972a95,5,uniform,"[70, 70, 70, 70, 70]",0,0.0,1
894,7d08f62337054caa8e0104c19a653158,5,uniform,"[70, 70, 70, 70, 70]",0,0.0,1
895,7a24d5cc2a8f44819ca35879d229e8bc,5,uniform,"[70, 70, 70, 70, 70]",0,0.0,0
896,97034e6a207f4a238a49bf7babb932e9,5,uniform,"[70, 70, 70, 70, 70]",0,0.15384615384615385,1
897,d0ef3a30427c4d66a516feb413c6b262,5,uniform,"[70, 70, 70, 70, 70]",0,0.048780487804878044,1
898,59cca53e121949e39742ee34a89cffab,5,uniform,"[70, 70, 70, 70, 70]",0,0.0,1
899,a645bb94c6194b119832d8e395b47a0c,5,uniform,"[70, 70, 70, 70, 70]",0,0.0,0
900,9e32a1d3fd11455280d3aecde908c2e6,5,uniform,"[70, 70, 70, 70, 70]",0,0.18181818181818182,0
901,7d7537366071415381b140fc2d6bd90b,5,uniform,"[70, 70, 70, 70, 70]",0,0.07692307692307693,1
902,46f896a31c254fb2bf5b68c060edb437,5,uniform,"[70, 70, 70, 70, 70]",0,0.0,1
903,2cda8c267a624be184e87b1d2cd0b05c,5,uniform,"[70, 70, 70, 70, 70]",0,0.0,0
904,3febc40bd3ee4d4e9226aa424b60123c,5,uniform,"[70, 70, 70, 70, 70]",0,0.6666666666666666,1
905,dfc54f2afa2849f4a1d9d7095fa37f8d,5,uniform,"[70, 70, 70, 70, 70]",0,0.0,0
906,57f26f2947864f429083b603d80000aa,5,uniform,"[70, 70, 70, 70, 70]",0,0.0,1
907,3e1bed5b98f248738744f4c55f0e6d06,5,uniform,"[70, 70, 70, 70, 70]",0,0.0,1
908,6d36da6f7d6c4ae898960241cc99cd4c,5,uniform,"[70, 70, 70, 70, 70]",0,0.0,1
909,82f2a270b951424e82df7540c14072d3,5,uniform,"[70, 70, 70, 70, 70]",0,0.0,0
910,059055bc2ed24376a2667ee2496aeb0c,5,uniform,"[70, 70, 70, 70, 70]",0,0.5454545454545454,1
911,328dfae8a432499e91c71bad92e2bd79,5,uniform,"[70, 70, 70, 70, 70]",0,0.0,1
912,3555cf721db54ce6a35be172f4f0213c,5,uniform,"[70, 70, 70, 70, 70]",1,1.0,1
913,6905efa62e924f7c9960bc701d1025bb,5,uniform,"[70, 70, 70, 70, 70]",1,1.0,1
914,edd8922fe3ec43be851dee74c97ea861,5,uniform,"[70, 70, 70, 70, 70]",0,0.0,0
915,3f5b923f78d642ebb61f535595115ceb,5,uniform,"[70, 70, 70, 70, 70]",0,0.0,1
916,644155df8e7446718cc1d9ca4d2f4c05,5,uniform,"[70, 70, 70, 70, 70]",0,0.0,1
917,f1cd28d437e44ac586e3494371c55ff1,5,uniform,"[70, 70, 70, 70, 70]",0,0.2222222222222222,1
918,b8b75f189ac042c9a664c7bc13bcb936,5,uniform,"[70, 70, 70, 70, 70]",0,0.0,0
919,1cdeb2b345c247bfb083ab363bebd64c,5,uniform,"[70, 70, 70, 70, 70]",0,0.0,1
920,930d23fe662b49d4bb01a291e8a6ad98,5,uniform,"[70, 70, 70, 70, 70]",0,0.2608695652173913,1
921,46414d4b1b7a4838987e3ee887a448bb,5,uniform,"[70, 70, 70, 70, 70]",0,0.0,0
922,fdc90f6593464af6b65c2f38b2c814c6,5,uniform,"[70, 70, 70, 70, 70]",1,1.0,1
923,e6cad506fcab4d979e90f4a9176b1408,5,uniform,"[70, 70, 70, 70, 70]",0,0.0,1
924,72a4722fda5f436e81437aea9042aaa8,5,uniform,"[70, 70, 70, 70, 70]",0,0.0,1
925,76ed5aaaa5bb47d7923d45360b3332ec,5,uniform,"[70, 70, 70, 70, 70]",0,0.0,1
926,33d1e51367a3481086b0b8206010e16c,5,uniform,"[70, 70, 70, 70, 70]",0,0.2553191489361702,1
927,d1f6974f4b8f4a189e64cdf36c986df7,5,uniform,"[70, 70, 70, 70, 70]",0,0.2666666666666667,1
928,57351304b16347d58b309e84d19b79aa,5,uniform,"[70, 70, 70, 70, 70]",0,0.7499999999999999,1
929,7f022ca089d74d51a4be4625cb6191d5,5,uniform,"[70, 70, 70, 70, 70]",0,0.0,0
930,3c5e3c93b4f04892a42057005a46caaa,5,uniform,"[70, 70, 70, 70, 70]",0,0.0,0
931,f7b2f89be1724a9c86cbcc347b0c4425,5,uniform,"[70, 70, 70, 70, 70]",0,0.0,1
932,2af6e73ac32145e9bb843506ce6c6a61,5,uniform,"[70, 70, 70, 70, 70]",1,1.0,1
933,c4c1471da58b4cf087e179b9b71adef4,5,uniform,"[70, 70, 70, 70, 70]",0,0.0,1
934,1854615c2d334e5aa3a608b90f0547b5,5,uniform,"[70, 70, 70, 70, 70]",1,1.0,1
935,402f5f93e4a04d998cb41298d57b8115,5,uniform,"[70, 70, 70, 70, 70]",1,1.0,1
936,531226f1c86f49a3bee6638692fedd34,5,uniform,"[70, 70, 70, 70, 70]",0,0.0,1
937,23d9c3e938cd4e54a2917488a719b832,5,uniform,"[70, 70, 70, 70, 70]",0,0.0,0
938,d5012bef02214f0c9698b7a828959e39,5,uniform,"[70, 70, 70, 70, 70]",1,1.0,1
939,79d983f421ab4c3e92364b83b7186e99,5,uniform,"[70, 70, 70, 70, 70]",0,0.4,1
940,2e71514053a447d5bbd3f9625420ca43,5,uniform,"[70, 70, 70, 70, 70]",0,0.2857142857142857,1
941,6a420f8f42204d968a137faeb1d73784,5,uniform,"[70, 70, 70, 70, 70]",0,0.0,0
942,2f56933ee8024412b6ef05faf87e7a46,5,uniform,"[70, 70, 70, 70, 70]",0,0.17283950617283952,1
943,ccb81b6865484234ab334d34412a6b35,5,uniform,"[70, 70, 70, 70, 70]",1,1.0,1
944,e33b52e8485c41518aaf76f1048c35e4,5,uniform,"[70, 70, 70, 70, 70]",0,0.0,1
945,29544317d3ab466d8b13e1eac4463c10,5,uniform,"[70, 70, 70, 70, 70]",0,0.0,1
946,b5736ba3b8574e3388b2a5ebccb15b09,5,uniform,"[70, 70, 70, 70, 70]",0,0.0,0
947,7e4328290edf4f2aac9f8988b5079fe1,5,uniform,"[70, 70, 70, 70, 70]",0,0.2857142857142857,1
948,8bff718944c84becbf657952138356fd,5,uniform,"[70, 70, 70, 70, 70]",0,0.0,1
949,c411868fbe054e80b90a12463b2beddd,5,uniform,"[70, 70, 70, 70, 70]",0,0.0,1
950,ead58bae18d04b9c89be6f0bbe3f155f,5,uniform,"[70, 70, 70, 70, 70]",0,0.0,0
951,319e4521a8454f6a908b91d874ce2e08,5,uniform,"[70, 70, 70, 70, 70]",0,0.0975609756097561,0
952,bc947534038744198b74eab0dc89a6fe,5,uniform,"[70, 70, 70, 70, 70]",0,0.6666666666666666,1
953,aece58a299d84cd88579bca72c73da46,5,uniform,"[70, 70, 70, 70, 70]",0,0.0,0
954,61727044bdac4760964296c822ea1ffa,5,uniform,"[70, 70, 70, 70, 70]",0,0.6666666666666666,1
955,bc61a95b6c25463db3459cd626a11ad0,5,uniform,"[70, 70, 70, 70, 70]",0,0.5263157894736842,1
956,e45fbf36c6d64467b16f13324d22a4c2,5,uniform,"[70, 70, 70, 70, 70]",0,0.3636363636363636,1
957,1e1eb993a1ca4265978c2db209a671b7,5,uniform,"[70, 70, 70, 70, 70]",0,0.0,1
958,f74b173f48654bc9832934834956c10f,5,uniform,"[70, 70, 70, 70, 70]",0,0.0,1
959,30913ce681084f3f8357bef6147fe049,5,uniform,"[70, 70, 70, 70, 70]",0,0.0,1
960,359f8256bb2b4d5589fa81885ef48257,5,uniform,"[70, 70, 70, 70, 70]",0,0.6666666666666666,1
961,3d531ea0078248ebb3dd503bb338071f,5,uniform,"[70, 70, 70, 70, 70]",0,0.0,1
962,a9dff945426841f8b37069eefd82297b,5,uniform,"[70, 70, 70, 70, 70]",0,0.0,1
963,aa9daba7638b4fa9b1472bb648fe964e,5,uniform,"[70, 70, 70, 70, 70]",0,0.0,1
964,dd66178403e8487382fdc1b84bb2881c,5,uniform,"[70, 70, 70, 70, 70]",0,0.0,0
965,c9bcb9b8a8ba42f5bfd2538b4925a3ac,5,uniform,"[70, 70, 70, 70, 70]",0,0.0,1
966,a14a2ea82a1544a19f7c45cbf7f82f6e,5,uniform,"[70, 70, 70, 70, 70]",0,0.8,1
967,fb2d1f54601e4f89be70d07393db45f4,5,uniform,"[70, 70, 70, 70, 70]",1,1.0,1
968,b83b50ae80c3463aa27b05bb0bf4b493,5,uniform,"[70, 70, 70, 70, 70]",0,0.0,0
969,26c180c03a734a1aaee4138be308a078,5,uniform,"[70, 70, 70, 70, 70]",0,0.06451612903225806,1
970,273733b869b741a7b9667927ea701789,5,uniform,"[70, 70, 70, 70, 70]",0,0.0,0
971,97cb3c77ddba4ab9ae6bfdc00eb09c42,5,uniform,"[70, 70, 70, 70, 70]",0,0.0,1
972,08473edda228492e9cfe9b6583977e50,5,uniform,"[70, 70, 70, 70, 70]",0,0.0,1
973,6d5eb886bc37490aa1854938f9b36903,5,uniform,"[70, 70, 70, 70, 70]",0,0.0,0
974,e0ce4da6cbfe4f26b945f5555901e5c5,5,uniform,"[70, 70, 70, 70, 70]",0,0.0,0
975,f002078c2ea2435db1e405606b820e19,5,uniform,"[70, 70, 70, 70, 70]",0,0.0,1
976,441f524567e9477a9b0d07f4a0907622,5,uniform,"[70, 70, 70, 70, 70]",0,0.8181818181818181,1
977,60dd6a100f3b42598ab0d32f254b1662,5,uniform,"[70, 70, 70, 70, 70]",0,0.0,0
978,873ea1af23e548efb10a54c97edcdb6b,5,uniform,"[70, 70, 70, 70, 70]",0,0.0,1
979,3e1d564bb5eb4b1ba37db917c472a566,5,uniform,"[70, 70, 70, 70, 70]",0,0.0,1
980,04676862004644f18aa94ff54107047c,5,uniform,"[70, 70, 70, 70, 70]",0,0.04878048780487805,0
981,116e002d700e4d349581f1a4937dfba8,5,uniform,"[70, 70, 70, 70, 70]",0,0.0,0
982,283c5867606b46258127fa5fed7cf62d,5,uniform,"[70, 70, 70, 70, 70]",0,0.0,1
983,171414c078ce452d9374be8989aa0147,5,uniform,"[70, 70, 70, 70, 70]",0,0.0,0
984,a2643b6d7fe94e54bb74da276f0a4646,5,uniform,"[70, 70, 70, 70, 70]",0,0.06666666666666667,1
985,342cb6f69f6449318f4c4e5385f954fd,5,uniform,"[70, 70, 70, 70, 70]",0,0.0,1
986,e3fe3ef5daa6485a8a3f91dfccc9d797,5,uniform,"[70, 70, 70, 70, 70]",0,0.12903225806451613,1
987,6071cc99d5744a17814ad38e72b53f3b,5,uniform,"[70, 70, 70, 70, 70]",0,0.0,0
988,d5f0273d41ad45ab9a9819cb49e29b02,5,uniform,"[70, 70, 70, 70, 70]",0,0.0,1
989,d1b4f5f6d643456aad1526324d39c259,5,uniform,"[70, 70, 70, 70, 70]",0,0.05,1
990,62747a42a9074e7da75c495cc4daca38,5,uniform,"[70, 70, 70, 70, 70]",0,0.6666666666666666,1
991,5d464ecc16894c0cbc33ed95ac502289,5,uniform,"[70, 70, 70, 70, 70]",0,0.7499999999999999,1
992,e5fb043f8b0245f2acc78136af1bb5dd,5,uniform,"[70, 70, 70, 70, 70]",0,0.6666666666666666,1
993,53278976c290499ab7f1decb9f7bf6a2,5,uniform,"[70, 70, 70, 70, 70]",0,0.05263157894736841,1
994,7889488ae4d3460bafe900d6917b650e,5,uniform,"[70, 70, 70, 70, 70]",0,0.0,1
995,91ef74a5a47a442aaa5af41b3d564051,5,uniform,"[70, 70, 70, 70, 70]",0,0.0,1
996,3e83d3398a8a4e26a98fab7f85c8cb59,5,uniform,"[70, 70, 70, 70, 70]",0,0.0,1
997,20e0dcefdff242ebb51ce89c34182814,5,uniform,"[70, 70, 70, 70, 70]",0,0.16666666666666666,0
998,7e7a5a32f59b49ccacc7c1408799a32a,5,uniform,"[70, 70, 70, 70, 70]",0,0.0,1
999,a3ac333098d74ad7acf2d20bbc261c9b,5,uniform,"[70, 70, 70, 70, 70]",1,1.0,1
0,728220fe1b5f4ce886273ec524c6972b,5,weighted,"[100, 80, 65, 55, 50]",0,0.0,1
1,c89d1c366c274f6e8d233be688759386,5,weighted,"[100, 80, 65, 55, 50]",0,0.0,1
2,644d4774db194bb0b491e58deff0fe6c,5,weighted,"[100, 80, 65, 55, 50]",0,0.0,1
3,b7648c8b476e4482a7fa9a8d4584c551,5,weighted,"[100, 80, 65, 55, 50]",0,0.5,1
4,362b90d2f2de47e1a0d9be76d1383cd5,5,weighted,"[100, 80, 65, 55, 50]",0,0.7500000000000001,1
5,e365fba82bca48ad8b9ec4fbac8bd3b7,5,weighted,"[100, 80, 65, 55, 50]",0,0.4444444444444445,1
6,56a527cc368e4b10ac88117b33ab6370,5,weighted,"[100, 80, 65, 55, 50]",0,0.0625,0
7,ef7ff14fda8347479995319185ade05f,5,weighted,"[100, 80, 65, 55, 50]",1,1.0,1
8,e7abf6763c7d425c8577ed893a0cd182,5,weighted,"[100, 80, 65, 55, 50]",0,0.0,1
9,08b8fd7f109845eda0ffb6868479f8c2,5,weighted,"[100, 80, 65, 55, 50]",0,0.0,0
10,ddc318071f01453ab87ceebe18062971,5,weighted,"[100, 80, 65, 55, 50]",0,0.0,1
11,b33e0d818b364b87878b747b09987f28,5,weighted,"[100, 80, 65, 55, 50]",0,0.0909090909090909,1
12,629ca0ba60d84e678789916c527e5e74,5,weighted,"[100, 80, 65, 55, 50]",0,0.0,1
13,dc5438680eeb4547b962a6d05a58125d,5,weighted,"[100, 80, 65, 55, 50]",0,0.0,1
14,2ea97cfbe22340cdabec8b67b75b0f0e,5,weighted,"[100, 80, 65, 55, 50]",0,0.0,1
15,dc27edf1253345dabb1ae19ef7d8a829,5,weighted,"[100, 80, 65, 55, 50]",1,1.0,1
16,c3ec8eaa57d0418da0c66d7ad83761b3,5,weighted,"[100, 80, 65, 55, 50]",0,0.0,1
17,f22c94617c404f388ea469654e9a580f,5,weighted,"[100, 80, 65, 55, 50]",0,0.2857142857142857,1
18,2c9d87584b86413d86f28eb40a1af7cf,5,weighted,"[100, 80, 65, 55, 50]",1,1.0,1
19,49af423e020444c999bdbdaa7cc573bd,5,weighted,"[100, 80, 65, 55, 50]",0,0.0,1
20,a2f796f7536947518cb11c541c564c83,5,weighted,"[100, 80, 65, 55, 50]",0,0.0,1
21,70ff5cd057104a24a7de546f6a0a93e2,5,weighted,"[100, 80, 65, 55, 50]",0,0.7058823529411764,1
22,bb0bceec8bca491db5c90c3962960eea,5,weighted,"[100, 80, 65, 55, 50]",0,0.05,1
23,4790b60660da497bb390ed9bc5996973,5,weighted,"[100, 80, 65, 55, 50]",0,0.0,1
24,092f821b8fd243efb2bfd2f200cb99ee,5,weighted,"[100, 80, 65, 55, 50]",0,0.0,0
25,e21128d6906243a58807600c9e0744b4,5,weighted,"[100, 80, 65, 55, 50]",0,0.10526315789473684,0
26,b612d7f272cd452dab8379571e41f3dd,5,weighted,"[100, 80, 65, 55, 50]",0,0.34782608695652173,1
27,40f708bf9a744a90b62edfb3b44ad9cf,5,weighted,"[100, 80, 65, 55, 50]",0,0.0,0
28,b5b3c4c6f37c4de3907df3b82c13a2d7,5,weighted,"[100, 80, 65, 55, 50]",0,0.0,1
29,ebe6da22787d42bab5690387505c2674,5,weighted,"[100, 80, 65, 55, 50]",0,0.0,0
30,74953752801446a2abe6b330ce63c179,5,weighted,"[100, 80, 65, 55, 50]",0,0.0,0
31,ed2ba8953b6a49bb8f961969603a956f,5,weighted,"[100, 80, 65, 55, 50]",1,1.0,1
32,d468e9a904314a5a92582bcfcc7b7635,5,weighted,"[100, 80, 65, 55, 50]",0,0.0,1
33,59c97e698fe0492890ba2dec20b8ff97,5,weighted,"[100, 80, 65, 55, 50]",0,0.0,0
34,c00bac5c39534761b85d1adeea7bdd23,5,weighted,"[100, 80, 65, 55, 50]",1,1.0,1
35,625274d8050f451ebd131104306237c1,5,weighted,"[100, 80, 65, 55, 50]",0,0.0,1
36,64215d84427e4d709e2914e76df055c5,5,weighted,"[100, 80, 65, 55, 50]",0,0.0,1
37,5464eecea5074ee49a1f281e3855f2d1,5,weighted,"[100, 80, 65, 55, 50]",0,0.0,1
38,f4e61efd586744d9941da1aea777b7d7,5,weighted,"[100, 80, 65, 55, 50]",0,0.0,1
39,e89b8741115d4a248603dde70032bccd,5,weighted,"[100, 80, 65, 55, 50]",1,1.0,1
40,4dd31c6180e64c4eb59983819779cf2c,5,weighted,"[100, 80, 65, 55, 50]",0,0.47058823529411764,1
41,1bf26f3035ec45e5874eb0de76a8d903,5,weighted,"[100, 80, 65, 55, 50]",0,0.0,1
42,f86df4ac102d4a058ac5a346fed44de9,5,weighted,"[100, 80, 65, 55, 50]",0,0.0,1
43,ace17f51ddc44d7db28c05c44bc5d658,5,weighted,"[100, 80, 65, 55, 50]",1,1.0,1
44,e2c278dfb89b444389ac7fa574c14697,5,weighted,"[100, 80, 65, 55, 50]",1,1.0,1
45,9b01a7aac7fb40979eccbed5da004372,5,weighted,"[100, 80, 65, 55, 50]",0,0.0,0
46,6778d6c630a84294a6dd81fbfabf9177,5,weighted,"[100, 80, 65, 55, 50]",0,0.0,0
47,35190f405eb4417497a797f137fb3f1b,5,weighted,"[100, 80, 65, 55, 50]",1,1.0,1
48,a5d866dd01974343ba3475ba0ca2387c,5,weighted,"[100, 80, 65, 55, 50]",0,0.6666666666666666,1
49,34a877cef8f4456197484f09d1643e87,5,weighted,"[100, 80, 65, 55, 50]",0,0.6666666666666666,1
50,f87ac51d4db74ff7b51a4c5ea00723e8,5,weighted,"[100, 80, 65, 55, 50]",0,0.0,0
51,9bb1b01620ea4ed28be3d13447145272,5,weighted,"[100, 80, 65, 55, 50]",0,0.0,1
52,68b7a9d693f84289b1d8cca76c5daf3b,5,weighted,"[100, 80, 65, 55, 50]",1,1.0,1
53,413339d30cc447a884eb601571769b06,5,weighted,"[100, 80, 65, 55, 50]",0,0.0,1
54,b0d97074e304423bab66769456c4890d,5,weighted,"[100, 80, 65, 55, 50]",0,0.0,1
55,9827d6f7626d46c188fc893ff0e12fd9,5,weighted,"[100, 80, 65, 55, 50]",1,1.0,1
56,3750487af26c40af96cb49550876a52a,5,weighted,"[100, 80, 65, 55, 50]",0,0.0,0
57,5010c8ecc7584e2d86bbb2ab8acfa878,5,weighted,"[100, 80, 65, 55, 50]",0,0.3333333333333333,1
58,c5b80b9f943d4bd3b11c84700bff495f,5,weighted,"[100, 80, 65, 55, 50]",1,1.0,1
59,7bfe3ee0862a4bdbb5e06b894cfefd29,5,weighted,"[100, 80, 65, 55, 50]",0,0.0,1
60,d7f9ec97994d42c3bf9dfc7e853a3d66,5,weighted,"[100, 80, 65, 55, 50]",0,0.25,1
61,dc530a1b42fc45af9b9112f391db3504,5,weighted,"[100, 80, 65, 55, 50]",0,0.5,1
62,6d8f6111e0f2484f961308f6dc5270b3,5,weighted,"[100, 80, 65, 55, 50]",0,0.0909090909090909,1
63,ef32addb3b9b4c8ab122fd787122a657,5,weighted,"[100, 80, 65, 55, 50]",0,0.0,1
64,79e87ee729dd4f40b1492c9d24d26541,5,weighted,"[100, 80, 65, 55, 50]",0,0.0,1
65,94b8ba1c855e4789a90cd5692ee3e710,5,weighted,"[100, 80, 65, 55, 50]",1,1.0,1
66,7de2c568942c4160a93c7c80f264030f,5,weighted,"[100, 80, 65, 55, 50]",0,0.0,0
67,eeef45fe8f664128b6f49991e5695c3e,5,weighted,"[100, 80, 65, 55, 50]",0,0.0,0
68,fb575e95e21843f9bc7ab8acdde72ee7,5,weighted,"[100, 80, 65, 55, 50]",0,0.0,1
69,0ae51cad51b340cb9ce156a667e11a5e,5,weighted,"[100, 80, 65, 55, 50]",0,0.0,0
70,2e3e4e90adb64e86bf0e6ccf5499126b,5,weighted,"[100, 80, 65, 55, 50]",1,1.0,1
71,8b49dc87c93b45c48eb62e4a0b8ac604,5,weighted,"[100, 80, 65, 55, 50]",0,0.2857142857142857,1
72,dafae23b13b148619784124572b26008,5,weighted,"[100, 80, 65, 55, 50]",0,0.2857142857142857,1
73,054d98807bed447f896aaa343005bb89,5,weighted,"[100, 80, 65, 55, 50]",0,0.6666666666666666,1
74,fee6642b071a46e9b1a005d63b58a98c,5,weighted,"[100, 80, 65, 55, 50]",0,0.0,1
75,ae35f52b8069416da505e192383e1cab,5,weighted,"[100, 80, 65, 55, 50]",0,0.0,1
76,21976ca866684313b86aa9450c61406c,5,weighted,"[100, 80, 65, 55, 50]",0,0.0,1
77,bfa3a133f4fc48eda18b7464dddc5e70,5,weighted,"[100, 80, 65, 55, 50]",0,0.0,1
78,8809bd64552f4f7aa8f53f493602ceae,5,weighted,"[100, 80, 65, 55, 50]",1,1.0,1
79,4e6de19d338a44b6bd4bbaec2c3c0635,5,weighted,"[100, 80, 65, 55, 50]",1,1.0,1
80,121d9ead9e87477baedf4605be92bbf7,5,weighted,"[100, 80, 65, 55, 50]",1,1.0,1
81,96478949a8214ae4bd74130d64466203,5,weighted,"[100, 80, 65, 55, 50]",0,0.06666666666666667,1
82,e2bc1abc94f141399b0b004676f84171,5,weighted,"[100, 80, 65, 55, 50]",0,0.8,1
83,a018ca4c1e8e4a44b48188655383c8a5,5,weighted,"[100, 80, 65, 55, 50]",0,0.16666666666666669,1
84,2c175bdf51494ae1a97be4ed1a365825,5,weighted,"[100, 80, 65, 55, 50]",0,0.2222222222222222,1
85,916d57f6183b4c52999933fe394cae6e,5,weighted,"[100, 80, 65, 55, 50]",0,0.12121212121212122,1
86,2324b8d221fa41d58267b515b1a1109a,5,weighted,"[100, 80, 65, 55, 50]",0,0.0,1
87,c0d3770ca41e4463958dca0c88ce3979,5,weighted,"[100, 80, 65, 55, 50]",0,0.0,1
88,68ac44d7d9e24aee8fcaa91e0f364062,5,weighted,"[100, 80, 65, 55, 50]",0,0.06666666666666668,1
89,f6ea20f22a394788814a7b4374246cf9,5,weighted,"[100, 80, 65, 55, 50]",0,0.4444444444444445,1
90,5f53831743434c24b29ed9b858d87e4b,5,weighted,"[100, 80, 65, 55, 50]",0,0.888888888888889,1
91,20c6639f94d24a91ac79c15024fcd5f7,5,weighted,"[100, 80, 65, 55, 50]",0,0.4,1
92,6c6f0f2b83e546e39bc40d37b0ee9975,5,weighted,"[100, 80, 65, 55, 50]",1,1.0,1
93,a1b8855de6ff4bf2b8afc5942486e88c,5,weighted,"[100, 80, 65, 55, 50]",0,0.0,0
94,986fec610e0e4bf9bb3de6be1fa0356e,5,weighted,"[100, 80, 65, 55, 50]",0,0.0,0
95,ce5d0f11b9664510a27bf3c483792f13,5,weighted,"[100, 80, 65, 55, 50]",1,1.0,1
96,3f092922c6854e3f8bdf22cc50cf71a9,5,weighted,"[100, 80, 65, 55, 50]",0,0.0,1
97,811785fb9d684ccd9577541cd4c94555,5,weighted,"[100, 80, 65, 55, 50]",0,0.0,1
98,66d0e7da123d49fd8f8016dc27775052,5,weighted,"[100, 80, 65, 55, 50]",0,0.0,1
99,1646e87aca7b4f078ae816044f0f5955,5,weighted,"[100, 80, 65, 55, 50]",1,1.0,1
100,d2747da8e1e1416cb057ee8651131dd8,5,weighted,"[100, 80, 65, 55, 50]",0,0.12903225806451613,1
101,8834ade537ca4faca9fb3bdd7efcb88b,5,weighted,"[100, 80, 65, 55, 50]",0,0.0,1
102,81a06cc7f0ed45fba03d40062246bf0f,5,weighted,"[100, 80, 65, 55, 50]",0,0.07407407407407407,1
103,9f8bb4dd263246dbac8f331f745d2e5a,5,weighted,"[100, 80, 65, 55, 50]",0,0.0,1
104,d0940d4e2f8b4c23817a178bf3f2ee85,5,weighted,"[100, 80, 65, 55, 50]",0,0.0,0
105,62b2d8702439498197acee357c30a8bd,5,weighted,"[100, 80, 65, 55, 50]",0,0.05405405405405406,0
106,1fcf01709c0b404da2b3024ac0a02eb0,5,weighted,"[100, 80, 65, 55, 50]",0,0.25,0
107,f299e2d5b4264decb2fd2ab4d6a53c2d,5,weighted,"[100, 80, 65, 55, 50]",0,0.0,0
108,ecba8f966e03447a940cfff69f9ba8e1,5,weighted,"[100, 80, 65, 55, 50]",1,1.0,1
109,077524326f6a4e53a728f5341e89f79c,5,weighted,"[100, 80, 65, 55, 50]",0,0.0,1
110,18cbdcbef93544acac9407596569a64f,5,weighted,"[100, 80, 65, 55, 50]",0,0.0,1
111,afc8672a21f441369ab4b0ffb8532c21,5,weighted,"[100, 80, 65, 55, 50]",0,0.375,1
112,c64f2789544c45c8bf9dceebb35cfa53,5,weighted,"[100, 80, 65, 55, 50]",0,0.0,0
113,c2bf5fa95d404050b8f86692d9100be0,5,weighted,"[100, 80, 65, 55, 50]",0,0.0,1
114,ff5f25fc4c9b4354b49fc603df373ee0,5,weighted,"[100, 80, 65, 55, 50]",0,0.0,1
115,d83aff530fd447b49138953308883ac2,5,weighted,"[100, 80, 65, 55, 50]",0,0.0,0
116,5b7387ec945d47b8b624c2b55b6a80c1,5,weighted,"[100, 80, 65, 55, 50]",0,0.0,1
117,987b4118a9304f2f8193ab27a36b0489,5,weighted,"[100, 80, 65, 55, 50]",0,0.0,1
118,da630eb21dea4abe920e8253d4fd6a34,5,weighted,"[100, 80, 65, 55, 50]",0,0.27586206896551724,1
119,1cfc4441a86445fab7952656df2d64a0,5,weighted,"[100, 80, 65, 55, 50]",0,0.0,1
120,5cac964bb57446e39b0f58d6043c12d7,5,weighted,"[100, 80, 65, 55, 50]",1,1.0,1
121,30cbead889fc4c0783a1afd652cfb163,5,weighted,"[100, 80, 65, 55, 50]",0,0.6666666666666666,1
122,d7eb4ea422a0440ab1a2ea0d9a313198,5,weighted,"[100, 80, 65, 55, 50]",0,0.0,1
123,c8c3c9f350c5469da18f367a6a250097,5,weighted,"[100, 80, 65, 55, 50]",0,0.0,0
124,b47d1c59552a453ba57c2121f029242d,5,weighted,"[100, 80, 65, 55, 50]",0,0.0,1
125,29b82a59344f4d38854c476a31827ba7,5,weighted,"[100, 80, 65, 55, 50]",0,0.0425531914893617,0
126,9a0b3de216b6498699f9a1745ef51447,5,weighted,"[100, 80, 65, 55, 50]",0,0.14814814814814814,1
127,f126e81901054b3ba5fb4ce920b1df38,5,weighted,"[100, 80, 65, 55, 50]",1,1.0,1
128,0a8eff0d1b134de888817e44d2e889b1,5,weighted,"[100, 80, 65, 55, 50]",0,0.32558139534883723,1
129,054b7315353146d4b0ad624514005ef2,5,weighted,"[100, 80, 65, 55, 50]",0,0.0,1
130,f4ef4313787d49d7851ad2a6c66cf163,5,weighted,"[100, 80, 65, 55, 50]",0,0.5,1
131,e3602ad5a2864891955a696e59594e76,5,weighted,"[100, 80, 65, 55, 50]",0,0.0,1
132,2a9c56b5a5ae43b78f7f7d9dccdca491,5,weighted,"[100, 80, 65, 55, 50]",1,1.0,1
133,4fc9afe35d8c4cdf8115fe9faf6ac96a,5,weighted,"[100, 80, 65, 55, 50]",1,1.0,1
134,065ce886fe8c41088ba6b71c82ab6229,5,weighted,"[100, 80, 65, 55, 50]",0,0.0,1
135,928063d9906145b6b83392f5068efb4f,5,weighted,"[100, 80, 65, 55, 50]",0,0.0,0
136,455324ce37fa42c8af627f9f832cfb24,5,weighted,"[100, 80, 65, 55, 50]",0,0.0,0
137,1af7aafeb2e24d348d72b7559a2ce754,5,weighted,"[100, 80, 65, 55, 50]",0,0.0,1
138,c4c3e45a17884ef78442ed584e442741,5,weighted,"[100, 80, 65, 55, 50]",1,1.0,1
139,2e7792c3711b4a139cf99e7dec1b7e26,5,weighted,"[100, 80, 65, 55, 50]",0,0.0,1
140,8d3d4915ed104234bca2e7e8eb591d6e,5,weighted,"[100, 80, 65, 55, 50]",0,0.2666666666666667,1
141,7876cd87c6e845f484f841d243a021a0,5,weighted,"[100, 80, 65, 55, 50]",0,0.15384615384615385,1
142,faca8fa5d6724e3f95ea8550bbb1a3c8,5,weighted,"[100, 80, 65, 55, 50]",0,0.0,1
143,76c6e9ef00884f509bc625e25b15cc85,5,weighted,"[100, 80, 65, 55, 50]",1,1.0,1
144,0db9e6fa3f21435996d0bf1e3b3f8adb,5,weighted,"[100, 80, 65, 55, 50]",1,1.0,1
145,ca61917ae999408c84f855c26dc48c68,5,weighted,"[100, 80, 65, 55, 50]",0,0.0,0
146,c6d27c29d4774501b4f046af3bb83dfd,5,weighted,"[100, 80, 65, 55, 50]",0,0.0,0
147,8da0d6902cab4114b140672981c41ece,5,weighted,"[100, 80, 65, 55, 50]",0,0.0,1
148,d809c82de0cc41a391a8476fbedc4638,5,weighted,"[100, 80, 65, 55, 50]",0,0.09523809523809523,1
149,6a9dae85ef8448b88947f67b7368cd84,5,weighted,"[100, 80, 65, 55, 50]",0,0.0,1
150,62ccc3554230408fb85b346dedaeffa9,5,weighted,"[100, 80, 65, 55, 50]",0,0.0,1
151,9724aa5ceb194973a23f99d088987015,5,weighted,"[100, 80, 65, 55, 50]",1,1.0,1
152,8c513011d82543469328cb90f190d67c,5,weighted,"[100, 80, 65, 55, 50]",0,0.0,0
153,352bbdac5d414a65a714e30a0fd97f42,5,weighted,"[100, 80, 65, 55, 50]",0,0.14285714285714288,1
154,c46c0d1751554ccea747cb3825bdbe66,5,weighted,"[100, 80, 65, 55, 50]",0,0.0,0
155,1b99dffb92c14a838fdb91967645cbf0,5,weighted,"[100, 80, 65, 55, 50]",0,0.0,1
156,fe231269e136464c857e4cedaa8a523e,5,weighted,"[100, 80, 65, 55, 50]",0,0.0,0
157,b7ccf71e49054da2a836cbd7dcca51ae,5,weighted,"[100, 80, 65, 55, 50]",0,0.0,0
158,c5d1601dece84ce895260d42931118c3,5,weighted,"[100, 80, 65, 55, 50]",0,0.0,0
159,c6e9bca537a64d47a1f219d04aa484cf,5,weighted,"[100, 80, 65, 55, 50]",0,0.0,0
160,19174950ad6b4759929f41cb2aa6b979,5,weighted,"[100, 80, 65, 55, 50]",0,0.0,0
161,08e1f398fc554a2b9cc745c89b8ddd1c,5,weighted,"[100, 80, 65, 55, 50]",0,0.06060606060606061,1
162,4e8ac0b2d2c448099dea09b0b88032b6,5,weighted,"[100, 80, 65, 55, 50]",0,0.33333333333333337,1
163,ba68aac128784f47a20eafdb4fa84627,5,weighted,"[100, 80, 65, 55, 50]",0,0.0,1
164,9b6a4b25c0cf41d89f69fab7e636d836,5,weighted,"[100, 80, 65, 55, 50]",1,1.0,1
165,851dc215cd4f478ea5bc5be433bb650b,5,weighted,"[100, 80, 65, 55, 50]",0,0.0,1
166,73df4341944b4832a7110492fec95939,5,weighted,"[100, 80, 65, 55, 50]",1,1.0,1
167,82498b7e764c4a77ae54de9e49a211ce,5,weighted,"[100, 80, 65, 55, 50]",0,0.4,1
168,d12c3c9ff7254b76a83a3c702e0f1411,5,weighted,"[100, 80, 65, 55, 50]",1,1.0,1
169,9b5c249c46644e04a2d28d98bac5f951,5,weighted,"[100, 80, 65, 55, 50]",0,0.0,0
170,b31c60bda086454a900948cde75eb053,5,weighted,"[100, 80, 65, 55, 50]",0,0.0,1
171,68ea789496074f56878ceddf5f0bb6c0,5,weighted,"[100, 80, 65, 55, 50]",0,0.0,0
172,2fbb04100c444abda7f972b3c7ca55b9,5,weighted,"[100, 80, 65, 55, 50]",0,0.18181818181818182,1
173,ff83ee0ffed94025b218bc5444b14880,5,weighted,"[100, 80, 65, 55, 50]",0,0.0,0
174,811443af769846bd88db9031899cf838,5,weighted,"[100, 80, 65, 55, 50]",0,0.1904761904761905,1
175,2737e76f68ed4c889e75300d5d707fbb,5,weighted,"[100, 80, 65, 55, 50]",0,0.08695652173913045,1
176,5c48b89357aa48fd8a1aafaeabe73c4c,5,weighted,"[100, 80, 65, 55, 50]",0,0.888888888888889,1
177,57b5639ab5b441d9956c8bb4d17cf3e2,5,weighted,"[100, 80, 65, 55, 50]",1,1.0,1
178,b7f2e1ae39b54396b93b90189b8ef3da,5,weighted,"[100, 80, 65, 55, 50]",0,0.0,1
179,ed32ea00d52a492b93ce00ce06b93f4a,5,weighted,"[100, 80, 65, 55, 50]",0,0.09302325581395349,1
180,45e285d6497d478b835ec6f97fe0edb8,5,weighted,"[100, 80, 65, 55, 50]",0,0.0,1
181,287086d87ca540629ea9a5d1f3e42827,5,weighted,"[100, 80, 65, 55, 50]",0,0.0,0
182,66671cea0dee4e95ace4c4ccbdcc094b,5,weighted,"[100, 80, 65, 55, 50]",0,0.05714285714285715,0
183,1c3202898a2340d8b9ee33b3d2feb483,5,weighted,"[100, 80, 65, 55, 50]",1,1.0,1
184,b91f7ce859194bf3a952f9948618cfaf,5,weighted,"[100, 80, 65, 55, 50]",0,0.0,0
185,8da9a487491d4861815c860882b46f1b,5,weighted,"[100, 80, 65, 55, 50]",1,1.0,1
186,b0bc5b996f8c43a4a27f7a0a92100227,5,weighted,"[100, 80, 65, 55, 50]",0,0.0,0
187,b3d3a7f3fd00419c896e03a2dd70c2eb,5,weighted,"[100, 80, 65, 55, 50]",0,0.0,0
188,9723fcbfda3b41f1a2928a72b5614b05,5,weighted,"[100, 80, 65, 55, 50]",0,0.0,0
189,354948edd4c94ed49d3c744a8213b0e4,5,weighted,"[100, 80, 65, 55, 50]",0,0.0,0
190,06ad4f09434a47e7a9563d96bde0e71f,5,weighted,"[100, 80, 65, 55, 50]",0,0.12903225806451613,1
191,9ed3661a6d2945fbb92425ece8bc177e,5,weighted,"[100, 80, 65, 55, 50]",0,0.0,0
192,ef60d03b67d34a1190d04693fee8767f,5,weighted,"[100, 80, 65, 55, 50]",0,0.0,0
193,63fc6e7a70aa4d60a8cab579a90afb9e,5,weighted,"[100, 80, 65, 55, 50]",0,0.0,1
194,8c780963994f44c7835580cb22bc2fdc,5,weighted,"[100, 80, 65, 55, 50]",0,0.6923076923076924,1
195,60f332bc68e64d8680e179e359b0d6fa,5,weighted,"[100, 80, 65, 55, 50]",0,0.0,1
196,69e712f057644faf86a9688a85a2deee,5,weighted,"[100, 80, 65, 55, 50]",1,1.0,1
197,1a4a586dd10143f3a68247ae4c535713,5,weighted,"[100, 80, 65, 55, 50]",1,1.0,1
198,ba52569b388b4b339129a0277c7eb2e8,5,weighted,"[100, 80, 65, 55, 50]",1,1.0,1
199,a5c81a5e5d3c42d089cd98f0b556de2f,5,weighted,"[100, 80, 65, 55, 50]",0,0.0,0
200,0af880e8558a4fc3afbc9a8a25d081fd,5,weighted,"[100, 80, 65, 55, 50]",0,0.4,1
201,073515a682484ceaac87a83d1ab38a06,5,weighted,"[100, 80, 65, 55, 50]",0,0.0,1
202,36ab12ff07cf46ed9af03891964f20de,5,weighted,"[100, 80, 65, 55, 50]",0,0.0,1
203,b189954307e7414b9d81ad99c7b730bf,5,weighted,"[100, 80, 65, 55, 50]",0,0.1818181818181818,1
204,37c0ef1f9eb3412594ff30f21611b882,5,weighted,"[100, 80, 65, 55, 50]",0,0.0,0
205,dc27c4c56b014020bd9e8a799860b06e,5,weighted,"[100, 80, 65, 55, 50]",1,1.0,1
206,aa9da743626a453780aaaf56e7816508,5,weighted,"[100, 80, 65, 55, 50]",0,0.0,0
207,5b94852dff984b19bf8264cd8bc1caa3,5,weighted,"[100, 80, 65, 55, 50]",0,0.0,1
208,980522a80742433e96b144a86fd2ddce,5,weighted,"[100, 80, 65, 55, 50]",0,0.0,0
209,c5fc7fc4522b43b7a0802acbd3963efd,5,weighted,"[100, 80, 65, 55, 50]",1,1.0,1
210,7374f521a2854922b8f6f8890ecda23d,5,weighted,"[100, 80, 65, 55, 50]",0,0.2666666666666667,1
211,29cd58ae62e94dc4b7315ce4b50010ef,5,weighted,"[100, 80, 65, 55, 50]",0,0.25,1
212,5fcc6fb126e14d65ba4d0d86bb28a8be,5,weighted,"[100, 80, 65, 55, 50]",0,0.0,1
213,2b41e95bcc554f69b8d594bc3d05bf1a,5,weighted,"[100, 80, 65, 55, 50]",0,0.07692307692307693,1
214,8ae5ae5b607b4dbc86f7da5147a095c7,5,weighted,"[100, 80, 65, 55, 50]",0,0.0,0
215,fc7d87cd43814b8db5d9bcc43cba1da3,5,weighted,"[100, 80, 65, 55, 50]",1,1.0,1
216,0338d7711b1646d6be2b815c279cff54,5,weighted,"[100, 80, 65, 55, 50]",0,0.0,1
217,dcb53cda7e6144fca04963ac7581bcdd,5,weighted,"[100, 80, 65, 55, 50]",0,0.1904761904761905,1
218,ecccb9b15eb3413d8f3a5ad8d8983716,5,weighted,"[100, 80, 65, 55, 50]",0,0.0,0
219,fa3b764edd7a4c44be5b8921112e8bf6,5,weighted,"[100, 80, 65, 55, 50]",0,0.0,0
220,493624c8263b40ec97c127e45b45d5c1,5,weighted,"[100, 80, 65, 55, 50]",0,0.0,0
221,ebee9fdad5b64bab83267a364ea4d10b,5,weighted,"[100, 80, 65, 55, 50]",0,0.5714285714285715,1
222,1fd96469f9a24b37814917f25f8060f2,5,weighted,"[100, 80, 65, 55, 50]",0,0.5714285714285715,0
223,f97696deb9704d2f8ae5834f9fcdd88c,5,weighted,"[100, 80, 65, 55, 50]",0,0.4,1
224,da54c67b92b74a2c91d2227d09a41438,5,weighted,"[100, 80, 65, 55, 50]",0,0.0,1
225,1416c66b2eb543aea04972d5780b31d6,5,weighted,"[100, 80, 65, 55, 50]",0,0.0,0
226,ec0a4212a5df47f682fbba53188e7af8,5,weighted,"[100, 80, 65, 55, 50]",0,0.0,0
227,856b14030ac342bb979ca5091377cff0,5,weighted,"[100, 80, 65, 55, 50]",0,0.0,0
228,58c9a110235b4879950e679babb53318,5,weighted,"[100, 80, 65, 55, 50]",0,0.0,1
229,eff7102be794409081a5e3b3ef3c9518,5,weighted,"[100, 80, 65, 55, 50]",0,0.34285714285714286,1
230,99331d54ed084ccf98837531ede526e3,5,weighted,"[100, 80, 65, 55, 50]",0,0.0,0
231,400ab40069334ea6a12b1085941a9880,5,weighted,"[100, 80, 65, 55, 50]",0,0.5,1
232,9f1d761a46c64578849ff7408c6351b2,5,weighted,"[100, 80, 65, 55, 50]",0,0.25,1
233,241f5227a1124be591341cf33b2ecb2f,5,weighted,"[100, 80, 65, 55, 50]",0,0.8571428571428571,1
234,4f05dc53dcc24ed1a59fdd5d950966d0,5,weighted,"[100, 80, 65, 55, 50]",0,0.0,0
235,e1dac33266d048c89894eab0b0dc1c2a,5,weighted,"[100, 80, 65, 55, 50]",0,0.10526315789473684,1
236,ce3ecd44941f4597ae927b61841b860a,5,weighted,"[100, 80, 65, 55, 50]",0,0.0,1
237,d031593cc6f142f6bba7e64ea9224dea,5,weighted,"[100, 80, 65, 55, 50]",1,1.0,1
238,5b5d465a7ab2427485a00f3638543996,5,weighted,"[100, 80, 65, 55, 50]",0,0.0,1
239,53fe1484646648969f42e40f550ab7ef,5,weighted,"[100, 80, 65, 55, 50]",0,0.05263157894736842,1
240,d86c4a3e9c944a5595ffd076817380c9,5,weighted,"[100, 80, 65, 55, 50]",0,0.8,1
241,d847d59c18884a8eaddd5fc55d047799,5,weighted,"[100, 80, 65, 55, 50]",0,0.0,1
242,b5e7dc56ca2e4d68bc9b59696bca7f75,5,weighted,"[100, 80, 65, 55, 50]",0,0.14814814814814814,1
243,bd356a60992b44f7840f99ffc390382c,5,weighted,"[100, 80, 65, 55, 50]",1,1.0,1
244,f8c03f10b27045d89e068c461ea3d69c,5,weighted,"[100, 80, 65, 55, 50]",0,0.0,1
245,f57595f77502405fbe6baf093d8baea0,5,weighted,"[100, 80, 65, 55, 50]",1,1.0,1
246,a697c765c3e74e0cb48088ea3ecdcdb1,5,weighted,"[100, 80, 65, 55, 50]",0,0.0,1
247,57e62137793b4537bb7eb95d44481eb3,5,weighted,"[100, 80, 65, 55, 50]",1,1.0,1
248,7cb53bae73d64900a63fde04f93eceea,5,weighted,"[100, 80, 65, 55, 50]",0,0.0,0
249,a8ff7b13f4b943d89f09cf03cbde580a,5,weighted,"[100, 80, 65, 55, 50]",0,0.0,0
250,547765c1158b4a5a8100d6a300aa88b1,5,weighted,"[100, 80, 65, 55, 50]",0,0.08695652173913045,1
251,31d748672420422aa724d2b6db6b1d18,5,weighted,"[100, 80, 65, 55, 50]",0,0.0,1
252,f8542bff725c4264aaf360ad929a1807,5,weighted,"[100, 80, 65, 55, 50]",0,0.0,0
253,0d56e8c7e4b6449696113a82ec0da19e,5,weighted,"[100, 80, 65, 55, 50]",0,0.0,1
254,0ad40f362389498382471e1f6171f996,5,weighted,"[100, 80, 65, 55, 50]",0,0.5,1
255,9adfdf882a9a4f8bb69b96506ce7471c,5,weighted,"[100, 80, 65, 55, 50]",1,1.0,1
256,63b89182644f454c92026c4ca6747140,5,weighted,"[100, 80, 65, 55, 50]",0,0.0,0
257,62c441cc36584729bc6608d4f56ca4d6,5,weighted,"[100, 80, 65, 55, 50]",0,0.0,1
258,480a34c34b094ac6b071bc658c0da810,5,weighted,"[100, 80, 65, 55, 50]",0,0.15384615384615385,0
259,db571ac79d34404b9a59b62c7fd38c56,5,weighted,"[100, 80, 65, 55, 50]",0,0.0,1
260,9e3b57d9763d4f1da04cc784d5944be2,5,weighted,"[100, 80, 65, 55, 50]",0,0.0,0
261,7594504b380443f6920beb03b1379bd7,5,weighted,"[100, 80, 65, 55, 50]",0,0.05555555555555555,1
262,d0a7880cce6f4bce95aaaf322c41355f,5,weighted,"[100, 80, 65, 55, 50]",0,0.18181818181818182,1
263,bdc7cf3241594e52a3164b489f50370d,5,weighted,"[100, 80, 65, 55, 50]",1,1.0,1
264,d5500a7bfa4d4b1683dc90808707e306,5,weighted,"[100, 80, 65, 55, 50]",0,0.0,1
265,8bf4e9d3157446bd95bbea12227c100b,5,weighted,"[100, 80, 65, 55, 50]",0,0.5,1
266,487cd2a2f5ee49bb96d33d0d56ea6a2b,5,weighted,"[100, 80, 65, 55, 50]",0,0.0,1
267,8fcc1e39bba146a08300eef42c641e71,5,weighted,"[100, 80, 65, 55, 50]",0,0.0,0
268,383db81acf1f476d8aa21be94cc9daa7,5,weighted,"[100, 80, 65, 55, 50]",1,1.0,1
269,3ded2ac8aff04250896711bfc070cd39,5,weighted,"[100, 80, 65, 55, 50]",0,0.0,0
270,fcccb4baf6314a589f6725cf1dc37979,5,weighted,"[100, 80, 65, 55, 50]",0,0.09523809523809525,0
271,3365b3e46e9240dca893042f6f34486f,5,weighted,"[100, 80, 65, 55, 50]",0,0.18181818181818182,1
272,7f764f3b545744048cf82108c4bb5157,5,weighted,"[100, 80, 65, 55, 50]",0,0.0,0
273,ad0e4b1a103d400f9ef4dd6827e215b9,5,weighted,"[100, 80, 65, 55, 50]",0,0.0,0
274,198f769edd5c4bd7b829ffeaa6d595c1,5,weighted,"[100, 80, 65, 55, 50]",0,0.0,1
275,e296d418c6614640b45afe738e0fe7ce,5,weighted,"[100, 80, 65, 55, 50]",0,0.0,1
276,489edeed2f20435b9fc8ab429d160239,5,weighted,"[100, 80, 65, 55, 50]",0,0.0,1
277,b39eac495217430ebe3cfb37878882ee,5,weighted,"[100, 80, 65, 55, 50]",0,0.0,1
278,e772ff7304f54b78a3280763cf427221,5,weighted,"[100, 80, 65, 55, 50]",0,0.0,0
279,d16db94dc08840cb930ce9cf59151bef,5,weighted,"[100, 80, 65, 55, 50]",0,0.0,1
280,92100c8dcef141f69ab22ef3ad13d9d5,5,weighted,"[100, 80, 65, 55, 50]",0,0.0,1
281,11452fbd4fdb40d8bd8f10d24a8087e2,5,weighted,"[100, 80, 65, 55, 50]",0,0.0,0
282,3b8f128366fb4a669715a4b6cfc166cd,5,weighted,"[100, 80, 65, 55, 50]",0,0.05,0
283,3dd9a7133b594635ac914a6abccf0e46,5,weighted,"[100, 80, 65, 55, 50]",0,0.0,1
284,f2f07af9f9874dc992ca32c22063ffd4,5,weighted,"[100, 80, 65, 55, 50]",0,0.0,1
285,5ff5d8f1083b442cbf759f1980f8cd15,5,weighted,"[100, 80, 65, 55, 50]",0,0.08333333333333333,0
286,8047bb5d810b4c2f967c45b876ff4bb8,5,weighted,"[100, 80, 65, 55, 50]",1,1.0,1
287,1e7aa41fe6ff4d048cf6c314eaae526a,5,weighted,"[100, 80, 65, 55, 50]",0,0.0,0
288,32e5e53144904525bdd91c2346ecdc21,5,weighted,"[100, 80, 65, 55, 50]",0,0.0,1
289,3645db7e841f4242ae0b3be674e8bc8a,5,weighted,"[100, 80, 65, 55, 50]",0,0.4,1
290,b344f9c87e2d4e5498338ea56023892c,5,weighted,"[100, 80, 65, 55, 50]",0,0.8,1
291,cae1c72a196e41c0919e17bc003a3a5f,5,weighted,"[100, 80, 65, 55, 50]",0,0.0,0
292,d21a2587e9e64ae08a9243d3f950521b,5,weighted,"[100, 80, 65, 55, 50]",0,0.0,0
293,f8657886cea34216b10630e96b7a2932,5,weighted,"[100, 80, 65, 55, 50]",0,0.13793103448275862,1
294,14c07142ff80440483ee9fdc0f2d8b06,5,weighted,"[100, 80, 65, 55, 50]",0,0.0,1
295,c1028f19198147868af85aa60943519d,5,weighted,"[100, 80, 65, 55, 50]",0,0.060606060606060615,0
296,c5e69a8c19ec4fadb153de7ed8d06b9f,5,weighted,"[100, 80, 65, 55, 50]",0,0.6666666666666666,1
297,b476d07cc2e747d0bad28a795661540d,5,weighted,"[100, 80, 65, 55, 50]",0,0.0,0
298,ce3ef968a0704a3fa36f7f605ed0031a,5,weighted,"[100, 80, 65, 55, 50]",0,0.0,0
299,5d6dc2b279594850a8ffce1f1b7892aa,5,weighted,"[100, 80, 65, 55, 50]",0,0.6666666666666666,1
300,74518b730d2941859c8fc206f74de46a,5,weighted,"[100, 80, 65, 55, 50]",0,0.3333333333333333,0
301,679586e746bf437fb4372790a38aaa81,5,weighted,"[100, 80, 65, 55, 50]",0,0.0,1
302,5aaeceef16f34275b07bef56b93edddc,5,weighted,"[100, 80, 65, 55, 50]",0,0.0,1
303,cf3bbf5197224180b1a20f44bba8ff58,5,weighted,"[100, 80, 65, 55, 50]",0,0.0,1
304,77581c9e1c504eb6a88f1cc8693a1f7b,5,weighted,"[100, 80, 65, 55, 50]",0,0.2857142857142857,1
305,57c251b6218b4c1094f9dfb9f53f2a21,5,weighted,"[100, 80, 65, 55, 50]",0,0.0,1
306,786e56a75654431f8335c0a57f0e3d3e,5,weighted,"[100, 80, 65, 55, 50]",1,1.0,1
307,e3ece1d381234fa9a9402f702b38c5b5,5,weighted,"[100, 80, 65, 55, 50]",1,1.0,1
308,f5627bd7cf9545e78204161253ca2e8e,5,weighted,"[100, 80, 65, 55, 50]",0,0.2727272727272727,1
309,4f1dcb1b8e9745ddb92444ccacb4b1b8,5,weighted,"[100, 80, 65, 55, 50]",0,0.6666666666666666,1
310,98bbd1deff4143b780e5d123925bdbee,5,weighted,"[100, 80, 65, 55, 50]",0,0.0,1
311,f510e4b92495473db9b86dd2d5b6eb18,5,weighted,"[100, 80, 65, 55, 50]",1,1.0,1
312,7baaa5545ac44114b79c5420d561d85e,5,weighted,"[100, 80, 65, 55, 50]",0,0.0,1
313,143a0df7e66a473ba5804b1c75f56c86,5,weighted,"[100, 80, 65, 55, 50]",0,0.0,0
314,bd0f2b0fc40146edb228ac6be2fd9e5a,5,weighted,"[100, 80, 65, 55, 50]",0,0.0,1
315,06bff66d3af04edd808a81c4b0a106a7,5,weighted,"[100, 80, 65, 55, 50]",1,1.0,1
316,cbb5d9c625b74ae1b3426d2a185549c4,5,weighted,"[100, 80, 65, 55, 50]",0,0.0,0
317,3bb0f77a9cbc44fab12fdc8005e69f91,5,weighted,"[100, 80, 65, 55, 50]",0,0.0,0
318,5f24d26d866b410da298cec18f321605,5,weighted,"[100, 80, 65, 55, 50]",0,0.0,1
319,e6bd79cae1cb472c990b5226f2a87152,5,weighted,"[100, 80, 65, 55, 50]",0,0.1818181818181818,1
320,e111ffbe05e4468c85bfaeceec2ea821,5,weighted,"[100, 80, 65, 55, 50]",1,1.0,1
321,8caeb3cde3074e66af2795f258908f69,5,weighted,"[100, 80, 65, 55, 50]",0,0.0,1
322,f8b5c43adc974d82aaab3f81649ca754,5,weighted,"[100, 80, 65, 55, 50]",0,0.0,1
323,574519a5dbfc4727bd68c1f4f0ad92b0,5,weighted,"[100, 80, 65, 55, 50]",1,1.0,1
324,842b90f71d4142229534788a21189892,5,weighted,"[100, 80, 65, 55, 50]",0,0.0,1
325,09a4f669c3ce4432954d3b5348ffde56,5,weighted,"[100, 80, 65, 55, 50]",0,0.20689655172413793,1
326,b2a92b434a344e49b3a6911bfd86e98f,5,weighted,"[100, 80, 65, 55, 50]",0,0.0,1
327,6029989106ef4c32bc7eb342670dc8c1,5,weighted,"[100, 80, 65, 55, 50]",0,0.0,1
328,e412730b37274c11bad105b38ed9e196,5,weighted,"[100, 80, 65, 55, 50]",0,0.0,1
329,c5c6d814143a4f1eb7cc7546d9654173,5,weighted,"[100, 80, 65, 55, 50]",1,1.0,1
330,0633af8dabeb4925bf0fb0110cc54247,5,weighted,"[100, 80, 65, 55, 50]",0,0.08695652173913045,1
331,044418fd6fd646ec89a54a7013712c9d,5,weighted,"[100, 80, 65, 55, 50]",0,0.0,1
332,8b9a2f29b35b41e38cb94347237d59d7,5,weighted,"[100, 80, 65, 55, 50]",0,0.0,1
333,26782a326a394d688dda2441308bf00a,5,weighted,"[100, 80, 65, 55, 50]",0,0.0,1
334,f9bf09905dc249e69f69c4db9b323d0f,5,weighted,"[100, 80, 65, 55, 50]",0,0.6666666666666666,1
335,07f2d15033cf4fb6916bed5d56dcb8f5,5,weighted,"[100, 80, 65, 55, 50]",0,0.0,1
336,a045cbc6199c4b9e8dbb8545febda365,5,weighted,"[100, 80, 65, 55, 50]",0,0.0,0
337,af446346d828479ca02c375ec2973773,5,weighted,"[100, 80, 65, 55, 50]",0,0.0,0
338,8447a26148c9454da18385e3d9fa4a3c,5,weighted,"[100, 80, 65, 55, 50]",0,0.0,0
339,2a7071c8d8c74dac901956228d59fdfb,5,weighted,"[100, 80, 65, 55, 50]",0,0.0,0
340,55bc45f2e63149869e4d0e52da6cb421,5,weighted,"[100, 80, 65, 55, 50]",0,0.4,1
341,bb2c93be295348eb933e57a16325af76,5,weighted,"[100, 80, 65, 55, 50]",0,0.15384615384615385,1
342,cff18af0aed84c39ab0d156de7f507f8,5,weighted,"[100, 80, 65, 55, 50]",0,0.0,1
343,423f76b5864047f480599c7946546eb1,5,weighted,"[100, 80, 65, 55, 50]",0,0.0,0
344,0754e951855e46df80b0269253e4acf7,5,weighted,"[100, 80, 65, 55, 50]",0,0.0,0
345,5bdc71bbfc6e4934aa337ab24559eb6c,5,weighted,"[100, 80, 65, 55, 50]",0,0.0,0
346,b71eed014a8c4e51ba0bb48aeb1939ae,5,weighted,"[100, 80, 65, 55, 50]",0,0.28571428571428575,1
347,d09f358431284dea95dec8e61590dbf4,5,weighted,"[100, 80, 65, 55, 50]",0,0.0,1
348,5bbab85f5ac243a9b98914f8c7af6eb4,5,weighted,"[100, 80, 65, 55, 50]",0,0.0,0
349,18cc95b228434b23a3969ac0d65687fa,5,weighted,"[100, 80, 65, 55, 50]",0,0.0,0
350,b322fdc7819546138582ebc07e8aa7a8,5,weighted,"[100, 80, 65, 55, 50]",1,1.0,1
351,f955cb3e7bda4a93a867b361b7b96327,5,weighted,"[100, 80, 65, 55, 50]",1,1.0,1
352,62e9113dcca84b61af8304429b1570da,5,weighted,"[100, 80, 65, 55, 50]",0,0.0,0
353,f3fc1b6ee3b24e47856d9fe7730350a2,5,weighted,"[100, 80, 65, 55, 50]",0,0.0816326530612245,0
354,8f0cfcb0d46d43eeb6c7ee04cd29c027,5,weighted,"[100, 80, 65, 55, 50]",0,0.09523809523809523,1
355,82eb7d4504834ceabad83742c2d0ab5c,5,weighted,"[100, 80, 65, 55, 50]",0,0.6666666666666666,1
356,bf16d51b5b9540ec83fba053bc26a8a9,5,weighted,"[100, 80, 65, 55, 50]",0,0.0975609756097561,1
357,e62ce90267b149f7a65dc0901c614317,5,weighted,"[100, 80, 65, 55, 50]",1,1.0,1
358,8e376a7767224f8381c8ee661c43ad16,5,weighted,"[100, 80, 65, 55, 50]",0,0.0,1
359,435fd88dd9034cf1bd211e03bab2bed5,5,weighted,"[100, 80, 65, 55, 50]",1,1.0,1
360,109740b4edfa49c5961632436d1df48c,5,weighted,"[100, 80, 65, 55, 50]",0,0.0,1
361,a4c31c16dd1a4cf493b8c20500a88539,5,weighted,"[100, 80, 65, 55, 50]",1,1.0,1
362,721498d8723844d5b1ab0d15eb8e7699,5,weighted,"[100, 80, 65, 55, 50]",0,0.0,0
363,1699130630f2472cacfcbfe214d40416,5,weighted,"[100, 80, 65, 55, 50]",0,0.0,0
364,cceb8fa1b2a84757932a6f7ae86b3653,5,weighted,"[100, 80, 65, 55, 50]",1,1.0,1
365,147cef44c6e64257a962d7ed7e7df893,5,weighted,"[100, 80, 65, 55, 50]",0,0.0,0
366,afdf5764dddf4d858cff8be47f91fba7,5,weighted,"[100, 80, 65, 55, 50]",1,1.0,1
367,77dc5fcd3f654630a9a8ec90c9375b45,5,weighted,"[100, 80, 65, 55, 50]",0,0.0,0
368,3a33ecb066b9443e85b68c446f45b287,5,weighted,"[100, 80, 65, 55, 50]",0,0.08695652173913045,1
369,43204be4d77d421990db36f2d9951e63,5,weighted,"[100, 80, 65, 55, 50]",0,0.0,1
370,4c961dd89b054526b342c921486477a6,5,weighted,"[100, 80, 65, 55, 50]",0,0.0,1
371,89b7733b0a994df7b4250953ccff9c24,5,weighted,"[100, 80, 65, 55, 50]",0,0.0,1
372,8b627a95012d4f65a70aff1249d43d64,5,weighted,"[100, 80, 65, 55, 50]",0,0.8,1
373,b99c50bfd5f849afb601bd8ac95b0bf4,5,weighted,"[100, 80, 65, 55, 50]",0,0.0,1
374,ff383ab32c9942908db5946a8fe654d3,5,weighted,"[100, 80, 65, 55, 50]",0,0.0,0
375,89abc7236e6941ee88a263d88d6d299a,5,weighted,"[100, 80, 65, 55, 50]",0,0.17777777777777776,1
376,fadd2528784f4a9fa3b391626e69ffc0,5,weighted,"[100, 80, 65, 55, 50]",0,0.0,0
377,1958d14b7db54bffbbdd57e3677c08e7,5,weighted,"[100, 80, 65, 55, 50]",1,1.0,1
378,9966c7735a6649d88366224ff6552c68,5,weighted,"[100, 80, 65, 55, 50]",0,0.0,0
379,2818d5e47a844bc9831496e2f587a803,5,weighted,"[100, 80, 65, 55, 50]",0,0.0,1
380,74f114ab49744e608eafab899371d913,5,weighted,"[100, 80, 65, 55, 50]",0,0.5,1
381,f724593e7f4842569187dae70a2560d9,5,weighted,"[100, 80, 65, 55, 50]",0,0.0,1
382,3e46e0220a18483fb0fd448bcc36815e,5,weighted,"[100, 80, 65, 55, 50]",1,1.0,1
383,ec9dedf313ba4f90883a2b01909553b3,5,weighted,"[100, 80, 65, 55, 50]",0,0.2857142857142857,1
384,2e9b048c06dc45be97da6116056f74f6,5,weighted,"[100, 80, 65, 55, 50]",0,0.0,1
385,efc438e4fd18417daa0e662499fbe956,5,weighted,"[100, 80, 65, 55, 50]",0,0.5,0
386,33313f986ec740f3b824bc3accb9111e,5,weighted,"[100, 80, 65, 55, 50]",0,0.0,1
387,8eacd2be836f472a83d7008f33ed8506,5,weighted,"[100, 80, 65, 55, 50]",0,0.0,1
388,6cb904d598ce4f7ebb4e4283a24a2f63,5,weighted,"[100, 80, 65, 55, 50]",1,1.0,1
389,194bd503229c46c3b308896e770e1eb1,5,weighted,"[100, 80, 65, 55, 50]",0,0.11764705882352941,1
390,0c1c6f6b44e3466eac1a68dadefd06ab,5,weighted,"[100, 80, 65, 55, 50]",0,0.0,1
391,c5559fa0b9a0438a9b843d4207061a3d,5,weighted,"[100, 80, 65, 55, 50]",0,0.0,1
392,a168c89e395546be9605e969f682e554,5,weighted,"[100, 80, 65, 55, 50]",0,0.0,1
393,849240180c584f71bc56c0c92c5df5fd,5,weighted,"[100, 80, 65, 55, 50]",0,0.0,0
394,d69a7141ec1c4110ac124dd58d19b8b4,5,weighted,"[100, 80, 65, 55, 50]",0,0.0,0
395,d94300f7464c401db93e557fec221320,5,weighted,"[100, 80, 65, 55, 50]",0,0.4,0
396,fa44913cfa244faa88e773dcc3045012,5,weighted,"[100, 80, 65, 55, 50]",0,0.0,1
397,e98ac3de59a646c69b6eb17d3e3a4d0d,5,weighted,"[100, 80, 65, 55, 50]",0,0.0,0
398,d745bee67227422b824140f2734b0621,5,weighted,"[100, 80, 65, 55, 50]",0,0.06896551724137931,0
399,25eec8384d9d45b8b75affcc9f164be3,5,weighted,"[100, 80, 65, 55, 50]",0,0.0,1
400,912cb6aecbec4dc2b44ee22a076c3e2a,5,weighted,"[100, 80, 65, 55, 50]",0,0.0,0
401,f523ba87f5714a108e9bae698f676063,5,weighted,"[100, 80, 65, 55, 50]",0,0.039999999999999994,1
402,3f28f7be13ad43cda7681b7fa874843c,5,weighted,"[100, 80, 65, 55, 50]",1,1.0,1
403,51ff7cdf97074a07862234487477ef4a,5,weighted,"[100, 80, 65, 55, 50]",0,0.0,1
404,6e1780414deb4cf9b49568f07b3bdc26,5,weighted,"[100, 80, 65, 55, 50]",0,0.0,0
405,f61206d61cf94401b8fbb566b0b67ec7,5,weighted,"[100, 80, 65, 55, 50]",0,0.0,1
406,12859cbba89f494b98e6b7be8b4c88ff,5,weighted,"[100, 80, 65, 55, 50]",0,0.0,0
407,1e326f32613a417fb55b23337862c62b,5,weighted,"[100, 80, 65, 55, 50]",1,1.0,1
408,4ff0076b7fe74648806429e78621f265,5,weighted,"[100, 80, 65, 55, 50]",0,0.0,0
409,531b64eef1bd44568360b3ab40da40da,5,weighted,"[100, 80, 65, 55, 50]",0,0.08000000000000002,0
410,ef15b705b7c54e77b276f22c804ce15d,5,weighted,"[100, 80, 65, 55, 50]",0,0.07999999999999999,1
411,bf9d67fa8b3849ceb410c4dfd7947e5f,5,weighted,"[100, 80, 65, 55, 50]",0,0.0,0
412,8b256cf4c08f4507b8b2f96d7289b585,5,weighted,"[100, 80, 65, 55, 50]",0,0.1,1
413,ab65135d9fc94f16a97555b6b3c54832,5,weighted,"[100, 80, 65, 55, 50]",0,0.0,1
414,21c894485b7a4cb0b66313dd1802a3c2,5,weighted,"[100, 80, 65, 55, 50]",0,0.0,1
415,23f3abb43b8f4f74bffb018bb3943125,5,weighted,"[100, 80, 65, 55, 50]",0,0.0,1
416,cdec7a0d975642d38b3b2d449bffc3e8,5,weighted,"[100, 80, 65, 55, 50]",0,0.0,0
417,803441a3a59d42b293810212bf2d6ced,5,weighted,"[100, 80, 65, 55, 50]",0,0.0,1
418,738dc2a651c7477abe2efc0e5547054a,5,weighted,"[100, 80, 65, 55, 50]",1,1.0,1
419,2fcf533dede444f2a0296b3bf112e0bd,5,weighted,"[100, 80, 65, 55, 50]",1,1.0,1
420,a1747749a3904c53b124b17ba86b1df6,5,weighted,"[100, 80, 65, 55, 50]",0,0.0,1
421,95a04d9fc49441cd901191b2390f05cd,5,weighted,"[100, 80, 65, 55, 50]",0,0.0,1
422,1a82de30a1e546bbaf099a05d79a6230,5,weighted,"[100, 80, 65, 55, 50]",0,0.0,1
423,bc20c452e45644e4beb92b0f35859105,5,weighted,"[100, 80, 65, 55, 50]",1,1.0,1
424,1f2ee8a4ce5d448e8ed30e7ca27b2b32,5,weighted,"[100, 80, 65, 55, 50]",0,0.0,1
425,3f1a03dd30304609a4e646069b0deffd,5,weighted,"[100, 80, 65, 55, 50]",0,0.0,0
426,a256f8f1dbd644c98a3bc79d072405fc,5,weighted,"[100, 80, 65, 55, 50]",1,1.0,1
427,35d000cd64d14585bd474322dc4f4f70,5,weighted,"[100, 80, 65, 55, 50]",0,0.06451612903225805,1
428,7e9ac1c4bf0845eab105c8b1b9265db2,5,weighted,"[100, 80, 65, 55, 50]",0,0.0,0
429,652962af37ce4c5799789678fa661553,5,weighted,"[100, 80, 65, 55, 50]",0,0.1935483870967742,1
430,f5894ccfbf314a63baaca983e208a43b,5,weighted,"[100, 80, 65, 55, 50]",1,1.0,1
431,8a3561154a454ca597d3a9a636a95a93,5,weighted,"[100, 80, 65, 55, 50]",0,0.0,1
432,6fe2385a3a1f4e7c8b1982cad82c939d,5,weighted,"[100, 80, 65, 55, 50]",0,0.4,1
433,6f8f3d49dd8845de8307ad2d9fabf269,5,weighted,"[100, 80, 65, 55, 50]",0,0.0,1
434,a36a9969dee14e6f90fc1785e4d8151a,5,weighted,"[100, 80, 65, 55, 50]",1,1.0,1
435,1d1a6ab35fe14fdd8bbe88f884d82ce6,5,weighted,"[100, 80, 65, 55, 50]",1,1.0,1
436,fb776aaae451464692b974373b39e4c5,5,weighted,"[100, 80, 65, 55, 50]",1,1.0,1
437,6616d9ae236f46acb990d2a879bf346f,5,weighted,"[100, 80, 65, 55, 50]",1,1.0,1
438,374bacece7a6435484e32852ba73f4a8,5,weighted,"[100, 80, 65, 55, 50]",0,0.6666666666666666,1
439,527a875dd5504c12b1e26cec3ff31fb6,5,weighted,"[100, 80, 65, 55, 50]",0,0.0,1
440,3b6bbfa360e14c8ea4997b82981bf6f7,5,weighted,"[100, 80, 65, 55, 50]",1,1.0,1
441,4f66952eeb534a109a11044fcfecf033,5,weighted,"[100, 80, 65, 55, 50]",0,0.0,0
442,dcd06efd15d8483f9ae99008aae4b8e6,5,weighted,"[100, 80, 65, 55, 50]",0,0.6666666666666666,1
443,c452c1a025c44bdab1694894c2799e64,5,weighted,"[100, 80, 65, 55, 50]",0,0.0,1
444,2efef198621244dc8f660e49bcb0b54e,5,weighted,"[100, 80, 65, 55, 50]",0,0.2727272727272727,1
445,0b9b15aa02b54f8e82a61c149799963b,5,weighted,"[100, 80, 65, 55, 50]",0,0.0,1
446,a77bad2720ec43aba758a5c99624b6c3,5,weighted,"[100, 80, 65, 55, 50]",0,0.0,1
447,42c9c8fe7ee843dbbe578fdc4dbba39a,5,weighted,"[100, 80, 65, 55, 50]",0,0.0,1
448,500e35b80a13424c8eb9c6e6a0b9af15,5,weighted,"[100, 80, 65, 55, 50]",0,0.0,1
449,490da89fb4c743858167b5b75af14ddd,5,weighted,"[100, 80, 65, 55, 50]",0,0.0,1
450,03905a27a5b841e59153c2e3de3c99f4,5,weighted,"[100, 80, 65, 55, 50]",0,0.0,0
451,bb334d8819054ded95d25bd214397832,5,weighted,"[100, 80, 65, 55, 50]",1,1.0,1
452,ccf8e9a161124b058363c911f27cc4bf,5,weighted,"[100, 80, 65, 55, 50]",0,0.6666666666666666,1
453,d83d3eda31c14835877587e71ae8f858,5,weighted,"[100, 80, 65, 55, 50]",1,1.0,1
454,4b7de03eac3642c5aad653d3fe1600dc,5,weighted,"[100, 80, 65, 55, 50]",0,0.18867924528301888,1
455,574737b3f4284419a8e2bcf43167e253,5,weighted,"[100, 80, 65, 55, 50]",0,0.6666666666666666,1
456,4e8d8610abde45809ece08144c48d9e7,5,weighted,"[100, 80, 65, 55, 50]",0,0.6666666666666666,1
457,80f8912075b14d1a91b62f0c2d06ca84,5,weighted,"[100, 80, 65, 55, 50]",0,0.0,1
458,6401157d496747a092bf97a5f430d281,5,weighted,"[100, 80, 65, 55, 50]",0,0.0,1
459,614b047fc1144246af208be2a508d5ce,5,weighted,"[100, 80, 65, 55, 50]",0,0.0,0
460,0dfeb9e7d43747bcac4e5ac700caec79,5,weighted,"[100, 80, 65, 55, 50]",1,1.0,1
461,edb3d5b64911443798e8e83b07ae5b99,5,weighted,"[100, 80, 65, 55, 50]",0,0.16666666666666669,1
462,d54a2fd059b54e2d80b503109524db0a,5,weighted,"[100, 80, 65, 55, 50]",0,0.0,1
463,c564493e2442402ebb6d4a5af51f7c25,5,weighted,"[100, 80, 65, 55, 50]",0,0.5454545454545454,1
464,b32d5172d0b3451b83352d24deab59e6,5,weighted,"[100, 80, 65, 55, 50]",0,0.0,1
465,19d523d3a0824aed8cc62eed5e24f1e4,5,weighted,"[100, 80, 65, 55, 50]",0,0.0,1
466,4cff857ac2f74c6094f26f596ba0cb1f,5,weighted,"[100, 80, 65, 55, 50]",0,0.5,1
467,af77d75481ae4b0391017dfd394050f4,5,weighted,"[100, 80, 65, 55, 50]",1,1.0,1
468,2784aee1dd324e3f8945b73963b7785f,5,weighted,"[100, 80, 65, 55, 50]",0,0.0,1
469,d89807b1fdda40c2bebb55edf64c3938,5,weighted,"[100, 80, 65, 55, 50]",0,0.18181818181818182,1
470,af5369c41cba4379978174fe353ddff6,5,weighted,"[100, 80, 65, 55, 50]",1,1.0,1
471,6bf1ecc9589d4447b31afde347505919,5,weighted,"[100, 80, 65, 55, 50]",0,0.0,0
472,ba2b3c2aeb464d8f8a949fc75944bcbd,5,weighted,"[100, 80, 65, 55, 50]",1,1.0,1
473,112542d377134435a5e6e79b2e9a5c1a,5,weighted,"[100, 80, 65, 55, 50]",0,0.0,1
474,80a9457351e14111aaf3fb84d3528092,5,weighted,"[100, 80, 65, 55, 50]",1,1.0,1
475,f2894e10d02a42c2b91b26caefadfbc9,5,weighted,"[100, 80, 65, 55, 50]",1,1.0,1
476,daccc4268b874f63a33873b7171ba8ff,5,weighted,"[100, 80, 65, 55, 50]",0,0.0,1
477,540ee9edf9fd4bfc981390d172704bbc,5,weighted,"[100, 80, 65, 55, 50]",0,0.0,1
478,116602c25c3e4b33b7a5a111f9174cbe,5,weighted,"[100, 80, 65, 55, 50]",0,0.5,1
479,66225a9def6a45ddaac68462170b34b7,5,weighted,"[100, 80, 65, 55, 50]",0,0.0,0
480,b75b64ca513e4ae3be64ff5d71a9b652,5,weighted,"[100, 80, 65, 55, 50]",0,0.0,0
481,1aa0b7493d9b47bbb4625d39922576b6,5,weighted,"[100, 80, 65, 55, 50]",0,0.0,0
482,ce867b37ae1d4bc6b35988966e721575,5,weighted,"[100, 80, 65, 55, 50]",1,1.0,1
483,ab351f57bcf34ad6a535ed69e1eed04b,5,weighted,"[100, 80, 65, 55, 50]",0,0.0,1
484,f8d21ecd07db4b0888ea7c2c91f9135c,5,weighted,"[100, 80, 65, 55, 50]",0,0.0,0
485,66ccd850630b4a069b80af81f0d8fa0c,5,weighted,"[100, 80, 65, 55, 50]",1,1.0,1
486,fccd16a6079343e5ad862a07f82e3f42,5,weighted,"[100, 80, 65, 55, 50]",0,0.888888888888889,1
487,5372bffd269e45f5b80bfa12e294af8f,5,weighted,"[100, 80, 65, 55, 50]",1,1.0,1
488,1e52126edb5a499381fb1f064dd4377c,5,weighted,"[100, 80, 65, 55, 50]",0,0.0,0
489,ddf8070fbf124b54bfdca93791ef2056,5,weighted,"[100, 80, 65, 55, 50]",0,0.0,1
490,ec552a3b81734f36ae2a031fc34b7519,5,weighted,"[100, 80, 65, 55, 50]",0,0.8,1
491,23d1c9c515f3417ab70aba3c3bc43ec8,5,weighted,"[100, 80, 65, 55, 50]",0,0.0,1
492,af91062c61d0431fa90edb3cffc48da0,5,weighted,"[100, 80, 65, 55, 50]",0,0.4,1
493,9a9db144769c4ce29c4cdb431d756043,5,weighted,"[100, 80, 65, 55, 50]",0,0.0,0
494,3e4038716e3948b4b94243cad4cbfd1e,5,weighted,"[100, 80, 65, 55, 50]",0,0.0,0
495,dab26af5192549f1a07bed7fa63bf47e,5,weighted,"[100, 80, 65, 55, 50]",0,0.0,0
496,d58a27153bc74f08bfa857c4a80b1c90,5,weighted,"[100, 80, 65, 55, 50]",0,0.0,1
497,dd5a9212340046e2a340103c45fd7f17,5,weighted,"[100, 80, 65, 55, 50]",0,0.0,0
498,8b0fb3b8cfee4daba5b93311dbe5c5b5,5,weighted,"[100, 80, 65, 55, 50]",1,1.0,1
499,822d82601bda4b509b180096346c1885,5,weighted,"[100, 80, 65, 55, 50]",0,0.0,0
500,cff10f8297c64447bf388d45ed577e95,5,weighted,"[100, 80, 65, 55, 50]",1,1.0,1
501,ecb8eb62bc3d4ae280ea3151211089a3,5,weighted,"[100, 80, 65, 55, 50]",0,0.0,1
502,787d235e4c2b4d89b4d9aebff5779cf6,5,weighted,"[100, 80, 65, 55, 50]",0,0.0,0
503,bfb2c3311c5d45789500d104b3965147,5,weighted,"[100, 80, 65, 55, 50]",0,0.0,1
504,c754c326486641409687edae575f81ee,5,weighted,"[100, 80, 65, 55, 50]",0,0.8,1
505,fe0d714e8be546d994f3469fbc3bd068,5,weighted,"[100, 80, 65, 55, 50]",1,1.0,1
506,cac7bd69b3e546a8aeccaeabc394f172,5,weighted,"[100, 80, 65, 55, 50]",0,0.13333333333333333,1
507,8a6ced88638f4bf68c6bb3d7a979d48e,5,weighted,"[100, 80, 65, 55, 50]",1,1.0,1
508,9186ab50536b4241b5033a6f1bfa8c9b,5,weighted,"[100, 80, 65, 55, 50]",0,0.3636363636363636,1
509,4166369ecf494ae998597cee8f2be647,5,weighted,"[100, 80, 65, 55, 50]",0,0.08333333333333333,1
510,78112e7810214d80b8fab5fa51c61200,5,weighted,"[100, 80, 65, 55, 50]",0,0.0,0
511,38ec897108f245b19aeba0e93e304360,5,weighted,"[100, 80, 65, 55, 50]",1,1.0,1
512,b26cac2e25c243dd93e2ac30801d55c9,5,weighted,"[100, 80, 65, 55, 50]",0,0.0,1
513,dda0f54af5084a31a2746f72210b0bd4,5,weighted,"[100, 80, 65, 55, 50]",0,0.0,1
514,8444096a84e9455287180d0b1a928142,5,weighted,"[100, 80, 65, 55, 50]",0,0.054054054054054064,1
515,22f46485365f4209a992b2f67feb0440,5,weighted,"[100, 80, 65, 55, 50]",0,0.5,1
516,de36cde140ee4ceda620f1518dd104bc,5,weighted,"[100, 80, 65, 55, 50]",0,0.0,1
517,08183378ccb3472d903fd95b3b82e132,5,weighted,"[100, 80, 65, 55, 50]",0,0.2857142857142857,1
518,cb08cc75e99a4ec9807321f51dd40566,5,weighted,"[100, 80, 65, 55, 50]",0,0.0,0
519,1667240d3dd740ffa3c317106730a441,5,weighted,"[100, 80, 65, 55, 50]",0,0.0,0
520,b1de8025e01448dcabb96c7e5fab0186,5,weighted,"[100, 80, 65, 55, 50]",0,0.049999999999999996,0
521,4c3cfd857b01453f9d193ba70e0f2257,5,weighted,"[100, 80, 65, 55, 50]",1,1.0,1
522,bcdd509239274509afc8ae77cb5df604,5,weighted,"[100, 80, 65, 55, 50]",0,0.5,1
523,f7776c027aca468e87d60716cfe3c1c3,5,weighted,"[100, 80, 65, 55, 50]",0,0.6666666666666666,1
524,2242d2a664df4bf1967d3689e8b069d0,5,weighted,"[100, 80, 65, 55, 50]",1,1.0,1
525,420222ccc3794c10a9750e897a4532e0,5,weighted,"[100, 80, 65, 55, 50]",0,0.0,0
526,fe94d55d37024a71afeebcce19c9779c,5,weighted,"[100, 80, 65, 55, 50]",0,0.0,0
527,16083c1098654497a127f77ea191c127,5,weighted,"[100, 80, 65, 55, 50]",0,0.0,1
528,427c5359e1bd4e2ca065c379a9c5d227,5,weighted,"[100, 80, 65, 55, 50]",0,0.16666666666666669,1
529,6b25cbff83ef403ba7c2ee3b03a1d8be,5,weighted,"[100, 80, 65, 55, 50]",0,0.0,0
530,d23a30ecc5b8469c8e6324ff5d42409b,5,weighted,"[100, 80, 65, 55, 50]",0,0.0,1
531,c4eb8e9e88a64fa49128ad4e99776c91,5,weighted,"[100, 80, 65, 55, 50]",0,0.7499999999999999,1
532,0e497d4f0b4642248a1e1e4b25960ce0,5,weighted,"[100, 80, 65, 55, 50]",0,0.0,1
533,02a006ec43e94d8a8fec1ab448fa5e00,5,weighted,"[100, 80, 65, 55, 50]",0,0.4,1
534,6bdd81ddfa4d41f9a8dac2c1ce206945,5,weighted,"[100, 80, 65, 55, 50]",0,0.0,0
535,bd35d7a651974bb181849a4486692264,5,weighted,"[100, 80, 65, 55, 50]",1,1.0,1
536,7992ef8a5e8f4d9da5a3f75f157136a0,5,weighted,"[100, 80, 65, 55, 50]",0,0.0,1
537,10e96facf13e4091ba5c8cee71226ff0,5,weighted,"[100, 80, 65, 55, 50]",1,1.0,1
538,e854d8deb6cf4af4ac58d44cb3c027c3,5,weighted,"[100, 80, 65, 55, 50]",1,1.0,1
539,80109609b1f24dc0859af11d2bf33ca9,5,weighted,"[100, 80, 65, 55, 50]",0,0.15384615384615385,1
540,1cc25c3729ab4627a29f3f11172af372,5,weighted,"[100, 80, 65, 55, 50]",0,0.0,1
541,805a6afa477c45d18a26ebba495ac1b7,5,weighted,"[100, 80, 65, 55, 50]",1,1.0,1
542,8dcf91cc88c7478fb336f2b856b1f9b8,5,weighted,"[100, 80, 65, 55, 50]",0,0.0,0
543,34532b23c4624e6e92c4faf30085297d,5,weighted,"[100, 80, 65, 55, 50]",0,0.0,0
544,ab7f7e70dde447fcaa29fdc20ba659db,5,weighted,"[100, 80, 65, 55, 50]",0,0.0,0
545,7904eba267c04097b63fb228937b62bb,5,weighted,"[100, 80, 65, 55, 50]",0,0.0,1
546,27ed5ffe8231443985b27f0d9d605774,5,weighted,"[100, 80, 65, 55, 50]",0,0.0,1
547,cdec18921af845c694384dea037eb6ec,5,weighted,"[100, 80, 65, 55, 50]",0,0.0,0
548,e5d6b99f2e6d4efea5d77b6e01aa98a3,5,weighted,"[100, 80, 65, 55, 50]",0,0.0,1
549,52e75f8056964c38b2a325a45841c089,5,weighted,"[100, 80, 65, 55, 50]",0,0.4,1
550,241ae106b1f7409d82a03f8296c8a6ab,5,weighted,"[100, 80, 65, 55, 50]",0,0.05882352941176471,1
551,374f14d949354e9aa9bdcfdc090433d7,5,weighted,"[100, 80, 65, 55, 50]",1,1.0,1
552,051e0cb33cb64409bbf8e8e79165bacf,5,weighted,"[100, 80, 65, 55, 50]",1,1.0,1
553,cfc8297fe16243e68fd7df070d7bd587,5,weighted,"[100, 80, 65, 55, 50]",0,0.5217391304347826,1
554,7df3df70d1c74ae9a1255fbee295ef62,5,weighted,"[100, 80, 65, 55, 50]",0,0.13333333333333333,1
555,9238d14529524f97a206ee0d51f157b8,5,weighted,"[100, 80, 65, 55, 50]",0,0.06060606060606061,0
556,0c9774b9297641e39224f703c4e13ec6,5,weighted,"[100, 80, 65, 55, 50]",0,0.0,1
557,5837e1a0fc834500856bc94d81b68ac2,5,weighted,"[100, 80, 65, 55, 50]",0,0.0,0
558,95e677b8475e40e3a6abedec6fe17104,5,weighted,"[100, 80, 65, 55, 50]",0,0.0,0
559,04aa223c25b44b43ba9c2cc94fb5ccc1,5,weighted,"[100, 80, 65, 55, 50]",0,0.0,1
560,b18ad0a41f164debb57278760e011fd1,5,weighted,"[100, 80, 65, 55, 50]",0,0.0,0
561,2ff5deeb56834423b46cb59226137c85,5,weighted,"[100, 80, 65, 55, 50]",0,0.0,1
562,fc754599d5c048639de9864adbce649a,5,weighted,"[100, 80, 65, 55, 50]",0,0.0,1
563,962454a456cc4bbb9a8d5bfba6abf79c,5,weighted,"[100, 80, 65, 55, 50]",0,0.21052631578947367,1
564,902f161fe57f4998b07fd0de6d95270d,5,weighted,"[100, 80, 65, 55, 50]",0,0.13043478260869565,1
565,386263cd9738415982f8a63c4d30c2c5,5,weighted,"[100, 80, 65, 55, 50]",0,0.6666666666666666,0
566,7fa327c5d6d443e8b5528c521db7bf65,5,weighted,"[100, 80, 65, 55, 50]",0,0.0,0
567,a3350d80e3c94368aed1d9a34577d519,5,weighted,"[100, 80, 65, 55, 50]",0,0.0,1
568,0cecc7cafa884126923093cb39466c96,5,weighted,"[100, 80, 65, 55, 50]",0,0.0,1
569,e23472157c0d4ebe81a0fa5c027b3359,5,weighted,"[100, 80, 65, 55, 50]",0,0.0,0
570,0d5bc4fc6f0c425b98565b8f80bb6e43,5,weighted,"[100, 80, 65, 55, 50]",0,0.0,0
571,0104a4f929b64f0e84d574262a285e30,5,weighted,"[100, 80, 65, 55, 50]",1,1.0,1
572,c5dc840ded554956be6daa4c6631deb3,5,weighted,"[100, 80, 65, 55, 50]",1,1.0,1
573,6254496b903a42e680fd882f3283fb49,5,weighted,"[100, 80, 65, 55, 50]",1,1.0,1
574,1f73b3ea836548d496ef68c08f4369f4,5,weighted,"[100, 80, 65, 55, 50]",1,1.0,1
575,6c170e4dcb7d4be0a567d55d531ba222,5,weighted,"[100, 80, 65, 55, 50]",0,0.4,1
576,64ca162a7daf4ca0b747b8b3d75eca51,5,weighted,"[100, 80, 65, 55, 50]",0,0.0,0
577,a73cab123714432c9731e0568fd9d43c,5,weighted,"[100, 80, 65, 55, 50]",0,0.33333333333333337,1
578,e504aa46a10248e8b18cb4639dce0467,5,weighted,"[100, 80, 65, 55, 50]",0,0.5,1
579,8e5c3c1a2b514ea2b0d9eb06879364c2,5,weighted,"[100, 80, 65, 55, 50]",1,1.0,1
580,843521ec385d4ca797c3a37842424dae,5,weighted,"[100, 80, 65, 55, 50]",0,0.0,0
581,1554e7b389d54ff7904f0bf2d82e269c,5,weighted,"[100, 80, 65, 55, 50]",0,0.0,0
582,0c64ef2bbeb543bf87efbb0b2617f2b1,5,weighted,"[100, 80, 65, 55, 50]",1,1.0,1
583,ffc6152628c540ecae6e6bab7f420f28,5,weighted,"[100, 80, 65, 55, 50]",0,0.888888888888889,1
584,c7c63ad1a040451eaf13ad8160295ba0,5,weighted,"[100, 80, 65, 55, 50]",0,0.0,0
585,e6a17a43379a40d1a0388edd679e1fc3,5,weighted,"[100, 80, 65, 55, 50]",0,0.0,1
586,808b1f032cab4da587ca8837b7ee6686,5,weighted,"[100, 80, 65, 55, 50]",0,0.6666666666666666,1
587,28ae4259c5bd485a899ec68af2eb4264,5,weighted,"[100, 80, 65, 55, 50]",0,0.0,0
588,62179d55c8ab4178bb0450eafda198cf,5,weighted,"[100, 80, 65, 55, 50]",0,0.0,0
589,157c103f7f3942c8be2ee84825ff7f32,5,weighted,"[100, 80, 65, 55, 50]",0,0.0,1
590,c551f0e759174fbc80c4d851c51c31fd,5,weighted,"[100, 80, 65, 55, 50]",1,1.0,1
591,8a34a18a13e9487984c1d6839fed053e,5,weighted,"[100, 80, 65, 55, 50]",0,0.5,0
592,d4b5dfb2769d4208804f62b71b6e71c3,5,weighted,"[100, 80, 65, 55, 50]",0,0.0,0
593,77eaa1d176e14eb092f85c51020850ff,5,weighted,"[100, 80, 65, 55, 50]",0,0.0,0
594,8dbad2970e8945f0a4595ccae78e57e9,5,weighted,"[100, 80, 65, 55, 50]",0,0.0,0
595,01649970ebdc4958a48c133492620c31,5,weighted,"[100, 80, 65, 55, 50]",0,0.0,1
596,695bcb8dd90046bba77ed4fe322db935,5,weighted,"[100, 80, 65, 55, 50]",0,0.0,0
597,ce37bce116da48499f15b84b3c158692,5,weighted,"[100, 80, 65, 55, 50]",1,1.0,1
598,e88a0c1244b5484b830b44a6139bec80,5,weighted,"[100, 80, 65, 55, 50]",0,0.0,0
599,60b894ff9c6c43c58bc90fcc2aa78e43,5,weighted,"[100, 80, 65, 55, 50]",0,0.0,0
600,3ffa9e00578043369a677dc8661bfc96,5,weighted,"[100, 80, 65, 55, 50]",0,0.13793103448275862,1
601,22389bcc734d49d98fdccaf2c36e5c7f,5,weighted,"[100, 80, 65, 55, 50]",0,0.0,1
602,2d006592676144faac44e16423bfb178,5,weighted,"[100, 80, 65, 55, 50]",0,0.8,1
603,b20e7a05673a4b3c8ee29beaba23f73a,5,weighted,"[100, 80, 65, 55, 50]",1,1.0,1
604,299726f939f0420aaeb6e5f33a325d39,5,weighted,"[100, 80, 65, 55, 50]",0,0.0,0
605,4740a5c55c1f47bf93a59c65525f43e9,5,weighted,"[100, 80, 65, 55, 50]",0,0.0,1
606,c01e2730fd0544988a6e4c5dc11e0734,5,weighted,"[100, 80, 65, 55, 50]",0,0.0,0
607,02e40f5399fb4b2386f784865610ff5a,5,weighted,"[100, 80, 65, 55, 50]",1,1.0,1
608,d9f2855c8621457fb68bac161b7f811b,5,weighted,"[100, 80, 65, 55, 50]",0,0.0,1
609,4d2ab04164304690b5bbc05618e82a59,5,weighted,"[100, 80, 65, 55, 50]",0,0.0,1
610,0c1be19d610b4fa59930cc5cc930c9d2,5,weighted,"[100, 80, 65, 55, 50]",0,0.0,0
611,9d3dd78635084be1bb29a74d6ae963f6,5,weighted,"[100, 80, 65, 55, 50]",1,1.0,1
612,c992708e6d004bedb81d57b076e33286,5,weighted,"[100, 80, 65, 55, 50]",0,0.0,1
613,cf40be104bfe45338fb4e03c699a2f7f,5,weighted,"[100, 80, 65, 55, 50]",0,0.0,0
614,07ebc87534e64dfca8d40500fe2ecd3b,5,weighted,"[100, 80, 65, 55, 50]",0,0.0,1
615,7d4f644a529f41c4b257f9ffb9ce9c87,5,weighted,"[100, 80, 65, 55, 50]",0,0.04,1
616,18fa422e1baf476fbce6d230e0858000,5,weighted,"[100, 80, 65, 55, 50]",0,0.0,1
617,0178feda5ef74636ba6e5ba11135ceb6,5,weighted,"[100, 80, 65, 55, 50]",0,0.0,1
618,4a93c5ba8a9f4632b9fd8768d008ea73,5,weighted,"[100, 80, 65, 55, 50]",0,0.0,0
619,a0cdfbc45b3f4641b64a2dfd3bde4c2b,5,weighted,"[100, 80, 65, 55, 50]",0,0.0,0
620,79668b02828141b4bc20fd9faba0e2d9,5,weighted,"[100, 80, 65, 55, 50]",0,0.0,1
621,ebf5e6a8dd1742b68312c2c6ada5aad0,5,weighted,"[100, 80, 65, 55, 50]",0,0.0,0
622,599f7e94db9a48019f887451a66c4e1d,5,weighted,"[100, 80, 65, 55, 50]",0,0.0,1
623,00388805ff934f4a9f6c374dd50be557,5,weighted,"[100, 80, 65, 55, 50]",0,0.0,1
624,8067ee0ec3df4208924631047ae0c537,5,weighted,"[100, 80, 65, 55, 50]",0,0.0,1
625,654cd3a33c974ab989777ea8cd69c130,5,weighted,"[100, 80, 65, 55, 50]",0,0.0,1
626,ed981c4aeb414002ad995530646965da,5,weighted,"[100, 80, 65, 55, 50]",0,0.0,0
627,23f830d9e6c24104852473a27360624c,5,weighted,"[100, 80, 65, 55, 50]",0,0.0,1
628,90f5064a214f4e05b9a65eb206d773ea,5,weighted,"[100, 80, 65, 55, 50]",0,0.0,1
629,47e690d71a1648aba0e8ee4f18ede013,5,weighted,"[100, 80, 65, 55, 50]",0,0.0,0
630,5dc68d2932bb4b0f861bd4642c674c43,5,weighted,"[100, 80, 65, 55, 50]",0,0.0,1
631,e04f0cda81094300afaba328511581fe,5,weighted,"[100, 80, 65, 55, 50]",0,0.0,0
632,f540c016913344238538408d0b3ac731,5,weighted,"[100, 80, 65, 55, 50]",0,0.0,0
633,2cdea969eb1441afb20bee7330453eac,5,weighted,"[100, 80, 65, 55, 50]",0,0.0,0
634,d7a9a5bd73444bfd8f0d54e0ee743304,5,weighted,"[100, 80, 65, 55, 50]",0,0.6666666666666666,1
635,1cf1d0fdb27f4ba6a2399a4a86b09b8e,5,weighted,"[100, 80, 65, 55, 50]",0,0.6666666666666666,1
636,807640dab41142919b0c0452a24b2e79,5,weighted,"[100, 80, 65, 55, 50]",0,0.0,0
637,61bcc7e8df9841939729131fba4cd039,5,weighted,"[100, 80, 65, 55, 50]",0,0.0,1
638,d6270ad7fc144895abf4552a2e0f8fc4,5,weighted,"[100, 80, 65, 55, 50]",0,0.5,1
639,06752c5554924c339e8cc99f3e4776aa,5,weighted,"[100, 80, 65, 55, 50]",0,0.4,1
640,60df89b8d9d34129982e9438443b7d96,5,weighted,"[100, 80, 65, 55, 50]",0,0.0,0
641,c90c0b26990c48c3b78097fd570a807b,5,weighted,"[100, 80, 65, 55, 50]",0,0.125,1
642,c5c6a6a15e594958ba61f8231ad1c9d0,5,weighted,"[100, 80, 65, 55, 50]",0,0.0,1
643,eb2fd89fd658434d97ecf961b12aed59,5,weighted,"[100, 80, 65, 55, 50]",0,0.5,1
644,f380a5932d4b4a43969a84c3338edae0,5,weighted,"[100, 80, 65, 55, 50]",0,0.0,1
645,a65e6461f74c47c9a5ffee9366dea0a4,5,weighted,"[100, 80, 65, 55, 50]",1,1.0,1
646,8f3827c3491247c7ab4d7706cbb8ef6d,5,weighted,"[100, 80, 65, 55, 50]",0,0.0,0
647,3f70de0169eb42c3a4b40cd1e5f1be61,5,weighted,"[100, 80, 65, 55, 50]",1,1.0,1
648,f5855e26ffa944fab475fd077cb06a43,5,weighted,"[100, 80, 65, 55, 50]",0,0.0,0
649,db63ac356f6a4df8b59087b055a45357,5,weighted,"[100, 80, 65, 55, 50]",0,0.0,0
650,9c03696110b94d56bbfbc83746f79a94,5,weighted,"[100, 80, 65, 55, 50]",0,0.0,0
651,c4b8fa26b7e741fd8b4b8e4120d39d41,5,weighted,"[100, 80, 65, 55, 50]",0,0.7499999999999999,1
652,5a1d3756a44c4a5ba9b30237dd1c807f,5,weighted,"[100, 80, 65, 55, 50]",0,0.0,1
653,50e8ae7a28b347edbef6a9604da6802a,5,weighted,"[100, 80, 65, 55, 50]",0,0.09523809523809523,1
654,29cf64bece6c424f80f4a55c46fc523f,5,weighted,"[100, 80, 65, 55, 50]",0,0.0,0
655,e17e9f25a202485c8d14b354a92e101d,5,weighted,"[100, 80, 65, 55, 50]",0,0.0,0
656,17ca78d8ef664047ad404f91d1f62c4b,5,weighted,"[100, 80, 65, 55, 50]",0,0.0,1
657,0af0869096df4dff8325c3f2ff584087,5,weighted,"[100, 80, 65, 55, 50]",0,0.12903225806451613,1
658,580cfb51fef84f5e9cb2de0be76eaa61,5,weighted,"[100, 80, 65, 55, 50]",0,0.6666666666666666,1
659,c0d5e844424d4d9bb84902a8ce411cc2,5,weighted,"[100, 80, 65, 55, 50]",0,0.25,1
660,c24d3c06799444db84d703cd715d2979,5,weighted,"[100, 80, 65, 55, 50]",0,0.0,1
661,ef29092974ce40b980f963ac746247ec,5,weighted,"[100, 80, 65, 55, 50]",0,0.0,1
662,b7e11924f8a34063ba5445261471e552,5,weighted,"[100, 80, 65, 55, 50]",0,0.6666666666666666,1
663,a25ba84fca504b2aa4e126007a22a14f,5,weighted,"[100, 80, 65, 55, 50]",0,0.5,1
664,0134a374dcf1451a820c7fd997862851,5,weighted,"[100, 80, 65, 55, 50]",0,0.0,0
665,72fa80f3ffa24cadbc2df7c806b0b59b,5,weighted,"[100, 80, 65, 55, 50]",0,0.0,0
666,692352f2fd7d4a389c1f1ca96570be32,5,weighted,"[100, 80, 65, 55, 50]",0,0.0,0
667,e9e6e952876b4c2b864f9c5fd00a3d8a,5,weighted,"[100, 80, 65, 55, 50]",0,0.0,0
668,fe0121ef5b874df0bfca5369f2253f03,5,weighted,"[100, 80, 65, 55, 50]",0,0.09090909090909093,1
669,4453276e770a4ed7b7051d9d65d40975,5,weighted,"[100, 80, 65, 55, 50]",1,1.0,1
670,ea6918ad41e84412b642d9ac01b6d839,5,weighted,"[100, 80, 65, 55, 50]",0,0.0,1
671,99429dc4d1044cb49e70ceb6f3914e07,5,weighted,"[100, 80, 65, 55, 50]",0,0.0,1
672,7def903743ac43748483019d8b62d815,5,weighted,"[100, 80, 65, 55, 50]",0,0.0,0
673,8a018a8b09d14b4cb164c0abfd1594bb,5,weighted,"[100, 80, 65, 55, 50]",0,0.15384615384615385,1
674,8907b0e8c2e142a395a35b0c5560fe6a,5,weighted,"[100, 80, 65, 55, 50]",0,0.0,0
675,1ae4333af7ca4c33953c8030c3aed22f,5,weighted,"[100, 80, 65, 55, 50]",0,0.18181818181818182,0
676,989fede52bf840609bb69d7ba143301b,5,weighted,"[100, 80, 65, 55, 50]",0,0.0,0
677,368647e758554203bcd6310b0cb41a9f,5,weighted,"[100, 80, 65, 55, 50]",0,0.0,0
678,2662231ec6934df58d84e851aaff80fc,5,weighted,"[100, 80, 65, 55, 50]",1,1.0,1
679,aa4169b3de364c318562b0b09308caa0,5,weighted,"[100, 80, 65, 55, 50]",0,0.0,1
680,a71f1a9b718241dd890fd8feb1be3ab8,5,weighted,"[100, 80, 65, 55, 50]",0,0.07142857142857142,0
681,4d50fbdd13184f64aa70b8e68ea872d8,5,weighted,"[100, 80, 65, 55, 50]",0,0.0,1
682,914623f6bde244cab5e20f01a6d2560b,5,weighted,"[100, 80, 65, 55, 50]",0,0.0,1
683,6a80ae4b171345c3ba541b8aa343b1be,5,weighted,"[100, 80, 65, 55, 50]",0,0.0,0
684,055162a66045404b8d06e59773ef2e49,5,weighted,"[100, 80, 65, 55, 50]",0,0.1568627450980392,1
685,6e0186a28acb4427aedaee03db16e623,5,weighted,"[100, 80, 65, 55, 50]",0,0.0,1
686,7f5733184c134247ad79a6d2bc6f0081,5,weighted,"[100, 80, 65, 55, 50]",0,0.4,1
687,831bd2a4a96f4496947a5656ac12135d,5,weighted,"[100, 80, 65, 55, 50]",0,0.1111111111111111,0
688,1d5e987319ba4158a12cab23543a04aa,5,weighted,"[100, 80, 65, 55, 50]",0,0.0,0
689,c9a9b912b07b4c91a98f4134fbc3c6f5,5,weighted,"[100, 80, 65, 55, 50]",1,1.0,1
690,a7fafb4013664c78a931293de688bedb,5,weighted,"[100, 80, 65, 55, 50]",0,0.0,1
691,0099081da3eb4d36bc020201d4f97a27,5,weighted,"[100, 80, 65, 55, 50]",0,0.0,0
692,b33f0ec8e82f44baa01e6b09f9e69104,5,weighted,"[100, 80, 65, 55, 50]",0,0.0,1
693,e62ec634d4b44a50842d1913910877a5,5,weighted,"[100, 80, 65, 55, 50]",0,0.09523809523809523,1
694,c78e0c2903384595af84d1f0cf51a54f,5,weighted,"[100, 80, 65, 55, 50]",0,0.0,0
695,d313b671236c48f3b029c72fbc46971b,5,weighted,"[100, 80, 65, 55, 50]",0,0.0,0
696,3d674d0b82684e87bdc226d9d614e6e4,5,weighted,"[100, 80, 65, 55, 50]",0,0.0,0
697,4054abd26fcb4958b130fe94dda895ee,5,weighted,"[100, 80, 65, 55, 50]",1,1.0,1
698,65e2cb72034947f0ad2e4fbae41a103e,5,weighted,"[100, 80, 65, 55, 50]",0,0.5384615384615385,1
699,c1b2178b59534886b5fab6b21bb11662,5,weighted,"[100, 80, 65, 55, 50]",1,1.0,1
700,ca8d39a6862e49b58a03a0da02a7bede,5,weighted,"[100, 80, 65, 55, 50]",0,0.0,0
701,daa68770d88b4dbabfc2955ecc647750,5,weighted,"[100, 80, 65, 55, 50]",0,0.0,0
702,504074fdd18a4bfdb3c4d8b3d6a4b589,5,weighted,"[100, 80, 65, 55, 50]",0,0.0,0
703,ba3edfff481042f2a104ffdc278727c0,5,weighted,"[100, 80, 65, 55, 50]",0,0.0,0
704,08b635995bc64aefba8d3fdb405e1b4b,5,weighted,"[100, 80, 65, 55, 50]",0,0.0,0
705,775656e96e4747f5a17cc2b57edd12b7,5,weighted,"[100, 80, 65, 55, 50]",0,0.0,1
706,b2726529c0374da2bcb670a3c89f58a4,5,weighted,"[100, 80, 65, 55, 50]",0,0.0,0
707,7951ebb574024ca7958ac8e4f56cc046,5,weighted,"[100, 80, 65, 55, 50]",0,0.0,1
708,a0eed9d8178c4928b016bdf106f59e9e,5,weighted,"[100, 80, 65, 55, 50]",0,0.0,0
709,ed28bccab4dc46f0a12e98fd366f2a83,5,weighted,"[100, 80, 65, 55, 50]",0,0.0,0
710,1329f988ad3845129c304b54501c934c,5,weighted,"[100, 80, 65, 55, 50]",0,0.6666666666666666,1
711,bccab12e798e428b8869c19eb4feac2c,5,weighted,"[100, 80, 65, 55, 50]",0,0.0,0
712,692084604fa74539aa32ec6abec75341,5,weighted,"[100, 80, 65, 55, 50]",0,0.1875,1
713,3e4aa100c744486d883502dd35d3569c,5,weighted,"[100, 80, 65, 55, 50]",0,0.0,0
714,aa7ddfbb8f3c403ba5b0a0ded76f2bff,5,weighted,"[100, 80, 65, 55, 50]",0,0.0,0
715,ba1325c4040040a0b7809a32536da5fe,5,weighted,"[100, 80, 65, 55, 50]",0,0.0,0
716,3257fb95269946feab9eeec2ebcd3522,5,weighted,"[100, 80, 65, 55, 50]",1,1.0,1
717,fea7e77ef2364dcdb4bbfa5d69b0c0ef,5,weighted,"[100, 80, 65, 55, 50]",0,0.6666666666666666,1
718,60438978506949e79645c14afd3a21dd,5,weighted,"[100, 80, 65, 55, 50]",0,0.6666666666666666,1
719,5d6123571c4f4e5cb365ed1f2f6453f6,5,weighted,"[100, 80, 65, 55, 50]",0,0.0,1
720,f888582a9e324a639852992392b5a0cf,5,weighted,"[100, 80, 65, 55, 50]",0,0.0,0
721,6eeccb736c5f4d72944f4c46e4859c9d,5,weighted,"[100, 80, 65, 55, 50]",0,0.3333333333333333,1
722,8cd035648dd64edb912f01d1b01e6b89,5,weighted,"[100, 80, 65, 55, 50]",0,0.0,0
723,7b190c41b59249bcab29c887d579bb26,5,weighted,"[100, 80, 65, 55, 50]",1,1.0,1
724,aee9e1f69d5048c2a687b4a5acc056be,5,weighted,"[100, 80, 65, 55, 50]",0,0.5714285714285715,1
725,3e5332718ede4bcb99b7c336ff05b9dd,5,weighted,"[100, 80, 65, 55, 50]",1,1.0,1
726,d974393cef5d43e791127eaed8ddb259,5,weighted,"[100, 80, 65, 55, 50]",1,1.0,1
727,1cc48ae35d6a4676a0823fdf2550f2ea,5,weighted,"[100, 80, 65, 55, 50]",0,0.0,0
728,21532189e740426194a08808390eb2b4,5,weighted,"[100, 80, 65, 55, 50]",0,0.0,0
729,64fee0d345024f42864a361022475420,5,weighted,"[100, 80, 65, 55, 50]",1,1.0,1
730,e4533ea2a1404bc285933f7355d58203,5,weighted,"[100, 80, 65, 55, 50]",0,0.0,0
731,a23bfc2ed0ea4b19b736c30f73f7e406,5,weighted,"[100, 80, 65, 55, 50]",0,0.0,0
732,7ca689bb9bd94572af15fb45f2257266,5,weighted,"[100, 80, 65, 55, 50]",0,0.0,1
733,311ea5e6c28d46ecb378b855eb0ffe59,5,weighted,"[100, 80, 65, 55, 50]",0,0.0,1
734,12cc92d88fd24d6697009b061d1769c2,5,weighted,"[100, 80, 65, 55, 50]",1,1.0,1
735,beefda6210c047899b54a61290a9837c,5,weighted,"[100, 80, 65, 55, 50]",0,0.8,1
736,928e2cc022da44a4893b47a7fa37e1c6,5,weighted,"[100, 80, 65, 55, 50]",0,0.0,1
737,241efa1cac394ac983b144420a13a162,5,weighted,"[100, 80, 65, 55, 50]",1,1.0,1
738,1c67f7f0037b4ab1bb510cba499d11a4,5,weighted,"[100, 80, 65, 55, 50]",0,0.0,1
739,f687cfbb7bec408799b8b6f8285b5608,5,weighted,"[100, 80, 65, 55, 50]",0,0.0,1
740,2e613fb291864bdd8a0198c5df5ae238,5,weighted,"[100, 80, 65, 55, 50]",0,0.0,0
741,f5b7236c16734b2388cf37cfd5cbf27b,5,weighted,"[100, 80, 65, 55, 50]",1,1.0,1
742,3a1ba8b914d141eaac80d5de56ed0114,5,weighted,"[100, 80, 65, 55, 50]",0,0.0,0
743,671b2208301e460ba1fa588e350b82d6,5,weighted,"[100, 80, 65, 55, 50]",0,0.0,1
744,388dcae5aa9248318cd8d493a4c3519b,5,weighted,"[100, 80, 65, 55, 50]",1,1.0,1
745,2fcab3f4f6484d8992a6c2aa67aeec69,5,weighted,"[100, 80, 65, 55, 50]",0,0.0625,1
746,d0bae44433814b2da5d10519d7ea3695,5,weighted,"[100, 80, 65, 55, 50]",1,1.0,1
747,6c60d0e46b4a49068acd95570c520c6f,5,weighted,"[100, 80, 65, 55, 50]",1,1.0,1
748,2a8e2d0e16d64cc2a03180e7dfb8d745,5,weighted,"[100, 80, 65, 55, 50]",0,0.6666666666666666,0
749,6489bd7df2d04a8aa23561eaed38c793,5,weighted,"[100, 80, 65, 55, 50]",0,0.0,1
750,6082452e7aeb4e828079e15ab4e7a9a9,5,weighted,"[100, 80, 65, 55, 50]",0,0.0,0
751,fc16e9799a154e94b2bcade2e9eacd72,5,weighted,"[100, 80, 65, 55, 50]",0,0.0,1
752,17a72d69d7fd4e2fb9c562451e5434ef,5,weighted,"[100, 80, 65, 55, 50]",1,1.0,1
753,755056d3d07940929387e2e7e76f4acf,5,weighted,"[100, 80, 65, 55, 50]",0,0.0,0
754,cbef062d89b944c5acd16f892a79611c,5,weighted,"[100, 80, 65, 55, 50]",0,0.0,1
755,a8ec79c66e284a45a63c7dcdcf4f9064,5,weighted,"[100, 80, 65, 55, 50]",0,0.0,1
756,6803dc0693214791b3058a87480b15d6,5,weighted,"[100, 80, 65, 55, 50]",0,0.13333333333333333,1
757,733d2fd24b0b40f7ba5f0edaed20cca9,5,weighted,"[100, 80, 65, 55, 50]",0,0.09090909090909091,1
758,5a154a6b5c364e79b30a1bd2c9e47e0c,5,weighted,"[100, 80, 65, 55, 50]",0,0.0,0
759,dc1fb48848df419fba9692dffef22844,5,weighted,"[100, 80, 65, 55, 50]",0,0.0,0
760,581d677951c7404d922d56e144504b82,5,weighted,"[100, 80, 65, 55, 50]",1,1.0,1
761,3f24c1ba50b04f8493f8663fd779846e,5,weighted,"[100, 80, 65, 55, 50]",0,0.0,0
762,a10d412bc874427b9f8df9a729c686a8,5,weighted,"[100, 80, 65, 55, 50]",0,0.0,0
763,99a7d09d04634cc08435d1e4bde155b5,5,weighted,"[100, 80, 65, 55, 50]",0,0.0,0
764,5544aab55fe744fab13706c13fcb4f96,5,weighted,"[100, 80, 65, 55, 50]",0,0.0,1
765,412a163387474317b4eb02196506d1f4,5,weighted,"[100, 80, 65, 55, 50]",0,0.047619047619047616,1
766,a1c71fcc9f6a468c9468d13d69e711a7,5,weighted,"[100, 80, 65, 55, 50]",0,0.0,0
767,3287651f8746453ba1943191b85095a9,5,weighted,"[100, 80, 65, 55, 50]",0,0.0,1
768,e2d0189ba8fd449889044fecb68c28b2,5,weighted,"[100, 80, 65, 55, 50]",0,0.0,1
769,567c70fec2634f439e055ef5fb30135d,5,weighted,"[100, 80, 65, 55, 50]",0,0.0,0
770,febb62323b274b678dc47bb096688f4c,5,weighted,"[100, 80, 65, 55, 50]",0,0.0,1
771,e08b24a8d41544e38f2489b4e32e2764,5,weighted,"[100, 80, 65, 55, 50]",0,0.0,1
772,ecd82d14cb3e4e28b8307e44f4784ff5,5,weighted,"[100, 80, 65, 55, 50]",0,0.0,1
773,a0b2f384132d475d9b375afdc5343fb2,5,weighted,"[100, 80, 65, 55, 50]",0,0.0,1
774,1703025033a448048d6f688f9321e2a2,5,weighted,"[100, 80, 65, 55, 50]",1,1.0,1
775,6c8c2af2e7b14a84acf550c9253961d8,5,weighted,"[100, 80, 65, 55, 50]",0,0.0,0
776,6368dd06f186478dae5ba3271569ef66,5,weighted,"[100, 80, 65, 55, 50]",0,0.1,0
777,019a54c5394847ec81325e8bdaf8355f,5,weighted,"[100, 80, 65, 55, 50]",0,0.0,0
778,4ae06e8228ca4ca89224a8598de5e6d9,5,weighted,"[100, 80, 65, 55, 50]",0,0.0,0
779,8ff3ddfe7f3a41e294a831e452189dd5,5,weighted,"[100, 80, 65, 55, 50]",0,0.0,0
780,52f45355af90482cb6a950e995783d4b,5,weighted,"[100, 80, 65, 55, 50]",0,0.0,0
781,b455ff336ebe403e896b9be3465811f7,5,weighted,"[100, 80, 65, 55, 50]",1,1.0,1
782,fef91dcc799042b59201fc0f963a8b17,5,weighted,"[100, 80, 65, 55, 50]",0,0.0,0
783,a2374c9022504b94b1a832c91ab535fe,5,weighted,"[100, 80, 65, 55, 50]",0,0.5,1
784,f1fca269781c4454a9fbcf23844c79dd,5,weighted,"[100, 80, 65, 55, 50]",0,0.8,1
785,828c73b72b124615b8ccc1cf1ab1014b,5,weighted,"[100, 80, 65, 55, 50]",1,1.0,1
786,ba9e926ece6b4b6e844f51d0b7b0f056,5,weighted,"[100, 80, 65, 55, 50]",1,1.0,1
787,b6ae22e3a9d04cfbaf6206a39dd062da,5,weighted,"[100, 80, 65, 55, 50]",0,0.5714285714285715,1
788,1b9decbc39c949e8bf28c759dfe4baa2,5,weighted,"[100, 80, 65, 55, 50]",0,0.0,1
789,f5b0c1a6b5824201baa94cf53c56f0c5,5,weighted,"[100, 80, 65, 55, 50]",1,1.0,0
790,1fe12d7bff7a46d79f76ccc655caf66c,5,weighted,"[100, 80, 65, 55, 50]",1,1.0,1
791,3ca19860d31d40d58c3d6018498bbc5e,5,weighted,"[100, 80, 65, 55, 50]",1,1.0,1
792,de7fae20ac624dc9af5949d97f30a79a,5,weighted,"[100, 80, 65, 55, 50]",0,0.28571428571428575,1
793,d9d30d695b524637976deff70f6a7afd,5,weighted,"[100, 80, 65, 55, 50]",0,0.888888888888889,1
794,8be91aa0873e4a4bb89703628089432a,5,weighted,"[100, 80, 65, 55, 50]",1,1.0,1
795,a3ff08899c474fcdaaae2dd2409ec7a0,5,weighted,"[100, 80, 65, 55, 50]",0,0.07547169811320753,1
796,bb1589db33fa4309b9b3f7fb5e4b3480,5,weighted,"[100, 80, 65, 55, 50]",0,0.0,1
797,2d6a236fd6104736bfb0ae4404ee6ea9,5,weighted,"[100, 80, 65, 55, 50]",0,0.6666666666666666,1
798,9c4719555e46425496a22559eff66115,5,weighted,"[100, 80, 65, 55, 50]",0,0.0,0
799,3a63e60b8ef140d28f31325f8211cb10,5,weighted,"[100, 80, 65, 55, 50]",0,0.0,0
800,93447ee40a954604bc8e1c926079b785,5,weighted,"[100, 80, 65, 55, 50]",0,0.0,1
801,aa55b1829c9c41e28f3998d32da669ec,5,weighted,"[100, 80, 65, 55, 50]",0,0.0909090909090909,1
802,6eb7f187d8aa4f319e63ad269404dab2,5,weighted,"[100, 80, 65, 55, 50]",0,0.13043478260869565,1
803,67a58f5e2ff7455f8807463f414f9b99,5,weighted,"[100, 80, 65, 55, 50]",0,0.0,1
804,d62824da543e474da60ae07308009055,5,weighted,"[100, 80, 65, 55, 50]",0,0.0,0
805,b3d58c3cb86044e1ac53ac99a0246d3b,5,weighted,"[100, 80, 65, 55, 50]",0,0.0,1
806,6973eb89fb1441328fc7a79248c2a0ec,5,weighted,"[100, 80, 65, 55, 50]",0,0.0,0
807,dca240ce71894a9798451f919b5d9df0,5,weighted,"[100, 80, 65, 55, 50]",0,0.0,1
808,b0d95637bcb44afb96457d3053631d5f,5,weighted,"[100, 80, 65, 55, 50]",1,1.0,1
809,8de2ee8d56464a9d971fdae65ae0f72b,5,weighted,"[100, 80, 65, 55, 50]",0,0.0,1
810,83966e58471549e2adc73c25f58c846b,5,weighted,"[100, 80, 65, 55, 50]",0,0.0,0
811,bb0d3b5086f845df8acfbf503fa4c2ff,5,weighted,"[100, 80, 65, 55, 50]",0,0.0,1
812,706ce26401d54a5d94687fb541f7350c,5,weighted,"[100, 80, 65, 55, 50]",0,0.05555555555555556,1
813,bf72c01037194351b8d906e8e8c4c0cc,5,weighted,"[100, 80, 65, 55, 50]",0,0.0,0
814,afa333ac95d848f0a60cde4f10d6e261,5,weighted,"[100, 80, 65, 55, 50]",0,0.0,0
815,41d5a6d229964b50b3c73d5bc9a5d1fa,5,weighted,"[100, 80, 65, 55, 50]",0,0.0,1
816,b94b8e734c3b40eaba7291c227e2edb7,5,weighted,"[100, 80, 65, 55, 50]",0,0.0,1
817,786765cfe8b44449af887152402aaa29,5,weighted,"[100, 80, 65, 55, 50]",0,0.0,1
818,031cc546d2904282a49ea01dcfa886c8,5,weighted,"[100, 80, 65, 55, 50]",0,0.0,0
819,9759378e0cc44a1c839214bdaa26612d,5,weighted,"[100, 80, 65, 55, 50]",0,0.5,1
820,963f7654e83b425bbeadf56527740ba0,5,weighted,"[100, 80, 65, 55, 50]",0,0.0,0
821,4fed7ee44ec9407ebf2f05e33d2f6d54,5,weighted,"[100, 80, 65, 55, 50]",0,0.0,0
822,e75dd8d226914bd9b9070a34d57ff0c9,5,weighted,"[100, 80, 65, 55, 50]",0,0.0,1
823,92216f1e211c4ddf968b958588255feb,5,weighted,"[100, 80, 65, 55, 50]",0,0.21052631578947367,0
824,fc9ff2ab888d45b79fa4959911c65e59,5,weighted,"[100, 80, 65, 55, 50]",0,0.0,1
825,dadbf5853ac746239f484a0c7ff02245,5,weighted,"[100, 80, 65, 55, 50]",0,0.0,1
826,b4e39f9e15734b6a82739950c34aa8ee,5,weighted,"[100, 80, 65, 55, 50]",0,0.0,1
827,5ed1ab8a035e44ec9200692431509884,5,weighted,"[100, 80, 65, 55, 50]",0,0.09523809523809523,0
828,2bffb804aab041ee9605adbff83fe141,5,weighted,"[100, 80, 65, 55, 50]",0,0.0,0
829,ba4602ee540d4fcfb52af541b3e7dfd8,5,weighted,"[100, 80, 65, 55, 50]",0,0.0,1
830,45a6d0b6364d49129a59f0a062a2f9a8,5,weighted,"[100, 80, 65, 55, 50]",0,0.0,1
831,199178bd55f849279f0e163c691d0903,5,weighted,"[100, 80, 65, 55, 50]",1,1.0,1
832,745c742fa8d94abe88d1330cd4cdae1d,5,weighted,"[100, 80, 65, 55, 50]",0,0.0,1
833,13c7ec87c0324be5bee05d51772027c5,5,weighted,"[100, 80, 65, 55, 50]",0,0.4,1
834,2f82125c096845fc8b5fc65418c486aa,5,weighted,"[100, 80, 65, 55, 50]",0,0.0,1
835,6c8e1e1b56bc4eb5b99b83ce6c5f3afd,5,weighted,"[100, 80, 65, 55, 50]",1,1.0,1
836,d37cc022c8344772b7d7261033a37c29,5,weighted,"[100, 80, 65, 55, 50]",0,0.4827586206896552,1
837,c034e68af36c41d79e0782c060d7acbd,5,weighted,"[100, 80, 65, 55, 50]",0,0.6666666666666666,1
838,0986a62e4b4b48be90e2c9172a5b9617,5,weighted,"[100, 80, 65, 55, 50]",0,0.12121212121212122,1
839,69bda7a3b8cb4e2baecd4fedbe7458ce,5,weighted,"[100, 80, 65, 55, 50]",0,0.0606060606060606,1
840,144e38b6eea047c99e7ec1d8dbb6cbbc,5,weighted,"[100, 80, 65, 55, 50]",0,0.0,1
841,3cb0174eaaf54d35878f92077740136c,5,weighted,"[100, 80, 65, 55, 50]",0,0.0,0
842,e53753e6f784486091c8dce069d90994,5,weighted,"[100, 80, 65, 55, 50]",0,0.0,1
843,6d34f597fdc54dd2aa1a8a9e32e596cb,5,weighted,"[100, 80, 65, 55, 50]",0,0.0,1
844,dbc0bbc541124ed0843db76f2e3a1581,5,weighted,"[100, 80, 65, 55, 50]",0,0.0,1
845,7f00e9c077324f689c8b0746c6381e0e,5,weighted,"[100, 80, 65, 55, 50]",0,0.34782608695652173,1
846,bb720c2091ee4a94a85eb81aa5a7acc3,5,weighted,"[100, 80, 65, 55, 50]",0,0.0,0
847,aecbba5c017943a79d643d0cc71e57b7,5,weighted,"[100, 80, 65, 55, 50]",1,1.0,1
848,a04a4431e605471480fb64662b38504d,5,weighted,"[100, 80, 65, 55, 50]",0,0.0,0
849,60bbae0fbec24bf2a8de8ac0b7076b24,5,weighted,"[100, 80, 65, 55, 50]",0,0.0,1
850,f20bdc9681624087af1dda063b3a6945,5,weighted,"[100, 80, 65, 55, 50]",0,0.0,1
851,0161b1de8e9944f58ba3663305c9759a,5,weighted,"[100, 80, 65, 55, 50]",0,0.6666666666666666,1
852,33ad75a283674ce5a8178438d8739810,5,weighted,"[100, 80, 65, 55, 50]",0,0.45161290322580644,1
853,3de977d9d8c142c79231c332dad7cfdf,5,weighted,"[100, 80, 65, 55, 50]",0,0.0,1
854,42fb458e399b41f9b78a83d4b30d27b0,5,weighted,"[100, 80, 65, 55, 50]",0,0.12121212121212122,0
855,96b2b16f84e8465d9de71f9fa9718941,5,weighted,"[100, 80, 65, 55, 50]",0,0.0,1
856,68d323c49f9740abbda05876aebfd5d7,5,weighted,"[100, 80, 65, 55, 50]",1,1.0,1
857,415c375731994f69a116e415444abd99,5,weighted,"[100, 80, 65, 55, 50]",0,0.06896551724137931,1
858,9fb85b5dcad34ba497f04a41616f6d0c,5,weighted,"[100, 80, 65, 55, 50]",0,0.0,0
859,40d56efbcf5041ff9ab958e865e63171,5,weighted,"[100, 80, 65, 55, 50]",1,1.0,1
860,16d87b6d44b74c9d9c705b0471dcb4b2,5,weighted,"[100, 80, 65, 55, 50]",0,0.0,0
861,1082fd6599c245bba88c6c46ce86eef8,5,weighted,"[100, 80, 65, 55, 50]",0,0.0,0
862,d316c97abd1e4815a14a66b9b76df881,5,weighted,"[100, 80, 65, 55, 50]",0,0.0,1
863,160bd2f1f99b4697a5945323087874cb,5,weighted,"[100, 80, 65, 55, 50]",0,0.0,1
864,703c1f0b768d4732afa9e6a5a2d05091,5,weighted,"[100, 80, 65, 55, 50]",0,0.0,0
865,85ff90e4fd9c4c8790b6414520150e51,5,weighted,"[100, 80, 65, 55, 50]",0,0.08695652173913043,1
866,7c34ec6a706d4aaf96e4f3356fe2da7c,5,weighted,"[100, 80, 65, 55, 50]",0,0.0,1
867,6f811a0a4db94a648917355fabbd40ae,5,weighted,"[100, 80, 65, 55, 50]",1,1.0,1
868,48e5d37aaea9404a891d01584e699f18,5,weighted,"[100, 80, 65, 55, 50]",1,1.0,1
869,3e8a38a0b3e64f809e791704ac768b95,5,weighted,"[100, 80, 65, 55, 50]",0,0.0,0
870,1b454ee0cee8452986cf0b57342e8534,5,weighted,"[100, 80, 65, 55, 50]",0,0.0,1
871,893449002d894f7695b2a32aa7713cb5,5,weighted,"[100, 80, 65, 55, 50]",0,0.05714285714285715,1
872,1405700ba6ce4058a4fa68e3c3d680e3,5,weighted,"[100, 80, 65, 55, 50]",1,1.0,1
873,5579074640614bacbdd03ed34a3ddf08,5,weighted,"[100, 80, 65, 55, 50]",0,0.0,1
874,09553563f3b94bfd88d2887043744b77,5,weighted,"[100, 80, 65, 55, 50]",1,1.0,1
875,ed00bbd0da8841fa9bb15f15859a9876,5,weighted,"[100, 80, 65, 55, 50]",0,0.0,1
876,6dd10f33c4f8423080bdcf84c8a01ef1,5,weighted,"[100, 80, 65, 55, 50]",0,0.07142857142857142,0
877,959464bf0c7c44ba8f2b21448867e4ad,5,weighted,"[100, 80, 65, 55, 50]",0,0.0,0
878,bf7fc80bf1024d73b6f5cea672696789,5,weighted,"[100, 80, 65, 55, 50]",0,0.0,1
879,06631314756e4d9fa7eb5f040d4d9da4,5,weighted,"[100, 80, 65, 55, 50]",0,0.6666666666666666,1
880,1d9dc72255774f95b5e274139d8ea9bd,5,weighted,"[100, 80, 65, 55, 50]",0,0.0,1
881,eb0682a6d1694acf886b84a407d68416,5,weighted,"[100, 80, 65, 55, 50]",0,0.05714285714285715,1
882,94b1187d3e5c4282983df4ab44d3d46b,5,weighted,"[100, 80, 65, 55, 50]",0,0.17391304347826084,1
883,50b4c8f6f61a48c289fff1e90d3c1c68,5,weighted,"[100, 80, 65, 55, 50]",0,0.14285714285714288,1
884,8c5e2893db634635891ae6afd30261c4,5,weighted,"[100, 80, 65, 55, 50]",0,0.0,0
885,9eecb36f5cb44bb18d24b6efe6824a06,5,weighted,"[100, 80, 65, 55, 50]",0,0.0,1
886,25223706065646aebcebc831d267c30d,5,weighted,"[100, 80, 65, 55, 50]",0,0.0,0
887,f97a45e3576644eda7c95849e50babef,5,weighted,"[100, 80, 65, 55, 50]",0,0.0,1
888,08aee7c44c404089b766cbe0fa2d55f5,5,weighted,"[100, 80, 65, 55, 50]",0,0.0,1
889,6d1b542705c74dfcb9ca889be8fc5c82,5,weighted,"[100, 80, 65, 55, 50]",0,0.0,0
890,8ce493334e064c2f97343909d7ddb91e,5,weighted,"[100, 80, 65, 55, 50]",0,0.3846153846153846,1
891,eb6590ce2f134b889d853696a1519eca,5,weighted,"[100, 80, 65, 55, 50]",0,0.0625,1
892,b5ada864c0934f8b98d919dae0bcec35,5,weighted,"[100, 80, 65, 55, 50]",1,1.0,1
893,73d58decb36a470e91d5491834972a95,5,weighted,"[100, 80, 65, 55, 50]",0,0.0,1
894,7d08f62337054caa8e0104c19a653158,5,weighted,"[100, 80, 65, 55, 50]",0,0.0,1
895,7a24d5cc2a8f44819ca35879d229e8bc,5,weighted,"[100, 80, 65, 55, 50]",0,0.0,0
896,97034e6a207f4a238a49bf7babb932e9,5,weighted,"[100, 80, 65, 55, 50]",0,0.15384615384615385,1
897,d0ef3a30427c4d66a516feb413c6b262,5,weighted,"[100, 80, 65, 55, 50]",0,0.21428571428571425,1
898,59cca53e121949e39742ee34a89cffab,5,weighted,"[100, 80, 65, 55, 50]",0,0.0,1
899,a645bb94c6194b119832d8e395b47a0c,5,weighted,"[100, 80, 65, 55, 50]",0,0.0,0
900,9e32a1d3fd11455280d3aecde908c2e6,5,weighted,"[100, 80, 65, 55, 50]",0,0.14285714285714288,0
901,7d7537366071415381b140fc2d6bd90b,5,weighted,"[100, 80, 65, 55, 50]",0,0.047619047619047616,1
902,46f896a31c254fb2bf5b68c060edb437,5,weighted,"[100, 80, 65, 55, 50]",0,0.0,1
903,2cda8c267a624be184e87b1d2cd0b05c,5,weighted,"[100, 80, 65, 55, 50]",0,0.0,0
904,3febc40bd3ee4d4e9226aa424b60123c,5,weighted,"[100, 80, 65, 55, 50]",0,0.0,1
905,dfc54f2afa2849f4a1d9d7095fa37f8d,5,weighted,"[100, 80, 65, 55, 50]",0,0.0,0
906,57f26f2947864f429083b603d80000aa,5,weighted,"[100, 80, 65, 55, 50]",0,0.0,1
907,3e1bed5b98f248738744f4c55f0e6d06,5,weighted,"[100, 80, 65, 55, 50]",0,0.0,1
908,6d36da6f7d6c4ae898960241cc99cd4c,5,weighted,"[100, 80, 65, 55, 50]",0,0.0,1
909,82f2a270b951424e82df7540c14072d3,5,weighted,"[100, 80, 65, 55, 50]",0,0.0,0
910,059055bc2ed24376a2667ee2496aeb0c,5,weighted,"[100, 80, 65, 55, 50]",1,1.0,1
911,328dfae8a432499e91c71bad92e2bd79,5,weighted,"[100, 80, 65, 55, 50]",0,0.0,1
912,3555cf721db54ce6a35be172f4f0213c,5,weighted,"[100, 80, 65, 55, 50]",1,1.0,1
913,6905efa62e924f7c9960bc701d1025bb,5,weighted,"[100, 80, 65, 55, 50]",1,1.0,1
914,edd8922fe3ec43be851dee74c97ea861,5,weighted,"[100, 80, 65, 55, 50]",0,0.0,0
915,3f5b923f78d642ebb61f535595115ceb,5,weighted,"[100, 80, 65, 55, 50]",0,0.0,1
916,644155df8e7446718cc1d9ca4d2f4c05,5,weighted,"[100, 80, 65, 55, 50]",0,0.0,1
917,f1cd28d437e44ac586e3494371c55ff1,5,weighted,"[100, 80, 65, 55, 50]",0,0.2222222222222222,1
918,b8b75f189ac042c9a664c7bc13bcb936,5,weighted,"[100, 80, 65, 55, 50]",0,0.0,0
919,1cdeb2b345c247bfb083ab363bebd64c,5,weighted,"[100, 80, 65, 55, 50]",1,1.0,1
920,930d23fe662b49d4bb01a291e8a6ad98,5,weighted,"[100, 80, 65, 55, 50]",0,0.0,1
921,46414d4b1b7a4838987e3ee887a448bb,5,weighted,"[100, 80, 65, 55, 50]",0,0.0,0
922,fdc90f6593464af6b65c2f38b2c814c6,5,weighted,"[100, 80, 65, 55, 50]",1,1.0,1
923,e6cad506fcab4d979e90f4a9176b1408,5,weighted,"[100, 80, 65, 55, 50]",0,0.0,1
924,72a4722fda5f436e81437aea9042aaa8,5,weighted,"[100, 80, 65, 55, 50]",0,0.0,1
925,76ed5aaaa5bb47d7923d45360b3332ec,5,weighted,"[100, 80, 65, 55, 50]",0,0.0,1
926,33d1e51367a3481086b0b8206010e16c,5,weighted,"[100, 80, 65, 55, 50]",0,0.0,1
927,d1f6974f4b8f4a189e64cdf36c986df7,5,weighted,"[100, 80, 65, 55, 50]",0,0.28571428571428575,1
928,57351304b16347d58b309e84d19b79aa,5,weighted,"[100, 80, 65, 55, 50]",0,0.7499999999999999,1
929,7f022ca089d74d51a4be4625cb6191d5,5,weighted,"[100, 80, 65, 55, 50]",0,0.0,0
930,3c5e3c93b4f04892a42057005a46caaa,5,weighted,"[100, 80, 65, 55, 50]",0,0.0,0
931,f7b2f89be1724a9c86cbcc347b0c4425,5,weighted,"[100, 80, 65, 55, 50]",0,0.0,1
932,2af6e73ac32145e9bb843506ce6c6a61,5,weighted,"[100, 80, 65, 55, 50]",1,1.0,1
933,c4c1471da58b4cf087e179b9b71adef4,5,weighted,"[100, 80, 65, 55, 50]",1,1.0,1
934,1854615c2d334e5aa3a608b90f0547b5,5,weighted,"[100, 80, 65, 55, 50]",1,1.0,1
935,402f5f93e4a04d998cb41298d57b8115,5,weighted,"[100, 80, 65, 55, 50]",1,1.0,1
936,531226f1c86f49a3bee6638692fedd34,5,weighted,"[100, 80, 65, 55, 50]",0,0.0,1
937,23d9c3e938cd4e54a2917488a719b832,5,weighted,"[100, 80, 65, 55, 50]",0,0.0,0
938,d5012bef02214f0c9698b7a828959e39,5,weighted,"[100, 80, 65, 55, 50]",1,1.0,1
939,79d983f421ab4c3e92364b83b7186e99,5,weighted,"[100, 80, 65, 55, 50]",1,1.0,1
940,2e71514053a447d5bbd3f9625420ca43,5,weighted,"[100, 80, 65, 55, 50]",0,0.2857142857142857,1
941,6a420f8f42204d968a137faeb1d73784,5,weighted,"[100, 80, 65, 55, 50]",0,0.0,0
942,2f56933ee8024412b6ef05faf87e7a46,5,weighted,"[100, 80, 65, 55, 50]",0,0.1515151515151515,1
943,ccb81b6865484234ab334d34412a6b35,5,weighted,"[100, 80, 65, 55, 50]",1,1.0,1
944,e33b52e8485c41518aaf76f1048c35e4,5,weighted,"[100, 80, 65, 55, 50]",0,0.0,1
945,29544317d3ab466d8b13e1eac4463c10,5,weighted,"[100, 80, 65, 55, 50]",0,0.0,1
946,b5736ba3b8574e3388b2a5ebccb15b09,5,weighted,"[100, 80, 65, 55, 50]",0,0.0,0
947,7e4328290edf4f2aac9f8988b5079fe1,5,weighted,"[100, 80, 65, 55, 50]",0,0.2857142857142857,1
948,8bff718944c84becbf657952138356fd,5,weighted,"[100, 80, 65, 55, 50]",0,0.0,1
949,c411868fbe054e80b90a12463b2beddd,5,weighted,"[100, 80, 65, 55, 50]",0,0.0,1
950,ead58bae18d04b9c89be6f0bbe3f155f,5,weighted,"[100, 80, 65, 55, 50]",0,0.0,0
951,319e4521a8454f6a908b91d874ce2e08,5,weighted,"[100, 80, 65, 55, 50]",0,0.125,0
952,bc947534038744198b74eab0dc89a6fe,5,weighted,"[100, 80, 65, 55, 50]",0,0.6666666666666666,1
953,aece58a299d84cd88579bca72c73da46,5,weighted,"[100, 80, 65, 55, 50]",0,0.0,0
954,61727044bdac4760964296c822ea1ffa,5,weighted,"[100, 80, 65, 55, 50]",0,0.6666666666666666,1
955,bc61a95b6c25463db3459cd626a11ad0,5,weighted,"[100, 80, 65, 55, 50]",0,0.5263157894736842,1
956,e45fbf36c6d64467b16f13324d22a4c2,5,weighted,"[100, 80, 65, 55, 50]",0,0.3636363636363636,1
957,1e1eb993a1ca4265978c2db209a671b7,5,weighted,"[100, 80, 65, 55, 50]",0,0.0,1
958,f74b173f48654bc9832934834956c10f,5,weighted,"[100, 80, 65, 55, 50]",0,0.0,1
959,30913ce681084f3f8357bef6147fe049,5,weighted,"[100, 80, 65, 55, 50]",0,0.0,1
960,359f8256bb2b4d5589fa81885ef48257,5,weighted,"[100, 80, 65, 55, 50]",0,0.0,1
961,3d531ea0078248ebb3dd503bb338071f,5,weighted,"[100, 80, 65, 55, 50]",0,0.03921568627450981,1
962,a9dff945426841f8b37069eefd82297b,5,weighted,"[100, 80, 65, 55, 50]",0,0.0,1
963,aa9daba7638b4fa9b1472bb648fe964e,5,weighted,"[100, 80, 65, 55, 50]",0,0.0,1
964,dd66178403e8487382fdc1b84bb2881c,5,weighted,"[100, 80, 65, 55, 50]",0,0.0,0
965,c9bcb9b8a8ba42f5bfd2538b4925a3ac,5,weighted,"[100, 80, 65, 55, 50]",0,0.0,1
966,a14a2ea82a1544a19f7c45cbf7f82f6e,5,weighted,"[100, 80, 65, 55, 50]",0,0.8,1
967,fb2d1f54601e4f89be70d07393db45f4,5,weighted,"[100, 80, 65, 55, 50]",0,0.5714285714285715,1
968,b83b50ae80c3463aa27b05bb0bf4b493,5,weighted,"[100, 80, 65, 55, 50]",0,0.0,0
969,26c180c03a734a1aaee4138be308a078,5,weighted,"[100, 80, 65, 55, 50]",0,0.06451612903225806,1
970,273733b869b741a7b9667927ea701789,5,weighted,"[100, 80, 65, 55, 50]",0,0.0,0
971,97cb3c77ddba4ab9ae6bfdc00eb09c42,5,weighted,"[100, 80, 65, 55, 50]",0,0.0,1
972,08473edda228492e9cfe9b6583977e50,5,weighted,"[100, 80, 65, 55, 50]",0,0.0,1
973,6d5eb886bc37490aa1854938f9b36903,5,weighted,"[100, 80, 65, 55, 50]",0,0.0,0
974,e0ce4da6cbfe4f26b945f5555901e5c5,5,weighted,"[100, 80, 65, 55, 50]",0,0.0,0
975,f002078c2ea2435db1e405606b820e19,5,weighted,"[100, 80, 65, 55, 50]",0,0.0,1
976,441f524567e9477a9b0d07f4a0907622,5,weighted,"[100, 80, 65, 55, 50]",1,1.0,1
977,60dd6a100f3b42598ab0d32f254b1662,5,weighted,"[100, 80, 65, 55, 50]",0,0.08333333333333333,0
978,873ea1af23e548efb10a54c97edcdb6b,5,weighted,"[100, 80, 65, 55, 50]",0,0.0,1
979,3e1d564bb5eb4b1ba37db917c472a566,5,weighted,"[100, 80, 65, 55, 50]",1,1.0,1
980,04676862004644f18aa94ff54107047c,5,weighted,"[100, 80, 65, 55, 50]",0,0.09090909090909093,0
981,116e002d700e4d349581f1a4937dfba8,5,weighted,"[100, 80, 65, 55, 50]",0,0.0,0
982,283c5867606b46258127fa5fed7cf62d,5,weighted,"[100, 80, 65, 55, 50]",0,0.0,1
983,171414c078ce452d9374be8989aa0147,5,weighted,"[100, 80, 65, 55, 50]",0,0.0,0
984,a2643b6d7fe94e54bb74da276f0a4646,5,weighted,"[100, 80, 65, 55, 50]",1,1.0,1
985,342cb6f69f6449318f4c4e5385f954fd,5,weighted,"[100, 80, 65, 55, 50]",0,0.0,1
986,e3fe3ef5daa6485a8a3f91dfccc9d797,5,weighted,"[100, 80, 65, 55, 50]",0,0.0,1
987,6071cc99d5744a17814ad38e72b53f3b,5,weighted,"[100, 80, 65, 55, 50]",0,0.0,0
988,d5f0273d41ad45ab9a9819cb49e29b02,5,weighted,"[100, 80, 65, 55, 50]",0,0.0,1
989,d1b4f5f6d643456aad1526324d39c259,5,weighted,"[100, 80, 65, 55, 50]",0,0.0,1
990,62747a42a9074e7da75c495cc4daca38,5,weighted,"[100, 80, 65, 55, 50]",0,0.6666666666666666,1
991,5d464ecc16894c0cbc33ed95ac502289,5,weighted,"[100, 80, 65, 55, 50]",1,1.0,1
992,e5fb043f8b0245f2acc78136af1bb5dd,5,weighted,"[100, 80, 65, 55, 50]",0,0.6666666666666666,1
993,53278976c290499ab7f1decb9f7bf6a2,5,weighted,"[100, 80, 65, 55, 50]",0,0.04878048780487805,1
994,7889488ae4d3460bafe900d6917b650e,5,weighted,"[100, 80, 65, 55, 50]",0,0.0,1
995,91ef74a5a47a442aaa5af41b3d564051,5,weighted,"[100, 80, 65, 55, 50]",0,0.0,1
996,3e83d3398a8a4e26a98fab7f85c8cb59,5,weighted,"[100, 80, 65, 55, 50]",0,0.0,1
997,20e0dcefdff242ebb51ce89c34182814,5,weighted,"[100, 80, 65, 55, 50]",0,0.16666666666666666,0
998,7e7a5a32f59b49ccacc7c1408799a32a,5,weighted,"[100, 80, 65, 55, 50]",0,0.0,1
999,a3ac333098d74ad7acf2d20bbc261c9b,5,weighted,"[100, 80, 65, 55, 50]",0,0.3333333333333333,1
0,728220fe1b5f4ce886273ec524c6972b,5,top_heavy,"[150, 80, 50, 40, 30]",1,1.0,1
1,c89d1c366c274f6e8d233be688759386,5,top_heavy,"[150, 80, 50, 40, 30]",0,0.0,1
2,644d4774db194bb0b491e58deff0fe6c,5,top_heavy,"[150, 80, 50, 40, 30]",0,0.0,1
3,b7648c8b476e4482a7fa9a8d4584c551,5,top_heavy,"[150, 80, 50, 40, 30]",0,0.5,1
4,362b90d2f2de47e1a0d9be76d1383cd5,5,top_heavy,"[150, 80, 50, 40, 30]",0,0.10526315789473685,1
5,e365fba82bca48ad8b9ec4fbac8bd3b7,5,top_heavy,"[150, 80, 50, 40, 30]",0,0.4444444444444445,1
6,56a527cc368e4b10ac88117b33ab6370,5,top_heavy,"[150, 80, 50, 40, 30]",0,0.09090909090909091,0
7,ef7ff14fda8347479995319185ade05f,5,top_heavy,"[150, 80, 50, 40, 30]",1,1.0,1
8,e7abf6763c7d425c8577ed893a0cd182,5,top_heavy,"[150, 80, 50, 40, 30]",0,0.0,1
9,08b8fd7f109845eda0ffb6868479f8c2,5,top_heavy,"[150, 80, 50, 40, 30]",0,0.0,0
10,ddc318071f01453ab87ceebe18062971,5,top_heavy,"[150, 80, 50, 40, 30]",0,0.0,1
11,b33e0d818b364b87878b747b09987f28,5,top_heavy,"[150, 80, 50, 40, 30]",0,0.1111111111111111,1
12,629ca0ba60d84e678789916c527e5e74,5,top_heavy,"[150, 80, 50, 40, 30]",0,0.0,1
13,dc5438680eeb4547b962a6d05a58125d,5,top_heavy,"[150, 80, 50, 40, 30]",0,0.0,1
14,2ea97cfbe22340cdabec8b67b75b0f0e,5,top_heavy,"[150, 80, 50, 40, 30]",1,1.0,1
15,dc27edf1253345dabb1ae19ef7d8a829,5,top_heavy,"[150, 80, 50, 40, 30]",0,0.0,1
16,c3ec8eaa57d0418da0c66d7ad83761b3,5,top_heavy,"[150, 80, 50, 40, 30]",0,0.11764705882352941,1
17,f22c94617c404f388ea469654e9a580f,5,top_heavy,"[150, 80, 50, 40, 30]",0,0.2857142857142857,1
18,2c9d87584b86413d86f28eb40a1af7cf,5,top_heavy,"[150, 80, 50, 40, 30]",1,1.0,1
19,49af423e020444c999bdbdaa7cc573bd,5,top_heavy,"[150, 80, 50, 40, 30]",0,0.0,1
20,a2f796f7536947518cb11c541c564c83,5,top_heavy,"[150, 80, 50, 40, 30]",0,0.0,1
21,70ff5cd057104a24a7de546f6a0a93e2,5,top_heavy,"[150, 80, 50, 40, 30]",1,1.0,1
22,bb0bceec8bca491db5c90c3962960eea,5,top_heavy,"[150, 80, 50, 40, 30]",0,0.28571428571428575,1
23,4790b60660da497bb390ed9bc5996973,5,top_heavy,"[150, 80, 50, 40, 30]",0,0.0,1
24,092f821b8fd243efb2bfd2f200cb99ee,5,top_heavy,"[150, 80, 50, 40, 30]",0,0.0,0
25,e21128d6906243a58807600c9e0744b4,5,top_heavy,"[150, 80, 50, 40, 30]",0,0.10526315789473684,0
26,b612d7f272cd452dab8379571e41f3dd,5,top_heavy,"[150, 80, 50, 40, 30]",1,1.0,1
27,40f708bf9a744a90b62edfb3b44ad9cf,5,top_heavy,"[150, 80, 50, 40, 30]",0,0.0,0
28,b5b3c4c6f37c4de3907df3b82c13a2d7,5,top_heavy,"[150, 80, 50, 40, 30]",0,0.0,1
29,ebe6da22787d42bab5690387505c2674,5,top_heavy,"[150, 80, 50, 40, 30]",0,0.0,0
30,74953752801446a2abe6b330ce63c179,5,top_heavy,"[150, 80, 50, 40, 30]",0,0.0,0
31,ed2ba8953b6a49bb8f961969603a956f,5,top_heavy,"[150, 80, 50, 40, 30]",1,1.0,1
32,d468e9a904314a5a92582bcfcc7b7635,5,top_heavy,"[150, 80, 50, 40, 30]",0,0.0,1
33,59c97e698fe0492890ba2dec20b8ff97,5,top_heavy,"[150, 80, 50, 40, 30]",0,0.0,0
34,c00bac5c39534761b85d1adeea7bdd23,5,top_heavy,"[150, 80, 50, 40, 30]",1,1.0,1
35,625274d8050f451ebd131104306237c1,5,top_heavy,"[150, 80, 50, 40, 30]",0,0.13793103448275862,1
36,64215d84427e4d709e2914e76df055c5,5,top_heavy,"[150, 80, 50, 40, 30]",0,0.0,1
37,5464eecea5074ee49a1f281e3855f2d1,5,top_heavy,"[150, 80, 50, 40, 30]",0,0.6153846153846154,1
38,f4e61efd586744d9941da1aea777b7d7,5,top_heavy,"[150, 80, 50, 40, 30]",0,0.0,1
39,e89b8741115d4a248603dde70032bccd,5,top_heavy,"[150, 80, 50, 40, 30]",1,1.0,1
40,4dd31c6180e64c4eb59983819779cf2c,5,top_heavy,"[150, 80, 50, 40, 30]",0,0.6666666666666666,1
41,1bf26f3035ec45e5874eb0de76a8d903,5,top_heavy,"[150, 80, 50, 40, 30]",0,0.09523809523809522,1
42,f86df4ac102d4a058ac5a346fed44de9,5,top_heavy,"[150, 80, 50, 40, 30]",0,0.0,1
43,ace17f51ddc44d7db28c05c44bc5d658,5,top_heavy,"[150, 80, 50, 40, 30]",1,1.0,1
44,e2c278dfb89b444389ac7fa574c14697,5,top_heavy,"[150, 80, 50, 40, 30]",0,0.0,1
45,9b01a7aac7fb40979eccbed5da004372,5,top_heavy,"[150, 80, 50, 40, 30]",0,0.0,0
46,6778d6c630a84294a6dd81fbfabf9177,5,top_heavy,"[150, 80, 50, 40, 30]",0,0.0,0
47,35190f405eb4417497a797f137fb3f1b,5,top_heavy,"[150, 80, 50, 40, 30]",1,1.0,1
48,a5d866dd01974343ba3475ba0ca2387c,5,top_heavy,"[150, 80, 50, 40, 30]",0,0.6666666666666666,1
49,34a877cef8f4456197484f09d1643e87,5,top_heavy,"[150, 80, 50, 40, 30]",0,0.6666666666666666,1
50,f87ac51d4db74ff7b51a4c5ea00723e8,5,top_heavy,"[150, 80, 50, 40, 30]",0,0.0,0
51,9bb1b01620ea4ed28be3d13447145272,5,top_heavy,"[150, 80, 50, 40, 30]",0,0.0,1
52,68b7a9d693f84289b1d8cca76c5daf3b,5,top_heavy,"[150, 80, 50, 40, 30]",1,1.0,1
53,413339d30cc447a884eb601571769b06,5,top_heavy,"[150, 80, 50, 40, 30]",0,0.0,1
54,b0d97074e304423bab66769456c4890d,5,top_heavy,"[150, 80, 50, 40, 30]",0,0.0,1
55,9827d6f7626d46c188fc893ff0e12fd9,5,top_heavy,"[150, 80, 50, 40, 30]",1,1.0,1
56,3750487af26c40af96cb49550876a52a,5,top_heavy,"[150, 80, 50, 40, 30]",0,0.0,0
57,5010c8ecc7584e2d86bbb2ab8acfa878,5,top_heavy,"[150, 80, 50, 40, 30]",0,0.2,1
58,c5b80b9f943d4bd3b11c84700bff495f,5,top_heavy,"[150, 80, 50, 40, 30]",0,0.0,1
59,7bfe3ee0862a4bdbb5e06b894cfefd29,5,top_heavy,"[150, 80, 50, 40, 30]",0,0.0,1
60,d7f9ec97994d42c3bf9dfc7e853a3d66,5,top_heavy,"[150, 80, 50, 40, 30]",0,0.25,1
61,dc530a1b42fc45af9b9112f391db3504,5,top_heavy,"[150, 80, 50, 40, 30]",0,0.5,1
62,6d8f6111e0f2484f961308f6dc5270b3,5,top_heavy,"[150, 80, 50, 40, 30]",0,0.32,1
63,ef32addb3b9b4c8ab122fd787122a657,5,top_heavy,"[150, 80, 50, 40, 30]",1,1.0,1
64,79e87ee729dd4f40b1492c9d24d26541,5,top_heavy,"[150, 80, 50, 40, 30]",0,0.0,1
65,94b8ba1c855e4789a90cd5692ee3e710,5,top_heavy,"[150, 80, 50, 40, 30]",1,1.0,1
66,7de2c568942c4160a93c7c80f264030f,5,top_heavy,"[150, 80, 50, 40, 30]",0,0.0,0
67,eeef45fe8f664128b6f49991e5695c3e,5,top_heavy,"[150, 80, 50, 40, 30]",0,0.0,0
68,fb575e95e21843f9bc7ab8acdde72ee7,5,top_heavy,"[150, 80, 50, 40, 30]",0,0.09523809523809523,1
69,0ae51cad51b340cb9ce156a667e11a5e,5,top_heavy,"[150, 80, 50, 40, 30]",0,0.0,0
70,2e3e4e90adb64e86bf0e6ccf5499126b,5,top_heavy,"[150, 80, 50, 40, 30]",1,1.0,1
71,8b49dc87c93b45c48eb62e4a0b8ac604,5,top_heavy,"[150, 80, 50, 40, 30]",0,0.2857142857142857,1
72,dafae23b13b148619784124572b26008,5,top_heavy,"[150, 80, 50, 40, 30]",0,0.2857142857142857,1
73,054d98807bed447f896aaa343005bb89,5,top_heavy,"[150, 80, 50, 40, 30]",0,0.6666666666666666,1
74,fee6642b071a46e9b1a005d63b58a98c,5,top_heavy,"[150, 80, 50, 40, 30]",0,0.0,1
75,ae35f52b8069416da505e192383e1cab,5,top_heavy,"[150, 80, 50, 40, 30]",0,0.0,1
76,21976ca866684313b86aa9450c61406c,5,top_heavy,"[150, 80, 50, 40, 30]",0,0.0,1
77,bfa3a133f4fc48eda18b7464dddc5e70,5,top_heavy,"[150, 80, 50, 40, 30]",0,0.0,1
78,8809bd64552f4f7aa8f53f493602ceae,5,top_heavy,"[150, 80, 50, 40, 30]",1,1.0,1
79,4e6de19d338a44b6bd4bbaec2c3c0635,5,top_heavy,"[150, 80, 50, 40, 30]",1,1.0,1
80,121d9ead9e87477baedf4605be92bbf7,5,top_heavy,"[150, 80, 50, 40, 30]",1,1.0,1
81,96478949a8214ae4bd74130d64466203,5,top_heavy,"[150, 80, 50, 40, 30]",0,0.06666666666666667,1
82,e2bc1abc94f141399b0b004676f84171,5,top_heavy,"[150, 80, 50, 40, 30]",0,0.8,1
83,a018ca4c1e8e4a44b48188655383c8a5,5,top_heavy,"[150, 80, 50, 40, 30]",0,0.17391304347826084,1
84,2c175bdf51494ae1a97be4ed1a365825,5,top_heavy,"[150, 80, 50, 40, 30]",1,1.0,1
85,916d57f6183b4c52999933fe394cae6e,5,top_heavy,"[150, 80, 50, 40, 30]",1,1.0,1
86,2324b8d221fa41d58267b515b1a1109a,5,top_heavy,"[150, 80, 50, 40, 30]",0,0.0,1
87,c0d3770ca41e4463958dca0c88ce3979,5,top_heavy,"[150, 80, 50, 40, 30]",0,0.0,1
88,68ac44d7d9e24aee8fcaa91e0f364062,5,top_heavy,"[150, 80, 50, 40, 30]",0,0.06666666666666668,1
89,f6ea20f22a394788814a7b4374246cf9,5,top_heavy,"[150, 80, 50, 40, 30]",0,0.4444444444444445,1
90,5f53831743434c24b29ed9b858d87e4b,5,top_heavy,"[150, 80, 50, 40, 30]",0,0.888888888888889,1
91,20c6639f94d24a91ac79c15024fcd5f7,5,top_heavy,"[150, 80, 50, 40, 30]",0,0.4,1
92,6c6f0f2b83e546e39bc40d37b0ee9975,5,top_heavy,"[150, 80, 50, 40, 30]",1,1.0,1
93,a1b8855de6ff4bf2b8afc5942486e88c,5,top_heavy,"[150, 80, 50, 40, 30]",0,0.0,0
94,986fec610e0e4bf9bb3de6be1fa0356e,5,top_heavy,"[150, 80, 50, 40, 30]",0,0.0,0
95,ce5d0f11b9664510a27bf3c483792f13,5,top_heavy,"[150, 80, 50, 40, 30]",1,1.0,1
96,3f092922c6854e3f8bdf22cc50cf71a9,5,top_heavy,"[150, 80, 50, 40, 30]",1,1.0,1
97,811785fb9d684ccd9577541cd4c94555,5,top_heavy,"[150, 80, 50, 40, 30]",0,0.0,1
98,66d0e7da123d49fd8f8016dc27775052,5,top_heavy,"[150, 80, 50, 40, 30]",1,1.0,1
99,1646e87aca7b4f078ae816044f0f5955,5,top_heavy,"[150, 80, 50, 40, 30]",1,1.0,1
100,d2747da8e1e1416cb057ee8651131dd8,5,top_heavy,"[150, 80, 50, 40, 30]",0,0.12903225806451613,1
101,8834ade537ca4faca9fb3bdd7efcb88b,5,top_heavy,"[150, 80, 50, 40, 30]",1,1.0,1
102,81a06cc7f0ed45fba03d40062246bf0f,5,top_heavy,"[150, 80, 50, 40, 30]",0,0.2857142857142857,1
103,9f8bb4dd263246dbac8f331f745d2e5a,5,top_heavy,"[150, 80, 50, 40, 30]",0,0.22222222222222224,1
104,d0940d4e2f8b4c23817a178bf3f2ee85,5,top_heavy,"[150, 80, 50, 40, 30]",0,0.0,0
105,62b2d8702439498197acee357c30a8bd,5,top_heavy,"[150, 80, 50, 40, 30]",0,0.05405405405405406,0
106,1fcf01709c0b404da2b3024ac0a02eb0,5,top_heavy,"[150, 80, 50, 40, 30]",0,0.25,0
107,f299e2d5b4264decb2fd2ab4d6a53c2d,5,top_heavy,"[150, 80, 50, 40, 30]",0,0.0,0
108,ecba8f966e03447a940cfff69f9ba8e1,5,top_heavy,"[150, 80, 50, 40, 30]",1,1.0,1
109,077524326f6a4e53a728f5341e89f79c,5,top_heavy,"[150, 80, 50, 40, 30]",0,0.5,1
110,18cbdcbef93544acac9407596569a64f,5,top_heavy,"[150, 80, 50, 40, 30]",0,0.0,1
111,afc8672a21f441369ab4b0ffb8532c21,5,top_heavy,"[150, 80, 50, 40, 30]",0,0.18604651162790695,1
112,c64f2789544c45c8bf9dceebb35cfa53,5,top_heavy,"[150, 80, 50, 40, 30]",0,0.0,0
113,c2bf5fa95d404050b8f86692d9100be0,5,top_heavy,"[150, 80, 50, 40, 30]",0,0.0,1
114,ff5f25fc4c9b4354b49fc603df373ee0,5,top_heavy,"[150, 80, 50, 40, 30]",0,0.0,1
115,d83aff530fd447b49138953308883ac2,5,top_heavy,"[150, 80, 50, 40, 30]",0,0.0,0
116,5b7387ec945d47b8b624c2b55b6a80c1,5,top_heavy,"[150, 80, 50, 40, 30]",0,0.0,1
117,987b4118a9304f2f8193ab27a36b0489,5,top_heavy,"[150, 80, 50, 40, 30]",0,0.5333333333333333,1
118,da630eb21dea4abe920e8253d4fd6a34,5,top_heavy,"[150, 80, 50, 40, 30]",0,0.27586206896551724,1
119,1cfc4441a86445fab7952656df2d64a0,5,top_heavy,"[150, 80, 50, 40, 30]",0,0.0,1
120,5cac964bb57446e39b0f58d6043c12d7,5,top_heavy,"[150, 80, 50, 40, 30]",1,1.0,1
121,30cbead889fc4c0783a1afd652cfb163,5,top_heavy,"[150, 80, 50, 40, 30]",0,0.6666666666666666,1
122,d7eb4ea422a0440ab1a2ea0d9a313198,5,top_heavy,"[150, 80, 50, 40, 30]",1,1.0,1
123,c8c3c9f350c5469da18f367a6a250097,5,top_heavy,"[150, 80, 50, 40, 30]",0,0.0,0
124,b47d1c59552a453ba57c2121f029242d,5,top_heavy,"[150, 80, 50, 40, 30]",0,0.0,1
125,29b82a59344f4d38854c476a31827ba7,5,top_heavy,"[150, 80, 50, 40, 30]",0,0.0,0
126,9a0b3de216b6498699f9a1745ef51447,5,top_heavy,"[150, 80, 50, 40, 30]",0,0.4444444444444445,1
127,f126e81901054b3ba5fb4ce920b1df38,5,top_heavy,"[150, 80, 50, 40, 30]",1,1.0,1
128,0a8eff0d1b134de888817e44d2e889b1,5,top_heavy,"[150, 80, 50, 40, 30]",0,0.0,1
129,054b7315353146d4b0ad624514005ef2,5,top_heavy,"[150, 80, 50, 40, 30]",1,1.0,1
130,f4ef4313787d49d7851ad2a6c66cf163,5,top_heavy,"[150, 80, 50, 40, 30]",0,0.6666666666666666,1
131,e3602ad5a2864891955a696e59594e76,5,top_heavy,"[150, 80, 50, 40, 30]",0,0.0,1
132,2a9c56b5a5ae43b78f7f7d9dccdca491,5,top_heavy,"[150, 80, 50, 40, 30]",1,1.0,1
133,4fc9afe35d8c4cdf8115fe9faf6ac96a,5,top_heavy,"[150, 80, 50, 40, 30]",1,1.0,1
134,065ce886fe8c41088ba6b71c82ab6229,5,top_heavy,"[150, 80, 50, 40, 30]",0,0.0,1
135,928063d9906145b6b83392f5068efb4f,5,top_heavy,"[150, 80, 50, 40, 30]",0,0.0,0
136,455324ce37fa42c8af627f9f832cfb24,5,top_heavy,"[150, 80, 50, 40, 30]",0,0.0,0
137,1af7aafeb2e24d348d72b7559a2ce754,5,top_heavy,"[150, 80, 50, 40, 30]",0,0.8571428571428572,1
138,c4c3e45a17884ef78442ed584e442741,5,top_heavy,"[150, 80, 50, 40, 30]",1,1.0,1
139,2e7792c3711b4a139cf99e7dec1b7e26,5,top_heavy,"[150, 80, 50, 40, 30]",0,0.0,1
140,8d3d4915ed104234bca2e7e8eb591d6e,5,top_heavy,"[150, 80, 50, 40, 30]",0,0.2666666666666667,1
141,7876cd87c6e845f484f841d243a021a0,5,top_heavy,"[150, 80, 50, 40, 30]",0,0.4,1
142,faca8fa5d6724e3f95ea8550bbb1a3c8,5,top_heavy,"[150, 80, 50, 40, 30]",1,1.0,1
143,76c6e9ef00884f509bc625e25b15cc85,5,top_heavy,"[150, 80, 50, 40, 30]",1,1.0,1
144,0db9e6fa3f21435996d0bf1e3b3f8adb,5,top_heavy,"[150, 80, 50, 40, 30]",1,1.0,1
145,ca61917ae999408c84f855c26dc48c68,5,top_heavy,"[150, 80, 50, 40, 30]",0,0.0,0
146,c6d27c29d4774501b4f046af3bb83dfd,5,top_heavy,"[150, 80, 50, 40, 30]",0,0.0,0
147,8da0d6902cab4114b140672981c41ece,5,top_heavy,"[150, 80, 50, 40, 30]",0,0.0,1
148,d809c82de0cc41a391a8476fbedc4638,5,top_heavy,"[150, 80, 50, 40, 30]",1,1.0,1
149,6a9dae85ef8448b88947f67b7368cd84,5,top_heavy,"[150, 80, 50, 40, 30]",0,0.0,1
150,62ccc3554230408fb85b346dedaeffa9,5,top_heavy,"[150, 80, 50, 40, 30]",0,0.0,1
151,9724aa5ceb194973a23f99d088987015,5,top_heavy,"[150, 80, 50, 40, 30]",1,1.0,1
152,8c513011d82543469328cb90f190d67c,5,top_heavy,"[150, 80, 50, 40, 30]",0,0.0,0
153,352bbdac5d414a65a714e30a0fd97f42,5,top_heavy,"[150, 80, 50, 40, 30]",0,0.14285714285714288,1
154,c46c0d1751554ccea747cb3825bdbe66,5,top_heavy,"[150, 80, 50, 40, 30]",0,0.0,0
155,1b99dffb92c14a838fdb91967645cbf0,5,top_heavy,"[150, 80, 50, 40, 30]",0,0.0,1
156,fe231269e136464c857e4cedaa8a523e,5,top_heavy,"[150, 80, 50, 40, 30]",1,1.0,0
157,b7ccf71e49054da2a836cbd7dcca51ae,5,top_heavy,"[150, 80, 50, 40, 30]",0,0.0,0
158,c5d1601dece84ce895260d42931118c3,5,top_heavy,"[150, 80, 50, 40, 30]",0,0.0,0
159,c6e9bca537a64d47a1f219d04aa484cf,5,top_heavy,"[150, 80, 50, 40, 30]",0,0.0,0
160,19174950ad6b4759929f41cb2aa6b979,5,top_heavy,"[150, 80, 50, 40, 30]",0,0.0,0
161,08e1f398fc554a2b9cc745c89b8ddd1c,5,top_heavy,"[150, 80, 50, 40, 30]",0,0.06060606060606061,1
162,4e8ac0b2d2c448099dea09b0b88032b6,5,top_heavy,"[150, 80, 50, 40, 30]",0,0.33333333333333337,1
163,ba68aac128784f47a20eafdb4fa84627,5,top_heavy,"[150, 80, 50, 40, 30]",1,1.0,1
164,9b6a4b25c0cf41d89f69fab7e636d836,5,top_heavy,"[150, 80, 50, 40, 30]",1,1.0,1
165,851dc215cd4f478ea5bc5be433bb650b,5,top_heavy,"[150, 80, 50, 40, 30]",0,0.32,1
166,73df4341944b4832a7110492fec95939,5,top_heavy,"[150, 80, 50, 40, 30]",1,1.0,1
167,82498b7e764c4a77ae54de9e49a211ce,5,top_heavy,"[150, 80, 50, 40, 30]",0,0.5,1
168,d12c3c9ff7254b76a83a3c702e0f1411,5,top_heavy,"[150, 80, 50, 40, 30]",1,1.0,1
169,9b5c249c46644e04a2d28d98bac5f951,5,top_heavy,"[150, 80, 50, 40, 30]",0,0.0,0
170,b31c60bda086454a900948cde75eb053,5,top_heavy,"[150, 80, 50, 40, 30]",0,0.33333333333333337,1
171,68ea789496074f56878ceddf5f0bb6c0,5,top_heavy,"[150, 80, 50, 40, 30]",0,0.0,0
172,2fbb04100c444abda7f972b3c7ca55b9,5,top_heavy,"[150, 80, 50, 40, 30]",0,0.7142857142857143,1
173,ff83ee0ffed94025b218bc5444b14880,5,top_heavy,"[150, 80, 50, 40, 30]",0,0.0,0
174,811443af769846bd88db9031899cf838,5,top_heavy,"[150, 80, 50, 40, 30]",0,0.1904761904761905,1
175,2737e76f68ed4c889e75300d5d707fbb,5,top_heavy,"[150, 80, 50, 40, 30]",0,0.08695652173913045,1
176,5c48b89357aa48fd8a1aafaeabe73c4c,5,top_heavy,"[150, 80, 50, 40, 30]",0,0.888888888888889,1
177,57b5639ab5b441d9956c8bb4d17cf3e2,5,top_heavy,"[150, 80, 50, 40, 30]",1,1.0,1
178,b7f2e1ae39b54396b93b90189b8ef3da,5,top_heavy,"[150, 80, 50, 40, 30]",0,0.0,1
179,ed32ea00d52a492b93ce00ce06b93f4a,5,top_heavy,"[150, 80, 50, 40, 30]",1,1.0,1
180,45e285d6497d478b835ec6f97fe0edb8,5,top_heavy,"[150, 80, 50, 40, 30]",0,0.5,1
181,287086d87ca540629ea9a5d1f3e42827,5,top_heavy,"[150, 80, 50, 40, 30]",0,0.0,0
182,66671cea0dee4e95ace4c4ccbdcc094b,5,top_heavy,"[150, 80, 50, 40, 30]",0,0.05714285714285715,0
183,1c3202898a2340d8b9ee33b3d2feb483,5,top_heavy,"[150, 80, 50, 40, 30]",1,1.0,1
184,b91f7ce859194bf3a952f9948618cfaf,5,top_heavy,"[150, 80, 50, 40, 30]",0,0.0,0
185,8da9a487491d4861815c860882b46f1b,5,top_heavy,"[150, 80, 50, 40, 30]",1,1.0,1
186,b0bc5b996f8c43a4a27f7a0a92100227,5,top_heavy,"[150, 80, 50, 40, 30]",0,0.0,0
187,b3d3a7f3fd00419c896e03a2dd70c2eb,5,top_heavy,"[150, 80, 50, 40, 30]",0,0.0,0
188,9723fcbfda3b41f1a2928a72b5614b05,5,top_heavy,"[150, 80, 50, 40, 30]",0,0.0,0
189,354948edd4c94ed49d3c744a8213b0e4,5,top_heavy,"[150, 80, 50, 40, 30]",0,0.0,0
190,06ad4f09434a47e7a9563d96bde0e71f,5,top_heavy,"[150, 80, 50, 40, 30]",0,0.7804878048780487,1
191,9ed3661a6d2945fbb92425ece8bc177e,5,top_heavy,"[150, 80, 50, 40, 30]",0,0.0,0
192,ef60d03b67d34a1190d04693fee8767f,5,top_heavy,"[150, 80, 50, 40, 30]",0,0.0,0
193,63fc6e7a70aa4d60a8cab579a90afb9e,5,top_heavy,"[150, 80, 50, 40, 30]",0,0.0,1
194,8c780963994f44c7835580cb22bc2fdc,5,top_heavy,"[150, 80, 50, 40, 30]",0,0.6923076923076924,1
195,60f332bc68e64d8680e179e359b0d6fa,5,top_heavy,"[150, 80, 50, 40, 30]",0,0.0,1
196,69e712f057644faf86a9688a85a2deee,5,top_heavy,"[150, 80, 50, 40, 30]",1,1.0,1
197,1a4a586dd10143f3a68247ae4c535713,5,top_heavy,"[150, 80, 50, 40, 30]",1,1.0,1
198,ba52569b388b4b339129a0277c7eb2e8,5,top_heavy,"[150, 80, 50, 40, 30]",1,1.0,1
199,a5c81a5e5d3c42d089cd98f0b556de2f,5,top_heavy,"[150, 80, 50, 40, 30]",0,0.0,0
200,0af880e8558a4fc3afbc9a8a25d081fd,5,top_heavy,"[150, 80, 50, 40, 30]",0,0.4,1
201,073515a682484ceaac87a83d1ab38a06,5,top_heavy,"[150, 80, 50, 40, 30]",0,0.23529411764705885,1
202,36ab12ff07cf46ed9af03891964f20de,5,top_heavy,"[150, 80, 50, 40, 30]",0,0.0,1
203,b189954307e7414b9d81ad99c7b730bf,5,top_heavy,"[150, 80, 50, 40, 30]",0,0.1111111111111111,1
204,37c0ef1f9eb3412594ff30f21611b882,5,top_heavy,"[150, 80, 50, 40, 30]",0,0.0,0
205,dc27c4c56b014020bd9e8a799860b06e,5,top_heavy,"[150, 80, 50, 40, 30]",1,1.0,1
206,aa9da743626a453780aaaf56e7816508,5,top_heavy,"[150, 80, 50, 40, 30]",0,0.0,0
207,5b94852dff984b19bf8264cd8bc1caa3,5,top_heavy,"[150, 80, 50, 40, 30]",0,0.0,1
208,980522a80742433e96b144a86fd2ddce,5,top_heavy,"[150, 80, 50, 40, 30]",0,0.0,0
209,c5fc7fc4522b43b7a0802acbd3963efd,5,top_heavy,"[150, 80, 50, 40, 30]",1,1.0,1
210,7374f521a2854922b8f6f8890ecda23d,5,top_heavy,"[150, 80, 50, 40, 30]",0,0.2666666666666667,1
211,29cd58ae62e94dc4b7315ce4b50010ef,5,top_heavy,"[150, 80, 50, 40, 30]",0,0.25,1
212,5fcc6fb126e14d65ba4d0d86bb28a8be,5,top_heavy,"[150, 80, 50, 40, 30]",0,0.0,1
213,2b41e95bcc554f69b8d594bc3d05bf1a,5,top_heavy,"[150, 80, 50, 40, 30]",0,0.07692307692307693,1
214,8ae5ae5b607b4dbc86f7da5147a095c7,5,top_heavy,"[150, 80, 50, 40, 30]",0,0.0,0
215,fc7d87cd43814b8db5d9bcc43cba1da3,5,top_heavy,"[150, 80, 50, 40, 30]",1,1.0,1
216,0338d7711b1646d6be2b815c279cff54,5,top_heavy,"[150, 80, 50, 40, 30]",0,0.0,1
217,dcb53cda7e6144fca04963ac7581bcdd,5,top_heavy,"[150, 80, 50, 40, 30]",0,0.1904761904761905,1
218,ecccb9b15eb3413d8f3a5ad8d8983716,5,top_heavy,"[150, 80, 50, 40, 30]",0,0.0,0
219,fa3b764edd7a4c44be5b8921112e8bf6,5,top_heavy,"[150, 80, 50, 40, 30]",0,0.0,0
220,493624c8263b40ec97c127e45b45d5c1,5,top_heavy,"[150, 80, 50, 40, 30]",0,0.0,0
221,ebee9fdad5b64bab83267a364ea4d10b,5,top_heavy,"[150, 80, 50, 40, 30]",0,0.5714285714285715,1
222,1fd96469f9a24b37814917f25f8060f2,5,top_heavy,"[150, 80, 50, 40, 30]",1,1.0,0
223,f97696deb9704d2f8ae5834f9fcdd88c,5,top_heavy,"[150, 80, 50, 40, 30]",0,0.4,1
224,da54c67b92b74a2c91d2227d09a41438,5,top_heavy,"[150, 80, 50, 40, 30]",0,0.0,1
225,1416c66b2eb543aea04972d5780b31d6,5,top_heavy,"[150, 80, 50, 40, 30]",0,0.0,0
226,ec0a4212a5df47f682fbba53188e7af8,5,top_heavy,"[150, 80, 50, 40, 30]",0,0.0,0
227,856b14030ac342bb979ca5091377cff0,5,top_heavy,"[150, 80, 50, 40, 30]",0,0.0,0
228,58c9a110235b4879950e679babb53318,5,top_heavy,"[150, 80, 50, 40, 30]",0,0.0,1
229,eff7102be794409081a5e3b3ef3c9518,5,top_heavy,"[150, 80, 50, 40, 30]",0,0.05714285714285715,1
230,99331d54ed084ccf98837531ede526e3,5,top_heavy,"[150, 80, 50, 40, 30]",0,0.25,0
231,400ab40069334ea6a12b1085941a9880,5,top_heavy,"[150, 80, 50, 40, 30]",0,0.5,1
232,9f1d761a46c64578849ff7408c6351b2,5,top_heavy,"[150, 80, 50, 40, 30]",0,0.0,1
233,241f5227a1124be591341cf33b2ecb2f,5,top_heavy,"[150, 80, 50, 40, 30]",0,0.8571428571428571,1
234,4f05dc53dcc24ed1a59fdd5d950966d0,5,top_heavy,"[150, 80, 50, 40, 30]",0,0.0,0
235,e1dac33266d048c89894eab0b0dc1c2a,5,top_heavy,"[150, 80, 50, 40, 30]",0,0.0,1
236,ce3ecd44941f4597ae927b61841b860a,5,top_heavy,"[150, 80, 50, 40, 30]",0,0.0,1
237,d031593cc6f142f6bba7e64ea9224dea,5,top_heavy,"[150, 80, 50, 40, 30]",1,1.0,1
238,5b5d465a7ab2427485a00f3638543996,5,top_heavy,"[150, 80, 50, 40, 30]",0,0.0,1
239,53fe1484646648969f42e40f550ab7ef,5,top_heavy,"[150, 80, 50, 40, 30]",0,0.6666666666666666,1
240,d86c4a3e9c944a5595ffd076817380c9,5,top_heavy,"[150, 80, 50, 40, 30]",0,0.8,1
241,d847d59c18884a8eaddd5fc55d047799,5,top_heavy,"[150, 80, 50, 40, 30]",0,0.0,1
242,b5e7dc56ca2e4d68bc9b59696bca7f75,5,top_heavy,"[150, 80, 50, 40, 30]",0,0.14814814814814814,1
243,bd356a60992b44f7840f99ffc390382c,5,top_heavy,"[150, 80, 50, 40, 30]",1,1.0,1
244,f8c03f10b27045d89e068c461ea3d69c,5,top_heavy,"[150, 80, 50, 40, 30]",0,0.0,1
245,f57595f77502405fbe6baf093d8baea0,5,top_heavy,"[150, 80, 50, 40, 30]",1,1.0,1
246,a697c765c3e74e0cb48088ea3ecdcdb1,5,top_heavy,"[150, 80, 50, 40, 30]",0,0.6666666666666666,1
247,57e62137793b4537bb7eb95d44481eb3,5,top_heavy,"[150, 80, 50, 40, 30]",1,1.0,1
248,7cb53bae73d64900a63fde04f93eceea,5,top_heavy,"[150, 80, 50, 40, 30]",0,0.0,0
249,a8ff7b13f4b943d89f09cf03cbde580a,5,top_heavy,"[150, 80, 50, 40, 30]",0,0.0,0
250,547765c1158b4a5a8100d6a300aa88b1,5,top_heavy,"[150, 80, 50, 40, 30]",0,0.5,1
251,31d748672420422aa724d2b6db6b1d18,5,top_heavy,"[150, 80, 50, 40, 30]",0,0.0,1
252,f8542bff725c4264aaf360ad929a1807,5,top_heavy,"[150, 80, 50, 40, 30]",0,0.0,0
253,0d56e8c7e4b6449696113a82ec0da19e,5,top_heavy,"[150, 80, 50, 40, 30]",0,0.0,1
254,0ad40f362389498382471e1f6171f996,5,top_heavy,"[150, 80, 50, 40, 30]",0,0.5,1
255,9adfdf882a9a4f8bb69b96506ce7471c,5,top_heavy,"[150, 80, 50, 40, 30]",1,1.0,1
256,63b89182644f454c92026c4ca6747140,5,top_heavy,"[150, 80, 50, 40, 30]",0,0.0,0
257,62c441cc36584729bc6608d4f56ca4d6,5,top_heavy,"[150, 80, 50, 40, 30]",0,0.0,1
258,480a34c34b094ac6b071bc658c0da810,5,top_heavy,"[150, 80, 50, 40, 30]",0,0.15384615384615385,0
259,db571ac79d34404b9a59b62c7fd38c56,5,top_heavy,"[150, 80, 50, 40, 30]",0,0.0,1
260,9e3b57d9763d4f1da04cc784d5944be2,5,top_heavy,"[150, 80, 50, 40, 30]",0,0.0,0
261,7594504b380443f6920beb03b1379bd7,5,top_heavy,"[150, 80, 50, 40, 30]",0,0.05555555555555555,1
262,d0a7880cce6f4bce95aaaf322c41355f,5,top_heavy,"[150, 80, 50, 40, 30]",0,0.18181818181818182,1
263,bdc7cf3241594e52a3164b489f50370d,5,top_heavy,"[150, 80, 50, 40, 30]",1,1.0,1
264,d5500a7bfa4d4b1683dc90808707e306,5,top_heavy,"[150, 80, 50, 40, 30]",0,0.0,1
265,8bf4e9d3157446bd95bbea12227c100b,5,top_heavy,"[150, 80, 50, 40, 30]",0,0.5,1
266,487cd2a2f5ee49bb96d33d0d56ea6a2b,5,top_heavy,"[150, 80, 50, 40, 30]",1,1.0,1
267,8fcc1e39bba146a08300eef42c641e71,5,top_heavy,"[150, 80, 50, 40, 30]",0,0.0,0
268,383db81acf1f476d8aa21be94cc9daa7,5,top_heavy,"[150, 80, 50, 40, 30]",1,1.0,1
269,3ded2ac8aff04250896711bfc070cd39,5,top_heavy,"[150, 80, 50, 40, 30]",0,0.0,0
270,fcccb4baf6314a589f6725cf1dc37979,5,top_heavy,"[150, 80, 50, 40, 30]",0,0.06896551724137931,0
271,3365b3e46e9240dca893042f6f34486f,5,top_heavy,"[150, 80, 50, 40, 30]",0,0.0,1
272,7f764f3b545744048cf82108c4bb5157,5,top_heavy,"[150, 80, 50, 40, 30]",0,0.22222222222222224,0
273,ad0e4b1a103d400f9ef4dd6827e215b9,5,top_heavy,"[150, 80, 50, 40, 30]",0,0.0,0
274,198f769edd5c4bd7b829ffeaa6d595c1,5,top_heavy,"[150, 80, 50, 40, 30]",0,0.0,1
275,e296d418c6614640b45afe738e0fe7ce,5,top_heavy,"[150, 80, 50, 40, 30]",0,0.1111111111111111,1
276,489edeed2f20435b9fc8ab429d160239,5,top_heavy,"[150, 80, 50, 40, 30]",0,0.0,1
277,b39eac495217430ebe3cfb37878882ee,5,top_heavy,"[150, 80, 50, 40, 30]",0,0.0,1
278,e772ff7304f54b78a3280763cf427221,5,top_heavy,"[150, 80, 50, 40, 30]",0,0.0,0
279,d16db94dc08840cb930ce9cf59151bef,5,top_heavy,"[150, 80, 50, 40, 30]",0,0.0,1
280,92100c8dcef141f69ab22ef3ad13d9d5,5,top_heavy,"[150, 80, 50, 40, 30]",0,0.0,1
281,11452fbd4fdb40d8bd8f10d24a8087e2,5,top_heavy,"[150, 80, 50, 40, 30]",0,0.0,0
282,3b8f128366fb4a669715a4b6cfc166cd,5,top_heavy,"[150, 80, 50, 40, 30]",0,0.05,0
283,3dd9a7133b594635ac914a6abccf0e46,5,top_heavy,"[150, 80, 50, 40, 30]",0,0.0,1
284,f2f07af9f9874dc992ca32c22063ffd4,5,top_heavy,"[150, 80, 50, 40, 30]",0,0.0,1
285,5ff5d8f1083b442cbf759f1980f8cd15,5,top_heavy,"[150, 80, 50, 40, 30]",0,0.0,0
286,8047bb5d810b4c2f967c45b876ff4bb8,5,top_heavy,"[150, 80, 50, 40, 30]",1,1.0,1
287,1e7aa41fe6ff4d048cf6c314eaae526a,5,top_heavy,"[150, 80, 50, 40, 30]",0,0.0,0
288,32e5e53144904525bdd91c2346ecdc21,5,top_heavy,"[150, 80, 50, 40, 30]",0,0.0,1
289,3645db7e841f4242ae0b3be674e8bc8a,5,top_heavy,"[150, 80, 50, 40, 30]",0,0.4,1
290,b344f9c87e2d4e5498338ea56023892c,5,top_heavy,"[150, 80, 50, 40, 30]",0,0.8,1
291,cae1c72a196e41c0919e17bc003a3a5f,5,top_heavy,"[150, 80, 50, 40, 30]",0,0.0,0
292,d21a2587e9e64ae08a9243d3f950521b,5,top_heavy,"[150, 80, 50, 40, 30]",0,0.0,0
293,f8657886cea34216b10630e96b7a2932,5,top_heavy,"[150, 80, 50, 40, 30]",0,0.15384615384615385,1
294,14c07142ff80440483ee9fdc0f2d8b06,5,top_heavy,"[150, 80, 50, 40, 30]",0,0.0,1
295,c1028f19198147868af85aa60943519d,5,top_heavy,"[150, 80, 50, 40, 30]",0,0.07692307692307693,0
296,c5e69a8c19ec4fadb153de7ed8d06b9f,5,top_heavy,"[150, 80, 50, 40, 30]",0,0.6666666666666666,1
297,b476d07cc2e747d0bad28a795661540d,5,top_heavy,"[150, 80, 50, 40, 30]",0,0.0,0
298,ce3ef968a0704a3fa36f7f605ed0031a,5,top_heavy,"[150, 80, 50, 40, 30]",0,0.0,0
299,5d6dc2b279594850a8ffce1f1b7892aa,5,top_heavy,"[150, 80, 50, 40, 30]",0,0.6666666666666666,1
300,74518b730d2941859c8fc206f74de46a,5,top_heavy,"[150, 80, 50, 40, 30]",0,0.3333333333333333,0
301,679586e746bf437fb4372790a38aaa81,5,top_heavy,"[150, 80, 50, 40, 30]",0,0.0,1
302,5aaeceef16f34275b07bef56b93edddc,5,top_heavy,"[150, 80, 50, 40, 30]",0,0.0,1
303,cf3bbf5197224180b1a20f44bba8ff58,5,top_heavy,"[150, 80, 50, 40, 30]",1,1.0,1
304,77581c9e1c504eb6a88f1cc8693a1f7b,5,top_heavy,"[150, 80, 50, 40, 30]",0,0.2857142857142857,1
305,57c251b6218b4c1094f9dfb9f53f2a21,5,top_heavy,"[150, 80, 50, 40, 30]",0,0.0,1
306,786e56a75654431f8335c0a57f0e3d3e,5,top_heavy,"[150, 80, 50, 40, 30]",1,1.0,1
307,e3ece1d381234fa9a9402f702b38c5b5,5,top_heavy,"[150, 80, 50, 40, 30]",0,0.0,1
308,f5627bd7cf9545e78204161253ca2e8e,5,top_heavy,"[150, 80, 50, 40, 30]",0,0.2727272727272727,1
309,4f1dcb1b8e9745ddb92444ccacb4b1b8,5,top_heavy,"[150, 80, 50, 40, 30]",0,0.6666666666666666,1
310,98bbd1deff4143b780e5d123925bdbee,5,top_heavy,"[150, 80, 50, 40, 30]",0,0.0,1
311,f510e4b92495473db9b86dd2d5b6eb18,5,top_heavy,"[150, 80, 50, 40, 30]",1,1.0,1
312,7baaa5545ac44114b79c5420d561d85e,5,top_heavy,"[150, 80, 50, 40, 30]",1,1.0,1
313,143a0df7e66a473ba5804b1c75f56c86,5,top_heavy,"[150, 80, 50, 40, 30]",0,0.0,0
314,bd0f2b0fc40146edb228ac6be2fd9e5a,5,top_heavy,"[150, 80, 50, 40, 30]",0,0.0,1
315,06bff66d3af04edd808a81c4b0a106a7,5,top_heavy,"[150, 80, 50, 40, 30]",1,1.0,1
316,cbb5d9c625b74ae1b3426d2a185549c4,5,top_heavy,"[150, 80, 50, 40, 30]",0,0.0,0
317,3bb0f77a9cbc44fab12fdc8005e69f91,5,top_heavy,"[150, 80, 50, 40, 30]",0,0.0,0
318,5f24d26d866b410da298cec18f321605,5,top_heavy,"[150, 80, 50, 40, 30]",0,0.0,1
319,e6bd79cae1cb472c990b5226f2a87152,5,top_heavy,"[150, 80, 50, 40, 30]",0,0.33333333333333337,1
320,e111ffbe05e4468c85bfaeceec2ea821,5,top_heavy,"[150, 80, 50, 40, 30]",1,1.0,1
321,8caeb3cde3074e66af2795f258908f69,5,top_heavy,"[150, 80, 50, 40, 30]",0,0.0,1
322,f8b5c43adc974d82aaab3f81649ca754,5,top_heavy,"[150, 80, 50, 40, 30]",1,1.0,1
323,574519a5dbfc4727bd68c1f4f0ad92b0,5,top_heavy,"[150, 80, 50, 40, 30]",1,1.0,1
324,842b90f71d4142229534788a21189892,5,top_heavy,"[150, 80, 50, 40, 30]",1,1.0,1
325,09a4f669c3ce4432954d3b5348ffde56,5,top_heavy,"[150, 80, 50, 40, 30]",0,0.2222222222222222,1
326,b2a92b434a344e49b3a6911bfd86e98f,5,top_heavy,"[150, 80, 50, 40, 30]",0,0.0,1
327,6029989106ef4c32bc7eb342670dc8c1,5,top_heavy,"[150, 80, 50, 40, 30]",0,0.2857142857142857,1
328,e412730b37274c11bad105b38ed9e196,5,top_heavy,"[150, 80, 50, 40, 30]",1,1.0,1
329,c5c6d814143a4f1eb7cc7546d9654173,5,top_heavy,"[150, 80, 50, 40, 30]",1,1.0,1
330,0633af8dabeb4925bf0fb0110cc54247,5,top_heavy,"[150, 80, 50, 40, 30]",0,0.08695652173913045,1
331,044418fd6fd646ec89a54a7013712c9d,5,top_heavy,"[150, 80, 50, 40, 30]",0,0.923076923076923,1
332,8b9a2f29b35b41e38cb94347237d59d7,5,top_heavy,"[150, 80, 50, 40, 30]",0,0.0,1
333,26782a326a394d688dda2441308bf00a,5,top_heavy,"[150, 80, 50, 40, 30]",0,0.0,1
334,f9bf09905dc249e69f69c4db9b323d0f,5,top_heavy,"[150, 80, 50, 40, 30]",0,0.0,1
335,07f2d15033cf4fb6916bed5d56dcb8f5,5,top_heavy,"[150, 80, 50, 40, 30]",0,0.0,1
336,a045cbc6199c4b9e8dbb8545febda365,5,top_heavy,"[150, 80, 50, 40, 30]",0,0.0,0
337,af446346d828479ca02c375ec2973773,5,top_heavy,"[150, 80, 50, 40, 30]",0,0.0,0
338,8447a26148c9454da18385e3d9fa4a3c,5,top_heavy,"[150, 80, 50, 40, 30]",0,0.0,0
339,2a7071c8d8c74dac901956228d59fdfb,5,top_heavy,"[150, 80, 50, 40, 30]",0,0.0,0
340,55bc45f2e63149869e4d0e52da6cb421,5,top_heavy,"[150, 80, 50, 40, 30]",0,0.1,1
341,bb2c93be295348eb933e57a16325af76,5,top_heavy,"[150, 80, 50, 40, 30]",1,1.0,1
342,cff18af0aed84c39ab0d156de7f507f8,5,top_heavy,"[150, 80, 50, 40, 30]",0,0.0,1
343,423f76b5864047f480599c7946546eb1,5,top_heavy,"[150, 80, 50, 40, 30]",0,0.0,0
344,0754e951855e46df80b0269253e4acf7,5,top_heavy,"[150, 80, 50, 40, 30]",0,0.0,0
345,5bdc71bbfc6e4934aa337ab24559eb6c,5,top_heavy,"[150, 80, 50, 40, 30]",0,0.0,0
346,b71eed014a8c4e51ba0bb48aeb1939ae,5,top_heavy,"[150, 80, 50, 40, 30]",1,1.0,1
347,d09f358431284dea95dec8e61590dbf4,5,top_heavy,"[150, 80, 50, 40, 30]",0,0.0,1
348,5bbab85f5ac243a9b98914f8c7af6eb4,5,top_heavy,"[150, 80, 50, 40, 30]",0,0.0,0
349,18cc95b228434b23a3969ac0d65687fa,5,top_heavy,"[150, 80, 50, 40, 30]",0,0.0,0
350,b322fdc7819546138582ebc07e8aa7a8,5,top_heavy,"[150, 80, 50, 40, 30]",1,1.0,1
351,f955cb3e7bda4a93a867b361b7b96327,5,top_heavy,"[150, 80, 50, 40, 30]",1,1.0,1
352,62e9113dcca84b61af8304429b1570da,5,top_heavy,"[150, 80, 50, 40, 30]",0,0.0,0
353,f3fc1b6ee3b24e47856d9fe7730350a2,5,top_heavy,"[150, 80, 50, 40, 30]",0,0.039999999999999994,0
354,8f0cfcb0d46d43eeb6c7ee04cd29c027,5,top_heavy,"[150, 80, 50, 40, 30]",0,0.0,1
355,82eb7d4504834ceabad83742c2d0ab5c,5,top_heavy,"[150, 80, 50, 40, 30]",0,0.6666666666666666,1
356,bf16d51b5b9540ec83fba053bc26a8a9,5,top_heavy,"[150, 80, 50, 40, 30]",0,0.10256410256410257,1
357,e62ce90267b149f7a65dc0901c614317,5,top_heavy,"[150, 80, 50, 40, 30]",1,1.0,1
358,8e376a7767224f8381c8ee661c43ad16,5,top_heavy,"[150, 80, 50, 40, 30]",0,0.0,1
359,435fd88dd9034cf1bd211e03bab2bed5,5,top_heavy,"[150, 80, 50, 40, 30]",1,1.0,1
360,109740b4edfa49c5961632436d1df48c,5,top_heavy,"[150, 80, 50, 40, 30]",0,0.0,1
361,a4c31c16dd1a4cf493b8c20500a88539,5,top_heavy,"[150, 80, 50, 40, 30]",1,1.0,1
362,721498d8723844d5b1ab0d15eb8e7699,5,top_heavy,"[150, 80, 50, 40, 30]",0,0.0,0
363,1699130630f2472cacfcbfe214d40416,5,top_heavy,"[150, 80, 50, 40, 30]",0,0.0,0
364,cceb8fa1b2a84757932a6f7ae86b3653,5,top_heavy,"[150, 80, 50, 40, 30]",1,1.0,1
365,147cef44c6e64257a962d7ed7e7df893,5,top_heavy,"[150, 80, 50, 40, 30]",0,0.0,0
366,afdf5764dddf4d858cff8be47f91fba7,5,top_heavy,"[150, 80, 50, 40, 30]",1,1.0,1
367,77dc5fcd3f654630a9a8ec90c9375b45,5,top_heavy,"[150, 80, 50, 40, 30]",0,0.0,0
368,3a33ecb066b9443e85b68c446f45b287,5,top_heavy,"[150, 80, 50, 40, 30]",0,0.6666666666666666,1
369,43204be4d77d421990db36f2d9951e63,5,top_heavy,"[150, 80, 50, 40, 30]",0,0.0,1
370,4c961dd89b054526b342c921486477a6,5,top_heavy,"[150, 80, 50, 40, 30]",0,0.0,1
371,89b7733b0a994df7b4250953ccff9c24,5,top_heavy,"[150, 80, 50, 40, 30]",0,0.0,1
372,8b627a95012d4f65a70aff1249d43d64,5,top_heavy,"[150, 80, 50, 40, 30]",0,0.8,1
373,b99c50bfd5f849afb601bd8ac95b0bf4,5,top_heavy,"[150, 80, 50, 40, 30]",0,0.0,1
374,ff383ab32c9942908db5946a8fe654d3,5,top_heavy,"[150, 80, 50, 40, 30]",0,0.0,0
375,89abc7236e6941ee88a263d88d6d299a,5,top_heavy,"[150, 80, 50, 40, 30]",0,0.17777777777777776,1
376,fadd2528784f4a9fa3b391626e69ffc0,5,top_heavy,"[150, 80, 50, 40, 30]",0,0.0,0
377,1958d14b7db54bffbbdd57e3677c08e7,5,top_heavy,"[150, 80, 50, 40, 30]",1,1.0,1
378,9966c7735a6649d88366224ff6552c68,5,top_heavy,"[150, 80, 50, 40, 30]",0,0.0,0
379,2818d5e47a844bc9831496e2f587a803,5,top_heavy,"[150, 80, 50, 40, 30]",0,0.0,1
380,74f114ab49744e608eafab899371d913,5,top_heavy,"[150, 80, 50, 40, 30]",0,0.5,1
381,f724593e7f4842569187dae70a2560d9,5,top_heavy,"[150, 80, 50, 40, 30]",0,0.0,1
382,3e46e0220a18483fb0fd448bcc36815e,5,top_heavy,"[150, 80, 50, 40, 30]",1,1.0,1
383,ec9dedf313ba4f90883a2b01909553b3,5,top_heavy,"[150, 80, 50, 40, 30]",0,0.0,1
384,2e9b048c06dc45be97da6116056f74f6,5,top_heavy,"[150, 80, 50, 40, 30]",0,0.0,1
385,efc438e4fd18417daa0e662499fbe956,5,top_heavy,"[150, 80, 50, 40, 30]",0,0.5,0
386,33313f986ec740f3b824bc3accb9111e,5,top_heavy,"[150, 80, 50, 40, 30]",1,1.0,1
387,8eacd2be836f472a83d7008f33ed8506,5,top_heavy,"[150, 80, 50, 40, 30]",0,0.0,1
388,6cb904d598ce4f7ebb4e4283a24a2f63,5,top_heavy,"[150, 80, 50, 40, 30]",1,1.0,1
389,194bd503229c46c3b308896e770e1eb1,5,top_heavy,"[150, 80, 50, 40, 30]",1,1.0,1
390,0c1c6f6b44e3466eac1a68dadefd06ab,5,top_heavy,"[150, 80, 50, 40, 30]",0,0.0,1
391,c5559fa0b9a0438a9b843d4207061a3d,5,top_heavy,"[150, 80, 50, 40, 30]",0,0.0,1
392,a168c89e395546be9605e969f682e554,5,top_heavy,"[150, 80, 50, 40, 30]",0,0.0,1
393,849240180c584f71bc56c0c92c5df5fd,5,top_heavy,"[150, 80, 50, 40, 30]",0,0.0,0
394,d69a7141ec1c4110ac124dd58d19b8b4,5,top_heavy,"[150, 80, 50, 40, 30]",0,0.0,0
395,d94300f7464c401db93e557fec221320,5,top_heavy,"[150, 80, 50, 40, 30]",0,0.4,0
396,fa44913cfa244faa88e773dcc3045012,5,top_heavy,"[150, 80, 50, 40, 30]",0,0.0,1
397,e98ac3de59a646c69b6eb17d3e3a4d0d,5,top_heavy,"[150, 80, 50, 40, 30]",0,0.0,0
398,d745bee67227422b824140f2734b0621,5,top_heavy,"[150, 80, 50, 40, 30]",0,0.06896551724137931,0
399,25eec8384d9d45b8b75affcc9f164be3,5,top_heavy,"[150, 80, 50, 40, 30]",0,0.0,1
400,912cb6aecbec4dc2b44ee22a076c3e2a,5,top_heavy,"[150, 80, 50, 40, 30]",0,0.0,0
401,f523ba87f5714a108e9bae698f676063,5,top_heavy,"[150, 80, 50, 40, 30]",0,0.0,1
402,3f28f7be13ad43cda7681b7fa874843c,5,top_heavy,"[150, 80, 50, 40, 30]",1,1.0,1
403,51ff7cdf97074a07862234487477ef4a,5,top_heavy,"[150, 80, 50, 40, 30]",0,0.0,1
404,6e1780414deb4cf9b49568f07b3bdc26,5,top_heavy,"[150, 80, 50, 40, 30]",0,0.0,0
405,f61206d61cf94401b8fbb566b0b67ec7,5,top_heavy,"[150, 80, 50, 40, 30]",0,0.0,1
406,12859cbba89f494b98e6b7be8b4c88ff,5,top_heavy,"[150, 80, 50, 40, 30]",0,0.0,0
407,1e326f32613a417fb55b23337862c62b,5,top_heavy,"[150, 80, 50, 40, 30]",0,0.8,1
408,4ff0076b7fe74648806429e78621f265,5,top_heavy,"[150, 80, 50, 40, 30]",0,0.0,0
409,531b64eef1bd44568360b3ab40da40da,5,top_heavy,"[150, 80, 50, 40, 30]",0,0.08000000000000002,0
410,ef15b705b7c54e77b276f22c804ce15d,5,top_heavy,"[150, 80, 50, 40, 30]",0,0.6666666666666666,1
411,bf9d67fa8b3849ceb410c4dfd7947e5f,5,top_heavy,"[150, 80, 50, 40, 30]",0,0.0,0
412,8b256cf4c08f4507b8b2f96d7289b585,5,top_heavy,"[150, 80, 50, 40, 30]",0,0.0,1
413,ab65135d9fc94f16a97555b6b3c54832,5,top_heavy,"[150, 80, 50, 40, 30]",0,0.0,1
414,21c894485b7a4cb0b66313dd1802a3c2,5,top_heavy,"[150, 80, 50, 40, 30]",0,0.0,1
415,23f3abb43b8f4f74bffb018bb3943125,5,top_heavy,"[150, 80, 50, 40, 30]",0,0.0,1
416,cdec7a0d975642d38b3b2d449bffc3e8,5,top_heavy,"[150, 80, 50, 40, 30]",0,0.0,0
417,803441a3a59d42b293810212bf2d6ced,5,top_heavy,"[150, 80, 50, 40, 30]",0,0.0,1
418,738dc2a651c7477abe2efc0e5547054a,5,top_heavy,"[150, 80, 50, 40, 30]",1,1.0,1
419,2fcf533dede444f2a0296b3bf112e0bd,5,top_heavy,"[150, 80, 50, 40, 30]",1,1.0,1
420,a1747749a3904c53b124b17ba86b1df6,5,top_heavy,"[150, 80, 50, 40, 30]",0,0.0,1
421,95a04d9fc49441cd901191b2390f05cd,5,top_heavy,"[150, 80, 50, 40, 30]",0,0.0,1
422,1a82de30a1e546bbaf099a05d79a6230,5,top_heavy,"[150, 80, 50, 40, 30]",0,0.0,1
423,bc20c452e45644e4beb92b0f35859105,5,top_heavy,"[150, 80, 50, 40, 30]",1,1.0,1
424,1f2ee8a4ce5d448e8ed30e7ca27b2b32,5,top_heavy,"[150, 80, 50, 40, 30]",0,0.0,1
425,3f1a03dd30304609a4e646069b0deffd,5,top_heavy,"[150, 80, 50, 40, 30]",0,0.0,0
426,a256f8f1dbd644c98a3bc79d072405fc,5,top_heavy,"[150, 80, 50, 40, 30]",1,1.0,1
427,35d000cd64d14585bd474322dc4f4f70,5,top_heavy,"[150, 80, 50, 40, 30]",0,0.06451612903225805,1
428,7e9ac1c4bf0845eab105c8b1b9265db2,5,top_heavy,"[150, 80, 50, 40, 30]",0,0.0,0
429,652962af37ce4c5799789678fa661553,5,top_heavy,"[150, 80, 50, 40, 30]",0,0.39999999999999997,1
430,f5894ccfbf314a63baaca983e208a43b,5,top_heavy,"[150, 80, 50, 40, 30]",1,1.0,1
431,8a3561154a454ca597d3a9a636a95a93,5,top_heavy,"[150, 80, 50, 40, 30]",0,0.0,1
432,6fe2385a3a1f4e7c8b1982cad82c939d,5,top_heavy,"[150, 80, 50, 40, 30]",0,0.8571428571428571,1
433,6f8f3d49dd8845de8307ad2d9fabf269,5,top_heavy,"[150, 80, 50, 40, 30]",0,0.0,1
434,a36a9969dee14e6f90fc1785e4d8151a,5,top_heavy,"[150, 80, 50, 40, 30]",1,1.0,1
435,1d1a6ab35fe14fdd8bbe88f884d82ce6,5,top_heavy,"[150, 80, 50, 40, 30]",1,1.0,1
436,fb776aaae451464692b974373b39e4c5,5,top_heavy,"[150, 80, 50, 40, 30]",1,1.0,1
437,6616d9ae236f46acb990d2a879bf346f,5,top_heavy,"[150, 80, 50, 40, 30]",1,1.0,1
438,374bacece7a6435484e32852ba73f4a8,5,top_heavy,"[150, 80, 50, 40, 30]",0,0.6666666666666666,1
439,527a875dd5504c12b1e26cec3ff31fb6,5,top_heavy,"[150, 80, 50, 40, 30]",0,0.0,1
440,3b6bbfa360e14c8ea4997b82981bf6f7,5,top_heavy,"[150, 80, 50, 40, 30]",1,1.0,1
441,4f66952eeb534a109a11044fcfecf033,5,top_heavy,"[150, 80, 50, 40, 30]",0,0.0,0
442,dcd06efd15d8483f9ae99008aae4b8e6,5,top_heavy,"[150, 80, 50, 40, 30]",0,0.6666666666666666,1
443,c452c1a025c44bdab1694894c2799e64,5,top_heavy,"[150, 80, 50, 40, 30]",0,0.0,1
444,2efef198621244dc8f660e49bcb0b54e,5,top_heavy,"[150, 80, 50, 40, 30]",0,0.2727272727272727,1
445,0b9b15aa02b54f8e82a61c149799963b,5,top_heavy,"[150, 80, 50, 40, 30]",0,0.0,1
446,a77bad2720ec43aba758a5c99624b6c3,5,top_heavy,"[150, 80, 50, 40, 30]",0,0.0,1
447,42c9c8fe7ee843dbbe578fdc4dbba39a,5,top_heavy,"[150, 80, 50, 40, 30]",0,0.0,1
448,500e35b80a13424c8eb9c6e6a0b9af15,5,top_heavy,"[150, 80, 50, 40, 30]",0,0.0,1
449,490da89fb4c743858167b5b75af14ddd,5,top_heavy,"[150, 80, 50, 40, 30]",0,0.0,1
450,03905a27a5b841e59153c2e3de3c99f4,5,top_heavy,"[150, 80, 50, 40, 30]",0,0.0,0
451,bb334d8819054ded95d25bd214397832,5,top_heavy,"[150, 80, 50, 40, 30]",0,0.0,1
452,ccf8e9a161124b058363c911f27cc4bf,5,top_heavy,"[150, 80, 50, 40, 30]",0,0.6666666666666666,1
453,d83d3eda31c14835877587e71ae8f858,5,top_heavy,"[150, 80, 50, 40, 30]",1,1.0,1
454,4b7de03eac3642c5aad653d3fe1600dc,5,top_heavy,"[150, 80, 50, 40, 30]",0,0.0,1
455,574737b3f4284419a8e2bcf43167e253,5,top_heavy,"[150, 80, 50, 40, 30]",0,0.6666666666666666,1
456,4e8d8610abde45809ece08144c48d9e7,5,top_heavy,"[150, 80, 50, 40, 30]",0,0.6666666666666666,1
457,80f8912075b14d1a91b62f0c2d06ca84,5,top_heavy,"[150, 80, 50, 40, 30]",1,1.0,1
458,6401157d496747a092bf97a5f430d281,5,top_heavy,"[150, 80, 50, 40, 30]",0,0.0,1
459,614b047fc1144246af208be2a508d5ce,5,top_heavy,"[150, 80, 50, 40, 30]",0,0.0,0
460,0dfeb9e7d43747bcac4e5ac700caec79,5,top_heavy,"[150, 80, 50, 40, 30]",1,1.0,1
461,edb3d5b64911443798e8e83b07ae5b99,5,top_heavy,"[150, 80, 50, 40, 30]",0,0.06666666666666668,1
462,d54a2fd059b54e2d80b503109524db0a,5,top_heavy,"[150, 80, 50, 40, 30]",0,0.0,1
463,c564493e2442402ebb6d4a5af51f7c25,5,top_heavy,"[150, 80, 50, 40, 30]",0,0.5454545454545454,1
464,b32d5172d0b3451b83352d24deab59e6,5,top_heavy,"[150, 80, 50, 40, 30]",0,0.0,1
465,19d523d3a0824aed8cc62eed5e24f1e4,5,top_heavy,"[150, 80, 50, 40, 30]",0,0.0,1
466,4cff857ac2f74c6094f26f596ba0cb1f,5,top_heavy,"[150, 80, 50, 40, 30]",0,0.5,1
467,af77d75481ae4b0391017dfd394050f4,5,top_heavy,"[150, 80, 50, 40, 30]",1,1.0,1
468,2784aee1dd324e3f8945b73963b7785f,5,top_heavy,"[150, 80, 50, 40, 30]",0,0.8,1
469,d89807b1fdda40c2bebb55edf64c3938,5,top_heavy,"[150, 80, 50, 40, 30]",0,0.6,1
470,af5369c41cba4379978174fe353ddff6,5,top_heavy,"[150, 80, 50, 40, 30]",1,1.0,1
471,6bf1ecc9589d4447b31afde347505919,5,top_heavy,"[150, 80, 50, 40, 30]",0,0.0,0
472,ba2b3c2aeb464d8f8a949fc75944bcbd,5,top_heavy,"[150, 80, 50, 40, 30]",1,1.0,1
473,112542d377134435a5e6e79b2e9a5c1a,5,top_heavy,"[150, 80, 50, 40, 30]",0,0.0,1
474,80a9457351e14111aaf3fb84d3528092,5,top_heavy,"[150, 80, 50, 40, 30]",1,1.0,1
475,f2894e10d02a42c2b91b26caefadfbc9,5,top_heavy,"[150, 80, 50, 40, 30]",1,1.0,1
476,daccc4268b874f63a33873b7171ba8ff,5,top_heavy,"[150, 80, 50, 40, 30]",0,0.0,1
477,540ee9edf9fd4bfc981390d172704bbc,5,top_heavy,"[150, 80, 50, 40, 30]",0,0.0,1
478,116602c25c3e4b33b7a5a111f9174cbe,5,top_heavy,"[150, 80, 50, 40, 30]",0,0.5,1
479,66225a9def6a45ddaac68462170b34b7,5,top_heavy,"[150, 80, 50, 40, 30]",0,0.0,0
480,b75b64ca513e4ae3be64ff5d71a9b652,5,top_heavy,"[150, 80, 50, 40, 30]",0,0.0,0
481,1aa0b7493d9b47bbb4625d39922576b6,5,top_heavy,"[150, 80, 50, 40, 30]",0,0.0,0
482,ce867b37ae1d4bc6b35988966e721575,5,top_heavy,"[150, 80, 50, 40, 30]",1,1.0,1
483,ab351f57bcf34ad6a535ed69e1eed04b,5,top_heavy,"[150, 80, 50, 40, 30]",0,0.0,1
484,f8d21ecd07db4b0888ea7c2c91f9135c,5,top_heavy,"[150, 80, 50, 40, 30]",0,0.0,0
485,66ccd850630b4a069b80af81f0d8fa0c,5,top_heavy,"[150, 80, 50, 40, 30]",1,1.0,1
486,fccd16a6079343e5ad862a07f82e3f42,5,top_heavy,"[150, 80, 50, 40, 30]",0,0.888888888888889,1
487,5372bffd269e45f5b80bfa12e294af8f,5,top_heavy,"[150, 80, 50, 40, 30]",0,0.0,1
488,1e52126edb5a499381fb1f064dd4377c,5,top_heavy,"[150, 80, 50, 40, 30]",0,0.0,0
489,ddf8070fbf124b54bfdca93791ef2056,5,top_heavy,"[150, 80, 50, 40, 30]",0,0.0,1
490,ec552a3b81734f36ae2a031fc34b7519,5,top_heavy,"[150, 80, 50, 40, 30]",0,0.8,1
491,23d1c9c515f3417ab70aba3c3bc43ec8,5,top_heavy,"[150, 80, 50, 40, 30]",0,0.0,1
492,af91062c61d0431fa90edb3cffc48da0,5,top_heavy,"[150, 80, 50, 40, 30]",1,1.0,1
493,9a9db144769c4ce29c4cdb431d756043,5,top_heavy,"[150, 80, 50, 40, 30]",0,0.0,0
494,3e4038716e3948b4b94243cad4cbfd1e,5,top_heavy,"[150, 80, 50, 40, 30]",0,0.0,0
495,dab26af5192549f1a07bed7fa63bf47e,5,top_heavy,"[150, 80, 50, 40, 30]",0,0.0,0
496,d58a27153bc74f08bfa857c4a80b1c90,5,top_heavy,"[150, 80, 50, 40, 30]",0,0.0,1
497,dd5a9212340046e2a340103c45fd7f17,5,top_heavy,"[150, 80, 50, 40, 30]",0,0.0,0
498,8b0fb3b8cfee4daba5b93311dbe5c5b5,5,top_heavy,"[150, 80, 50, 40, 30]",1,1.0,1
499,822d82601bda4b509b180096346c1885,5,top_heavy,"[150, 80, 50, 40, 30]",0,0.0,0
500,cff10f8297c64447bf388d45ed577e95,5,top_heavy,"[150, 80, 50, 40, 30]",1,1.0,1
501,ecb8eb62bc3d4ae280ea3151211089a3,5,top_heavy,"[150, 80, 50, 40, 30]",1,1.0,1
502,787d235e4c2b4d89b4d9aebff5779cf6,5,top_heavy,"[150, 80, 50, 40, 30]",0,0.0,0
503,bfb2c3311c5d45789500d104b3965147,5,top_heavy,"[150, 80, 50, 40, 30]",0,0.0,1
504,c754c326486641409687edae575f81ee,5,top_heavy,"[150, 80, 50, 40, 30]",0,0.0,1
505,fe0d714e8be546d994f3469fbc3bd068,5,top_heavy,"[150, 80, 50, 40, 30]",1,1.0,1
506,cac7bd69b3e546a8aeccaeabc394f172,5,top_heavy,"[150, 80, 50, 40, 30]",0,0.13333333333333333,1
507,8a6ced88638f4bf68c6bb3d7a979d48e,5,top_heavy,"[150, 80, 50, 40, 30]",0,0.0,1
508,9186ab50536b4241b5033a6f1bfa8c9b,5,top_heavy,"[150, 80, 50, 40, 30]",0,0.3636363636363636,1
509,4166369ecf494ae998597cee8f2be647,5,top_heavy,"[150, 80, 50, 40, 30]",0,0.08333333333333333,1
510,78112e7810214d80b8fab5fa51c61200,5,top_heavy,"[150, 80, 50, 40, 30]",0,0.0,0
511,38ec897108f245b19aeba0e93e304360,5,top_heavy,"[150, 80, 50, 40, 30]",1,1.0,1
512,b26cac2e25c243dd93e2ac30801d55c9,5,top_heavy,"[150, 80, 50, 40, 30]",0,0.2857142857142857,1
513,dda0f54af5084a31a2746f72210b0bd4,5,top_heavy,"[150, 80, 50, 40, 30]",0,0.0,1
514,8444096a84e9455287180d0b1a928142,5,top_heavy,"[150, 80, 50, 40, 30]",0,0.054054054054054064,1
515,22f46485365f4209a992b2f67feb0440,5,top_heavy,"[150, 80, 50, 40, 30]",0,0.5,1
516,de36cde140ee4ceda620f1518dd104bc,5,top_heavy,"[150, 80, 50, 40, 30]",0,0.0,1
517,08183378ccb3472d903fd95b3b82e132,5,top_heavy,"[150, 80, 50, 40, 30]",0,0.2857142857142857,1
518,cb08cc75e99a4ec9807321f51dd40566,5,top_heavy,"[150, 80, 50, 40, 30]",0,0.0,0
519,1667240d3dd740ffa3c317106730a441,5,top_heavy,"[150, 80, 50, 40, 30]",0,0.0,0
520,b1de8025e01448dcabb96c7e5fab0186,5,top_heavy,"[150, 80, 50, 40, 30]",0,0.0,0
521,4c3cfd857b01453f9d193ba70e0f2257,5,top_heavy,"[150, 80, 50, 40, 30]",1,1.0,1
522,bcdd509239274509afc8ae77cb5df604,5,top_heavy,"[150, 80, 50, 40, 30]",0,0.5,1
523,f7776c027aca468e87d60716cfe3c1c3,5,top_heavy,"[150, 80, 50, 40, 30]",0,0.6666666666666666,1
524,2242d2a664df4bf1967d3689e8b069d0,5,top_heavy,"[150, 80, 50, 40, 30]",0,0.0,1
525,420222ccc3794c10a9750e897a4532e0,5,top_heavy,"[150, 80, 50, 40, 30]",0,0.0,0
526,fe94d55d37024a71afeebcce19c9779c,5,top_heavy,"[150, 80, 50, 40, 30]",0,0.0,0
527,16083c1098654497a127f77ea191c127,5,top_heavy,"[150, 80, 50, 40, 30]",0,0.0,1
528,427c5359e1bd4e2ca065c379a9c5d227,5,top_heavy,"[150, 80, 50, 40, 30]",0,0.8,1
529,6b25cbff83ef403ba7c2ee3b03a1d8be,5,top_heavy,"[150, 80, 50, 40, 30]",0,0.0,0
530,d23a30ecc5b8469c8e6324ff5d42409b,5,top_heavy,"[150, 80, 50, 40, 30]",1,1.0,1
531,c4eb8e9e88a64fa49128ad4e99776c91,5,top_heavy,"[150, 80, 50, 40, 30]",1,1.0,1
532,0e497d4f0b4642248a1e1e4b25960ce0,5,top_heavy,"[150, 80, 50, 40, 30]",1,1.0,1
533,02a006ec43e94d8a8fec1ab448fa5e00,5,top_heavy,"[150, 80, 50, 40, 30]",0,0.4,1
534,6bdd81ddfa4d41f9a8dac2c1ce206945,5,top_heavy,"[150, 80, 50, 40, 30]",0,0.0,0
535,bd35d7a651974bb181849a4486692264,5,top_heavy,"[150, 80, 50, 40, 30]",1,1.0,1
536,7992ef8a5e8f4d9da5a3f75f157136a0,5,top_heavy,"[150, 80, 50, 40, 30]",0,0.0,1
537,10e96facf13e4091ba5c8cee71226ff0,5,top_heavy,"[150, 80, 50, 40, 30]",1,1.0,1
538,e854d8deb6cf4af4ac58d44cb3c027c3,5,top_heavy,"[150, 80, 50, 40, 30]",1,1.0,1
539,80109609b1f24dc0859af11d2bf33ca9,5,top_heavy,"[150, 80, 50, 40, 30]",1,1.0,1
540,1cc25c3729ab4627a29f3f11172af372,5,top_heavy,"[150, 80, 50, 40, 30]",0,0.0,1
541,805a6afa477c45d18a26ebba495ac1b7,5,top_heavy,"[150, 80, 50, 40, 30]",1,1.0,1
542,8dcf91cc88c7478fb336f2b856b1f9b8,5,top_heavy,"[150, 80, 50, 40, 30]",0,0.0,0
543,34532b23c4624e6e92c4faf30085297d,5,top_heavy,"[150, 80, 50, 40, 30]",0,0.0,0
544,ab7f7e70dde447fcaa29fdc20ba659db,5,top_heavy,"[150, 80, 50, 40, 30]",0,0.0,0
545,7904eba267c04097b63fb228937b62bb,5,top_heavy,"[150, 80, 50, 40, 30]",0,0.0,1
546,27ed5ffe8231443985b27f0d9d605774,5,top_heavy,"[150, 80, 50, 40, 30]",0,0.0,1
547,cdec18921af845c694384dea037eb6ec,5,top_heavy,"[150, 80, 50, 40, 30]",0,0.0,0
548,e5d6b99f2e6d4efea5d77b6e01aa98a3,5,top_heavy,"[150, 80, 50, 40, 30]",0,0.0,1
549,52e75f8056964c38b2a325a45841c089,5,top_heavy,"[150, 80, 50, 40, 30]",0,0.4,1
550,241ae106b1f7409d82a03f8296c8a6ab,5,top_heavy,"[150, 80, 50, 40, 30]",0,0.07692307692307693,1
551,374f14d949354e9aa9bdcfdc090433d7,5,top_heavy,"[150, 80, 50, 40, 30]",1,1.0,1
552,051e0cb33cb64409bbf8e8e79165bacf,5,top_heavy,"[150, 80, 50, 40, 30]",1,1.0,1
553,cfc8297fe16243e68fd7df070d7bd587,5,top_heavy,"[150, 80, 50, 40, 30]",0,0.5217391304347826,1
554,7df3df70d1c74ae9a1255fbee295ef62,5,top_heavy,"[150, 80, 50, 40, 30]",0,0.13333333333333333,1
555,9238d14529524f97a206ee0d51f157b8,5,top_heavy,"[150, 80, 50, 40, 30]",0,0.06060606060606061,0
556,0c9774b9297641e39224f703c4e13ec6,5,top_heavy,"[150, 80, 50, 40, 30]",0,0.0,1
557,5837e1a0fc834500856bc94d81b68ac2,5,top_heavy,"[150, 80, 50, 40, 30]",0,0.0,0
558,95e677b8475e40e3a6abedec6fe17104,5,top_heavy,"[150, 80, 50, 40, 30]",0,0.0,0
559,04aa223c25b44b43ba9c2cc94fb5ccc1,5,top_heavy,"[150, 80, 50, 40, 30]",0,0.0,1
560,b18ad0a41f164debb57278760e011fd1,5,top_heavy,"[150, 80, 50, 40, 30]",0,0.0,0
561,2ff5deeb56834423b46cb59226137c85,5,top_heavy,"[150, 80, 50, 40, 30]",1,1.0,1
562,fc754599d5c048639de9864adbce649a,5,top_heavy,"[150, 80, 50, 40, 30]",0,0.0,1
563,962454a456cc4bbb9a8d5bfba6abf79c,5,top_heavy,"[150, 80, 50, 40, 30]",0,0.21052631578947367,1
564,902f161fe57f4998b07fd0de6d95270d,5,top_heavy,"[150, 80, 50, 40, 30]",0,0.888888888888889,1
565,386263cd9738415982f8a63c4d30c2c5,5,top_heavy,"[150, 80, 50, 40, 30]",0,0.6666666666666666,0
566,7fa327c5d6d443e8b5528c521db7bf65,5,top_heavy,"[150, 80, 50, 40, 30]",0,0.0,0
567,a3350d80e3c94368aed1d9a34577d519,5,top_heavy,"[150, 80, 50, 40, 30]",0,0.0,1
568,0cecc7cafa884126923093cb39466c96,5,top_heavy,"[150, 80, 50, 40, 30]",1,1.0,1
569,e23472157c0d4ebe81a0fa5c027b3359,5,top_heavy,"[150, 80, 50, 40, 30]",0,0.0,0
570,0d5bc4fc6f0c425b98565b8f80bb6e43,5,top_heavy,"[150, 80, 50, 40, 30]",0,0.0,0
571,0104a4f929b64f0e84d574262a285e30,5,top_heavy,"[150, 80, 50, 40, 30]",1,1.0,1
572,c5dc840ded554956be6daa4c6631deb3,5,top_heavy,"[150, 80, 50, 40, 30]",1,1.0,1
573,6254496b903a42e680fd882f3283fb49,5,top_heavy,"[150, 80, 50, 40, 30]",1,1.0,1
574,1f73b3ea836548d496ef68c08f4369f4,5,top_heavy,"[150, 80, 50, 40, 30]",1,1.0,1
575,6c170e4dcb7d4be0a567d55d531ba222,5,top_heavy,"[150, 80, 50, 40, 30]",0,0.4,1
576,64ca162a7daf4ca0b747b8b3d75eca51,5,top_heavy,"[150, 80, 50, 40, 30]",0,0.0,0
577,a73cab123714432c9731e0568fd9d43c,5,top_heavy,"[150, 80, 50, 40, 30]",0,0.33333333333333337,1
578,e504aa46a10248e8b18cb4639dce0467,5,top_heavy,"[150, 80, 50, 40, 30]",0,0.5,1
579,8e5c3c1a2b514ea2b0d9eb06879364c2,5,top_heavy,"[150, 80, 50, 40, 30]",1,1.0,1
580,843521ec385d4ca797c3a37842424dae,5,top_heavy,"[150, 80, 50, 40, 30]",0,0.0,0
581,1554e7b389d54ff7904f0bf2d82e269c,5,top_heavy,"[150, 80, 50, 40, 30]",0,0.0,0
582,0c64ef2bbeb543bf87efbb0b2617f2b1,5,top_heavy,"[150, 80, 50, 40, 30]",1,1.0,1
583,ffc6152628c540ecae6e6bab7f420f28,5,top_heavy,"[150, 80, 50, 40, 30]",0,0.888888888888889,1
584,c7c63ad1a040451eaf13ad8160295ba0,5,top_heavy,"[150, 80, 50, 40, 30]",0,0.0,0
585,e6a17a43379a40d1a0388edd679e1fc3,5,top_heavy,"[150, 80, 50, 40, 30]",0,0.0,1
586,808b1f032cab4da587ca8837b7ee6686,5,top_heavy,"[150, 80, 50, 40, 30]",0,0.6666666666666666,1
587,28ae4259c5bd485a899ec68af2eb4264,5,top_heavy,"[150, 80, 50, 40, 30]",0,0.0,0
588,62179d55c8ab4178bb0450eafda198cf,5,top_heavy,"[150, 80, 50, 40, 30]",0,0.0,0
589,157c103f7f3942c8be2ee84825ff7f32,5,top_heavy,"[150, 80, 50, 40, 30]",0,0.0,1
590,c551f0e759174fbc80c4d851c51c31fd,5,top_heavy,"[150, 80, 50, 40, 30]",1,1.0,1
591,8a34a18a13e9487984c1d6839fed053e,5,top_heavy,"[150, 80, 50, 40, 30]",0,0.5,0
592,d4b5dfb2769d4208804f62b71b6e71c3,5,top_heavy,"[150, 80, 50, 40, 30]",0,0.0,0
593,77eaa1d176e14eb092f85c51020850ff,5,top_heavy,"[150, 80, 50, 40, 30]",0,0.0,0
594,8dbad2970e8945f0a4595ccae78e57e9,5,top_heavy,"[150, 80, 50, 40, 30]",0,0.0,0
595,01649970ebdc4958a48c133492620c31,5,top_heavy,"[150, 80, 50, 40, 30]",0,0.5,1
596,695bcb8dd90046bba77ed4fe322db935,5,top_heavy,"[150, 80, 50, 40, 30]",0,0.0,0
597,ce37bce116da48499f15b84b3c158692,5,top_heavy,"[150, 80, 50, 40, 30]",1,1.0,1
598,e88a0c1244b5484b830b44a6139bec80,5,top_heavy,"[150, 80, 50, 40, 30]",0,0.0,0
599,60b894ff9c6c43c58bc90fcc2aa78e43,5,top_heavy,"[150, 80, 50, 40, 30]",0,0.0,0
600,3ffa9e00578043369a677dc8661bfc96,5,top_heavy,"[150, 80, 50, 40, 30]",0,0.4347826086956522,1
601,22389bcc734d49d98fdccaf2c36e5c7f,5,top_heavy,"[150, 80, 50, 40, 30]",0,0.0,1
602,2d006592676144faac44e16423bfb178,5,top_heavy,"[150, 80, 50, 40, 30]",0,0.8,1
603,b20e7a05673a4b3c8ee29beaba23f73a,5,top_heavy,"[150, 80, 50, 40, 30]",1,1.0,1
604,299726f939f0420aaeb6e5f33a325d39,5,top_heavy,"[150, 80, 50, 40, 30]",0,0.0,0
605,4740a5c55c1f47bf93a59c65525f43e9,5,top_heavy,"[150, 80, 50, 40, 30]",1,1.0,1
606,c01e2730fd0544988a6e4c5dc11e0734,5,top_heavy,"[150, 80, 50, 40, 30]",0,0.0,0
607,02e40f5399fb4b2386f784865610ff5a,5,top_heavy,"[150, 80, 50, 40, 30]",1,1.0,1
608,d9f2855c8621457fb68bac161b7f811b,5,top_heavy,"[150, 80, 50, 40, 30]",0,0.0,1
609,4d2ab04164304690b5bbc05618e82a59,5,top_heavy,"[150, 80, 50, 40, 30]",0,0.0,1
610,0c1be19d610b4fa59930cc5cc930c9d2,5,top_heavy,"[150, 80, 50, 40, 30]",0,0.0,0
611,9d3dd78635084be1bb29a74d6ae963f6,5,top_heavy,"[150, 80, 50, 40, 30]",0,0.0,1
612,c992708e6d004bedb81d57b076e33286,5,top_heavy,"[150, 80, 50, 40, 30]",0,0.0,1
613,cf40be104bfe45338fb4e03c699a2f7f,5,top_heavy,"[150, 80, 50, 40, 30]",0,0.0,0
614,07ebc87534e64dfca8d40500fe2ecd3b,5,top_heavy,"[150, 80, 50, 40, 30]",0,0.0,1
615,7d4f644a529f41c4b257f9ffb9ce9c87,5,top_heavy,"[150, 80, 50, 40, 30]",0,0.0,1
616,18fa422e1baf476fbce6d230e0858000,5,top_heavy,"[150, 80, 50, 40, 30]",0,0.0,1
617,0178feda5ef74636ba6e5ba11135ceb6,5,top_heavy,"[150, 80, 50, 40, 30]",0,0.0,1
618,4a93c5ba8a9f4632b9fd8768d008ea73,5,top_heavy,"[150, 80, 50, 40, 30]",0,0.0,0
619,a0cdfbc45b3f4641b64a2dfd3bde4c2b,5,top_heavy,"[150, 80, 50, 40, 30]",0,0.0,0
620,79668b02828141b4bc20fd9faba0e2d9,5,top_heavy,"[150, 80, 50, 40, 30]",1,1.0,1
621,ebf5e6a8dd1742b68312c2c6ada5aad0,5,top_heavy,"[150, 80, 50, 40, 30]",0,0.0,0
622,599f7e94db9a48019f887451a66c4e1d,5,top_heavy,"[150, 80, 50, 40, 30]",0,0.0,1
623,00388805ff934f4a9f6c374dd50be557,5,top_heavy,"[150, 80, 50, 40, 30]",0,0.0,1
624,8067ee0ec3df4208924631047ae0c537,5,top_heavy,"[150, 80, 50, 40, 30]",0,0.16666666666666669,1
625,654cd3a33c974ab989777ea8cd69c130,5,top_heavy,"[150, 80, 50, 40, 30]",0,0.0,1
626,ed981c4aeb414002ad995530646965da,5,top_heavy,"[150, 80, 50, 40, 30]",0,0.0,0
627,23f830d9e6c24104852473a27360624c,5,top_heavy,"[150, 80, 50, 40, 30]",0,0.0,1
628,90f5064a214f4e05b9a65eb206d773ea,5,top_heavy,"[150, 80, 50, 40, 30]",1,1.0,1
629,47e690d71a1648aba0e8ee4f18ede013,5,top_heavy,"[150, 80, 50, 40, 30]",0,0.0,0
630,5dc68d2932bb4b0f861bd4642c674c43,5,top_heavy,"[150, 80, 50, 40, 30]",0,0.0,1
631,e04f0cda81094300afaba328511581fe,5,top_heavy,"[150, 80, 50, 40, 30]",0,0.0,0
632,f540c016913344238538408d0b3ac731,5,top_heavy,"[150, 80, 50, 40, 30]",0,0.05555555555555555,0
633,2cdea969eb1441afb20bee7330453eac,5,top_heavy,"[150, 80, 50, 40, 30]",0,0.0,0
634,d7a9a5bd73444bfd8f0d54e0ee743304,5,top_heavy,"[150, 80, 50, 40, 30]",0,0.5,1
635,1cf1d0fdb27f4ba6a2399a4a86b09b8e,5,top_heavy,"[150, 80, 50, 40, 30]",0,0.6666666666666666,1
636,807640dab41142919b0c0452a24b2e79,5,top_heavy,"[150, 80, 50, 40, 30]",0,0.0,0
637,61bcc7e8df9841939729131fba4cd039,5,top_heavy,"[150, 80, 50, 40, 30]",0,0.0,1
638,d6270ad7fc144895abf4552a2e0f8fc4,5,top_heavy,"[150, 80, 50, 40, 30]",0,0.5,1
639,06752c5554924c339e8cc99f3e4776aa,5,top_heavy,"[150, 80, 50, 40, 30]",0,0.5,1
640,60df89b8d9d34129982e9438443b7d96,5,top_heavy,"[150, 80, 50, 40, 30]",0,0.0,0
641,c90c0b26990c48c3b78097fd570a807b,5,top_heavy,"[150, 80, 50, 40, 30]",0,0.3870967741935484,1
642,c5c6a6a15e594958ba61f8231ad1c9d0,5,top_heavy,"[150, 80, 50, 40, 30]",0,0.0,1
643,eb2fd89fd658434d97ecf961b12aed59,5,top_heavy,"[150, 80, 50, 40, 30]",0,0.5,1
644,f380a5932d4b4a43969a84c3338edae0,5,top_heavy,"[150, 80, 50, 40, 30]",1,1.0,1
645,a65e6461f74c47c9a5ffee9366dea0a4,5,top_heavy,"[150, 80, 50, 40, 30]",1,1.0,1
646,8f3827c3491247c7ab4d7706cbb8ef6d,5,top_heavy,"[150, 80, 50, 40, 30]",0,0.22222222222222224,0
647,3f70de0169eb42c3a4b40cd1e5f1be61,5,top_heavy,"[150, 80, 50, 40, 30]",1,1.0,1
648,f5855e26ffa944fab475fd077cb06a43,5,top_heavy,"[150, 80, 50, 40, 30]",0,0.0,0
649,db63ac356f6a4df8b59087b055a45357,5,top_heavy,"[150, 80, 50, 40, 30]",0,0.0,0
650,9c03696110b94d56bbfbc83746f79a94,5,top_heavy,"[150, 80, 50, 40, 30]",0,0.0,0
651,c4b8fa26b7e741fd8b4b8e4120d39d41,5,top_heavy,"[150, 80, 50, 40, 30]",0,0.7499999999999999,1
652,5a1d3756a44c4a5ba9b30237dd1c807f,5,top_heavy,"[150, 80, 50, 40, 30]",0,0.0,1
653,50e8ae7a28b347edbef6a9604da6802a,5,top_heavy,"[150, 80, 50, 40, 30]",0,0.09523809523809523,1
654,29cf64bece6c424f80f4a55c46fc523f,5,top_heavy,"[150, 80, 50, 40, 30]",0,0.0,0
655,e17e9f25a202485c8d14b354a92e101d,5,top_heavy,"[150, 80, 50, 40, 30]",0,0.0,0
656,17ca78d8ef664047ad404f91d1f62c4b,5,top_heavy,"[150, 80, 50, 40, 30]",0,0.0,1
657,0af0869096df4dff8325c3f2ff584087,5,top_heavy,"[150, 80, 50, 40, 30]",0,0.8,1
658,580cfb51fef84f5e9cb2de0be76eaa61,5,top_heavy,"[150, 80, 50, 40, 30]",0,0.6666666666666666,1
659,c0d5e844424d4d9bb84902a8ce411cc2,5,top_heavy,"[150, 80, 50, 40, 30]",0,0.1111111111111111,1
660,c24d3c06799444db84d703cd715d2979,5,top_heavy,"[150, 80, 50, 40, 30]",0,0.0,1
661,ef29092974ce40b980f963ac746247ec,5,top_heavy,"[150, 80, 50, 40, 30]",0,0.0,1
662,b7e11924f8a34063ba5445261471e552,5,top_heavy,"[150, 80, 50, 40, 30]",1,1.0,1
663,a25ba84fca504b2aa4e126007a22a14f,5,top_heavy,"[150, 80, 50, 40, 30]",0,0.5,1
664,0134a374dcf1451a820c7fd997862851,5,top_heavy,"[150, 80, 50, 40, 30]",0,0.0,0
665,72fa80f3ffa24cadbc2df7c806b0b59b,5,top_heavy,"[150, 80, 50, 40, 30]",0,0.0,0
666,692352f2fd7d4a389c1f1ca96570be32,5,top_heavy,"[150, 80, 50, 40, 30]",0,0.16666666666666666,0
667,e9e6e952876b4c2b864f9c5fd00a3d8a,5,top_heavy,"[150, 80, 50, 40, 30]",0,0.0,0
668,fe0121ef5b874df0bfca5369f2253f03,5,top_heavy,"[150, 80, 50, 40, 30]",0,0.0,1
669,4453276e770a4ed7b7051d9d65d40975,5,top_heavy,"[150, 80, 50, 40, 30]",1,1.0,1
670,ea6918ad41e84412b642d9ac01b6d839,5,top_heavy,"[150, 80, 50, 40, 30]",0,0.0,1
671,99429dc4d1044cb49e70ceb6f3914e07,5,top_heavy,"[150, 80, 50, 40, 30]",0,0.0,1
672,7def903743ac43748483019d8b62d815,5,top_heavy,"[150, 80, 50, 40, 30]",0,0.0,0
673,8a018a8b09d14b4cb164c0abfd1594bb,5,top_heavy,"[150, 80, 50, 40, 30]",1,1.0,1
674,8907b0e8c2e142a395a35b0c5560fe6a,5,top_heavy,"[150, 80, 50, 40, 30]",0,0.046511627906976744,0
675,1ae4333af7ca4c33953c8030c3aed22f,5,top_heavy,"[150, 80, 50, 40, 30]",0,0.0,0
676,989fede52bf840609bb69d7ba143301b,5,top_heavy,"[150, 80, 50, 40, 30]",0,0.0,0
677,368647e758554203bcd6310b0cb41a9f,5,top_heavy,"[150, 80, 50, 40, 30]",0,0.0,0
678,2662231ec6934df58d84e851aaff80fc,5,top_heavy,"[150, 80, 50, 40, 30]",1,1.0,1
679,aa4169b3de364c318562b0b09308caa0,5,top_heavy,"[150, 80, 50, 40, 30]",0,0.0,1
680,a71f1a9b718241dd890fd8feb1be3ab8,5,top_heavy,"[150, 80, 50, 40, 30]",0,0.125,0
681,4d50fbdd13184f64aa70b8e68ea872d8,5,top_heavy,"[150, 80, 50, 40, 30]",0,0.0,1
682,914623f6bde244cab5e20f01a6d2560b,5,top_heavy,"[150, 80, 50, 40, 30]",0,0.0,1
683,6a80ae4b171345c3ba541b8aa343b1be,5,top_heavy,"[150, 80, 50, 40, 30]",0,0.0,0
684,055162a66045404b8d06e59773ef2e49,5,top_heavy,"[150, 80, 50, 40, 30]",0,0.19999999999999998,1
685,6e0186a28acb4427aedaee03db16e623,5,top_heavy,"[150, 80, 50, 40, 30]",0,0.0,1
686,7f5733184c134247ad79a6d2bc6f0081,5,top_heavy,"[150, 80, 50, 40, 30]",0,0.4,1
687,831bd2a4a96f4496947a5656ac12135d,5,top_heavy,"[150, 80, 50, 40, 30]",0,0.12000000000000001,0
688,1d5e987319ba4158a12cab23543a04aa,5,top_heavy,"[150, 80, 50, 40, 30]",0,0.0,0
689,c9a9b912b07b4c91a98f4134fbc3c6f5,5,top_heavy,"[150, 80, 50, 40, 30]",0,0.0,1
690,a7fafb4013664c78a931293de688bedb,5,top_heavy,"[150, 80, 50, 40, 30]",0,0.0,1
691,0099081da3eb4d36bc020201d4f97a27,5,top_heavy,"[150, 80, 50, 40, 30]",0,0.0,0
692,b33f0ec8e82f44baa01e6b09f9e69104,5,top_heavy,"[150, 80, 50, 40, 30]",0,0.0,1
693,e62ec634d4b44a50842d1913910877a5,5,top_heavy,"[150, 80, 50, 40, 30]",0,0.08695652173913043,1
694,c78e0c2903384595af84d1f0cf51a54f,5,top_heavy,"[150, 80, 50, 40, 30]",0,0.0,0
695,d313b671236c48f3b029c72fbc46971b,5,top_heavy,"[150, 80, 50, 40, 30]",0,0.0,0
696,3d674d0b82684e87bdc226d9d614e6e4,5,top_heavy,"[150, 80, 50, 40, 30]",0,0.0,0
697,4054abd26fcb4958b130fe94dda895ee,5,top_heavy,"[150, 80, 50, 40, 30]",1,1.0,1
698,65e2cb72034947f0ad2e4fbae41a103e,5,top_heavy,"[150, 80, 50, 40, 30]",0,0.5384615384615385,1
699,c1b2178b59534886b5fab6b21bb11662,5,top_heavy,"[150, 80, 50, 40, 30]",1,1.0,1
700,ca8d39a6862e49b58a03a0da02a7bede,5,top_heavy,"[150, 80, 50, 40, 30]",0,0.0,0
701,daa68770d88b4dbabfc2955ecc647750,5,top_heavy,"[150, 80, 50, 40, 30]",0,0.0,0
702,504074fdd18a4bfdb3c4d8b3d6a4b589,5,top_heavy,"[150, 80, 50, 40, 30]",0,0.0,0
703,ba3edfff481042f2a104ffdc278727c0,5,top_heavy,"[150, 80, 50, 40, 30]",0,0.0,0
704,08b635995bc64aefba8d3fdb405e1b4b,5,top_heavy,"[150, 80, 50, 40, 30]",0,0.0,0
705,775656e96e4747f5a17cc2b57edd12b7,5,top_heavy,"[150, 80, 50, 40, 30]",0,0.0,1
706,b2726529c0374da2bcb670a3c89f58a4,5,top_heavy,"[150, 80, 50, 40, 30]",0,0.0,0
707,7951ebb574024ca7958ac8e4f56cc046,5,top_heavy,"[150, 80, 50, 40, 30]",0,0.0,1
708,a0eed9d8178c4928b016bdf106f59e9e,5,top_heavy,"[150, 80, 50, 40, 30]",0,0.0,0
709,ed28bccab4dc46f0a12e98fd366f2a83,5,top_heavy,"[150, 80, 50, 40, 30]",0,0.0,0
710,1329f988ad3845129c304b54501c934c,5,top_heavy,"[150, 80, 50, 40, 30]",0,0.6666666666666666,1
711,bccab12e798e428b8869c19eb4feac2c,5,top_heavy,"[150, 80, 50, 40, 30]",0,0.0,0
712,692084604fa74539aa32ec6abec75341,5,top_heavy,"[150, 80, 50, 40, 30]",0,0.34285714285714286,1
713,3e4aa100c744486d883502dd35d3569c,5,top_heavy,"[150, 80, 50, 40, 30]",0,0.0,0
714,aa7ddfbb8f3c403ba5b0a0ded76f2bff,5,top_heavy,"[150, 80, 50, 40, 30]",0,0.0,0
715,ba1325c4040040a0b7809a32536da5fe,5,top_heavy,"[150, 80, 50, 40, 30]",0,0.0,0
716,3257fb95269946feab9eeec2ebcd3522,5,top_heavy,"[150, 80, 50, 40, 30]",1,1.0,1
717,fea7e77ef2364dcdb4bbfa5d69b0c0ef,5,top_heavy,"[150, 80, 50, 40, 30]",0,0.6666666666666666,1
718,60438978506949e79645c14afd3a21dd,5,top_heavy,"[150, 80, 50, 40, 30]",0,0.6666666666666666,1
719,5d6123571c4f4e5cb365ed1f2f6453f6,5,top_heavy,"[150, 80, 50, 40, 30]",0,0.0,1
720,f888582a9e324a639852992392b5a0cf,5,top_heavy,"[150, 80, 50, 40, 30]",0,0.0,0
721,6eeccb736c5f4d72944f4c46e4859c9d,5,top_heavy,"[150, 80, 50, 40, 30]",0,0.6666666666666666,1
722,8cd035648dd64edb912f01d1b01e6b89,5,top_heavy,"[150, 80, 50, 40, 30]",0,0.0,0
723,7b190c41b59249bcab29c887d579bb26,5,top_heavy,"[150, 80, 50, 40, 30]",1,1.0,1
724,aee9e1f69d5048c2a687b4a5acc056be,5,top_heavy,"[150, 80, 50, 40, 30]",0,0.5714285714285715,1
725,3e5332718ede4bcb99b7c336ff05b9dd,5,top_heavy,"[150, 80, 50, 40, 30]",1,1.0,1
726,d974393cef5d43e791127eaed8ddb259,5,top_heavy,"[150, 80, 50, 40, 30]",1,1.0,1
727,1cc48ae35d6a4676a0823fdf2550f2ea,5,top_heavy,"[150, 80, 50, 40, 30]",0,0.0,0
728,21532189e740426194a08808390eb2b4,5,top_heavy,"[150, 80, 50, 40, 30]",0,0.0,0
729,64fee0d345024f42864a361022475420,5,top_heavy,"[150, 80, 50, 40, 30]",1,1.0,1
730,e4533ea2a1404bc285933f7355d58203,5,top_heavy,"[150, 80, 50, 40, 30]",0,0.0,0
731,a23bfc2ed0ea4b19b736c30f73f7e406,5,top_heavy,"[150, 80, 50, 40, 30]",0,0.0,0
732,7ca689bb9bd94572af15fb45f2257266,5,top_heavy,"[150, 80, 50, 40, 30]",1,1.0,1
733,311ea5e6c28d46ecb378b855eb0ffe59,5,top_heavy,"[150, 80, 50, 40, 30]",0,0.0,1
734,12cc92d88fd24d6697009b061d1769c2,5,top_heavy,"[150, 80, 50, 40, 30]",1,1.0,1
735,beefda6210c047899b54a61290a9837c,5,top_heavy,"[150, 80, 50, 40, 30]",0,0.8,1
736,928e2cc022da44a4893b47a7fa37e1c6,5,top_heavy,"[150, 80, 50, 40, 30]",0,0.0,1
737,241efa1cac394ac983b144420a13a162,5,top_heavy,"[150, 80, 50, 40, 30]",1,1.0,1
738,1c67f7f0037b4ab1bb510cba499d11a4,5,top_heavy,"[150, 80, 50, 40, 30]",0,0.5,1
739,f687cfbb7bec408799b8b6f8285b5608,5,top_heavy,"[150, 80, 50, 40, 30]",0,0.0,1
740,2e613fb291864bdd8a0198c5df5ae238,5,top_heavy,"[150, 80, 50, 40, 30]",0,0.0,0
741,f5b7236c16734b2388cf37cfd5cbf27b,5,top_heavy,"[150, 80, 50, 40, 30]",0,0.0,1
742,3a1ba8b914d141eaac80d5de56ed0114,5,top_heavy,"[150, 80, 50, 40, 30]",0,0.0,0
743,671b2208301e460ba1fa588e350b82d6,5,top_heavy,"[150, 80, 50, 40, 30]",0,0.0,1
744,388dcae5aa9248318cd8d493a4c3519b,5,top_heavy,"[150, 80, 50, 40, 30]",1,1.0,1
745,2fcab3f4f6484d8992a6c2aa67aeec69,5,top_heavy,"[150, 80, 50, 40, 30]",0,0.0625,1
746,d0bae44433814b2da5d10519d7ea3695,5,top_heavy,"[150, 80, 50, 40, 30]",0,0.0,1
747,6c60d0e46b4a49068acd95570c520c6f,5,top_heavy,"[150, 80, 50, 40, 30]",1,1.0,1
748,2a8e2d0e16d64cc2a03180e7dfb8d745,5,top_heavy,"[150, 80, 50, 40, 30]",0,0.6666666666666666,0
749,6489bd7df2d04a8aa23561eaed38c793,5,top_heavy,"[150, 80, 50, 40, 30]",0,0.0,1
750,6082452e7aeb4e828079e15ab4e7a9a9,5,top_heavy,"[150, 80, 50, 40, 30]",0,0.0,0
751,fc16e9799a154e94b2bcade2e9eacd72,5,top_heavy,"[150, 80, 50, 40, 30]",0,0.0,1
752,17a72d69d7fd4e2fb9c562451e5434ef,5,top_heavy,"[150, 80, 50, 40, 30]",0,0.5714285714285715,1
753,755056d3d07940929387e2e7e76f4acf,5,top_heavy,"[150, 80, 50, 40, 30]",0,0.0,0
754,cbef062d89b944c5acd16f892a79611c,5,top_heavy,"[150, 80, 50, 40, 30]",1,1.0,1
755,a8ec79c66e284a45a63c7dcdcf4f9064,5,top_heavy,"[150, 80, 50, 40, 30]",0,0.0,1
756,6803dc0693214791b3058a87480b15d6,5,top_heavy,"[150, 80, 50, 40, 30]",0,0.13333333333333333,1
757,733d2fd24b0b40f7ba5f0edaed20cca9,5,top_heavy,"[150, 80, 50, 40, 30]",0,0.09090909090909091,1
758,5a154a6b5c364e79b30a1bd2c9e47e0c,5,top_heavy,"[150, 80, 50, 40, 30]",0,0.0,0
759,dc1fb48848df419fba9692dffef22844,5,top_heavy,"[150, 80, 50, 40, 30]",0,0.0,0
760,581d677951c7404d922d56e144504b82,5,top_heavy,"[150, 80, 50, 40, 30]",1,1.0,1
761,3f24c1ba50b04f8493f8663fd779846e,5,top_heavy,"[150, 80, 50, 40, 30]",0,0.0,0
762,a10d412bc874427b9f8df9a729c686a8,5,top_heavy,"[150, 80, 50, 40, 30]",0,0.06060606060606061,0
763,99a7d09d04634cc08435d1e4bde155b5,5,top_heavy,"[150, 80, 50, 40, 30]",0,0.0,0
764,5544aab55fe744fab13706c13fcb4f96,5,top_heavy,"[150, 80, 50, 40, 30]",0,0.0,1
765,412a163387474317b4eb02196506d1f4,5,top_heavy,"[150, 80, 50, 40, 30]",0,0.047619047619047616,1
766,a1c71fcc9f6a468c9468d13d69e711a7,5,top_heavy,"[150, 80, 50, 40, 30]",0,0.0,0
767,3287651f8746453ba1943191b85095a9,5,top_heavy,"[150, 80, 50, 40, 30]",0,0.0,1
768,e2d0189ba8fd449889044fecb68c28b2,5,top_heavy,"[150, 80, 50, 40, 30]",0,0.0,1
769,567c70fec2634f439e055ef5fb30135d,5,top_heavy,"[150, 80, 50, 40, 30]",0,0.0,0
770,febb62323b274b678dc47bb096688f4c,5,top_heavy,"[150, 80, 50, 40, 30]",1,1.0,1
771,e08b24a8d41544e38f2489b4e32e2764,5,top_heavy,"[150, 80, 50, 40, 30]",0,0.0,1
772,ecd82d14cb3e4e28b8307e44f4784ff5,5,top_heavy,"[150, 80, 50, 40, 30]",0,0.0,1
773,a0b2f384132d475d9b375afdc5343fb2,5,top_heavy,"[150, 80, 50, 40, 30]",0,0.0,1
774,1703025033a448048d6f688f9321e2a2,5,top_heavy,"[150, 80, 50, 40, 30]",0,0.0,1
775,6c8c2af2e7b14a84acf550c9253961d8,5,top_heavy,"[150, 80, 50, 40, 30]",0,0.0,0
776,6368dd06f186478dae5ba3271569ef66,5,top_heavy,"[150, 80, 50, 40, 30]",0,0.08888888888888888,0
777,019a54c5394847ec81325e8bdaf8355f,5,top_heavy,"[150, 80, 50, 40, 30]",0,0.0,0
778,4ae06e8228ca4ca89224a8598de5e6d9,5,top_heavy,"[150, 80, 50, 40, 30]",0,0.0,0
779,8ff3ddfe7f3a41e294a831e452189dd5,5,top_heavy,"[150, 80, 50, 40, 30]",0,0.05,0
780,52f45355af90482cb6a950e995783d4b,5,top_heavy,"[150, 80, 50, 40, 30]",0,0.0,0
781,b455ff336ebe403e896b9be3465811f7,5,top_heavy,"[150, 80, 50, 40, 30]",1,1.0,1
782,fef91dcc799042b59201fc0f963a8b17,5,top_heavy,"[150, 80, 50, 40, 30]",0,0.0,0
783,a2374c9022504b94b1a832c91ab535fe,5,top_heavy,"[150, 80, 50, 40, 30]",0,0.5,1
784,f1fca269781c4454a9fbcf23844c79dd,5,top_heavy,"[150, 80, 50, 40, 30]",0,0.8,1
785,828c73b72b124615b8ccc1cf1ab1014b,5,top_heavy,"[150, 80, 50, 40, 30]",1,1.0,1
786,ba9e926ece6b4b6e844f51d0b7b0f056,5,top_heavy,"[150, 80, 50, 40, 30]",1,1.0,1
787,b6ae22e3a9d04cfbaf6206a39dd062da,5,top_heavy,"[150, 80, 50, 40, 30]",0,0.6666666666666666,1
788,1b9decbc39c949e8bf28c759dfe4baa2,5,top_heavy,"[150, 80, 50, 40, 30]",0,0.0,1
789,f5b0c1a6b5824201baa94cf53c56f0c5,5,top_heavy,"[150, 80, 50, 40, 30]",1,1.0,0
790,1fe12d7bff7a46d79f76ccc655caf66c,5,top_heavy,"[150, 80, 50, 40, 30]",0,0.0,1
791,3ca19860d31d40d58c3d6018498bbc5e,5,top_heavy,"[150, 80, 50, 40, 30]",1,1.0,1
792,de7fae20ac624dc9af5949d97f30a79a,5,top_heavy,"[150, 80, 50, 40, 30]",0,0.28571428571428575,1
793,d9d30d695b524637976deff70f6a7afd,5,top_heavy,"[150, 80, 50, 40, 30]",0,0.6666666666666666,1
794,8be91aa0873e4a4bb89703628089432a,5,top_heavy,"[150, 80, 50, 40, 30]",1,1.0,1
795,a3ff08899c474fcdaaae2dd2409ec7a0,5,top_heavy,"[150, 80, 50, 40, 30]",0,0.0,1
796,bb1589db33fa4309b9b3f7fb5e4b3480,5,top_heavy,"[150, 80, 50, 40, 30]",0,0.0,1
797,2d6a236fd6104736bfb0ae4404ee6ea9,5,top_heavy,"[150, 80, 50, 40, 30]",0,0.6666666666666666,1
798,9c4719555e46425496a22559eff66115,5,top_heavy,"[150, 80, 50, 40, 30]",0,0.0,0
799,3a63e60b8ef140d28f31325f8211cb10,5,top_heavy,"[150, 80, 50, 40, 30]",0,0.0,0
800,93447ee40a954604bc8e1c926079b785,5,top_heavy,"[150, 80, 50, 40, 30]",1,1.0,1
801,aa55b1829c9c41e28f3998d32da669ec,5,top_heavy,"[150, 80, 50, 40, 30]",0,0.6666666666666666,1
802,6eb7f187d8aa4f319e63ad269404dab2,5,top_heavy,"[150, 80, 50, 40, 30]",0,0.5,1
803,67a58f5e2ff7455f8807463f414f9b99,5,top_heavy,"[150, 80, 50, 40, 30]",0,0.0,1
804,d62824da543e474da60ae07308009055,5,top_heavy,"[150, 80, 50, 40, 30]",0,0.0,0
805,b3d58c3cb86044e1ac53ac99a0246d3b,5,top_heavy,"[150, 80, 50, 40, 30]",0,0.0,1
806,6973eb89fb1441328fc7a79248c2a0ec,5,top_heavy,"[150, 80, 50, 40, 30]",0,0.0,0
807,dca240ce71894a9798451f919b5d9df0,5,top_heavy,"[150, 80, 50, 40, 30]",0,0.2857142857142857,1
808,b0d95637bcb44afb96457d3053631d5f,5,top_heavy,"[150, 80, 50, 40, 30]",1,1.0,1
809,8de2ee8d56464a9d971fdae65ae0f72b,5,top_heavy,"[150, 80, 50, 40, 30]",0,0.0,1
810,83966e58471549e2adc73c25f58c846b,5,top_heavy,"[150, 80, 50, 40, 30]",0,0.0,0
811,bb0d3b5086f845df8acfbf503fa4c2ff,5,top_heavy,"[150, 80, 50, 40, 30]",0,0.0,1
812,706ce26401d54a5d94687fb541f7350c,5,top_heavy,"[150, 80, 50, 40, 30]",0,0.05555555555555556,1
813,bf72c01037194351b8d906e8e8c4c0cc,5,top_heavy,"[150, 80, 50, 40, 30]",0,0.0,0
814,afa333ac95d848f0a60cde4f10d6e261,5,top_heavy,"[150, 80, 50, 40, 30]",0,0.0,0
815,41d5a6d229964b50b3c73d5bc9a5d1fa,5,top_heavy,"[150, 80, 50, 40, 30]",0,0.0,1
816,b94b8e734c3b40eaba7291c227e2edb7,5,top_heavy,"[150, 80, 50, 40, 30]",0,0.0,1
817,786765cfe8b44449af887152402aaa29,5,top_heavy,"[150, 80, 50, 40, 30]",0,0.0,1
818,031cc546d2904282a49ea01dcfa886c8,5,top_heavy,"[150, 80, 50, 40, 30]",0,0.0,0
819,9759378e0cc44a1c839214bdaa26612d,5,top_heavy,"[150, 80, 50, 40, 30]",0,0.0,1
820,963f7654e83b425bbeadf56527740ba0,5,top_heavy,"[150, 80, 50, 40, 30]",0,0.0,0
821,4fed7ee44ec9407ebf2f05e33d2f6d54,5,top_heavy,"[150, 80, 50, 40, 30]",0,0.0,0
822,e75dd8d226914bd9b9070a34d57ff0c9,5,top_heavy,"[150, 80, 50, 40, 30]",0,0.0,1
823,92216f1e211c4ddf968b958588255feb,5,top_heavy,"[150, 80, 50, 40, 30]",0,0.21052631578947367,0
824,fc9ff2ab888d45b79fa4959911c65e59,5,top_heavy,"[150, 80, 50, 40, 30]",0,0.0,1
825,dadbf5853ac746239f484a0c7ff02245,5,top_heavy,"[150, 80, 50, 40, 30]",0,0.0,1
826,b4e39f9e15734b6a82739950c34aa8ee,5,top_heavy,"[150, 80, 50, 40, 30]",0,0.04761904761904762,1
827,5ed1ab8a035e44ec9200692431509884,5,top_heavy,"[150, 80, 50, 40, 30]",0,0.0425531914893617,0
828,2bffb804aab041ee9605adbff83fe141,5,top_heavy,"[150, 80, 50, 40, 30]",0,0.0,0
829,ba4602ee540d4fcfb52af541b3e7dfd8,5,top_heavy,"[150, 80, 50, 40, 30]",0,0.0,1
830,45a6d0b6364d49129a59f0a062a2f9a8,5,top_heavy,"[150, 80, 50, 40, 30]",0,0.0,1
831,199178bd55f849279f0e163c691d0903,5,top_heavy,"[150, 80, 50, 40, 30]",1,1.0,1
832,745c742fa8d94abe88d1330cd4cdae1d,5,top_heavy,"[150, 80, 50, 40, 30]",1,1.0,1
833,13c7ec87c0324be5bee05d51772027c5,5,top_heavy,"[150, 80, 50, 40, 30]",0,0.4,1
834,2f82125c096845fc8b5fc65418c486aa,5,top_heavy,"[150, 80, 50, 40, 30]",0,0.5,1
835,6c8e1e1b56bc4eb5b99b83ce6c5f3afd,5,top_heavy,"[150, 80, 50, 40, 30]",1,1.0,1
836,d37cc022c8344772b7d7261033a37c29,5,top_heavy,"[150, 80, 50, 40, 30]",0,0.038461538461538464,1
837,c034e68af36c41d79e0782c060d7acbd,5,top_heavy,"[150, 80, 50, 40, 30]",0,0.6666666666666666,1
838,0986a62e4b4b48be90e2c9172a5b9617,5,top_heavy,"[150, 80, 50, 40, 30]",0,0.12121212121212122,1
839,69bda7a3b8cb4e2baecd4fedbe7458ce,5,top_heavy,"[150, 80, 50, 40, 30]",0,0.0,1
840,144e38b6eea047c99e7ec1d8dbb6cbbc,5,top_heavy,"[150, 80, 50, 40, 30]",0,0.5714285714285715,1
841,3cb0174eaaf54d35878f92077740136c,5,top_heavy,"[150, 80, 50, 40, 30]",0,0.0,0
842,e53753e6f784486091c8dce069d90994,5,top_heavy,"[150, 80, 50, 40, 30]",0,0.0,1
843,6d34f597fdc54dd2aa1a8a9e32e596cb,5,top_heavy,"[150, 80, 50, 40, 30]",0,0.0,1
844,dbc0bbc541124ed0843db76f2e3a1581,5,top_heavy,"[150, 80, 50, 40, 30]",0,0.0,1
845,7f00e9c077324f689c8b0746c6381e0e,5,top_heavy,"[150, 80, 50, 40, 30]",0,0.6666666666666666,1
846,bb720c2091ee4a94a85eb81aa5a7acc3,5,top_heavy,"[150, 80, 50, 40, 30]",0,0.0,0
847,aecbba5c017943a79d643d0cc71e57b7,5,top_heavy,"[150, 80, 50, 40, 30]",1,1.0,1
848,a04a4431e605471480fb64662b38504d,5,top_heavy,"[150, 80, 50, 40, 30]",0,0.0,0
849,60bbae0fbec24bf2a8de8ac0b7076b24,5,top_heavy,"[150, 80, 50, 40, 30]",0,0.0,1
850,f20bdc9681624087af1dda063b3a6945,5,top_heavy,"[150, 80, 50, 40, 30]",1,1.0,1
851,0161b1de8e9944f58ba3663305c9759a,5,top_heavy,"[150, 80, 50, 40, 30]",0,0.0,1
852,33ad75a283674ce5a8178438d8739810,5,top_heavy,"[150, 80, 50, 40, 30]",0,0.45161290322580644,1
853,3de977d9d8c142c79231c332dad7cfdf,5,top_heavy,"[150, 80, 50, 40, 30]",0,0.0,1
854,42fb458e399b41f9b78a83d4b30d27b0,5,top_heavy,"[150, 80, 50, 40, 30]",0,0.11428571428571428,0
855,96b2b16f84e8465d9de71f9fa9718941,5,top_heavy,"[150, 80, 50, 40, 30]",0,0.0,1
856,68d323c49f9740abbda05876aebfd5d7,5,top_heavy,"[150, 80, 50, 40, 30]",1,1.0,1
857,415c375731994f69a116e415444abd99,5,top_heavy,"[150, 80, 50, 40, 30]",0,0.07142857142857142,1
858,9fb85b5dcad34ba497f04a41616f6d0c,5,top_heavy,"[150, 80, 50, 40, 30]",0,0.0,0
859,40d56efbcf5041ff9ab958e865e63171,5,top_heavy,"[150, 80, 50, 40, 30]",1,1.0,1
860,16d87b6d44b74c9d9c705b0471dcb4b2,5,top_heavy,"[150, 80, 50, 40, 30]",0,0.0,0
861,1082fd6599c245bba88c6c46ce86eef8,5,top_heavy,"[150, 80, 50, 40, 30]",0,0.0,0
862,d316c97abd1e4815a14a66b9b76df881,5,top_heavy,"[150, 80, 50, 40, 30]",1,1.0,1
863,160bd2f1f99b4697a5945323087874cb,5,top_heavy,"[150, 80, 50, 40, 30]",0,0.6666666666666666,1
864,703c1f0b768d4732afa9e6a5a2d05091,5,top_heavy,"[150, 80, 50, 40, 30]",0,0.0,0
865,85ff90e4fd9c4c8790b6414520150e51,5,top_heavy,"[150, 80, 50, 40, 30]",0,0.16666666666666669,1
866,7c34ec6a706d4aaf96e4f3356fe2da7c,5,top_heavy,"[150, 80, 50, 40, 30]",0,0.0,1
867,6f811a0a4db94a648917355fabbd40ae,5,top_heavy,"[150, 80, 50, 40, 30]",1,1.0,1
868,48e5d37aaea9404a891d01584e699f18,5,top_heavy,"[150, 80, 50, 40, 30]",1,1.0,1
869,3e8a38a0b3e64f809e791704ac768b95,5,top_heavy,"[150, 80, 50, 40, 30]",0,0.0,0
870,1b454ee0cee8452986cf0b57342e8534,5,top_heavy,"[150, 80, 50, 40, 30]",0,0.0,1
871,893449002d894f7695b2a32aa7713cb5,5,top_heavy,"[150, 80, 50, 40, 30]",0,0.0,1
872,1405700ba6ce4058a4fa68e3c3d680e3,5,top_heavy,"[150, 80, 50, 40, 30]",1,1.0,1
873,5579074640614bacbdd03ed34a3ddf08,5,top_heavy,"[150, 80, 50, 40, 30]",0,0.7000000000000001,1
874,09553563f3b94bfd88d2887043744b77,5,top_heavy,"[150, 80, 50, 40, 30]",1,1.0,1
875,ed00bbd0da8841fa9bb15f15859a9876,5,top_heavy,"[150, 80, 50, 40, 30]",1,1.0,1
876,6dd10f33c4f8423080bdcf84c8a01ef1,5,top_heavy,"[150, 80, 50, 40, 30]",0,0.0,0
877,959464bf0c7c44ba8f2b21448867e4ad,5,top_heavy,"[150, 80, 50, 40, 30]",0,0.0,0
878,bf7fc80bf1024d73b6f5cea672696789,5,top_heavy,"[150, 80, 50, 40, 30]",0,0.0,1
879,06631314756e4d9fa7eb5f040d4d9da4,5,top_heavy,"[150, 80, 50, 40, 30]",0,0.2608695652173913,1
880,1d9dc72255774f95b5e274139d8ea9bd,5,top_heavy,"[150, 80, 50, 40, 30]",0,0.0,1
881,eb0682a6d1694acf886b84a407d68416,5,top_heavy,"[150, 80, 50, 40, 30]",0,0.08695652173913043,1
882,94b1187d3e5c4282983df4ab44d3d46b,5,top_heavy,"[150, 80, 50, 40, 30]",0,0.17391304347826084,1
883,50b4c8f6f61a48c289fff1e90d3c1c68,5,top_heavy,"[150, 80, 50, 40, 30]",1,1.0,1
884,8c5e2893db634635891ae6afd30261c4,5,top_heavy,"[150, 80, 50, 40, 30]",0,0.0,0
885,9eecb36f5cb44bb18d24b6efe6824a06,5,top_heavy,"[150, 80, 50, 40, 30]",0,0.0,1
886,25223706065646aebcebc831d267c30d,5,top_heavy,"[150, 80, 50, 40, 30]",0,0.0,0
887,f97a45e3576644eda7c95849e50babef,5,top_heavy,"[150, 80, 50, 40, 30]",1,1.0,1
888,08aee7c44c404089b766cbe0fa2d55f5,5,top_heavy,"[150, 80, 50, 40, 30]",0,0.0,1
889,6d1b542705c74dfcb9ca889be8fc5c82,5,top_heavy,"[150, 80, 50, 40, 30]",0,0.08,0
890,8ce493334e064c2f97343909d7ddb91e,5,top_heavy,"[150, 80, 50, 40, 30]",0,0.0,1
891,eb6590ce2f134b889d853696a1519eca,5,top_heavy,"[150, 80, 50, 40, 30]",0,0.04761904761904762,1
892,b5ada864c0934f8b98d919dae0bcec35,5,top_heavy,"[150, 80, 50, 40, 30]",1,1.0,1
893,73d58decb36a470e91d5491834972a95,5,top_heavy,"[150, 80, 50, 40, 30]",0,0.0,1
894,7d08f62337054caa8e0104c19a653158,5,top_heavy,"[150, 80, 50, 40, 30]",0,0.0,1
895,7a24d5cc2a8f44819ca35879d229e8bc,5,top_heavy,"[150, 80, 50, 40, 30]",0,0.0,0
896,97034e6a207f4a238a49bf7babb932e9,5,top_heavy,"[150, 80, 50, 40, 30]",1,1.0,1
897,d0ef3a30427c4d66a516feb413c6b262,5,top_heavy,"[150, 80, 50, 40, 30]",0,0.0,1
898,59cca53e121949e39742ee34a89cffab,5,top_heavy,"[150, 80, 50, 40, 30]",0,0.0,1
899,a645bb94c6194b119832d8e395b47a0c,5,top_heavy,"[150, 80, 50, 40, 30]",0,0.0,0
900,9e32a1d3fd11455280d3aecde908c2e6,5,top_heavy,"[150, 80, 50, 40, 30]",0,0.14285714285714288,0
901,7d7537366071415381b140fc2d6bd90b,5,top_heavy,"[150, 80, 50, 40, 30]",0,0.05555555555555556,1
902,46f896a31c254fb2bf5b68c060edb437,5,top_heavy,"[150, 80, 50, 40, 30]",0,0.0,1
903,2cda8c267a624be184e87b1d2cd0b05c,5,top_heavy,"[150, 80, 50, 40, 30]",0,0.0,0
904,3febc40bd3ee4d4e9226aa424b60123c,5,top_heavy,"[150, 80, 50, 40, 30]",0,0.0,1
905,dfc54f2afa2849f4a1d9d7095fa37f8d,5,top_heavy,"[150, 80, 50, 40, 30]",0,0.0,0
906,57f26f2947864f429083b603d80000aa,5,top_heavy,"[150, 80, 50, 40, 30]",0,0.0,1
907,3e1bed5b98f248738744f4c55f0e6d06,5,top_heavy,"[150, 80, 50, 40, 30]",0,0.0,1
908,6d36da6f7d6c4ae898960241cc99cd4c,5,top_heavy,"[150, 80, 50, 40, 30]",0,0.0,1
909,82f2a270b951424e82df7540c14072d3,5,top_heavy,"[150, 80, 50, 40, 30]",0,0.0,0
910,059055bc2ed24376a2667ee2496aeb0c,5,top_heavy,"[150, 80, 50, 40, 30]",1,1.0,1
911,328dfae8a432499e91c71bad92e2bd79,5,top_heavy,"[150, 80, 50, 40, 30]",0,0.0,1
912,3555cf721db54ce6a35be172f4f0213c,5,top_heavy,"[150, 80, 50, 40, 30]",1,1.0,1
913,6905efa62e924f7c9960bc701d1025bb,5,top_heavy,"[150, 80, 50, 40, 30]",1,1.0,1
914,edd8922fe3ec43be851dee74c97ea861,5,top_heavy,"[150, 80, 50, 40, 30]",0,0.0,0
915,3f5b923f78d642ebb61f535595115ceb,5,top_heavy,"[150, 80, 50, 40, 30]",0,0.0,1
916,644155df8e7446718cc1d9ca4d2f4c05,5,top_heavy,"[150, 80, 50, 40, 30]",1,1.0,1
917,f1cd28d437e44ac586e3494371c55ff1,5,top_heavy,"[150, 80, 50, 40, 30]",0,0.2222222222222222,1
918,b8b75f189ac042c9a664c7bc13bcb936,5,top_heavy,"[150, 80, 50, 40, 30]",0,0.0,0
919,1cdeb2b345c247bfb083ab363bebd64c,5,top_heavy,"[150, 80, 50, 40, 30]",0,0.0,1
920,930d23fe662b49d4bb01a291e8a6ad98,5,top_heavy,"[150, 80, 50, 40, 30]",0,0.0,1
921,46414d4b1b7a4838987e3ee887a448bb,5,top_heavy,"[150, 80, 50, 40, 30]",0,0.0,0
922,fdc90f6593464af6b65c2f38b2c814c6,5,top_heavy,"[150, 80, 50, 40, 30]",1,1.0,1
923,e6cad506fcab4d979e90f4a9176b1408,5,top_heavy,"[150, 80, 50, 40, 30]",1,1.0,1
924,72a4722fda5f436e81437aea9042aaa8,5,top_heavy,"[150, 80, 50, 40, 30]",1,1.0,1
925,76ed5aaaa5bb47d7923d45360b3332ec,5,top_heavy,"[150, 80, 50, 40, 30]",0,0.0,1
926,33d1e51367a3481086b0b8206010e16c,5,top_heavy,"[150, 80, 50, 40, 30]",0,0.0,1
927,d1f6974f4b8f4a189e64cdf36c986df7,5,top_heavy,"[150, 80, 50, 40, 30]",0,0.28571428571428575,1
928,57351304b16347d58b309e84d19b79aa,5,top_heavy,"[150, 80, 50, 40, 30]",0,0.7499999999999999,1
929,7f022ca089d74d51a4be4625cb6191d5,5,top_heavy,"[150, 80, 50, 40, 30]",0,0.0,0
930,3c5e3c93b4f04892a42057005a46caaa,5,top_heavy,"[150, 80, 50, 40, 30]",0,0.0,0
931,f7b2f89be1724a9c86cbcc347b0c4425,5,top_heavy,"[150, 80, 50, 40, 30]",0,0.0,1
932,2af6e73ac32145e9bb843506ce6c6a61,5,top_heavy,"[150, 80, 50, 40, 30]",1,1.0,1
933,c4c1471da58b4cf087e179b9b71adef4,5,top_heavy,"[150, 80, 50, 40, 30]",1,1.0,1
934,1854615c2d334e5aa3a608b90f0547b5,5,top_heavy,"[150, 80, 50, 40, 30]",1,1.0,1
935,402f5f93e4a04d998cb41298d57b8115,5,top_heavy,"[150, 80, 50, 40, 30]",1,1.0,1
936,531226f1c86f49a3bee6638692fedd34,5,top_heavy,"[150, 80, 50, 40, 30]",0,0.0,1
937,23d9c3e938cd4e54a2917488a719b832,5,top_heavy,"[150, 80, 50, 40, 30]",0,0.0,0
938,d5012bef02214f0c9698b7a828959e39,5,top_heavy,"[150, 80, 50, 40, 30]",1,1.0,1
939,79d983f421ab4c3e92364b83b7186e99,5,top_heavy,"[150, 80, 50, 40, 30]",1,1.0,1
940,2e71514053a447d5bbd3f9625420ca43,5,top_heavy,"[150, 80, 50, 40, 30]",0,0.29629629629629634,1
941,6a420f8f42204d968a137faeb1d73784,5,top_heavy,"[150, 80, 50, 40, 30]",0,0.0,0
942,2f56933ee8024412b6ef05faf87e7a46,5,top_heavy,"[150, 80, 50, 40, 30]",0,0.1515151515151515,1
943,ccb81b6865484234ab334d34412a6b35,5,top_heavy,"[150, 80, 50, 40, 30]",1,1.0,1
944,e33b52e8485c41518aaf76f1048c35e4,5,top_heavy,"[150, 80, 50, 40, 30]",0,0.0,1
945,29544317d3ab466d8b13e1eac4463c10,5,top_heavy,"[150, 80, 50, 40, 30]",0,0.6666666666666666,1
946,b5736ba3b8574e3388b2a5ebccb15b09,5,top_heavy,"[150, 80, 50, 40, 30]",0,0.0,0
947,7e4328290edf4f2aac9f8988b5079fe1,5,top_heavy,"[150, 80, 50, 40, 30]",0,0.2857142857142857,1
948,8bff718944c84becbf657952138356fd,5,top_heavy,"[150, 80, 50, 40, 30]",0,0.3,1
949,c411868fbe054e80b90a12463b2beddd,5,top_heavy,"[150, 80, 50, 40, 30]",0,0.4,1
950,ead58bae18d04b9c89be6f0bbe3f155f,5,top_heavy,"[150, 80, 50, 40, 30]",0,0.0,0
951,319e4521a8454f6a908b91d874ce2e08,5,top_heavy,"[150, 80, 50, 40, 30]",0,0.05128205128205128,0
952,bc947534038744198b74eab0dc89a6fe,5,top_heavy,"[150, 80, 50, 40, 30]",0,0.6666666666666666,1
953,aece58a299d84cd88579bca72c73da46,5,top_heavy,"[150, 80, 50, 40, 30]",0,0.0,0
954,61727044bdac4760964296c822ea1ffa,5,top_heavy,"[150, 80, 50, 40, 30]",0,0.6666666666666666,1
955,bc61a95b6c25463db3459cd626a11ad0,5,top_heavy,"[150, 80, 50, 40, 30]",0,0.5,1
956,e45fbf36c6d64467b16f13324d22a4c2,5,top_heavy,"[150, 80, 50, 40, 30]",0,0.3636363636363636,1
957,1e1eb993a1ca4265978c2db209a671b7,5,top_heavy,"[150, 80, 50, 40, 30]",0,0.0,1
958,f74b173f48654bc9832934834956c10f,5,top_heavy,"[150, 80, 50, 40, 30]",0,0.0,1
959,30913ce681084f3f8357bef6147fe049,5,top_heavy,"[150, 80, 50, 40, 30]",0,0.0,1
960,359f8256bb2b4d5589fa81885ef48257,5,top_heavy,"[150, 80, 50, 40, 30]",0,0.4,1
961,3d531ea0078248ebb3dd503bb338071f,5,top_heavy,"[150, 80, 50, 40, 30]",0,0.0,1
962,a9dff945426841f8b37069eefd82297b,5,top_heavy,"[150, 80, 50, 40, 30]",0,0.0,1
963,aa9daba7638b4fa9b1472bb648fe964e,5,top_heavy,"[150, 80, 50, 40, 30]",0,0.6666666666666666,1
964,dd66178403e8487382fdc1b84bb2881c,5,top_heavy,"[150, 80, 50, 40, 30]",0,0.0,0
965,c9bcb9b8a8ba42f5bfd2538b4925a3ac,5,top_heavy,"[150, 80, 50, 40, 30]",0,0.0,1
966,a14a2ea82a1544a19f7c45cbf7f82f6e,5,top_heavy,"[150, 80, 50, 40, 30]",0,0.8,1
967,fb2d1f54601e4f89be70d07393db45f4,5,top_heavy,"[150, 80, 50, 40, 30]",1,1.0,1
968,b83b50ae80c3463aa27b05bb0bf4b493,5,top_heavy,"[150, 80, 50, 40, 30]",0,0.0,0
969,26c180c03a734a1aaee4138be308a078,5,top_heavy,"[150, 80, 50, 40, 30]",0,0.06451612903225806,1
970,273733b869b741a7b9667927ea701789,5,top_heavy,"[150, 80, 50, 40, 30]",0,0.0,0
971,97cb3c77ddba4ab9ae6bfdc00eb09c42,5,top_heavy,"[150, 80, 50, 40, 30]",0,0.0,1
972,08473edda228492e9cfe9b6583977e50,5,top_heavy,"[150, 80, 50, 40, 30]",0,0.0,1
973,6d5eb886bc37490aa1854938f9b36903,5,top_heavy,"[150, 80, 50, 40, 30]",0,0.0,0
974,e0ce4da6cbfe4f26b945f5555901e5c5,5,top_heavy,"[150, 80, 50, 40, 30]",0,0.0,0
975,f002078c2ea2435db1e405606b820e19,5,top_heavy,"[150, 80, 50, 40, 30]",1,1.0,1
976,441f524567e9477a9b0d07f4a0907622,5,top_heavy,"[150, 80, 50, 40, 30]",1,1.0,1
977,60dd6a100f3b42598ab0d32f254b1662,5,top_heavy,"[150, 80, 50, 40, 30]",0,0.08333333333333333,0
978,873ea1af23e548efb10a54c97edcdb6b,5,top_heavy,"[150, 80, 50, 40, 30]",0,0.0,1
979,3e1d564bb5eb4b1ba37db917c472a566,5,top_heavy,"[150, 80, 50, 40, 30]",1,1.0,1
980,04676862004644f18aa94ff54107047c,5,top_heavy,"[150, 80, 50, 40, 30]",0,0.04444444444444444,0
981,116e002d700e4d349581f1a4937dfba8,5,top_heavy,"[150, 80, 50, 40, 30]",0,0.0,0
982,283c5867606b46258127fa5fed7cf62d,5,top_heavy,"[150, 80, 50, 40, 30]",0,0.0,1
983,171414c078ce452d9374be8989aa0147,5,top_heavy,"[150, 80, 50, 40, 30]",0,0.0,0
984,a2643b6d7fe94e54bb74da276f0a4646,5,top_heavy,"[150, 80, 50, 40, 30]",0,0.06666666666666667,1
985,342cb6f69f6449318f4c4e5385f954fd,5,top_heavy,"[150, 80, 50, 40, 30]",0,0.0,1
986,e3fe3ef5daa6485a8a3f91dfccc9d797,5,top_heavy,"[150, 80, 50, 40, 30]",0,0.0,1
987,6071cc99d5744a17814ad38e72b53f3b,5,top_heavy,"[150, 80, 50, 40, 30]",0,0.0,0
988,d5f0273d41ad45ab9a9819cb49e29b02,5,top_heavy,"[150, 80, 50, 40, 30]",0,0.0,1
989,d1b4f5f6d643456aad1526324d39c259,5,top_heavy,"[150, 80, 50, 40, 30]",0,0.0,1
990,62747a42a9074e7da75c495cc4daca38,5,top_heavy,"[150, 80, 50, 40, 30]",0,0.6666666666666666,1
991,5d464ecc16894c0cbc33ed95ac502289,5,top_heavy,"[150, 80, 50, 40, 30]",1,1.0,1
992,e5fb043f8b0245f2acc78136af1bb5dd,5,top_heavy,"[150, 80, 50, 40, 30]",0,0.6666666666666666,1
993,53278976c290499ab7f1decb9f7bf6a2,5,top_heavy,"[150, 80, 50, 40, 30]",0,0.041666666666666664,1
994,7889488ae4d3460bafe900d6917b650e,5,top_heavy,"[150, 80, 50, 40, 30]",0,0.0,1
995,91ef74a5a47a442aaa5af41b3d564051,5,top_heavy,"[150, 80, 50, 40, 30]",0,0.32,1
996,3e83d3398a8a4e26a98fab7f85c8cb59,5,top_heavy,"[150, 80, 50, 40, 30]",0,0.125,1
997,20e0dcefdff242ebb51ce89c34182814,5,top_heavy,"[150, 80, 50, 40, 30]",0,0.16666666666666666,0
998,7e7a5a32f59b49ccacc7c1408799a32a,5,top_heavy,"[150, 80, 50, 40, 30]",0,0.0,1
999,a3ac333098d74ad7acf2d20bbc261c9b,5,top_heavy,"[150, 80, 50, 40, 30]",0,0.08,1
0,728220fe1b5f4ce886273ec524c6972b,7,uniform,"[50, 50, 50, 50, 50, 50, 50]",0,0.0,1
1,c89d1c366c274f6e8d233be688759386,7,uniform,"[50, 50, 50, 50, 50, 50, 50]",0,0.0,1
2,644d4774db194bb0b491e58deff0fe6c,7,uniform,"[50, 50, 50, 50, 50, 50, 50]",0,0.0,1
3,b7648c8b476e4482a7fa9a8d4584c551,7,uniform,"[50, 50, 50, 50, 50, 50, 50]",0,0.5,1
4,362b90d2f2de47e1a0d9be76d1383cd5,7,uniform,"[50, 50, 50, 50, 50, 50, 50]",0,0.28571428571428575,1
5,e365fba82bca48ad8b9ec4fbac8bd3b7,7,uniform,"[50, 50, 50, 50, 50, 50, 50]",0,0.4444444444444445,1
6,56a527cc368e4b10ac88117b33ab6370,7,uniform,"[50, 50, 50, 50, 50, 50, 50]",0,0.0,0
7,ef7ff14fda8347479995319185ade05f,7,uniform,"[50, 50, 50, 50, 50, 50, 50]",0,0.0,1
8,e7abf6763c7d425c8577ed893a0cd182,7,uniform,"[50, 50, 50, 50, 50, 50, 50]",0,0.0,1
9,08b8fd7f109845eda0ffb6868479f8c2,7,uniform,"[50, 50, 50, 50, 50, 50, 50]",0,0.0,0
10,ddc318071f01453ab87ceebe18062971,7,uniform,"[50, 50, 50, 50, 50, 50, 50]",0,0.0,1
11,b33e0d818b364b87878b747b09987f28,7,uniform,"[50, 50, 50, 50, 50, 50, 50]",0,0.0909090909090909,1
12,629ca0ba60d84e678789916c527e5e74,7,uniform,"[50, 50, 50, 50, 50, 50, 50]",0,0.0,1
13,dc5438680eeb4547b962a6d05a58125d,7,uniform,"[50, 50, 50, 50, 50, 50, 50]",0,0.0,1
14,2ea97cfbe22340cdabec8b67b75b0f0e,7,uniform,"[50, 50, 50, 50, 50, 50, 50]",0,0.0,1
15,dc27edf1253345dabb1ae19ef7d8a829,7,uniform,"[50, 50, 50, 50, 50, 50, 50]",0,0.0,1
16,c3ec8eaa57d0418da0c66d7ad83761b3,7,uniform,"[50, 50, 50, 50, 50, 50, 50]",0,0.0,1
17,f22c94617c404f388ea469654e9a580f,7,uniform,"[50, 50, 50, 50, 50, 50, 50]",0,0.2857142857142857,1
18,2c9d87584b86413d86f28eb40a1af7cf,7,uniform,"[50, 50, 50, 50, 50, 50, 50]",0,0.6666666666666666,1
19,49af423e020444c999bdbdaa7cc573bd,7,uniform,"[50, 50, 50, 50, 50, 50, 50]",0,0.0,1
20,a2f796f7536947518cb11c541c564c83,7,uniform,"[50, 50, 50, 50, 50, 50, 50]",0,0.0,1
21,70ff5cd057104a24a7de546f6a0a93e2,7,uniform,"[50, 50, 50, 50, 50, 50, 50]",0,0.4444444444444445,1
22,bb0bceec8bca491db5c90c3962960eea,7,uniform,"[50, 50, 50, 50, 50, 50, 50]",0,0.0,1
23,4790b60660da497bb390ed9bc5996973,7,uniform,"[50, 50, 50, 50, 50, 50, 50]",0,0.0,1
24,092f821b8fd243efb2bfd2f200cb99ee,7,uniform,"[50, 50, 50, 50, 50, 50, 50]",0,0.0,1
25,e21128d6906243a58807600c9e0744b4,7,uniform,"[50, 50, 50, 50, 50, 50, 50]",0,0.10526315789473684,1
26,b612d7f272cd452dab8379571e41f3dd,7,uniform,"[50, 50, 50, 50, 50, 50, 50]",0,0.09523809523809523,1
27,40f708bf9a744a90b62edfb3b44ad9cf,7,uniform,"[50, 50, 50, 50, 50, 50, 50]",0,0.0,0
28,b5b3c4c6f37c4de3907df3b82c13a2d7,7,uniform,"[50, 50, 50, 50, 50, 50, 50]",0,0.0,1
29,ebe6da22787d42bab5690387505c2674,7,uniform,"[50, 50, 50, 50, 50, 50, 50]",0,0.0,0
30,74953752801446a2abe6b330ce63c179,7,uniform,"[50, 50, 50, 50, 50, 50, 50]",0,0.0,0
31,ed2ba8953b6a49bb8f961969603a956f,7,uniform,"[50, 50, 50, 50, 50, 50, 50]",0,0.28571428571428575,1
32,d468e9a904314a5a92582bcfcc7b7635,7,uniform,"[50, 50, 50, 50, 50, 50, 50]",0,0.6666666666666666,1
33,59c97e698fe0492890ba2dec20b8ff97,7,uniform,"[50, 50, 50, 50, 50, 50, 50]",0,0.0,0
34,c00bac5c39534761b85d1adeea7bdd23,7,uniform,"[50, 50, 50, 50, 50, 50, 50]",1,1.0,1
35,625274d8050f451ebd131104306237c1,7,uniform,"[50, 50, 50, 50, 50, 50, 50]",0,0.0,1
36,64215d84427e4d709e2914e76df055c5,7,uniform,"[50, 50, 50, 50, 50, 50, 50]",0,0.0,1
37,5464eecea5074ee49a1f281e3855f2d1,7,uniform,"[50, 50, 50, 50, 50, 50, 50]",0,0.26666666666666666,1
38,f4e61efd586744d9941da1aea777b7d7,7,uniform,"[50, 50, 50, 50, 50, 50, 50]",0,0.0,1
39,e89b8741115d4a248603dde70032bccd,7,uniform,"[50, 50, 50, 50, 50, 50, 50]",1,1.0,1
40,4dd31c6180e64c4eb59983819779cf2c,7,uniform,"[50, 50, 50, 50, 50, 50, 50]",0,0.3333333333333333,1
41,1bf26f3035ec45e5874eb0de76a8d903,7,uniform,"[50, 50, 50, 50, 50, 50, 50]",0,0.0,1
42,f86df4ac102d4a058ac5a346fed44de9,7,uniform,"[50, 50, 50, 50, 50, 50, 50]",0,0.09523809523809523,1
43,ace17f51ddc44d7db28c05c44bc5d658,7,uniform,"[50, 50, 50, 50, 50, 50, 50]",0,0.0,1
44,e2c278dfb89b444389ac7fa574c14697,7,uniform,"[50, 50, 50, 50, 50, 50, 50]",0,0.0,1
45,9b01a7aac7fb40979eccbed5da004372,7,uniform,"[50, 50, 50, 50, 50, 50, 50]",0,0.0,0
46,6778d6c630a84294a6dd81fbfabf9177,7,uniform,"[50, 50, 50, 50, 50, 50, 50]",0,0.0,0
47,35190f405eb4417497a797f137fb3f1b,7,uniform,"[50, 50, 50, 50, 50, 50, 50]",1,1.0,1
48,a5d866dd01974343ba3475ba0ca2387c,7,uniform,"[50, 50, 50, 50, 50, 50, 50]",0,0.0,1
49,34a877cef8f4456197484f09d1643e87,7,uniform,"[50, 50, 50, 50, 50, 50, 50]",0,0.6666666666666666,1
50,f87ac51d4db74ff7b51a4c5ea00723e8,7,uniform,"[50, 50, 50, 50, 50, 50, 50]",0,0.0,0
51,9bb1b01620ea4ed28be3d13447145272,7,uniform,"[50, 50, 50, 50, 50, 50, 50]",0,0.0,1
52,68b7a9d693f84289b1d8cca76c5daf3b,7,uniform,"[50, 50, 50, 50, 50, 50, 50]",1,1.0,1
53,413339d30cc447a884eb601571769b06,7,uniform,"[50, 50, 50, 50, 50, 50, 50]",0,0.0,1
54,b0d97074e304423bab66769456c4890d,7,uniform,"[50, 50, 50, 50, 50, 50, 50]",0,0.0,1
55,9827d6f7626d46c188fc893ff0e12fd9,7,uniform,"[50, 50, 50, 50, 50, 50, 50]",0,0.0,1
56,3750487af26c40af96cb49550876a52a,7,uniform,"[50, 50, 50, 50, 50, 50, 50]",0,0.0,0
57,5010c8ecc7584e2d86bbb2ab8acfa878,7,uniform,"[50, 50, 50, 50, 50, 50, 50]",0,0.0,1
58,c5b80b9f943d4bd3b11c84700bff495f,7,uniform,"[50, 50, 50, 50, 50, 50, 50]",0,0.0,1
59,7bfe3ee0862a4bdbb5e06b894cfefd29,7,uniform,"[50, 50, 50, 50, 50, 50, 50]",0,0.0,1
60,d7f9ec97994d42c3bf9dfc7e853a3d66,7,uniform,"[50, 50, 50, 50, 50, 50, 50]",0,0.2666666666666667,1
61,dc530a1b42fc45af9b9112f391db3504,7,uniform,"[50, 50, 50, 50, 50, 50, 50]",0,0.5,1
62,6d8f6111e0f2484f961308f6dc5270b3,7,uniform,"[50, 50, 50, 50, 50, 50, 50]",0,0.0,1
63,ef32addb3b9b4c8ab122fd787122a657,7,uniform,"[50, 50, 50, 50, 50, 50, 50]",0,0.06896551724137931,1
64,79e87ee729dd4f40b1492c9d24d26541,7,uniform,"[50, 50, 50, 50, 50, 50, 50]",0,0.0,1
65,94b8ba1c855e4789a90cd5692ee3e710,7,uniform,"[50, 50, 50, 50, 50, 50, 50]",0,0.0,1
66,7de2c568942c4160a93c7c80f264030f,7,uniform,"[50, 50, 50, 50, 50, 50, 50]",0,0.0,0
67,eeef45fe8f664128b6f49991e5695c3e,7,uniform,"[50, 50, 50, 50, 50, 50, 50]",0,0.0,0
68,fb575e95e21843f9bc7ab8acdde72ee7,7,uniform,"[50, 50, 50, 50, 50, 50, 50]",0,0.0,1
69,0ae51cad51b340cb9ce156a667e11a5e,7,uniform,"[50, 50, 50, 50, 50, 50, 50]",0,0.0,0
70,2e3e4e90adb64e86bf0e6ccf5499126b,7,uniform,"[50, 50, 50, 50, 50, 50, 50]",0,0.0,1
71,8b49dc87c93b45c48eb62e4a0b8ac604,7,uniform,"[50, 50, 50, 50, 50, 50, 50]",0,0.2857142857142857,1
72,dafae23b13b148619784124572b26008,7,uniform,"[50, 50, 50, 50, 50, 50, 50]",0,0.0,1
73,054d98807bed447f896aaa343005bb89,7,uniform,"[50, 50, 50, 50, 50, 50, 50]",0,0.6666666666666666,1
74,fee6642b071a46e9b1a005d63b58a98c,7,uniform,"[50, 50, 50, 50, 50, 50, 50]",0,0.0,1
75,ae35f52b8069416da505e192383e1cab,7,uniform,"[50, 50, 50, 50, 50, 50, 50]",0,0.0,1
76,21976ca866684313b86aa9450c61406c,7,uniform,"[50, 50, 50, 50, 50, 50, 50]",0,0.0,1
77,bfa3a133f4fc48eda18b7464dddc5e70,7,uniform,"[50, 50, 50, 50, 50, 50, 50]",0,0.0,1
78,8809bd64552f4f7aa8f53f493602ceae,7,uniform,"[50, 50, 50, 50, 50, 50, 50]",0,0.0,1
79,4e6de19d338a44b6bd4bbaec2c3c0635,7,uniform,"[50, 50, 50, 50, 50, 50, 50]",0,0.0,1
80,121d9ead9e87477baedf4605be92bbf7,7,uniform,"[50, 50, 50, 50, 50, 50, 50]",1,1.0,1
81,96478949a8214ae4bd74130d64466203,7,uniform,"[50, 50, 50, 50, 50, 50, 50]",0,0.06666666666666667,1
82,e2bc1abc94f141399b0b004676f84171,7,uniform,"[50, 50, 50, 50, 50, 50, 50]",0,0.8,1
83,a018ca4c1e8e4a44b48188655383c8a5,7,uniform,"[50, 50, 50, 50, 50, 50, 50]",0,0.19999999999999998,1
84,2c175bdf51494ae1a97be4ed1a365825,7,uniform,"[50, 50, 50, 50, 50, 50, 50]",0,0.2222222222222222,1
85,916d57f6183b4c52999933fe394cae6e,7,uniform,"[50, 50, 50, 50, 50, 50, 50]",0,0.0,1
86,2324b8d221fa41d58267b515b1a1109a,7,uniform,"[50, 50, 50, 50, 50, 50, 50]",0,0.0,1
87,c0d3770ca41e4463958dca0c88ce3979,7,uniform,"[50, 50, 50, 50, 50, 50, 50]",0,0.0,1
88,68ac44d7d9e24aee8fcaa91e0f364062,7,uniform,"[50, 50, 50, 50, 50, 50, 50]",0,0.0,1
89,f6ea20f22a394788814a7b4374246cf9,7,uniform,"[50, 50, 50, 50, 50, 50, 50]",0,0.0,1
90,5f53831743434c24b29ed9b858d87e4b,7,uniform,"[50, 50, 50, 50, 50, 50, 50]",0,0.888888888888889,1
91,20c6639f94d24a91ac79c15024fcd5f7,7,uniform,"[50, 50, 50, 50, 50, 50, 50]",0,0.4,1
92,6c6f0f2b83e546e39bc40d37b0ee9975,7,uniform,"[50, 50, 50, 50, 50, 50, 50]",1,1.0,1
93,a1b8855de6ff4bf2b8afc5942486e88c,7,uniform,"[50, 50, 50, 50, 50, 50, 50]",0,0.0,0
94,986fec610e0e4bf9bb3de6be1fa0356e,7,uniform,"[50, 50, 50, 50, 50, 50, 50]",0,0.0,0
95,ce5d0f11b9664510a27bf3c483792f13,7,uniform,"[50, 50, 50, 50, 50, 50, 50]",1,1.0,1
96,3f092922c6854e3f8bdf22cc50cf71a9,7,uniform,"[50, 50, 50, 50, 50, 50, 50]",0,0.0,1
97,811785fb9d684ccd9577541cd4c94555,7,uniform,"[50, 50, 50, 50, 50, 50, 50]",0,0.0,1
98,66d0e7da123d49fd8f8016dc27775052,7,uniform,"[50, 50, 50, 50, 50, 50, 50]",0,0.0,1
99,1646e87aca7b4f078ae816044f0f5955,7,uniform,"[50, 50, 50, 50, 50, 50, 50]",0,0.09090909090909091,1
100,d2747da8e1e1416cb057ee8651131dd8,7,uniform,"[50, 50, 50, 50, 50, 50, 50]",0,0.14285714285714288,1
101,8834ade537ca4faca9fb3bdd7efcb88b,7,uniform,"[50, 50, 50, 50, 50, 50, 50]",0,0.0,1
102,81a06cc7f0ed45fba03d40062246bf0f,7,uniform,"[50, 50, 50, 50, 50, 50, 50]",0,0.0,1
103,9f8bb4dd263246dbac8f331f745d2e5a,7,uniform,"[50, 50, 50, 50, 50, 50, 50]",0,0.0,1
104,d0940d4e2f8b4c23817a178bf3f2ee85,7,uniform,"[50, 50, 50, 50, 50, 50, 50]",0,0.0,0
105,62b2d8702439498197acee357c30a8bd,7,uniform,"[50, 50, 50, 50, 50, 50, 50]",0,0.0,0
106,1fcf01709c0b404da2b3024ac0a02eb0,7,uniform,"[50, 50, 50, 50, 50, 50, 50]",0,0.3333333333333333,0
107,f299e2d5b4264decb2fd2ab4d6a53c2d,7,uniform,"[50, 50, 50, 50, 50, 50, 50]",0,0.0,0
108,ecba8f966e03447a940cfff69f9ba8e1,7,uniform,"[50, 50, 50, 50, 50, 50, 50]",1,1.0,1
109,077524326f6a4e53a728f5341e89f79c,7,uniform,"[50, 50, 50, 50, 50, 50, 50]",0,0.5,1
110,18cbdcbef93544acac9407596569a64f,7,uniform,"[50, 50, 50, 50, 50, 50, 50]",0,0.0,1
111,afc8672a21f441369ab4b0ffb8532c21,7,uniform,"[50, 50, 50, 50, 50, 50, 50]",0,0.0,1
112,c64f2789544c45c8bf9dceebb35cfa53,7,uniform,"[50, 50, 50, 50, 50, 50, 50]",0,0.0,0
113,c2bf5fa95d404050b8f86692d9100be0,7,uniform,"[50, 50, 50, 50, 50, 50, 50]",0,0.0,1
114,ff5f25fc4c9b4354b49fc603df373ee0,7,uniform,"[50, 50, 50, 50, 50, 50, 50]",0,0.0,1
115,d83aff530fd447b49138953308883ac2,7,uniform,"[50, 50, 50, 50, 50, 50, 50]",0,0.0,0
116,5b7387ec945d47b8b624c2b55b6a80c1,7,uniform,"[50, 50, 50, 50, 50, 50, 50]",0,0.0,1
117,987b4118a9304f2f8193ab27a36b0489,7,uniform,"[50, 50, 50, 50, 50, 50, 50]",0,0.0,1
118,da630eb21dea4abe920e8253d4fd6a34,7,uniform,"[50, 50, 50, 50, 50, 50, 50]",0,0.2162162162162162,1
119,1cfc4441a86445fab7952656df2d64a0,7,uniform,"[50, 50, 50, 50, 50, 50, 50]",0,0.0,1
120,5cac964bb57446e39b0f58d6043c12d7,7,uniform,"[50, 50, 50, 50, 50, 50, 50]",0,0.0,1
121,30cbead889fc4c0783a1afd652cfb163,7,uniform,"[50, 50, 50, 50, 50, 50, 50]",1,1.0,1
122,d7eb4ea422a0440ab1a2ea0d9a313198,7,uniform,"[50, 50, 50, 50, 50, 50, 50]",0,0.0,1
123,c8c3c9f350c5469da18f367a6a250097,7,uniform,"[50, 50, 50, 50, 50, 50, 50]",0,0.0,0
124,b47d1c59552a453ba57c2121f029242d,7,uniform,"[50, 50, 50, 50, 50, 50, 50]",0,0.0,1
125,29b82a59344f4d38854c476a31827ba7,7,uniform,"[50, 50, 50, 50, 50, 50, 50]",0,0.0,0
126,9a0b3de216b6498699f9a1745ef51447,7,uniform,"[50, 50, 50, 50, 50, 50, 50]",0,0.14814814814814814,1
127,f126e81901054b3ba5fb4ce920b1df38,7,uniform,"[50, 50, 50, 50, 50, 50, 50]",0,0.0,1
128,0a8eff0d1b134de888817e44d2e889b1,7,uniform,"[50, 50, 50, 50, 50, 50, 50]",0,0.32558139534883723,1
129,054b7315353146d4b0ad624514005ef2,7,uniform,"[50, 50, 50, 50, 50, 50, 50]",0,0.0,1
130,f4ef4313787d49d7851ad2a6c66cf163,7,uniform,"[50, 50, 50, 50, 50, 50, 50]",0,0.5714285714285715,1
131,e3602ad5a2864891955a696e59594e76,7,uniform,"[50, 50, 50, 50, 50, 50, 50]",0,0.6666666666666666,1
132,2a9c56b5a5ae43b78f7f7d9dccdca491,7,uniform,"[50, 50, 50, 50, 50, 50, 50]",0,0.0,1
133,4fc9afe35d8c4cdf8115fe9faf6ac96a,7,uniform,"[50, 50, 50, 50, 50, 50, 50]",1,1.0,1
134,065ce886fe8c41088ba6b71c82ab6229,7,uniform,"[50, 50, 50, 50, 50, 50, 50]",0,0.0,1
135,928063d9906145b6b83392f5068efb4f,7,uniform,"[50, 50, 50, 50, 50, 50, 50]",0,0.0,0
136,455324ce37fa42c8af627f9f832cfb24,7,uniform,"[50, 50, 50, 50, 50, 50, 50]",0,0.0,0
137,1af7aafeb2e24d348d72b7559a2ce754,7,uniform,"[50, 50, 50, 50, 50, 50, 50]",0,0.0,1
138,c4c3e45a17884ef78442ed584e442741,7,uniform,"[50, 50, 50, 50, 50, 50, 50]",1,1.0,1
139,2e7792c3711b4a139cf99e7dec1b7e26,7,uniform,"[50, 50, 50, 50, 50, 50, 50]",0,0.0,1
140,8d3d4915ed104234bca2e7e8eb591d6e,7,uniform,"[50, 50, 50, 50, 50, 50, 50]",0,0.2666666666666667,1
141,7876cd87c6e845f484f841d243a021a0,7,uniform,"[50, 50, 50, 50, 50, 50, 50]",0,0.15384615384615385,1
142,faca8fa5d6724e3f95ea8550bbb1a3c8,7,uniform,"[50, 50, 50, 50, 50, 50, 50]",0,0.0,1
143,76c6e9ef00884f509bc625e25b15cc85,7,uniform,"[50, 50, 50, 50, 50, 50, 50]",1,1.0,1
144,0db9e6fa3f21435996d0bf1e3b3f8adb,7,uniform,"[50, 50, 50, 50, 50, 50, 50]",1,1.0,1
145,ca61917ae999408c84f855c26dc48c68,7,uniform,"[50, 50, 50, 50, 50, 50, 50]",1,1.0,1
146,c6d27c29d4774501b4f046af3bb83dfd,7,uniform,"[50, 50, 50, 50, 50, 50, 50]",0,0.0,0
147,8da0d6902cab4114b140672981c41ece,7,uniform,"[50, 50, 50, 50, 50, 50, 50]",0,0.0,1
148,d809c82de0cc41a391a8476fbedc4638,7,uniform,"[50, 50, 50, 50, 50, 50, 50]",1,1.0,1
149,6a9dae85ef8448b88947f67b7368cd84,7,uniform,"[50, 50, 50, 50, 50, 50, 50]",0,0.0,1
150,62ccc3554230408fb85b346dedaeffa9,7,uniform,"[50, 50, 50, 50, 50, 50, 50]",0,0.0,1
151,9724aa5ceb194973a23f99d088987015,7,uniform,"[50, 50, 50, 50, 50, 50, 50]",0,0.0,1
152,8c513011d82543469328cb90f190d67c,7,uniform,"[50, 50, 50, 50, 50, 50, 50]",0,0.0,0
153,352bbdac5d414a65a714e30a0fd97f42,7,uniform,"[50, 50, 50, 50, 50, 50, 50]",0,0.14285714285714288,1
154,c46c0d1751554ccea747cb3825bdbe66,7,uniform,"[50, 50, 50, 50, 50, 50, 50]",0,0.0,0
155,1b99dffb92c14a838fdb91967645cbf0,7,uniform,"[50, 50, 50, 50, 50, 50, 50]",1,1.0,1
156,fe231269e136464c857e4cedaa8a523e,7,uniform,"[50, 50, 50, 50, 50, 50, 50]",0,0.0,0
157,b7ccf71e49054da2a836cbd7dcca51ae,7,uniform,"[50, 50, 50, 50, 50, 50, 50]",0,0.0,0
158,c5d1601dece84ce895260d42931118c3,7,uniform,"[50, 50, 50, 50, 50, 50, 50]",0,0.08333333333333333,0
159,c6e9bca537a64d47a1f219d04aa484cf,7,uniform,"[50, 50, 50, 50, 50, 50, 50]",0,0.0,0
160,19174950ad6b4759929f41cb2aa6b979,7,uniform,"[50, 50, 50, 50, 50, 50, 50]",0,0.0,1
161,08e1f398fc554a2b9cc745c89b8ddd1c,7,uniform,"[50, 50, 50, 50, 50, 50, 50]",0,0.41379310344827586,1
162,4e8ac0b2d2c448099dea09b0b88032b6,7,uniform,"[50, 50, 50, 50, 50, 50, 50]",0,0.33333333333333337,1
163,ba68aac128784f47a20eafdb4fa84627,7,uniform,"[50, 50, 50, 50, 50, 50, 50]",0,0.0,1
164,9b6a4b25c0cf41d89f69fab7e636d836,7,uniform,"[50, 50, 50, 50, 50, 50, 50]",1,1.0,1
165,851dc215cd4f478ea5bc5be433bb650b,7,uniform,"[50, 50, 50, 50, 50, 50, 50]",0,0.0,1
166,73df4341944b4832a7110492fec95939,7,uniform,"[50, 50, 50, 50, 50, 50, 50]",1,1.0,1
167,82498b7e764c4a77ae54de9e49a211ce,7,uniform,"[50, 50, 50, 50, 50, 50, 50]",0,0.0,1
168,d12c3c9ff7254b76a83a3c702e0f1411,7,uniform,"[50, 50, 50, 50, 50, 50, 50]",0,0.5,1
169,9b5c249c46644e04a2d28d98bac5f951,7,uniform,"[50, 50, 50, 50, 50, 50, 50]",0,0.0,0
170,b31c60bda086454a900948cde75eb053,7,uniform,"[50, 50, 50, 50, 50, 50, 50]",1,1.0,1
171,68ea789496074f56878ceddf5f0bb6c0,7,uniform,"[50, 50, 50, 50, 50, 50, 50]",0,0.0,0
172,2fbb04100c444abda7f972b3c7ca55b9,7,uniform,"[50, 50, 50, 50, 50, 50, 50]",0,0.12121212121212122,1
173,ff83ee0ffed94025b218bc5444b14880,7,uniform,"[50, 50, 50, 50, 50, 50, 50]",0,0.0,0
174,811443af769846bd88db9031899cf838,7,uniform,"[50, 50, 50, 50, 50, 50, 50]",0,0.0,1
175,2737e76f68ed4c889e75300d5d707fbb,7,uniform,"[50, 50, 50, 50, 50, 50, 50]",0,0.08695652173913045,1
176,5c48b89357aa48fd8a1aafaeabe73c4c,7,uniform,"[50, 50, 50, 50, 50, 50, 50]",0,0.0,1
177,57b5639ab5b441d9956c8bb4d17cf3e2,7,uniform,"[50, 50, 50, 50, 50, 50, 50]",1,1.0,1
178,b7f2e1ae39b54396b93b90189b8ef3da,7,uniform,"[50, 50, 50, 50, 50, 50, 50]",0,0.0,1
179,ed32ea00d52a492b93ce00ce06b93f4a,7,uniform,"[50, 50, 50, 50, 50, 50, 50]",0,0.11764705882352941,1
180,45e285d6497d478b835ec6f97fe0edb8,7,uniform,"[50, 50, 50, 50, 50, 50, 50]",0,0.0,1
181,287086d87ca540629ea9a5d1f3e42827,7,uniform,"[50, 50, 50, 50, 50, 50, 50]",0,0.0,0
182,66671cea0dee4e95ace4c4ccbdcc094b,7,uniform,"[50, 50, 50, 50, 50, 50, 50]",0,0.13333333333333333,0
183,1c3202898a2340d8b9ee33b3d2feb483,7,uniform,"[50, 50, 50, 50, 50, 50, 50]",1,1.0,1
184,b91f7ce859194bf3a952f9948618cfaf,7,uniform,"[50, 50, 50, 50, 50, 50, 50]",0,0.0,0
185,8da9a487491d4861815c860882b46f1b,7,uniform,"[50, 50, 50, 50, 50, 50, 50]",1,1.0,1
186,b0bc5b996f8c43a4a27f7a0a92100227,7,uniform,"[50, 50, 50, 50, 50, 50, 50]",0,0.0,0
187,b3d3a7f3fd00419c896e03a2dd70c2eb,7,uniform,"[50, 50, 50, 50, 50, 50, 50]",0,0.0,0
188,9723fcbfda3b41f1a2928a72b5614b05,7,uniform,"[50, 50, 50, 50, 50, 50, 50]",0,0.0,0
189,354948edd4c94ed49d3c744a8213b0e4,7,uniform,"[50, 50, 50, 50, 50, 50, 50]",0,0.0,0
190,06ad4f09434a47e7a9563d96bde0e71f,7,uniform,"[50, 50, 50, 50, 50, 50, 50]",0,0.11428571428571428,1
191,9ed3661a6d2945fbb92425ece8bc177e,7,uniform,"[50, 50, 50, 50, 50, 50, 50]",0,0.0,0
192,ef60d03b67d34a1190d04693fee8767f,7,uniform,"[50, 50, 50, 50, 50, 50, 50]",0,0.0,0
193,63fc6e7a70aa4d60a8cab579a90afb9e,7,uniform,"[50, 50, 50, 50, 50, 50, 50]",0,0.0,1
194,8c780963994f44c7835580cb22bc2fdc,7,uniform,"[50, 50, 50, 50, 50, 50, 50]",0,0.6923076923076924,1
195,60f332bc68e64d8680e179e359b0d6fa,7,uniform,"[50, 50, 50, 50, 50, 50, 50]",0,0.0,1
196,69e712f057644faf86a9688a85a2deee,7,uniform,"[50, 50, 50, 50, 50, 50, 50]",1,1.0,1
197,1a4a586dd10143f3a68247ae4c535713,7,uniform,"[50, 50, 50, 50, 50, 50, 50]",0,0.0,1
198,ba52569b388b4b339129a0277c7eb2e8,7,uniform,"[50, 50, 50, 50, 50, 50, 50]",1,1.0,1
199,a5c81a5e5d3c42d089cd98f0b556de2f,7,uniform,"[50, 50, 50, 50, 50, 50, 50]",0,0.0,0
200,0af880e8558a4fc3afbc9a8a25d081fd,7,uniform,"[50, 50, 50, 50, 50, 50, 50]",0,0.4,1
201,073515a682484ceaac87a83d1ab38a06,7,uniform,"[50, 50, 50, 50, 50, 50, 50]",0,0.0,1
202,36ab12ff07cf46ed9af03891964f20de,7,uniform,"[50, 50, 50, 50, 50, 50, 50]",0,0.0,1
203,b189954307e7414b9d81ad99c7b730bf,7,uniform,"[50, 50, 50, 50, 50, 50, 50]",0,0.1818181818181818,1
204,37c0ef1f9eb3412594ff30f21611b882,7,uniform,"[50, 50, 50, 50, 50, 50, 50]",0,0.0,0
205,dc27c4c56b014020bd9e8a799860b06e,7,uniform,"[50, 50, 50, 50, 50, 50, 50]",1,1.0,1
206,aa9da743626a453780aaaf56e7816508,7,uniform,"[50, 50, 50, 50, 50, 50, 50]",0,0.0,0
207,5b94852dff984b19bf8264cd8bc1caa3,7,uniform,"[50, 50, 50, 50, 50, 50, 50]",0,0.0,1
208,980522a80742433e96b144a86fd2ddce,7,uniform,"[50, 50, 50, 50, 50, 50, 50]",0,0.0,0
209,c5fc7fc4522b43b7a0802acbd3963efd,7,uniform,"[50, 50, 50, 50, 50, 50, 50]",1,1.0,1
210,7374f521a2854922b8f6f8890ecda23d,7,uniform,"[50, 50, 50, 50, 50, 50, 50]",0,0.2666666666666667,1
211,29cd58ae62e94dc4b7315ce4b50010ef,7,uniform,"[50, 50, 50, 50, 50, 50, 50]",0,0.5,1
212,5fcc6fb126e14d65ba4d0d86bb28a8be,7,uniform,"[50, 50, 50, 50, 50, 50, 50]",0,0.0,1
213,2b41e95bcc554f69b8d594bc3d05bf1a,7,uniform,"[50, 50, 50, 50, 50, 50, 50]",0,0.0,1
214,8ae5ae5b607b4dbc86f7da5147a095c7,7,uniform,"[50, 50, 50, 50, 50, 50, 50]",0,0.0,0
215,fc7d87cd43814b8db5d9bcc43cba1da3,7,uniform,"[50, 50, 50, 50, 50, 50, 50]",0,0.0,1
216,0338d7711b1646d6be2b815c279cff54,7,uniform,"[50, 50, 50, 50, 50, 50, 50]",0,0.0,1
217,dcb53cda7e6144fca04963ac7581bcdd,7,uniform,"[50, 50, 50, 50, 50, 50, 50]",0,0.1904761904761905,1
218,ecccb9b15eb3413d8f3a5ad8d8983716,7,uniform,"[50, 50, 50, 50, 50, 50, 50]",0,0.0,1
219,fa3b764edd7a4c44be5b8921112e8bf6,7,uniform,"[50, 50, 50, 50, 50, 50, 50]",0,0.0,0
220,493624c8263b40ec97c127e45b45d5c1,7,uniform,"[50, 50, 50, 50, 50, 50, 50]",0,0.0,0
221,ebee9fdad5b64bab83267a364ea4d10b,7,uniform,"[50, 50, 50, 50, 50, 50, 50]",0,0.5714285714285715,1
222,1fd96469f9a24b37814917f25f8060f2,7,uniform,"[50, 50, 50, 50, 50, 50, 50]",0,0.0,1
223,f97696deb9704d2f8ae5834f9fcdd88c,7,uniform,"[50, 50, 50, 50, 50, 50, 50]",0,0.4,1
224,da54c67b92b74a2c91d2227d09a41438,7,uniform,"[50, 50, 50, 50, 50, 50, 50]",0,0.0,1
225,1416c66b2eb543aea04972d5780b31d6,7,uniform,"[50, 50, 50, 50, 50, 50, 50]",0,0.0,0
226,ec0a4212a5df47f682fbba53188e7af8,7,uniform,"[50, 50, 50, 50, 50, 50, 50]",0,0.0,0
227,856b14030ac342bb979ca5091377cff0,7,uniform,"[50, 50, 50, 50, 50, 50, 50]",0,0.0,0
228,58c9a110235b4879950e679babb53318,7,uniform,"[50, 50, 50, 50, 50, 50, 50]",0,0.0,1
229,eff7102be794409081a5e3b3ef3c9518,7,uniform,"[50, 50, 50, 50, 50, 50, 50]",0,0.375,1
230,99331d54ed084ccf98837531ede526e3,7,uniform,"[50, 50, 50, 50, 50, 50, 50]",0,0.0,0
231,400ab40069334ea6a12b1085941a9880,7,uniform,"[50, 50, 50, 50, 50, 50, 50]",0,0.0,1
232,9f1d761a46c64578849ff7408c6351b2,7,uniform,"[50, 50, 50, 50, 50, 50, 50]",0,0.0,1
233,241f5227a1124be591341cf33b2ecb2f,7,uniform,"[50, 50, 50, 50, 50, 50, 50]",0,0.5,1
234,4f05dc53dcc24ed1a59fdd5d950966d0,7,uniform,"[50, 50, 50, 50, 50, 50, 50]",0,0.0,1
235,e1dac33266d048c89894eab0b0dc1c2a,7,uniform,"[50, 50, 50, 50, 50, 50, 50]",0,0.17391304347826084,1
236,ce3ecd44941f4597ae927b61841b860a,7,uniform,"[50, 50, 50, 50, 50, 50, 50]",0,0.0,1
237,d031593cc6f142f6bba7e64ea9224dea,7,uniform,"[50, 50, 50, 50, 50, 50, 50]",1,1.0,1
238,5b5d465a7ab2427485a00f3638543996,7,uniform,"[50, 50, 50, 50, 50, 50, 50]",0,0.0,1
239,53fe1484646648969f42e40f550ab7ef,7,uniform,"[50, 50, 50, 50, 50, 50, 50]",0,0.1111111111111111,1
240,d86c4a3e9c944a5595ffd076817380c9,7,uniform,"[50, 50, 50, 50, 50, 50, 50]",0,0.8,1
241,d847d59c18884a8eaddd5fc55d047799,7,uniform,"[50, 50, 50, 50, 50, 50, 50]",0,0.0,1
242,b5e7dc56ca2e4d68bc9b59696bca7f75,7,uniform,"[50, 50, 50, 50, 50, 50, 50]",0,0.14814814814814814,1
243,bd356a60992b44f7840f99ffc390382c,7,uniform,"[50, 50, 50, 50, 50, 50, 50]",0,0.6666666666666666,1
244,f8c03f10b27045d89e068c461ea3d69c,7,uniform,"[50, 50, 50, 50, 50, 50, 50]",0,0.0,1
245,f57595f77502405fbe6baf093d8baea0,7,uniform,"[50, 50, 50, 50, 50, 50, 50]",0,0.0,1
246,a697c765c3e74e0cb48088ea3ecdcdb1,7,uniform,"[50, 50, 50, 50, 50, 50, 50]",0,0.0909090909090909,1
247,57e62137793b4537bb7eb95d44481eb3,7,uniform,"[50, 50, 50, 50, 50, 50, 50]",0,0.3333333333333333,1
248,7cb53bae73d64900a63fde04f93eceea,7,uniform,"[50, 50, 50, 50, 50, 50, 50]",0,0.0,0
249,a8ff7b13f4b943d89f09cf03cbde580a,7,uniform,"[50, 50, 50, 50, 50, 50, 50]",0,0.0,0
250,547765c1158b4a5a8100d6a300aa88b1,7,uniform,"[50, 50, 50, 50, 50, 50, 50]",0,0.0,1
251,31d748672420422aa724d2b6db6b1d18,7,uniform,"[50, 50, 50, 50, 50, 50, 50]",0,0.0,1
252,f8542bff725c4264aaf360ad929a1807,7,uniform,"[50, 50, 50, 50, 50, 50, 50]",0,0.0,0
253,0d56e8c7e4b6449696113a82ec0da19e,7,uniform,"[50, 50, 50, 50, 50, 50, 50]",0,0.0,1
254,0ad40f362389498382471e1f6171f996,7,uniform,"[50, 50, 50, 50, 50, 50, 50]",0,0.5,1
255,9adfdf882a9a4f8bb69b96506ce7471c,7,uniform,"[50, 50, 50, 50, 50, 50, 50]",1,1.0,1
256,63b89182644f454c92026c4ca6747140,7,uniform,"[50, 50, 50, 50, 50, 50, 50]",0,0.0,0
257,62c441cc36584729bc6608d4f56ca4d6,7,uniform,"[50, 50, 50, 50, 50, 50, 50]",0,0.0,1
258,480a34c34b094ac6b071bc658c0da810,7,uniform,"[50, 50, 50, 50, 50, 50, 50]",0,0.0,0
259,db571ac79d34404b9a59b62c7fd38c56,7,uniform,"[50, 50, 50, 50, 50, 50, 50]",0,0.2692307692307693,1
260,9e3b57d9763d4f1da04cc784d5944be2,7,uniform,"[50, 50, 50, 50, 50, 50, 50]",0,0.0,0
261,7594504b380443f6920beb03b1379bd7,7,uniform,"[50, 50, 50, 50, 50, 50, 50]",0,0.05555555555555555,1
262,d0a7880cce6f4bce95aaaf322c41355f,7,uniform,"[50, 50, 50, 50, 50, 50, 50]",0,0.0,1
263,bdc7cf3241594e52a3164b489f50370d,7,uniform,"[50, 50, 50, 50, 50, 50, 50]",0,0.0,1
264,d5500a7bfa4d4b1683dc90808707e306,7,uniform,"[50, 50, 50, 50, 50, 50, 50]",0,0.0,1
265,8bf4e9d3157446bd95bbea12227c100b,7,uniform,"[50, 50, 50, 50, 50, 50, 50]",0,0.4,1
266,487cd2a2f5ee49bb96d33d0d56ea6a2b,7,uniform,"[50, 50, 50, 50, 50, 50, 50]",0,0.0,1
267,8fcc1e39bba146a08300eef42c641e71,7,uniform,"[50, 50, 50, 50, 50, 50, 50]",0,0.0,0
268,383db81acf1f476d8aa21be94cc9daa7,7,uniform,"[50, 50, 50, 50, 50, 50, 50]",1,1.0,1
269,3ded2ac8aff04250896711bfc070cd39,7,uniform,"[50, 50, 50, 50, 50, 50, 50]",0,0.0,0
270,fcccb4baf6314a589f6725cf1dc37979,7,uniform,"[50, 50, 50, 50, 50, 50, 50]",0,0.07142857142857142,0
271,3365b3e46e9240dca893042f6f34486f,7,uniform,"[50, 50, 50, 50, 50, 50, 50]",0,0.18181818181818182,1
272,7f764f3b545744048cf82108c4bb5157,7,uniform,"[50, 50, 50, 50, 50, 50, 50]",0,0.0,0
273,ad0e4b1a103d400f9ef4dd6827e215b9,7,uniform,"[50, 50, 50, 50, 50, 50, 50]",0,0.0,1
274,198f769edd5c4bd7b829ffeaa6d595c1,7,uniform,"[50, 50, 50, 50, 50, 50, 50]",0,0.0,1
275,e296d418c6614640b45afe738e0fe7ce,7,uniform,"[50, 50, 50, 50, 50, 50, 50]",0,0.0,1
276,489edeed2f20435b9fc8ab429d160239,7,uniform,"[50, 50, 50, 50, 50, 50, 50]",0,0.0,1
277,b39eac495217430ebe3cfb37878882ee,7,uniform,"[50, 50, 50, 50, 50, 50, 50]",0,0.0,1
278,e772ff7304f54b78a3280763cf427221,7,uniform,"[50, 50, 50, 50, 50, 50, 50]",0,0.0,0
279,d16db94dc08840cb930ce9cf59151bef,7,uniform,"[50, 50, 50, 50, 50, 50, 50]",0,0.0,1
280,92100c8dcef141f69ab22ef3ad13d9d5,7,uniform,"[50, 50, 50, 50, 50, 50, 50]",0,0.0,1
281,11452fbd4fdb40d8bd8f10d24a8087e2,7,uniform,"[50, 50, 50, 50, 50, 50, 50]",0,0.0,0
282,3b8f128366fb4a669715a4b6cfc166cd,7,uniform,"[50, 50, 50, 50, 50, 50, 50]",0,0.0,0
283,3dd9a7133b594635ac914a6abccf0e46,7,uniform,"[50, 50, 50, 50, 50, 50, 50]",0,0.0,1
284,f2f07af9f9874dc992ca32c22063ffd4,7,uniform,"[50, 50, 50, 50, 50, 50, 50]",0,0.0,1
285,5ff5d8f1083b442cbf759f1980f8cd15,7,uniform,"[50, 50, 50, 50, 50, 50, 50]",0,0.0,0
286,8047bb5d810b4c2f967c45b876ff4bb8,7,uniform,"[50, 50, 50, 50, 50, 50, 50]",1,1.0,1
287,1e7aa41fe6ff4d048cf6c314eaae526a,7,uniform,"[50, 50, 50, 50, 50, 50, 50]",0,0.0,0
288,32e5e53144904525bdd91c2346ecdc21,7,uniform,"[50, 50, 50, 50, 50, 50, 50]",0,0.0,1
289,3645db7e841f4242ae0b3be674e8bc8a,7,uniform,"[50, 50, 50, 50, 50, 50, 50]",0,0.4,1
290,b344f9c87e2d4e5498338ea56023892c,7,uniform,"[50, 50, 50, 50, 50, 50, 50]",0,0.0,1
291,cae1c72a196e41c0919e17bc003a3a5f,7,uniform,"[50, 50, 50, 50, 50, 50, 50]",0,0.0,0
292,d21a2587e9e64ae08a9243d3f950521b,7,uniform,"[50, 50, 50, 50, 50, 50, 50]",0,0.0,0
293,f8657886cea34216b10630e96b7a2932,7,uniform,"[50, 50, 50, 50, 50, 50, 50]",0,0.14814814814814814,1
294,14c07142ff80440483ee9fdc0f2d8b06,7,uniform,"[50, 50, 50, 50, 50, 50, 50]",0,0.0,1
295,c1028f19198147868af85aa60943519d,7,uniform,"[50, 50, 50, 50, 50, 50, 50]",0,0.060606060606060615,0
296,c5e69a8c19ec4fadb153de7ed8d06b9f,7,uniform,"[50, 50, 50, 50, 50, 50, 50]",0,0.0,1
297,b476d07cc2e747d0bad28a795661540d,7,uniform,"[50, 50, 50, 50, 50, 50, 50]",0,0.0,0
298,ce3ef968a0704a3fa36f7f605ed0031a,7,uniform,"[50, 50, 50, 50, 50, 50, 50]",0,0.0,0
299,5d6dc2b279594850a8ffce1f1b7892aa,7,uniform,"[50, 50, 50, 50, 50, 50, 50]",0,0.5,1
300,74518b730d2941859c8fc206f74de46a,7,uniform,"[50, 50, 50, 50, 50, 50, 50]",0,0.3333333333333333,0
301,679586e746bf437fb4372790a38aaa81,7,uniform,"[50, 50, 50, 50, 50, 50, 50]",0,0.0,1
302,5aaeceef16f34275b07bef56b93edddc,7,uniform,"[50, 50, 50, 50, 50, 50, 50]",0,0.0,1
303,cf3bbf5197224180b1a20f44bba8ff58,7,uniform,"[50, 50, 50, 50, 50, 50, 50]",0,0.0,1
304,77581c9e1c504eb6a88f1cc8693a1f7b,7,uniform,"[50, 50, 50, 50, 50, 50, 50]",0,0.2758620689655173,1
305,57c251b6218b4c1094f9dfb9f53f2a21,7,uniform,"[50, 50, 50, 50, 50, 50, 50]",0,0.0,1
306,786e56a75654431f8335c0a57f0e3d3e,7,uniform,"[50, 50, 50, 50, 50, 50, 50]",0,0.0,1
307,e3ece1d381234fa9a9402f702b38c5b5,7,uniform,"[50, 50, 50, 50, 50, 50, 50]",0,0.33333333333333337,1
308,f5627bd7cf9545e78204161253ca2e8e,7,uniform,"[50, 50, 50, 50, 50, 50, 50]",0,0.2727272727272727,1
309,4f1dcb1b8e9745ddb92444ccacb4b1b8,7,uniform,"[50, 50, 50, 50, 50, 50, 50]",0,0.6666666666666666,1
310,98bbd1deff4143b780e5d123925bdbee,7,uniform,"[50, 50, 50, 50, 50, 50, 50]",0,0.0,1
311,f510e4b92495473db9b86dd2d5b6eb18,7,uniform,"[50, 50, 50, 50, 50, 50, 50]",1,1.0,1
312,7baaa5545ac44114b79c5420d561d85e,7,uniform,"[50, 50, 50, 50, 50, 50, 50]",0,0.0,1
313,143a0df7e66a473ba5804b1c75f56c86,7,uniform,"[50, 50, 50, 50, 50, 50, 50]",0,0.0,0
314,bd0f2b0fc40146edb228ac6be2fd9e5a,7,uniform,"[50, 50, 50, 50, 50, 50, 50]",0,0.0,1
315,06bff66d3af04edd808a81c4b0a106a7,7,uniform,"[50, 50, 50, 50, 50, 50, 50]",0,0.0,1
316,cbb5d9c625b74ae1b3426d2a185549c4,7,uniform,"[50, 50, 50, 50, 50, 50, 50]",0,0.06451612903225806,0
317,3bb0f77a9cbc44fab12fdc8005e69f91,7,uniform,"[50, 50, 50, 50, 50, 50, 50]",0,0.0,0
318,5f24d26d866b410da298cec18f321605,7,uniform,"[50, 50, 50, 50, 50, 50, 50]",0,0.0,1
319,e6bd79cae1cb472c990b5226f2a87152,7,uniform,"[50, 50, 50, 50, 50, 50, 50]",0,0.0,1
320,e111ffbe05e4468c85bfaeceec2ea821,7,uniform,"[50, 50, 50, 50, 50, 50, 50]",0,0.0,1
321,8caeb3cde3074e66af2795f258908f69,7,uniform,"[50, 50, 50, 50, 50, 50, 50]",0,0.0,1
322,f8b5c43adc974d82aaab3f81649ca754,7,uniform,"[50, 50, 50, 50, 50, 50, 50]",0,0.0,1
323,574519a5dbfc4727bd68c1f4f0ad92b0,7,uniform,"[50, 50, 50, 50, 50, 50, 50]",0,0.0,1
324,842b90f71d4142229534788a21189892,7,uniform,"[50, 50, 50, 50, 50, 50, 50]",0,0.0,1
325,09a4f669c3ce4432954d3b5348ffde56,7,uniform,"[50, 50, 50, 50, 50, 50, 50]",0,0.21428571428571425,1
326,b2a92b434a344e49b3a6911bfd86e98f,7,uniform,"[50, 50, 50, 50, 50, 50, 50]",0,0.0,1
327,6029989106ef4c32bc7eb342670dc8c1,7,uniform,"[50, 50, 50, 50, 50, 50, 50]",0,0.0,1
328,e412730b37274c11bad105b38ed9e196,7,uniform,"[50, 50, 50, 50, 50, 50, 50]",0,0.0,1
329,c5c6d814143a4f1eb7cc7546d9654173,7,uniform,"[50, 50, 50, 50, 50, 50, 50]",1,1.0,1
330,0633af8dabeb4925bf0fb0110cc54247,7,uniform,"[50, 50, 50, 50, 50, 50, 50]",0,0.08695652173913045,1
331,044418fd6fd646ec89a54a7013712c9d,7,uniform,"[50, 50, 50, 50, 50, 50, 50]",0,0.08,1
332,8b9a2f29b35b41e38cb94347237d59d7,7,uniform,"[50, 50, 50, 50, 50, 50, 50]",0,0.0,1
333,26782a326a394d688dda2441308bf00a,7,uniform,"[50, 50, 50, 50, 50, 50, 50]",0,0.0,1
334,f9bf09905dc249e69f69c4db9b323d0f,7,uniform,"[50, 50, 50, 50, 50, 50, 50]",0,0.3333333333333333,1
335,07f2d15033cf4fb6916bed5d56dcb8f5,7,uniform,"[50, 50, 50, 50, 50, 50, 50]",0,0.0,1
336,a045cbc6199c4b9e8dbb8545febda365,7,uniform,"[50, 50, 50, 50, 50, 50, 50]",0,0.0,0
337,af446346d828479ca02c375ec2973773,7,uniform,"[50, 50, 50, 50, 50, 50, 50]",0,0.0,0
338,8447a26148c9454da18385e3d9fa4a3c,7,uniform,"[50, 50, 50, 50, 50, 50, 50]",0,0.0,0
339,2a7071c8d8c74dac901956228d59fdfb,7,uniform,"[50, 50, 50, 50, 50, 50, 50]",0,0.0,0
340,55bc45f2e63149869e4d0e52da6cb421,7,uniform,"[50, 50, 50, 50, 50, 50, 50]",0,0.0,1
341,bb2c93be295348eb933e57a16325af76,7,uniform,"[50, 50, 50, 50, 50, 50, 50]",0,0.0,1
342,cff18af0aed84c39ab0d156de7f507f8,7,uniform,"[50, 50, 50, 50, 50, 50, 50]",0,0.0,1
343,423f76b5864047f480599c7946546eb1,7,uniform,"[50, 50, 50, 50, 50, 50, 50]",0,0.0,0
344,0754e951855e46df80b0269253e4acf7,7,uniform,"[50, 50, 50, 50, 50, 50, 50]",0,0.0,0
345,5bdc71bbfc6e4934aa337ab24559eb6c,7,uniform,"[50, 50, 50, 50, 50, 50, 50]",0,0.0,0
346,b71eed014a8c4e51ba0bb48aeb1939ae,7,uniform,"[50, 50, 50, 50, 50, 50, 50]",0,0.28571428571428575,1
347,d09f358431284dea95dec8e61590dbf4,7,uniform,"[50, 50, 50, 50, 50, 50, 50]",0,0.0,1
348,5bbab85f5ac243a9b98914f8c7af6eb4,7,uniform,"[50, 50, 50, 50, 50, 50, 50]",0,0.0,0
349,18cc95b228434b23a3969ac0d65687fa,7,uniform,"[50, 50, 50, 50, 50, 50, 50]",0,0.0,0
350,b322fdc7819546138582ebc07e8aa7a8,7,uniform,"[50, 50, 50, 50, 50, 50, 50]",0,0.0,1
351,f955cb3e7bda4a93a867b361b7b96327,7,uniform,"[50, 50, 50, 50, 50, 50, 50]",0,0.0,1
352,62e9113dcca84b61af8304429b1570da,7,uniform,"[50, 50, 50, 50, 50, 50, 50]",0,0.0,0
353,f3fc1b6ee3b24e47856d9fe7730350a2,7,uniform,"[50, 50, 50, 50, 50, 50, 50]",0,0.0,0
354,8f0cfcb0d46d43eeb6c7ee04cd29c027,7,uniform,"[50, 50, 50, 50, 50, 50, 50]",0,0.0,1
355,82eb7d4504834ceabad83742c2d0ab5c,7,uniform,"[50, 50, 50, 50, 50, 50, 50]",0,0.6666666666666666,1
356,bf16d51b5b9540ec83fba053bc26a8a9,7,uniform,"[50, 50, 50, 50, 50, 50, 50]",0,0.10256410256410257,1
357,e62ce90267b149f7a65dc0901c614317,7,uniform,"[50, 50, 50, 50, 50, 50, 50]",0,0.0,1
358,8e376a7767224f8381c8ee661c43ad16,7,uniform,"[50, 50, 50, 50, 50, 50, 50]",0,0.0,1
359,435fd88dd9034cf1bd211e03bab2bed5,7,uniform,"[50, 50, 50, 50, 50, 50, 50]",0,0.0,1
360,109740b4edfa49c5961632436d1df48c,7,uniform,"[50, 50, 50, 50, 50, 50, 50]",0,0.0,1
361,a4c31c16dd1a4cf493b8c20500a88539,7,uniform,"[50, 50, 50, 50, 50, 50, 50]",1,1.0,1
362,721498d8723844d5b1ab0d15eb8e7699,7,uniform,"[50, 50, 50, 50, 50, 50, 50]",0,0.0,0
363,1699130630f2472cacfcbfe214d40416,7,uniform,"[50, 50, 50, 50, 50, 50, 50]",0,0.0,0
364,cceb8fa1b2a84757932a6f7ae86b3653,7,uniform,"[50, 50, 50, 50, 50, 50, 50]",1,1.0,1
365,147cef44c6e64257a962d7ed7e7df893,7,uniform,"[50, 50, 50, 50, 50, 50, 50]",0,0.046511627906976744,0
366,afdf5764dddf4d858cff8be47f91fba7,7,uniform,"[50, 50, 50, 50, 50, 50, 50]",0,0.0,1
367,77dc5fcd3f654630a9a8ec90c9375b45,7,uniform,"[50, 50, 50, 50, 50, 50, 50]",0,0.0,1
368,3a33ecb066b9443e85b68c446f45b287,7,uniform,"[50, 50, 50, 50, 50, 50, 50]",0,0.08695652173913045,1
369,43204be4d77d421990db36f2d9951e63,7,uniform,"[50, 50, 50, 50, 50, 50, 50]",0,0.0,1
370,4c961dd89b054526b342c921486477a6,7,uniform,"[50, 50, 50, 50, 50, 50, 50]",0,0.0,1
371,89b7733b0a994df7b4250953ccff9c24,7,uniform,"[50, 50, 50, 50, 50, 50, 50]",0,0.0,1
372,8b627a95012d4f65a70aff1249d43d64,7,uniform,"[50, 50, 50, 50, 50, 50, 50]",0,0.0,1
373,b99c50bfd5f849afb601bd8ac95b0bf4,7,uniform,"[50, 50, 50, 50, 50, 50, 50]",0,0.0,1
374,ff383ab32c9942908db5946a8fe654d3,7,uniform,"[50, 50, 50, 50, 50, 50, 50]",0,0.0,0
375,89abc7236e6941ee88a263d88d6d299a,7,uniform,"[50, 50, 50, 50, 50, 50, 50]",0,0.1702127659574468,1
376,fadd2528784f4a9fa3b391626e69ffc0,7,uniform,"[50, 50, 50, 50, 50, 50, 50]",0,0.0,0
377,1958d14b7db54bffbbdd57e3677c08e7,7,uniform,"[50, 50, 50, 50, 50, 50, 50]",1,1.0,1
378,9966c7735a6649d88366224ff6552c68,7,uniform,"[50, 50, 50, 50, 50, 50, 50]",0,0.0,0
379,2818d5e47a844bc9831496e2f587a803,7,uniform,"[50, 50, 50, 50, 50, 50, 50]",0,0.0,1
380,74f114ab49744e608eafab899371d913,7,uniform,"[50, 50, 50, 50, 50, 50, 50]",0,0.5,1
381,f724593e7f4842569187dae70a2560d9,7,uniform,"[50, 50, 50, 50, 50, 50, 50]",0,0.0,1
382,3e46e0220a18483fb0fd448bcc36815e,7,uniform,"[50, 50, 50, 50, 50, 50, 50]",0,0.0,1
383,ec9dedf313ba4f90883a2b01909553b3,7,uniform,"[50, 50, 50, 50, 50, 50, 50]",0,0.0,1
384,2e9b048c06dc45be97da6116056f74f6,7,uniform,"[50, 50, 50, 50, 50, 50, 50]",0,0.4444444444444445,1
385,efc438e4fd18417daa0e662499fbe956,7,uniform,"[50, 50, 50, 50, 50, 50, 50]",0,0.5,0
386,33313f986ec740f3b824bc3accb9111e,7,uniform,"[50, 50, 50, 50, 50, 50, 50]",0,0.0,1
387,8eacd2be836f472a83d7008f33ed8506,7,uniform,"[50, 50, 50, 50, 50, 50, 50]",0,0.0,1
388,6cb904d598ce4f7ebb4e4283a24a2f63,7,uniform,"[50, 50, 50, 50, 50, 50, 50]",1,1.0,1
389,194bd503229c46c3b308896e770e1eb1,7,uniform,"[50, 50, 50, 50, 50, 50, 50]",0,0.0,1
390,0c1c6f6b44e3466eac1a68dadefd06ab,7,uniform,"[50, 50, 50, 50, 50, 50, 50]",0,0.0,1
391,c5559fa0b9a0438a9b843d4207061a3d,7,uniform,"[50, 50, 50, 50, 50, 50, 50]",0,0.0,1
392,a168c89e395546be9605e969f682e554,7,uniform,"[50, 50, 50, 50, 50, 50, 50]",0,0.0,1
393,849240180c584f71bc56c0c92c5df5fd,7,uniform,"[50, 50, 50, 50, 50, 50, 50]",0,0.0,0
394,d69a7141ec1c4110ac124dd58d19b8b4,7,uniform,"[50, 50, 50, 50, 50, 50, 50]",0,0.136986301369863,0
395,d94300f7464c401db93e557fec221320,7,uniform,"[50, 50, 50, 50, 50, 50, 50]",0,0.0,0
396,fa44913cfa244faa88e773dcc3045012,7,uniform,"[50, 50, 50, 50, 50, 50, 50]",0,0.0,1
397,e98ac3de59a646c69b6eb17d3e3a4d0d,7,uniform,"[50, 50, 50, 50, 50, 50, 50]",0,0.0,0
398,d745bee67227422b824140f2734b0621,7,uniform,"[50, 50, 50, 50, 50, 50, 50]",0,0.06896551724137931,0
399,25eec8384d9d45b8b75affcc9f164be3,7,uniform,"[50, 50, 50, 50, 50, 50, 50]",0,0.0,1
400,912cb6aecbec4dc2b44ee22a076c3e2a,7,uniform,"[50, 50, 50, 50, 50, 50, 50]",0,0.0,0
401,f523ba87f5714a108e9bae698f676063,7,uniform,"[50, 50, 50, 50, 50, 50, 50]",0,0.0,1
402,3f28f7be13ad43cda7681b7fa874843c,7,uniform,"[50, 50, 50, 50, 50, 50, 50]",1,1.0,1
403,51ff7cdf97074a07862234487477ef4a,7,uniform,"[50, 50, 50, 50, 50, 50, 50]",0,0.0,1
404,6e1780414deb4cf9b49568f07b3bdc26,7,uniform,"[50, 50, 50, 50, 50, 50, 50]",0,0.0,0
405,f61206d61cf94401b8fbb566b0b67ec7,7,uniform,"[50, 50, 50, 50, 50, 50, 50]",0,0.0,1
406,12859cbba89f494b98e6b7be8b4c88ff,7,uniform,"[50, 50, 50, 50, 50, 50, 50]",0,0.0,0
407,1e326f32613a417fb55b23337862c62b,7,uniform,"[50, 50, 50, 50, 50, 50, 50]",0,0.8,1
408,4ff0076b7fe74648806429e78621f265,7,uniform,"[50, 50, 50, 50, 50, 50, 50]",0,0.0,0
409,531b64eef1bd44568360b3ab40da40da,7,uniform,"[50, 50, 50, 50, 50, 50, 50]",0,0.08000000000000002,0
410,ef15b705b7c54e77b276f22c804ce15d,7,uniform,"[50, 50, 50, 50, 50, 50, 50]",0,0.07999999999999999,1
411,bf9d67fa8b3849ceb410c4dfd7947e5f,7,uniform,"[50, 50, 50, 50, 50, 50, 50]",0,0.0,0
412,8b256cf4c08f4507b8b2f96d7289b585,7,uniform,"[50, 50, 50, 50, 50, 50, 50]",0,0.20512820512820512,1
413,ab65135d9fc94f16a97555b6b3c54832,7,uniform,"[50, 50, 50, 50, 50, 50, 50]",0,0.0,1
414,21c894485b7a4cb0b66313dd1802a3c2,7,uniform,"[50, 50, 50, 50, 50, 50, 50]",0,0.0,1
415,23f3abb43b8f4f74bffb018bb3943125,7,uniform,"[50, 50, 50, 50, 50, 50, 50]",1,1.0,1
416,cdec7a0d975642d38b3b2d449bffc3e8,7,uniform,"[50, 50, 50, 50, 50, 50, 50]",0,0.0,0
417,803441a3a59d42b293810212bf2d6ced,7,uniform,"[50, 50, 50, 50, 50, 50, 50]",0,0.0,1
418,738dc2a651c7477abe2efc0e5547054a,7,uniform,"[50, 50, 50, 50, 50, 50, 50]",1,1.0,1
419,2fcf533dede444f2a0296b3bf112e0bd,7,uniform,"[50, 50, 50, 50, 50, 50, 50]",1,1.0,1
420,a1747749a3904c53b124b17ba86b1df6,7,uniform,"[50, 50, 50, 50, 50, 50, 50]",0,0.0,1
421,95a04d9fc49441cd901191b2390f05cd,7,uniform,"[50, 50, 50, 50, 50, 50, 50]",0,0.1818181818181818,1
422,1a82de30a1e546bbaf099a05d79a6230,7,uniform,"[50, 50, 50, 50, 50, 50, 50]",0,0.0,1
423,bc20c452e45644e4beb92b0f35859105,7,uniform,"[50, 50, 50, 50, 50, 50, 50]",1,1.0,1
424,1f2ee8a4ce5d448e8ed30e7ca27b2b32,7,uniform,"[50, 50, 50, 50, 50, 50, 50]",0,0.0,1
425,3f1a03dd30304609a4e646069b0deffd,7,uniform,"[50, 50, 50, 50, 50, 50, 50]",0,0.0,0
426,a256f8f1dbd644c98a3bc79d072405fc,7,uniform,"[50, 50, 50, 50, 50, 50, 50]",0,0.0,1
427,35d000cd64d14585bd474322dc4f4f70,7,uniform,"[50, 50, 50, 50, 50, 50, 50]",0,0.4864864864864865,1
428,7e9ac1c4bf0845eab105c8b1b9265db2,7,uniform,"[50, 50, 50, 50, 50, 50, 50]",0,0.0,0
429,652962af37ce4c5799789678fa661553,7,uniform,"[50, 50, 50, 50, 50, 50, 50]",0,0.25,1
430,f5894ccfbf314a63baaca983e208a43b,7,uniform,"[50, 50, 50, 50, 50, 50, 50]",1,1.0,1
431,8a3561154a454ca597d3a9a636a95a93,7,uniform,"[50, 50, 50, 50, 50, 50, 50]",0,0.2666666666666667,1
432,6fe2385a3a1f4e7c8b1982cad82c939d,7,uniform,"[50, 50, 50, 50, 50, 50, 50]",0,0.15384615384615385,1
433,6f8f3d49dd8845de8307ad2d9fabf269,7,uniform,"[50, 50, 50, 50, 50, 50, 50]",0,0.0,1
434,a36a9969dee14e6f90fc1785e4d8151a,7,uniform,"[50, 50, 50, 50, 50, 50, 50]",0,0.0,1
435,1d1a6ab35fe14fdd8bbe88f884d82ce6,7,uniform,"[50, 50, 50, 50, 50, 50, 50]",1,1.0,1
436,fb776aaae451464692b974373b39e4c5,7,uniform,"[50, 50, 50, 50, 50, 50, 50]",1,1.0,1
437,6616d9ae236f46acb990d2a879bf346f,7,uniform,"[50, 50, 50, 50, 50, 50, 50]",1,1.0,1
438,374bacece7a6435484e32852ba73f4a8,7,uniform,"[50, 50, 50, 50, 50, 50, 50]",0,0.6666666666666666,1
439,527a875dd5504c12b1e26cec3ff31fb6,7,uniform,"[50, 50, 50, 50, 50, 50, 50]",0,0.0,1
440,3b6bbfa360e14c8ea4997b82981bf6f7,7,uniform,"[50, 50, 50, 50, 50, 50, 50]",1,1.0,1
441,4f66952eeb534a109a11044fcfecf033,7,uniform,"[50, 50, 50, 50, 50, 50, 50]",0,0.0,0
442,dcd06efd15d8483f9ae99008aae4b8e6,7,uniform,"[50, 50, 50, 50, 50, 50, 50]",0,0.6666666666666666,1
443,c452c1a025c44bdab1694894c2799e64,7,uniform,"[50, 50, 50, 50, 50, 50, 50]",0,0.0,1
444,2efef198621244dc8f660e49bcb0b54e,7,uniform,"[50, 50, 50, 50, 50, 50, 50]",0,0.0,1
445,0b9b15aa02b54f8e82a61c149799963b,7,uniform,"[50, 50, 50, 50, 50, 50, 50]",0,0.0,1
446,a77bad2720ec43aba758a5c99624b6c3,7,uniform,"[50, 50, 50, 50, 50, 50, 50]",0,0.0,1
447,42c9c8fe7ee843dbbe578fdc4dbba39a,7,uniform,"[50, 50, 50, 50, 50, 50, 50]",0,0.0,1
448,500e35b80a13424c8eb9c6e6a0b9af15,7,uniform,"[50, 50, 50, 50, 50, 50, 50]",0,0.0,1
449,490da89fb4c743858167b5b75af14ddd,7,uniform,"[50, 50, 50, 50, 50, 50, 50]",0,0.0,1
450,03905a27a5b841e59153c2e3de3c99f4,7,uniform,"[50, 50, 50, 50, 50, 50, 50]",0,0.0,0
451,bb334d8819054ded95d25bd214397832,7,uniform,"[50, 50, 50, 50, 50, 50, 50]",0,0.0,1
452,ccf8e9a161124b058363c911f27cc4bf,7,uniform,"[50, 50, 50, 50, 50, 50, 50]",0,0.0,1
453,d83d3eda31c14835877587e71ae8f858,7,uniform,"[50, 50, 50, 50, 50, 50, 50]",1,1.0,1
454,4b7de03eac3642c5aad653d3fe1600dc,7,uniform,"[50, 50, 50, 50, 50, 50, 50]",0,0.18518518518518517,1
455,574737b3f4284419a8e2bcf43167e253,7,uniform,"[50, 50, 50, 50, 50, 50, 50]",0,0.6666666666666666,1
456,4e8d8610abde45809ece08144c48d9e7,7,uniform,"[50, 50, 50, 50, 50, 50, 50]",0,0.6666666666666666,1
457,80f8912075b14d1a91b62f0c2d06ca84,7,uniform,"[50, 50, 50, 50, 50, 50, 50]",0,0.0,1
458,6401157d496747a092bf97a5f430d281,7,uniform,"[50, 50, 50, 50, 50, 50, 50]",0,0.0,1
459,614b047fc1144246af208be2a508d5ce,7,uniform,"[50, 50, 50, 50, 50, 50, 50]",0,0.0,0
460,0dfeb9e7d43747bcac4e5ac700caec79,7,uniform,"[50, 50, 50, 50, 50, 50, 50]",0,0.0,1
461,edb3d5b64911443798e8e83b07ae5b99,7,uniform,"[50, 50, 50, 50, 50, 50, 50]",0,0.4210526315789474,1
462,d54a2fd059b54e2d80b503109524db0a,7,uniform,"[50, 50, 50, 50, 50, 50, 50]",0,0.0,1
463,c564493e2442402ebb6d4a5af51f7c25,7,uniform,"[50, 50, 50, 50, 50, 50, 50]",0,0.5454545454545454,1
464,b32d5172d0b3451b83352d24deab59e6,7,uniform,"[50, 50, 50, 50, 50, 50, 50]",0,0.0,1
465,19d523d3a0824aed8cc62eed5e24f1e4,7,uniform,"[50, 50, 50, 50, 50, 50, 50]",0,0.0,1
466,4cff857ac2f74c6094f26f596ba0cb1f,7,uniform,"[50, 50, 50, 50, 50, 50, 50]",0,0.0,1
467,af77d75481ae4b0391017dfd394050f4,7,uniform,"[50, 50, 50, 50, 50, 50, 50]",0,0.09523809523809523,1
468,2784aee1dd324e3f8945b73963b7785f,7,uniform,"[50, 50, 50, 50, 50, 50, 50]",0,0.0,1
469,d89807b1fdda40c2bebb55edf64c3938,7,uniform,"[50, 50, 50, 50, 50, 50, 50]",0,0.18181818181818182,1
470,af5369c41cba4379978174fe353ddff6,7,uniform,"[50, 50, 50, 50, 50, 50, 50]",1,1.0,1
471,6bf1ecc9589d4447b31afde347505919,7,uniform,"[50, 50, 50, 50, 50, 50, 50]",0,0.0,0
472,ba2b3c2aeb464d8f8a949fc75944bcbd,7,uniform,"[50, 50, 50, 50, 50, 50, 50]",1,1.0,1
473,112542d377134435a5e6e79b2e9a5c1a,7,uniform,"[50, 50, 50, 50, 50, 50, 50]",0,0.0,1
474,80a9457351e14111aaf3fb84d3528092,7,uniform,"[50, 50, 50, 50, 50, 50, 50]",0,0.0,1
475,f2894e10d02a42c2b91b26caefadfbc9,7,uniform,"[50, 50, 50, 50, 50, 50, 50]",1,1.0,1
476,daccc4268b874f63a33873b7171ba8ff,7,uniform,"[50, 50, 50, 50, 50, 50, 50]",0,0.22222222222222224,1
477,540ee9edf9fd4bfc981390d172704bbc,7,uniform,"[50, 50, 50, 50, 50, 50, 50]",0,0.0,1
478,116602c25c3e4b33b7a5a111f9174cbe,7,uniform,"[50, 50, 50, 50, 50, 50, 50]",0,0.5,1
479,66225a9def6a45ddaac68462170b34b7,7,uniform,"[50, 50, 50, 50, 50, 50, 50]",0,0.0,0
480,b75b64ca513e4ae3be64ff5d71a9b652,7,uniform,"[50, 50, 50, 50, 50, 50, 50]",0,0.0,0
481,1aa0b7493d9b47bbb4625d39922576b6,7,uniform,"[50, 50, 50, 50, 50, 50, 50]",0,0.0,0
482,ce867b37ae1d4bc6b35988966e721575,7,uniform,"[50, 50, 50, 50, 50, 50, 50]",1,1.0,1
483,ab351f57bcf34ad6a535ed69e1eed04b,7,uniform,"[50, 50, 50, 50, 50, 50, 50]",0,0.0,1
484,f8d21ecd07db4b0888ea7c2c91f9135c,7,uniform,"[50, 50, 50, 50, 50, 50, 50]",0,0.0,0
485,66ccd850630b4a069b80af81f0d8fa0c,7,uniform,"[50, 50, 50, 50, 50, 50, 50]",0,0.0,1
486,fccd16a6079343e5ad862a07f82e3f42,7,uniform,"[50, 50, 50, 50, 50, 50, 50]",0,0.888888888888889,1
487,5372bffd269e45f5b80bfa12e294af8f,7,uniform,"[50, 50, 50, 50, 50, 50, 50]",1,1.0,1
488,1e52126edb5a499381fb1f064dd4377c,7,uniform,"[50, 50, 50, 50, 50, 50, 50]",0,0.0,0
489,ddf8070fbf124b54bfdca93791ef2056,7,uniform,"[50, 50, 50, 50, 50, 50, 50]",0,0.0,1
490,ec552a3b81734f36ae2a031fc34b7519,7,uniform,"[50, 50, 50, 50, 50, 50, 50]",0,0.0,1
491,23d1c9c515f3417ab70aba3c3bc43ec8,7,uniform,"[50, 50, 50, 50, 50, 50, 50]",0,0.0,1
492,af91062c61d0431fa90edb3cffc48da0,7,uniform,"[50, 50, 50, 50, 50, 50, 50]",0,0.0,1
493,9a9db144769c4ce29c4cdb431d756043,7,uniform,"[50, 50, 50, 50, 50, 50, 50]",0,0.0,0
494,3e4038716e3948b4b94243cad4cbfd1e,7,uniform,"[50, 50, 50, 50, 50, 50, 50]",0,0.0,0
495,dab26af5192549f1a07bed7fa63bf47e,7,uniform,"[50, 50, 50, 50, 50, 50, 50]",0,0.0,0
496,d58a27153bc74f08bfa857c4a80b1c90,7,uniform,"[50, 50, 50, 50, 50, 50, 50]",0,0.0,1
497,dd5a9212340046e2a340103c45fd7f17,7,uniform,"[50, 50, 50, 50, 50, 50, 50]",0,0.0,1
498,8b0fb3b8cfee4daba5b93311dbe5c5b5,7,uniform,"[50, 50, 50, 50, 50, 50, 50]",0,0.0,1
499,822d82601bda4b509b180096346c1885,7,uniform,"[50, 50, 50, 50, 50, 50, 50]",0,0.0,0
500,cff10f8297c64447bf388d45ed577e95,7,uniform,"[50, 50, 50, 50, 50, 50, 50]",1,1.0,1
501,ecb8eb62bc3d4ae280ea3151211089a3,7,uniform,"[50, 50, 50, 50, 50, 50, 50]",0,0.0,1
502,787d235e4c2b4d89b4d9aebff5779cf6,7,uniform,"[50, 50, 50, 50, 50, 50, 50]",0,0.0,0
503,bfb2c3311c5d45789500d104b3965147,7,uniform,"[50, 50, 50, 50, 50, 50, 50]",0,0.10256410256410257,1
504,c754c326486641409687edae575f81ee,7,uniform,"[50, 50, 50, 50, 50, 50, 50]",0,0.0,1
505,fe0d714e8be546d994f3469fbc3bd068,7,uniform,"[50, 50, 50, 50, 50, 50, 50]",1,1.0,1
506,cac7bd69b3e546a8aeccaeabc394f172,7,uniform,"[50, 50, 50, 50, 50, 50, 50]",0,0.0,1
507,8a6ced88638f4bf68c6bb3d7a979d48e,7,uniform,"[50, 50, 50, 50, 50, 50, 50]",1,1.0,1
508,9186ab50536b4241b5033a6f1bfa8c9b,7,uniform,"[50, 50, 50, 50, 50, 50, 50]",0,0.0,1
509,4166369ecf494ae998597cee8f2be647,7,uniform,"[50, 50, 50, 50, 50, 50, 50]",0,0.08333333333333333,1
510,78112e7810214d80b8fab5fa51c61200,7,uniform,"[50, 50, 50, 50, 50, 50, 50]",0,0.0,0
511,38ec897108f245b19aeba0e93e304360,7,uniform,"[50, 50, 50, 50, 50, 50, 50]",0,0.0,1
512,b26cac2e25c243dd93e2ac30801d55c9,7,uniform,"[50, 50, 50, 50, 50, 50, 50]",0,0.0,1
513,dda0f54af5084a31a2746f72210b0bd4,7,uniform,"[50, 50, 50, 50, 50, 50, 50]",0,0.0,1
514,8444096a84e9455287180d0b1a928142,7,uniform,"[50, 50, 50, 50, 50, 50, 50]",0,0.054054054054054064,1
515,22f46485365f4209a992b2f67feb0440,7,uniform,"[50, 50, 50, 50, 50, 50, 50]",0,0.0,1
516,de36cde140ee4ceda620f1518dd104bc,7,uniform,"[50, 50, 50, 50, 50, 50, 50]",0,0.0,1
517,08183378ccb3472d903fd95b3b82e132,7,uniform,"[50, 50, 50, 50, 50, 50, 50]",0,0.0,1
518,cb08cc75e99a4ec9807321f51dd40566,7,uniform,"[50, 50, 50, 50, 50, 50, 50]",0,0.0,1
519,1667240d3dd740ffa3c317106730a441,7,uniform,"[50, 50, 50, 50, 50, 50, 50]",0,0.0,0
520,b1de8025e01448dcabb96c7e5fab0186,7,uniform,"[50, 50, 50, 50, 50, 50, 50]",1,1.0,1
521,4c3cfd857b01453f9d193ba70e0f2257,7,uniform,"[50, 50, 50, 50, 50, 50, 50]",1,1.0,1
522,bcdd509239274509afc8ae77cb5df604,7,uniform,"[50, 50, 50, 50, 50, 50, 50]",1,1.0,1
523,f7776c027aca468e87d60716cfe3c1c3,7,uniform,"[50, 50, 50, 50, 50, 50, 50]",0,0.0,1
524,2242d2a664df4bf1967d3689e8b069d0,7,uniform,"[50, 50, 50, 50, 50, 50, 50]",0,0.16666666666666669,1
525,420222ccc3794c10a9750e897a4532e0,7,uniform,"[50, 50, 50, 50, 50, 50, 50]",0,0.0,0
526,fe94d55d37024a71afeebcce19c9779c,7,uniform,"[50, 50, 50, 50, 50, 50, 50]",0,0.0,0
527,16083c1098654497a127f77ea191c127,7,uniform,"[50, 50, 50, 50, 50, 50, 50]",0,0.0,1
528,427c5359e1bd4e2ca065c379a9c5d227,7,uniform,"[50, 50, 50, 50, 50, 50, 50]",0,0.16666666666666669,1
529,6b25cbff83ef403ba7c2ee3b03a1d8be,7,uniform,"[50, 50, 50, 50, 50, 50, 50]",0,0.0,0
530,d23a30ecc5b8469c8e6324ff5d42409b,7,uniform,"[50, 50, 50, 50, 50, 50, 50]",0,0.0,1
531,c4eb8e9e88a64fa49128ad4e99776c91,7,uniform,"[50, 50, 50, 50, 50, 50, 50]",0,0.0,1
532,0e497d4f0b4642248a1e1e4b25960ce0,7,uniform,"[50, 50, 50, 50, 50, 50, 50]",0,0.0,1
533,02a006ec43e94d8a8fec1ab448fa5e00,7,uniform,"[50, 50, 50, 50, 50, 50, 50]",0,0.6666666666666666,1
534,6bdd81ddfa4d41f9a8dac2c1ce206945,7,uniform,"[50, 50, 50, 50, 50, 50, 50]",0,0.0,1
535,bd35d7a651974bb181849a4486692264,7,uniform,"[50, 50, 50, 50, 50, 50, 50]",1,1.0,1
536,7992ef8a5e8f4d9da5a3f75f157136a0,7,uniform,"[50, 50, 50, 50, 50, 50, 50]",0,0.0,1
537,10e96facf13e4091ba5c8cee71226ff0,7,uniform,"[50, 50, 50, 50, 50, 50, 50]",0,0.0,1
538,e854d8deb6cf4af4ac58d44cb3c027c3,7,uniform,"[50, 50, 50, 50, 50, 50, 50]",0,0.0,1
539,80109609b1f24dc0859af11d2bf33ca9,7,uniform,"[50, 50, 50, 50, 50, 50, 50]",0,0.15384615384615385,1
540,1cc25c3729ab4627a29f3f11172af372,7,uniform,"[50, 50, 50, 50, 50, 50, 50]",0,0.0,1
541,805a6afa477c45d18a26ebba495ac1b7,7,uniform,"[50, 50, 50, 50, 50, 50, 50]",1,1.0,1
542,8dcf91cc88c7478fb336f2b856b1f9b8,7,uniform,"[50, 50, 50, 50, 50, 50, 50]",0,0.0,0
543,34532b23c4624e6e92c4faf30085297d,7,uniform,"[50, 50, 50, 50, 50, 50, 50]",0,0.21739130434782608,1
544,ab7f7e70dde447fcaa29fdc20ba659db,7,uniform,"[50, 50, 50, 50, 50, 50, 50]",0,0.0,0
545,7904eba267c04097b63fb228937b62bb,7,uniform,"[50, 50, 50, 50, 50, 50, 50]",0,0.0,1
546,27ed5ffe8231443985b27f0d9d605774,7,uniform,"[50, 50, 50, 50, 50, 50, 50]",1,1.0,1
547,cdec18921af845c694384dea037eb6ec,7,uniform,"[50, 50, 50, 50, 50, 50, 50]",0,0.0,0
548,e5d6b99f2e6d4efea5d77b6e01aa98a3,7,uniform,"[50, 50, 50, 50, 50, 50, 50]",0,0.0,1
549,52e75f8056964c38b2a325a45841c089,7,uniform,"[50, 50, 50, 50, 50, 50, 50]",0,0.0,1
550,241ae106b1f7409d82a03f8296c8a6ab,7,uniform,"[50, 50, 50, 50, 50, 50, 50]",0,0.05555555555555556,1
551,374f14d949354e9aa9bdcfdc090433d7,7,uniform,"[50, 50, 50, 50, 50, 50, 50]",1,1.0,1
552,051e0cb33cb64409bbf8e8e79165bacf,7,uniform,"[50, 50, 50, 50, 50, 50, 50]",0,0.0,1
553,cfc8297fe16243e68fd7df070d7bd587,7,uniform,"[50, 50, 50, 50, 50, 50, 50]",0,0.5217391304347826,1
554,7df3df70d1c74ae9a1255fbee295ef62,7,uniform,"[50, 50, 50, 50, 50, 50, 50]",0,0.0,1
555,9238d14529524f97a206ee0d51f157b8,7,uniform,"[50, 50, 50, 50, 50, 50, 50]",0,0.0,0
556,0c9774b9297641e39224f703c4e13ec6,7,uniform,"[50, 50, 50, 50, 50, 50, 50]",0,0.0,1
557,5837e1a0fc834500856bc94d81b68ac2,7,uniform,"[50, 50, 50, 50, 50, 50, 50]",0,0.0,0
558,95e677b8475e40e3a6abedec6fe17104,7,uniform,"[50, 50, 50, 50, 50, 50, 50]",0,0.0,0
559,04aa223c25b44b43ba9c2cc94fb5ccc1,7,uniform,"[50, 50, 50, 50, 50, 50, 50]",0,0.0,1
560,b18ad0a41f164debb57278760e011fd1,7,uniform,"[50, 50, 50, 50, 50, 50, 50]",0,0.0,0
561,2ff5deeb56834423b46cb59226137c85,7,uniform,"[50, 50, 50, 50, 50, 50, 50]",0,0.0,1
562,fc754599d5c048639de9864adbce649a,7,uniform,"[50, 50, 50, 50, 50, 50, 50]",0,0.0,1
563,962454a456cc4bbb9a8d5bfba6abf79c,7,uniform,"[50, 50, 50, 50, 50, 50, 50]",0,0.0,1
564,902f161fe57f4998b07fd0de6d95270d,7,uniform,"[50, 50, 50, 50, 50, 50, 50]",0,0.13043478260869565,1
565,386263cd9738415982f8a63c4d30c2c5,7,uniform,"[50, 50, 50, 50, 50, 50, 50]",0,0.6666666666666666,0
566,7fa327c5d6d443e8b5528c521db7bf65,7,uniform,"[50, 50, 50, 50, 50, 50, 50]",0,0.0,0
567,a3350d80e3c94368aed1d9a34577d519,7,uniform,"[50, 50, 50, 50, 50, 50, 50]",0,0.0,1
568,0cecc7cafa884126923093cb39466c96,7,uniform,"[50, 50, 50, 50, 50, 50, 50]",0,0.0,1
569,e23472157c0d4ebe81a0fa5c027b3359,7,uniform,"[50, 50, 50, 50, 50, 50, 50]",0,0.0,0
570,0d5bc4fc6f0c425b98565b8f80bb6e43,7,uniform,"[50, 50, 50, 50, 50, 50, 50]",0,0.0,0
571,0104a4f929b64f0e84d574262a285e30,7,uniform,"[50, 50, 50, 50, 50, 50, 50]",1,1.0,1
572,c5dc840ded554956be6daa4c6631deb3,7,uniform,"[50, 50, 50, 50, 50, 50, 50]",1,1.0,1
573,6254496b903a42e680fd882f3283fb49,7,uniform,"[50, 50, 50, 50, 50, 50, 50]",0,0.0,1
574,1f73b3ea836548d496ef68c08f4369f4,7,uniform,"[50, 50, 50, 50, 50, 50, 50]",0,0.0,1
575,6c170e4dcb7d4be0a567d55d531ba222,7,uniform,"[50, 50, 50, 50, 50, 50, 50]",0,0.4,1
576,64ca162a7daf4ca0b747b8b3d75eca51,7,uniform,"[50, 50, 50, 50, 50, 50, 50]",0,0.07142857142857144,0
577,a73cab123714432c9731e0568fd9d43c,7,uniform,"[50, 50, 50, 50, 50, 50, 50]",0,0.33333333333333337,1
578,e504aa46a10248e8b18cb4639dce0467,7,uniform,"[50, 50, 50, 50, 50, 50, 50]",0,0.5,1
579,8e5c3c1a2b514ea2b0d9eb06879364c2,7,uniform,"[50, 50, 50, 50, 50, 50, 50]",1,1.0,1
580,843521ec385d4ca797c3a37842424dae,7,uniform,"[50, 50, 50, 50, 50, 50, 50]",0,0.0,0
581,1554e7b389d54ff7904f0bf2d82e269c,7,uniform,"[50, 50, 50, 50, 50, 50, 50]",0,0.0,0
582,0c64ef2bbeb543bf87efbb0b2617f2b1,7,uniform,"[50, 50, 50, 50, 50, 50, 50]",1,1.0,1
583,ffc6152628c540ecae6e6bab7f420f28,7,uniform,"[50, 50, 50, 50, 50, 50, 50]",0,0.888888888888889,1
584,c7c63ad1a040451eaf13ad8160295ba0,7,uniform,"[50, 50, 50, 50, 50, 50, 50]",0,0.0,0
585,e6a17a43379a40d1a0388edd679e1fc3,7,uniform,"[50, 50, 50, 50, 50, 50, 50]",0,0.0,1
586,808b1f032cab4da587ca8837b7ee6686,7,uniform,"[50, 50, 50, 50, 50, 50, 50]",0,0.6666666666666666,1
587,28ae4259c5bd485a899ec68af2eb4264,7,uniform,"[50, 50, 50, 50, 50, 50, 50]",0,0.0,0
588,62179d55c8ab4178bb0450eafda198cf,7,uniform,"[50, 50, 50, 50, 50, 50, 50]",0,0.0,0
589,157c103f7f3942c8be2ee84825ff7f32,7,uniform,"[50, 50, 50, 50, 50, 50, 50]",0,0.0,1
590,c551f0e759174fbc80c4d851c51c31fd,7,uniform,"[50, 50, 50, 50, 50, 50, 50]",0,0.0,1
591,8a34a18a13e9487984c1d6839fed053e,7,uniform,"[50, 50, 50, 50, 50, 50, 50]",0,0.5,0
592,d4b5dfb2769d4208804f62b71b6e71c3,7,uniform,"[50, 50, 50, 50, 50, 50, 50]",0,0.0,0
593,77eaa1d176e14eb092f85c51020850ff,7,uniform,"[50, 50, 50, 50, 50, 50, 50]",0,0.0,0
594,8dbad2970e8945f0a4595ccae78e57e9,7,uniform,"[50, 50, 50, 50, 50, 50, 50]",0,0.0,0
595,01649970ebdc4958a48c133492620c31,7,uniform,"[50, 50, 50, 50, 50, 50, 50]",0,0.0,1
596,695bcb8dd90046bba77ed4fe322db935,7,uniform,"[50, 50, 50, 50, 50, 50, 50]",0,0.0,1
597,ce37bce116da48499f15b84b3c158692,7,uniform,"[50, 50, 50, 50, 50, 50, 50]",0,0.6666666666666666,1
598,e88a0c1244b5484b830b44a6139bec80,7,uniform,"[50, 50, 50, 50, 50, 50, 50]",0,0.0,0
599,60b894ff9c6c43c58bc90fcc2aa78e43,7,uniform,"[50, 50, 50, 50, 50, 50, 50]",0,0.0,0
600,3ffa9e00578043369a677dc8661bfc96,7,uniform,"[50, 50, 50, 50, 50, 50, 50]",0,0.13793103448275862,1
601,22389bcc734d49d98fdccaf2c36e5c7f,7,uniform,"[50, 50, 50, 50, 50, 50, 50]",0,0.0,1
602,2d006592676144faac44e16423bfb178,7,uniform,"[50, 50, 50, 50, 50, 50, 50]",0,0.1904761904761905,1
603,b20e7a05673a4b3c8ee29beaba23f73a,7,uniform,"[50, 50, 50, 50, 50, 50, 50]",1,1.0,1
604,299726f939f0420aaeb6e5f33a325d39,7,uniform,"[50, 50, 50, 50, 50, 50, 50]",0,0.0,0
605,4740a5c55c1f47bf93a59c65525f43e9,7,uniform,"[50, 50, 50, 50, 50, 50, 50]",0,0.0,1
606,c01e2730fd0544988a6e4c5dc11e0734,7,uniform,"[50, 50, 50, 50, 50, 50, 50]",0,0.0,0
607,02e40f5399fb4b2386f784865610ff5a,7,uniform,"[50, 50, 50, 50, 50, 50, 50]",0,0.0,1
608,d9f2855c8621457fb68bac161b7f811b,7,uniform,"[50, 50, 50, 50, 50, 50, 50]",0,0.0,1
609,4d2ab04164304690b5bbc05618e82a59,7,uniform,"[50, 50, 50, 50, 50, 50, 50]",0,0.0,1
610,0c1be19d610b4fa59930cc5cc930c9d2,7,uniform,"[50, 50, 50, 50, 50, 50, 50]",1,1.0,0
611,9d3dd78635084be1bb29a74d6ae963f6,7,uniform,"[50, 50, 50, 50, 50, 50, 50]",1,1.0,1
612,c992708e6d004bedb81d57b076e33286,7,uniform,"[50, 50, 50, 50, 50, 50, 50]",0,0.0,1
613,cf40be104bfe45338fb4e03c699a2f7f,7,uniform,"[50, 50, 50, 50, 50, 50, 50]",0,0.0,0
614,07ebc87534e64dfca8d40500fe2ecd3b,7,uniform,"[50, 50, 50, 50, 50, 50, 50]",0,0.0,1
615,7d4f644a529f41c4b257f9ffb9ce9c87,7,uniform,"[50, 50, 50, 50, 50, 50, 50]",0,0.0,1
616,18fa422e1baf476fbce6d230e0858000,7,uniform,"[50, 50, 50, 50, 50, 50, 50]",0,0.0,1
617,0178feda5ef74636ba6e5ba11135ceb6,7,uniform,"[50, 50, 50, 50, 50, 50, 50]",0,0.0,1
618,4a93c5ba8a9f4632b9fd8768d008ea73,7,uniform,"[50, 50, 50, 50, 50, 50, 50]",0,0.0,0
619,a0cdfbc45b3f4641b64a2dfd3bde4c2b,7,uniform,"[50, 50, 50, 50, 50, 50, 50]",0,0.0,0
620,79668b02828141b4bc20fd9faba0e2d9,7,uniform,"[50, 50, 50, 50, 50, 50, 50]",0,0.0,1
621,ebf5e6a8dd1742b68312c2c6ada5aad0,7,uniform,"[50, 50, 50, 50, 50, 50, 50]",0,0.0,0
622,599f7e94db9a48019f887451a66c4e1d,7,uniform,"[50, 50, 50, 50, 50, 50, 50]",0,0.18181818181818182,1
623,00388805ff934f4a9f6c374dd50be557,7,uniform,"[50, 50, 50, 50, 50, 50, 50]",0,0.0,1
624,8067ee0ec3df4208924631047ae0c537,7,uniform,"[50, 50, 50, 50, 50, 50, 50]",0,0.0,1
625,654cd3a33c974ab989777ea8cd69c130,7,uniform,"[50, 50, 50, 50, 50, 50, 50]",0,0.0,1
626,ed981c4aeb414002ad995530646965da,7,uniform,"[50, 50, 50, 50, 50, 50, 50]",0,0.0,0
627,23f830d9e6c24104852473a27360624c,7,uniform,"[50, 50, 50, 50, 50, 50, 50]",0,0.0,1
628,90f5064a214f4e05b9a65eb206d773ea,7,uniform,"[50, 50, 50, 50, 50, 50, 50]",0,0.4,1
629,47e690d71a1648aba0e8ee4f18ede013,7,uniform,"[50, 50, 50, 50, 50, 50, 50]",0,0.0,0
630,5dc68d2932bb4b0f861bd4642c674c43,7,uniform,"[50, 50, 50, 50, 50, 50, 50]",0,0.0,1
631,e04f0cda81094300afaba328511581fe,7,uniform,"[50, 50, 50, 50, 50, 50, 50]",0,0.0,0
632,f540c016913344238538408d0b3ac731,7,uniform,"[50, 50, 50, 50, 50, 50, 50]",0,0.6875000000000001,1
633,2cdea969eb1441afb20bee7330453eac,7,uniform,"[50, 50, 50, 50, 50, 50, 50]",0,0.0,0
634,d7a9a5bd73444bfd8f0d54e0ee743304,7,uniform,"[50, 50, 50, 50, 50, 50, 50]",0,0.2857142857142857,1
635,1cf1d0fdb27f4ba6a2399a4a86b09b8e,7,uniform,"[50, 50, 50, 50, 50, 50, 50]",0,0.6666666666666666,1
636,807640dab41142919b0c0452a24b2e79,7,uniform,"[50, 50, 50, 50, 50, 50, 50]",0,0.0,1
637,61bcc7e8df9841939729131fba4cd039,7,uniform,"[50, 50, 50, 50, 50, 50, 50]",0,0.0,1
638,d6270ad7fc144895abf4552a2e0f8fc4,7,uniform,"[50, 50, 50, 50, 50, 50, 50]",0,0.8,1
639,06752c5554924c339e8cc99f3e4776aa,7,uniform,"[50, 50, 50, 50, 50, 50, 50]",0,0.0,1
640,60df89b8d9d34129982e9438443b7d96,7,uniform,"[50, 50, 50, 50, 50, 50, 50]",0,0.0,0
641,c90c0b26990c48c3b78097fd570a807b,7,uniform,"[50, 50, 50, 50, 50, 50, 50]",0,0.125,1
642,c5c6a6a15e594958ba61f8231ad1c9d0,7,uniform,"[50, 50, 50, 50, 50, 50, 50]",0,0.0,1
643,eb2fd89fd658434d97ecf961b12aed59,7,uniform,"[50, 50, 50, 50, 50, 50, 50]",0,0.0,1
644,f380a5932d4b4a43969a84c3338edae0,7,uniform,"[50, 50, 50, 50, 50, 50, 50]",0,0.0,1
645,a65e6461f74c47c9a5ffee9366dea0a4,7,uniform,"[50, 50, 50, 50, 50, 50, 50]",0,0.0,1
646,8f3827c3491247c7ab4d7706cbb8ef6d,7,uniform,"[50, 50, 50, 50, 50, 50, 50]",0,0.0,0
647,3f70de0169eb42c3a4b40cd1e5f1be61,7,uniform,"[50, 50, 50, 50, 50, 50, 50]",0,0.0,1
648,f5855e26ffa944fab475fd077cb06a43,7,uniform,"[50, 50, 50, 50, 50, 50, 50]",0,0.0,0
649,db63ac356f6a4df8b59087b055a45357,7,uniform,"[50, 50, 50, 50, 50, 50, 50]",0,0.0,0
650,9c03696110b94d56bbfbc83746f79a94,7,uniform,"[50, 50, 50, 50, 50, 50, 50]",0,0.0,1
651,c4b8fa26b7e741fd8b4b8e4120d39d41,7,uniform,"[50, 50, 50, 50, 50, 50, 50]",0,0.8571428571428571,1
652,5a1d3756a44c4a5ba9b30237dd1c807f,7,uniform,"[50, 50, 50, 50, 50, 50, 50]",0,0.0,1
653,50e8ae7a28b347edbef6a9604da6802a,7,uniform,"[50, 50, 50, 50, 50, 50, 50]",0,0.09523809523809523,1
654,29cf64bece6c424f80f4a55c46fc523f,7,uniform,"[50, 50, 50, 50, 50, 50, 50]",0,0.0,0
655,e17e9f25a202485c8d14b354a92e101d,7,uniform,"[50, 50, 50, 50, 50, 50, 50]",0,0.0,0
656,17ca78d8ef664047ad404f91d1f62c4b,7,uniform,"[50, 50, 50, 50, 50, 50, 50]",0,0.0,1
657,0af0869096df4dff8325c3f2ff584087,7,uniform,"[50, 50, 50, 50, 50, 50, 50]",0,0.0,1
658,580cfb51fef84f5e9cb2de0be76eaa61,7,uniform,"[50, 50, 50, 50, 50, 50, 50]",0,0.6666666666666666,1
659,c0d5e844424d4d9bb84902a8ce411cc2,7,uniform,"[50, 50, 50, 50, 50, 50, 50]",0,0.0,1
660,c24d3c06799444db84d703cd715d2979,7,uniform,"[50, 50, 50, 50, 50, 50, 50]",0,0.1111111111111111,1
661,ef29092974ce40b980f963ac746247ec,7,uniform,"[50, 50, 50, 50, 50, 50, 50]",0,0.0,1
662,b7e11924f8a34063ba5445261471e552,7,uniform,"[50, 50, 50, 50, 50, 50, 50]",0,0.28571428571428575,1
663,a25ba84fca504b2aa4e126007a22a14f,7,uniform,"[50, 50, 50, 50, 50, 50, 50]",0,0.5,1
664,0134a374dcf1451a820c7fd997862851,7,uniform,"[50, 50, 50, 50, 50, 50, 50]",0,0.0,0
665,72fa80f3ffa24cadbc2df7c806b0b59b,7,uniform,"[50, 50, 50, 50, 50, 50, 50]",0,0.0,0
666,692352f2fd7d4a389c1f1ca96570be32,7,uniform,"[50, 50, 50, 50, 50, 50, 50]",0,0.0,0
667,e9e6e952876b4c2b864f9c5fd00a3d8a,7,uniform,"[50, 50, 50, 50, 50, 50, 50]",0,0.0,0
668,fe0121ef5b874df0bfca5369f2253f03,7,uniform,"[50, 50, 50, 50, 50, 50, 50]",0,0.1142857142857143,1
669,4453276e770a4ed7b7051d9d65d40975,7,uniform,"[50, 50, 50, 50, 50, 50, 50]",1,1.0,1
670,ea6918ad41e84412b642d9ac01b6d839,7,uniform,"[50, 50, 50, 50, 50, 50, 50]",1,1.0,1
671,99429dc4d1044cb49e70ceb6f3914e07,7,uniform,"[50, 50, 50, 50, 50, 50, 50]",0,0.0,1
672,7def903743ac43748483019d8b62d815,7,uniform,"[50, 50, 50, 50, 50, 50, 50]",0,0.0,0
673,8a018a8b09d14b4cb164c0abfd1594bb,7,uniform,"[50, 50, 50, 50, 50, 50, 50]",0,0.0,1
674,8907b0e8c2e142a395a35b0c5560fe6a,7,uniform,"[50, 50, 50, 50, 50, 50, 50]",0,0.0,0
675,1ae4333af7ca4c33953c8030c3aed22f,7,uniform,"[50, 50, 50, 50, 50, 50, 50]",0,0.18181818181818182,0
676,989fede52bf840609bb69d7ba143301b,7,uniform,"[50, 50, 50, 50, 50, 50, 50]",0,0.0,0
677,368647e758554203bcd6310b0cb41a9f,7,uniform,"[50, 50, 50, 50, 50, 50, 50]",0,0.0,0
678,2662231ec6934df58d84e851aaff80fc,7,uniform,"[50, 50, 50, 50, 50, 50, 50]",0,0.0,1
679,aa4169b3de364c318562b0b09308caa0,7,uniform,"[50, 50, 50, 50, 50, 50, 50]",0,0.0,1
680,a71f1a9b718241dd890fd8feb1be3ab8,7,uniform,"[50, 50, 50, 50, 50, 50, 50]",0,0.05555555555555555,0
681,4d50fbdd13184f64aa70b8e68ea872d8,7,uniform,"[50, 50, 50, 50, 50, 50, 50]",0,0.0,1
682,914623f6bde244cab5e20f01a6d2560b,7,uniform,"[50, 50, 50, 50, 50, 50, 50]",0,0.0,1
683,6a80ae4b171345c3ba541b8aa343b1be,7,uniform,"[50, 50, 50, 50, 50, 50, 50]",0,0.0,0
684,055162a66045404b8d06e59773ef2e49,7,uniform,"[50, 50, 50, 50, 50, 50, 50]",0,0.0,1
685,6e0186a28acb4427aedaee03db16e623,7,uniform,"[50, 50, 50, 50, 50, 50, 50]",0,0.0,1
686,7f5733184c134247ad79a6d2bc6f0081,7,uniform,"[50, 50, 50, 50, 50, 50, 50]",0,0.20689655172413793,1
687,831bd2a4a96f4496947a5656ac12135d,7,uniform,"[50, 50, 50, 50, 50, 50, 50]",0,0.1111111111111111,0
688,1d5e987319ba4158a12cab23543a04aa,7,uniform,"[50, 50, 50, 50, 50, 50, 50]",0,0.0,0
689,c9a9b912b07b4c91a98f4134fbc3c6f5,7,uniform,"[50, 50, 50, 50, 50, 50, 50]",1,1.0,1
690,a7fafb4013664c78a931293de688bedb,7,uniform,"[50, 50, 50, 50, 50, 50, 50]",1,1.0,1
691,0099081da3eb4d36bc020201d4f97a27,7,uniform,"[50, 50, 50, 50, 50, 50, 50]",0,0.0,0
692,b33f0ec8e82f44baa01e6b09f9e69104,7,uniform,"[50, 50, 50, 50, 50, 50, 50]",0,0.0,1
693,e62ec634d4b44a50842d1913910877a5,7,uniform,"[50, 50, 50, 50, 50, 50, 50]",0,0.0,1
694,c78e0c2903384595af84d1f0cf51a54f,7,uniform,"[50, 50, 50, 50, 50, 50, 50]",0,0.0,0
695,d313b671236c48f3b029c72fbc46971b,7,uniform,"[50, 50, 50, 50, 50, 50, 50]",0,0.0,0
696,3d674d0b82684e87bdc226d9d614e6e4,7,uniform,"[50, 50, 50, 50, 50, 50, 50]",0,0.0,0
697,4054abd26fcb4958b130fe94dda895ee,7,uniform,"[50, 50, 50, 50, 50, 50, 50]",0,0.0,1
698,65e2cb72034947f0ad2e4fbae41a103e,7,uniform,"[50, 50, 50, 50, 50, 50, 50]",0,0.5384615384615385,1
699,c1b2178b59534886b5fab6b21bb11662,7,uniform,"[50, 50, 50, 50, 50, 50, 50]",1,1.0,1
700,ca8d39a6862e49b58a03a0da02a7bede,7,uniform,"[50, 50, 50, 50, 50, 50, 50]",0,0.0,0
701,daa68770d88b4dbabfc2955ecc647750,7,uniform,"[50, 50, 50, 50, 50, 50, 50]",0,0.0,0
702,504074fdd18a4bfdb3c4d8b3d6a4b589,7,uniform,"[50, 50, 50, 50, 50, 50, 50]",0,0.0,0
703,ba3edfff481042f2a104ffdc278727c0,7,uniform,"[50, 50, 50, 50, 50, 50, 50]",0,0.0,0
704,08b635995bc64aefba8d3fdb405e1b4b,7,uniform,"[50, 50, 50, 50, 50, 50, 50]",0,0.0,0
705,775656e96e4747f5a17cc2b57edd12b7,7,uniform,"[50, 50, 50, 50, 50, 50, 50]",0,0.0,1
706,b2726529c0374da2bcb670a3c89f58a4,7,uniform,"[50, 50, 50, 50, 50, 50, 50]",0,0.0,0
707,7951ebb574024ca7958ac8e4f56cc046,7,uniform,"[50, 50, 50, 50, 50, 50, 50]",0,0.0,1
708,a0eed9d8178c4928b016bdf106f59e9e,7,uniform,"[50, 50, 50, 50, 50, 50, 50]",0,0.0,0
709,ed28bccab4dc46f0a12e98fd366f2a83,7,uniform,"[50, 50, 50, 50, 50, 50, 50]",0,0.0,0
710,1329f988ad3845129c304b54501c934c,7,uniform,"[50, 50, 50, 50, 50, 50, 50]",0,0.6666666666666666,1
711,bccab12e798e428b8869c19eb4feac2c,7,uniform,"[50, 50, 50, 50, 50, 50, 50]",0,0.0,0
712,692084604fa74539aa32ec6abec75341,7,uniform,"[50, 50, 50, 50, 50, 50, 50]",0,0.4827586206896552,1
713,3e4aa100c744486d883502dd35d3569c,7,uniform,"[50, 50, 50, 50, 50, 50, 50]",0,0.0,0
714,aa7ddfbb8f3c403ba5b0a0ded76f2bff,7,uniform,"[50, 50, 50, 50, 50, 50, 50]",0,0.0,0
715,ba1325c4040040a0b7809a32536da5fe,7,uniform,"[50, 50, 50, 50, 50, 50, 50]",0,0.0,0
716,3257fb95269946feab9eeec2ebcd3522,7,uniform,"[50, 50, 50, 50, 50, 50, 50]",0,0.0,1
717,fea7e77ef2364dcdb4bbfa5d69b0c0ef,7,uniform,"[50, 50, 50, 50, 50, 50, 50]",0,0.0,1
718,60438978506949e79645c14afd3a21dd,7,uniform,"[50, 50, 50, 50, 50, 50, 50]",0,0.0,1
719,5d6123571c4f4e5cb365ed1f2f6453f6,7,uniform,"[50, 50, 50, 50, 50, 50, 50]",0,0.0,1
720,f888582a9e324a639852992392b5a0cf,7,uniform,"[50, 50, 50, 50, 50, 50, 50]",0,0.0,0
721,6eeccb736c5f4d72944f4c46e4859c9d,7,uniform,"[50, 50, 50, 50, 50, 50, 50]",0,0.0,1
722,8cd035648dd64edb912f01d1b01e6b89,7,uniform,"[50, 50, 50, 50, 50, 50, 50]",0,0.5714285714285715,0
723,7b190c41b59249bcab29c887d579bb26,7,uniform,"[50, 50, 50, 50, 50, 50, 50]",1,1.0,1
724,aee9e1f69d5048c2a687b4a5acc056be,7,uniform,"[50, 50, 50, 50, 50, 50, 50]",0,0.5714285714285715,1
725,3e5332718ede4bcb99b7c336ff05b9dd,7,uniform,"[50, 50, 50, 50, 50, 50, 50]",0,0.0,1
726,d974393cef5d43e791127eaed8ddb259,7,uniform,"[50, 50, 50, 50, 50, 50, 50]",0,0.6666666666666666,1
727,1cc48ae35d6a4676a0823fdf2550f2ea,7,uniform,"[50, 50, 50, 50, 50, 50, 50]",0,0.0,0
728,21532189e740426194a08808390eb2b4,7,uniform,"[50, 50, 50, 50, 50, 50, 50]",0,0.0,0
729,64fee0d345024f42864a361022475420,7,uniform,"[50, 50, 50, 50, 50, 50, 50]",0,0.0,1
730,e4533ea2a1404bc285933f7355d58203,7,uniform,"[50, 50, 50, 50, 50, 50, 50]",0,0.0,0
731,a23bfc2ed0ea4b19b736c30f73f7e406,7,uniform,"[50, 50, 50, 50, 50, 50, 50]",0,0.0,0
732,7ca689bb9bd94572af15fb45f2257266,7,uniform,"[50, 50, 50, 50, 50, 50, 50]",0,0.05128205128205127,1
733,311ea5e6c28d46ecb378b855eb0ffe59,7,uniform,"[50, 50, 50, 50, 50, 50, 50]",0,0.0,1
734,12cc92d88fd24d6697009b061d1769c2,7,uniform,"[50, 50, 50, 50, 50, 50, 50]",0,0.6666666666666666,1
735,beefda6210c047899b54a61290a9837c,7,uniform,"[50, 50, 50, 50, 50, 50, 50]",0,0.1904761904761905,1
736,928e2cc022da44a4893b47a7fa37e1c6,7,uniform,"[50, 50, 50, 50, 50, 50, 50]",0,0.20408163265306126,1
737,241efa1cac394ac983b144420a13a162,7,uniform,"[50, 50, 50, 50, 50, 50, 50]",1,1.0,1
738,1c67f7f0037b4ab1bb510cba499d11a4,7,uniform,"[50, 50, 50, 50, 50, 50, 50]",0,0.0,1
739,f687cfbb7bec408799b8b6f8285b5608,7,uniform,"[50, 50, 50, 50, 50, 50, 50]",0,0.0,1
740,2e613fb291864bdd8a0198c5df5ae238,7,uniform,"[50, 50, 50, 50, 50, 50, 50]",0,0.0,0
741,f5b7236c16734b2388cf37cfd5cbf27b,7,uniform,"[50, 50, 50, 50, 50, 50, 50]",0,0.0,1
742,3a1ba8b914d141eaac80d5de56ed0114,7,uniform,"[50, 50, 50, 50, 50, 50, 50]",0,0.0,0
743,671b2208301e460ba1fa588e350b82d6,7,uniform,"[50, 50, 50, 50, 50, 50, 50]",0,0.0,1
744,388dcae5aa9248318cd8d493a4c3519b,7,uniform,"[50, 50, 50, 50, 50, 50, 50]",0,0.0,1
745,2fcab3f4f6484d8992a6c2aa67aeec69,7,uniform,"[50, 50, 50, 50, 50, 50, 50]",0,0.0,1
746,d0bae44433814b2da5d10519d7ea3695,7,uniform,"[50, 50, 50, 50, 50, 50, 50]",1,1.0,1
747,6c60d0e46b4a49068acd95570c520c6f,7,uniform,"[50, 50, 50, 50, 50, 50, 50]",0,0.0,1
748,2a8e2d0e16d64cc2a03180e7dfb8d745,7,uniform,"[50, 50, 50, 50, 50, 50, 50]",0,0.6666666666666666,0
749,6489bd7df2d04a8aa23561eaed38c793,7,uniform,"[50, 50, 50, 50, 50, 50, 50]",0,0.0,1
750,6082452e7aeb4e828079e15ab4e7a9a9,7,uniform,"[50, 50, 50, 50, 50, 50, 50]",0,0.0,0
751,fc16e9799a154e94b2bcade2e9eacd72,7,uniform,"[50, 50, 50, 50, 50, 50, 50]",0,0.0,1
752,17a72d69d7fd4e2fb9c562451e5434ef,7,uniform,"[50, 50, 50, 50, 50, 50, 50]",0,0.0,1
753,755056d3d07940929387e2e7e76f4acf,7,uniform,"[50, 50, 50, 50, 50, 50, 50]",0,0.0,0
754,cbef062d89b944c5acd16f892a79611c,7,uniform,"[50, 50, 50, 50, 50, 50, 50]",0,0.0,1
755,a8ec79c66e284a45a63c7dcdcf4f9064,7,uniform,"[50, 50, 50, 50, 50, 50, 50]",0,0.0,1
756,6803dc0693214791b3058a87480b15d6,7,uniform,"[50, 50, 50, 50, 50, 50, 50]",0,0.13333333333333333,1
757,733d2fd24b0b40f7ba5f0edaed20cca9,7,uniform,"[50, 50, 50, 50, 50, 50, 50]",0,0.05555555555555556,1
758,5a154a6b5c364e79b30a1bd2c9e47e0c,7,uniform,"[50, 50, 50, 50, 50, 50, 50]",0,0.0,0
759,dc1fb48848df419fba9692dffef22844,7,uniform,"[50, 50, 50, 50, 50, 50, 50]",0,0.0,0
760,581d677951c7404d922d56e144504b82,7,uniform,"[50, 50, 50, 50, 50, 50, 50]",1,1.0,1
761,3f24c1ba50b04f8493f8663fd779846e,7,uniform,"[50, 50, 50, 50, 50, 50, 50]",0,0.0,0
762,a10d412bc874427b9f8df9a729c686a8,7,uniform,"[50, 50, 50, 50, 50, 50, 50]",0,0.058823529411764705,0
763,99a7d09d04634cc08435d1e4bde155b5,7,uniform,"[50, 50, 50, 50, 50, 50, 50]",0,0.0,0
764,5544aab55fe744fab13706c13fcb4f96,7,uniform,"[50, 50, 50, 50, 50, 50, 50]",0,0.0,1
765,412a163387474317b4eb02196506d1f4,7,uniform,"[50, 50, 50, 50, 50, 50, 50]",0,0.10526315789473685,1
766,a1c71fcc9f6a468c9468d13d69e711a7,7,uniform,"[50, 50, 50, 50, 50, 50, 50]",0,0.0,0
767,3287651f8746453ba1943191b85095a9,7,uniform,"[50, 50, 50, 50, 50, 50, 50]",0,0.0,1
768,e2d0189ba8fd449889044fecb68c28b2,7,uniform,"[50, 50, 50, 50, 50, 50, 50]",0,0.0,1
769,567c70fec2634f439e055ef5fb30135d,7,uniform,"[50, 50, 50, 50, 50, 50, 50]",0,0.0,0
770,febb62323b274b678dc47bb096688f4c,7,uniform,"[50, 50, 50, 50, 50, 50, 50]",0,0.0,1
771,e08b24a8d41544e38f2489b4e32e2764,7,uniform,"[50, 50, 50, 50, 50, 50, 50]",0,0.0,1
772,ecd82d14cb3e4e28b8307e44f4784ff5,7,uniform,"[50, 50, 50, 50, 50, 50, 50]",0,0.0,1
773,a0b2f384132d475d9b375afdc5343fb2,7,uniform,"[50, 50, 50, 50, 50, 50, 50]",0,0.0,1
774,1703025033a448048d6f688f9321e2a2,7,uniform,"[50, 50, 50, 50, 50, 50, 50]",1,1.0,1
775,6c8c2af2e7b14a84acf550c9253961d8,7,uniform,"[50, 50, 50, 50, 50, 50, 50]",0,0.0,1
776,6368dd06f186478dae5ba3271569ef66,7,uniform,"[50, 50, 50, 50, 50, 50, 50]",0,0.07407407407407407,0
777,019a54c5394847ec81325e8bdaf8355f,7,uniform,"[50, 50, 50, 50, 50, 50, 50]",0,0.0,0
778,4ae06e8228ca4ca89224a8598de5e6d9,7,uniform,"[50, 50, 50, 50, 50, 50, 50]",0,0.0,0
779,8ff3ddfe7f3a41e294a831e452189dd5,7,uniform,"[50, 50, 50, 50, 50, 50, 50]",0,0.0,0
780,52f45355af90482cb6a950e995783d4b,7,uniform,"[50, 50, 50, 50, 50, 50, 50]",0,0.0,0
781,b455ff336ebe403e896b9be3465811f7,7,uniform,"[50, 50, 50, 50, 50, 50, 50]",0,0.0,1
782,fef91dcc799042b59201fc0f963a8b17,7,uniform,"[50, 50, 50, 50, 50, 50, 50]",0,0.03921568627450981,0
783,a2374c9022504b94b1a832c91ab535fe,7,uniform,"[50, 50, 50, 50, 50, 50, 50]",0,0.0,1
784,f1fca269781c4454a9fbcf23844c79dd,7,uniform,"[50, 50, 50, 50, 50, 50, 50]",0,0.0,1
785,828c73b72b124615b8ccc1cf1ab1014b,7,uniform,"[50, 50, 50, 50, 50, 50, 50]",1,1.0,1
786,ba9e926ece6b4b6e844f51d0b7b0f056,7,uniform,"[50, 50, 50, 50, 50, 50, 50]",0,0.0,1
787,b6ae22e3a9d04cfbaf6206a39dd062da,7,uniform,"[50, 50, 50, 50, 50, 50, 50]",0,0.21052631578947367,1
788,1b9decbc39c949e8bf28c759dfe4baa2,7,uniform,"[50, 50, 50, 50, 50, 50, 50]",0,0.0,1
789,f5b0c1a6b5824201baa94cf53c56f0c5,7,uniform,"[50, 50, 50, 50, 50, 50, 50]",1,1.0,1
790,1fe12d7bff7a46d79f76ccc655caf66c,7,uniform,"[50, 50, 50, 50, 50, 50, 50]",0,0.0,1
791,3ca19860d31d40d58c3d6018498bbc5e,7,uniform,"[50, 50, 50, 50, 50, 50, 50]",1,1.0,1
792,de7fae20ac624dc9af5949d97f30a79a,7,uniform,"[50, 50, 50, 50, 50, 50, 50]",0,0.28571428571428575,1
793,d9d30d695b524637976deff70f6a7afd,7,uniform,"[50, 50, 50, 50, 50, 50, 50]",0,0.3333333333333333,1
794,8be91aa0873e4a4bb89703628089432a,7,uniform,"[50, 50, 50, 50, 50, 50, 50]",0,0.0,1
795,a3ff08899c474fcdaaae2dd2409ec7a0,7,uniform,"[50, 50, 50, 50, 50, 50, 50]",0,0.0,1
796,bb1589db33fa4309b9b3f7fb5e4b3480,7,uniform,"[50, 50, 50, 50, 50, 50, 50]",0,0.0,1
797,2d6a236fd6104736bfb0ae4404ee6ea9,7,uniform,"[50, 50, 50, 50, 50, 50, 50]",0,0.6666666666666666,1
798,9c4719555e46425496a22559eff66115,7,uniform,"[50, 50, 50, 50, 50, 50, 50]",0,0.0,0
799,3a63e60b8ef140d28f31325f8211cb10,7,uniform,"[50, 50, 50, 50, 50, 50, 50]",0,0.0,0
800,93447ee40a954604bc8e1c926079b785,7,uniform,"[50, 50, 50, 50, 50, 50, 50]",0,0.05405405405405406,1
801,aa55b1829c9c41e28f3998d32da669ec,7,uniform,"[50, 50, 50, 50, 50, 50, 50]",0,0.0909090909090909,1
802,6eb7f187d8aa4f319e63ad269404dab2,7,uniform,"[50, 50, 50, 50, 50, 50, 50]",0,0.5454545454545454,1
803,67a58f5e2ff7455f8807463f414f9b99,7,uniform,"[50, 50, 50, 50, 50, 50, 50]",0,0.0,1
804,d62824da543e474da60ae07308009055,7,uniform,"[50, 50, 50, 50, 50, 50, 50]",0,0.0,0
805,b3d58c3cb86044e1ac53ac99a0246d3b,7,uniform,"[50, 50, 50, 50, 50, 50, 50]",0,0.0,1
806,6973eb89fb1441328fc7a79248c2a0ec,7,uniform,"[50, 50, 50, 50, 50, 50, 50]",0,0.0,0
807,dca240ce71894a9798451f919b5d9df0,7,uniform,"[50, 50, 50, 50, 50, 50, 50]",0,0.2857142857142857,1
808,b0d95637bcb44afb96457d3053631d5f,7,uniform,"[50, 50, 50, 50, 50, 50, 50]",0,0.08333333333333333,1
809,8de2ee8d56464a9d971fdae65ae0f72b,7,uniform,"[50, 50, 50, 50, 50, 50, 50]",0,0.0,1
810,83966e58471549e2adc73c25f58c846b,7,uniform,"[50, 50, 50, 50, 50, 50, 50]",0,0.0,0
811,bb0d3b5086f845df8acfbf503fa4c2ff,7,uniform,"[50, 50, 50, 50, 50, 50, 50]",0,0.0,1
812,706ce26401d54a5d94687fb541f7350c,7,uniform,"[50, 50, 50, 50, 50, 50, 50]",0,0.07142857142857142,1
813,bf72c01037194351b8d906e8e8c4c0cc,7,uniform,"[50, 50, 50, 50, 50, 50, 50]",0,0.0,0
814,afa333ac95d848f0a60cde4f10d6e261,7,uniform,"[50, 50, 50, 50, 50, 50, 50]",0,0.0,0
815,41d5a6d229964b50b3c73d5bc9a5d1fa,7,uniform,"[50, 50, 50, 50, 50, 50, 50]",0,0.0,1
816,b94b8e734c3b40eaba7291c227e2edb7,7,uniform,"[50, 50, 50, 50, 50, 50, 50]",0,0.0,1
817,786765cfe8b44449af887152402aaa29,7,uniform,"[50, 50, 50, 50, 50, 50, 50]",0,0.0,1
818,031cc546d2904282a49ea01dcfa886c8,7,uniform,"[50, 50, 50, 50, 50, 50, 50]",0,0.0,0
819,9759378e0cc44a1c839214bdaa26612d,7,uniform,"[50, 50, 50, 50, 50, 50, 50]",0,0.125,1
820,963f7654e83b425bbeadf56527740ba0,7,uniform,"[50, 50, 50, 50, 50, 50, 50]",0,0.0,0
821,4fed7ee44ec9407ebf2f05e33d2f6d54,7,uniform,"[50, 50, 50, 50, 50, 50, 50]",0,0.0,0
822,e75dd8d226914bd9b9070a34d57ff0c9,7,uniform,"[50, 50, 50, 50, 50, 50, 50]",0,0.0,1
823,92216f1e211c4ddf968b958588255feb,7,uniform,"[50, 50, 50, 50, 50, 50, 50]",0,0.21052631578947367,0
824,fc9ff2ab888d45b79fa4959911c65e59,7,uniform,"[50, 50, 50, 50, 50, 50, 50]",0,0.0,1
825,dadbf5853ac746239f484a0c7ff02245,7,uniform,"[50, 50, 50, 50, 50, 50, 50]",0,0.0,1
826,b4e39f9e15734b6a82739950c34aa8ee,7,uniform,"[50, 50, 50, 50, 50, 50, 50]",0,0.0,1
827,5ed1ab8a035e44ec9200692431509884,7,uniform,"[50, 50, 50, 50, 50, 50, 50]",0,0.0,0
828,2bffb804aab041ee9605adbff83fe141,7,uniform,"[50, 50, 50, 50, 50, 50, 50]",0,0.0,0
829,ba4602ee540d4fcfb52af541b3e7dfd8,7,uniform,"[50, 50, 50, 50, 50, 50, 50]",0,0.0,1
830,45a6d0b6364d49129a59f0a062a2f9a8,7,uniform,"[50, 50, 50, 50, 50, 50, 50]",0,0.0,1
831,199178bd55f849279f0e163c691d0903,7,uniform,"[50, 50, 50, 50, 50, 50, 50]",1,1.0,1
832,745c742fa8d94abe88d1330cd4cdae1d,7,uniform,"[50, 50, 50, 50, 50, 50, 50]",0,0.0,1
833,13c7ec87c0324be5bee05d51772027c5,7,uniform,"[50, 50, 50, 50, 50, 50, 50]",0,0.4,1
834,2f82125c096845fc8b5fc65418c486aa,7,uniform,"[50, 50, 50, 50, 50, 50, 50]",0,0.0,1
835,6c8e1e1b56bc4eb5b99b83ce6c5f3afd,7,uniform,"[50, 50, 50, 50, 50, 50, 50]",0,0.0,1
836,d37cc022c8344772b7d7261033a37c29,7,uniform,"[50, 50, 50, 50, 50, 50, 50]",0,0.0784313725490196,1
837,c034e68af36c41d79e0782c060d7acbd,7,uniform,"[50, 50, 50, 50, 50, 50, 50]",0,0.0,1
838,0986a62e4b4b48be90e2c9172a5b9617,7,uniform,"[50, 50, 50, 50, 50, 50, 50]",0,0.12121212121212122,1
839,69bda7a3b8cb4e2baecd4fedbe7458ce,7,uniform,"[50, 50, 50, 50, 50, 50, 50]",0,0.0,1
840,144e38b6eea047c99e7ec1d8dbb6cbbc,7,uniform,"[50, 50, 50, 50, 50, 50, 50]",0,0.0,1
841,3cb0174eaaf54d35878f92077740136c,7,uniform,"[50, 50, 50, 50, 50, 50, 50]",0,0.0,0
842,e53753e6f784486091c8dce069d90994,7,uniform,"[50, 50, 50, 50, 50, 50, 50]",0,0.0,1
843,6d34f597fdc54dd2aa1a8a9e32e596cb,7,uniform,"[50, 50, 50, 50, 50, 50, 50]",0,0.0,1
844,dbc0bbc541124ed0843db76f2e3a1581,7,uniform,"[50, 50, 50, 50, 50, 50, 50]",0,0.0909090909090909,1
845,7f00e9c077324f689c8b0746c6381e0e,7,uniform,"[50, 50, 50, 50, 50, 50, 50]",0,0.0,1
846,bb720c2091ee4a94a85eb81aa5a7acc3,7,uniform,"[50, 50, 50, 50, 50, 50, 50]",0,0.0,0
847,aecbba5c017943a79d643d0cc71e57b7,7,uniform,"[50, 50, 50, 50, 50, 50, 50]",1,1.0,1
848,a04a4431e605471480fb64662b38504d,7,uniform,"[50, 50, 50, 50, 50, 50, 50]",0,0.0,0
849,60bbae0fbec24bf2a8de8ac0b7076b24,7,uniform,"[50, 50, 50, 50, 50, 50, 50]",0,0.0,1
850,f20bdc9681624087af1dda063b3a6945,7,uniform,"[50, 50, 50, 50, 50, 50, 50]",0,0.0,1
851,0161b1de8e9944f58ba3663305c9759a,7,uniform,"[50, 50, 50, 50, 50, 50, 50]",0,0.5,1
852,33ad75a283674ce5a8178438d8739810,7,uniform,"[50, 50, 50, 50, 50, 50, 50]",0,0.5384615384615384,1
853,3de977d9d8c142c79231c332dad7cfdf,7,uniform,"[50, 50, 50, 50, 50, 50, 50]",0,0.0,1
854,42fb458e399b41f9b78a83d4b30d27b0,7,uniform,"[50, 50, 50, 50, 50, 50, 50]",0,0.0,0
855,96b2b16f84e8465d9de71f9fa9718941,7,uniform,"[50, 50, 50, 50, 50, 50, 50]",0,0.0,1
856,68d323c49f9740abbda05876aebfd5d7,7,uniform,"[50, 50, 50, 50, 50, 50, 50]",0,0.0,1
857,415c375731994f69a116e415444abd99,7,uniform,"[50, 50, 50, 50, 50, 50, 50]",0,0.06896551724137931,1
858,9fb85b5dcad34ba497f04a41616f6d0c,7,uniform,"[50, 50, 50, 50, 50, 50, 50]",0,0.0,0
859,40d56efbcf5041ff9ab958e865e63171,7,uniform,"[50, 50, 50, 50, 50, 50, 50]",0,0.0,1
860,16d87b6d44b74c9d9c705b0471dcb4b2,7,uniform,"[50, 50, 50, 50, 50, 50, 50]",0,0.0,1
861,1082fd6599c245bba88c6c46ce86eef8,7,uniform,"[50, 50, 50, 50, 50, 50, 50]",0,0.0,0
862,d316c97abd1e4815a14a66b9b76df881,7,uniform,"[50, 50, 50, 50, 50, 50, 50]",0,0.0,1
863,160bd2f1f99b4697a5945323087874cb,7,uniform,"[50, 50, 50, 50, 50, 50, 50]",0,0.0,1
864,703c1f0b768d4732afa9e6a5a2d05091,7,uniform,"[50, 50, 50, 50, 50, 50, 50]",0,0.0,0
865,85ff90e4fd9c4c8790b6414520150e51,7,uniform,"[50, 50, 50, 50, 50, 50, 50]",0,0.0,1
866,7c34ec6a706d4aaf96e4f3356fe2da7c,7,uniform,"[50, 50, 50, 50, 50, 50, 50]",0,0.0,1
867,6f811a0a4db94a648917355fabbd40ae,7,uniform,"[50, 50, 50, 50, 50, 50, 50]",1,1.0,1
868,48e5d37aaea9404a891d01584e699f18,7,uniform,"[50, 50, 50, 50, 50, 50, 50]",1,1.0,1
869,3e8a38a0b3e64f809e791704ac768b95,7,uniform,"[50, 50, 50, 50, 50, 50, 50]",0,0.0,0
870,1b454ee0cee8452986cf0b57342e8534,7,uniform,"[50, 50, 50, 50, 50, 50, 50]",0,0.0,1
871,893449002d894f7695b2a32aa7713cb5,7,uniform,"[50, 50, 50, 50, 50, 50, 50]",0,0.13333333333333333,1
872,1405700ba6ce4058a4fa68e3c3d680e3,7,uniform,"[50, 50, 50, 50, 50, 50, 50]",0,0.11764705882352941,1
873,5579074640614bacbdd03ed34a3ddf08,7,uniform,"[50, 50, 50, 50, 50, 50, 50]",0,0.0,1
874,09553563f3b94bfd88d2887043744b77,7,uniform,"[50, 50, 50, 50, 50, 50, 50]",0,0.5,1
875,ed00bbd0da8841fa9bb15f15859a9876,7,uniform,"[50, 50, 50, 50, 50, 50, 50]",0,0.0,1
876,6dd10f33c4f8423080bdcf84c8a01ef1,7,uniform,"[50, 50, 50, 50, 50, 50, 50]",0,0.07142857142857142,0
877,959464bf0c7c44ba8f2b21448867e4ad,7,uniform,"[50, 50, 50, 50, 50, 50, 50]",0,0.0,0
878,bf7fc80bf1024d73b6f5cea672696789,7,uniform,"[50, 50, 50, 50, 50, 50, 50]",0,0.0,1
879,06631314756e4d9fa7eb5f040d4d9da4,7,uniform,"[50, 50, 50, 50, 50, 50, 50]",0,0.2608695652173913,1
880,1d9dc72255774f95b5e274139d8ea9bd,7,uniform,"[50, 50, 50, 50, 50, 50, 50]",0,0.04878048780487805,1
881,eb0682a6d1694acf886b84a407d68416,7,uniform,"[50, 50, 50, 50, 50, 50, 50]",0,0.0,1
882,94b1187d3e5c4282983df4ab44d3d46b,7,uniform,"[50, 50, 50, 50, 50, 50, 50]",0,0.0,1
883,50b4c8f6f61a48c289fff1e90d3c1c68,7,uniform,"[50, 50, 50, 50, 50, 50, 50]",0,0.0,1
884,8c5e2893db634635891ae6afd30261c4,7,uniform,"[50, 50, 50, 50, 50, 50, 50]",0,0.0,0
885,9eecb36f5cb44bb18d24b6efe6824a06,7,uniform,"[50, 50, 50, 50, 50, 50, 50]",0,0.0,1
886,25223706065646aebcebc831d267c30d,7,uniform,"[50, 50, 50, 50, 50, 50, 50]",0,0.0,0
887,f97a45e3576644eda7c95849e50babef,7,uniform,"[50, 50, 50, 50, 50, 50, 50]",0,0.0,1
888,08aee7c44c404089b766cbe0fa2d55f5,7,uniform,"[50, 50, 50, 50, 50, 50, 50]",0,0.0,1
889,6d1b542705c74dfcb9ca889be8fc5c82,7,uniform,"[50, 50, 50, 50, 50, 50, 50]",0,0.0,0
890,8ce493334e064c2f97343909d7ddb91e,7,uniform,"[50, 50, 50, 50, 50, 50, 50]",0,0.3846153846153846,1
891,eb6590ce2f134b889d853696a1519eca,7,uniform,"[50, 50, 50, 50, 50, 50, 50]",0,0.12244897959183673,1
892,b5ada864c0934f8b98d919dae0bcec35,7,uniform,"[50, 50, 50, 50, 50, 50, 50]",0,0.0,1
893,73d58decb36a470e91d5491834972a95,7,uniform,"[50, 50, 50, 50, 50, 50, 50]",0,0.0,1
894,7d08f62337054caa8e0104c19a653158,7,uniform,"[50, 50, 50, 50, 50, 50, 50]",0,0.0,1
895,7a24d5cc2a8f44819ca35879d229e8bc,7,uniform,"[50, 50, 50, 50, 50, 50, 50]",0,0.0,1
896,97034e6a207f4a238a49bf7babb932e9,7,uniform,"[50, 50, 50, 50, 50, 50, 50]",0,0.15384615384615385,1
897,d0ef3a30427c4d66a516feb413c6b262,7,uniform,"[50, 50, 50, 50, 50, 50, 50]",0,0.05555555555555555,1
898,59cca53e121949e39742ee34a89cffab,7,uniform,"[50, 50, 50, 50, 50, 50, 50]",0,0.0,1
899,a645bb94c6194b119832d8e395b47a0c,7,uniform,"[50, 50, 50, 50, 50, 50, 50]",0,0.0,0
900,9e32a1d3fd11455280d3aecde908c2e6,7,uniform,"[50, 50, 50, 50, 50, 50, 50]",0,0.0,0
901,7d7537366071415381b140fc2d6bd90b,7,uniform,"[50, 50, 50, 50, 50, 50, 50]",0,0.05405405405405406,1
902,46f896a31c254fb2bf5b68c060edb437,7,uniform,"[50, 50, 50, 50, 50, 50, 50]",0,0.0,1
903,2cda8c267a624be184e87b1d2cd0b05c,7,uniform,"[50, 50, 50, 50, 50, 50, 50]",1,1.0,1
904,3febc40bd3ee4d4e9226aa424b60123c,7,uniform,"[50, 50, 50, 50, 50, 50, 50]",0,0.0,1
905,dfc54f2afa2849f4a1d9d7095fa37f8d,7,uniform,"[50, 50, 50, 50, 50, 50, 50]",0,0.0,0
906,57f26f2947864f429083b603d80000aa,7,uniform,"[50, 50, 50, 50, 50, 50, 50]",0,0.047619047619047616,1
907,3e1bed5b98f248738744f4c55f0e6d06,7,uniform,"[50, 50, 50, 50, 50, 50, 50]",0,0.0,1
908,6d36da6f7d6c4ae898960241cc99cd4c,7,uniform,"[50, 50, 50, 50, 50, 50, 50]",0,0.0,1
909,82f2a270b951424e82df7540c14072d3,7,uniform,"[50, 50, 50, 50, 50, 50, 50]",0,0.0,1
910,059055bc2ed24376a2667ee2496aeb0c,7,uniform,"[50, 50, 50, 50, 50, 50, 50]",0,0.0,1
911,328dfae8a432499e91c71bad92e2bd79,7,uniform,"[50, 50, 50, 50, 50, 50, 50]",0,0.0,1
912,3555cf721db54ce6a35be172f4f0213c,7,uniform,"[50, 50, 50, 50, 50, 50, 50]",1,1.0,1
913,6905efa62e924f7c9960bc701d1025bb,7,uniform,"[50, 50, 50, 50, 50, 50, 50]",0,0.10256410256410257,1
914,edd8922fe3ec43be851dee74c97ea861,7,uniform,"[50, 50, 50, 50, 50, 50, 50]",0,0.0,0
915,3f5b923f78d642ebb61f535595115ceb,7,uniform,"[50, 50, 50, 50, 50, 50, 50]",0,0.0,1
916,644155df8e7446718cc1d9ca4d2f4c05,7,uniform,"[50, 50, 50, 50, 50, 50, 50]",0,0.0,1
917,f1cd28d437e44ac586e3494371c55ff1,7,uniform,"[50, 50, 50, 50, 50, 50, 50]",0,0.2222222222222222,1
918,b8b75f189ac042c9a664c7bc13bcb936,7,uniform,"[50, 50, 50, 50, 50, 50, 50]",0,0.0,0
919,1cdeb2b345c247bfb083ab363bebd64c,7,uniform,"[50, 50, 50, 50, 50, 50, 50]",1,1.0,1
920,930d23fe662b49d4bb01a291e8a6ad98,7,uniform,"[50, 50, 50, 50, 50, 50, 50]",0,0.2608695652173913,1
921,46414d4b1b7a4838987e3ee887a448bb,7,uniform,"[50, 50, 50, 50, 50, 50, 50]",0,0.0,0
922,fdc90f6593464af6b65c2f38b2c814c6,7,uniform,"[50, 50, 50, 50, 50, 50, 50]",1,1.0,1
923,e6cad506fcab4d979e90f4a9176b1408,7,uniform,"[50, 50, 50, 50, 50, 50, 50]",0,0.0,1
924,72a4722fda5f436e81437aea9042aaa8,7,uniform,"[50, 50, 50, 50, 50, 50, 50]",0,0.0,1
925,76ed5aaaa5bb47d7923d45360b3332ec,7,uniform,"[50, 50, 50, 50, 50, 50, 50]",0,0.0,1
926,33d1e51367a3481086b0b8206010e16c,7,uniform,"[50, 50, 50, 50, 50, 50, 50]",0,0.3157894736842105,1
927,d1f6974f4b8f4a189e64cdf36c986df7,7,uniform,"[50, 50, 50, 50, 50, 50, 50]",0,0.0,1
928,57351304b16347d58b309e84d19b79aa,7,uniform,"[50, 50, 50, 50, 50, 50, 50]",0,0.05714285714285714,1
929,7f022ca089d74d51a4be4625cb6191d5,7,uniform,"[50, 50, 50, 50, 50, 50, 50]",0,0.0,0
930,3c5e3c93b4f04892a42057005a46caaa,7,uniform,"[50, 50, 50, 50, 50, 50, 50]",0,0.0,0
931,f7b2f89be1724a9c86cbcc347b0c4425,7,uniform,"[50, 50, 50, 50, 50, 50, 50]",0,0.0,1
932,2af6e73ac32145e9bb843506ce6c6a61,7,uniform,"[50, 50, 50, 50, 50, 50, 50]",1,1.0,1
933,c4c1471da58b4cf087e179b9b71adef4,7,uniform,"[50, 50, 50, 50, 50, 50, 50]",0,0.0,1
934,1854615c2d334e5aa3a608b90f0547b5,7,uniform,"[50, 50, 50, 50, 50, 50, 50]",0,0.0,1
935,402f5f93e4a04d998cb41298d57b8115,7,uniform,"[50, 50, 50, 50, 50, 50, 50]",1,1.0,1
936,531226f1c86f49a3bee6638692fedd34,7,uniform,"[50, 50, 50, 50, 50, 50, 50]",0,0.0,1
937,23d9c3e938cd4e54a2917488a719b832,7,uniform,"[50, 50, 50, 50, 50, 50, 50]",0,0.0,0
938,d5012bef02214f0c9698b7a828959e39,7,uniform,"[50, 50, 50, 50, 50, 50, 50]",1,1.0,1
939,79d983f421ab4c3e92364b83b7186e99,7,uniform,"[50, 50, 50, 50, 50, 50, 50]",0,0.5333333333333333,1
940,2e71514053a447d5bbd3f9625420ca43,7,uniform,"[50, 50, 50, 50, 50, 50, 50]",0,0.2857142857142857,1
941,6a420f8f42204d968a137faeb1d73784,7,uniform,"[50, 50, 50, 50, 50, 50, 50]",0,0.0,0
942,2f56933ee8024412b6ef05faf87e7a46,7,uniform,"[50, 50, 50, 50, 50, 50, 50]",0,0.1515151515151515,1
943,ccb81b6865484234ab334d34412a6b35,7,uniform,"[50, 50, 50, 50, 50, 50, 50]",0,0.5,1
944,e33b52e8485c41518aaf76f1048c35e4,7,uniform,"[50, 50, 50, 50, 50, 50, 50]",0,0.0,1
945,29544317d3ab466d8b13e1eac4463c10,7,uniform,"[50, 50, 50, 50, 50, 50, 50]",0,0.0,1
946,b5736ba3b8574e3388b2a5ebccb15b09,7,uniform,"[50, 50, 50, 50, 50, 50, 50]",0,0.0,0
947,7e4328290edf4f2aac9f8988b5079fe1,7,uniform,"[50, 50, 50, 50, 50, 50, 50]",0,0.0,1
948,8bff718944c84becbf657952138356fd,7,uniform,"[50, 50, 50, 50, 50, 50, 50]",0,0.0,1
949,c411868fbe054e80b90a12463b2beddd,7,uniform,"[50, 50, 50, 50, 50, 50, 50]",0,0.0,1
950,ead58bae18d04b9c89be6f0bbe3f155f,7,uniform,"[50, 50, 50, 50, 50, 50, 50]",0,0.0,0
951,319e4521a8454f6a908b91d874ce2e08,7,uniform,"[50, 50, 50, 50, 50, 50, 50]",0,0.09999999999999999,0
952,bc947534038744198b74eab0dc89a6fe,7,uniform,"[50, 50, 50, 50, 50, 50, 50]",0,0.0,1
953,aece58a299d84cd88579bca72c73da46,7,uniform,"[50, 50, 50, 50, 50, 50, 50]",0,0.0,0
954,61727044bdac4760964296c822ea1ffa,7,uniform,"[50, 50, 50, 50, 50, 50, 50]",0,0.6666666666666666,1
955,bc61a95b6c25463db3459cd626a11ad0,7,uniform,"[50, 50, 50, 50, 50, 50, 50]",0,0.9090909090909091,1
956,e45fbf36c6d64467b16f13324d22a4c2,7,uniform,"[50, 50, 50, 50, 50, 50, 50]",0,0.0,1
957,1e1eb993a1ca4265978c2db209a671b7,7,uniform,"[50, 50, 50, 50, 50, 50, 50]",0,0.0,1
958,f74b173f48654bc9832934834956c10f,7,uniform,"[50, 50, 50, 50, 50, 50, 50]",0,0.0,1
959,30913ce681084f3f8357bef6147fe049,7,uniform,"[50, 50, 50, 50, 50, 50, 50]",0,0.0,1
960,359f8256bb2b4d5589fa81885ef48257,7,uniform,"[50, 50, 50, 50, 50, 50, 50]",0,0.0,1
961,3d531ea0078248ebb3dd503bb338071f,7,uniform,"[50, 50, 50, 50, 50, 50, 50]",0,0.0,1
962,a9dff945426841f8b37069eefd82297b,7,uniform,"[50, 50, 50, 50, 50, 50, 50]",0,0.0,1
963,aa9daba7638b4fa9b1472bb648fe964e,7,uniform,"[50, 50, 50, 50, 50, 50, 50]",0,0.0,1
964,dd66178403e8487382fdc1b84bb2881c,7,uniform,"[50, 50, 50, 50, 50, 50, 50]",0,0.0,0
965,c9bcb9b8a8ba42f5bfd2538b4925a3ac,7,uniform,"[50, 50, 50, 50, 50, 50, 50]",0,0.0,1
966,a14a2ea82a1544a19f7c45cbf7f82f6e,7,uniform,"[50, 50, 50, 50, 50, 50, 50]",0,0.8,1
967,fb2d1f54601e4f89be70d07393db45f4,7,uniform,"[50, 50, 50, 50, 50, 50, 50]",0,0.0,1
968,b83b50ae80c3463aa27b05bb0bf4b493,7,uniform,"[50, 50, 50, 50, 50, 50, 50]",0,0.0,0
969,26c180c03a734a1aaee4138be308a078,7,uniform,"[50, 50, 50, 50, 50, 50, 50]",0,0.07692307692307693,1
970,273733b869b741a7b9667927ea701789,7,uniform,"[50, 50, 50, 50, 50, 50, 50]",0,0.0,0
971,97cb3c77ddba4ab9ae6bfdc00eb09c42,7,uniform,"[50, 50, 50, 50, 50, 50, 50]",0,0.0,1
972,08473edda228492e9cfe9b6583977e50,7,uniform,"[50, 50, 50, 50, 50, 50, 50]",0,0.0,1
973,6d5eb886bc37490aa1854938f9b36903,7,uniform,"[50, 50, 50, 50, 50, 50, 50]",0,0.0,0
974,e0ce4da6cbfe4f26b945f5555901e5c5,7,uniform,"[50, 50, 50, 50, 50, 50, 50]",0,0.0,0
975,f002078c2ea2435db1e405606b820e19,7,uniform,"[50, 50, 50, 50, 50, 50, 50]",0,0.0,1
976,441f524567e9477a9b0d07f4a0907622,7,uniform,"[50, 50, 50, 50, 50, 50, 50]",0,0.05,1
977,60dd6a100f3b42598ab0d32f254b1662,7,uniform,"[50, 50, 50, 50, 50, 50, 50]",0,0.0,0
978,873ea1af23e548efb10a54c97edcdb6b,7,uniform,"[50, 50, 50, 50, 50, 50, 50]",0,0.0,1
979,3e1d564bb5eb4b1ba37db917c472a566,7,uniform,"[50, 50, 50, 50, 50, 50, 50]",0,0.07692307692307691,1
980,04676862004644f18aa94ff54107047c,7,uniform,"[50, 50, 50, 50, 50, 50, 50]",0,0.058823529411764705,0
981,116e002d700e4d349581f1a4937dfba8,7,uniform,"[50, 50, 50, 50, 50, 50, 50]",0,0.0,0
982,283c5867606b46258127fa5fed7cf62d,7,uniform,"[50, 50, 50, 50, 50, 50, 50]",0,0.0,1
983,171414c078ce452d9374be8989aa0147,7,uniform,"[50, 50, 50, 50, 50, 50, 50]",0,0.0,0
984,a2643b6d7fe94e54bb74da276f0a4646,7,uniform,"[50, 50, 50, 50, 50, 50, 50]",0,0.06666666666666667,1
985,342cb6f69f6449318f4c4e5385f954fd,7,uniform,"[50, 50, 50, 50, 50, 50, 50]",0,0.0,1
986,e3fe3ef5daa6485a8a3f91dfccc9d797,7,uniform,"[50, 50, 50, 50, 50, 50, 50]",0,0.0,1
987,6071cc99d5744a17814ad38e72b53f3b,7,uniform,"[50, 50, 50, 50, 50, 50, 50]",0,0.0,0
988,d5f0273d41ad45ab9a9819cb49e29b02,7,uniform,"[50, 50, 50, 50, 50, 50, 50]",0,0.0,1
989,d1b4f5f6d643456aad1526324d39c259,7,uniform,"[50, 50, 50, 50, 50, 50, 50]",0,0.0909090909090909,1
990,62747a42a9074e7da75c495cc4daca38,7,uniform,"[50, 50, 50, 50, 50, 50, 50]",0,0.6666666666666666,1
991,5d464ecc16894c0cbc33ed95ac502289,7,uniform,"[50, 50, 50, 50, 50, 50, 50]",0,0.05714285714285714,1
992,e5fb043f8b0245f2acc78136af1bb5dd,7,uniform,"[50, 50, 50, 50, 50, 50, 50]",0,0.6666666666666666,1
993,53278976c290499ab7f1decb9f7bf6a2,7,uniform,"[50, 50, 50, 50, 50, 50, 50]",0,0.05263157894736841,1
994,7889488ae4d3460bafe900d6917b650e,7,uniform,"[50, 50, 50, 50, 50, 50, 50]",0,0.0,1
995,91ef74a5a47a442aaa5af41b3d564051,7,uniform,"[50, 50, 50, 50, 50, 50, 50]",0,0.0,1
996,3e83d3398a8a4e26a98fab7f85c8cb59,7,uniform,"[50, 50, 50, 50, 50, 50, 50]",0,0.0,1
997,20e0dcefdff242ebb51ce89c34182814,7,uniform,"[50, 50, 50, 50, 50, 50, 50]",0,0.06451612903225806,1
998,7e7a5a32f59b49ccacc7c1408799a32a,7,uniform,"[50, 50, 50, 50, 50, 50, 50]",0,0.6666666666666666,1
999,a3ac333098d74ad7acf2d20bbc261c9b,7,uniform,"[50, 50, 50, 50, 50, 50, 50]",0,0.0,1
0,728220fe1b5f4ce886273ec524c6972b,7,weighted,"[100, 70, 50, 40, 35, 30, 25]",1,1.0,1
1,c89d1c366c274f6e8d233be688759386,7,weighted,"[100, 70, 50, 40, 35, 30, 25]",0,0.0,1
2,644d4774db194bb0b491e58deff0fe6c,7,weighted,"[100, 70, 50, 40, 35, 30, 25]",0,0.0,1
3,b7648c8b476e4482a7fa9a8d4584c551,7,weighted,"[100, 70, 50, 40, 35, 30, 25]",0,0.5,1
4,362b90d2f2de47e1a0d9be76d1383cd5,7,weighted,"[100, 70, 50, 40, 35, 30, 25]",0,0.7500000000000001,1
5,e365fba82bca48ad8b9ec4fbac8bd3b7,7,weighted,"[100, 70, 50, 40, 35, 30, 25]",0,0.4444444444444445,1
6,56a527cc368e4b10ac88117b33ab6370,7,weighted,"[100, 70, 50, 40, 35, 30, 25]",0,0.07142857142857142,0
7,ef7ff14fda8347479995319185ade05f,7,weighted,"[100, 70, 50, 40, 35, 30, 25]",1,1.0,1
8,e7abf6763c7d425c8577ed893a0cd182,7,weighted,"[100, 70, 50, 40, 35, 30, 25]",0,0.0,1
9,08b8fd7f109845eda0ffb6868479f8c2,7,weighted,"[100, 70, 50, 40, 35, 30, 25]",0,0.0,0
10,ddc318071f01453ab87ceebe18062971,7,weighted,"[100, 70, 50, 40, 35, 30, 25]",0,0.0,1
11,b33e0d818b364b87878b747b09987f28,7,weighted,"[100, 70, 50, 40, 35, 30, 25]",0,0.0,1
12,629ca0ba60d84e678789916c527e5e74,7,weighted,"[100, 70, 50, 40, 35, 30, 25]",0,0.0,1
13,dc5438680eeb4547b962a6d05a58125d,7,weighted,"[100, 70, 50, 40, 35, 30, 25]",0,0.0,1
14,2ea97cfbe22340cdabec8b67b75b0f0e,7,weighted,"[100, 70, 50, 40, 35, 30, 25]",0,0.0,1
15,dc27edf1253345dabb1ae19ef7d8a829,7,weighted,"[100, 70, 50, 40, 35, 30, 25]",1,1.0,1
16,c3ec8eaa57d0418da0c66d7ad83761b3,7,weighted,"[100, 70, 50, 40, 35, 30, 25]",0,0.0,1
17,f22c94617c404f388ea469654e9a580f,7,weighted,"[100, 70, 50, 40, 35, 30, 25]",0,0.2857142857142857,1
18,2c9d87584b86413d86f28eb40a1af7cf,7,weighted,"[100, 70, 50, 40, 35, 30, 25]",1,1.0,1
19,49af423e020444c999bdbdaa7cc573bd,7,weighted,"[100, 70, 50, 40, 35, 30, 25]",0,0.0,1
20,a2f796f7536947518cb11c541c564c83,7,weighted,"[100, 70, 50, 40, 35, 30, 25]",0,0.0,1
21,70ff5cd057104a24a7de546f6a0a93e2,7,weighted,"[100, 70, 50, 40, 35, 30, 25]",0,0.7058823529411764,1
22,bb0bceec8bca491db5c90c3962960eea,7,weighted,"[100, 70, 50, 40, 35, 30, 25]",1,1.0,1
23,4790b60660da497bb390ed9bc5996973,7,weighted,"[100, 70, 50, 40, 35, 30, 25]",0,0.0,1
24,092f821b8fd243efb2bfd2f200cb99ee,7,weighted,"[100, 70, 50, 40, 35, 30, 25]",0,0.0,1
25,e21128d6906243a58807600c9e0744b4,7,weighted,"[100, 70, 50, 40, 35, 30, 25]",0,0.10526315789473684,1
26,b612d7f272cd452dab8379571e41f3dd,7,weighted,"[100, 70, 50, 40, 35, 30, 25]",0,0.08,1
27,40f708bf9a744a90b62edfb3b44ad9cf,7,weighted,"[100, 70, 50, 40, 35, 30, 25]",0,0.0,0
28,b5b3c4c6f37c4de3907df3b82c13a2d7,7,weighted,"[100, 70, 50, 40, 35, 30, 25]",0,0.0,1
29,ebe6da22787d42bab5690387505c2674,7,weighted,"[100, 70, 50, 40, 35, 30, 25]",0,0.0,0
30,74953752801446a2abe6b330ce63c179,7,weighted,"[100, 70, 50, 40, 35, 30, 25]",0,0.0,0
31,ed2ba8953b6a49bb8f961969603a956f,7,weighted,"[100, 70, 50, 40, 35, 30, 25]",1,1.0,1
32,d468e9a904314a5a92582bcfcc7b7635,7,weighted,"[100, 70, 50, 40, 35, 30, 25]",0,0.0,1
33,59c97e698fe0492890ba2dec20b8ff97,7,weighted,"[100, 70, 50, 40, 35, 30, 25]",0,0.0,0
34,c00bac5c39534761b85d1adeea7bdd23,7,weighted,"[100, 70, 50, 40, 35, 30, 25]",1,1.0,1
35,625274d8050f451ebd131104306237c1,7,weighted,"[100, 70, 50, 40, 35, 30, 25]",0,0.0,1
36,64215d84427e4d709e2914e76df055c5,7,weighted,"[100, 70, 50, 40, 35, 30, 25]",0,0.0,1
37,5464eecea5074ee49a1f281e3855f2d1,7,weighted,"[100, 70, 50, 40, 35, 30, 25]",0,0.30769230769230765,1
38,f4e61efd586744d9941da1aea777b7d7,7,weighted,"[100, 70, 50, 40, 35, 30, 25]",0,0.6666666666666666,1
39,e89b8741115d4a248603dde70032bccd,7,weighted,"[100, 70, 50, 40, 35, 30, 25]",0,0.06666666666666667,1
40,4dd31c6180e64c4eb59983819779cf2c,7,weighted,"[100, 70, 50, 40, 35, 30, 25]",0,0.6666666666666666,1
41,1bf26f3035ec45e5874eb0de76a8d903,7,weighted,"[100, 70, 50, 40, 35, 30, 25]",0,0.0,1
42,f86df4ac102d4a058ac5a346fed44de9,7,weighted,"[100, 70, 50, 40, 35, 30, 25]",0,0.0,1
43,ace17f51ddc44d7db28c05c44bc5d658,7,weighted,"[100, 70, 50, 40, 35, 30, 25]",1,1.0,1
44,e2c278dfb89b444389ac7fa574c14697,7,weighted,"[100, 70, 50, 40, 35, 30, 25]",1,1.0,1
45,9b01a7aac7fb40979eccbed5da004372,7,weighted,"[100, 70, 50, 40, 35, 30, 25]",0,0.0,0
46,6778d6c630a84294a6dd81fbfabf9177,7,weighted,"[100, 70, 50, 40, 35, 30, 25]",0,0.0,0
47,35190f405eb4417497a797f137fb3f1b,7,weighted,"[100, 70, 50, 40, 35, 30, 25]",1,1.0,1
48,a5d866dd01974343ba3475ba0ca2387c,7,weighted,"[100, 70, 50, 40, 35, 30, 25]",0,0.0,1
49,34a877cef8f4456197484f09d1643e87,7,weighted,"[100, 70, 50, 40, 35, 30, 25]",0,0.6666666666666666,1
50,f87ac51d4db74ff7b51a4c5ea00723e8,7,weighted,"[100, 70, 50, 40, 35, 30, 25]",0,0.0,0
51,9bb1b01620ea4ed28be3d13447145272,7,weighted,"[100, 70, 50, 40, 35, 30, 25]",0,0.0,1
52,68b7a9d693f84289b1d8cca76c5daf3b,7,weighted,"[100, 70, 50, 40, 35, 30, 25]",1,1.0,1
53,413339d30cc447a884eb601571769b06,7,weighted,"[100, 70, 50, 40, 35, 30, 25]",0,0.0,1
54,b0d97074e304423bab66769456c4890d,7,weighted,"[100, 70, 50, 40, 35, 30, 25]",0,0.0,1
55,9827d6f7626d46c188fc893ff0e12fd9,7,weighted,"[100, 70, 50, 40, 35, 30, 25]",1,1.0,1
56,3750487af26c40af96cb49550876a52a,7,weighted,"[100, 70, 50, 40, 35, 30, 25]",0,0.0,0
57,5010c8ecc7584e2d86bbb2ab8acfa878,7,weighted,"[100, 70, 50, 40, 35, 30, 25]",1,1.0,1
58,c5b80b9f943d4bd3b11c84700bff495f,7,weighted,"[100, 70, 50, 40, 35, 30, 25]",0,0.0,1
59,7bfe3ee0862a4bdbb5e06b894cfefd29,7,weighted,"[100, 70, 50, 40, 35, 30, 25]",0,0.0,1
60,d7f9ec97994d42c3bf9dfc7e853a3d66,7,weighted,"[100, 70, 50, 40, 35, 30, 25]",0,0.2666666666666667,1
61,dc530a1b42fc45af9b9112f391db3504,7,weighted,"[100, 70, 50, 40, 35, 30, 25]",0,0.5,1
62,6d8f6111e0f2484f961308f6dc5270b3,7,weighted,"[100, 70, 50, 40, 35, 30, 25]",0,0.045454545454545456,1
63,ef32addb3b9b4c8ab122fd787122a657,7,weighted,"[100, 70, 50, 40, 35, 30, 25]",0,0.0,1
64,79e87ee729dd4f40b1492c9d24d26541,7,weighted,"[100, 70, 50, 40, 35, 30, 25]",0,0.0,1
65,94b8ba1c855e4789a90cd5692ee3e710,7,weighted,"[100, 70, 50, 40, 35, 30, 25]",0,0.0,1
66,7de2c568942c4160a93c7c80f264030f,7,weighted,"[100, 70, 50, 40, 35, 30, 25]",0,0.0,0
67,eeef45fe8f664128b6f49991e5695c3e,7,weighted,"[100, 70, 50, 40, 35, 30, 25]",0,0.0,0
68,fb575e95e21843f9bc7ab8acdde72ee7,7,weighted,"[100, 70, 50, 40, 35, 30, 25]",0,0.0,1
69,0ae51cad51b340cb9ce156a667e11a5e,7,weighted,"[100, 70, 50, 40, 35, 30, 25]",0,0.0,0
70,2e3e4e90adb64e86bf0e6ccf5499126b,7,weighted,"[100, 70, 50, 40, 35, 30, 25]",0,0.0,1
71,8b49dc87c93b45c48eb62e4a0b8ac604,7,weighted,"[100, 70, 50, 40, 35, 30, 25]",0,0.2857142857142857,1
72,dafae23b13b148619784124572b26008,7,weighted,"[100, 70, 50, 40, 35, 30, 25]",0,0.9090909090909091,1
73,054d98807bed447f896aaa343005bb89,7,weighted,"[100, 70, 50, 40, 35, 30, 25]",0,0.6666666666666666,1
74,fee6642b071a46e9b1a005d63b58a98c,7,weighted,"[100, 70, 50, 40, 35, 30, 25]",0,0.0,1
75,ae35f52b8069416da505e192383e1cab,7,weighted,"[100, 70, 50, 40, 35, 30, 25]",0,0.0,1
76,21976ca866684313b86aa9450c61406c,7,weighted,"[100, 70, 50, 40, 35, 30, 25]",0,0.0,1
77,bfa3a133f4fc48eda18b7464dddc5e70,7,weighted,"[100, 70, 50, 40, 35, 30, 25]",0,0.0,1
78,8809bd64552f4f7aa8f53f493602ceae,7,weighted,"[100, 70, 50, 40, 35, 30, 25]",1,1.0,1
79,4e6de19d338a44b6bd4bbaec2c3c0635,7,weighted,"[100, 70, 50, 40, 35, 30, 25]",1,1.0,1
80,121d9ead9e87477baedf4605be92bbf7,7,weighted,"[100, 70, 50, 40, 35, 30, 25]",1,1.0,1
81,96478949a8214ae4bd74130d64466203,7,weighted,"[100, 70, 50, 40, 35, 30, 25]",0,0.0,1
82,e2bc1abc94f141399b0b004676f84171,7,weighted,"[100, 70, 50, 40, 35, 30, 25]",0,0.8,1
83,a018ca4c1e8e4a44b48188655383c8a5,7,weighted,"[100, 70, 50, 40, 35, 30, 25]",0,0.19999999999999998,1
84,2c175bdf51494ae1a97be4ed1a365825,7,weighted,"[100, 70, 50, 40, 35, 30, 25]",0,0.3636363636363636,1
85,916d57f6183b4c52999933fe394cae6e,7,weighted,"[100, 70, 50, 40, 35, 30, 25]",0,0.0,1
86,2324b8d221fa41d58267b515b1a1109a,7,weighted,"[100, 70, 50, 40, 35, 30, 25]",0,0.0,1
87,c0d3770ca41e4463958dca0c88ce3979,7,weighted,"[100, 70, 50, 40, 35, 30, 25]",0,0.0,1
88,68ac44d7d9e24aee8fcaa91e0f364062,7,weighted,"[100, 70, 50, 40, 35, 30, 25]",0,0.06666666666666668,1
89,f6ea20f22a394788814a7b4374246cf9,7,weighted,"[100, 70, 50, 40, 35, 30, 25]",0,0.4444444444444445,1
90,5f53831743434c24b29ed9b858d87e4b,7,weighted,"[100, 70, 50, 40, 35, 30, 25]",0,0.888888888888889,1
91,20c6639f94d24a91ac79c15024fcd5f7,7,weighted,"[100, 70, 50, 40, 35, 30, 25]",0,0.0,1
92,6c6f0f2b83e546e39bc40d37b0ee9975,7,weighted,"[100, 70, 50, 40, 35, 30, 25]",1,1.0,1
93,a1b8855de6ff4bf2b8afc5942486e88c,7,weighted,"[100, 70, 50, 40, 35, 30, 25]",0,0.0,0
94,986fec610e0e4bf9bb3de6be1fa0356e,7,weighted,"[100, 70, 50, 40, 35, 30, 25]",0,0.0,0
95,ce5d0f11b9664510a27bf3c483792f13,7,weighted,"[100, 70, 50, 40, 35, 30, 25]",1,1.0,1
96,3f092922c6854e3f8bdf22cc50cf71a9,7,weighted,"[100, 70, 50, 40, 35, 30, 25]",0,0.0,1
97,811785fb9d684ccd9577541cd4c94555,7,weighted,"[100, 70, 50, 40, 35, 30, 25]",0,0.0,1
98,66d0e7da123d49fd8f8016dc27775052,7,weighted,"[100, 70, 50, 40, 35, 30, 25]",0,0.0,1
99,1646e87aca7b4f078ae816044f0f5955,7,weighted,"[100, 70, 50, 40, 35, 30, 25]",1,1.0,1
100,d2747da8e1e1416cb057ee8651131dd8,7,weighted,"[100, 70, 50, 40, 35, 30, 25]",0,0.12903225806451613,1
101,8834ade537ca4faca9fb3bdd7efcb88b,7,weighted,"[100, 70, 50, 40, 35, 30, 25]",0,0.0,1
102,81a06cc7f0ed45fba03d40062246bf0f,7,weighted,"[100, 70, 50, 40, 35, 30, 25]",0,0.0,1
103,9f8bb4dd263246dbac8f331f745d2e5a,7,weighted,"[100, 70, 50, 40, 35, 30, 25]",0,0.0,1
104,d0940d4e2f8b4c23817a178bf3f2ee85,7,weighted,"[100, 70, 50, 40, 35, 30, 25]",0,0.0,0
105,62b2d8702439498197acee357c30a8bd,7,weighted,"[100, 70, 50, 40, 35, 30, 25]",0,0.05405405405405406,0
106,1fcf01709c0b404da2b3024ac0a02eb0,7,weighted,"[100, 70, 50, 40, 35, 30, 25]",0,0.4,0
107,f299e2d5b4264decb2fd2ab4d6a53c2d,7,weighted,"[100, 70, 50, 40, 35, 30, 25]",0,0.0,0
108,ecba8f966e03447a940cfff69f9ba8e1,7,weighted,"[100, 70, 50, 40, 35, 30, 25]",1,1.0,1
109,077524326f6a4e53a728f5341e89f79c,7,weighted,"[100, 70, 50, 40, 35, 30, 25]",0,0.0,1
110,18cbdcbef93544acac9407596569a64f,7,weighted,"[100, 70, 50, 40, 35, 30, 25]",0,0.0,1
111,afc8672a21f441369ab4b0ffb8532c21,7,weighted,"[100, 70, 50, 40, 35, 30, 25]",0,0.6666666666666666,1
112,c64f2789544c45c8bf9dceebb35cfa53,7,weighted,"[100, 70, 50, 40, 35, 30, 25]",0,0.0,0
113,c2bf5fa95d404050b8f86692d9100be0,7,weighted,"[100, 70, 50, 40, 35, 30, 25]",0,0.0,1
114,ff5f25fc4c9b4354b49fc603df373ee0,7,weighted,"[100, 70, 50, 40, 35, 30, 25]",0,0.0,1
115,d83aff530fd447b49138953308883ac2,7,weighted,"[100, 70, 50, 40, 35, 30, 25]",0,0.0,0
116,5b7387ec945d47b8b624c2b55b6a80c1,7,weighted,"[100, 70, 50, 40, 35, 30, 25]",0,0.0,1
117,987b4118a9304f2f8193ab27a36b0489,7,weighted,"[100, 70, 50, 40, 35, 30, 25]",0,0.0,1
118,da630eb21dea4abe920e8253d4fd6a34,7,weighted,"[100, 70, 50, 40, 35, 30, 25]",0,0.3,1
119,1cfc4441a86445fab7952656df2d64a0,7,weighted,"[100, 70, 50, 40, 35, 30, 25]",0,0.0,1
120,5cac964bb57446e39b0f58d6043c12d7,7,weighted,"[100, 70, 50, 40, 35, 30, 25]",1,1.0,1
121,30cbead889fc4c0783a1afd652cfb163,7,weighted,"[100, 70, 50, 40, 35, 30, 25]",1,1.0,1
122,d7eb4ea422a0440ab1a2ea0d9a313198,7,weighted,"[100, 70, 50, 40, 35, 30, 25]",0,0.0,1
123,c8c3c9f350c5469da18f367a6a250097,7,weighted,"[100, 70, 50, 40, 35, 30, 25]",0,0.0,0
124,b47d1c59552a453ba57c2121f029242d,7,weighted,"[100, 70, 50, 40, 35, 30, 25]",0,0.0,1
125,29b82a59344f4d38854c476a31827ba7,7,weighted,"[100, 70, 50, 40, 35, 30, 25]",0,0.0,0
126,9a0b3de216b6498699f9a1745ef51447,7,weighted,"[100, 70, 50, 40, 35, 30, 25]",0,0.4444444444444445,1
127,f126e81901054b3ba5fb4ce920b1df38,7,weighted,"[100, 70, 50, 40, 35, 30, 25]",1,1.0,1
128,0a8eff0d1b134de888817e44d2e889b1,7,weighted,"[100, 70, 50, 40, 35, 30, 25]",0,0.32558139534883723,1
129,054b7315353146d4b0ad624514005ef2,7,weighted,"[100, 70, 50, 40, 35, 30, 25]",0,0.0,1
130,f4ef4313787d49d7851ad2a6c66cf163,7,weighted,"[100, 70, 50, 40, 35, 30, 25]",0,0.5,1
131,e3602ad5a2864891955a696e59594e76,7,weighted,"[100, 70, 50, 40, 35, 30, 25]",0,0.0,1
132,2a9c56b5a5ae43b78f7f7d9dccdca491,7,weighted,"[100, 70, 50, 40, 35, 30, 25]",1,1.0,1
133,4fc9afe35d8c4cdf8115fe9faf6ac96a,7,weighted,"[100, 70, 50, 40, 35, 30, 25]",1,1.0,1
134,065ce886fe8c41088ba6b71c82ab6229,7,weighted,"[100, 70, 50, 40, 35, 30, 25]",0,0.0,1
135,928063d9906145b6b83392f5068efb4f,7,weighted,"[100, 70, 50, 40, 35, 30, 25]",0,0.0,0
136,455324ce37fa42c8af627f9f832cfb24,7,weighted,"[100, 70, 50, 40, 35, 30, 25]",0,0.0,0
137,1af7aafeb2e24d348d72b7559a2ce754,7,weighted,"[100, 70, 50, 40, 35, 30, 25]",0,0.0,1
138,c4c3e45a17884ef78442ed584e442741,7,weighted,"[100, 70, 50, 40, 35, 30, 25]",1,1.0,1
139,2e7792c3711b4a139cf99e7dec1b7e26,7,weighted,"[100, 70, 50, 40, 35, 30, 25]",0,0.0,1
140,8d3d4915ed104234bca2e7e8eb591d6e,7,weighted,"[100, 70, 50, 40, 35, 30, 25]",0,0.16666666666666669,1
141,7876cd87c6e845f484f841d243a021a0,7,weighted,"[100, 70, 50, 40, 35, 30, 25]",0,0.2857142857142857,1
142,faca8fa5d6724e3f95ea8550bbb1a3c8,7,weighted,"[100, 70, 50, 40, 35, 30, 25]",0,0.0,1
143,76c6e9ef00884f509bc625e25b15cc85,7,weighted,"[100, 70, 50, 40, 35, 30, 25]",1,1.0,1
144,0db9e6fa3f21435996d0bf1e3b3f8adb,7,weighted,"[100, 70, 50, 40, 35, 30, 25]",1,1.0,1
145,ca61917ae999408c84f855c26dc48c68,7,weighted,"[100, 70, 50, 40, 35, 30, 25]",1,1.0,1
146,c6d27c29d4774501b4f046af3bb83dfd,7,weighted,"[100, 70, 50, 40, 35, 30, 25]",0,0.0,0
147,8da0d6902cab4114b140672981c41ece,7,weighted,"[100, 70, 50, 40, 35, 30, 25]",0,0.0,1
148,d809c82de0cc41a391a8476fbedc4638,7,weighted,"[100, 70, 50, 40, 35, 30, 25]",1,1.0,1
149,6a9dae85ef8448b88947f67b7368cd84,7,weighted,"[100, 70, 50, 40, 35, 30, 25]",0,0.0,1
150,62ccc3554230408fb85b346dedaeffa9,7,weighted,"[100, 70, 50, 40, 35, 30, 25]",0,0.0,1
151,9724aa5ceb194973a23f99d088987015,7,weighted,"[100, 70, 50, 40, 35, 30, 25]",1,1.0,1
152,8c513011d82543469328cb90f190d67c,7,weighted,"[100, 70, 50, 40, 35, 30, 25]",0,0.0,0
153,352bbdac5d414a65a714e30a0fd97f42,7,weighted,"[100, 70, 50, 40, 35, 30, 25]",0,0.14285714285714288,1
154,c46c0d1751554ccea747cb3825bdbe66,7,weighted,"[100, 70, 50, 40, 35, 30, 25]",0,0.0,0
155,1b99dffb92c14a838fdb91967645cbf0,7,weighted,"[100, 70, 50, 40, 35, 30, 25]",0,0.0,1
156,fe231269e136464c857e4cedaa8a523e,7,weighted,"[100, 70, 50, 40, 35, 30, 25]",0,0.0,0
157,b7ccf71e49054da2a836cbd7dcca51ae,7,weighted,"[100, 70, 50, 40, 35, 30, 25]",0,0.0,0
158,c5d1601dece84ce895260d42931118c3,7,weighted,"[100, 70, 50, 40, 35, 30, 25]",0,0.0,0
159,c6e9bca537a64d47a1f219d04aa484cf,7,weighted,"[100, 70, 50, 40, 35, 30, 25]",0,0.0,0
160,19174950ad6b4759929f41cb2aa6b979,7,weighted,"[100, 70, 50, 40, 35, 30, 25]",0,0.0,1
161,08e1f398fc554a2b9cc745c89b8ddd1c,7,weighted,"[100, 70, 50, 40, 35, 30, 25]",0,0.2727272727272727,1
162,4e8ac0b2d2c448099dea09b0b88032b6,7,weighted,"[100, 70, 50, 40, 35, 30, 25]",0,0.33333333333333337,1
163,ba68aac128784f47a20eafdb4fa84627,7,weighted,"[100, 70, 50, 40, 35, 30, 25]",0,0.0,1
164,9b6a4b25c0cf41d89f69fab7e636d836,7,weighted,"[100, 70, 50, 40, 35, 30, 25]",1,1.0,1
165,851dc215cd4f478ea5bc5be433bb650b,7,weighted,"[100, 70, 50, 40, 35, 30, 25]",0,0.0,1
166,73df4341944b4832a7110492fec95939,7,weighted,"[100, 70, 50, 40, 35, 30, 25]",1,1.0,1
167,82498b7e764c4a77ae54de9e49a211ce,7,weighted,"[100, 70, 50, 40, 35, 30, 25]",0,0.0,1
168,d12c3c9ff7254b76a83a3c702e0f1411,7,weighted,"[100, 70, 50, 40, 35, 30, 25]",1,1.0,1
169,9b5c249c46644e04a2d28d98bac5f951,7,weighted,"[100, 70, 50, 40, 35, 30, 25]",0,0.0,0
170,b31c60bda086454a900948cde75eb053,7,weighted,"[100, 70, 50, 40, 35, 30, 25]",1,1.0,1
171,68ea789496074f56878ceddf5f0bb6c0,7,weighted,"[100, 70, 50, 40, 35, 30, 25]",0,0.0,0
172,2fbb04100c444abda7f972b3c7ca55b9,7,weighted,"[100, 70, 50, 40, 35, 30, 25]",0,0.18181818181818182,1
173,ff83ee0ffed94025b218bc5444b14880,7,weighted,"[100, 70, 50, 40, 35, 30, 25]",0,0.0,0
174,811443af769846bd88db9031899cf838,7,weighted,"[100, 70, 50, 40, 35, 30, 25]",0,0.0,1
175,2737e76f68ed4c889e75300d5d707fbb,7,weighted,"[100, 70, 50, 40, 35, 30, 25]",0,0.08695652173913045,1
176,5c48b89357aa48fd8a1aafaeabe73c4c,7,weighted,"[100, 70, 50, 40, 35, 30, 25]",0,0.888888888888889,1
177,57b5639ab5b441d9956c8bb4d17cf3e2,7,weighted,"[100, 70, 50, 40, 35, 30, 25]",1,1.0,1
178,b7f2e1ae39b54396b93b90189b8ef3da,7,weighted,"[100, 70, 50, 40, 35, 30, 25]",0,0.0,1
179,ed32ea00d52a492b93ce00ce06b93f4a,7,weighted,"[100, 70, 50, 40, 35, 30, 25]",1,1.0,1
180,45e285d6497d478b835ec6f97fe0edb8,7,weighted,"[100, 70, 50, 40, 35, 30, 25]",0,0.0,1
181,287086d87ca540629ea9a5d1f3e42827,7,weighted,"[100, 70, 50, 40, 35, 30, 25]",0,0.0,0
182,66671cea0dee4e95ace4c4ccbdcc094b,7,weighted,"[100, 70, 50, 40, 35, 30, 25]",0,0.05714285714285715,0
183,1c3202898a2340d8b9ee33b3d2feb483,7,weighted,"[100, 70, 50, 40, 35, 30, 25]",1,1.0,1
184,b91f7ce859194bf3a952f9948618cfaf,7,weighted,"[100, 70, 50, 40, 35, 30, 25]",0,0.0,0
185,8da9a487491d4861815c860882b46f1b,7,weighted,"[100, 70, 50, 40, 35, 30, 25]",1,1.0,1
186,b0bc5b996f8c43a4a27f7a0a92100227,7,weighted,"[100, 70, 50, 40, 35, 30, 25]",0,0.0,0
187,b3d3a7f3fd00419c896e03a2dd70c2eb,7,weighted,"[100, 70, 50, 40, 35, 30, 25]",0,0.0,0
188,9723fcbfda3b41f1a2928a72b5614b05,7,weighted,"[100, 70, 50, 40, 35, 30, 25]",0,0.0,0
189,354948edd4c94ed49d3c744a8213b0e4,7,weighted,"[100, 70, 50, 40, 35, 30, 25]",0,0.0,0
190,06ad4f09434a47e7a9563d96bde0e71f,7,weighted,"[100, 70, 50, 40, 35, 30, 25]",0,0.41025641025641024,1
191,9ed3661a6d2945fbb92425ece8bc177e,7,weighted,"[100, 70, 50, 40, 35, 30, 25]",0,0.0,0
192,ef60d03b67d34a1190d04693fee8767f,7,weighted,"[100, 70, 50, 40, 35, 30, 25]",0,0.0,0
193,63fc6e7a70aa4d60a8cab579a90afb9e,7,weighted,"[100, 70, 50, 40, 35, 30, 25]",0,0.0,1
194,8c780963994f44c7835580cb22bc2fdc,7,weighted,"[100, 70, 50, 40, 35, 30, 25]",0,0.6923076923076924,1
195,60f332bc68e64d8680e179e359b0d6fa,7,weighted,"[100, 70, 50, 40, 35, 30, 25]",0,0.0,1
196,69e712f057644faf86a9688a85a2deee,7,weighted,"[100, 70, 50, 40, 35, 30, 25]",1,1.0,1
197,1a4a586dd10143f3a68247ae4c535713,7,weighted,"[100, 70, 50, 40, 35, 30, 25]",1,1.0,1
198,ba52569b388b4b339129a0277c7eb2e8,7,weighted,"[100, 70, 50, 40, 35, 30, 25]",1,1.0,1
199,a5c81a5e5d3c42d089cd98f0b556de2f,7,weighted,"[100, 70, 50, 40, 35, 30, 25]",0,0.0,0
200,0af880e8558a4fc3afbc9a8a25d081fd,7,weighted,"[100, 70, 50, 40, 35, 30, 25]",0,0.4,1
201,073515a682484ceaac87a83d1ab38a06,7,weighted,"[100, 70, 50, 40, 35, 30, 25]",0,0.0,1
202,36ab12ff07cf46ed9af03891964f20de,7,weighted,"[100, 70, 50, 40, 35, 30, 25]",0,0.0,1
203,b189954307e7414b9d81ad99c7b730bf,7,weighted,"[100, 70, 50, 40, 35, 30, 25]",0,0.1818181818181818,1
204,37c0ef1f9eb3412594ff30f21611b882,7,weighted,"[100, 70, 50, 40, 35, 30, 25]",0,0.0,0
205,dc27c4c56b014020bd9e8a799860b06e,7,weighted,"[100, 70, 50, 40, 35, 30, 25]",1,1.0,1
206,aa9da743626a453780aaaf56e7816508,7,weighted,"[100, 70, 50, 40, 35, 30, 25]",0,0.0,0
207,5b94852dff984b19bf8264cd8bc1caa3,7,weighted,"[100, 70, 50, 40, 35, 30, 25]",0,0.0,1
208,980522a80742433e96b144a86fd2ddce,7,weighted,"[100, 70, 50, 40, 35, 30, 25]",0,0.0,0
209,c5fc7fc4522b43b7a0802acbd3963efd,7,weighted,"[100, 70, 50, 40, 35, 30, 25]",1,1.0,1
210,7374f521a2854922b8f6f8890ecda23d,7,weighted,"[100, 70, 50, 40, 35, 30, 25]",0,0.125,1
211,29cd58ae62e94dc4b7315ce4b50010ef,7,weighted,"[100, 70, 50, 40, 35, 30, 25]",0,0.5,1
212,5fcc6fb126e14d65ba4d0d86bb28a8be,7,weighted,"[100, 70, 50, 40, 35, 30, 25]",0,0.18181818181818182,1
213,2b41e95bcc554f69b8d594bc3d05bf1a,7,weighted,"[100, 70, 50, 40, 35, 30, 25]",0,0.0,1
214,8ae5ae5b607b4dbc86f7da5147a095c7,7,weighted,"[100, 70, 50, 40, 35, 30, 25]",0,0.0,0
215,fc7d87cd43814b8db5d9bcc43cba1da3,7,weighted,"[100, 70, 50, 40, 35, 30, 25]",1,1.0,1
216,0338d7711b1646d6be2b815c279cff54,7,weighted,"[100, 70, 50, 40, 35, 30, 25]",0,0.0,1
217,dcb53cda7e6144fca04963ac7581bcdd,7,weighted,"[100, 70, 50, 40, 35, 30, 25]",0,0.1904761904761905,1
218,ecccb9b15eb3413d8f3a5ad8d8983716,7,weighted,"[100, 70, 50, 40, 35, 30, 25]",0,0.0,1
219,fa3b764edd7a4c44be5b8921112e8bf6,7,weighted,"[100, 70, 50, 40, 35, 30, 25]",0,0.0,0
220,493624c8263b40ec97c127e45b45d5c1,7,weighted,"[100, 70, 50, 40, 35, 30, 25]",0,0.0,0
221,ebee9fdad5b64bab83267a364ea4d10b,7,weighted,"[100, 70, 50, 40, 35, 30, 25]",0,0.5714285714285715,1
222,1fd96469f9a24b37814917f25f8060f2,7,weighted,"[100, 70, 50, 40, 35, 30, 25]",1,1.0,1
223,f97696deb9704d2f8ae5834f9fcdd88c,7,weighted,"[100, 70, 50, 40, 35, 30, 25]",0,0.4,1
224,da54c67b92b74a2c91d2227d09a41438,7,weighted,"[100, 70, 50, 40, 35, 30, 25]",0,0.0,1
225,1416c66b2eb543aea04972d5780b31d6,7,weighted,"[100, 70, 50, 40, 35, 30, 25]",0,0.0,0
226,ec0a4212a5df47f682fbba53188e7af8,7,weighted,"[100, 70, 50, 40, 35, 30, 25]",0,0.0,0
227,856b14030ac342bb979ca5091377cff0,7,weighted,"[100, 70, 50, 40, 35, 30, 25]",0,0.0,0
228,58c9a110235b4879950e679babb53318,7,weighted,"[100, 70, 50, 40, 35, 30, 25]",0,0.0,1
229,eff7102be794409081a5e3b3ef3c9518,7,weighted,"[100, 70, 50, 40, 35, 30, 25]",0,0.375,1
230,99331d54ed084ccf98837531ede526e3,7,weighted,"[100, 70, 50, 40, 35, 30, 25]",0,0.0,0
231,400ab40069334ea6a12b1085941a9880,7,weighted,"[100, 70, 50, 40, 35, 30, 25]",0,0.0,1
232,9f1d761a46c64578849ff7408c6351b2,7,weighted,"[100, 70, 50, 40, 35, 30, 25]",0,0.0,1
233,241f5227a1124be591341cf33b2ecb2f,7,weighted,"[100, 70, 50, 40, 35, 30, 25]",0,0.8571428571428571,1
234,4f05dc53dcc24ed1a59fdd5d950966d0,7,weighted,"[100, 70, 50, 40, 35, 30, 25]",0,0.0,1
235,e1dac33266d048c89894eab0b0dc1c2a,7,weighted,"[100, 70, 50, 40, 35, 30, 25]",0,0.16666666666666669,1
236,ce3ecd44941f4597ae927b61841b860a,7,weighted,"[100, 70, 50, 40, 35, 30, 25]",0,0.0,1
237,d031593cc6f142f6bba7e64ea9224dea,7,weighted,"[100, 70, 50, 40, 35, 30, 25]",1,1.0,1
238,5b5d465a7ab2427485a00f3638543996,7,weighted,"[100, 70, 50, 40, 35, 30, 25]",0,0.0,1
239,53fe1484646648969f42e40f550ab7ef,7,weighted,"[100, 70, 50, 40, 35, 30, 25]",0,0.0,1
240,d86c4a3e9c944a5595ffd076817380c9,7,weighted,"[100, 70, 50, 40, 35, 30, 25]",0,0.0,1
241,d847d59c18884a8eaddd5fc55d047799,7,weighted,"[100, 70, 50, 40, 35, 30, 25]",0,0.0,1
242,b5e7dc56ca2e4d68bc9b59696bca7f75,7,weighted,"[100, 70, 50, 40, 35, 30, 25]",0,0.14814814814814814,1
243,bd356a60992b44f7840f99ffc390382c,7,weighted,"[100, 70, 50, 40, 35, 30, 25]",1,1.0,1
244,f8c03f10b27045d89e068c461ea3d69c,7,weighted,"[100, 70, 50, 40, 35, 30, 25]",0,0.0,1
245,f57595f77502405fbe6baf093d8baea0,7,weighted,"[100, 70, 50, 40, 35, 30, 25]",1,1.0,1
246,a697c765c3e74e0cb48088ea3ecdcdb1,7,weighted,"[100, 70, 50, 40, 35, 30, 25]",0,0.6666666666666666,1
247,57e62137793b4537bb7eb95d44481eb3,7,weighted,"[100, 70, 50, 40, 35, 30, 25]",1,1.0,1
248,7cb53bae73d64900a63fde04f93eceea,7,weighted,"[100, 70, 50, 40, 35, 30, 25]",0,0.0,0
249,a8ff7b13f4b943d89f09cf03cbde580a,7,weighted,"[100, 70, 50, 40, 35, 30, 25]",0,0.0,0
250,547765c1158b4a5a8100d6a300aa88b1,7,weighted,"[100, 70, 50, 40, 35, 30, 25]",1,1.0,1
251,31d748672420422aa724d2b6db6b1d18,7,weighted,"[100, 70, 50, 40, 35, 30, 25]",0,0.0,1
252,f8542bff725c4264aaf360ad929a1807,7,weighted,"[100, 70, 50, 40, 35, 30, 25]",0,0.0,0
253,0d56e8c7e4b6449696113a82ec0da19e,7,weighted,"[100, 70, 50, 40, 35, 30, 25]",0,0.0,1
254,0ad40f362389498382471e1f6171f996,7,weighted,"[100, 70, 50, 40, 35, 30, 25]",0,0.5,1
255,9adfdf882a9a4f8bb69b96506ce7471c,7,weighted,"[100, 70, 50, 40, 35, 30, 25]",1,1.0,1
256,63b89182644f454c92026c4ca6747140,7,weighted,"[100, 70, 50, 40, 35, 30, 25]",0,0.0,0
257,62c441cc36584729bc6608d4f56ca4d6,7,weighted,"[100, 70, 50, 40, 35, 30, 25]",0,0.0,1
258,480a34c34b094ac6b071bc658c0da810,7,weighted,"[100, 70, 50, 40, 35, 30, 25]",0,0.22222222222222224,0
259,db571ac79d34404b9a59b62c7fd38c56,7,weighted,"[100, 70, 50, 40, 35, 30, 25]",0,0.0,1
260,9e3b57d9763d4f1da04cc784d5944be2,7,weighted,"[100, 70, 50, 40, 35, 30, 25]",0,0.0,0
261,7594504b380443f6920beb03b1379bd7,7,weighted,"[100, 70, 50, 40, 35, 30, 25]",0,0.05555555555555555,1
262,d0a7880cce6f4bce95aaaf322c41355f,7,weighted,"[100, 70, 50, 40, 35, 30, 25]",0,0.18181818181818182,1
263,bdc7cf3241594e52a3164b489f50370d,7,weighted,"[100, 70, 50, 40, 35, 30, 25]",0,0.0,1
264,d5500a7bfa4d4b1683dc90808707e306,7,weighted,"[100, 70, 50, 40, 35, 30, 25]",0,0.0,1
265,8bf4e9d3157446bd95bbea12227c100b,7,weighted,"[100, 70, 50, 40, 35, 30, 25]",0,0.5,1
266,487cd2a2f5ee49bb96d33d0d56ea6a2b,7,weighted,"[100, 70, 50, 40, 35, 30, 25]",0,0.0,1
267,8fcc1e39bba146a08300eef42c641e71,7,weighted,"[100, 70, 50, 40, 35, 30, 25]",0,0.0,0
268,383db81acf1f476d8aa21be94cc9daa7,7,weighted,"[100, 70, 50, 40, 35, 30, 25]",1,1.0,1
269,3ded2ac8aff04250896711bfc070cd39,7,weighted,"[100, 70, 50, 40, 35, 30, 25]",0,0.0,0
270,fcccb4baf6314a589f6725cf1dc37979,7,weighted,"[100, 70, 50, 40, 35, 30, 25]",0,0.09523809523809525,0
271,3365b3e46e9240dca893042f6f34486f,7,weighted,"[100, 70, 50, 40, 35, 30, 25]",1,1.0,1
272,7f764f3b545744048cf82108c4bb5157,7,weighted,"[100, 70, 50, 40, 35, 30, 25]",0,0.0,0
273,ad0e4b1a103d400f9ef4dd6827e215b9,7,weighted,"[100, 70, 50, 40, 35, 30, 25]",0,0.0,1
274,198f769edd5c4bd7b829ffeaa6d595c1,7,weighted,"[100, 70, 50, 40, 35, 30, 25]",0,0.0,1
275,e296d418c6614640b45afe738e0fe7ce,7,weighted,"[100, 70, 50, 40, 35, 30, 25]",0,0.0,1
276,489edeed2f20435b9fc8ab429d160239,7,weighted,"[100, 70, 50, 40, 35, 30, 25]",0,0.0,1
277,b39eac495217430ebe3cfb37878882ee,7,weighted,"[100, 70, 50, 40, 35, 30, 25]",0,0.0,1
278,e772ff7304f54b78a3280763cf427221,7,weighted,"[100, 70, 50, 40, 35, 30, 25]",0,0.0,0
279,d16db94dc08840cb930ce9cf59151bef,7,weighted,"[100, 70, 50, 40, 35, 30, 25]",0,0.0,1
280,92100c8dcef141f69ab22ef3ad13d9d5,7,weighted,"[100, 70, 50, 40, 35, 30, 25]",0,0.0,1
281,11452fbd4fdb40d8bd8f10d24a8087e2,7,weighted,"[100, 70, 50, 40, 35, 30, 25]",0,0.0,0
282,3b8f128366fb4a669715a4b6cfc166cd,7,weighted,"[100, 70, 50, 40, 35, 30, 25]",0,0.05,0
283,3dd9a7133b594635ac914a6abccf0e46,7,weighted,"[100, 70, 50, 40, 35, 30, 25]",0,0.0,1
284,f2f07af9f9874dc992ca32c22063ffd4,7,weighted,"[100, 70, 50, 40, 35, 30, 25]",0,0.0,1
285,5ff5d8f1083b442cbf759f1980f8cd15,7,weighted,"[100, 70, 50, 40, 35, 30, 25]",0,0.0,0
286,8047bb5d810b4c2f967c45b876ff4bb8,7,weighted,"[100, 70, 50, 40, 35, 30, 25]",1,1.0,1
287,1e7aa41fe6ff4d048cf6c314eaae526a,7,weighted,"[100, 70, 50, 40, 35, 30, 25]",0,0.0,0
288,32e5e53144904525bdd91c2346ecdc21,7,weighted,"[100, 70, 50, 40, 35, 30, 25]",0,0.0,1
289,3645db7e841f4242ae0b3be674e8bc8a,7,weighted,"[100, 70, 50, 40, 35, 30, 25]",0,0.4,1
290,b344f9c87e2d4e5498338ea56023892c,7,weighted,"[100, 70, 50, 40, 35, 30, 25]",0,0.6666666666666666,1
291,cae1c72a196e41c0919e17bc003a3a5f,7,weighted,"[100, 70, 50, 40, 35, 30, 25]",0,0.0,0
292,d21a2587e9e64ae08a9243d3f950521b,7,weighted,"[100, 70, 50, 40, 35, 30, 25]",0,0.0,0
293,f8657886cea34216b10630e96b7a2932,7,weighted,"[100, 70, 50, 40, 35, 30, 25]",0,0.13793103448275862,1
294,14c07142ff80440483ee9fdc0f2d8b06,7,weighted,"[100, 70, 50, 40, 35, 30, 25]",0,0.0,1
295,c1028f19198147868af85aa60943519d,7,weighted,"[100, 70, 50, 40, 35, 30, 25]",0,0.060606060606060615,0
296,c5e69a8c19ec4fadb153de7ed8d06b9f,7,weighted,"[100, 70, 50, 40, 35, 30, 25]",0,0.8,1
297,b476d07cc2e747d0bad28a795661540d,7,weighted,"[100, 70, 50, 40, 35, 30, 25]",0,0.0,0
298,ce3ef968a0704a3fa36f7f605ed0031a,7,weighted,"[100, 70, 50, 40, 35, 30, 25]",0,0.0,0
299,5d6dc2b279594850a8ffce1f1b7892aa,7,weighted,"[100, 70, 50, 40, 35, 30, 25]",0,0.6666666666666666,1
300,74518b730d2941859c8fc206f74de46a,7,weighted,"[100, 70, 50, 40, 35, 30, 25]",0,0.3333333333333333,0
301,679586e746bf437fb4372790a38aaa81,7,weighted,"[100, 70, 50, 40, 35, 30, 25]",0,0.0,1
302,5aaeceef16f34275b07bef56b93edddc,7,weighted,"[100, 70, 50, 40, 35, 30, 25]",0,0.0,1
303,cf3bbf5197224180b1a20f44bba8ff58,7,weighted,"[100, 70, 50, 40, 35, 30, 25]",0,0.0,1
304,77581c9e1c504eb6a88f1cc8693a1f7b,7,weighted,"[100, 70, 50, 40, 35, 30, 25]",0,0.2857142857142857,1
305,57c251b6218b4c1094f9dfb9f53f2a21,7,weighted,"[100, 70, 50, 40, 35, 30, 25]",0,0.0,1
306,786e56a75654431f8335c0a57f0e3d3e,7,weighted,"[100, 70, 50, 40, 35, 30, 25]",0,0.0,1
307,e3ece1d381234fa9a9402f702b38c5b5,7,weighted,"[100, 70, 50, 40, 35, 30, 25]",0,0.888888888888889,1
308,f5627bd7cf9545e78204161253ca2e8e,7,weighted,"[100, 70, 50, 40, 35, 30, 25]",0,0.2727272727272727,1
309,4f1dcb1b8e9745ddb92444ccacb4b1b8,7,weighted,"[100, 70, 50, 40, 35, 30, 25]",0,0.6666666666666666,1
310,98bbd1deff4143b780e5d123925bdbee,7,weighted,"[100, 70, 50, 40, 35, 30, 25]",0,0.0,1
311,f510e4b92495473db9b86dd2d5b6eb18,7,weighted,"[100, 70, 50, 40, 35, 30, 25]",1,1.0,1
312,7baaa5545ac44114b79c5420d561d85e,7,weighted,"[100, 70, 50, 40, 35, 30, 25]",0,0.0,1
313,143a0df7e66a473ba5804b1c75f56c86,7,weighted,"[100, 70, 50, 40, 35, 30, 25]",0,0.0,0
314,bd0f2b0fc40146edb228ac6be2fd9e5a,7,weighted,"[100, 70, 50, 40, 35, 30, 25]",0,0.0,1
315,06bff66d3af04edd808a81c4b0a106a7,7,weighted,"[100, 70, 50, 40, 35, 30, 25]",1,1.0,1
316,cbb5d9c625b74ae1b3426d2a185549c4,7,weighted,"[100, 70, 50, 40, 35, 30, 25]",0,0.0,0
317,3bb0f77a9cbc44fab12fdc8005e69f91,7,weighted,"[100, 70, 50, 40, 35, 30, 25]",0,0.0,0
318,5f24d26d866b410da298cec18f321605,7,weighted,"[100, 70, 50, 40, 35, 30, 25]",0,0.0,1
319,e6bd79cae1cb472c990b5226f2a87152,7,weighted,"[100, 70, 50, 40, 35, 30, 25]",0,0.33333333333333337,1
320,e111ffbe05e4468c85bfaeceec2ea821,7,weighted,"[100, 70, 50, 40, 35, 30, 25]",1,1.0,1
321,8caeb3cde3074e66af2795f258908f69,7,weighted,"[100, 70, 50, 40, 35, 30, 25]",0,0.6666666666666666,1
322,f8b5c43adc974d82aaab3f81649ca754,7,weighted,"[100, 70, 50, 40, 35, 30, 25]",0,0.0,1
323,574519a5dbfc4727bd68c1f4f0ad92b0,7,weighted,"[100, 70, 50, 40, 35, 30, 25]",1,1.0,1
324,842b90f71d4142229534788a21189892,7,weighted,"[100, 70, 50, 40, 35, 30, 25]",0,0.0,1
325,09a4f669c3ce4432954d3b5348ffde56,7,weighted,"[100, 70, 50, 40, 35, 30, 25]",0,0.18181818181818182,1
326,b2a92b434a344e49b3a6911bfd86e98f,7,weighted,"[100, 70, 50, 40, 35, 30, 25]",0,0.0,1
327,6029989106ef4c32bc7eb342670dc8c1,7,weighted,"[100, 70, 50, 40, 35, 30, 25]",0,0.0,1
328,e412730b37274c11bad105b38ed9e196,7,weighted,"[100, 70, 50, 40, 35, 30, 25]",0,0.0,1
329,c5c6d814143a4f1eb7cc7546d9654173,7,weighted,"[100, 70, 50, 40, 35, 30, 25]",1,1.0,1
330,0633af8dabeb4925bf0fb0110cc54247,7,weighted,"[100, 70, 50, 40, 35, 30, 25]",0,0.08695652173913045,1
331,044418fd6fd646ec89a54a7013712c9d,7,weighted,"[100, 70, 50, 40, 35, 30, 25]",0,0.0,1
332,8b9a2f29b35b41e38cb94347237d59d7,7,weighted,"[100, 70, 50, 40, 35, 30, 25]",0,0.0,1
333,26782a326a394d688dda2441308bf00a,7,weighted,"[100, 70, 50, 40, 35, 30, 25]",0,0.0,1
334,f9bf09905dc249e69f69c4db9b323d0f,7,weighted,"[100, 70, 50, 40, 35, 30, 25]",0,0.14285714285714285,1
335,07f2d15033cf4fb6916bed5d56dcb8f5,7,weighted,"[100, 70, 50, 40, 35, 30, 25]",0,0.0,1
336,a045cbc6199c4b9e8dbb8545febda365,7,weighted,"[100, 70, 50, 40, 35, 30, 25]",0,0.0,0
337,af446346d828479ca02c375ec2973773,7,weighted,"[100, 70, 50, 40, 35, 30, 25]",0,0.0,0
338,8447a26148c9454da18385e3d9fa4a3c,7,weighted,"[100, 70, 50, 40, 35, 30, 25]",0,0.0,0
339,2a7071c8d8c74dac901956228d59fdfb,7,weighted,"[100, 70, 50, 40, 35, 30, 25]",0,0.0,0
340,55bc45f2e63149869e4d0e52da6cb421,7,weighted,"[100, 70, 50, 40, 35, 30, 25]",0,0.18181818181818182,1
341,bb2c93be295348eb933e57a16325af76,7,weighted,"[100, 70, 50, 40, 35, 30, 25]",0,0.0,1
342,cff18af0aed84c39ab0d156de7f507f8,7,weighted,"[100, 70, 50, 40, 35, 30, 25]",0,0.0,1
343,423f76b5864047f480599c7946546eb1,7,weighted,"[100, 70, 50, 40, 35, 30, 25]",0,0.0,0
344,0754e951855e46df80b0269253e4acf7,7,weighted,"[100, 70, 50, 40, 35, 30, 25]",0,0.0,0
345,5bdc71bbfc6e4934aa337ab24559eb6c,7,weighted,"[100, 70, 50, 40, 35, 30, 25]",0,0.0,0
346,b71eed014a8c4e51ba0bb48aeb1939ae,7,weighted,"[100, 70, 50, 40, 35, 30, 25]",0,0.28571428571428575,1
347,d09f358431284dea95dec8e61590dbf4,7,weighted,"[100, 70, 50, 40, 35, 30, 25]",0,0.0,1
348,5bbab85f5ac243a9b98914f8c7af6eb4,7,weighted,"[100, 70, 50, 40, 35, 30, 25]",0,0.0,0
349,18cc95b228434b23a3969ac0d65687fa,7,weighted,"[100, 70, 50, 40, 35, 30, 25]",0,0.0,0
350,b322fdc7819546138582ebc07e8aa7a8,7,weighted,"[100, 70, 50, 40, 35, 30, 25]",1,1.0,1
351,f955cb3e7bda4a93a867b361b7b96327,7,weighted,"[100, 70, 50, 40, 35, 30, 25]",0,0.0,1
352,62e9113dcca84b61af8304429b1570da,7,weighted,"[100, 70, 50, 40, 35, 30, 25]",0,0.0,0
353,f3fc1b6ee3b24e47856d9fe7730350a2,7,weighted,"[100, 70, 50, 40, 35, 30, 25]",0,0.0851063829787234,0
354,8f0cfcb0d46d43eeb6c7ee04cd29c027,7,weighted,"[100, 70, 50, 40, 35, 30, 25]",0,0.0,1
355,82eb7d4504834ceabad83742c2d0ab5c,7,weighted,"[100, 70, 50, 40, 35, 30, 25]",0,0.6666666666666666,1
356,bf16d51b5b9540ec83fba053bc26a8a9,7,weighted,"[100, 70, 50, 40, 35, 30, 25]",0,0.0975609756097561,1
357,e62ce90267b149f7a65dc0901c614317,7,weighted,"[100, 70, 50, 40, 35, 30, 25]",0,0.0,1
358,8e376a7767224f8381c8ee661c43ad16,7,weighted,"[100, 70, 50, 40, 35, 30, 25]",0,0.0,1
359,435fd88dd9034cf1bd211e03bab2bed5,7,weighted,"[100, 70, 50, 40, 35, 30, 25]",1,1.0,1
360,109740b4edfa49c5961632436d1df48c,7,weighted,"[100, 70, 50, 40, 35, 30, 25]",0,0.0,1
361,a4c31c16dd1a4cf493b8c20500a88539,7,weighted,"[100, 70, 50, 40, 35, 30, 25]",1,1.0,1
362,721498d8723844d5b1ab0d15eb8e7699,7,weighted,"[100, 70, 50, 40, 35, 30, 25]",0,0.0,0
363,1699130630f2472cacfcbfe214d40416,7,weighted,"[100, 70, 50, 40, 35, 30, 25]",0,0.0,0
364,cceb8fa1b2a84757932a6f7ae86b3653,7,weighted,"[100, 70, 50, 40, 35, 30, 25]",1,1.0,1
365,147cef44c6e64257a962d7ed7e7df893,7,weighted,"[100, 70, 50, 40, 35, 30, 25]",0,0.0,0
366,afdf5764dddf4d858cff8be47f91fba7,7,weighted,"[100, 70, 50, 40, 35, 30, 25]",1,1.0,1
367,77dc5fcd3f654630a9a8ec90c9375b45,7,weighted,"[100, 70, 50, 40, 35, 30, 25]",0,0.0,1
368,3a33ecb066b9443e85b68c446f45b287,7,weighted,"[100, 70, 50, 40, 35, 30, 25]",0,0.08695652173913045,1
369,43204be4d77d421990db36f2d9951e63,7,weighted,"[100, 70, 50, 40, 35, 30, 25]",0,0.0,1
370,4c961dd89b054526b342c921486477a6,7,weighted,"[100, 70, 50, 40, 35, 30, 25]",0,0.0,1
371,89b7733b0a994df7b4250953ccff9c24,7,weighted,"[100, 70, 50, 40, 35, 30, 25]",0,0.0,1
372,8b627a95012d4f65a70aff1249d43d64,7,weighted,"[100, 70, 50, 40, 35, 30, 25]",0,0.8,1
373,b99c50bfd5f849afb601bd8ac95b0bf4,7,weighted,"[100, 70, 50, 40, 35, 30, 25]",0,0.0,1
374,ff383ab32c9942908db5946a8fe654d3,7,weighted,"[100, 70, 50, 40, 35, 30, 25]",0,0.0,0
375,89abc7236e6941ee88a263d88d6d299a,7,weighted,"[100, 70, 50, 40, 35, 30, 25]",0,0.0,1
376,fadd2528784f4a9fa3b391626e69ffc0,7,weighted,"[100, 70, 50, 40, 35, 30, 25]",0,0.0,0
377,1958d14b7db54bffbbdd57e3677c08e7,7,weighted,"[100, 70, 50, 40, 35, 30, 25]",1,1.0,1
378,9966c7735a6649d88366224ff6552c68,7,weighted,"[100, 70, 50, 40, 35, 30, 25]",0,0.0,0
379,2818d5e47a844bc9831496e2f587a803,7,weighted,"[100, 70, 50, 40, 35, 30, 25]",0,0.0,1
380,74f114ab49744e608eafab899371d913,7,weighted,"[100, 70, 50, 40, 35, 30, 25]",0,0.5,1
381,f724593e7f4842569187dae70a2560d9,7,weighted,"[100, 70, 50, 40, 35, 30, 25]",0,0.0,1
382,3e46e0220a18483fb0fd448bcc36815e,7,weighted,"[100, 70, 50, 40, 35, 30, 25]",1,1.0,1
383,ec9dedf313ba4f90883a2b01909553b3,7,weighted,"[100, 70, 50, 40, 35, 30, 25]",0,0.0,1
384,2e9b048c06dc45be97da6116056f74f6,7,weighted,"[100, 70, 50, 40, 35, 30, 25]",0,0.0,1
385,efc438e4fd18417daa0e662499fbe956,7,weighted,"[100, 70, 50, 40, 35, 30, 25]",0,0.5,0
386,33313f986ec740f3b824bc3accb9111e,7,weighted,"[100, 70, 50, 40, 35, 30, 25]",0,0.0,1
387,8eacd2be836f472a83d7008f33ed8506,7,weighted,"[100, 70, 50, 40, 35, 30, 25]",0,0.0,1
388,6cb904d598ce4f7ebb4e4283a24a2f63,7,weighted,"[100, 70, 50, 40, 35, 30, 25]",1,1.0,1
389,194bd503229c46c3b308896e770e1eb1,7,weighted,"[100, 70, 50, 40, 35, 30, 25]",0,0.11764705882352941,1
390,0c1c6f6b44e3466eac1a68dadefd06ab,7,weighted,"[100, 70, 50, 40, 35, 30, 25]",0,0.0,1
391,c5559fa0b9a0438a9b843d4207061a3d,7,weighted,"[100, 70, 50, 40, 35, 30, 25]",0,0.0,1
392,a168c89e395546be9605e969f682e554,7,weighted,"[100, 70, 50, 40, 35, 30, 25]",0,0.0,1
393,849240180c584f71bc56c0c92c5df5fd,7,weighted,"[100, 70, 50, 40, 35, 30, 25]",0,0.0,0
394,d69a7141ec1c4110ac124dd58d19b8b4,7,weighted,"[100, 70, 50, 40, 35, 30, 25]",0,0.13333333333333333,0
395,d94300f7464c401db93e557fec221320,7,weighted,"[100, 70, 50, 40, 35, 30, 25]",0,0.4,0
396,fa44913cfa244faa88e773dcc3045012,7,weighted,"[100, 70, 50, 40, 35, 30, 25]",0,0.0,1
397,e98ac3de59a646c69b6eb17d3e3a4d0d,7,weighted,"[100, 70, 50, 40, 35, 30, 25]",0,0.0,0
398,d745bee67227422b824140f2734b0621,7,weighted,"[100, 70, 50, 40, 35, 30, 25]",0,0.06896551724137931,0
399,25eec8384d9d45b8b75affcc9f164be3,7,weighted,"[100, 70, 50, 40, 35, 30, 25]",0,0.0,1
400,912cb6aecbec4dc2b44ee22a076c3e2a,7,weighted,"[100, 70, 50, 40, 35, 30, 25]",0,0.0,0
401,f523ba87f5714a108e9bae698f676063,7,weighted,"[100, 70, 50, 40, 35, 30, 25]",0,0.0,1
402,3f28f7be13ad43cda7681b7fa874843c,7,weighted,"[100, 70, 50, 40, 35, 30, 25]",0,0.0,1
403,51ff7cdf97074a07862234487477ef4a,7,weighted,"[100, 70, 50, 40, 35, 30, 25]",0,0.0,1
404,6e1780414deb4cf9b49568f07b3bdc26,7,weighted,"[100, 70, 50, 40, 35, 30, 25]",0,0.0,0
405,f61206d61cf94401b8fbb566b0b67ec7,7,weighted,"[100, 70, 50, 40, 35, 30, 25]",0,0.0,1
406,12859cbba89f494b98e6b7be8b4c88ff,7,weighted,"[100, 70, 50, 40, 35, 30, 25]",0,0.0,0
407,1e326f32613a417fb55b23337862c62b,7,weighted,"[100, 70, 50, 40, 35, 30, 25]",0,0.8,1
408,4ff0076b7fe74648806429e78621f265,7,weighted,"[100, 70, 50, 40, 35, 30, 25]",0,0.0,0
409,531b64eef1bd44568360b3ab40da40da,7,weighted,"[100, 70, 50, 40, 35, 30, 25]",0,0.08000000000000002,0
410,ef15b705b7c54e77b276f22c804ce15d,7,weighted,"[100, 70, 50, 40, 35, 30, 25]",0,0.6666666666666666,1
411,bf9d67fa8b3849ceb410c4dfd7947e5f,7,weighted,"[100, 70, 50, 40, 35, 30, 25]",0,0.0,0
412,8b256cf4c08f4507b8b2f96d7289b585,7,weighted,"[100, 70, 50, 40, 35, 30, 25]",0,0.14285714285714288,1
413,ab65135d9fc94f16a97555b6b3c54832,7,weighted,"[100, 70, 50, 40, 35, 30, 25]",0,0.0,1
414,21c894485b7a4cb0b66313dd1802a3c2,7,weighted,"[100, 70, 50, 40, 35, 30, 25]",0,0.0,1
415,23f3abb43b8f4f74bffb018bb3943125,7,weighted,"[100, 70, 50, 40, 35, 30, 25]",0,0.0,1
416,cdec7a0d975642d38b3b2d449bffc3e8,7,weighted,"[100, 70, 50, 40, 35, 30, 25]",0,0.0,0
417,803441a3a59d42b293810212bf2d6ced,7,weighted,"[100, 70, 50, 40, 35, 30, 25]",0,0.0,1
418,738dc2a651c7477abe2efc0e5547054a,7,weighted,"[100, 70, 50, 40, 35, 30, 25]",1,1.0,1
419,2fcf533dede444f2a0296b3bf112e0bd,7,weighted,"[100, 70, 50, 40, 35, 30, 25]",1,1.0,1
420,a1747749a3904c53b124b17ba86b1df6,7,weighted,"[100, 70, 50, 40, 35, 30, 25]",0,0.0,1
421,95a04d9fc49441cd901191b2390f05cd,7,weighted,"[100, 70, 50, 40, 35, 30, 25]",0,0.0,1
422,1a82de30a1e546bbaf099a05d79a6230,7,weighted,"[100, 70, 50, 40, 35, 30, 25]",0,0.0,1
423,bc20c452e45644e4beb92b0f35859105,7,weighted,"[100, 70, 50, 40, 35, 30, 25]",1,1.0,1
424,1f2ee8a4ce5d448e8ed30e7ca27b2b32,7,weighted,"[100, 70, 50, 40, 35, 30, 25]",0,0.0,1
425,3f1a03dd30304609a4e646069b0deffd,7,weighted,"[100, 70, 50, 40, 35, 30, 25]",0,0.0,0
426,a256f8f1dbd644c98a3bc79d072405fc,7,weighted,"[100, 70, 50, 40, 35, 30, 25]",1,1.0,1
427,35d000cd64d14585bd474322dc4f4f70,7,weighted,"[100, 70, 50, 40, 35, 30, 25]",0,0.06451612903225805,1
428,7e9ac1c4bf0845eab105c8b1b9265db2,7,weighted,"[100, 70, 50, 40, 35, 30, 25]",0,0.0,0
429,652962af37ce4c5799789678fa661553,7,weighted,"[100, 70, 50, 40, 35, 30, 25]",0,0.1935483870967742,1
430,f5894ccfbf314a63baaca983e208a43b,7,weighted,"[100, 70, 50, 40, 35, 30, 25]",1,1.0,1
431,8a3561154a454ca597d3a9a636a95a93,7,weighted,"[100, 70, 50, 40, 35, 30, 25]",0,0.0,1
432,6fe2385a3a1f4e7c8b1982cad82c939d,7,weighted,"[100, 70, 50, 40, 35, 30, 25]",0,0.4,1
433,6f8f3d49dd8845de8307ad2d9fabf269,7,weighted,"[100, 70, 50, 40, 35, 30, 25]",0,0.0,1
434,a36a9969dee14e6f90fc1785e4d8151a,7,weighted,"[100, 70, 50, 40, 35, 30, 25]",1,1.0,1
435,1d1a6ab35fe14fdd8bbe88f884d82ce6,7,weighted,"[100, 70, 50, 40, 35, 30, 25]",1,1.0,1
436,fb776aaae451464692b974373b39e4c5,7,weighted,"[100, 70, 50, 40, 35, 30, 25]",1,1.0,1
437,6616d9ae236f46acb990d2a879bf346f,7,weighted,"[100, 70, 50, 40, 35, 30, 25]",1,1.0,1
438,374bacece7a6435484e32852ba73f4a8,7,weighted,"[100, 70, 50, 40, 35, 30, 25]",0,0.6666666666666666,1
439,527a875dd5504c12b1e26cec3ff31fb6,7,weighted,"[100, 70, 50, 40, 35, 30, 25]",0,0.0,1
440,3b6bbfa360e14c8ea4997b82981bf6f7,7,weighted,"[100, 70, 50, 40, 35, 30, 25]",1,1.0,1
441,4f66952eeb534a109a11044fcfecf033,7,weighted,"[100, 70, 50, 40, 35, 30, 25]",0,0.0,0
442,dcd06efd15d8483f9ae99008aae4b8e6,7,weighted,"[100, 70, 50, 40, 35, 30, 25]",0,0.6666666666666666,1
443,c452c1a025c44bdab1694894c2799e64,7,weighted,"[100, 70, 50, 40, 35, 30, 25]",0,0.0,1
444,2efef198621244dc8f660e49bcb0b54e,7,weighted,"[100, 70, 50, 40, 35, 30, 25]",0,0.4,1
445,0b9b15aa02b54f8e82a61c149799963b,7,weighted,"[100, 70, 50, 40, 35, 30, 25]",0,0.0,1
446,a77bad2720ec43aba758a5c99624b6c3,7,weighted,"[100, 70, 50, 40, 35, 30, 25]",0,0.0,1
447,42c9c8fe7ee843dbbe578fdc4dbba39a,7,weighted,"[100, 70, 50, 40, 35, 30, 25]",0,0.0,1
448,500e35b80a13424c8eb9c6e6a0b9af15,7,weighted,"[100, 70, 50, 40, 35, 30, 25]",0,0.0,1
449,490da89fb4c743858167b5b75af14ddd,7,weighted,"[100, 70, 50, 40, 35, 30, 25]",0,0.0,1
450,03905a27a5b841e59153c2e3de3c99f4,7,weighted,"[100, 70, 50, 40, 35, 30, 25]",0,0.0,0
451,bb334d8819054ded95d25bd214397832,7,weighted,"[100, 70, 50, 40, 35, 30, 25]",0,0.0,1
452,ccf8e9a161124b058363c911f27cc4bf,7,weighted,"[100, 70, 50, 40, 35, 30, 25]",0,0.6666666666666666,1
453,d83d3eda31c14835877587e71ae8f858,7,weighted,"[100, 70, 50, 40, 35, 30, 25]",1,1.0,1
454,4b7de03eac3642c5aad653d3fe1600dc,7,weighted,"[100, 70, 50, 40, 35, 30, 25]",0,0.20408163265306123,1
455,574737b3f4284419a8e2bcf43167e253,7,weighted,"[100, 70, 50, 40, 35, 30, 25]",0,0.6666666666666666,1
456,4e8d8610abde45809ece08144c48d9e7,7,weighted,"[100, 70, 50, 40, 35, 30, 25]",0,0.6666666666666666,1
457,80f8912075b14d1a91b62f0c2d06ca84,7,weighted,"[100, 70, 50, 40, 35, 30, 25]",1,1.0,1
458,6401157d496747a092bf97a5f430d281,7,weighted,"[100, 70, 50, 40, 35, 30, 25]",0,0.0,1
459,614b047fc1144246af208be2a508d5ce,7,weighted,"[100, 70, 50, 40, 35, 30, 25]",0,0.0,0
460,0dfeb9e7d43747bcac4e5ac700caec79,7,weighted,"[100, 70, 50, 40, 35, 30, 25]",1,1.0,1
461,edb3d5b64911443798e8e83b07ae5b99,7,weighted,"[100, 70, 50, 40, 35, 30, 25]",0,0.06666666666666668,1
462,d54a2fd059b54e2d80b503109524db0a,7,weighted,"[100, 70, 50, 40, 35, 30, 25]",0,0.0,1
463,c564493e2442402ebb6d4a5af51f7c25,7,weighted,"[100, 70, 50, 40, 35, 30, 25]",0,0.5454545454545454,1
464,b32d5172d0b3451b83352d24deab59e6,7,weighted,"[100, 70, 50, 40, 35, 30, 25]",0,0.0,1
465,19d523d3a0824aed8cc62eed5e24f1e4,7,weighted,"[100, 70, 50, 40, 35, 30, 25]",0,0.0,1
466,4cff857ac2f74c6094f26f596ba0cb1f,7,weighted,"[100, 70, 50, 40, 35, 30, 25]",0,0.5,1
467,af77d75481ae4b0391017dfd394050f4,7,weighted,"[100, 70, 50, 40, 35, 30, 25]",1,1.0,1
468,2784aee1dd324e3f8945b73963b7785f,7,weighted,"[100, 70, 50, 40, 35, 30, 25]",0,0.0,1
469,d89807b1fdda40c2bebb55edf64c3938,7,weighted,"[100, 70, 50, 40, 35, 30, 25]",0,0.18181818181818182,1
470,af5369c41cba4379978174fe353ddff6,7,weighted,"[100, 70, 50, 40, 35, 30, 25]",1,1.0,1
471,6bf1ecc9589d4447b31afde347505919,7,weighted,"[100, 70, 50, 40, 35, 30, 25]",0,0.0,0
472,ba2b3c2aeb464d8f8a949fc75944bcbd,7,weighted,"[100, 70, 50, 40, 35, 30, 25]",1,1.0,1
473,112542d377134435a5e6e79b2e9a5c1a,7,weighted,"[100, 70, 50, 40, 35, 30, 25]",0,0.0,1
474,80a9457351e14111aaf3fb84d3528092,7,weighted,"[100, 70, 50, 40, 35, 30, 25]",1,1.0,1
475,f2894e10d02a42c2b91b26caefadfbc9,7,weighted,"[100, 70, 50, 40, 35, 30, 25]",1,1.0,1
476,daccc4268b874f63a33873b7171ba8ff,7,weighted,"[100, 70, 50, 40, 35, 30, 25]",0,0.0,1
477,540ee9edf9fd4bfc981390d172704bbc,7,weighted,"[100, 70, 50, 40, 35, 30, 25]",0,0.0,1
478,116602c25c3e4b33b7a5a111f9174cbe,7,weighted,"[100, 70, 50, 40, 35, 30, 25]",0,0.5,1
479,66225a9def6a45ddaac68462170b34b7,7,weighted,"[100, 70, 50, 40, 35, 30, 25]",0,0.0,0
480,b75b64ca513e4ae3be64ff5d71a9b652,7,weighted,"[100, 70, 50, 40, 35, 30, 25]",0,0.0,0
481,1aa0b7493d9b47bbb4625d39922576b6,7,weighted,"[100, 70, 50, 40, 35, 30, 25]",0,0.0,0
482,ce867b37ae1d4bc6b35988966e721575,7,weighted,"[100, 70, 50, 40, 35, 30, 25]",1,1.0,1
483,ab351f57bcf34ad6a535ed69e1eed04b,7,weighted,"[100, 70, 50, 40, 35, 30, 25]",0,0.0,1
484,f8d21ecd07db4b0888ea7c2c91f9135c,7,weighted,"[100, 70, 50, 40, 35, 30, 25]",0,0.0,0
485,66ccd850630b4a069b80af81f0d8fa0c,7,weighted,"[100, 70, 50, 40, 35, 30, 25]",1,1.0,1
486,fccd16a6079343e5ad862a07f82e3f42,7,weighted,"[100, 70, 50, 40, 35, 30, 25]",0,0.888888888888889,1
487,5372bffd269e45f5b80bfa12e294af8f,7,weighted,"[100, 70, 50, 40, 35, 30, 25]",1,1.0,1
488,1e52126edb5a499381fb1f064dd4377c,7,weighted,"[100, 70, 50, 40, 35, 30, 25]",0,0.0,0
489,ddf8070fbf124b54bfdca93791ef2056,7,weighted,"[100, 70, 50, 40, 35, 30, 25]",0,0.0,1
490,ec552a3b81734f36ae2a031fc34b7519,7,weighted,"[100, 70, 50, 40, 35, 30, 25]",0,0.4615384615384615,1
491,23d1c9c515f3417ab70aba3c3bc43ec8,7,weighted,"[100, 70, 50, 40, 35, 30, 25]",0,0.0,1
492,af91062c61d0431fa90edb3cffc48da0,7,weighted,"[100, 70, 50, 40, 35, 30, 25]",0,0.0,1
493,9a9db144769c4ce29c4cdb431d756043,7,weighted,"[100, 70, 50, 40, 35, 30, 25]",0,0.0,0
494,3e4038716e3948b4b94243cad4cbfd1e,7,weighted,"[100, 70, 50, 40, 35, 30, 25]",0,0.0,0
495,dab26af5192549f1a07bed7fa63bf47e,7,weighted,"[100, 70, 50, 40, 35, 30, 25]",0,0.0,0
496,d58a27153bc74f08bfa857c4a80b1c90,7,weighted,"[100, 70, 50, 40, 35, 30, 25]",0,0.0,1
497,dd5a9212340046e2a340103c45fd7f17,7,weighted,"[100, 70, 50, 40, 35, 30, 25]",0,0.6666666666666666,1
498,8b0fb3b8cfee4daba5b93311dbe5c5b5,7,weighted,"[100, 70, 50, 40, 35, 30, 25]",1,1.0,1
499,822d82601bda4b509b180096346c1885,7,weighted,"[100, 70, 50, 40, 35, 30, 25]",0,0.0,0
500,cff10f8297c64447bf388d45ed577e95,7,weighted,"[100, 70, 50, 40, 35, 30, 25]",1,1.0,1
501,ecb8eb62bc3d4ae280ea3151211089a3,7,weighted,"[100, 70, 50, 40, 35, 30, 25]",0,0.0,1
502,787d235e4c2b4d89b4d9aebff5779cf6,7,weighted,"[100, 70, 50, 40, 35, 30, 25]",0,0.0,0
503,bfb2c3311c5d45789500d104b3965147,7,weighted,"[100, 70, 50, 40, 35, 30, 25]",0,0.0,1
504,c754c326486641409687edae575f81ee,7,weighted,"[100, 70, 50, 40, 35, 30, 25]",0,0.0,1
505,fe0d714e8be546d994f3469fbc3bd068,7,weighted,"[100, 70, 50, 40, 35, 30, 25]",1,1.0,1
506,cac7bd69b3e546a8aeccaeabc394f172,7,weighted,"[100, 70, 50, 40, 35, 30, 25]",0,0.0,1
507,8a6ced88638f4bf68c6bb3d7a979d48e,7,weighted,"[100, 70, 50, 40, 35, 30, 25]",1,1.0,1
508,9186ab50536b4241b5033a6f1bfa8c9b,7,weighted,"[100, 70, 50, 40, 35, 30, 25]",1,1.0,1
509,4166369ecf494ae998597cee8f2be647,7,weighted,"[100, 70, 50, 40, 35, 30, 25]",0,0.15384615384615385,1
510,78112e7810214d80b8fab5fa51c61200,7,weighted,"[100, 70, 50, 40, 35, 30, 25]",0,0.0,0
511,38ec897108f245b19aeba0e93e304360,7,weighted,"[100, 70, 50, 40, 35, 30, 25]",1,1.0,1
512,b26cac2e25c243dd93e2ac30801d55c9,7,weighted,"[100, 70, 50, 40, 35, 30, 25]",0,0.0,1
513,dda0f54af5084a31a2746f72210b0bd4,7,weighted,"[100, 70, 50, 40, 35, 30, 25]",0,0.2222222222222222,1
514,8444096a84e9455287180d0b1a928142,7,weighted,"[100, 70, 50, 40, 35, 30, 25]",0,0.054054054054054064,1
515,22f46485365f4209a992b2f67feb0440,7,weighted,"[100, 70, 50, 40, 35, 30, 25]",0,0.5,1
516,de36cde140ee4ceda620f1518dd104bc,7,weighted,"[100, 70, 50, 40, 35, 30, 25]",0,0.0,1
517,08183378ccb3472d903fd95b3b82e132,7,weighted,"[100, 70, 50, 40, 35, 30, 25]",0,0.2857142857142857,1
518,cb08cc75e99a4ec9807321f51dd40566,7,weighted,"[100, 70, 50, 40, 35, 30, 25]",0,0.0,1
519,1667240d3dd740ffa3c317106730a441,7,weighted,"[100, 70, 50, 40, 35, 30, 25]",0,0.0,0
520,b1de8025e01448dcabb96c7e5fab0186,7,weighted,"[100, 70, 50, 40, 35, 30, 25]",0,0.4,1
521,4c3cfd857b01453f9d193ba70e0f2257,7,weighted,"[100, 70, 50, 40, 35, 30, 25]",1,1.0,1
522,bcdd509239274509afc8ae77cb5df604,7,weighted,"[100, 70, 50, 40, 35, 30, 25]",0,0.5,1
523,f7776c027aca468e87d60716cfe3c1c3,7,weighted,"[100, 70, 50, 40, 35, 30, 25]",0,0.6666666666666666,1
524,2242d2a664df4bf1967d3689e8b069d0,7,weighted,"[100, 70, 50, 40, 35, 30, 25]",1,1.0,1
525,420222ccc3794c10a9750e897a4532e0,7,weighted,"[100, 70, 50, 40, 35, 30, 25]",0,0.0,0
526,fe94d55d37024a71afeebcce19c9779c,7,weighted,"[100, 70, 50, 40, 35, 30, 25]",0,0.0,0
527,16083c1098654497a127f77ea191c127,7,weighted,"[100, 70, 50, 40, 35, 30, 25]",0,0.0,1
528,427c5359e1bd4e2ca065c379a9c5d227,7,weighted,"[100, 70, 50, 40, 35, 30, 25]",0,0.8,1
529,6b25cbff83ef403ba7c2ee3b03a1d8be,7,weighted,"[100, 70, 50, 40, 35, 30, 25]",0,0.0,0
530,d23a30ecc5b8469c8e6324ff5d42409b,7,weighted,"[100, 70, 50, 40, 35, 30, 25]",0,0.0,1
531,c4eb8e9e88a64fa49128ad4e99776c91,7,weighted,"[100, 70, 50, 40, 35, 30, 25]",1,1.0,1
532,0e497d4f0b4642248a1e1e4b25960ce0,7,weighted,"[100, 70, 50, 40, 35, 30, 25]",0,0.0,1
533,02a006ec43e94d8a8fec1ab448fa5e00,7,weighted,"[100, 70, 50, 40, 35, 30, 25]",0,0.4,1
534,6bdd81ddfa4d41f9a8dac2c1ce206945,7,weighted,"[100, 70, 50, 40, 35, 30, 25]",0,0.0,1
535,bd35d7a651974bb181849a4486692264,7,weighted,"[100, 70, 50, 40, 35, 30, 25]",1,1.0,1
536,7992ef8a5e8f4d9da5a3f75f157136a0,7,weighted,"[100, 70, 50, 40, 35, 30, 25]",1,1.0,1
537,10e96facf13e4091ba5c8cee71226ff0,7,weighted,"[100, 70, 50, 40, 35, 30, 25]",1,1.0,1
538,e854d8deb6cf4af4ac58d44cb3c027c3,7,weighted,"[100, 70, 50, 40, 35, 30, 25]",1,1.0,1
539,80109609b1f24dc0859af11d2bf33ca9,7,weighted,"[100, 70, 50, 40, 35, 30, 25]",0,0.15384615384615385,1
540,1cc25c3729ab4627a29f3f11172af372,7,weighted,"[100, 70, 50, 40, 35, 30, 25]",1,1.0,1
541,805a6afa477c45d18a26ebba495ac1b7,7,weighted,"[100, 70, 50, 40, 35, 30, 25]",1,1.0,1
542,8dcf91cc88c7478fb336f2b856b1f9b8,7,weighted,"[100, 70, 50, 40, 35, 30, 25]",0,0.0,0
543,34532b23c4624e6e92c4faf30085297d,7,weighted,"[100, 70, 50, 40, 35, 30, 25]",0,0.18181818181818182,1
544,ab7f7e70dde447fcaa29fdc20ba659db,7,weighted,"[100, 70, 50, 40, 35, 30, 25]",0,0.0,0
545,7904eba267c04097b63fb228937b62bb,7,weighted,"[100, 70, 50, 40, 35, 30, 25]",0,0.0,1
546,27ed5ffe8231443985b27f0d9d605774,7,weighted,"[100, 70, 50, 40, 35, 30, 25]",0,0.0,1
547,cdec18921af845c694384dea037eb6ec,7,weighted,"[100, 70, 50, 40, 35, 30, 25]",0,0.0,0
548,e5d6b99f2e6d4efea5d77b6e01aa98a3,7,weighted,"[100, 70, 50, 40, 35, 30, 25]",0,0.0,1
549,52e75f8056964c38b2a325a45841c089,7,weighted,"[100, 70, 50, 40, 35, 30, 25]",0,0.4,1
550,241ae106b1f7409d82a03f8296c8a6ab,7,weighted,"[100, 70, 50, 40, 35, 30, 25]",0,0.07692307692307693,1
551,374f14d949354e9aa9bdcfdc090433d7,7,weighted,"[100, 70, 50, 40, 35, 30, 25]",1,1.0,1
552,051e0cb33cb64409bbf8e8e79165bacf,7,weighted,"[100, 70, 50, 40, 35, 30, 25]",0,0.0,1
553,cfc8297fe16243e68fd7df070d7bd587,7,weighted,"[100, 70, 50, 40, 35, 30, 25]",0,0.5217391304347826,1
554,7df3df70d1c74ae9a1255fbee295ef62,7,weighted,"[100, 70, 50, 40, 35, 30, 25]",0,0.13333333333333333,1
555,9238d14529524f97a206ee0d51f157b8,7,weighted,"[100, 70, 50, 40, 35, 30, 25]",0,0.0,0
556,0c9774b9297641e39224f703c4e13ec6,7,weighted,"[100, 70, 50, 40, 35, 30, 25]",0,0.0,1
557,5837e1a0fc834500856bc94d81b68ac2,7,weighted,"[100, 70, 50, 40, 35, 30, 25]",0,0.0,0
558,95e677b8475e40e3a6abedec6fe17104,7,weighted,"[100, 70, 50, 40, 35, 30, 25]",0,0.0,0
559,04aa223c25b44b43ba9c2cc94fb5ccc1,7,weighted,"[100, 70, 50, 40, 35, 30, 25]",0,0.0,1
560,b18ad0a41f164debb57278760e011fd1,7,weighted,"[100, 70, 50, 40, 35, 30, 25]",0,0.0,0
561,2ff5deeb56834423b46cb59226137c85,7,weighted,"[100, 70, 50, 40, 35, 30, 25]",0,0.0,1
562,fc754599d5c048639de9864adbce649a,7,weighted,"[100, 70, 50, 40, 35, 30, 25]",0,0.0,1
563,962454a456cc4bbb9a8d5bfba6abf79c,7,weighted,"[100, 70, 50, 40, 35, 30, 25]",0,0.23529411764705882,1
564,902f161fe57f4998b07fd0de6d95270d,7,weighted,"[100, 70, 50, 40, 35, 30, 25]",0,0.13043478260869565,1
565,386263cd9738415982f8a63c4d30c2c5,7,weighted,"[100, 70, 50, 40, 35, 30, 25]",0,0.6666666666666666,0
566,7fa327c5d6d443e8b5528c521db7bf65,7,weighted,"[100, 70, 50, 40, 35, 30, 25]",0,0.0,0
567,a3350d80e3c94368aed1d9a34577d519,7,weighted,"[100, 70, 50, 40, 35, 30, 25]",0,0.0,1
568,0cecc7cafa884126923093cb39466c96,7,weighted,"[100, 70, 50, 40, 35, 30, 25]",1,1.0,1
569,e23472157c0d4ebe81a0fa5c027b3359,7,weighted,"[100, 70, 50, 40, 35, 30, 25]",0,0.0,0
570,0d5bc4fc6f0c425b98565b8f80bb6e43,7,weighted,"[100, 70, 50, 40, 35, 30, 25]",0,0.0,0
571,0104a4f929b64f0e84d574262a285e30,7,weighted,"[100, 70, 50, 40, 35, 30, 25]",1,1.0,1
572,c5dc840ded554956be6daa4c6631deb3,7,weighted,"[100, 70, 50, 40, 35, 30, 25]",1,1.0,1
573,6254496b903a42e680fd882f3283fb49,7,weighted,"[100, 70, 50, 40, 35, 30, 25]",1,1.0,1
574,1f73b3ea836548d496ef68c08f4369f4,7,weighted,"[100, 70, 50, 40, 35, 30, 25]",1,1.0,1
575,6c170e4dcb7d4be0a567d55d531ba222,7,weighted,"[100, 70, 50, 40, 35, 30, 25]",0,0.4,1
576,64ca162a7daf4ca0b747b8b3d75eca51,7,weighted,"[100, 70, 50, 40, 35, 30, 25]",0,0.0,0
577,a73cab123714432c9731e0568fd9d43c,7,weighted,"[100, 70, 50, 40, 35, 30, 25]",0,0.33333333333333337,1
578,e504aa46a10248e8b18cb4639dce0467,7,weighted,"[100, 70, 50, 40, 35, 30, 25]",0,0.5,1
579,8e5c3c1a2b514ea2b0d9eb06879364c2,7,weighted,"[100, 70, 50, 40, 35, 30, 25]",1,1.0,1
580,843521ec385d4ca797c3a37842424dae,7,weighted,"[100, 70, 50, 40, 35, 30, 25]",0,0.0,0
581,1554e7b389d54ff7904f0bf2d82e269c,7,weighted,"[100, 70, 50, 40, 35, 30, 25]",0,0.0,0
582,0c64ef2bbeb543bf87efbb0b2617f2b1,7,weighted,"[100, 70, 50, 40, 35, 30, 25]",1,1.0,1
583,ffc6152628c540ecae6e6bab7f420f28,7,weighted,"[100, 70, 50, 40, 35, 30, 25]",0,0.888888888888889,1
584,c7c63ad1a040451eaf13ad8160295ba0,7,weighted,"[100, 70, 50, 40, 35, 30, 25]",0,0.0,0
585,e6a17a43379a40d1a0388edd679e1fc3,7,weighted,"[100, 70, 50, 40, 35, 30, 25]",0,0.0,1
586,808b1f032cab4da587ca8837b7ee6686,7,weighted,"[100, 70, 50, 40, 35, 30, 25]",0,0.6666666666666666,1
587,28ae4259c5bd485a899ec68af2eb4264,7,weighted,"[100, 70, 50, 40, 35, 30, 25]",0,0.0,0
588,62179d55c8ab4178bb0450eafda198cf,7,weighted,"[100, 70, 50, 40, 35, 30, 25]",0,0.0,0
589,157c103f7f3942c8be2ee84825ff7f32,7,weighted,"[100, 70, 50, 40, 35, 30, 25]",0,0.0,1
590,c551f0e759174fbc80c4d851c51c31fd,7,weighted,"[100, 70, 50, 40, 35, 30, 25]",1,1.0,1
591,8a34a18a13e9487984c1d6839fed053e,7,weighted,"[100, 70, 50, 40, 35, 30, 25]",0,0.5,0
592,d4b5dfb2769d4208804f62b71b6e71c3,7,weighted,"[100, 70, 50, 40, 35, 30, 25]",0,0.0,0
593,77eaa1d176e14eb092f85c51020850ff,7,weighted,"[100, 70, 50, 40, 35, 30, 25]",0,0.0,0
594,8dbad2970e8945f0a4595ccae78e57e9,7,weighted,"[100, 70, 50, 40, 35, 30, 25]",0,0.0,0
595,01649970ebdc4958a48c133492620c31,7,weighted,"[100, 70, 50, 40, 35, 30, 25]",0,0.0,1
596,695bcb8dd90046bba77ed4fe322db935,7,weighted,"[100, 70, 50, 40, 35, 30, 25]",0,0.0,1
597,ce37bce116da48499f15b84b3c158692,7,weighted,"[100, 70, 50, 40, 35, 30, 25]",0,0.6666666666666666,1
598,e88a0c1244b5484b830b44a6139bec80,7,weighted,"[100, 70, 50, 40, 35, 30, 25]",0,0.0,0
599,60b894ff9c6c43c58bc90fcc2aa78e43,7,weighted,"[100, 70, 50, 40, 35, 30, 25]",0,0.0,0
600,3ffa9e00578043369a677dc8661bfc96,7,weighted,"[100, 70, 50, 40, 35, 30, 25]",0,0.13793103448275862,1
601,22389bcc734d49d98fdccaf2c36e5c7f,7,weighted,"[100, 70, 50, 40, 35, 30, 25]",0,0.0,1
602,2d006592676144faac44e16423bfb178,7,weighted,"[100, 70, 50, 40, 35, 30, 25]",0,0.18181818181818182,1
603,b20e7a05673a4b3c8ee29beaba23f73a,7,weighted,"[100, 70, 50, 40, 35, 30, 25]",1,1.0,1
604,299726f939f0420aaeb6e5f33a325d39,7,weighted,"[100, 70, 50, 40, 35, 30, 25]",0,0.0,0
605,4740a5c55c1f47bf93a59c65525f43e9,7,weighted,"[100, 70, 50, 40, 35, 30, 25]",0,0.0,1
606,c01e2730fd0544988a6e4c5dc11e0734,7,weighted,"[100, 70, 50, 40, 35, 30, 25]",0,0.0,0
607,02e40f5399fb4b2386f784865610ff5a,7,weighted,"[100, 70, 50, 40, 35, 30, 25]",1,1.0,1
608,d9f2855c8621457fb68bac161b7f811b,7,weighted,"[100, 70, 50, 40, 35, 30, 25]",0,0.0,1
609,4d2ab04164304690b5bbc05618e82a59,7,weighted,"[100, 70, 50, 40, 35, 30, 25]",0,0.0,1
610,0c1be19d610b4fa59930cc5cc930c9d2,7,weighted,"[100, 70, 50, 40, 35, 30, 25]",0,0.0,0
611,9d3dd78635084be1bb29a74d6ae963f6,7,weighted,"[100, 70, 50, 40, 35, 30, 25]",1,1.0,1
612,c992708e6d004bedb81d57b076e33286,7,weighted,"[100, 70, 50, 40, 35, 30, 25]",0,0.0,1
613,cf40be104bfe45338fb4e03c699a2f7f,7,weighted,"[100, 70, 50, 40, 35, 30, 25]",0,0.0,0
614,07ebc87534e64dfca8d40500fe2ecd3b,7,weighted,"[100, 70, 50, 40, 35, 30, 25]",0,0.0,1
615,7d4f644a529f41c4b257f9ffb9ce9c87,7,weighted,"[100, 70, 50, 40, 35, 30, 25]",0,0.0,1
616,18fa422e1baf476fbce6d230e0858000,7,weighted,"[100, 70, 50, 40, 35, 30, 25]",0,0.15384615384615385,1
617,0178feda5ef74636ba6e5ba11135ceb6,7,weighted,"[100, 70, 50, 40, 35, 30, 25]",0,0.6666666666666666,1
618,4a93c5ba8a9f4632b9fd8768d008ea73,7,weighted,"[100, 70, 50, 40, 35, 30, 25]",0,0.0,0
619,a0cdfbc45b3f4641b64a2dfd3bde4c2b,7,weighted,"[100, 70, 50, 40, 35, 30, 25]",0,0.0,0
620,79668b02828141b4bc20fd9faba0e2d9,7,weighted,"[100, 70, 50, 40, 35, 30, 25]",0,0.0,1
621,ebf5e6a8dd1742b68312c2c6ada5aad0,7,weighted,"[100, 70, 50, 40, 35, 30, 25]",0,0.0,0
622,599f7e94db9a48019f887451a66c4e1d,7,weighted,"[100, 70, 50, 40, 35, 30, 25]",0,0.0,1
623,00388805ff934f4a9f6c374dd50be557,7,weighted,"[100, 70, 50, 40, 35, 30, 25]",0,0.0,1
624,8067ee0ec3df4208924631047ae0c537,7,weighted,"[100, 70, 50, 40, 35, 30, 25]",0,0.0,1
625,654cd3a33c974ab989777ea8cd69c130,7,weighted,"[100, 70, 50, 40, 35, 30, 25]",0,0.0,1
626,ed981c4aeb414002ad995530646965da,7,weighted,"[100, 70, 50, 40, 35, 30, 25]",0,0.0,0
627,23f830d9e6c24104852473a27360624c,7,weighted,"[100, 70, 50, 40, 35, 30, 25]",0,0.0,1
628,90f5064a214f4e05b9a65eb206d773ea,7,weighted,"[100, 70, 50, 40, 35, 30, 25]",0,0.0,1
629,47e690d71a1648aba0e8ee4f18ede013,7,weighted,"[100, 70, 50, 40, 35, 30, 25]",0,0.0,0
630,5dc68d2932bb4b0f861bd4642c674c43,7,weighted,"[100, 70, 50, 40, 35, 30, 25]",0,0.0,1
631,e04f0cda81094300afaba328511581fe,7,weighted,"[100, 70, 50, 40, 35, 30, 25]",0,0.0,0
632,f540c016913344238538408d0b3ac731,7,weighted,"[100, 70, 50, 40, 35, 30, 25]",0,0.846153846153846,1
633,2cdea969eb1441afb20bee7330453eac,7,weighted,"[100, 70, 50, 40, 35, 30, 25]",0,0.0,0
634,d7a9a5bd73444bfd8f0d54e0ee743304,7,weighted,"[100, 70, 50, 40, 35, 30, 25]",1,1.0,1
635,1cf1d0fdb27f4ba6a2399a4a86b09b8e,7,weighted,"[100, 70, 50, 40, 35, 30, 25]",0,0.6666666666666666,1
636,807640dab41142919b0c0452a24b2e79,7,weighted,"[100, 70, 50, 40, 35, 30, 25]",0,0.0,1
637,61bcc7e8df9841939729131fba4cd039,7,weighted,"[100, 70, 50, 40, 35, 30, 25]",0,0.0,1
638,d6270ad7fc144895abf4552a2e0f8fc4,7,weighted,"[100, 70, 50, 40, 35, 30, 25]",0,0.8,1
639,06752c5554924c339e8cc99f3e4776aa,7,weighted,"[100, 70, 50, 40, 35, 30, 25]",0,0.0,1
640,60df89b8d9d34129982e9438443b7d96,7,weighted,"[100, 70, 50, 40, 35, 30, 25]",0,0.0,0
641,c90c0b26990c48c3b78097fd570a807b,7,weighted,"[100, 70, 50, 40, 35, 30, 25]",0,0.7058823529411764,1
642,c5c6a6a15e594958ba61f8231ad1c9d0,7,weighted,"[100, 70, 50, 40, 35, 30, 25]",0,0.0,1
643,eb2fd89fd658434d97ecf961b12aed59,7,weighted,"[100, 70, 50, 40, 35, 30, 25]",0,0.0,1
644,f380a5932d4b4a43969a84c3338edae0,7,weighted,"[100, 70, 50, 40, 35, 30, 25]",0,0.0,1
645,a65e6461f74c47c9a5ffee9366dea0a4,7,weighted,"[100, 70, 50, 40, 35, 30, 25]",1,1.0,1
646,8f3827c3491247c7ab4d7706cbb8ef6d,7,weighted,"[100, 70, 50, 40, 35, 30, 25]",0,0.0,0
647,3f70de0169eb42c3a4b40cd1e5f1be61,7,weighted,"[100, 70, 50, 40, 35, 30, 25]",1,1.0,1
648,f5855e26ffa944fab475fd077cb06a43,7,weighted,"[100, 70, 50, 40, 35, 30, 25]",0,0.0,0
649,db63ac356f6a4df8b59087b055a45357,7,weighted,"[100, 70, 50, 40, 35, 30, 25]",0,0.0,0
650,9c03696110b94d56bbfbc83746f79a94,7,weighted,"[100, 70, 50, 40, 35, 30, 25]",0,0.0,1
651,c4b8fa26b7e741fd8b4b8e4120d39d41,7,weighted,"[100, 70, 50, 40, 35, 30, 25]",0,0.7499999999999999,1
652,5a1d3756a44c4a5ba9b30237dd1c807f,7,weighted,"[100, 70, 50, 40, 35, 30, 25]",0,0.0,1
653,50e8ae7a28b347edbef6a9604da6802a,7,weighted,"[100, 70, 50, 40, 35, 30, 25]",0,0.09523809523809523,1
654,29cf64bece6c424f80f4a55c46fc523f,7,weighted,"[100, 70, 50, 40, 35, 30, 25]",0,0.0,0
655,e17e9f25a202485c8d14b354a92e101d,7,weighted,"[100, 70, 50, 40, 35, 30, 25]",0,0.0,0
656,17ca78d8ef664047ad404f91d1f62c4b,7,weighted,"[100, 70, 50, 40, 35, 30, 25]",0,0.0,1
657,0af0869096df4dff8325c3f2ff584087,7,weighted,"[100, 70, 50, 40, 35, 30, 25]",0,0.0,1
658,580cfb51fef84f5e9cb2de0be76eaa61,7,weighted,"[100, 70, 50, 40, 35, 30, 25]",0,0.6666666666666666,1
659,c0d5e844424d4d9bb84902a8ce411cc2,7,weighted,"[100, 70, 50, 40, 35, 30, 25]",0,0.0,1
660,c24d3c06799444db84d703cd715d2979,7,weighted,"[100, 70, 50, 40, 35, 30, 25]",0,0.0,1
661,ef29092974ce40b980f963ac746247ec,7,weighted,"[100, 70, 50, 40, 35, 30, 25]",1,1.0,1
662,b7e11924f8a34063ba5445261471e552,7,weighted,"[100, 70, 50, 40, 35, 30, 25]",0,0.6666666666666666,1
663,a25ba84fca504b2aa4e126007a22a14f,7,weighted,"[100, 70, 50, 40, 35, 30, 25]",0,0.5,1
664,0134a374dcf1451a820c7fd997862851,7,weighted,"[100, 70, 50, 40, 35, 30, 25]",0,0.0,0
665,72fa80f3ffa24cadbc2df7c806b0b59b,7,weighted,"[100, 70, 50, 40, 35, 30, 25]",0,0.0,0
666,692352f2fd7d4a389c1f1ca96570be32,7,weighted,"[100, 70, 50, 40, 35, 30, 25]",0,0.0,0
667,e9e6e952876b4c2b864f9c5fd00a3d8a,7,weighted,"[100, 70, 50, 40, 35, 30, 25]",0,0.0,0
668,fe0121ef5b874df0bfca5369f2253f03,7,weighted,"[100, 70, 50, 40, 35, 30, 25]",0,0.15384615384615383,1
669,4453276e770a4ed7b7051d9d65d40975,7,weighted,"[100, 70, 50, 40, 35, 30, 25]",0,0.14285714285714288,1
670,ea6918ad41e84412b642d9ac01b6d839,7,weighted,"[100, 70, 50, 40, 35, 30, 25]",0,0.0,1
671,99429dc4d1044cb49e70ceb6f3914e07,7,weighted,"[100, 70, 50, 40, 35, 30, 25]",0,0.0,1
672,7def903743ac43748483019d8b62d815,7,weighted,"[100, 70, 50, 40, 35, 30, 25]",0,0.0,0
673,8a018a8b09d14b4cb164c0abfd1594bb,7,weighted,"[100, 70, 50, 40, 35, 30, 25]",0,0.0,1
674,8907b0e8c2e142a395a35b0c5560fe6a,7,weighted,"[100, 70, 50, 40, 35, 30, 25]",0,0.0,0
675,1ae4333af7ca4c33953c8030c3aed22f,7,weighted,"[100, 70, 50, 40, 35, 30, 25]",0,0.0,0
676,989fede52bf840609bb69d7ba143301b,7,weighted,"[100, 70, 50, 40, 35, 30, 25]",0,0.0,0
677,368647e758554203bcd6310b0cb41a9f,7,weighted,"[100, 70, 50, 40, 35, 30, 25]",0,0.0,0
678,2662231ec6934df58d84e851aaff80fc,7,weighted,"[100, 70, 50, 40, 35, 30, 25]",1,1.0,1
679,aa4169b3de364c318562b0b09308caa0,7,weighted,"[100, 70, 50, 40, 35, 30, 25]",0,0.0,1
680,a71f1a9b718241dd890fd8feb1be3ab8,7,weighted,"[100, 70, 50, 40, 35, 30, 25]",0,0.07142857142857142,0
681,4d50fbdd13184f64aa70b8e68ea872d8,7,weighted,"[100, 70, 50, 40, 35, 30, 25]",0,0.0,1
682,914623f6bde244cab5e20f01a6d2560b,7,weighted,"[100, 70, 50, 40, 35, 30, 25]",1,1.0,1
683,6a80ae4b171345c3ba541b8aa343b1be,7,weighted,"[100, 70, 50, 40, 35, 30, 25]",0,0.0,0
684,055162a66045404b8d06e59773ef2e49,7,weighted,"[100, 70, 50, 40, 35, 30, 25]",0,0.19999999999999998,1
685,6e0186a28acb4427aedaee03db16e623,7,weighted,"[100, 70, 50, 40, 35, 30, 25]",0,0.0,1
686,7f5733184c134247ad79a6d2bc6f0081,7,weighted,"[100, 70, 50, 40, 35, 30, 25]",0,0.4,1
687,831bd2a4a96f4496947a5656ac12135d,7,weighted,"[100, 70, 50, 40, 35, 30, 25]",0,0.1509433962264151,0
688,1d5e987319ba4158a12cab23543a04aa,7,weighted,"[100, 70, 50, 40, 35, 30, 25]",0,0.0,0
689,c9a9b912b07b4c91a98f4134fbc3c6f5,7,weighted,"[100, 70, 50, 40, 35, 30, 25]",1,1.0,1
690,a7fafb4013664c78a931293de688bedb,7,weighted,"[100, 70, 50, 40, 35, 30, 25]",0,0.0,1
691,0099081da3eb4d36bc020201d4f97a27,7,weighted,"[100, 70, 50, 40, 35, 30, 25]",0,0.0,0
692,b33f0ec8e82f44baa01e6b09f9e69104,7,weighted,"[100, 70, 50, 40, 35, 30, 25]",0,0.0,1
693,e62ec634d4b44a50842d1913910877a5,7,weighted,"[100, 70, 50, 40, 35, 30, 25]",0,0.09523809523809523,1
694,c78e0c2903384595af84d1f0cf51a54f,7,weighted,"[100, 70, 50, 40, 35, 30, 25]",0,0.0,0
695,d313b671236c48f3b029c72fbc46971b,7,weighted,"[100, 70, 50, 40, 35, 30, 25]",0,0.0,0
696,3d674d0b82684e87bdc226d9d614e6e4,7,weighted,"[100, 70, 50, 40, 35, 30, 25]",0,0.0,0
697,4054abd26fcb4958b130fe94dda895ee,7,weighted,"[100, 70, 50, 40, 35, 30, 25]",1,1.0,1
698,65e2cb72034947f0ad2e4fbae41a103e,7,weighted,"[100, 70, 50, 40, 35, 30, 25]",0,0.5384615384615385,1
699,c1b2178b59534886b5fab6b21bb11662,7,weighted,"[100, 70, 50, 40, 35, 30, 25]",1,1.0,1
700,ca8d39a6862e49b58a03a0da02a7bede,7,weighted,"[100, 70, 50, 40, 35, 30, 25]",0,0.0,0
701,daa68770d88b4dbabfc2955ecc647750,7,weighted,"[100, 70, 50, 40, 35, 30, 25]",0,0.0,0
702,504074fdd18a4bfdb3c4d8b3d6a4b589,7,weighted,"[100, 70, 50, 40, 35, 30, 25]",0,0.0,0
703,ba3edfff481042f2a104ffdc278727c0,7,weighted,"[100, 70, 50, 40, 35, 30, 25]",0,0.0,0
704,08b635995bc64aefba8d3fdb405e1b4b,7,weighted,"[100, 70, 50, 40, 35, 30, 25]",0,0.0,0
705,775656e96e4747f5a17cc2b57edd12b7,7,weighted,"[100, 70, 50, 40, 35, 30, 25]",0,0.0,1
706,b2726529c0374da2bcb670a3c89f58a4,7,weighted,"[100, 70, 50, 40, 35, 30, 25]",0,0.0,0
707,7951ebb574024ca7958ac8e4f56cc046,7,weighted,"[100, 70, 50, 40, 35, 30, 25]",0,0.0,1
708,a0eed9d8178c4928b016bdf106f59e9e,7,weighted,"[100, 70, 50, 40, 35, 30, 25]",0,0.07843137254901962,0
709,ed28bccab4dc46f0a12e98fd366f2a83,7,weighted,"[100, 70, 50, 40, 35, 30, 25]",0,0.0,0
710,1329f988ad3845129c304b54501c934c,7,weighted,"[100, 70, 50, 40, 35, 30, 25]",0,0.6666666666666666,1
711,bccab12e798e428b8869c19eb4feac2c,7,weighted,"[100, 70, 50, 40, 35, 30, 25]",0,0.0,0
712,692084604fa74539aa32ec6abec75341,7,weighted,"[100, 70, 50, 40, 35, 30, 25]",0,0.4827586206896552,1
713,3e4aa100c744486d883502dd35d3569c,7,weighted,"[100, 70, 50, 40, 35, 30, 25]",0,0.0,0
714,aa7ddfbb8f3c403ba5b0a0ded76f2bff,7,weighted,"[100, 70, 50, 40, 35, 30, 25]",0,0.0,0
715,ba1325c4040040a0b7809a32536da5fe,7,weighted,"[100, 70, 50, 40, 35, 30, 25]",0,0.0,0
716,3257fb95269946feab9eeec2ebcd3522,7,weighted,"[100, 70, 50, 40, 35, 30, 25]",1,1.0,1
717,fea7e77ef2364dcdb4bbfa5d69b0c0ef,7,weighted,"[100, 70, 50, 40, 35, 30, 25]",0,0.6666666666666666,1
718,60438978506949e79645c14afd3a21dd,7,weighted,"[100, 70, 50, 40, 35, 30, 25]",0,0.6666666666666666,1
719,5d6123571c4f4e5cb365ed1f2f6453f6,7,weighted,"[100, 70, 50, 40, 35, 30, 25]",0,0.0,1
720,f888582a9e324a639852992392b5a0cf,7,weighted,"[100, 70, 50, 40, 35, 30, 25]",0,0.0,0
721,6eeccb736c5f4d72944f4c46e4859c9d,7,weighted,"[100, 70, 50, 40, 35, 30, 25]",0,0.4,1
722,8cd035648dd64edb912f01d1b01e6b89,7,weighted,"[100, 70, 50, 40, 35, 30, 25]",0,0.8571428571428571,0
723,7b190c41b59249bcab29c887d579bb26,7,weighted,"[100, 70, 50, 40, 35, 30, 25]",0,0.0,1
724,aee9e1f69d5048c2a687b4a5acc056be,7,weighted,"[100, 70, 50, 40, 35, 30, 25]",0,0.5714285714285715,1
725,3e5332718ede4bcb99b7c336ff05b9dd,7,weighted,"[100, 70, 50, 40, 35, 30, 25]",1,1.0,1
726,d974393cef5d43e791127eaed8ddb259,7,weighted,"[100, 70, 50, 40, 35, 30, 25]",1,1.0,1
727,1cc48ae35d6a4676a0823fdf2550f2ea,7,weighted,"[100, 70, 50, 40, 35, 30, 25]",0,0.0,0
728,21532189e740426194a08808390eb2b4,7,weighted,"[100, 70, 50, 40, 35, 30, 25]",0,0.0,0
729,64fee0d345024f42864a361022475420,7,weighted,"[100, 70, 50, 40, 35, 30, 25]",1,1.0,1
730,e4533ea2a1404bc285933f7355d58203,7,weighted,"[100, 70, 50, 40, 35, 30, 25]",0,0.0,0
731,a23bfc2ed0ea4b19b736c30f73f7e406,7,weighted,"[100, 70, 50, 40, 35, 30, 25]",0,0.0,0
732,7ca689bb9bd94572af15fb45f2257266,7,weighted,"[100, 70, 50, 40, 35, 30, 25]",0,0.0,1
733,311ea5e6c28d46ecb378b855eb0ffe59,7,weighted,"[100, 70, 50, 40, 35, 30, 25]",0,0.0,1
734,12cc92d88fd24d6697009b061d1769c2,7,weighted,"[100, 70, 50, 40, 35, 30, 25]",1,1.0,1
735,beefda6210c047899b54a61290a9837c,7,weighted,"[100, 70, 50, 40, 35, 30, 25]",0,0.18181818181818182,1
736,928e2cc022da44a4893b47a7fa37e1c6,7,weighted,"[100, 70, 50, 40, 35, 30, 25]",0,0.0,1
737,241efa1cac394ac983b144420a13a162,7,weighted,"[100, 70, 50, 40, 35, 30, 25]",1,1.0,1
738,1c67f7f0037b4ab1bb510cba499d11a4,7,weighted,"[100, 70, 50, 40, 35, 30, 25]",0,0.0,1
739,f687cfbb7bec408799b8b6f8285b5608,7,weighted,"[100, 70, 50, 40, 35, 30, 25]",0,0.0,1
740,2e613fb291864bdd8a0198c5df5ae238,7,weighted,"[100, 70, 50, 40, 35, 30, 25]",0,0.0,0
741,f5b7236c16734b2388cf37cfd5cbf27b,7,weighted,"[100, 70, 50, 40, 35, 30, 25]",0,0.0,1
742,3a1ba8b914d141eaac80d5de56ed0114,7,weighted,"[100, 70, 50, 40, 35, 30, 25]",0,0.0,0
743,671b2208301e460ba1fa588e350b82d6,7,weighted,"[100, 70, 50, 40, 35, 30, 25]",0,0.0,1
744,388dcae5aa9248318cd8d493a4c3519b,7,weighted,"[100, 70, 50, 40, 35, 30, 25]",1,1.0,1
745,2fcab3f4f6484d8992a6c2aa67aeec69,7,weighted,"[100, 70, 50, 40, 35, 30, 25]",0,0.0,1
746,d0bae44433814b2da5d10519d7ea3695,7,weighted,"[100, 70, 50, 40, 35, 30, 25]",1,1.0,1
747,6c60d0e46b4a49068acd95570c520c6f,7,weighted,"[100, 70, 50, 40, 35, 30, 25]",1,1.0,1
748,2a8e2d0e16d64cc2a03180e7dfb8d745,7,weighted,"[100, 70, 50, 40, 35, 30, 25]",0,0.6666666666666666,0
749,6489bd7df2d04a8aa23561eaed38c793,7,weighted,"[100, 70, 50, 40, 35, 30, 25]",0,0.0,1
750,6082452e7aeb4e828079e15ab4e7a9a9,7,weighted,"[100, 70, 50, 40, 35, 30, 25]",0,0.0,0
751,fc16e9799a154e94b2bcade2e9eacd72,7,weighted,"[100, 70, 50, 40, 35, 30, 25]",0,0.0,1
752,17a72d69d7fd4e2fb9c562451e5434ef,7,weighted,"[100, 70, 50, 40, 35, 30, 25]",0,0.5714285714285715,1
753,755056d3d07940929387e2e7e76f4acf,7,weighted,"[100, 70, 50, 40, 35, 30, 25]",0,0.0,0
754,cbef062d89b944c5acd16f892a79611c,7,weighted,"[100, 70, 50, 40, 35, 30, 25]",1,1.0,1
755,a8ec79c66e284a45a63c7dcdcf4f9064,7,weighted,"[100, 70, 50, 40, 35, 30, 25]",0,0.0,1
756,6803dc0693214791b3058a87480b15d6,7,weighted,"[100, 70, 50, 40, 35, 30, 25]",0,0.6666666666666666,1
757,733d2fd24b0b40f7ba5f0edaed20cca9,7,weighted,"[100, 70, 50, 40, 35, 30, 25]",0,0.09090909090909091,1
758,5a154a6b5c364e79b30a1bd2c9e47e0c,7,weighted,"[100, 70, 50, 40, 35, 30, 25]",0,0.0,0
759,dc1fb48848df419fba9692dffef22844,7,weighted,"[100, 70, 50, 40, 35, 30, 25]",0,0.0,0
760,581d677951c7404d922d56e144504b82,7,weighted,"[100, 70, 50, 40, 35, 30, 25]",1,1.0,1
761,3f24c1ba50b04f8493f8663fd779846e,7,weighted,"[100, 70, 50, 40, 35, 30, 25]",0,0.0,0
762,a10d412bc874427b9f8df9a729c686a8,7,weighted,"[100, 70, 50, 40, 35, 30, 25]",0,0.0,0
763,99a7d09d04634cc08435d1e4bde155b5,7,weighted,"[100, 70, 50, 40, 35, 30, 25]",0,0.0,0
764,5544aab55fe744fab13706c13fcb4f96,7,weighted,"[100, 70, 50, 40, 35, 30, 25]",0,0.0,1
765,412a163387474317b4eb02196506d1f4,7,weighted,"[100, 70, 50, 40, 35, 30, 25]",0,0.04081632653061224,1
766,a1c71fcc9f6a468c9468d13d69e711a7,7,weighted,"[100, 70, 50, 40, 35, 30, 25]",0,0.0,0
767,3287651f8746453ba1943191b85095a9,7,weighted,"[100, 70, 50, 40, 35, 30, 25]",0,0.0,1
768,e2d0189ba8fd449889044fecb68c28b2,7,weighted,"[100, 70, 50, 40, 35, 30, 25]",0,0.0,1
769,567c70fec2634f439e055ef5fb30135d,7,weighted,"[100, 70, 50, 40, 35, 30, 25]",0,0.0,0
770,febb62323b274b678dc47bb096688f4c,7,weighted,"[100, 70, 50, 40, 35, 30, 25]",0,0.0,1
771,e08b24a8d41544e38f2489b4e32e2764,7,weighted,"[100, 70, 50, 40, 35, 30, 25]",0,0.0,1
772,ecd82d14cb3e4e28b8307e44f4784ff5,7,weighted,"[100, 70, 50, 40, 35, 30, 25]",0,0.0,1
773,a0b2f384132d475d9b375afdc5343fb2,7,weighted,"[100, 70, 50, 40, 35, 30, 25]",0,0.0,1
774,1703025033a448048d6f688f9321e2a2,7,weighted,"[100, 70, 50, 40, 35, 30, 25]",0,0.0,1
775,6c8c2af2e7b14a84acf550c9253961d8,7,weighted,"[100, 70, 50, 40, 35, 30, 25]",0,0.0,1
776,6368dd06f186478dae5ba3271569ef66,7,weighted,"[100, 70, 50, 40, 35, 30, 25]",0,0.1,0
777,019a54c5394847ec81325e8bdaf8355f,7,weighted,"[100, 70, 50, 40, 35, 30, 25]",0,0.0,0
778,4ae06e8228ca4ca89224a8598de5e6d9,7,weighted,"[100, 70, 50, 40, 35, 30, 25]",0,0.0,0
779,8ff3ddfe7f3a41e294a831e452189dd5,7,weighted,"[100, 70, 50, 40, 35, 30, 25]",0,0.0,0
780,52f45355af90482cb6a950e995783d4b,7,weighted,"[100, 70, 50, 40, 35, 30, 25]",0,0.0,0
781,b455ff336ebe403e896b9be3465811f7,7,weighted,"[100, 70, 50, 40, 35, 30, 25]",1,1.0,1
782,fef91dcc799042b59201fc0f963a8b17,7,weighted,"[100, 70, 50, 40, 35, 30, 25]",0,0.0,0
783,a2374c9022504b94b1a832c91ab535fe,7,weighted,"[100, 70, 50, 40, 35, 30, 25]",0,0.5,1
784,f1fca269781c4454a9fbcf23844c79dd,7,weighted,"[100, 70, 50, 40, 35, 30, 25]",0,0.8,1
785,828c73b72b124615b8ccc1cf1ab1014b,7,weighted,"[100, 70, 50, 40, 35, 30, 25]",1,1.0,1
786,ba9e926ece6b4b6e844f51d0b7b0f056,7,weighted,"[100, 70, 50, 40, 35, 30, 25]",1,1.0,1
787,b6ae22e3a9d04cfbaf6206a39dd062da,7,weighted,"[100, 70, 50, 40, 35, 30, 25]",0,0.5,1
788,1b9decbc39c949e8bf28c759dfe4baa2,7,weighted,"[100, 70, 50, 40, 35, 30, 25]",0,0.0,1
789,f5b0c1a6b5824201baa94cf53c56f0c5,7,weighted,"[100, 70, 50, 40, 35, 30, 25]",1,1.0,1
790,1fe12d7bff7a46d79f76ccc655caf66c,7,weighted,"[100, 70, 50, 40, 35, 30, 25]",0,0.0,1
791,3ca19860d31d40d58c3d6018498bbc5e,7,weighted,"[100, 70, 50, 40, 35, 30, 25]",1,1.0,1
792,de7fae20ac624dc9af5949d97f30a79a,7,weighted,"[100, 70, 50, 40, 35, 30, 25]",0,0.28571428571428575,1
793,d9d30d695b524637976deff70f6a7afd,7,weighted,"[100, 70, 50, 40, 35, 30, 25]",0,0.75,1
794,8be91aa0873e4a4bb89703628089432a,7,weighted,"[100, 70, 50, 40, 35, 30, 25]",1,1.0,1
795,a3ff08899c474fcdaaae2dd2409ec7a0,7,weighted,"[100, 70, 50, 40, 35, 30, 25]",0,0.0,1
796,bb1589db33fa4309b9b3f7fb5e4b3480,7,weighted,"[100, 70, 50, 40, 35, 30, 25]",0,0.0,1
797,2d6a236fd6104736bfb0ae4404ee6ea9,7,weighted,"[100, 70, 50, 40, 35, 30, 25]",0,0.6666666666666666,1
798,9c4719555e46425496a22559eff66115,7,weighted,"[100, 70, 50, 40, 35, 30, 25]",0,0.0,0
799,3a63e60b8ef140d28f31325f8211cb10,7,weighted,"[100, 70, 50, 40, 35, 30, 25]",0,0.0,0
800,93447ee40a954604bc8e1c926079b785,7,weighted,"[100, 70, 50, 40, 35, 30, 25]",0,0.07692307692307693,1
801,aa55b1829c9c41e28f3998d32da669ec,7,weighted,"[100, 70, 50, 40, 35, 30, 25]",0,0.0909090909090909,1
802,6eb7f187d8aa4f319e63ad269404dab2,7,weighted,"[100, 70, 50, 40, 35, 30, 25]",0,0.5454545454545454,1
803,67a58f5e2ff7455f8807463f414f9b99,7,weighted,"[100, 70, 50, 40, 35, 30, 25]",0,0.0,1
804,d62824da543e474da60ae07308009055,7,weighted,"[100, 70, 50, 40, 35, 30, 25]",0,0.0,0
805,b3d58c3cb86044e1ac53ac99a0246d3b,7,weighted,"[100, 70, 50, 40, 35, 30, 25]",0,0.0,1
806,6973eb89fb1441328fc7a79248c2a0ec,7,weighted,"[100, 70, 50, 40, 35, 30, 25]",0,0.0,0
807,dca240ce71894a9798451f919b5d9df0,7,weighted,"[100, 70, 50, 40, 35, 30, 25]",0,0.2857142857142857,1
808,b0d95637bcb44afb96457d3053631d5f,7,weighted,"[100, 70, 50, 40, 35, 30, 25]",0,0.08333333333333333,1
809,8de2ee8d56464a9d971fdae65ae0f72b,7,weighted,"[100, 70, 50, 40, 35, 30, 25]",0,0.0,1
810,83966e58471549e2adc73c25f58c846b,7,weighted,"[100, 70, 50, 40, 35, 30, 25]",0,0.0,0
811,bb0d3b5086f845df8acfbf503fa4c2ff,7,weighted,"[100, 70, 50, 40, 35, 30, 25]",0,0.0,1
812,706ce26401d54a5d94687fb541f7350c,7,weighted,"[100, 70, 50, 40, 35, 30, 25]",0,0.05555555555555556,1
813,bf72c01037194351b8d906e8e8c4c0cc,7,weighted,"[100, 70, 50, 40, 35, 30, 25]",0,0.0,0
814,afa333ac95d848f0a60cde4f10d6e261,7,weighted,"[100, 70, 50, 40, 35, 30, 25]",0,0.0,0
815,41d5a6d229964b50b3c73d5bc9a5d1fa,7,weighted,"[100, 70, 50, 40, 35, 30, 25]",0,0.0,1
816,b94b8e734c3b40eaba7291c227e2edb7,7,weighted,"[100, 70, 50, 40, 35, 30, 25]",0,0.0,1
817,786765cfe8b44449af887152402aaa29,7,weighted,"[100, 70, 50, 40, 35, 30, 25]",0,0.0,1
818,031cc546d2904282a49ea01dcfa886c8,7,weighted,"[100, 70, 50, 40, 35, 30, 25]",0,0.0,0
819,9759378e0cc44a1c839214bdaa26612d,7,weighted,"[100, 70, 50, 40, 35, 30, 25]",0,0.0,1
820,963f7654e83b425bbeadf56527740ba0,7,weighted,"[100, 70, 50, 40, 35, 30, 25]",0,0.0,0
821,4fed7ee44ec9407ebf2f05e33d2f6d54,7,weighted,"[100, 70, 50, 40, 35, 30, 25]",0,0.0,0
822,e75dd8d226914bd9b9070a34d57ff0c9,7,weighted,"[100, 70, 50, 40, 35, 30, 25]",0,0.0,1
823,92216f1e211c4ddf968b958588255feb,7,weighted,"[100, 70, 50, 40, 35, 30, 25]",0,0.21052631578947367,0
824,fc9ff2ab888d45b79fa4959911c65e59,7,weighted,"[100, 70, 50, 40, 35, 30, 25]",0,0.0,1
825,dadbf5853ac746239f484a0c7ff02245,7,weighted,"[100, 70, 50, 40, 35, 30, 25]",0,0.0,1
826,b4e39f9e15734b6a82739950c34aa8ee,7,weighted,"[100, 70, 50, 40, 35, 30, 25]",0,0.0,1
827,5ed1ab8a035e44ec9200692431509884,7,weighted,"[100, 70, 50, 40, 35, 30, 25]",0,0.09523809523809523,0
828,2bffb804aab041ee9605adbff83fe141,7,weighted,"[100, 70, 50, 40, 35, 30, 25]",0,0.0,0
829,ba4602ee540d4fcfb52af541b3e7dfd8,7,weighted,"[100, 70, 50, 40, 35, 30, 25]",0,0.0,1
830,45a6d0b6364d49129a59f0a062a2f9a8,7,weighted,"[100, 70, 50, 40, 35, 30, 25]",0,0.0,1
831,199178bd55f849279f0e163c691d0903,7,weighted,"[100, 70, 50, 40, 35, 30, 25]",1,1.0,1
832,745c742fa8d94abe88d1330cd4cdae1d,7,weighted,"[100, 70, 50, 40, 35, 30, 25]",0,0.33333333333333337,1
833,13c7ec87c0324be5bee05d51772027c5,7,weighted,"[100, 70, 50, 40, 35, 30, 25]",0,0.4,1
834,2f82125c096845fc8b5fc65418c486aa,7,weighted,"[100, 70, 50, 40, 35, 30, 25]",0,0.0,1
835,6c8e1e1b56bc4eb5b99b83ce6c5f3afd,7,weighted,"[100, 70, 50, 40, 35, 30, 25]",1,1.0,1
836,d37cc022c8344772b7d7261033a37c29,7,weighted,"[100, 70, 50, 40, 35, 30, 25]",0,0.5384615384615384,1
837,c034e68af36c41d79e0782c060d7acbd,7,weighted,"[100, 70, 50, 40, 35, 30, 25]",0,0.8,1
838,0986a62e4b4b48be90e2c9172a5b9617,7,weighted,"[100, 70, 50, 40, 35, 30, 25]",0,0.12121212121212122,1
839,69bda7a3b8cb4e2baecd4fedbe7458ce,7,weighted,"[100, 70, 50, 40, 35, 30, 25]",0,0.0,1
840,144e38b6eea047c99e7ec1d8dbb6cbbc,7,weighted,"[100, 70, 50, 40, 35, 30, 25]",0,0.0,1
841,3cb0174eaaf54d35878f92077740136c,7,weighted,"[100, 70, 50, 40, 35, 30, 25]",0,0.0,0
842,e53753e6f784486091c8dce069d90994,7,weighted,"[100, 70, 50, 40, 35, 30, 25]",0,0.0,1
843,6d34f597fdc54dd2aa1a8a9e32e596cb,7,weighted,"[100, 70, 50, 40, 35, 30, 25]",0,0.0,1
844,dbc0bbc541124ed0843db76f2e3a1581,7,weighted,"[100, 70, 50, 40, 35, 30, 25]",0,0.0,1
845,7f00e9c077324f689c8b0746c6381e0e,7,weighted,"[100, 70, 50, 40, 35, 30, 25]",0,0.6666666666666666,1
846,bb720c2091ee4a94a85eb81aa5a7acc3,7,weighted,"[100, 70, 50, 40, 35, 30, 25]",0,0.0,0
847,aecbba5c017943a79d643d0cc71e57b7,7,weighted,"[100, 70, 50, 40, 35, 30, 25]",1,1.0,1
848,a04a4431e605471480fb64662b38504d,7,weighted,"[100, 70, 50, 40, 35, 30, 25]",0,0.0,0
849,60bbae0fbec24bf2a8de8ac0b7076b24,7,weighted,"[100, 70, 50, 40, 35, 30, 25]",0,0.0,1
850,f20bdc9681624087af1dda063b3a6945,7,weighted,"[100, 70, 50, 40, 35, 30, 25]",0,0.0,1
851,0161b1de8e9944f58ba3663305c9759a,7,weighted,"[100, 70, 50, 40, 35, 30, 25]",0,0.6666666666666666,1
852,33ad75a283674ce5a8178438d8739810,7,weighted,"[100, 70, 50, 40, 35, 30, 25]",0,0.45161290322580644,1
853,3de977d9d8c142c79231c332dad7cfdf,7,weighted,"[100, 70, 50, 40, 35, 30, 25]",0,0.0,1
854,42fb458e399b41f9b78a83d4b30d27b0,7,weighted,"[100, 70, 50, 40, 35, 30, 25]",0,0.12121212121212122,0
855,96b2b16f84e8465d9de71f9fa9718941,7,weighted,"[100, 70, 50, 40, 35, 30, 25]",0,0.0,1
856,68d323c49f9740abbda05876aebfd5d7,7,weighted,"[100, 70, 50, 40, 35, 30, 25]",1,1.0,1
857,415c375731994f69a116e415444abd99,7,weighted,"[100, 70, 50, 40, 35, 30, 25]",1,1.0,1
858,9fb85b5dcad34ba497f04a41616f6d0c,7,weighted,"[100, 70, 50, 40, 35, 30, 25]",0,0.0,0
859,40d56efbcf5041ff9ab958e865e63171,7,weighted,"[100, 70, 50, 40, 35, 30, 25]",1,1.0,1
860,16d87b6d44b74c9d9c705b0471dcb4b2,7,weighted,"[100, 70, 50, 40, 35, 30, 25]",0,0.0,1
861,1082fd6599c245bba88c6c46ce86eef8,7,weighted,"[100, 70, 50, 40, 35, 30, 25]",0,0.0,0
862,d316c97abd1e4815a14a66b9b76df881,7,weighted,"[100, 70, 50, 40, 35, 30, 25]",0,0.0,1
863,160bd2f1f99b4697a5945323087874cb,7,weighted,"[100, 70, 50, 40, 35, 30, 25]",0,0.0,1
864,703c1f0b768d4732afa9e6a5a2d05091,7,weighted,"[100, 70, 50, 40, 35, 30, 25]",0,0.0,0
865,85ff90e4fd9c4c8790b6414520150e51,7,weighted,"[100, 70, 50, 40, 35, 30, 25]",0,0.0,1
866,7c34ec6a706d4aaf96e4f3356fe2da7c,7,weighted,"[100, 70, 50, 40, 35, 30, 25]",0,0.0,1
867,6f811a0a4db94a648917355fabbd40ae,7,weighted,"[100, 70, 50, 40, 35, 30, 25]",1,1.0,1
868,48e5d37aaea9404a891d01584e699f18,7,weighted,"[100, 70, 50, 40, 35, 30, 25]",1,1.0,1
869,3e8a38a0b3e64f809e791704ac768b95,7,weighted,"[100, 70, 50, 40, 35, 30, 25]",0,0.0,0
870,1b454ee0cee8452986cf0b57342e8534,7,weighted,"[100, 70, 50, 40, 35, 30, 25]",0,0.0,1
871,893449002d894f7695b2a32aa7713cb5,7,weighted,"[100, 70, 50, 40, 35, 30, 25]",0,0.13333333333333333,1
872,1405700ba6ce4058a4fa68e3c3d680e3,7,weighted,"[100, 70, 50, 40, 35, 30, 25]",1,1.0,1
873,5579074640614bacbdd03ed34a3ddf08,7,weighted,"[100, 70, 50, 40, 35, 30, 25]",0,0.0,1
874,09553563f3b94bfd88d2887043744b77,7,weighted,"[100, 70, 50, 40, 35, 30, 25]",1,1.0,1
875,ed00bbd0da8841fa9bb15f15859a9876,7,weighted,"[100, 70, 50, 40, 35, 30, 25]",0,0.0,1
876,6dd10f33c4f8423080bdcf84c8a01ef1,7,weighted,"[100, 70, 50, 40, 35, 30, 25]",0,0.07142857142857142,0
877,959464bf0c7c44ba8f2b21448867e4ad,7,weighted,"[100, 70, 50, 40, 35, 30, 25]",0,0.0,0
878,bf7fc80bf1024d73b6f5cea672696789,7,weighted,"[100, 70, 50, 40, 35, 30, 25]",0,0.0,1
879,06631314756e4d9fa7eb5f040d4d9da4,7,weighted,"[100, 70, 50, 40, 35, 30, 25]",0,0.2608695652173913,1
880,1d9dc72255774f95b5e274139d8ea9bd,7,weighted,"[100, 70, 50, 40, 35, 30, 25]",0,0.0,1
881,eb0682a6d1694acf886b84a407d68416,7,weighted,"[100, 70, 50, 40, 35, 30, 25]",0,0.0,1
882,94b1187d3e5c4282983df4ab44d3d46b,7,weighted,"[100, 70, 50, 40, 35, 30, 25]",0,0.0,1
883,50b4c8f6f61a48c289fff1e90d3c1c68,7,weighted,"[100, 70, 50, 40, 35, 30, 25]",0,0.09523809523809522,1
884,8c5e2893db634635891ae6afd30261c4,7,weighted,"[100, 70, 50, 40, 35, 30, 25]",0,0.0,0
885,9eecb36f5cb44bb18d24b6efe6824a06,7,weighted,"[100, 70, 50, 40, 35, 30, 25]",0,0.0,1
886,25223706065646aebcebc831d267c30d,7,weighted,"[100, 70, 50, 40, 35, 30, 25]",0,0.0,0
887,f97a45e3576644eda7c95849e50babef,7,weighted,"[100, 70, 50, 40, 35, 30, 25]",1,1.0,1
888,08aee7c44c404089b766cbe0fa2d55f5,7,weighted,"[100, 70, 50, 40, 35, 30, 25]",0,0.0,1
889,6d1b542705c74dfcb9ca889be8fc5c82,7,weighted,"[100, 70, 50, 40, 35, 30, 25]",0,0.0,0
890,8ce493334e064c2f97343909d7ddb91e,7,weighted,"[100, 70, 50, 40, 35, 30, 25]",0,0.3846153846153846,1
891,eb6590ce2f134b889d853696a1519eca,7,weighted,"[100, 70, 50, 40, 35, 30, 25]",0,0.0625,1
892,b5ada864c0934f8b98d919dae0bcec35,7,weighted,"[100, 70, 50, 40, 35, 30, 25]",0,0.0,1
893,73d58decb36a470e91d5491834972a95,7,weighted,"[100, 70, 50, 40, 35, 30, 25]",0,0.0,1
894,7d08f62337054caa8e0104c19a653158,7,weighted,"[100, 70, 50, 40, 35, 30, 25]",0,0.0,1
895,7a24d5cc2a8f44819ca35879d229e8bc,7,weighted,"[100, 70, 50, 40, 35, 30, 25]",0,0.0,1
896,97034e6a207f4a238a49bf7babb932e9,7,weighted,"[100, 70, 50, 40, 35, 30, 25]",0,0.15384615384615385,1
897,d0ef3a30427c4d66a516feb413c6b262,7,weighted,"[100, 70, 50, 40, 35, 30, 25]",0,0.048780487804878044,1
898,59cca53e121949e39742ee34a89cffab,7,weighted,"[100, 70, 50, 40, 35, 30, 25]",0,0.0,1
899,a645bb94c6194b119832d8e395b47a0c,7,weighted,"[100, 70, 50, 40, 35, 30, 25]",0,0.0,0
900,9e32a1d3fd11455280d3aecde908c2e6,7,weighted,"[100, 70, 50, 40, 35, 30, 25]",0,0.14285714285714288,0
901,7d7537366071415381b140fc2d6bd90b,7,weighted,"[100, 70, 50, 40, 35, 30, 25]",0,0.07692307692307693,1
902,46f896a31c254fb2bf5b68c060edb437,7,weighted,"[100, 70, 50, 40, 35, 30, 25]",0,0.0,1
903,2cda8c267a624be184e87b1d2cd0b05c,7,weighted,"[100, 70, 50, 40, 35, 30, 25]",0,0.0,1
904,3febc40bd3ee4d4e9226aa424b60123c,7,weighted,"[100, 70, 50, 40, 35, 30, 25]",0,0.6666666666666666,1
905,dfc54f2afa2849f4a1d9d7095fa37f8d,7,weighted,"[100, 70, 50, 40, 35, 30, 25]",0,0.0,0
906,57f26f2947864f429083b603d80000aa,7,weighted,"[100, 70, 50, 40, 35, 30, 25]",1,1.0,1
907,3e1bed5b98f248738744f4c55f0e6d06,7,weighted,"[100, 70, 50, 40, 35, 30, 25]",0,0.0,1
908,6d36da6f7d6c4ae898960241cc99cd4c,7,weighted,"[100, 70, 50, 40, 35, 30, 25]",0,0.0,1
909,82f2a270b951424e82df7540c14072d3,7,weighted,"[100, 70, 50, 40, 35, 30, 25]",0,0.0,1
910,059055bc2ed24376a2667ee2496aeb0c,7,weighted,"[100, 70, 50, 40, 35, 30, 25]",1,1.0,1
911,328dfae8a432499e91c71bad92e2bd79,7,weighted,"[100, 70, 50, 40, 35, 30, 25]",0,0.0,1
912,3555cf721db54ce6a35be172f4f0213c,7,weighted,"[100, 70, 50, 40, 35, 30, 25]",1,1.0,1
913,6905efa62e924f7c9960bc701d1025bb,7,weighted,"[100, 70, 50, 40, 35, 30, 25]",1,1.0,1
914,edd8922fe3ec43be851dee74c97ea861,7,weighted,"[100, 70, 50, 40, 35, 30, 25]",0,0.0,0
915,3f5b923f78d642ebb61f535595115ceb,7,weighted,"[100, 70, 50, 40, 35, 30, 25]",0,0.0,1
916,644155df8e7446718cc1d9ca4d2f4c05,7,weighted,"[100, 70, 50, 40, 35, 30, 25]",0,0.0,1
917,f1cd28d437e44ac586e3494371c55ff1,7,weighted,"[100, 70, 50, 40, 35, 30, 25]",0,0.2222222222222222,1
918,b8b75f189ac042c9a664c7bc13bcb936,7,weighted,"[100, 70, 50, 40, 35, 30, 25]",0,0.0,0
919,1cdeb2b345c247bfb083ab363bebd64c,7,weighted,"[100, 70, 50, 40, 35, 30, 25]",1,1.0,1
920,930d23fe662b49d4bb01a291e8a6ad98,7,weighted,"[100, 70, 50, 40, 35, 30, 25]",0,0.0,1
921,46414d4b1b7a4838987e3ee887a448bb,7,weighted,"[100, 70, 50, 40, 35, 30, 25]",0,0.0,0
922,fdc90f6593464af6b65c2f38b2c814c6,7,weighted,"[100, 70, 50, 40, 35, 30, 25]",1,1.0,1
923,e6cad506fcab4d979e90f4a9176b1408,7,weighted,"[100, 70, 50, 40, 35, 30, 25]",0,0.0,1
924,72a4722fda5f436e81437aea9042aaa8,7,weighted,"[100, 70, 50, 40, 35, 30, 25]",0,0.0,1
925,76ed5aaaa5bb47d7923d45360b3332ec,7,weighted,"[100, 70, 50, 40, 35, 30, 25]",0,0.0,1
926,33d1e51367a3481086b0b8206010e16c,7,weighted,"[100, 70, 50, 40, 35, 30, 25]",0,0.0,1
927,d1f6974f4b8f4a189e64cdf36c986df7,7,weighted,"[100, 70, 50, 40, 35, 30, 25]",0,0.28571428571428575,1
928,57351304b16347d58b309e84d19b79aa,7,weighted,"[100, 70, 50, 40, 35, 30, 25]",0,0.7499999999999999,1
929,7f022ca089d74d51a4be4625cb6191d5,7,weighted,"[100, 70, 50, 40, 35, 30, 25]",0,0.0,0
930,3c5e3c93b4f04892a42057005a46caaa,7,weighted,"[100, 70, 50, 40, 35, 30, 25]",0,0.0,0
931,f7b2f89be1724a9c86cbcc347b0c4425,7,weighted,"[100, 70, 50, 40, 35, 30, 25]",0,0.0,1
932,2af6e73ac32145e9bb843506ce6c6a61,7,weighted,"[100, 70, 50, 40, 35, 30, 25]",1,1.0,1
933,c4c1471da58b4cf087e179b9b71adef4,7,weighted,"[100, 70, 50, 40, 35, 30, 25]",1,1.0,1
934,1854615c2d334e5aa3a608b90f0547b5,7,weighted,"[100, 70, 50, 40, 35, 30, 25]",1,1.0,1
935,402f5f93e4a04d998cb41298d57b8115,7,weighted,"[100, 70, 50, 40, 35, 30, 25]",1,1.0,1
936,531226f1c86f49a3bee6638692fedd34,7,weighted,"[100, 70, 50, 40, 35, 30, 25]",0,0.4,1
937,23d9c3e938cd4e54a2917488a719b832,7,weighted,"[100, 70, 50, 40, 35, 30, 25]",0,0.0,0
938,d5012bef02214f0c9698b7a828959e39,7,weighted,"[100, 70, 50, 40, 35, 30, 25]",1,1.0,1
939,79d983f421ab4c3e92364b83b7186e99,7,weighted,"[100, 70, 50, 40, 35, 30, 25]",0,0.6666666666666666,1
940,2e71514053a447d5bbd3f9625420ca43,7,weighted,"[100, 70, 50, 40, 35, 30, 25]",0,0.2857142857142857,1
941,6a420f8f42204d968a137faeb1d73784,7,weighted,"[100, 70, 50, 40, 35, 30, 25]",0,0.0,0
942,2f56933ee8024412b6ef05faf87e7a46,7,weighted,"[100, 70, 50, 40, 35, 30, 25]",0,0.10909090909090909,1
943,ccb81b6865484234ab334d34412a6b35,7,weighted,"[100, 70, 50, 40, 35, 30, 25]",1,1.0,1
944,e33b52e8485c41518aaf76f1048c35e4,7,weighted,"[100, 70, 50, 40, 35, 30, 25]",0,0.0,1
945,29544317d3ab466d8b13e1eac4463c10,7,weighted,"[100, 70, 50, 40, 35, 30, 25]",0,0.0,1
946,b5736ba3b8574e3388b2a5ebccb15b09,7,weighted,"[100, 70, 50, 40, 35, 30, 25]",0,0.0,0
947,7e4328290edf4f2aac9f8988b5079fe1,7,weighted,"[100, 70, 50, 40, 35, 30, 25]",0,0.2857142857142857,1
948,8bff718944c84becbf657952138356fd,7,weighted,"[100, 70, 50, 40, 35, 30, 25]",0,0.0,1
949,c411868fbe054e80b90a12463b2beddd,7,weighted,"[100, 70, 50, 40, 35, 30, 25]",0,0.0,1
950,ead58bae18d04b9c89be6f0bbe3f155f,7,weighted,"[100, 70, 50, 40, 35, 30, 25]",0,0.0,0
951,319e4521a8454f6a908b91d874ce2e08,7,weighted,"[100, 70, 50, 40, 35, 30, 25]",0,0.125,0
952,bc947534038744198b74eab0dc89a6fe,7,weighted,"[100, 70, 50, 40, 35, 30, 25]",0,0.0,1
953,aece58a299d84cd88579bca72c73da46,7,weighted,"[100, 70, 50, 40, 35, 30, 25]",0,0.0,0
954,61727044bdac4760964296c822ea1ffa,7,weighted,"[100, 70, 50, 40, 35, 30, 25]",0,0.6666666666666666,1
955,bc61a95b6c25463db3459cd626a11ad0,7,weighted,"[100, 70, 50, 40, 35, 30, 25]",0,0.9090909090909091,1
956,e45fbf36c6d64467b16f13324d22a4c2,7,weighted,"[100, 70, 50, 40, 35, 30, 25]",0,0.3636363636363636,1
957,1e1eb993a1ca4265978c2db209a671b7,7,weighted,"[100, 70, 50, 40, 35, 30, 25]",0,0.0,1
958,f74b173f48654bc9832934834956c10f,7,weighted,"[100, 70, 50, 40, 35, 30, 25]",0,0.0,1
959,30913ce681084f3f8357bef6147fe049,7,weighted,"[100, 70, 50, 40, 35, 30, 25]",0,0.0,1
960,359f8256bb2b4d5589fa81885ef48257,7,weighted,"[100, 70, 50, 40, 35, 30, 25]",0,0.6666666666666666,1
961,3d531ea0078248ebb3dd503bb338071f,7,weighted,"[100, 70, 50, 40, 35, 30, 25]",0,0.0,1
962,a9dff945426841f8b37069eefd82297b,7,weighted,"[100, 70, 50, 40, 35, 30, 25]",0,0.0,1
963,aa9daba7638b4fa9b1472bb648fe964e,7,weighted,"[100, 70, 50, 40, 35, 30, 25]",0,0.0,1
964,dd66178403e8487382fdc1b84bb2881c,7,weighted,"[100, 70, 50, 40, 35, 30, 25]",0,0.0,0
965,c9bcb9b8a8ba42f5bfd2538b4925a3ac,7,weighted,"[100, 70, 50, 40, 35, 30, 25]",0,0.0,1
966,a14a2ea82a1544a19f7c45cbf7f82f6e,7,weighted,"[100, 70, 50, 40, 35, 30, 25]",0,0.8,1
967,fb2d1f54601e4f89be70d07393db45f4,7,weighted,"[100, 70, 50, 40, 35, 30, 25]",0,0.0,1
968,b83b50ae80c3463aa27b05bb0bf4b493,7,weighted,"[100, 70, 50, 40, 35, 30, 25]",0,0.0,0
969,26c180c03a734a1aaee4138be308a078,7,weighted,"[100, 70, 50, 40, 35, 30, 25]",0,0.06451612903225806,1
970,273733b869b741a7b9667927ea701789,7,weighted,"[100, 70, 50, 40, 35, 30, 25]",0,0.0,0
971,97cb3c77ddba4ab9ae6bfdc00eb09c42,7,weighted,"[100, 70, 50, 40, 35, 30, 25]",0,0.0,1
972,08473edda228492e9cfe9b6583977e50,7,weighted,"[100, 70, 50, 40, 35, 30, 25]",0,0.0,1
973,6d5eb886bc37490aa1854938f9b36903,7,weighted,"[100, 70, 50, 40, 35, 30, 25]",0,0.0,0
974,e0ce4da6cbfe4f26b945f5555901e5c5,7,weighted,"[100, 70, 50, 40, 35, 30, 25]",0,0.0,0
975,f002078c2ea2435db1e405606b820e19,7,weighted,"[100, 70, 50, 40, 35, 30, 25]",0,0.0,1
976,441f524567e9477a9b0d07f4a0907622,7,weighted,"[100, 70, 50, 40, 35, 30, 25]",1,1.0,1
977,60dd6a100f3b42598ab0d32f254b1662,7,weighted,"[100, 70, 50, 40, 35, 30, 25]",0,0.0,0
978,873ea1af23e548efb10a54c97edcdb6b,7,weighted,"[100, 70, 50, 40, 35, 30, 25]",0,0.0,1
979,3e1d564bb5eb4b1ba37db917c472a566,7,weighted,"[100, 70, 50, 40, 35, 30, 25]",1,1.0,1
980,04676862004644f18aa94ff54107047c,7,weighted,"[100, 70, 50, 40, 35, 30, 25]",0,0.09090909090909093,0
981,116e002d700e4d349581f1a4937dfba8,7,weighted,"[100, 70, 50, 40, 35, 30, 25]",0,0.0,0
982,283c5867606b46258127fa5fed7cf62d,7,weighted,"[100, 70, 50, 40, 35, 30, 25]",0,0.0,1
983,171414c078ce452d9374be8989aa0147,7,weighted,"[100, 70, 50, 40, 35, 30, 25]",0,0.0,0
984,a2643b6d7fe94e54bb74da276f0a4646,7,weighted,"[100, 70, 50, 40, 35, 30, 25]",0,0.06666666666666667,1
985,342cb6f69f6449318f4c4e5385f954fd,7,weighted,"[100, 70, 50, 40, 35, 30, 25]",0,0.0,1
986,e3fe3ef5daa6485a8a3f91dfccc9d797,7,weighted,"[100, 70, 50, 40, 35, 30, 25]",0,0.0,1
987,6071cc99d5744a17814ad38e72b53f3b,7,weighted,"[100, 70, 50, 40, 35, 30, 25]",0,0.0,0
988,d5f0273d41ad45ab9a9819cb49e29b02,7,weighted,"[100, 70, 50, 40, 35, 30, 25]",0,0.0,1
989,d1b4f5f6d643456aad1526324d39c259,7,weighted,"[100, 70, 50, 40, 35, 30, 25]",0,0.0909090909090909,1
990,62747a42a9074e7da75c495cc4daca38,7,weighted,"[100, 70, 50, 40, 35, 30, 25]",0,0.6666666666666666,1
991,5d464ecc16894c0cbc33ed95ac502289,7,weighted,"[100, 70, 50, 40, 35, 30, 25]",1,1.0,1
992,e5fb043f8b0245f2acc78136af1bb5dd,7,weighted,"[100, 70, 50, 40, 35, 30, 25]",0,0.6666666666666666,1
993,53278976c290499ab7f1decb9f7bf6a2,7,weighted,"[100, 70, 50, 40, 35, 30, 25]",0,0.04878048780487805,1
994,7889488ae4d3460bafe900d6917b650e,7,weighted,"[100, 70, 50, 40, 35, 30, 25]",0,0.0,1
995,91ef74a5a47a442aaa5af41b3d564051,7,weighted,"[100, 70, 50, 40, 35, 30, 25]",0,0.0,1
996,3e83d3398a8a4e26a98fab7f85c8cb59,7,weighted,"[100, 70, 50, 40, 35, 30, 25]",0,0.125,1
997,20e0dcefdff242ebb51ce89c34182814,7,weighted,"[100, 70, 50, 40, 35, 30, 25]",0,0.13333333333333333,1
998,7e7a5a32f59b49ccacc7c1408799a32a,7,weighted,"[100, 70, 50, 40, 35, 30, 25]",0,0.0,1
999,a3ac333098d74ad7acf2d20bbc261c9b,7,weighted,"[100, 70, 50, 40, 35, 30, 25]",0,0.3333333333333333,1
0,728220fe1b5f4ce886273ec524c6972b,7,top_heavy,"[140, 70, 45, 35, 25, 20, 15]",1,1.0,1
1,c89d1c366c274f6e8d233be688759386,7,top_heavy,"[140, 70, 45, 35, 25, 20, 15]",0,0.0,1
2,644d4774db194bb0b491e58deff0fe6c,7,top_heavy,"[140, 70, 45, 35, 25, 20, 15]",0,0.0,1
3,b7648c8b476e4482a7fa9a8d4584c551,7,top_heavy,"[140, 70, 45, 35, 25, 20, 15]",0,0.5,1
4,362b90d2f2de47e1a0d9be76d1383cd5,7,top_heavy,"[140, 70, 45, 35, 25, 20, 15]",0,0.10526315789473685,1
5,e365fba82bca48ad8b9ec4fbac8bd3b7,7,top_heavy,"[140, 70, 45, 35, 25, 20, 15]",0,0.7000000000000001,1
6,56a527cc368e4b10ac88117b33ab6370,7,top_heavy,"[140, 70, 45, 35, 25, 20, 15]",0,0.09090909090909091,0
7,ef7ff14fda8347479995319185ade05f,7,top_heavy,"[140, 70, 45, 35, 25, 20, 15]",1,1.0,1
8,e7abf6763c7d425c8577ed893a0cd182,7,top_heavy,"[140, 70, 45, 35, 25, 20, 15]",0,0.0,1
9,08b8fd7f109845eda0ffb6868479f8c2,7,top_heavy,"[140, 70, 45, 35, 25, 20, 15]",0,0.0,0
10,ddc318071f01453ab87ceebe18062971,7,top_heavy,"[140, 70, 45, 35, 25, 20, 15]",0,0.0,1
11,b33e0d818b364b87878b747b09987f28,7,top_heavy,"[140, 70, 45, 35, 25, 20, 15]",0,0.0,1
12,629ca0ba60d84e678789916c527e5e74,7,top_heavy,"[140, 70, 45, 35, 25, 20, 15]",0,0.0,1
13,dc5438680eeb4547b962a6d05a58125d,7,top_heavy,"[140, 70, 45, 35, 25, 20, 15]",0,0.0,1
14,2ea97cfbe22340cdabec8b67b75b0f0e,7,top_heavy,"[140, 70, 45, 35, 25, 20, 15]",1,1.0,1
15,dc27edf1253345dabb1ae19ef7d8a829,7,top_heavy,"[140, 70, 45, 35, 25, 20, 15]",1,1.0,1
16,c3ec8eaa57d0418da0c66d7ad83761b3,7,top_heavy,"[140, 70, 45, 35, 25, 20, 15]",0,0.0,1
17,f22c94617c404f388ea469654e9a580f,7,top_heavy,"[140, 70, 45, 35, 25, 20, 15]",0,0.2857142857142857,1
18,2c9d87584b86413d86f28eb40a1af7cf,7,top_heavy,"[140, 70, 45, 35, 25, 20, 15]",1,1.0,1
19,49af423e020444c999bdbdaa7cc573bd,7,top_heavy,"[140, 70, 45, 35, 25, 20, 15]",0,0.0,1
20,a2f796f7536947518cb11c541c564c83,7,top_heavy,"[140, 70, 45, 35, 25, 20, 15]",0,0.0,1
21,70ff5cd057104a24a7de546f6a0a93e2,7,top_heavy,"[140, 70, 45, 35, 25, 20, 15]",0,0.5714285714285715,1
22,bb0bceec8bca491db5c90c3962960eea,7,top_heavy,"[140, 70, 45, 35, 25, 20, 15]",1,1.0,1
23,4790b60660da497bb390ed9bc5996973,7,top_heavy,"[140, 70, 45, 35, 25, 20, 15]",0,0.0,1
24,092f821b8fd243efb2bfd2f200cb99ee,7,top_heavy,"[140, 70, 45, 35, 25, 20, 15]",0,0.0,1
25,e21128d6906243a58807600c9e0744b4,7,top_heavy,"[140, 70, 45, 35, 25, 20, 15]",0,0.10526315789473684,1
26,b612d7f272cd452dab8379571e41f3dd,7,top_heavy,"[140, 70, 45, 35, 25, 20, 15]",1,1.0,1
27,40f708bf9a744a90b62edfb3b44ad9cf,7,top_heavy,"[140, 70, 45, 35, 25, 20, 15]",0,0.0,0
28,b5b3c4c6f37c4de3907df3b82c13a2d7,7,top_heavy,"[140, 70, 45, 35, 25, 20, 15]",0,0.0,1
29,ebe6da22787d42bab5690387505c2674,7,top_heavy,"[140, 70, 45, 35, 25, 20, 15]",0,0.0,0
30,74953752801446a2abe6b330ce63c179,7,top_heavy,"[140, 70, 45, 35, 25, 20, 15]",0,0.0,0
31,ed2ba8953b6a49bb8f961969603a956f,7,top_heavy,"[140, 70, 45, 35, 25, 20, 15]",1,1.0,1
32,d468e9a904314a5a92582bcfcc7b7635,7,top_heavy,"[140, 70, 45, 35, 25, 20, 15]",0,0.0,1
33,59c97e698fe0492890ba2dec20b8ff97,7,top_heavy,"[140, 70, 45, 35, 25, 20, 15]",0,0.0,0
34,c00bac5c39534761b85d1adeea7bdd23,7,top_heavy,"[140, 70, 45, 35, 25, 20, 15]",1,1.0,1
35,625274d8050f451ebd131104306237c1,7,top_heavy,"[140, 70, 45, 35, 25, 20, 15]",0,0.0,1
36,64215d84427e4d709e2914e76df055c5,7,top_heavy,"[140, 70, 45, 35, 25, 20, 15]",0,0.0,1
37,5464eecea5074ee49a1f281e3855f2d1,7,top_heavy,"[140, 70, 45, 35, 25, 20, 15]",0,0.888888888888889,1
38,f4e61efd586744d9941da1aea777b7d7,7,top_heavy,"[140, 70, 45, 35, 25, 20, 15]",0,0.6666666666666666,1
39,e89b8741115d4a248603dde70032bccd,7,top_heavy,"[140, 70, 45, 35, 25, 20, 15]",1,1.0,1
40,4dd31c6180e64c4eb59983819779cf2c,7,top_heavy,"[140, 70, 45, 35, 25, 20, 15]",0,0.6666666666666666,1
41,1bf26f3035ec45e5874eb0de76a8d903,7,top_heavy,"[140, 70, 45, 35, 25, 20, 15]",0,0.14285714285714288,1
42,f86df4ac102d4a058ac5a346fed44de9,7,top_heavy,"[140, 70, 45, 35, 25, 20, 15]",0,0.0,1
43,ace17f51ddc44d7db28c05c44bc5d658,7,top_heavy,"[140, 70, 45, 35, 25, 20, 15]",1,1.0,1
44,e2c278dfb89b444389ac7fa574c14697,7,top_heavy,"[140, 70, 45, 35, 25, 20, 15]",1,1.0,1
45,9b01a7aac7fb40979eccbed5da004372,7,top_heavy,"[140, 70, 45, 35, 25, 20, 15]",0,0.0,0
46,6778d6c630a84294a6dd81fbfabf9177,7,top_heavy,"[140, 70, 45, 35, 25, 20, 15]",0,0.0,0
47,35190f405eb4417497a797f137fb3f1b,7,top_heavy,"[140, 70, 45, 35, 25, 20, 15]",1,1.0,1
48,a5d866dd01974343ba3475ba0ca2387c,7,top_heavy,"[140, 70, 45, 35, 25, 20, 15]",0,0.0,1
49,34a877cef8f4456197484f09d1643e87,7,top_heavy,"[140, 70, 45, 35, 25, 20, 15]",0,0.6666666666666666,1
50,f87ac51d4db74ff7b51a4c5ea00723e8,7,top_heavy,"[140, 70, 45, 35, 25, 20, 15]",0,0.0,0
51,9bb1b01620ea4ed28be3d13447145272,7,top_heavy,"[140, 70, 45, 35, 25, 20, 15]",0,0.0,1
52,68b7a9d693f84289b1d8cca76c5daf3b,7,top_heavy,"[140, 70, 45, 35, 25, 20, 15]",1,1.0,1
53,413339d30cc447a884eb601571769b06,7,top_heavy,"[140, 70, 45, 35, 25, 20, 15]",0,0.0,1
54,b0d97074e304423bab66769456c4890d,7,top_heavy,"[140, 70, 45, 35, 25, 20, 15]",0,0.0,1
55,9827d6f7626d46c188fc893ff0e12fd9,7,top_heavy,"[140, 70, 45, 35, 25, 20, 15]",1,1.0,1
56,3750487af26c40af96cb49550876a52a,7,top_heavy,"[140, 70, 45, 35, 25, 20, 15]",0,0.0,0
57,5010c8ecc7584e2d86bbb2ab8acfa878,7,top_heavy,"[140, 70, 45, 35, 25, 20, 15]",1,1.0,1
58,c5b80b9f943d4bd3b11c84700bff495f,7,top_heavy,"[140, 70, 45, 35, 25, 20, 15]",1,1.0,1
59,7bfe3ee0862a4bdbb5e06b894cfefd29,7,top_heavy,"[140, 70, 45, 35, 25, 20, 15]",0,0.15384615384615385,1
60,d7f9ec97994d42c3bf9dfc7e853a3d66,7,top_heavy,"[140, 70, 45, 35, 25, 20, 15]",0,0.2666666666666667,1
61,dc530a1b42fc45af9b9112f391db3504,7,top_heavy,"[140, 70, 45, 35, 25, 20, 15]",0,0.5,1
62,6d8f6111e0f2484f961308f6dc5270b3,7,top_heavy,"[140, 70, 45, 35, 25, 20, 15]",0,0.32,1
63,ef32addb3b9b4c8ab122fd787122a657,7,top_heavy,"[140, 70, 45, 35, 25, 20, 15]",0,0.0,1
64,79e87ee729dd4f40b1492c9d24d26541,7,top_heavy,"[140, 70, 45, 35, 25, 20, 15]",0,0.0,1
65,94b8ba1c855e4789a90cd5692ee3e710,7,top_heavy,"[140, 70, 45, 35, 25, 20, 15]",0,0.0,1
66,7de2c568942c4160a93c7c80f264030f,7,top_heavy,"[140, 70, 45, 35, 25, 20, 15]",0,0.0,0
67,eeef45fe8f664128b6f49991e5695c3e,7,top_heavy,"[140, 70, 45, 35, 25, 20, 15]",0,0.0,0
68,fb575e95e21843f9bc7ab8acdde72ee7,7,top_heavy,"[140, 70, 45, 35, 25, 20, 15]",0,0.0,1
69,0ae51cad51b340cb9ce156a667e11a5e,7,top_heavy,"[140, 70, 45, 35, 25, 20, 15]",0,0.0,0
70,2e3e4e90adb64e86bf0e6ccf5499126b,7,top_heavy,"[140, 70, 45, 35, 25, 20, 15]",1,1.0,1
71,8b49dc87c93b45c48eb62e4a0b8ac604,7,top_heavy,"[140, 70, 45, 35, 25, 20, 15]",0,0.2857142857142857,1
72,dafae23b13b148619784124572b26008,7,top_heavy,"[140, 70, 45, 35, 25, 20, 15]",0,0.2857142857142857,1
73,054d98807bed447f896aaa343005bb89,7,top_heavy,"[140, 70, 45, 35, 25, 20, 15]",0,0.6666666666666666,1
74,fee6642b071a46e9b1a005d63b58a98c,7,top_heavy,"[140, 70, 45, 35, 25, 20, 15]",0,0.0,1
75,ae35f52b8069416da505e192383e1cab,7,top_heavy,"[140, 70, 45, 35, 25, 20, 15]",0,0.0,1
76,21976ca866684313b86aa9450c61406c,7,top_heavy,"[140, 70, 45, 35, 25, 20, 15]",0,0.0,1
77,bfa3a133f4fc48eda18b7464dddc5e70,7,top_heavy,"[140, 70, 45, 35, 25, 20, 15]",0,0.0,1
78,8809bd64552f4f7aa8f53f493602ceae,7,top_heavy,"[140, 70, 45, 35, 25, 20, 15]",1,1.0,1
79,4e6de19d338a44b6bd4bbaec2c3c0635,7,top_heavy,"[140, 70, 45, 35, 25, 20, 15]",1,1.0,1
80,121d9ead9e87477baedf4605be92bbf7,7,top_heavy,"[140, 70, 45, 35, 25, 20, 15]",1,1.0,1
81,96478949a8214ae4bd74130d64466203,7,top_heavy,"[140, 70, 45, 35, 25, 20, 15]",0,0.0,1
82,e2bc1abc94f141399b0b004676f84171,7,top_heavy,"[140, 70, 45, 35, 25, 20, 15]",0,0.8,1
83,a018ca4c1e8e4a44b48188655383c8a5,7,top_heavy,"[140, 70, 45, 35, 25, 20, 15]",0,0.17391304347826084,1
84,2c175bdf51494ae1a97be4ed1a365825,7,top_heavy,"[140, 70, 45, 35, 25, 20, 15]",1,1.0,1
85,916d57f6183b4c52999933fe394cae6e,7,top_heavy,"[140, 70, 45, 35, 25, 20, 15]",0,0.0,1
86,2324b8d221fa41d58267b515b1a1109a,7,top_heavy,"[140, 70, 45, 35, 25, 20, 15]",0,0.0,1
87,c0d3770ca41e4463958dca0c88ce3979,7,top_heavy,"[140, 70, 45, 35, 25, 20, 15]",0,0.0,1
88,68ac44d7d9e24aee8fcaa91e0f364062,7,top_heavy,"[140, 70, 45, 35, 25, 20, 15]",0,0.06666666666666668,1
89,f6ea20f22a394788814a7b4374246cf9,7,top_heavy,"[140, 70, 45, 35, 25, 20, 15]",0,0.4444444444444445,1
90,5f53831743434c24b29ed9b858d87e4b,7,top_heavy,"[140, 70, 45, 35, 25, 20, 15]",0,0.888888888888889,1
91,20c6639f94d24a91ac79c15024fcd5f7,7,top_heavy,"[140, 70, 45, 35, 25, 20, 15]",0,0.4,1
92,6c6f0f2b83e546e39bc40d37b0ee9975,7,top_heavy,"[140, 70, 45, 35, 25, 20, 15]",1,1.0,1
93,a1b8855de6ff4bf2b8afc5942486e88c,7,top_heavy,"[140, 70, 45, 35, 25, 20, 15]",0,0.0,0
94,986fec610e0e4bf9bb3de6be1fa0356e,7,top_heavy,"[140, 70, 45, 35, 25, 20, 15]",0,0.0,0
95,ce5d0f11b9664510a27bf3c483792f13,7,top_heavy,"[140, 70, 45, 35, 25, 20, 15]",1,1.0,1
96,3f092922c6854e3f8bdf22cc50cf71a9,7,top_heavy,"[140, 70, 45, 35, 25, 20, 15]",1,1.0,1
97,811785fb9d684ccd9577541cd4c94555,7,top_heavy,"[140, 70, 45, 35, 25, 20, 15]",0,0.0,1
98,66d0e7da123d49fd8f8016dc27775052,7,top_heavy,"[140, 70, 45, 35, 25, 20, 15]",1,1.0,1
99,1646e87aca7b4f078ae816044f0f5955,7,top_heavy,"[140, 70, 45, 35, 25, 20, 15]",1,1.0,1
100,d2747da8e1e1416cb057ee8651131dd8,7,top_heavy,"[140, 70, 45, 35, 25, 20, 15]",0,0.12903225806451613,1
101,8834ade537ca4faca9fb3bdd7efcb88b,7,top_heavy,"[140, 70, 45, 35, 25, 20, 15]",1,1.0,1
102,81a06cc7f0ed45fba03d40062246bf0f,7,top_heavy,"[140, 70, 45, 35, 25, 20, 15]",0,0.2857142857142857,1
103,9f8bb4dd263246dbac8f331f745d2e5a,7,top_heavy,"[140, 70, 45, 35, 25, 20, 15]",0,0.22222222222222224,1
104,d0940d4e2f8b4c23817a178bf3f2ee85,7,top_heavy,"[140, 70, 45, 35, 25, 20, 15]",0,0.0,0
105,62b2d8702439498197acee357c30a8bd,7,top_heavy,"[140, 70, 45, 35, 25, 20, 15]",0,0.05405405405405406,0
106,1fcf01709c0b404da2b3024ac0a02eb0,7,top_heavy,"[140, 70, 45, 35, 25, 20, 15]",0,0.11764705882352941,0
107,f299e2d5b4264decb2fd2ab4d6a53c2d,7,top_heavy,"[140, 70, 45, 35, 25, 20, 15]",0,0.0,0
108,ecba8f966e03447a940cfff69f9ba8e1,7,top_heavy,"[140, 70, 45, 35, 25, 20, 15]",1,1.0,1
109,077524326f6a4e53a728f5341e89f79c,7,top_heavy,"[140, 70, 45, 35, 25, 20, 15]",0,0.5,1
110,18cbdcbef93544acac9407596569a64f,7,top_heavy,"[140, 70, 45, 35, 25, 20, 15]",0,0.0,1
111,afc8672a21f441369ab4b0ffb8532c21,7,top_heavy,"[140, 70, 45, 35, 25, 20, 15]",0,0.6666666666666666,1
112,c64f2789544c45c8bf9dceebb35cfa53,7,top_heavy,"[140, 70, 45, 35, 25, 20, 15]",0,0.0,0
113,c2bf5fa95d404050b8f86692d9100be0,7,top_heavy,"[140, 70, 45, 35, 25, 20, 15]",0,0.0,1
114,ff5f25fc4c9b4354b49fc603df373ee0,7,top_heavy,"[140, 70, 45, 35, 25, 20, 15]",0,0.0,1
115,d83aff530fd447b49138953308883ac2,7,top_heavy,"[140, 70, 45, 35, 25, 20, 15]",0,0.0,0
116,5b7387ec945d47b8b624c2b55b6a80c1,7,top_heavy,"[140, 70, 45, 35, 25, 20, 15]",0,0.0,1
117,987b4118a9304f2f8193ab27a36b0489,7,top_heavy,"[140, 70, 45, 35, 25, 20, 15]",0,0.0,1
118,da630eb21dea4abe920e8253d4fd6a34,7,top_heavy,"[140, 70, 45, 35, 25, 20, 15]",0,0.27586206896551724,1
119,1cfc4441a86445fab7952656df2d64a0,7,top_heavy,"[140, 70, 45, 35, 25, 20, 15]",0,0.0,1
120,5cac964bb57446e39b0f58d6043c12d7,7,top_heavy,"[140, 70, 45, 35, 25, 20, 15]",1,1.0,1
121,30cbead889fc4c0783a1afd652cfb163,7,top_heavy,"[140, 70, 45, 35, 25, 20, 15]",0,0.6666666666666666,1
122,d7eb4ea422a0440ab1a2ea0d9a313198,7,top_heavy,"[140, 70, 45, 35, 25, 20, 15]",1,1.0,1
123,c8c3c9f350c5469da18f367a6a250097,7,top_heavy,"[140, 70, 45, 35, 25, 20, 15]",0,0.0,0
124,b47d1c59552a453ba57c2121f029242d,7,top_heavy,"[140, 70, 45, 35, 25, 20, 15]",0,0.0,1
125,29b82a59344f4d38854c476a31827ba7,7,top_heavy,"[140, 70, 45, 35, 25, 20, 15]",0,0.03703703703703703,0
126,9a0b3de216b6498699f9a1745ef51447,7,top_heavy,"[140, 70, 45, 35, 25, 20, 15]",0,0.4444444444444445,1
127,f126e81901054b3ba5fb4ce920b1df38,7,top_heavy,"[140, 70, 45, 35, 25, 20, 15]",1,1.0,1
128,0a8eff0d1b134de888817e44d2e889b1,7,top_heavy,"[140, 70, 45, 35, 25, 20, 15]",0,0.0,1
129,054b7315353146d4b0ad624514005ef2,7,top_heavy,"[140, 70, 45, 35, 25, 20, 15]",0,0.0,1
130,f4ef4313787d49d7851ad2a6c66cf163,7,top_heavy,"[140, 70, 45, 35, 25, 20, 15]",0,0.5,1
131,e3602ad5a2864891955a696e59594e76,7,top_heavy,"[140, 70, 45, 35, 25, 20, 15]",0,0.0,1
132,2a9c56b5a5ae43b78f7f7d9dccdca491,7,top_heavy,"[140, 70, 45, 35, 25, 20, 15]",1,1.0,1
133,4fc9afe35d8c4cdf8115fe9faf6ac96a,7,top_heavy,"[140, 70, 45, 35, 25, 20, 15]",1,1.0,1
134,065ce886fe8c41088ba6b71c82ab6229,7,top_heavy,"[140, 70, 45, 35, 25, 20, 15]",0,0.0,1
135,928063d9906145b6b83392f5068efb4f,7,top_heavy,"[140, 70, 45, 35, 25, 20, 15]",0,0.0,0
136,455324ce37fa42c8af627f9f832cfb24,7,top_heavy,"[140, 70, 45, 35, 25, 20, 15]",0,0.0,0
137,1af7aafeb2e24d348d72b7559a2ce754,7,top_heavy,"[140, 70, 45, 35, 25, 20, 15]",0,0.20000000000000004,1
138,c4c3e45a17884ef78442ed584e442741,7,top_heavy,"[140, 70, 45, 35, 25, 20, 15]",1,1.0,1
139,2e7792c3711b4a139cf99e7dec1b7e26,7,top_heavy,"[140, 70, 45, 35, 25, 20, 15]",0,0.0,1
140,8d3d4915ed104234bca2e7e8eb591d6e,7,top_heavy,"[140, 70, 45, 35, 25, 20, 15]",0,0.2666666666666667,1
141,7876cd87c6e845f484f841d243a021a0,7,top_heavy,"[140, 70, 45, 35, 25, 20, 15]",0,0.2857142857142857,1
142,faca8fa5d6724e3f95ea8550bbb1a3c8,7,top_heavy,"[140, 70, 45, 35, 25, 20, 15]",1,1.0,1
143,76c6e9ef00884f509bc625e25b15cc85,7,top_heavy,"[140, 70, 45, 35, 25, 20, 15]",1,1.0,1
144,0db9e6fa3f21435996d0bf1e3b3f8adb,7,top_heavy,"[140, 70, 45, 35, 25, 20, 15]",1,1.0,1
145,ca61917ae999408c84f855c26dc48c68,7,top_heavy,"[140, 70, 45, 35, 25, 20, 15]",1,1.0,1
146,c6d27c29d4774501b4f046af3bb83dfd,7,top_heavy,"[140, 70, 45, 35, 25, 20, 15]",0,0.0,0
147,8da0d6902cab4114b140672981c41ece,7,top_heavy,"[140, 70, 45, 35, 25, 20, 15]",0,0.0,1
148,d809c82de0cc41a391a8476fbedc4638,7,top_heavy,"[140, 70, 45, 35, 25, 20, 15]",1,1.0,1
149,6a9dae85ef8448b88947f67b7368cd84,7,top_heavy,"[140, 70, 45, 35, 25, 20, 15]",0,0.0,1
150,62ccc3554230408fb85b346dedaeffa9,7,top_heavy,"[140, 70, 45, 35, 25, 20, 15]",0,0.0,1
151,9724aa5ceb194973a23f99d088987015,7,top_heavy,"[140, 70, 45, 35, 25, 20, 15]",1,1.0,1
152,8c513011d82543469328cb90f190d67c,7,top_heavy,"[140, 70, 45, 35, 25, 20, 15]",0,0.0,0
153,352bbdac5d414a65a714e30a0fd97f42,7,top_heavy,"[140, 70, 45, 35, 25, 20, 15]",0,0.14285714285714288,1
154,c46c0d1751554ccea747cb3825bdbe66,7,top_heavy,"[140, 70, 45, 35, 25, 20, 15]",0,0.0,0
155,1b99dffb92c14a838fdb91967645cbf0,7,top_heavy,"[140, 70, 45, 35, 25, 20, 15]",1,1.0,1
156,fe231269e136464c857e4cedaa8a523e,7,top_heavy,"[140, 70, 45, 35, 25, 20, 15]",1,1.0,0
157,b7ccf71e49054da2a836cbd7dcca51ae,7,top_heavy,"[140, 70, 45, 35, 25, 20, 15]",0,0.0,0
158,c5d1601dece84ce895260d42931118c3,7,top_heavy,"[140, 70, 45, 35, 25, 20, 15]",0,0.0,0
159,c6e9bca537a64d47a1f219d04aa484cf,7,top_heavy,"[140, 70, 45, 35, 25, 20, 15]",0,0.0,0
160,19174950ad6b4759929f41cb2aa6b979,7,top_heavy,"[140, 70, 45, 35, 25, 20, 15]",0,0.0,1
161,08e1f398fc554a2b9cc745c89b8ddd1c,7,top_heavy,"[140, 70, 45, 35, 25, 20, 15]",0,0.27906976744186046,1
162,4e8ac0b2d2c448099dea09b0b88032b6,7,top_heavy,"[140, 70, 45, 35, 25, 20, 15]",0,0.33333333333333337,1
163,ba68aac128784f47a20eafdb4fa84627,7,top_heavy,"[140, 70, 45, 35, 25, 20, 15]",1,1.0,1
164,9b6a4b25c0cf41d89f69fab7e636d836,7,top_heavy,"[140, 70, 45, 35, 25, 20, 15]",1,1.0,1
165,851dc215cd4f478ea5bc5be433bb650b,7,top_heavy,"[140, 70, 45, 35, 25, 20, 15]",0,0.32,1
166,73df4341944b4832a7110492fec95939,7,top_heavy,"[140, 70, 45, 35, 25, 20, 15]",1,1.0,1
167,82498b7e764c4a77ae54de9e49a211ce,7,top_heavy,"[140, 70, 45, 35, 25, 20, 15]",0,0.0,1
168,d12c3c9ff7254b76a83a3c702e0f1411,7,top_heavy,"[140, 70, 45, 35, 25, 20, 15]",1,1.0,1
169,9b5c249c46644e04a2d28d98bac5f951,7,top_heavy,"[140, 70, 45, 35, 25, 20, 15]",0,0.0,0
170,b31c60bda086454a900948cde75eb053,7,top_heavy,"[140, 70, 45, 35, 25, 20, 15]",1,1.0,1
171,68ea789496074f56878ceddf5f0bb6c0,7,top_heavy,"[140, 70, 45, 35, 25, 20, 15]",0,0.2222222222222222,0
172,2fbb04100c444abda7f972b3c7ca55b9,7,top_heavy,"[140, 70, 45, 35, 25, 20, 15]",0,0.7142857142857143,1
173,ff83ee0ffed94025b218bc5444b14880,7,top_heavy,"[140, 70, 45, 35, 25, 20, 15]",0,0.0,0
174,811443af769846bd88db9031899cf838,7,top_heavy,"[140, 70, 45, 35, 25, 20, 15]",0,0.0,1
175,2737e76f68ed4c889e75300d5d707fbb,7,top_heavy,"[140, 70, 45, 35, 25, 20, 15]",0,0.08695652173913045,1
176,5c48b89357aa48fd8a1aafaeabe73c4c,7,top_heavy,"[140, 70, 45, 35, 25, 20, 15]",0,0.888888888888889,1
177,57b5639ab5b441d9956c8bb4d17cf3e2,7,top_heavy,"[140, 70, 45, 35, 25, 20, 15]",1,1.0,1
178,b7f2e1ae39b54396b93b90189b8ef3da,7,top_heavy,"[140, 70, 45, 35, 25, 20, 15]",0,0.0,1
179,ed32ea00d52a492b93ce00ce06b93f4a,7,top_heavy,"[140, 70, 45, 35, 25, 20, 15]",1,1.0,1
180,45e285d6497d478b835ec6f97fe0edb8,7,top_heavy,"[140, 70, 45, 35, 25, 20, 15]",1,1.0,1
181,287086d87ca540629ea9a5d1f3e42827,7,top_heavy,"[140, 70, 45, 35, 25, 20, 15]",0,0.0,0
182,66671cea0dee4e95ace4c4ccbdcc094b,7,top_heavy,"[140, 70, 45, 35, 25, 20, 15]",0,0.05714285714285715,0
183,1c3202898a2340d8b9ee33b3d2feb483,7,top_heavy,"[140, 70, 45, 35, 25, 20, 15]",1,1.0,1
184,b91f7ce859194bf3a952f9948618cfaf,7,top_heavy,"[140, 70, 45, 35, 25, 20, 15]",0,0.0,0
185,8da9a487491d4861815c860882b46f1b,7,top_heavy,"[140, 70, 45, 35, 25, 20, 15]",1,1.0,1
186,b0bc5b996f8c43a4a27f7a0a92100227,7,top_heavy,"[140, 70, 45, 35, 25, 20, 15]",0,0.0,0
187,b3d3a7f3fd00419c896e03a2dd70c2eb,7,top_heavy,"[140, 70, 45, 35, 25, 20, 15]",0,0.0,0
188,9723fcbfda3b41f1a2928a72b5614b05,7,top_heavy,"[140, 70, 45, 35, 25, 20, 15]",0,0.0,0
189,354948edd4c94ed49d3c744a8213b0e4,7,top_heavy,"[140, 70, 45, 35, 25, 20, 15]",0,0.0,0
190,06ad4f09434a47e7a9563d96bde0e71f,7,top_heavy,"[140, 70, 45, 35, 25, 20, 15]",0,0.7804878048780487,1
191,9ed3661a6d2945fbb92425ece8bc177e,7,top_heavy,"[140, 70, 45, 35, 25, 20, 15]",0,0.0,0
192,ef60d03b67d34a1190d04693fee8767f,7,top_heavy,"[140, 70, 45, 35, 25, 20, 15]",0,0.0,0
193,63fc6e7a70aa4d60a8cab579a90afb9e,7,top_heavy,"[140, 70, 45, 35, 25, 20, 15]",0,0.0,1
194,8c780963994f44c7835580cb22bc2fdc,7,top_heavy,"[140, 70, 45, 35, 25, 20, 15]",0,0.6923076923076924,1
195,60f332bc68e64d8680e179e359b0d6fa,7,top_heavy,"[140, 70, 45, 35, 25, 20, 15]",0,0.0,1
196,69e712f057644faf86a9688a85a2deee,7,top_heavy,"[140, 70, 45, 35, 25, 20, 15]",1,1.0,1
197,1a4a586dd10143f3a68247ae4c535713,7,top_heavy,"[140, 70, 45, 35, 25, 20, 15]",1,1.0,1
198,ba52569b388b4b339129a0277c7eb2e8,7,top_heavy,"[140, 70, 45, 35, 25, 20, 15]",1,1.0,1
199,a5c81a5e5d3c42d089cd98f0b556de2f,7,top_heavy,"[140, 70, 45, 35, 25, 20, 15]",0,0.0,0
200,0af880e8558a4fc3afbc9a8a25d081fd,7,top_heavy,"[140, 70, 45, 35, 25, 20, 15]",0,0.4,1
201,073515a682484ceaac87a83d1ab38a06,7,top_heavy,"[140, 70, 45, 35, 25, 20, 15]",0,0.0,1
202,36ab12ff07cf46ed9af03891964f20de,7,top_heavy,"[140, 70, 45, 35, 25, 20, 15]",0,0.0,1
203,b189954307e7414b9d81ad99c7b730bf,7,top_heavy,"[140, 70, 45, 35, 25, 20, 15]",0,0.1111111111111111,1
204,37c0ef1f9eb3412594ff30f21611b882,7,top_heavy,"[140, 70, 45, 35, 25, 20, 15]",0,0.0,0
205,dc27c4c56b014020bd9e8a799860b06e,7,top_heavy,"[140, 70, 45, 35, 25, 20, 15]",1,1.0,1
206,aa9da743626a453780aaaf56e7816508,7,top_heavy,"[140, 70, 45, 35, 25, 20, 15]",0,0.0,0
207,5b94852dff984b19bf8264cd8bc1caa3,7,top_heavy,"[140, 70, 45, 35, 25, 20, 15]",0,0.0,1
208,980522a80742433e96b144a86fd2ddce,7,top_heavy,"[140, 70, 45, 35, 25, 20, 15]",0,0.0,0
209,c5fc7fc4522b43b7a0802acbd3963efd,7,top_heavy,"[140, 70, 45, 35, 25, 20, 15]",1,1.0,1
210,7374f521a2854922b8f6f8890ecda23d,7,top_heavy,"[140, 70, 45, 35, 25, 20, 15]",0,0.2666666666666667,1
211,29cd58ae62e94dc4b7315ce4b50010ef,7,top_heavy,"[140, 70, 45, 35, 25, 20, 15]",0,0.3636363636363636,1
212,5fcc6fb126e14d65ba4d0d86bb28a8be,7,top_heavy,"[140, 70, 45, 35, 25, 20, 15]",0,0.0,1
213,2b41e95bcc554f69b8d594bc3d05bf1a,7,top_heavy,"[140, 70, 45, 35, 25, 20, 15]",0,0.07692307692307693,1
214,8ae5ae5b607b4dbc86f7da5147a095c7,7,top_heavy,"[140, 70, 45, 35, 25, 20, 15]",0,0.0,0
215,fc7d87cd43814b8db5d9bcc43cba1da3,7,top_heavy,"[140, 70, 45, 35, 25, 20, 15]",0,0.3,1
216,0338d7711b1646d6be2b815c279cff54,7,top_heavy,"[140, 70, 45, 35, 25, 20, 15]",0,0.0,1
217,dcb53cda7e6144fca04963ac7581bcdd,7,top_heavy,"[140, 70, 45, 35, 25, 20, 15]",0,0.1904761904761905,1
218,ecccb9b15eb3413d8f3a5ad8d8983716,7,top_heavy,"[140, 70, 45, 35, 25, 20, 15]",0,0.0,1
219,fa3b764edd7a4c44be5b8921112e8bf6,7,top_heavy,"[140, 70, 45, 35, 25, 20, 15]",0,0.0,0
220,493624c8263b40ec97c127e45b45d5c1,7,top_heavy,"[140, 70, 45, 35, 25, 20, 15]",0,0.0,0
221,ebee9fdad5b64bab83267a364ea4d10b,7,top_heavy,"[140, 70, 45, 35, 25, 20, 15]",0,0.5714285714285715,1
222,1fd96469f9a24b37814917f25f8060f2,7,top_heavy,"[140, 70, 45, 35, 25, 20, 15]",1,1.0,1
223,f97696deb9704d2f8ae5834f9fcdd88c,7,top_heavy,"[140, 70, 45, 35, 25, 20, 15]",0,0.4,1
224,da54c67b92b74a2c91d2227d09a41438,7,top_heavy,"[140, 70, 45, 35, 25, 20, 15]",0,0.0,1
225,1416c66b2eb543aea04972d5780b31d6,7,top_heavy,"[140, 70, 45, 35, 25, 20, 15]",0,0.0,0
226,ec0a4212a5df47f682fbba53188e7af8,7,top_heavy,"[140, 70, 45, 35, 25, 20, 15]",0,0.0,0
227,856b14030ac342bb979ca5091377cff0,7,top_heavy,"[140, 70, 45, 35, 25, 20, 15]",0,0.0,0
228,58c9a110235b4879950e679babb53318,7,top_heavy,"[140, 70, 45, 35, 25, 20, 15]",0,0.0,1
229,eff7102be794409081a5e3b3ef3c9518,7,top_heavy,"[140, 70, 45, 35, 25, 20, 15]",0,0.0,1
230,99331d54ed084ccf98837531ede526e3,7,top_heavy,"[140, 70, 45, 35, 25, 20, 15]",0,0.0,0
231,400ab40069334ea6a12b1085941a9880,7,top_heavy,"[140, 70, 45, 35, 25, 20, 15]",0,0.0,1
232,9f1d761a46c64578849ff7408c6351b2,7,top_heavy,"[140, 70, 45, 35, 25, 20, 15]",1,1.0,1
233,241f5227a1124be591341cf33b2ecb2f,7,top_heavy,"[140, 70, 45, 35, 25, 20, 15]",0,0.8571428571428571,1
234,4f05dc53dcc24ed1a59fdd5d950966d0,7,top_heavy,"[140, 70, 45, 35, 25, 20, 15]",0,0.0,1
235,e1dac33266d048c89894eab0b0dc1c2a,7,top_heavy,"[140, 70, 45, 35, 25, 20, 15]",0,0.0,1
236,ce3ecd44941f4597ae927b61841b860a,7,top_heavy,"[140, 70, 45, 35, 25, 20, 15]",0,0.0,1
237,d031593cc6f142f6bba7e64ea9224dea,7,top_heavy,"[140, 70, 45, 35, 25, 20, 15]",1,1.0,1
238,5b5d465a7ab2427485a00f3638543996,7,top_heavy,"[140, 70, 45, 35, 25, 20, 15]",0,0.0,1
239,53fe1484646648969f42e40f550ab7ef,7,top_heavy,"[140, 70, 45, 35, 25, 20, 15]",0,0.6666666666666666,1
240,d86c4a3e9c944a5595ffd076817380c9,7,top_heavy,"[140, 70, 45, 35, 25, 20, 15]",0,0.0,1
241,d847d59c18884a8eaddd5fc55d047799,7,top_heavy,"[140, 70, 45, 35, 25, 20, 15]",0,0.0,1
242,b5e7dc56ca2e4d68bc9b59696bca7f75,7,top_heavy,"[140, 70, 45, 35, 25, 20, 15]",0,0.14814814814814814,1
243,bd356a60992b44f7840f99ffc390382c,7,top_heavy,"[140, 70, 45, 35, 25, 20, 15]",1,1.0,1
244,f8c03f10b27045d89e068c461ea3d69c,7,top_heavy,"[140, 70, 45, 35, 25, 20, 15]",0,0.0,1
245,f57595f77502405fbe6baf093d8baea0,7,top_heavy,"[140, 70, 45, 35, 25, 20, 15]",1,1.0,1
246,a697c765c3e74e0cb48088ea3ecdcdb1,7,top_heavy,"[140, 70, 45, 35, 25, 20, 15]",0,0.0,1
247,57e62137793b4537bb7eb95d44481eb3,7,top_heavy,"[140, 70, 45, 35, 25, 20, 15]",1,1.0,1
248,7cb53bae73d64900a63fde04f93eceea,7,top_heavy,"[140, 70, 45, 35, 25, 20, 15]",0,0.0,0
249,a8ff7b13f4b943d89f09cf03cbde580a,7,top_heavy,"[140, 70, 45, 35, 25, 20, 15]",0,0.0,0
250,547765c1158b4a5a8100d6a300aa88b1,7,top_heavy,"[140, 70, 45, 35, 25, 20, 15]",1,1.0,1
251,31d748672420422aa724d2b6db6b1d18,7,top_heavy,"[140, 70, 45, 35, 25, 20, 15]",0,0.0,1
252,f8542bff725c4264aaf360ad929a1807,7,top_heavy,"[140, 70, 45, 35, 25, 20, 15]",0,0.0,0
253,0d56e8c7e4b6449696113a82ec0da19e,7,top_heavy,"[140, 70, 45, 35, 25, 20, 15]",0,0.0,1
254,0ad40f362389498382471e1f6171f996,7,top_heavy,"[140, 70, 45, 35, 25, 20, 15]",0,0.5,1
255,9adfdf882a9a4f8bb69b96506ce7471c,7,top_heavy,"[140, 70, 45, 35, 25, 20, 15]",1,1.0,1
256,63b89182644f454c92026c4ca6747140,7,top_heavy,"[140, 70, 45, 35, 25, 20, 15]",0,0.0,0
257,62c441cc36584729bc6608d4f56ca4d6,7,top_heavy,"[140, 70, 45, 35, 25, 20, 15]",1,1.0,1
258,480a34c34b094ac6b071bc658c0da810,7,top_heavy,"[140, 70, 45, 35, 25, 20, 15]",0,0.15384615384615385,0
259,db571ac79d34404b9a59b62c7fd38c56,7,top_heavy,"[140, 70, 45, 35, 25, 20, 15]",0,0.15789473684210528,1
260,9e3b57d9763d4f1da04cc784d5944be2,7,top_heavy,"[140, 70, 45, 35, 25, 20, 15]",0,0.0,0
261,7594504b380443f6920beb03b1379bd7,7,top_heavy,"[140, 70, 45, 35, 25, 20, 15]",0,0.05555555555555555,1
262,d0a7880cce6f4bce95aaaf322c41355f,7,top_heavy,"[140, 70, 45, 35, 25, 20, 15]",0,0.18181818181818182,1
263,bdc7cf3241594e52a3164b489f50370d,7,top_heavy,"[140, 70, 45, 35, 25, 20, 15]",0,0.0,1
264,d5500a7bfa4d4b1683dc90808707e306,7,top_heavy,"[140, 70, 45, 35, 25, 20, 15]",0,0.0,1
265,8bf4e9d3157446bd95bbea12227c100b,7,top_heavy,"[140, 70, 45, 35, 25, 20, 15]",0,0.5,1
266,487cd2a2f5ee49bb96d33d0d56ea6a2b,7,top_heavy,"[140, 70, 45, 35, 25, 20, 15]",1,1.0,1
267,8fcc1e39bba146a08300eef42c641e71,7,top_heavy,"[140, 70, 45, 35, 25, 20, 15]",0,0.0,0
268,383db81acf1f476d8aa21be94cc9daa7,7,top_heavy,"[140, 70, 45, 35, 25, 20, 15]",1,1.0,1
269,3ded2ac8aff04250896711bfc070cd39,7,top_heavy,"[140, 70, 45, 35, 25, 20, 15]",0,0.0,0
270,fcccb4baf6314a589f6725cf1dc37979,7,top_heavy,"[140, 70, 45, 35, 25, 20, 15]",0,0.06896551724137931,0
271,3365b3e46e9240dca893042f6f34486f,7,top_heavy,"[140, 70, 45, 35, 25, 20, 15]",0,0.0,1
272,7f764f3b545744048cf82108c4bb5157,7,top_heavy,"[140, 70, 45, 35, 25, 20, 15]",0,0.0,0
273,ad0e4b1a103d400f9ef4dd6827e215b9,7,top_heavy,"[140, 70, 45, 35, 25, 20, 15]",0,0.0,1
274,198f769edd5c4bd7b829ffeaa6d595c1,7,top_heavy,"[140, 70, 45, 35, 25, 20, 15]",0,0.0,1
275,e296d418c6614640b45afe738e0fe7ce,7,top_heavy,"[140, 70, 45, 35, 25, 20, 15]",0,0.0,1
276,489edeed2f20435b9fc8ab429d160239,7,top_heavy,"[140, 70, 45, 35, 25, 20, 15]",1,1.0,1
277,b39eac495217430ebe3cfb37878882ee,7,top_heavy,"[140, 70, 45, 35, 25, 20, 15]",0,0.0,1
278,e772ff7304f54b78a3280763cf427221,7,top_heavy,"[140, 70, 45, 35, 25, 20, 15]",0,0.0,0
279,d16db94dc08840cb930ce9cf59151bef,7,top_heavy,"[140, 70, 45, 35, 25, 20, 15]",0,0.0,1
280,92100c8dcef141f69ab22ef3ad13d9d5,7,top_heavy,"[140, 70, 45, 35, 25, 20, 15]",0,0.0,1
281,11452fbd4fdb40d8bd8f10d24a8087e2,7,top_heavy,"[140, 70, 45, 35, 25, 20, 15]",0,0.0,0
282,3b8f128366fb4a669715a4b6cfc166cd,7,top_heavy,"[140, 70, 45, 35, 25, 20, 15]",0,0.05,0
283,3dd9a7133b594635ac914a6abccf0e46,7,top_heavy,"[140, 70, 45, 35, 25, 20, 15]",0,0.0,1
284,f2f07af9f9874dc992ca32c22063ffd4,7,top_heavy,"[140, 70, 45, 35, 25, 20, 15]",0,0.0,1
285,5ff5d8f1083b442cbf759f1980f8cd15,7,top_heavy,"[140, 70, 45, 35, 25, 20, 15]",0,0.0,0
286,8047bb5d810b4c2f967c45b876ff4bb8,7,top_heavy,"[140, 70, 45, 35, 25, 20, 15]",1,1.0,1
287,1e7aa41fe6ff4d048cf6c314eaae526a,7,top_heavy,"[140, 70, 45, 35, 25, 20, 15]",0,0.0,0
288,32e5e53144904525bdd91c2346ecdc21,7,top_heavy,"[140, 70, 45, 35, 25, 20, 15]",0,0.0,1
289,3645db7e841f4242ae0b3be674e8bc8a,7,top_heavy,"[140, 70, 45, 35, 25, 20, 15]",0,0.4,1
290,b344f9c87e2d4e5498338ea56023892c,7,top_heavy,"[140, 70, 45, 35, 25, 20, 15]",0,0.4,1
291,cae1c72a196e41c0919e17bc003a3a5f,7,top_heavy,"[140, 70, 45, 35, 25, 20, 15]",0,0.0,0
292,d21a2587e9e64ae08a9243d3f950521b,7,top_heavy,"[140, 70, 45, 35, 25, 20, 15]",0,0.0,0
293,f8657886cea34216b10630e96b7a2932,7,top_heavy,"[140, 70, 45, 35, 25, 20, 15]",0,0.13793103448275862,1
294,14c07142ff80440483ee9fdc0f2d8b06,7,top_heavy,"[140, 70, 45, 35, 25, 20, 15]",0,0.0,1
295,c1028f19198147868af85aa60943519d,7,top_heavy,"[140, 70, 45, 35, 25, 20, 15]",0,0.060606060606060615,0
296,c5e69a8c19ec4fadb153de7ed8d06b9f,7,top_heavy,"[140, 70, 45, 35, 25, 20, 15]",0,0.8,1
297,b476d07cc2e747d0bad28a795661540d,7,top_heavy,"[140, 70, 45, 35, 25, 20, 15]",0,0.0,0
298,ce3ef968a0704a3fa36f7f605ed0031a,7,top_heavy,"[140, 70, 45, 35, 25, 20, 15]",0,0.0,0
299,5d6dc2b279594850a8ffce1f1b7892aa,7,top_heavy,"[140, 70, 45, 35, 25, 20, 15]",0,0.6666666666666666,1
300,74518b730d2941859c8fc206f74de46a,7,top_heavy,"[140, 70, 45, 35, 25, 20, 15]",0,0.3333333333333333,0
301,679586e746bf437fb4372790a38aaa81,7,top_heavy,"[140, 70, 45, 35, 25, 20, 15]",0,0.0,1
302,5aaeceef16f34275b07bef56b93edddc,7,top_heavy,"[140, 70, 45, 35, 25, 20, 15]",0,0.0,1
303,cf3bbf5197224180b1a20f44bba8ff58,7,top_heavy,"[140, 70, 45, 35, 25, 20, 15]",1,1.0,1
304,77581c9e1c504eb6a88f1cc8693a1f7b,7,top_heavy,"[140, 70, 45, 35, 25, 20, 15]",0,0.2857142857142857,1
305,57c251b6218b4c1094f9dfb9f53f2a21,7,top_heavy,"[140, 70, 45, 35, 25, 20, 15]",0,0.0,1
306,786e56a75654431f8335c0a57f0e3d3e,7,top_heavy,"[140, 70, 45, 35, 25, 20, 15]",1,1.0,1
307,e3ece1d381234fa9a9402f702b38c5b5,7,top_heavy,"[140, 70, 45, 35, 25, 20, 15]",0,0.0,1
308,f5627bd7cf9545e78204161253ca2e8e,7,top_heavy,"[140, 70, 45, 35, 25, 20, 15]",0,0.8571428571428571,1
309,4f1dcb1b8e9745ddb92444ccacb4b1b8,7,top_heavy,"[140, 70, 45, 35, 25, 20, 15]",0,0.6666666666666666,1
310,98bbd1deff4143b780e5d123925bdbee,7,top_heavy,"[140, 70, 45, 35, 25, 20, 15]",0,0.0,1
311,f510e4b92495473db9b86dd2d5b6eb18,7,top_heavy,"[140, 70, 45, 35, 25, 20, 15]",1,1.0,1
312,7baaa5545ac44114b79c5420d561d85e,7,top_heavy,"[140, 70, 45, 35, 25, 20, 15]",0,0.18181818181818182,1
313,143a0df7e66a473ba5804b1c75f56c86,7,top_heavy,"[140, 70, 45, 35, 25, 20, 15]",0,0.0,0
314,bd0f2b0fc40146edb228ac6be2fd9e5a,7,top_heavy,"[140, 70, 45, 35, 25, 20, 15]",0,0.3333333333333333,1
315,06bff66d3af04edd808a81c4b0a106a7,7,top_heavy,"[140, 70, 45, 35, 25, 20, 15]",1,1.0,1
316,cbb5d9c625b74ae1b3426d2a185549c4,7,top_heavy,"[140, 70, 45, 35, 25, 20, 15]",0,0.0,0
317,3bb0f77a9cbc44fab12fdc8005e69f91,7,top_heavy,"[140, 70, 45, 35, 25, 20, 15]",0,0.0,0
318,5f24d26d866b410da298cec18f321605,7,top_heavy,"[140, 70, 45, 35, 25, 20, 15]",0,0.0,1
319,e6bd79cae1cb472c990b5226f2a87152,7,top_heavy,"[140, 70, 45, 35, 25, 20, 15]",1,1.0,1
320,e111ffbe05e4468c85bfaeceec2ea821,7,top_heavy,"[140, 70, 45, 35, 25, 20, 15]",1,1.0,1
321,8caeb3cde3074e66af2795f258908f69,7,top_heavy,"[140, 70, 45, 35, 25, 20, 15]",0,0.6666666666666666,1
322,f8b5c43adc974d82aaab3f81649ca754,7,top_heavy,"[140, 70, 45, 35, 25, 20, 15]",1,1.0,1
323,574519a5dbfc4727bd68c1f4f0ad92b0,7,top_heavy,"[140, 70, 45, 35, 25, 20, 15]",1,1.0,1
324,842b90f71d4142229534788a21189892,7,top_heavy,"[140, 70, 45, 35, 25, 20, 15]",1,1.0,1
325,09a4f669c3ce4432954d3b5348ffde56,7,top_heavy,"[140, 70, 45, 35, 25, 20, 15]",0,0.18181818181818182,1
326,b2a92b434a344e49b3a6911bfd86e98f,7,top_heavy,"[140, 70, 45, 35, 25, 20, 15]",0,0.0,1
327,6029989106ef4c32bc7eb342670dc8c1,7,top_heavy,"[140, 70, 45, 35, 25, 20, 15]",0,0.2857142857142857,1
328,e412730b37274c11bad105b38ed9e196,7,top_heavy,"[140, 70, 45, 35, 25, 20, 15]",1,1.0,1
329,c5c6d814143a4f1eb7cc7546d9654173,7,top_heavy,"[140, 70, 45, 35, 25, 20, 15]",1,1.0,1
330,0633af8dabeb4925bf0fb0110cc54247,7,top_heavy,"[140, 70, 45, 35, 25, 20, 15]",0,0.14285714285714288,1
331,044418fd6fd646ec89a54a7013712c9d,7,top_heavy,"[140, 70, 45, 35, 25, 20, 15]",0,0.923076923076923,1
332,8b9a2f29b35b41e38cb94347237d59d7,7,top_heavy,"[140, 70, 45, 35, 25, 20, 15]",0,0.08695652173913043,1
333,26782a326a394d688dda2441308bf00a,7,top_heavy,"[140, 70, 45, 35, 25, 20, 15]",0,0.0,1
334,f9bf09905dc249e69f69c4db9b323d0f,7,top_heavy,"[140, 70, 45, 35, 25, 20, 15]",0,0.0,1
335,07f2d15033cf4fb6916bed5d56dcb8f5,7,top_heavy,"[140, 70, 45, 35, 25, 20, 15]",0,0.0,1
336,a045cbc6199c4b9e8dbb8545febda365,7,top_heavy,"[140, 70, 45, 35, 25, 20, 15]",0,0.0,0
337,af446346d828479ca02c375ec2973773,7,top_heavy,"[140, 70, 45, 35, 25, 20, 15]",0,0.0,0
338,8447a26148c9454da18385e3d9fa4a3c,7,top_heavy,"[140, 70, 45, 35, 25, 20, 15]",0,0.0,0
339,2a7071c8d8c74dac901956228d59fdfb,7,top_heavy,"[140, 70, 45, 35, 25, 20, 15]",0,0.0,0
340,55bc45f2e63149869e4d0e52da6cb421,7,top_heavy,"[140, 70, 45, 35, 25, 20, 15]",0,0.5,1
341,bb2c93be295348eb933e57a16325af76,7,top_heavy,"[140, 70, 45, 35, 25, 20, 15]",1,1.0,1
342,cff18af0aed84c39ab0d156de7f507f8,7,top_heavy,"[140, 70, 45, 35, 25, 20, 15]",0,0.0,1
343,423f76b5864047f480599c7946546eb1,7,top_heavy,"[140, 70, 45, 35, 25, 20, 15]",0,0.0,0
344,0754e951855e46df80b0269253e4acf7,7,top_heavy,"[140, 70, 45, 35, 25, 20, 15]",0,0.0,0
345,5bdc71bbfc6e4934aa337ab24559eb6c,7,top_heavy,"[140, 70, 45, 35, 25, 20, 15]",0,0.0,0
346,b71eed014a8c4e51ba0bb48aeb1939ae,7,top_heavy,"[140, 70, 45, 35, 25, 20, 15]",1,1.0,1
347,d09f358431284dea95dec8e61590dbf4,7,top_heavy,"[140, 70, 45, 35, 25, 20, 15]",0,0.0,1
348,5bbab85f5ac243a9b98914f8c7af6eb4,7,top_heavy,"[140, 70, 45, 35, 25, 20, 15]",0,0.0,0
349,18cc95b228434b23a3969ac0d65687fa,7,top_heavy,"[140, 70, 45, 35, 25, 20, 15]",0,0.0,0
350,b322fdc7819546138582ebc07e8aa7a8,7,top_heavy,"[140, 70, 45, 35, 25, 20, 15]",1,1.0,1
351,f955cb3e7bda4a93a867b361b7b96327,7,top_heavy,"[140, 70, 45, 35, 25, 20, 15]",0,0.0,1
352,62e9113dcca84b61af8304429b1570da,7,top_heavy,"[140, 70, 45, 35, 25, 20, 15]",0,0.0,0
353,f3fc1b6ee3b24e47856d9fe7730350a2,7,top_heavy,"[140, 70, 45, 35, 25, 20, 15]",0,0.041666666666666664,0
354,8f0cfcb0d46d43eeb6c7ee04cd29c027,7,top_heavy,"[140, 70, 45, 35, 25, 20, 15]",0,0.0,1
355,82eb7d4504834ceabad83742c2d0ab5c,7,top_heavy,"[140, 70, 45, 35, 25, 20, 15]",0,0.6666666666666666,1
356,bf16d51b5b9540ec83fba053bc26a8a9,7,top_heavy,"[140, 70, 45, 35, 25, 20, 15]",0,0.09523809523809525,1
357,e62ce90267b149f7a65dc0901c614317,7,top_heavy,"[140, 70, 45, 35, 25, 20, 15]",0,0.0,1
358,8e376a7767224f8381c8ee661c43ad16,7,top_heavy,"[140, 70, 45, 35, 25, 20, 15]",0,0.0,1
359,435fd88dd9034cf1bd211e03bab2bed5,7,top_heavy,"[140, 70, 45, 35, 25, 20, 15]",1,1.0,1
360,109740b4edfa49c5961632436d1df48c,7,top_heavy,"[140, 70, 45, 35, 25, 20, 15]",0,0.0,1
361,a4c31c16dd1a4cf493b8c20500a88539,7,top_heavy,"[140, 70, 45, 35, 25, 20, 15]",1,1.0,1
362,721498d8723844d5b1ab0d15eb8e7699,7,top_heavy,"[140, 70, 45, 35, 25, 20, 15]",0,0.0,0
363,1699130630f2472cacfcbfe214d40416,7,top_heavy,"[140, 70, 45, 35, 25, 20, 15]",0,0.0,0
364,cceb8fa1b2a84757932a6f7ae86b3653,7,top_heavy,"[140, 70, 45, 35, 25, 20, 15]",1,1.0,1
365,147cef44c6e64257a962d7ed7e7df893,7,top_heavy,"[140, 70, 45, 35, 25, 20, 15]",0,0.11764705882352941,0
366,afdf5764dddf4d858cff8be47f91fba7,7,top_heavy,"[140, 70, 45, 35, 25, 20, 15]",1,1.0,1
367,77dc5fcd3f654630a9a8ec90c9375b45,7,top_heavy,"[140, 70, 45, 35, 25, 20, 15]",0,0.0,1
368,3a33ecb066b9443e85b68c446f45b287,7,top_heavy,"[140, 70, 45, 35, 25, 20, 15]",0,0.08695652173913045,1
369,43204be4d77d421990db36f2d9951e63,7,top_heavy,"[140, 70, 45, 35, 25, 20, 15]",0,0.0,1
370,4c961dd89b054526b342c921486477a6,7,top_heavy,"[140, 70, 45, 35, 25, 20, 15]",0,0.0,1
371,89b7733b0a994df7b4250953ccff9c24,7,top_heavy,"[140, 70, 45, 35, 25, 20, 15]",0,0.0,1
372,8b627a95012d4f65a70aff1249d43d64,7,top_heavy,"[140, 70, 45, 35, 25, 20, 15]",0,0.8,1
373,b99c50bfd5f849afb601bd8ac95b0bf4,7,top_heavy,"[140, 70, 45, 35, 25, 20, 15]",1,1.0,1
374,ff383ab32c9942908db5946a8fe654d3,7,top_heavy,"[140, 70, 45, 35, 25, 20, 15]",0,0.0,0
375,89abc7236e6941ee88a263d88d6d299a,7,top_heavy,"[140, 70, 45, 35, 25, 20, 15]",0,0.17777777777777776,1
376,fadd2528784f4a9fa3b391626e69ffc0,7,top_heavy,"[140, 70, 45, 35, 25, 20, 15]",0,0.0,0
377,1958d14b7db54bffbbdd57e3677c08e7,7,top_heavy,"[140, 70, 45, 35, 25, 20, 15]",1,1.0,1
378,9966c7735a6649d88366224ff6552c68,7,top_heavy,"[140, 70, 45, 35, 25, 20, 15]",0,0.0,0
379,2818d5e47a844bc9831496e2f587a803,7,top_heavy,"[140, 70, 45, 35, 25, 20, 15]",0,0.0,1
380,74f114ab49744e608eafab899371d913,7,top_heavy,"[140, 70, 45, 35, 25, 20, 15]",1,1.0,1
381,f724593e7f4842569187dae70a2560d9,7,top_heavy,"[140, 70, 45, 35, 25, 20, 15]",0,0.0,1
382,3e46e0220a18483fb0fd448bcc36815e,7,top_heavy,"[140, 70, 45, 35, 25, 20, 15]",1,1.0,1
383,ec9dedf313ba4f90883a2b01909553b3,7,top_heavy,"[140, 70, 45, 35, 25, 20, 15]",0,0.0,1
384,2e9b048c06dc45be97da6116056f74f6,7,top_heavy,"[140, 70, 45, 35, 25, 20, 15]",0,0.0,1
385,efc438e4fd18417daa0e662499fbe956,7,top_heavy,"[140, 70, 45, 35, 25, 20, 15]",0,0.5,0
386,33313f986ec740f3b824bc3accb9111e,7,top_heavy,"[140, 70, 45, 35, 25, 20, 15]",1,1.0,1
387,8eacd2be836f472a83d7008f33ed8506,7,top_heavy,"[140, 70, 45, 35, 25, 20, 15]",0,0.0,1
388,6cb904d598ce4f7ebb4e4283a24a2f63,7,top_heavy,"[140, 70, 45, 35, 25, 20, 15]",1,1.0,1
389,194bd503229c46c3b308896e770e1eb1,7,top_heavy,"[140, 70, 45, 35, 25, 20, 15]",1,1.0,1
390,0c1c6f6b44e3466eac1a68dadefd06ab,7,top_heavy,"[140, 70, 45, 35, 25, 20, 15]",0,0.0,1
391,c5559fa0b9a0438a9b843d4207061a3d,7,top_heavy,"[140, 70, 45, 35, 25, 20, 15]",0,0.0,1
392,a168c89e395546be9605e969f682e554,7,top_heavy,"[140, 70, 45, 35, 25, 20, 15]",0,0.0,1
393,849240180c584f71bc56c0c92c5df5fd,7,top_heavy,"[140, 70, 45, 35, 25, 20, 15]",0,0.0,0
394,d69a7141ec1c4110ac124dd58d19b8b4,7,top_heavy,"[140, 70, 45, 35, 25, 20, 15]",0,0.09375,0
395,d94300f7464c401db93e557fec221320,7,top_heavy,"[140, 70, 45, 35, 25, 20, 15]",0,0.4,0
396,fa44913cfa244faa88e773dcc3045012,7,top_heavy,"[140, 70, 45, 35, 25, 20, 15]",0,0.0,1
397,e98ac3de59a646c69b6eb17d3e3a4d0d,7,top_heavy,"[140, 70, 45, 35, 25, 20, 15]",0,0.0,0
398,d745bee67227422b824140f2734b0621,7,top_heavy,"[140, 70, 45, 35, 25, 20, 15]",0,0.06896551724137931,0
399,25eec8384d9d45b8b75affcc9f164be3,7,top_heavy,"[140, 70, 45, 35, 25, 20, 15]",0,0.0,1
400,912cb6aecbec4dc2b44ee22a076c3e2a,7,top_heavy,"[140, 70, 45, 35, 25, 20, 15]",0,0.0,0
401,f523ba87f5714a108e9bae698f676063,7,top_heavy,"[140, 70, 45, 35, 25, 20, 15]",0,0.0,1
402,3f28f7be13ad43cda7681b7fa874843c,7,top_heavy,"[140, 70, 45, 35, 25, 20, 15]",0,0.0,1
403,51ff7cdf97074a07862234487477ef4a,7,top_heavy,"[140, 70, 45, 35, 25, 20, 15]",0,0.0,1
404,6e1780414deb4cf9b49568f07b3bdc26,7,top_heavy,"[140, 70, 45, 35, 25, 20, 15]",0,0.0,0
405,f61206d61cf94401b8fbb566b0b67ec7,7,top_heavy,"[140, 70, 45, 35, 25, 20, 15]",0,0.0,1
406,12859cbba89f494b98e6b7be8b4c88ff,7,top_heavy,"[140, 70, 45, 35, 25, 20, 15]",0,0.0,0
407,1e326f32613a417fb55b23337862c62b,7,top_heavy,"[140, 70, 45, 35, 25, 20, 15]",0,0.8,1
408,4ff0076b7fe74648806429e78621f265,7,top_heavy,"[140, 70, 45, 35, 25, 20, 15]",0,0.0,0
409,531b64eef1bd44568360b3ab40da40da,7,top_heavy,"[140, 70, 45, 35, 25, 20, 15]",0,0.0,0
410,ef15b705b7c54e77b276f22c804ce15d,7,top_heavy,"[140, 70, 45, 35, 25, 20, 15]",0,0.6666666666666666,1
411,bf9d67fa8b3849ceb410c4dfd7947e5f,7,top_heavy,"[140, 70, 45, 35, 25, 20, 15]",0,0.0,0
412,8b256cf4c08f4507b8b2f96d7289b585,7,top_heavy,"[140, 70, 45, 35, 25, 20, 15]",0,0.14285714285714288,1
413,ab65135d9fc94f16a97555b6b3c54832,7,top_heavy,"[140, 70, 45, 35, 25, 20, 15]",0,0.0,1
414,21c894485b7a4cb0b66313dd1802a3c2,7,top_heavy,"[140, 70, 45, 35, 25, 20, 15]",0,0.0,1
415,23f3abb43b8f4f74bffb018bb3943125,7,top_heavy,"[140, 70, 45, 35, 25, 20, 15]",1,1.0,1
416,cdec7a0d975642d38b3b2d449bffc3e8,7,top_heavy,"[140, 70, 45, 35, 25, 20, 15]",0,0.0,0
417,803441a3a59d42b293810212bf2d6ced,7,top_heavy,"[140, 70, 45, 35, 25, 20, 15]",0,0.0,1
418,738dc2a651c7477abe2efc0e5547054a,7,top_heavy,"[140, 70, 45, 35, 25, 20, 15]",1,1.0,1
419,2fcf533dede444f2a0296b3bf112e0bd,7,top_heavy,"[140, 70, 45, 35, 25, 20, 15]",1,1.0,1
420,a1747749a3904c53b124b17ba86b1df6,7,top_heavy,"[140, 70, 45, 35, 25, 20, 15]",0,0.0,1
421,95a04d9fc49441cd901191b2390f05cd,7,top_heavy,"[140, 70, 45, 35, 25, 20, 15]",0,0.0,1
422,1a82de30a1e546bbaf099a05d79a6230,7,top_heavy,"[140, 70, 45, 35, 25, 20, 15]",0,0.0,1
423,bc20c452e45644e4beb92b0f35859105,7,top_heavy,"[140, 70, 45, 35, 25, 20, 15]",1,1.0,1
424,1f2ee8a4ce5d448e8ed30e7ca27b2b32,7,top_heavy,"[140, 70, 45, 35, 25, 20, 15]",0,0.0,1
425,3f1a03dd30304609a4e646069b0deffd,7,top_heavy,"[140, 70, 45, 35, 25, 20, 15]",0,0.0,0
426,a256f8f1dbd644c98a3bc79d072405fc,7,top_heavy,"[140, 70, 45, 35, 25, 20, 15]",1,1.0,1
427,35d000cd64d14585bd474322dc4f4f70,7,top_heavy,"[140, 70, 45, 35, 25, 20, 15]",0,0.06451612903225805,1
428,7e9ac1c4bf0845eab105c8b1b9265db2,7,top_heavy,"[140, 70, 45, 35, 25, 20, 15]",0,0.0,0
429,652962af37ce4c5799789678fa661553,7,top_heavy,"[140, 70, 45, 35, 25, 20, 15]",0,0.9090909090909091,1
430,f5894ccfbf314a63baaca983e208a43b,7,top_heavy,"[140, 70, 45, 35, 25, 20, 15]",1,1.0,1
431,8a3561154a454ca597d3a9a636a95a93,7,top_heavy,"[140, 70, 45, 35, 25, 20, 15]",0,0.0,1
432,6fe2385a3a1f4e7c8b1982cad82c939d,7,top_heavy,"[140, 70, 45, 35, 25, 20, 15]",0,0.8571428571428571,1
433,6f8f3d49dd8845de8307ad2d9fabf269,7,top_heavy,"[140, 70, 45, 35, 25, 20, 15]",0,0.0,1
434,a36a9969dee14e6f90fc1785e4d8151a,7,top_heavy,"[140, 70, 45, 35, 25, 20, 15]",1,1.0,1
435,1d1a6ab35fe14fdd8bbe88f884d82ce6,7,top_heavy,"[140, 70, 45, 35, 25, 20, 15]",0,0.0909090909090909,1
436,fb776aaae451464692b974373b39e4c5,7,top_heavy,"[140, 70, 45, 35, 25, 20, 15]",1,1.0,1
437,6616d9ae236f46acb990d2a879bf346f,7,top_heavy,"[140, 70, 45, 35, 25, 20, 15]",1,1.0,1
438,374bacece7a6435484e32852ba73f4a8,7,top_heavy,"[140, 70, 45, 35, 25, 20, 15]",0,0.6666666666666666,1
439,527a875dd5504c12b1e26cec3ff31fb6,7,top_heavy,"[140, 70, 45, 35, 25, 20, 15]",0,0.0,1
440,3b6bbfa360e14c8ea4997b82981bf6f7,7,top_heavy,"[140, 70, 45, 35, 25, 20, 15]",1,1.0,1
441,4f66952eeb534a109a11044fcfecf033,7,top_heavy,"[140, 70, 45, 35, 25, 20, 15]",0,0.0,0
442,dcd06efd15d8483f9ae99008aae4b8e6,7,top_heavy,"[140, 70, 45, 35, 25, 20, 15]",0,0.6666666666666666,1
443,c452c1a025c44bdab1694894c2799e64,7,top_heavy,"[140, 70, 45, 35, 25, 20, 15]",0,0.0,1
444,2efef198621244dc8f660e49bcb0b54e,7,top_heavy,"[140, 70, 45, 35, 25, 20, 15]",0,0.4,1
445,0b9b15aa02b54f8e82a61c149799963b,7,top_heavy,"[140, 70, 45, 35, 25, 20, 15]",0,0.0,1
446,a77bad2720ec43aba758a5c99624b6c3,7,top_heavy,"[140, 70, 45, 35, 25, 20, 15]",0,0.0,1
447,42c9c8fe7ee843dbbe578fdc4dbba39a,7,top_heavy,"[140, 70, 45, 35, 25, 20, 15]",0,0.0,1
448,500e35b80a13424c8eb9c6e6a0b9af15,7,top_heavy,"[140, 70, 45, 35, 25, 20, 15]",0,0.0,1
449,490da89fb4c743858167b5b75af14ddd,7,top_heavy,"[140, 70, 45, 35, 25, 20, 15]",0,0.0,1
450,03905a27a5b841e59153c2e3de3c99f4,7,top_heavy,"[140, 70, 45, 35, 25, 20, 15]",0,0.0,0
451,bb334d8819054ded95d25bd214397832,7,top_heavy,"[140, 70, 45, 35, 25, 20, 15]",0,0.0,1
452,ccf8e9a161124b058363c911f27cc4bf,7,top_heavy,"[140, 70, 45, 35, 25, 20, 15]",0,0.6666666666666666,1
453,d83d3eda31c14835877587e71ae8f858,7,top_heavy,"[140, 70, 45, 35, 25, 20, 15]",1,1.0,1
454,4b7de03eac3642c5aad653d3fe1600dc,7,top_heavy,"[140, 70, 45, 35, 25, 20, 15]",0,0.08000000000000002,1
455,574737b3f4284419a8e2bcf43167e253,7,top_heavy,"[140, 70, 45, 35, 25, 20, 15]",0,0.6666666666666666,1
456,4e8d8610abde45809ece08144c48d9e7,7,top_heavy,"[140, 70, 45, 35, 25, 20, 15]",0,0.6666666666666666,1
457,80f8912075b14d1a91b62f0c2d06ca84,7,top_heavy,"[140, 70, 45, 35, 25, 20, 15]",1,1.0,1
458,6401157d496747a092bf97a5f430d281,7,top_heavy,"[140, 70, 45, 35, 25, 20, 15]",0,0.0,1
459,614b047fc1144246af208be2a508d5ce,7,top_heavy,"[140, 70, 45, 35, 25, 20, 15]",0,0.0,0
460,0dfeb9e7d43747bcac4e5ac700caec79,7,top_heavy,"[140, 70, 45, 35, 25, 20, 15]",1,1.0,1
461,edb3d5b64911443798e8e83b07ae5b99,7,top_heavy,"[140, 70, 45, 35, 25, 20, 15]",0,0.06666666666666668,1
462,d54a2fd059b54e2d80b503109524db0a,7,top_heavy,"[140, 70, 45, 35, 25, 20, 15]",0,0.0,1
463,c564493e2442402ebb6d4a5af51f7c25,7,top_heavy,"[140, 70, 45, 35, 25, 20, 15]",0,0.5454545454545454,1
464,b32d5172d0b3451b83352d24deab59e6,7,top_heavy,"[140, 70, 45, 35, 25, 20, 15]",0,0.0,1
465,19d523d3a0824aed8cc62eed5e24f1e4,7,top_heavy,"[140, 70, 45, 35, 25, 20, 15]",0,0.0,1
466,4cff857ac2f74c6094f26f596ba0cb1f,7,top_heavy,"[140, 70, 45, 35, 25, 20, 15]",0,0.5,1
467,af77d75481ae4b0391017dfd394050f4,7,top_heavy,"[140, 70, 45, 35, 25, 20, 15]",1,1.0,1
468,2784aee1dd324e3f8945b73963b7785f,7,top_heavy,"[140, 70, 45, 35, 25, 20, 15]",0,0.5,1
469,d89807b1fdda40c2bebb55edf64c3938,7,top_heavy,"[140, 70, 45, 35, 25, 20, 15]",0,0.6,1
470,af5369c41cba4379978174fe353ddff6,7,top_heavy,"[140, 70, 45, 35, 25, 20, 15]",1,1.0,1
471,6bf1ecc9589d4447b31afde347505919,7,top_heavy,"[140, 70, 45, 35, 25, 20, 15]",0,0.0,0
472,ba2b3c2aeb464d8f8a949fc75944bcbd,7,top_heavy,"[140, 70, 45, 35, 25, 20, 15]",1,1.0,1
473,112542d377134435a5e6e79b2e9a5c1a,7,top_heavy,"[140, 70, 45, 35, 25, 20, 15]",0,0.0,1
474,80a9457351e14111aaf3fb84d3528092,7,top_heavy,"[140, 70, 45, 35, 25, 20, 15]",1,1.0,1
475,f2894e10d02a42c2b91b26caefadfbc9,7,top_heavy,"[140, 70, 45, 35, 25, 20, 15]",1,1.0,1
476,daccc4268b874f63a33873b7171ba8ff,7,top_heavy,"[140, 70, 45, 35, 25, 20, 15]",0,0.0,1
477,540ee9edf9fd4bfc981390d172704bbc,7,top_heavy,"[140, 70, 45, 35, 25, 20, 15]",0,0.0,1
478,116602c25c3e4b33b7a5a111f9174cbe,7,top_heavy,"[140, 70, 45, 35, 25, 20, 15]",0,0.16326530612244897,1
479,66225a9def6a45ddaac68462170b34b7,7,top_heavy,"[140, 70, 45, 35, 25, 20, 15]",0,0.0,0
480,b75b64ca513e4ae3be64ff5d71a9b652,7,top_heavy,"[140, 70, 45, 35, 25, 20, 15]",0,0.0,0
481,1aa0b7493d9b47bbb4625d39922576b6,7,top_heavy,"[140, 70, 45, 35, 25, 20, 15]",0,0.0,0
482,ce867b37ae1d4bc6b35988966e721575,7,top_heavy,"[140, 70, 45, 35, 25, 20, 15]",1,1.0,1
483,ab351f57bcf34ad6a535ed69e1eed04b,7,top_heavy,"[140, 70, 45, 35, 25, 20, 15]",0,0.0,1
484,f8d21ecd07db4b0888ea7c2c91f9135c,7,top_heavy,"[140, 70, 45, 35, 25, 20, 15]",0,0.0,0
485,66ccd850630b4a069b80af81f0d8fa0c,7,top_heavy,"[140, 70, 45, 35, 25, 20, 15]",1,1.0,1
486,fccd16a6079343e5ad862a07f82e3f42,7,top_heavy,"[140, 70, 45, 35, 25, 20, 15]",0,0.888888888888889,1
487,5372bffd269e45f5b80bfa12e294af8f,7,top_heavy,"[140, 70, 45, 35, 25, 20, 15]",0,0.0,1
488,1e52126edb5a499381fb1f064dd4377c,7,top_heavy,"[140, 70, 45, 35, 25, 20, 15]",0,0.0,0
489,ddf8070fbf124b54bfdca93791ef2056,7,top_heavy,"[140, 70, 45, 35, 25, 20, 15]",0,0.0,1
490,ec552a3b81734f36ae2a031fc34b7519,7,top_heavy,"[140, 70, 45, 35, 25, 20, 15]",0,0.8,1
491,23d1c9c515f3417ab70aba3c3bc43ec8,7,top_heavy,"[140, 70, 45, 35, 25, 20, 15]",0,0.0,1
492,af91062c61d0431fa90edb3cffc48da0,7,top_heavy,"[140, 70, 45, 35, 25, 20, 15]",1,1.0,1
493,9a9db144769c4ce29c4cdb431d756043,7,top_heavy,"[140, 70, 45, 35, 25, 20, 15]",0,0.0,0
494,3e4038716e3948b4b94243cad4cbfd1e,7,top_heavy,"[140, 70, 45, 35, 25, 20, 15]",0,0.0,0
495,dab26af5192549f1a07bed7fa63bf47e,7,top_heavy,"[140, 70, 45, 35, 25, 20, 15]",0,0.0,0
496,d58a27153bc74f08bfa857c4a80b1c90,7,top_heavy,"[140, 70, 45, 35, 25, 20, 15]",0,0.0,1
497,dd5a9212340046e2a340103c45fd7f17,7,top_heavy,"[140, 70, 45, 35, 25, 20, 15]",0,0.0,1
498,8b0fb3b8cfee4daba5b93311dbe5c5b5,7,top_heavy,"[140, 70, 45, 35, 25, 20, 15]",1,1.0,1
499,822d82601bda4b509b180096346c1885,7,top_heavy,"[140, 70, 45, 35, 25, 20, 15]",0,0.0,0
500,cff10f8297c64447bf388d45ed577e95,7,top_heavy,"[140, 70, 45, 35, 25, 20, 15]",1,1.0,1
501,ecb8eb62bc3d4ae280ea3151211089a3,7,top_heavy,"[140, 70, 45, 35, 25, 20, 15]",1,1.0,1
502,787d235e4c2b4d89b4d9aebff5779cf6,7,top_heavy,"[140, 70, 45, 35, 25, 20, 15]",0,0.0,0
503,bfb2c3311c5d45789500d104b3965147,7,top_heavy,"[140, 70, 45, 35, 25, 20, 15]",0,0.0,1
504,c754c326486641409687edae575f81ee,7,top_heavy,"[140, 70, 45, 35, 25, 20, 15]",0,0.0,1
505,fe0d714e8be546d994f3469fbc3bd068,7,top_heavy,"[140, 70, 45, 35, 25, 20, 15]",1,1.0,1
506,cac7bd69b3e546a8aeccaeabc394f172,7,top_heavy,"[140, 70, 45, 35, 25, 20, 15]",0,0.13333333333333333,1
507,8a6ced88638f4bf68c6bb3d7a979d48e,7,top_heavy,"[140, 70, 45, 35, 25, 20, 15]",0,0.0,1
508,9186ab50536b4241b5033a6f1bfa8c9b,7,top_heavy,"[140, 70, 45, 35, 25, 20, 15]",1,1.0,1
509,4166369ecf494ae998597cee8f2be647,7,top_heavy,"[140, 70, 45, 35, 25, 20, 15]",0,0.15384615384615385,1
510,78112e7810214d80b8fab5fa51c61200,7,top_heavy,"[140, 70, 45, 35, 25, 20, 15]",0,0.0,0
511,38ec897108f245b19aeba0e93e304360,7,top_heavy,"[140, 70, 45, 35, 25, 20, 15]",1,1.0,1
512,b26cac2e25c243dd93e2ac30801d55c9,7,top_heavy,"[140, 70, 45, 35, 25, 20, 15]",0,0.2857142857142857,1
513,dda0f54af5084a31a2746f72210b0bd4,7,top_heavy,"[140, 70, 45, 35, 25, 20, 15]",0,0.20689655172413793,1
514,8444096a84e9455287180d0b1a928142,7,top_heavy,"[140, 70, 45, 35, 25, 20, 15]",0,0.054054054054054064,1
515,22f46485365f4209a992b2f67feb0440,7,top_heavy,"[140, 70, 45, 35, 25, 20, 15]",0,0.5,1
516,de36cde140ee4ceda620f1518dd104bc,7,top_heavy,"[140, 70, 45, 35, 25, 20, 15]",0,0.0,1
517,08183378ccb3472d903fd95b3b82e132,7,top_heavy,"[140, 70, 45, 35, 25, 20, 15]",0,0.2857142857142857,1
518,cb08cc75e99a4ec9807321f51dd40566,7,top_heavy,"[140, 70, 45, 35, 25, 20, 15]",0,0.0,1
519,1667240d3dd740ffa3c317106730a441,7,top_heavy,"[140, 70, 45, 35, 25, 20, 15]",0,0.0,0
520,b1de8025e01448dcabb96c7e5fab0186,7,top_heavy,"[140, 70, 45, 35, 25, 20, 15]",0,0.0,1
521,4c3cfd857b01453f9d193ba70e0f2257,7,top_heavy,"[140, 70, 45, 35, 25, 20, 15]",1,1.0,1
522,bcdd509239274509afc8ae77cb5df604,7,top_heavy,"[140, 70, 45, 35, 25, 20, 15]",0,0.5,1
523,f7776c027aca468e87d60716cfe3c1c3,7,top_heavy,"[140, 70, 45, 35, 25, 20, 15]",0,0.6666666666666666,1
524,2242d2a664df4bf1967d3689e8b069d0,7,top_heavy,"[140, 70, 45, 35, 25, 20, 15]",1,1.0,1
525,420222ccc3794c10a9750e897a4532e0,7,top_heavy,"[140, 70, 45, 35, 25, 20, 15]",0,0.0,0
526,fe94d55d37024a71afeebcce19c9779c,7,top_heavy,"[140, 70, 45, 35, 25, 20, 15]",0,0.0,0
527,16083c1098654497a127f77ea191c127,7,top_heavy,"[140, 70, 45, 35, 25, 20, 15]",0,0.0,1
528,427c5359e1bd4e2ca065c379a9c5d227,7,top_heavy,"[140, 70, 45, 35, 25, 20, 15]",0,0.8,1
529,6b25cbff83ef403ba7c2ee3b03a1d8be,7,top_heavy,"[140, 70, 45, 35, 25, 20, 15]",0,0.0,0
530,d23a30ecc5b8469c8e6324ff5d42409b,7,top_heavy,"[140, 70, 45, 35, 25, 20, 15]",0,0.0,1
531,c4eb8e9e88a64fa49128ad4e99776c91,7,top_heavy,"[140, 70, 45, 35, 25, 20, 15]",0,0.0,1
532,0e497d4f0b4642248a1e1e4b25960ce0,7,top_heavy,"[140, 70, 45, 35, 25, 20, 15]",1,1.0,1
533,02a006ec43e94d8a8fec1ab448fa5e00,7,top_heavy,"[140, 70, 45, 35, 25, 20, 15]",0,0.4,1
534,6bdd81ddfa4d41f9a8dac2c1ce206945,7,top_heavy,"[140, 70, 45, 35, 25, 20, 15]",0,0.0,1
535,bd35d7a651974bb181849a4486692264,7,top_heavy,"[140, 70, 45, 35, 25, 20, 15]",1,1.0,1
536,7992ef8a5e8f4d9da5a3f75f157136a0,7,top_heavy,"[140, 70, 45, 35, 25, 20, 15]",0,0.0,1
537,10e96facf13e4091ba5c8cee71226ff0,7,top_heavy,"[140, 70, 45, 35, 25, 20, 15]",1,1.0,1
538,e854d8deb6cf4af4ac58d44cb3c027c3,7,top_heavy,"[140, 70, 45, 35, 25, 20, 15]",1,1.0,1
539,80109609b1f24dc0859af11d2bf33ca9,7,top_heavy,"[140, 70, 45, 35, 25, 20, 15]",1,1.0,1
540,1cc25c3729ab4627a29f3f11172af372,7,top_heavy,"[140, 70, 45, 35, 25, 20, 15]",0,0.0,1
541,805a6afa477c45d18a26ebba495ac1b7,7,top_heavy,"[140, 70, 45, 35, 25, 20, 15]",1,1.0,1
542,8dcf91cc88c7478fb336f2b856b1f9b8,7,top_heavy,"[140, 70, 45, 35, 25, 20, 15]",0,0.0,0
543,34532b23c4624e6e92c4faf30085297d,7,top_heavy,"[140, 70, 45, 35, 25, 20, 15]",0,0.0,1
544,ab7f7e70dde447fcaa29fdc20ba659db,7,top_heavy,"[140, 70, 45, 35, 25, 20, 15]",0,0.0,0
545,7904eba267c04097b63fb228937b62bb,7,top_heavy,"[140, 70, 45, 35, 25, 20, 15]",0,0.0,1
546,27ed5ffe8231443985b27f0d9d605774,7,top_heavy,"[140, 70, 45, 35, 25, 20, 15]",0,0.0,1
547,cdec18921af845c694384dea037eb6ec,7,top_heavy,"[140, 70, 45, 35, 25, 20, 15]",0,0.0,0
548,e5d6b99f2e6d4efea5d77b6e01aa98a3,7,top_heavy,"[140, 70, 45, 35, 25, 20, 15]",0,0.0,1
549,52e75f8056964c38b2a325a45841c089,7,top_heavy,"[140, 70, 45, 35, 25, 20, 15]",0,0.4,1
550,241ae106b1f7409d82a03f8296c8a6ab,7,top_heavy,"[140, 70, 45, 35, 25, 20, 15]",0,0.05128205128205127,1
551,374f14d949354e9aa9bdcfdc090433d7,7,top_heavy,"[140, 70, 45, 35, 25, 20, 15]",1,1.0,1
552,051e0cb33cb64409bbf8e8e79165bacf,7,top_heavy,"[140, 70, 45, 35, 25, 20, 15]",0,0.0,1
553,cfc8297fe16243e68fd7df070d7bd587,7,top_heavy,"[140, 70, 45, 35, 25, 20, 15]",0,0.5217391304347826,1
554,7df3df70d1c74ae9a1255fbee295ef62,7,top_heavy,"[140, 70, 45, 35, 25, 20, 15]",0,0.13333333333333333,1
555,9238d14529524f97a206ee0d51f157b8,7,top_heavy,"[140, 70, 45, 35, 25, 20, 15]",0,0.0,0
556,0c9774b9297641e39224f703c4e13ec6,7,top_heavy,"[140, 70, 45, 35, 25, 20, 15]",0,0.0,1
557,5837e1a0fc834500856bc94d81b68ac2,7,top_heavy,"[140, 70, 45, 35, 25, 20, 15]",0,0.0,0
558,95e677b8475e40e3a6abedec6fe17104,7,top_heavy,"[140, 70, 45, 35, 25, 20, 15]",0,0.0,0
559,04aa223c25b44b43ba9c2cc94fb5ccc1,7,top_heavy,"[140, 70, 45, 35, 25, 20, 15]",0,0.0,1
560,b18ad0a41f164debb57278760e011fd1,7,top_heavy,"[140, 70, 45, 35, 25, 20, 15]",0,0.0,0
561,2ff5deeb56834423b46cb59226137c85,7,top_heavy,"[140, 70, 45, 35, 25, 20, 15]",1,1.0,1
562,fc754599d5c048639de9864adbce649a,7,top_heavy,"[140, 70, 45, 35, 25, 20, 15]",0,0.0,1
563,962454a456cc4bbb9a8d5bfba6abf79c,7,top_heavy,"[140, 70, 45, 35, 25, 20, 15]",0,0.21052631578947367,1
564,902f161fe57f4998b07fd0de6d95270d,7,top_heavy,"[140, 70, 45, 35, 25, 20, 15]",0,0.888888888888889,1
565,386263cd9738415982f8a63c4d30c2c5,7,top_heavy,"[140, 70, 45, 35, 25, 20, 15]",0,0.6666666666666666,0
566,7fa327c5d6d443e8b5528c521db7bf65,7,top_heavy,"[140, 70, 45, 35, 25, 20, 15]",0,0.0,0
567,a3350d80e3c94368aed1d9a34577d519,7,top_heavy,"[140, 70, 45, 35, 25, 20, 15]",0,0.0,1
568,0cecc7cafa884126923093cb39466c96,7,top_heavy,"[140, 70, 45, 35, 25, 20, 15]",1,1.0,1
569,e23472157c0d4ebe81a0fa5c027b3359,7,top_heavy,"[140, 70, 45, 35, 25, 20, 15]",0,0.0,0
570,0d5bc4fc6f0c425b98565b8f80bb6e43,7,top_heavy,"[140, 70, 45, 35, 25, 20, 15]",0,0.0,0
571,0104a4f929b64f0e84d574262a285e30,7,top_heavy,"[140, 70, 45, 35, 25, 20, 15]",1,1.0,1
572,c5dc840ded554956be6daa4c6631deb3,7,top_heavy,"[140, 70, 45, 35, 25, 20, 15]",1,1.0,1
573,6254496b903a42e680fd882f3283fb49,7,top_heavy,"[140, 70, 45, 35, 25, 20, 15]",1,1.0,1
574,1f73b3ea836548d496ef68c08f4369f4,7,top_heavy,"[140, 70, 45, 35, 25, 20, 15]",1,1.0,1
575,6c170e4dcb7d4be0a567d55d531ba222,7,top_heavy,"[140, 70, 45, 35, 25, 20, 15]",0,0.4,1
576,64ca162a7daf4ca0b747b8b3d75eca51,7,top_heavy,"[140, 70, 45, 35, 25, 20, 15]",0,0.0,0
577,a73cab123714432c9731e0568fd9d43c,7,top_heavy,"[140, 70, 45, 35, 25, 20, 15]",0,0.33333333333333337,1
578,e504aa46a10248e8b18cb4639dce0467,7,top_heavy,"[140, 70, 45, 35, 25, 20, 15]",0,0.5,1
579,8e5c3c1a2b514ea2b0d9eb06879364c2,7,top_heavy,"[140, 70, 45, 35, 25, 20, 15]",1,1.0,1
580,843521ec385d4ca797c3a37842424dae,7,top_heavy,"[140, 70, 45, 35, 25, 20, 15]",0,0.0,0
581,1554e7b389d54ff7904f0bf2d82e269c,7,top_heavy,"[140, 70, 45, 35, 25, 20, 15]",0,0.0,0
582,0c64ef2bbeb543bf87efbb0b2617f2b1,7,top_heavy,"[140, 70, 45, 35, 25, 20, 15]",1,1.0,1
583,ffc6152628c540ecae6e6bab7f420f28,7,top_heavy,"[140, 70, 45, 35, 25, 20, 15]",0,0.888888888888889,1
584,c7c63ad1a040451eaf13ad8160295ba0,7,top_heavy,"[140, 70, 45, 35, 25, 20, 15]",0,0.0,0
585,e6a17a43379a40d1a0388edd679e1fc3,7,top_heavy,"[140, 70, 45, 35, 25, 20, 15]",0,0.0,1
586,808b1f032cab4da587ca8837b7ee6686,7,top_heavy,"[140, 70, 45, 35, 25, 20, 15]",0,0.0,1
587,28ae4259c5bd485a899ec68af2eb4264,7,top_heavy,"[140, 70, 45, 35, 25, 20, 15]",0,0.0,0
588,62179d55c8ab4178bb0450eafda198cf,7,top_heavy,"[140, 70, 45, 35, 25, 20, 15]",0,0.0,0
589,157c103f7f3942c8be2ee84825ff7f32,7,top_heavy,"[140, 70, 45, 35, 25, 20, 15]",0,0.14285714285714288,1
590,c551f0e759174fbc80c4d851c51c31fd,7,top_heavy,"[140, 70, 45, 35, 25, 20, 15]",1,1.0,1
591,8a34a18a13e9487984c1d6839fed053e,7,top_heavy,"[140, 70, 45, 35, 25, 20, 15]",0,0.5,0
592,d4b5dfb2769d4208804f62b71b6e71c3,7,top_heavy,"[140, 70, 45, 35, 25, 20, 15]",0,0.0,0
593,77eaa1d176e14eb092f85c51020850ff,7,top_heavy,"[140, 70, 45, 35, 25, 20, 15]",0,0.0,0
594,8dbad2970e8945f0a4595ccae78e57e9,7,top_heavy,"[140, 70, 45, 35, 25, 20, 15]",0,0.0,0
595,01649970ebdc4958a48c133492620c31,7,top_heavy,"[140, 70, 45, 35, 25, 20, 15]",0,0.0,1
596,695bcb8dd90046bba77ed4fe322db935,7,top_heavy,"[140, 70, 45, 35, 25, 20, 15]",0,0.0,1
597,ce37bce116da48499f15b84b3c158692,7,top_heavy,"[140, 70, 45, 35, 25, 20, 15]",1,1.0,1
598,e88a0c1244b5484b830b44a6139bec80,7,top_heavy,"[140, 70, 45, 35, 25, 20, 15]",0,0.0,0
599,60b894ff9c6c43c58bc90fcc2aa78e43,7,top_heavy,"[140, 70, 45, 35, 25, 20, 15]",0,0.0,0
600,3ffa9e00578043369a677dc8661bfc96,7,top_heavy,"[140, 70, 45, 35, 25, 20, 15]",0,0.5555555555555556,1
601,22389bcc734d49d98fdccaf2c36e5c7f,7,top_heavy,"[140, 70, 45, 35, 25, 20, 15]",0,0.0,1
602,2d006592676144faac44e16423bfb178,7,top_heavy,"[140, 70, 45, 35, 25, 20, 15]",0,0.8,1
603,b20e7a05673a4b3c8ee29beaba23f73a,7,top_heavy,"[140, 70, 45, 35, 25, 20, 15]",1,1.0,1
604,299726f939f0420aaeb6e5f33a325d39,7,top_heavy,"[140, 70, 45, 35, 25, 20, 15]",0,0.0,0
605,4740a5c55c1f47bf93a59c65525f43e9,7,top_heavy,"[140, 70, 45, 35, 25, 20, 15]",1,1.0,1
606,c01e2730fd0544988a6e4c5dc11e0734,7,top_heavy,"[140, 70, 45, 35, 25, 20, 15]",0,0.0,0
607,02e40f5399fb4b2386f784865610ff5a,7,top_heavy,"[140, 70, 45, 35, 25, 20, 15]",1,1.0,1
608,d9f2855c8621457fb68bac161b7f811b,7,top_heavy,"[140, 70, 45, 35, 25, 20, 15]",0,0.0,1
609,4d2ab04164304690b5bbc05618e82a59,7,top_heavy,"[140, 70, 45, 35, 25, 20, 15]",0,0.0,1
610,0c1be19d610b4fa59930cc5cc930c9d2,7,top_heavy,"[140, 70, 45, 35, 25, 20, 15]",0,0.0,0
611,9d3dd78635084be1bb29a74d6ae963f6,7,top_heavy,"[140, 70, 45, 35, 25, 20, 15]",1,1.0,1
612,c992708e6d004bedb81d57b076e33286,7,top_heavy,"[140, 70, 45, 35, 25, 20, 15]",0,0.10526315789473684,1
613,cf40be104bfe45338fb4e03c699a2f7f,7,top_heavy,"[140, 70, 45, 35, 25, 20, 15]",0,0.0,0
614,07ebc87534e64dfca8d40500fe2ecd3b,7,top_heavy,"[140, 70, 45, 35, 25, 20, 15]",0,0.0,1
615,7d4f644a529f41c4b257f9ffb9ce9c87,7,top_heavy,"[140, 70, 45, 35, 25, 20, 15]",0,0.7272727272727273,1
616,18fa422e1baf476fbce6d230e0858000,7,top_heavy,"[140, 70, 45, 35, 25, 20, 15]",0,0.15384615384615385,1
617,0178feda5ef74636ba6e5ba11135ceb6,7,top_heavy,"[140, 70, 45, 35, 25, 20, 15]",0,0.0,1
618,4a93c5ba8a9f4632b9fd8768d008ea73,7,top_heavy,"[140, 70, 45, 35, 25, 20, 15]",0,0.0,0
619,a0cdfbc45b3f4641b64a2dfd3bde4c2b,7,top_heavy,"[140, 70, 45, 35, 25, 20, 15]",0,0.0,0
620,79668b02828141b4bc20fd9faba0e2d9,7,top_heavy,"[140, 70, 45, 35, 25, 20, 15]",1,1.0,1
621,ebf5e6a8dd1742b68312c2c6ada5aad0,7,top_heavy,"[140, 70, 45, 35, 25, 20, 15]",0,0.0,0
622,599f7e94db9a48019f887451a66c4e1d,7,top_heavy,"[140, 70, 45, 35, 25, 20, 15]",0,0.0,1
623,00388805ff934f4a9f6c374dd50be557,7,top_heavy,"[140, 70, 45, 35, 25, 20, 15]",0,0.0,1
624,8067ee0ec3df4208924631047ae0c537,7,top_heavy,"[140, 70, 45, 35, 25, 20, 15]",0,0.0,1
625,654cd3a33c974ab989777ea8cd69c130,7,top_heavy,"[140, 70, 45, 35, 25, 20, 15]",0,0.0,1
626,ed981c4aeb414002ad995530646965da,7,top_heavy,"[140, 70, 45, 35, 25, 20, 15]",0,0.0,0
627,23f830d9e6c24104852473a27360624c,7,top_heavy,"[140, 70, 45, 35, 25, 20, 15]",0,0.0,1
628,90f5064a214f4e05b9a65eb206d773ea,7,top_heavy,"[140, 70, 45, 35, 25, 20, 15]",1,1.0,1
629,47e690d71a1648aba0e8ee4f18ede013,7,top_heavy,"[140, 70, 45, 35, 25, 20, 15]",0,0.0,0
630,5dc68d2932bb4b0f861bd4642c674c43,7,top_heavy,"[140, 70, 45, 35, 25, 20, 15]",0,0.0,1
631,e04f0cda81094300afaba328511581fe,7,top_heavy,"[140, 70, 45, 35, 25, 20, 15]",0,0.0,0
632,f540c016913344238538408d0b3ac731,7,top_heavy,"[140, 70, 45, 35, 25, 20, 15]",0,0.05714285714285715,1
633,2cdea969eb1441afb20bee7330453eac,7,top_heavy,"[140, 70, 45, 35, 25, 20, 15]",0,0.0,0
634,d7a9a5bd73444bfd8f0d54e0ee743304,7,top_heavy,"[140, 70, 45, 35, 25, 20, 15]",1,1.0,1
635,1cf1d0fdb27f4ba6a2399a4a86b09b8e,7,top_heavy,"[140, 70, 45, 35, 25, 20, 15]",0,0.0,1
636,807640dab41142919b0c0452a24b2e79,7,top_heavy,"[140, 70, 45, 35, 25, 20, 15]",0,0.0,1
637,61bcc7e8df9841939729131fba4cd039,7,top_heavy,"[140, 70, 45, 35, 25, 20, 15]",0,0.0,1
638,d6270ad7fc144895abf4552a2e0f8fc4,7,top_heavy,"[140, 70, 45, 35, 25, 20, 15]",0,0.5,1
639,06752c5554924c339e8cc99f3e4776aa,7,top_heavy,"[140, 70, 45, 35, 25, 20, 15]",1,1.0,1
640,60df89b8d9d34129982e9438443b7d96,7,top_heavy,"[140, 70, 45, 35, 25, 20, 15]",0,0.0,0
641,c90c0b26990c48c3b78097fd570a807b,7,top_heavy,"[140, 70, 45, 35, 25, 20, 15]",0,0.3870967741935484,1
642,c5c6a6a15e594958ba61f8231ad1c9d0,7,top_heavy,"[140, 70, 45, 35, 25, 20, 15]",0,0.0,1
643,eb2fd89fd658434d97ecf961b12aed59,7,top_heavy,"[140, 70, 45, 35, 25, 20, 15]",0,0.0,1
644,f380a5932d4b4a43969a84c3338edae0,7,top_heavy,"[140, 70, 45, 35, 25, 20, 15]",0,0.0,1
645,a65e6461f74c47c9a5ffee9366dea0a4,7,top_heavy,"[140, 70, 45, 35, 25, 20, 15]",1,1.0,1
646,8f3827c3491247c7ab4d7706cbb8ef6d,7,top_heavy,"[140, 70, 45, 35, 25, 20, 15]",0,0.0,0
647,3f70de0169eb42c3a4b40cd1e5f1be61,7,top_heavy,"[140, 70, 45, 35, 25, 20, 15]",1,1.0,1
648,f5855e26ffa944fab475fd077cb06a43,7,top_heavy,"[140, 70, 45, 35, 25, 20, 15]",0,0.0,0
649,db63ac356f6a4df8b59087b055a45357,7,top_heavy,"[140, 70, 45, 35, 25, 20, 15]",0,0.0,0
650,9c03696110b94d56bbfbc83746f79a94,7,top_heavy,"[140, 70, 45, 35, 25, 20, 15]",0,0.0,1
651,c4b8fa26b7e741fd8b4b8e4120d39d41,7,top_heavy,"[140, 70, 45, 35, 25, 20, 15]",0,0.7499999999999999,1
652,5a1d3756a44c4a5ba9b30237dd1c807f,7,top_heavy,"[140, 70, 45, 35, 25, 20, 15]",0,0.0,1
653,50e8ae7a28b347edbef6a9604da6802a,7,top_heavy,"[140, 70, 45, 35, 25, 20, 15]",0,0.6666666666666666,1
654,29cf64bece6c424f80f4a55c46fc523f,7,top_heavy,"[140, 70, 45, 35, 25, 20, 15]",0,0.0,0
655,e17e9f25a202485c8d14b354a92e101d,7,top_heavy,"[140, 70, 45, 35, 25, 20, 15]",0,0.0,0
656,17ca78d8ef664047ad404f91d1f62c4b,7,top_heavy,"[140, 70, 45, 35, 25, 20, 15]",0,0.0,1
657,0af0869096df4dff8325c3f2ff584087,7,top_heavy,"[140, 70, 45, 35, 25, 20, 15]",0,0.8,1
658,580cfb51fef84f5e9cb2de0be76eaa61,7,top_heavy,"[140, 70, 45, 35, 25, 20, 15]",0,0.6666666666666666,1
659,c0d5e844424d4d9bb84902a8ce411cc2,7,top_heavy,"[140, 70, 45, 35, 25, 20, 15]",0,0.0,1
660,c24d3c06799444db84d703cd715d2979,7,top_heavy,"[140, 70, 45, 35, 25, 20, 15]",0,0.0,1
661,ef29092974ce40b980f963ac746247ec,7,top_heavy,"[140, 70, 45, 35, 25, 20, 15]",0,0.0,1
662,b7e11924f8a34063ba5445261471e552,7,top_heavy,"[140, 70, 45, 35, 25, 20, 15]",1,1.0,1
663,a25ba84fca504b2aa4e126007a22a14f,7,top_heavy,"[140, 70, 45, 35, 25, 20, 15]",0,0.5,1
664,0134a374dcf1451a820c7fd997862851,7,top_heavy,"[140, 70, 45, 35, 25, 20, 15]",0,0.0,0
665,72fa80f3ffa24cadbc2df7c806b0b59b,7,top_heavy,"[140, 70, 45, 35, 25, 20, 15]",0,0.0,0
666,692352f2fd7d4a389c1f1ca96570be32,7,top_heavy,"[140, 70, 45, 35, 25, 20, 15]",0,0.0,0
667,e9e6e952876b4c2b864f9c5fd00a3d8a,7,top_heavy,"[140, 70, 45, 35, 25, 20, 15]",0,0.0,0
668,fe0121ef5b874df0bfca5369f2253f03,7,top_heavy,"[140, 70, 45, 35, 25, 20, 15]",0,0.0,1
669,4453276e770a4ed7b7051d9d65d40975,7,top_heavy,"[140, 70, 45, 35, 25, 20, 15]",1,1.0,1
670,ea6918ad41e84412b642d9ac01b6d839,7,top_heavy,"[140, 70, 45, 35, 25, 20, 15]",0,0.0,1
671,99429dc4d1044cb49e70ceb6f3914e07,7,top_heavy,"[140, 70, 45, 35, 25, 20, 15]",0,0.0,1
672,7def903743ac43748483019d8b62d815,7,top_heavy,"[140, 70, 45, 35, 25, 20, 15]",0,0.0,0
673,8a018a8b09d14b4cb164c0abfd1594bb,7,top_heavy,"[140, 70, 45, 35, 25, 20, 15]",1,1.0,1
674,8907b0e8c2e142a395a35b0c5560fe6a,7,top_heavy,"[140, 70, 45, 35, 25, 20, 15]",0,0.0,0
675,1ae4333af7ca4c33953c8030c3aed22f,7,top_heavy,"[140, 70, 45, 35, 25, 20, 15]",0,0.18181818181818182,0
676,989fede52bf840609bb69d7ba143301b,7,top_heavy,"[140, 70, 45, 35, 25, 20, 15]",0,0.0,0
677,368647e758554203bcd6310b0cb41a9f,7,top_heavy,"[140, 70, 45, 35, 25, 20, 15]",0,0.0,0
678,2662231ec6934df58d84e851aaff80fc,7,top_heavy,"[140, 70, 45, 35, 25, 20, 15]",1,1.0,1
679,aa4169b3de364c318562b0b09308caa0,7,top_heavy,"[140, 70, 45, 35, 25, 20, 15]",0,0.0,1
680,a71f1a9b718241dd890fd8feb1be3ab8,7,top_heavy,"[140, 70, 45, 35, 25, 20, 15]",0,0.06666666666666667,0
681,4d50fbdd13184f64aa70b8e68ea872d8,7,top_heavy,"[140, 70, 45, 35, 25, 20, 15]",0,0.0,1
682,914623f6bde244cab5e20f01a6d2560b,7,top_heavy,"[140, 70, 45, 35, 25, 20, 15]",0,0.0,1
683,6a80ae4b171345c3ba541b8aa343b1be,7,top_heavy,"[140, 70, 45, 35, 25, 20, 15]",0,0.0,0
684,055162a66045404b8d06e59773ef2e49,7,top_heavy,"[140, 70, 45, 35, 25, 20, 15]",0,0.19999999999999998,1
685,6e0186a28acb4427aedaee03db16e623,7,top_heavy,"[140, 70, 45, 35, 25, 20, 15]",0,0.0,1
686,7f5733184c134247ad79a6d2bc6f0081,7,top_heavy,"[140, 70, 45, 35, 25, 20, 15]",0,0.4,1
687,831bd2a4a96f4496947a5656ac12135d,7,top_heavy,"[140, 70, 45, 35, 25, 20, 15]",0,0.12000000000000001,0
688,1d5e987319ba4158a12cab23543a04aa,7,top_heavy,"[140, 70, 45, 35, 25, 20, 15]",0,0.0,0
689,c9a9b912b07b4c91a98f4134fbc3c6f5,7,top_heavy,"[140, 70, 45, 35, 25, 20, 15]",0,0.0,1
690,a7fafb4013664c78a931293de688bedb,7,top_heavy,"[140, 70, 45, 35, 25, 20, 15]",0,0.0,1
691,0099081da3eb4d36bc020201d4f97a27,7,top_heavy,"[140, 70, 45, 35, 25, 20, 15]",0,0.0,0
692,b33f0ec8e82f44baa01e6b09f9e69104,7,top_heavy,"[140, 70, 45, 35, 25, 20, 15]",0,0.0,1
693,e62ec634d4b44a50842d1913910877a5,7,top_heavy,"[140, 70, 45, 35, 25, 20, 15]",0,0.0,1
694,c78e0c2903384595af84d1f0cf51a54f,7,top_heavy,"[140, 70, 45, 35, 25, 20, 15]",0,0.0,0
695,d313b671236c48f3b029c72fbc46971b,7,top_heavy,"[140, 70, 45, 35, 25, 20, 15]",0,0.0,0
696,3d674d0b82684e87bdc226d9d614e6e4,7,top_heavy,"[140, 70, 45, 35, 25, 20, 15]",0,0.0,0
697,4054abd26fcb4958b130fe94dda895ee,7,top_heavy,"[140, 70, 45, 35, 25, 20, 15]",1,1.0,1
698,65e2cb72034947f0ad2e4fbae41a103e,7,top_heavy,"[140, 70, 45, 35, 25, 20, 15]",0,0.5384615384615385,1
699,c1b2178b59534886b5fab6b21bb11662,7,top_heavy,"[140, 70, 45, 35, 25, 20, 15]",1,1.0,1
700,ca8d39a6862e49b58a03a0da02a7bede,7,top_heavy,"[140, 70, 45, 35, 25, 20, 15]",0,0.0,0
701,daa68770d88b4dbabfc2955ecc647750,7,top_heavy,"[140, 70, 45, 35, 25, 20, 15]",0,0.0,0
702,504074fdd18a4bfdb3c4d8b3d6a4b589,7,top_heavy,"[140, 70, 45, 35, 25, 20, 15]",0,0.0,0
703,ba3edfff481042f2a104ffdc278727c0,7,top_heavy,"[140, 70, 45, 35, 25, 20, 15]",0,0.0,0
704,08b635995bc64aefba8d3fdb405e1b4b,7,top_heavy,"[140, 70, 45, 35, 25, 20, 15]",0,0.0,0
705,775656e96e4747f5a17cc2b57edd12b7,7,top_heavy,"[140, 70, 45, 35, 25, 20, 15]",0,0.0,1
706,b2726529c0374da2bcb670a3c89f58a4,7,top_heavy,"[140, 70, 45, 35, 25, 20, 15]",0,0.0,0
707,7951ebb574024ca7958ac8e4f56cc046,7,top_heavy,"[140, 70, 45, 35, 25, 20, 15]",0,0.0,1
708,a0eed9d8178c4928b016bdf106f59e9e,7,top_heavy,"[140, 70, 45, 35, 25, 20, 15]",0,0.0,0
709,ed28bccab4dc46f0a12e98fd366f2a83,7,top_heavy,"[140, 70, 45, 35, 25, 20, 15]",0,0.0,0
710,1329f988ad3845129c304b54501c934c,7,top_heavy,"[140, 70, 45, 35, 25, 20, 15]",0,0.6666666666666666,1
711,bccab12e798e428b8869c19eb4feac2c,7,top_heavy,"[140, 70, 45, 35, 25, 20, 15]",0,0.0,0
712,692084604fa74539aa32ec6abec75341,7,top_heavy,"[140, 70, 45, 35, 25, 20, 15]",0,0.34285714285714286,1
713,3e4aa100c744486d883502dd35d3569c,7,top_heavy,"[140, 70, 45, 35, 25, 20, 15]",0,0.0,0
714,aa7ddfbb8f3c403ba5b0a0ded76f2bff,7,top_heavy,"[140, 70, 45, 35, 25, 20, 15]",0,0.0,0
715,ba1325c4040040a0b7809a32536da5fe,7,top_heavy,"[140, 70, 45, 35, 25, 20, 15]",0,0.0,0
716,3257fb95269946feab9eeec2ebcd3522,7,top_heavy,"[140, 70, 45, 35, 25, 20, 15]",1,1.0,1
717,fea7e77ef2364dcdb4bbfa5d69b0c0ef,7,top_heavy,"[140, 70, 45, 35, 25, 20, 15]",0,0.6666666666666666,1
718,60438978506949e79645c14afd3a21dd,7,top_heavy,"[140, 70, 45, 35, 25, 20, 15]",0,0.6666666666666666,1
719,5d6123571c4f4e5cb365ed1f2f6453f6,7,top_heavy,"[140, 70, 45, 35, 25, 20, 15]",0,0.0,1
720,f888582a9e324a639852992392b5a0cf,7,top_heavy,"[140, 70, 45, 35, 25, 20, 15]",0,0.0,0
721,6eeccb736c5f4d72944f4c46e4859c9d,7,top_heavy,"[140, 70, 45, 35, 25, 20, 15]",0,0.6666666666666666,1
722,8cd035648dd64edb912f01d1b01e6b89,7,top_heavy,"[140, 70, 45, 35, 25, 20, 15]",0,0.0,0
723,7b190c41b59249bcab29c887d579bb26,7,top_heavy,"[140, 70, 45, 35, 25, 20, 15]",1,1.0,1
724,aee9e1f69d5048c2a687b4a5acc056be,7,top_heavy,"[140, 70, 45, 35, 25, 20, 15]",0,0.5714285714285715,1
725,3e5332718ede4bcb99b7c336ff05b9dd,7,top_heavy,"[140, 70, 45, 35, 25, 20, 15]",1,1.0,1
726,d974393cef5d43e791127eaed8ddb259,7,top_heavy,"[140, 70, 45, 35, 25, 20, 15]",1,1.0,1
727,1cc48ae35d6a4676a0823fdf2550f2ea,7,top_heavy,"[140, 70, 45, 35, 25, 20, 15]",0,0.0,0
728,21532189e740426194a08808390eb2b4,7,top_heavy,"[140, 70, 45, 35, 25, 20, 15]",0,0.0,0
729,64fee0d345024f42864a361022475420,7,top_heavy,"[140, 70, 45, 35, 25, 20, 15]",1,1.0,1
730,e4533ea2a1404bc285933f7355d58203,7,top_heavy,"[140, 70, 45, 35, 25, 20, 15]",0,0.0,0
731,a23bfc2ed0ea4b19b736c30f73f7e406,7,top_heavy,"[140, 70, 45, 35, 25, 20, 15]",0,0.0,0
732,7ca689bb9bd94572af15fb45f2257266,7,top_heavy,"[140, 70, 45, 35, 25, 20, 15]",0,0.0,1
733,311ea5e6c28d46ecb378b855eb0ffe59,7,top_heavy,"[140, 70, 45, 35, 25, 20, 15]",0,0.0,1
734,12cc92d88fd24d6697009b061d1769c2,7,top_heavy,"[140, 70, 45, 35, 25, 20, 15]",1,1.0,1
735,beefda6210c047899b54a61290a9837c,7,top_heavy,"[140, 70, 45, 35, 25, 20, 15]",0,0.8,1
736,928e2cc022da44a4893b47a7fa37e1c6,7,top_heavy,"[140, 70, 45, 35, 25, 20, 15]",0,0.11428571428571427,1
737,241efa1cac394ac983b144420a13a162,7,top_heavy,"[140, 70, 45, 35, 25, 20, 15]",1,1.0,1
738,1c67f7f0037b4ab1bb510cba499d11a4,7,top_heavy,"[140, 70, 45, 35, 25, 20, 15]",0,0.0,1
739,f687cfbb7bec408799b8b6f8285b5608,7,top_heavy,"[140, 70, 45, 35, 25, 20, 15]",0,0.0,1
740,2e613fb291864bdd8a0198c5df5ae238,7,top_heavy,"[140, 70, 45, 35, 25, 20, 15]",0,0.0,0
741,f5b7236c16734b2388cf37cfd5cbf27b,7,top_heavy,"[140, 70, 45, 35, 25, 20, 15]",0,0.16666666666666669,1
742,3a1ba8b914d141eaac80d5de56ed0114,7,top_heavy,"[140, 70, 45, 35, 25, 20, 15]",0,0.0,0
743,671b2208301e460ba1fa588e350b82d6,7,top_heavy,"[140, 70, 45, 35, 25, 20, 15]",0,0.0,1
744,388dcae5aa9248318cd8d493a4c3519b,7,top_heavy,"[140, 70, 45, 35, 25, 20, 15]",1,1.0,1
745,2fcab3f4f6484d8992a6c2aa67aeec69,7,top_heavy,"[140, 70, 45, 35, 25, 20, 15]",0,0.0,1
746,d0bae44433814b2da5d10519d7ea3695,7,top_heavy,"[140, 70, 45, 35, 25, 20, 15]",0,0.0,1
747,6c60d0e46b4a49068acd95570c520c6f,7,top_heavy,"[140, 70, 45, 35, 25, 20, 15]",1,1.0,1
748,2a8e2d0e16d64cc2a03180e7dfb8d745,7,top_heavy,"[140, 70, 45, 35, 25, 20, 15]",0,0.6666666666666666,0
749,6489bd7df2d04a8aa23561eaed38c793,7,top_heavy,"[140, 70, 45, 35, 25, 20, 15]",0,0.0,1
750,6082452e7aeb4e828079e15ab4e7a9a9,7,top_heavy,"[140, 70, 45, 35, 25, 20, 15]",0,0.0,0
751,fc16e9799a154e94b2bcade2e9eacd72,7,top_heavy,"[140, 70, 45, 35, 25, 20, 15]",0,0.0,1
752,17a72d69d7fd4e2fb9c562451e5434ef,7,top_heavy,"[140, 70, 45, 35, 25, 20, 15]",0,0.5714285714285715,1
753,755056d3d07940929387e2e7e76f4acf,7,top_heavy,"[140, 70, 45, 35, 25, 20, 15]",0,0.0,0
754,cbef062d89b944c5acd16f892a79611c,7,top_heavy,"[140, 70, 45, 35, 25, 20, 15]",1,1.0,1
755,a8ec79c66e284a45a63c7dcdcf4f9064,7,top_heavy,"[140, 70, 45, 35, 25, 20, 15]",0,0.0,1
756,6803dc0693214791b3058a87480b15d6,7,top_heavy,"[140, 70, 45, 35, 25, 20, 15]",0,0.6666666666666666,1
757,733d2fd24b0b40f7ba5f0edaed20cca9,7,top_heavy,"[140, 70, 45, 35, 25, 20, 15]",0,0.09090909090909091,1
758,5a154a6b5c364e79b30a1bd2c9e47e0c,7,top_heavy,"[140, 70, 45, 35, 25, 20, 15]",0,0.0,0
759,dc1fb48848df419fba9692dffef22844,7,top_heavy,"[140, 70, 45, 35, 25, 20, 15]",0,0.0,0
760,581d677951c7404d922d56e144504b82,7,top_heavy,"[140, 70, 45, 35, 25, 20, 15]",1,1.0,1
761,3f24c1ba50b04f8493f8663fd779846e,7,top_heavy,"[140, 70, 45, 35, 25, 20, 15]",0,0.0,0
762,a10d412bc874427b9f8df9a729c686a8,7,top_heavy,"[140, 70, 45, 35, 25, 20, 15]",0,0.0625,0
763,99a7d09d04634cc08435d1e4bde155b5,7,top_heavy,"[140, 70, 45, 35, 25, 20, 15]",0,0.0,0
764,5544aab55fe744fab13706c13fcb4f96,7,top_heavy,"[140, 70, 45, 35, 25, 20, 15]",0,0.0,1
765,412a163387474317b4eb02196506d1f4,7,top_heavy,"[140, 70, 45, 35, 25, 20, 15]",0,0.0,1
766,a1c71fcc9f6a468c9468d13d69e711a7,7,top_heavy,"[140, 70, 45, 35, 25, 20, 15]",0,0.0,0
767,3287651f8746453ba1943191b85095a9,7,top_heavy,"[140, 70, 45, 35, 25, 20, 15]",0,0.0,1
768,e2d0189ba8fd449889044fecb68c28b2,7,top_heavy,"[140, 70, 45, 35, 25, 20, 15]",0,0.0,1
769,567c70fec2634f439e055ef5fb30135d,7,top_heavy,"[140, 70, 45, 35, 25, 20, 15]",0,0.0,0
770,febb62323b274b678dc47bb096688f4c,7,top_heavy,"[140, 70, 45, 35, 25, 20, 15]",0,0.0,1
771,e08b24a8d41544e38f2489b4e32e2764,7,top_heavy,"[140, 70, 45, 35, 25, 20, 15]",0,0.0,1
772,ecd82d14cb3e4e28b8307e44f4784ff5,7,top_heavy,"[140, 70, 45, 35, 25, 20, 15]",0,0.0,1
773,a0b2f384132d475d9b375afdc5343fb2,7,top_heavy,"[140, 70, 45, 35, 25, 20, 15]",0,0.0,1
774,1703025033a448048d6f688f9321e2a2,7,top_heavy,"[140, 70, 45, 35, 25, 20, 15]",0,0.0,1
775,6c8c2af2e7b14a84acf550c9253961d8,7,top_heavy,"[140, 70, 45, 35, 25, 20, 15]",0,0.0,1
776,6368dd06f186478dae5ba3271569ef66,7,top_heavy,"[140, 70, 45, 35, 25, 20, 15]",0,0.1,0
777,019a54c5394847ec81325e8bdaf8355f,7,top_heavy,"[140, 70, 45, 35, 25, 20, 15]",0,0.0,0
778,4ae06e8228ca4ca89224a8598de5e6d9,7,top_heavy,"[140, 70, 45, 35, 25, 20, 15]",0,0.0,0
779,8ff3ddfe7f3a41e294a831e452189dd5,7,top_heavy,"[140, 70, 45, 35, 25, 20, 15]",0,0.0,0
780,52f45355af90482cb6a950e995783d4b,7,top_heavy,"[140, 70, 45, 35, 25, 20, 15]",0,0.0,0
781,b455ff336ebe403e896b9be3465811f7,7,top_heavy,"[140, 70, 45, 35, 25, 20, 15]",1,1.0,1
782,fef91dcc799042b59201fc0f963a8b17,7,top_heavy,"[140, 70, 45, 35, 25, 20, 15]",0,0.0,0
783,a2374c9022504b94b1a832c91ab535fe,7,top_heavy,"[140, 70, 45, 35, 25, 20, 15]",0,0.5,1
784,f1fca269781c4454a9fbcf23844c79dd,7,top_heavy,"[140, 70, 45, 35, 25, 20, 15]",0,0.8,1
785,828c73b72b124615b8ccc1cf1ab1014b,7,top_heavy,"[140, 70, 45, 35, 25, 20, 15]",1,1.0,1
786,ba9e926ece6b4b6e844f51d0b7b0f056,7,top_heavy,"[140, 70, 45, 35, 25, 20, 15]",1,1.0,1
787,b6ae22e3a9d04cfbaf6206a39dd062da,7,top_heavy,"[140, 70, 45, 35, 25, 20, 15]",0,0.5,1
788,1b9decbc39c949e8bf28c759dfe4baa2,7,top_heavy,"[140, 70, 45, 35, 25, 20, 15]",0,0.0,1
789,f5b0c1a6b5824201baa94cf53c56f0c5,7,top_heavy,"[140, 70, 45, 35, 25, 20, 15]",1,1.0,1
790,1fe12d7bff7a46d79f76ccc655caf66c,7,top_heavy,"[140, 70, 45, 35, 25, 20, 15]",0,0.0,1
791,3ca19860d31d40d58c3d6018498bbc5e,7,top_heavy,"[140, 70, 45, 35, 25, 20, 15]",1,1.0,1
792,de7fae20ac624dc9af5949d97f30a79a,7,top_heavy,"[140, 70, 45, 35, 25, 20, 15]",0,0.28571428571428575,1
793,d9d30d695b524637976deff70f6a7afd,7,top_heavy,"[140, 70, 45, 35, 25, 20, 15]",0,0.5714285714285715,1
794,8be91aa0873e4a4bb89703628089432a,7,top_heavy,"[140, 70, 45, 35, 25, 20, 15]",1,1.0,1
795,a3ff08899c474fcdaaae2dd2409ec7a0,7,top_heavy,"[140, 70, 45, 35, 25, 20, 15]",0,0.07547169811320753,1
796,bb1589db33fa4309b9b3f7fb5e4b3480,7,top_heavy,"[140, 70, 45, 35, 25, 20, 15]",0,0.0,1
797,2d6a236fd6104736bfb0ae4404ee6ea9,7,top_heavy,"[140, 70, 45, 35, 25, 20, 15]",0,0.6666666666666666,1
798,9c4719555e46425496a22559eff66115,7,top_heavy,"[140, 70, 45, 35, 25, 20, 15]",0,0.0,0
799,3a63e60b8ef140d28f31325f8211cb10,7,top_heavy,"[140, 70, 45, 35, 25, 20, 15]",0,0.0,0
800,93447ee40a954604bc8e1c926079b785,7,top_heavy,"[140, 70, 45, 35, 25, 20, 15]",0,0.07692307692307693,1
801,aa55b1829c9c41e28f3998d32da669ec,7,top_heavy,"[140, 70, 45, 35, 25, 20, 15]",0,0.0909090909090909,1
802,6eb7f187d8aa4f319e63ad269404dab2,7,top_heavy,"[140, 70, 45, 35, 25, 20, 15]",0,0.5,1
803,67a58f5e2ff7455f8807463f414f9b99,7,top_heavy,"[140, 70, 45, 35, 25, 20, 15]",0,0.0,1
804,d62824da543e474da60ae07308009055,7,top_heavy,"[140, 70, 45, 35, 25, 20, 15]",0,0.0,0
805,b3d58c3cb86044e1ac53ac99a0246d3b,7,top_heavy,"[140, 70, 45, 35, 25, 20, 15]",0,0.0,1
806,6973eb89fb1441328fc7a79248c2a0ec,7,top_heavy,"[140, 70, 45, 35, 25, 20, 15]",0,0.0,0
807,dca240ce71894a9798451f919b5d9df0,7,top_heavy,"[140, 70, 45, 35, 25, 20, 15]",0,0.2857142857142857,1
808,b0d95637bcb44afb96457d3053631d5f,7,top_heavy,"[140, 70, 45, 35, 25, 20, 15]",1,1.0,1
809,8de2ee8d56464a9d971fdae65ae0f72b,7,top_heavy,"[140, 70, 45, 35, 25, 20, 15]",0,0.0,1
810,83966e58471549e2adc73c25f58c846b,7,top_heavy,"[140, 70, 45, 35, 25, 20, 15]",0,0.0,0
811,bb0d3b5086f845df8acfbf503fa4c2ff,7,top_heavy,"[140, 70, 45, 35, 25, 20, 15]",0,0.0,1
812,706ce26401d54a5d94687fb541f7350c,7,top_heavy,"[140, 70, 45, 35, 25, 20, 15]",0,0.05555555555555556,1
813,bf72c01037194351b8d906e8e8c4c0cc,7,top_heavy,"[140, 70, 45, 35, 25, 20, 15]",0,0.0,0
814,afa333ac95d848f0a60cde4f10d6e261,7,top_heavy,"[140, 70, 45, 35, 25, 20, 15]",0,0.0,0
815,41d5a6d229964b50b3c73d5bc9a5d1fa,7,top_heavy,"[140, 70, 45, 35, 25, 20, 15]",0,0.0,1
816,b94b8e734c3b40eaba7291c227e2edb7,7,top_heavy,"[140, 70, 45, 35, 25, 20, 15]",0,0.0,1
817,786765cfe8b44449af887152402aaa29,7,top_heavy,"[140, 70, 45, 35, 25, 20, 15]",0,0.0,1
818,031cc546d2904282a49ea01dcfa886c8,7,top_heavy,"[140, 70, 45, 35, 25, 20, 15]",0,0.0,0
819,9759378e0cc44a1c839214bdaa26612d,7,top_heavy,"[140, 70, 45, 35, 25, 20, 15]",0,0.0,1
820,963f7654e83b425bbeadf56527740ba0,7,top_heavy,"[140, 70, 45, 35, 25, 20, 15]",0,0.0,0
821,4fed7ee44ec9407ebf2f05e33d2f6d54,7,top_heavy,"[140, 70, 45, 35, 25, 20, 15]",0,0.0,0
822,e75dd8d226914bd9b9070a34d57ff0c9,7,top_heavy,"[140, 70, 45, 35, 25, 20, 15]",0,0.0,1
823,92216f1e211c4ddf968b958588255feb,7,top_heavy,"[140, 70, 45, 35, 25, 20, 15]",0,0.21052631578947367,0
824,fc9ff2ab888d45b79fa4959911c65e59,7,top_heavy,"[140, 70, 45, 35, 25, 20, 15]",0,0.0,1
825,dadbf5853ac746239f484a0c7ff02245,7,top_heavy,"[140, 70, 45, 35, 25, 20, 15]",0,0.0,1
826,b4e39f9e15734b6a82739950c34aa8ee,7,top_heavy,"[140, 70, 45, 35, 25, 20, 15]",0,0.0,1
827,5ed1ab8a035e44ec9200692431509884,7,top_heavy,"[140, 70, 45, 35, 25, 20, 15]",0,0.0,0
828,2bffb804aab041ee9605adbff83fe141,7,top_heavy,"[140, 70, 45, 35, 25, 20, 15]",0,0.0,0
829,ba4602ee540d4fcfb52af541b3e7dfd8,7,top_heavy,"[140, 70, 45, 35, 25, 20, 15]",0,0.0,1
830,45a6d0b6364d49129a59f0a062a2f9a8,7,top_heavy,"[140, 70, 45, 35, 25, 20, 15]",0,0.0,1
831,199178bd55f849279f0e163c691d0903,7,top_heavy,"[140, 70, 45, 35, 25, 20, 15]",1,1.0,1
832,745c742fa8d94abe88d1330cd4cdae1d,7,top_heavy,"[140, 70, 45, 35, 25, 20, 15]",0,0.6666666666666666,1
833,13c7ec87c0324be5bee05d51772027c5,7,top_heavy,"[140, 70, 45, 35, 25, 20, 15]",0,0.4,1
834,2f82125c096845fc8b5fc65418c486aa,7,top_heavy,"[140, 70, 45, 35, 25, 20, 15]",0,0.5,1
835,6c8e1e1b56bc4eb5b99b83ce6c5f3afd,7,top_heavy,"[140, 70, 45, 35, 25, 20, 15]",1,1.0,1
836,d37cc022c8344772b7d7261033a37c29,7,top_heavy,"[140, 70, 45, 35, 25, 20, 15]",0,0.4827586206896552,1
837,c034e68af36c41d79e0782c060d7acbd,7,top_heavy,"[140, 70, 45, 35, 25, 20, 15]",0,0.8,1
838,0986a62e4b4b48be90e2c9172a5b9617,7,top_heavy,"[140, 70, 45, 35, 25, 20, 15]",0,0.0,1
839,69bda7a3b8cb4e2baecd4fedbe7458ce,7,top_heavy,"[140, 70, 45, 35, 25, 20, 15]",0,0.0606060606060606,1
840,144e38b6eea047c99e7ec1d8dbb6cbbc,7,top_heavy,"[140, 70, 45, 35, 25, 20, 15]",0,0.0,1
841,3cb0174eaaf54d35878f92077740136c,7,top_heavy,"[140, 70, 45, 35, 25, 20, 15]",0,0.0,0
842,e53753e6f784486091c8dce069d90994,7,top_heavy,"[140, 70, 45, 35, 25, 20, 15]",0,0.0,1
843,6d34f597fdc54dd2aa1a8a9e32e596cb,7,top_heavy,"[140, 70, 45, 35, 25, 20, 15]",0,0.0,1
844,dbc0bbc541124ed0843db76f2e3a1581,7,top_heavy,"[140, 70, 45, 35, 25, 20, 15]",0,0.0,1
845,7f00e9c077324f689c8b0746c6381e0e,7,top_heavy,"[140, 70, 45, 35, 25, 20, 15]",0,0.6666666666666666,1
846,bb720c2091ee4a94a85eb81aa5a7acc3,7,top_heavy,"[140, 70, 45, 35, 25, 20, 15]",0,0.0,0
847,aecbba5c017943a79d643d0cc71e57b7,7,top_heavy,"[140, 70, 45, 35, 25, 20, 15]",0,0.0,1
848,a04a4431e605471480fb64662b38504d,7,top_heavy,"[140, 70, 45, 35, 25, 20, 15]",0,0.0,0
849,60bbae0fbec24bf2a8de8ac0b7076b24,7,top_heavy,"[140, 70, 45, 35, 25, 20, 15]",0,0.0,1
850,f20bdc9681624087af1dda063b3a6945,7,top_heavy,"[140, 70, 45, 35, 25, 20, 15]",1,1.0,1
851,0161b1de8e9944f58ba3663305c9759a,7,top_heavy,"[140, 70, 45, 35, 25, 20, 15]",0,0.6666666666666666,1
852,33ad75a283674ce5a8178438d8739810,7,top_heavy,"[140, 70, 45, 35, 25, 20, 15]",0,0.45161290322580644,1
853,3de977d9d8c142c79231c332dad7cfdf,7,top_heavy,"[140, 70, 45, 35, 25, 20, 15]",0,0.0,1
854,42fb458e399b41f9b78a83d4b30d27b0,7,top_heavy,"[140, 70, 45, 35, 25, 20, 15]",0,0.11428571428571428,0
855,96b2b16f84e8465d9de71f9fa9718941,7,top_heavy,"[140, 70, 45, 35, 25, 20, 15]",0,0.0,1
856,68d323c49f9740abbda05876aebfd5d7,7,top_heavy,"[140, 70, 45, 35, 25, 20, 15]",1,1.0,1
857,415c375731994f69a116e415444abd99,7,top_heavy,"[140, 70, 45, 35, 25, 20, 15]",1,1.0,1
858,9fb85b5dcad34ba497f04a41616f6d0c,7,top_heavy,"[140, 70, 45, 35, 25, 20, 15]",0,0.0,0
859,40d56efbcf5041ff9ab958e865e63171,7,top_heavy,"[140, 70, 45, 35, 25, 20, 15]",1,1.0,1
860,16d87b6d44b74c9d9c705b0471dcb4b2,7,top_heavy,"[140, 70, 45, 35, 25, 20, 15]",0,0.0,1
861,1082fd6599c245bba88c6c46ce86eef8,7,top_heavy,"[140, 70, 45, 35, 25, 20, 15]",0,0.0,0
862,d316c97abd1e4815a14a66b9b76df881,7,top_heavy,"[140, 70, 45, 35, 25, 20, 15]",1,1.0,1
863,160bd2f1f99b4697a5945323087874cb,7,top_heavy,"[140, 70, 45, 35, 25, 20, 15]",0,0.6666666666666666,1
864,703c1f0b768d4732afa9e6a5a2d05091,7,top_heavy,"[140, 70, 45, 35, 25, 20, 15]",0,0.0,0
865,85ff90e4fd9c4c8790b6414520150e51,7,top_heavy,"[140, 70, 45, 35, 25, 20, 15]",0,0.0,1
866,7c34ec6a706d4aaf96e4f3356fe2da7c,7,top_heavy,"[140, 70, 45, 35, 25, 20, 15]",0,0.0,1
867,6f811a0a4db94a648917355fabbd40ae,7,top_heavy,"[140, 70, 45, 35, 25, 20, 15]",1,1.0,1
868,48e5d37aaea9404a891d01584e699f18,7,top_heavy,"[140, 70, 45, 35, 25, 20, 15]",1,1.0,1
869,3e8a38a0b3e64f809e791704ac768b95,7,top_heavy,"[140, 70, 45, 35, 25, 20, 15]",0,0.0,0
870,1b454ee0cee8452986cf0b57342e8534,7,top_heavy,"[140, 70, 45, 35, 25, 20, 15]",0,0.0,1
871,893449002d894f7695b2a32aa7713cb5,7,top_heavy,"[140, 70, 45, 35, 25, 20, 15]",0,0.0,1
872,1405700ba6ce4058a4fa68e3c3d680e3,7,top_heavy,"[140, 70, 45, 35, 25, 20, 15]",1,1.0,1
873,5579074640614bacbdd03ed34a3ddf08,7,top_heavy,"[140, 70, 45, 35, 25, 20, 15]",0,0.7000000000000001,1
874,09553563f3b94bfd88d2887043744b77,7,top_heavy,"[140, 70, 45, 35, 25, 20, 15]",1,1.0,1
875,ed00bbd0da8841fa9bb15f15859a9876,7,top_heavy,"[140, 70, 45, 35, 25, 20, 15]",1,1.0,1
876,6dd10f33c4f8423080bdcf84c8a01ef1,7,top_heavy,"[140, 70, 45, 35, 25, 20, 15]",0,0.0,0
877,959464bf0c7c44ba8f2b21448867e4ad,7,top_heavy,"[140, 70, 45, 35, 25, 20, 15]",0,0.0,0
878,bf7fc80bf1024d73b6f5cea672696789,7,top_heavy,"[140, 70, 45, 35, 25, 20, 15]",0,0.0,1
879,06631314756e4d9fa7eb5f040d4d9da4,7,top_heavy,"[140, 70, 45, 35, 25, 20, 15]",0,0.2608695652173913,1
880,1d9dc72255774f95b5e274139d8ea9bd,7,top_heavy,"[140, 70, 45, 35, 25, 20, 15]",0,0.0,1
881,eb0682a6d1694acf886b84a407d68416,7,top_heavy,"[140, 70, 45, 35, 25, 20, 15]",0,0.0,1
882,94b1187d3e5c4282983df4ab44d3d46b,7,top_heavy,"[140, 70, 45, 35, 25, 20, 15]",0,0.0,1
883,50b4c8f6f61a48c289fff1e90d3c1c68,7,top_heavy,"[140, 70, 45, 35, 25, 20, 15]",0,0.0,1
884,8c5e2893db634635891ae6afd30261c4,7,top_heavy,"[140, 70, 45, 35, 25, 20, 15]",0,0.0,0
885,9eecb36f5cb44bb18d24b6efe6824a06,7,top_heavy,"[140, 70, 45, 35, 25, 20, 15]",0,0.0,1
886,25223706065646aebcebc831d267c30d,7,top_heavy,"[140, 70, 45, 35, 25, 20, 15]",0,0.0,0
887,f97a45e3576644eda7c95849e50babef,7,top_heavy,"[140, 70, 45, 35, 25, 20, 15]",1,1.0,1
888,08aee7c44c404089b766cbe0fa2d55f5,7,top_heavy,"[140, 70, 45, 35, 25, 20, 15]",0,0.0,1
889,6d1b542705c74dfcb9ca889be8fc5c82,7,top_heavy,"[140, 70, 45, 35, 25, 20, 15]",0,0.08,0
890,8ce493334e064c2f97343909d7ddb91e,7,top_heavy,"[140, 70, 45, 35, 25, 20, 15]",0,0.3846153846153846,1
891,eb6590ce2f134b889d853696a1519eca,7,top_heavy,"[140, 70, 45, 35, 25, 20, 15]",0,0.04761904761904762,1
892,b5ada864c0934f8b98d919dae0bcec35,7,top_heavy,"[140, 70, 45, 35, 25, 20, 15]",1,1.0,1
893,73d58decb36a470e91d5491834972a95,7,top_heavy,"[140, 70, 45, 35, 25, 20, 15]",0,0.0,1
894,7d08f62337054caa8e0104c19a653158,7,top_heavy,"[140, 70, 45, 35, 25, 20, 15]",0,0.0,1
895,7a24d5cc2a8f44819ca35879d229e8bc,7,top_heavy,"[140, 70, 45, 35, 25, 20, 15]",0,0.0,1
896,97034e6a207f4a238a49bf7babb932e9,7,top_heavy,"[140, 70, 45, 35, 25, 20, 15]",0,0.28571428571428575,1
897,d0ef3a30427c4d66a516feb413c6b262,7,top_heavy,"[140, 70, 45, 35, 25, 20, 15]",0,0.0,1
898,59cca53e121949e39742ee34a89cffab,7,top_heavy,"[140, 70, 45, 35, 25, 20, 15]",0,0.0,1
899,a645bb94c6194b119832d8e395b47a0c,7,top_heavy,"[140, 70, 45, 35, 25, 20, 15]",0,0.0,0
900,9e32a1d3fd11455280d3aecde908c2e6,7,top_heavy,"[140, 70, 45, 35, 25, 20, 15]",0,0.14285714285714288,0
901,7d7537366071415381b140fc2d6bd90b,7,top_heavy,"[140, 70, 45, 35, 25, 20, 15]",0,0.0,1
902,46f896a31c254fb2bf5b68c060edb437,7,top_heavy,"[140, 70, 45, 35, 25, 20, 15]",0,0.0,1
903,2cda8c267a624be184e87b1d2cd0b05c,7,top_heavy,"[140, 70, 45, 35, 25, 20, 15]",0,0.0,1
904,3febc40bd3ee4d4e9226aa424b60123c,7,top_heavy,"[140, 70, 45, 35, 25, 20, 15]",0,0.0,1
905,dfc54f2afa2849f4a1d9d7095fa37f8d,7,top_heavy,"[140, 70, 45, 35, 25, 20, 15]",0,0.0,0
906,57f26f2947864f429083b603d80000aa,7,top_heavy,"[140, 70, 45, 35, 25, 20, 15]",0,0.0,1
907,3e1bed5b98f248738744f4c55f0e6d06,7,top_heavy,"[140, 70, 45, 35, 25, 20, 15]",0,0.0,1
908,6d36da6f7d6c4ae898960241cc99cd4c,7,top_heavy,"[140, 70, 45, 35, 25, 20, 15]",0,0.0,1
909,82f2a270b951424e82df7540c14072d3,7,top_heavy,"[140, 70, 45, 35, 25, 20, 15]",0,0.0,1
910,059055bc2ed24376a2667ee2496aeb0c,7,top_heavy,"[140, 70, 45, 35, 25, 20, 15]",1,1.0,1
911,328dfae8a432499e91c71bad92e2bd79,7,top_heavy,"[140, 70, 45, 35, 25, 20, 15]",0,0.0,1
912,3555cf721db54ce6a35be172f4f0213c,7,top_heavy,"[140, 70, 45, 35, 25, 20, 15]",1,1.0,1
913,6905efa62e924f7c9960bc701d1025bb,7,top_heavy,"[140, 70, 45, 35, 25, 20, 15]",1,1.0,1
914,edd8922fe3ec43be851dee74c97ea861,7,top_heavy,"[140, 70, 45, 35, 25, 20, 15]",0,0.0,0
915,3f5b923f78d642ebb61f535595115ceb,7,top_heavy,"[140, 70, 45, 35, 25, 20, 15]",0,0.0,1
916,644155df8e7446718cc1d9ca4d2f4c05,7,top_heavy,"[140, 70, 45, 35, 25, 20, 15]",1,1.0,1
917,f1cd28d437e44ac586e3494371c55ff1,7,top_heavy,"[140, 70, 45, 35, 25, 20, 15]",0,0.2222222222222222,1
918,b8b75f189ac042c9a664c7bc13bcb936,7,top_heavy,"[140, 70, 45, 35, 25, 20, 15]",0,0.0,0
919,1cdeb2b345c247bfb083ab363bebd64c,7,top_heavy,"[140, 70, 45, 35, 25, 20, 15]",1,1.0,1
920,930d23fe662b49d4bb01a291e8a6ad98,7,top_heavy,"[140, 70, 45, 35, 25, 20, 15]",0,0.0,1
921,46414d4b1b7a4838987e3ee887a448bb,7,top_heavy,"[140, 70, 45, 35, 25, 20, 15]",0,0.0,0
922,fdc90f6593464af6b65c2f38b2c814c6,7,top_heavy,"[140, 70, 45, 35, 25, 20, 15]",1,1.0,1
923,e6cad506fcab4d979e90f4a9176b1408,7,top_heavy,"[140, 70, 45, 35, 25, 20, 15]",1,1.0,1
924,72a4722fda5f436e81437aea9042aaa8,7,top_heavy,"[140, 70, 45, 35, 25, 20, 15]",1,1.0,1
925,76ed5aaaa5bb47d7923d45360b3332ec,7,top_heavy,"[140, 70, 45, 35, 25, 20, 15]",0,0.0,1
926,33d1e51367a3481086b0b8206010e16c,7,top_heavy,"[140, 70, 45, 35, 25, 20, 15]",0,0.0,1
927,d1f6974f4b8f4a189e64cdf36c986df7,7,top_heavy,"[140, 70, 45, 35, 25, 20, 15]",0,0.28571428571428575,1
928,57351304b16347d58b309e84d19b79aa,7,top_heavy,"[140, 70, 45, 35, 25, 20, 15]",0,0.7499999999999999,1
929,7f022ca089d74d51a4be4625cb6191d5,7,top_heavy,"[140, 70, 45, 35, 25, 20, 15]",0,0.0,0
930,3c5e3c93b4f04892a42057005a46caaa,7,top_heavy,"[140, 70, 45, 35, 25, 20, 15]",0,0.0,0
931,f7b2f89be1724a9c86cbcc347b0c4425,7,top_heavy,"[140, 70, 45, 35, 25, 20, 15]",0,0.0,1
932,2af6e73ac32145e9bb843506ce6c6a61,7,top_heavy,"[140, 70, 45, 35, 25, 20, 15]",1,1.0,1
933,c4c1471da58b4cf087e179b9b71adef4,7,top_heavy,"[140, 70, 45, 35, 25, 20, 15]",1,1.0,1
934,1854615c2d334e5aa3a608b90f0547b5,7,top_heavy,"[140, 70, 45, 35, 25, 20, 15]",1,1.0,1
935,402f5f93e4a04d998cb41298d57b8115,7,top_heavy,"[140, 70, 45, 35, 25, 20, 15]",1,1.0,1
936,531226f1c86f49a3bee6638692fedd34,7,top_heavy,"[140, 70, 45, 35, 25, 20, 15]",0,0.0,1
937,23d9c3e938cd4e54a2917488a719b832,7,top_heavy,"[140, 70, 45, 35, 25, 20, 15]",0,0.0,0
938,d5012bef02214f0c9698b7a828959e39,7,top_heavy,"[140, 70, 45, 35, 25, 20, 15]",1,1.0,1
939,79d983f421ab4c3e92364b83b7186e99,7,top_heavy,"[140, 70, 45, 35, 25, 20, 15]",0,0.6666666666666666,1
940,2e71514053a447d5bbd3f9625420ca43,7,top_heavy,"[140, 70, 45, 35, 25, 20, 15]",0,0.29629629629629634,1
941,6a420f8f42204d968a137faeb1d73784,7,top_heavy,"[140, 70, 45, 35, 25, 20, 15]",0,0.0,0
942,2f56933ee8024412b6ef05faf87e7a46,7,top_heavy,"[140, 70, 45, 35, 25, 20, 15]",0,0.125,1
943,ccb81b6865484234ab334d34412a6b35,7,top_heavy,"[140, 70, 45, 35, 25, 20, 15]",1,1.0,1
944,e33b52e8485c41518aaf76f1048c35e4,7,top_heavy,"[140, 70, 45, 35, 25, 20, 15]",0,0.0,1
945,29544317d3ab466d8b13e1eac4463c10,7,top_heavy,"[140, 70, 45, 35, 25, 20, 15]",0,0.6666666666666666,1
946,b5736ba3b8574e3388b2a5ebccb15b09,7,top_heavy,"[140, 70, 45, 35, 25, 20, 15]",0,0.0,0
947,7e4328290edf4f2aac9f8988b5079fe1,7,top_heavy,"[140, 70, 45, 35, 25, 20, 15]",0,0.2857142857142857,1
948,8bff718944c84becbf657952138356fd,7,top_heavy,"[140, 70, 45, 35, 25, 20, 15]",0,0.0,1
949,c411868fbe054e80b90a12463b2beddd,7,top_heavy,"[140, 70, 45, 35, 25, 20, 15]",0,0.4,1
950,ead58bae18d04b9c89be6f0bbe3f155f,7,top_heavy,"[140, 70, 45, 35, 25, 20, 15]",0,0.0,0
951,319e4521a8454f6a908b91d874ce2e08,7,top_heavy,"[140, 70, 45, 35, 25, 20, 15]",0,0.05128205128205128,0
952,bc947534038744198b74eab0dc89a6fe,7,top_heavy,"[140, 70, 45, 35, 25, 20, 15]",0,0.0,1
953,aece58a299d84cd88579bca72c73da46,7,top_heavy,"[140, 70, 45, 35, 25, 20, 15]",0,0.0,0
954,61727044bdac4760964296c822ea1ffa,7,top_heavy,"[140, 70, 45, 35, 25, 20, 15]",0,0.6666666666666666,1
955,bc61a95b6c25463db3459cd626a11ad0,7,top_heavy,"[140, 70, 45, 35, 25, 20, 15]",0,0.9090909090909091,1
956,e45fbf36c6d64467b16f13324d22a4c2,7,top_heavy,"[140, 70, 45, 35, 25, 20, 15]",0,0.3636363636363636,1
957,1e1eb993a1ca4265978c2db209a671b7,7,top_heavy,"[140, 70, 45, 35, 25, 20, 15]",0,0.0,1
958,f74b173f48654bc9832934834956c10f,7,top_heavy,"[140, 70, 45, 35, 25, 20, 15]",0,0.0,1
959,30913ce681084f3f8357bef6147fe049,7,top_heavy,"[140, 70, 45, 35, 25, 20, 15]",0,0.0,1
960,359f8256bb2b4d5589fa81885ef48257,7,top_heavy,"[140, 70, 45, 35, 25, 20, 15]",0,0.4,1
961,3d531ea0078248ebb3dd503bb338071f,7,top_heavy,"[140, 70, 45, 35, 25, 20, 15]",0,0.03921568627450981,1
962,a9dff945426841f8b37069eefd82297b,7,top_heavy,"[140, 70, 45, 35, 25, 20, 15]",0,0.0,1
963,aa9daba7638b4fa9b1472bb648fe964e,7,top_heavy,"[140, 70, 45, 35, 25, 20, 15]",0,0.6666666666666666,1
964,dd66178403e8487382fdc1b84bb2881c,7,top_heavy,"[140, 70, 45, 35, 25, 20, 15]",0,0.0,0
965,c9bcb9b8a8ba42f5bfd2538b4925a3ac,7,top_heavy,"[140, 70, 45, 35, 25, 20, 15]",0,0.0,1
966,a14a2ea82a1544a19f7c45cbf7f82f6e,7,top_heavy,"[140, 70, 45, 35, 25, 20, 15]",0,0.8,1
967,fb2d1f54601e4f89be70d07393db45f4,7,top_heavy,"[140, 70, 45, 35, 25, 20, 15]",0,0.0,1
968,b83b50ae80c3463aa27b05bb0bf4b493,7,top_heavy,"[140, 70, 45, 35, 25, 20, 15]",0,0.0,0
969,26c180c03a734a1aaee4138be308a078,7,top_heavy,"[140, 70, 45, 35, 25, 20, 15]",0,0.06451612903225806,1
970,273733b869b741a7b9667927ea701789,7,top_heavy,"[140, 70, 45, 35, 25, 20, 15]",0,0.0,0
971,97cb3c77ddba4ab9ae6bfdc00eb09c42,7,top_heavy,"[140, 70, 45, 35, 25, 20, 15]",0,0.0,1
972,08473edda228492e9cfe9b6583977e50,7,top_heavy,"[140, 70, 45, 35, 25, 20, 15]",0,0.0,1
973,6d5eb886bc37490aa1854938f9b36903,7,top_heavy,"[140, 70, 45, 35, 25, 20, 15]",0,0.0,0
974,e0ce4da6cbfe4f26b945f5555901e5c5,7,top_heavy,"[140, 70, 45, 35, 25, 20, 15]",0,0.0,0
975,f002078c2ea2435db1e405606b820e19,7,top_heavy,"[140, 70, 45, 35, 25, 20, 15]",1,1.0,1
976,441f524567e9477a9b0d07f4a0907622,7,top_heavy,"[140, 70, 45, 35, 25, 20, 15]",1,1.0,1
977,60dd6a100f3b42598ab0d32f254b1662,7,top_heavy,"[140, 70, 45, 35, 25, 20, 15]",0,0.08333333333333333,0
978,873ea1af23e548efb10a54c97edcdb6b,7,top_heavy,"[140, 70, 45, 35, 25, 20, 15]",0,0.0,1
979,3e1d564bb5eb4b1ba37db917c472a566,7,top_heavy,"[140, 70, 45, 35, 25, 20, 15]",1,1.0,1
980,04676862004644f18aa94ff54107047c,7,top_heavy,"[140, 70, 45, 35, 25, 20, 15]",0,0.04444444444444444,0
981,116e002d700e4d349581f1a4937dfba8,7,top_heavy,"[140, 70, 45, 35, 25, 20, 15]",0,0.0,0
982,283c5867606b46258127fa5fed7cf62d,7,top_heavy,"[140, 70, 45, 35, 25, 20, 15]",0,0.0,1
983,171414c078ce452d9374be8989aa0147,7,top_heavy,"[140, 70, 45, 35, 25, 20, 15]",0,0.0,0
984,a2643b6d7fe94e54bb74da276f0a4646,7,top_heavy,"[140, 70, 45, 35, 25, 20, 15]",0,0.07407407407407407,1
985,342cb6f69f6449318f4c4e5385f954fd,7,top_heavy,"[140, 70, 45, 35, 25, 20, 15]",0,0.0,1
986,e3fe3ef5daa6485a8a3f91dfccc9d797,7,top_heavy,"[140, 70, 45, 35, 25, 20, 15]",0,0.0,1
987,6071cc99d5744a17814ad38e72b53f3b,7,top_heavy,"[140, 70, 45, 35, 25, 20, 15]",0,0.0,0
988,d5f0273d41ad45ab9a9819cb49e29b02,7,top_heavy,"[140, 70, 45, 35, 25, 20, 15]",0,0.0,1
989,d1b4f5f6d643456aad1526324d39c259,7,top_heavy,"[140, 70, 45, 35, 25, 20, 15]",0,0.0,1
990,62747a42a9074e7da75c495cc4daca38,7,top_heavy,"[140, 70, 45, 35, 25, 20, 15]",0,0.6666666666666666,1
991,5d464ecc16894c0cbc33ed95ac502289,7,top_heavy,"[140, 70, 45, 35, 25, 20, 15]",1,1.0,1
992,e5fb043f8b0245f2acc78136af1bb5dd,7,top_heavy,"[140, 70, 45, 35, 25, 20, 15]",0,0.6666666666666666,1
993,53278976c290499ab7f1decb9f7bf6a2,7,top_heavy,"[140, 70, 45, 35, 25, 20, 15]",0,0.041666666666666664,1
994,7889488ae4d3460bafe900d6917b650e,7,top_heavy,"[140, 70, 45, 35, 25, 20, 15]",1,1.0,1
995,91ef74a5a47a442aaa5af41b3d564051,7,top_heavy,"[140, 70, 45, 35, 25, 20, 15]",0,0.32,1
996,3e83d3398a8a4e26a98fab7f85c8cb59,7,top_heavy,"[140, 70, 45, 35, 25, 20, 15]",0,0.125,1
997,20e0dcefdff242ebb51ce89c34182814,7,top_heavy,"[140, 70, 45, 35, 25, 20, 15]",0,0.16666666666666666,1
998,7e7a5a32f59b49ccacc7c1408799a32a,7,top_heavy,"[140, 70, 45, 35, 25, 20, 15]",0,0.0,1
999,a3ac333098d74ad7acf2d20bbc261c9b,7,top_heavy,"[140, 70, 45, 35, 25, 20, 15]",0,0.13636363636363635,1
