dataset,sample_index,question_id,top_k,allocation,document_budgets,exact_match,f1,retrieval_recall
squad,0,56be4db0acb8001400a502ec,3,top_heavy_shuffled,"[190, 70, 90]",1,1.0,1
squad,1,56be4db0acb8001400a502ed,3,top_heavy_shuffled,"[90, 70, 190]",0,0.0,1
squad,2,56be4db0acb8001400a502ee,3,top_heavy_shuffled,"[90, 70, 190]",0,0.0,0
squad,3,56be4db0acb8001400a502ef,3,top_heavy_shuffled,"[90, 70, 190]",1,1.0,1
squad,4,56be4db0acb8001400a502f0,3,top_heavy_shuffled,"[190, 70, 90]",0,0.0,1
squad,5,56be8e613aeaaa14008c90d1,3,top_heavy_shuffled,"[190, 90, 70]",0,0.0,1
squad,6,56be8e613aeaaa14008c90d2,3,top_heavy_shuffled,"[70, 90, 190]",0,0.6666666666666666,1
squad,7,56be8e613aeaaa14008c90d3,3,top_heavy_shuffled,"[190, 90, 70]",1,1.0,1
squad,8,56bea9923aeaaa14008c91b9,3,top_heavy_shuffled,"[90, 190, 70]",0,0.0,1
squad,9,56bea9923aeaaa14008c91ba,3,top_heavy_shuffled,"[90, 70, 190]",0,0.0,0
squad,10,56bea9923aeaaa14008c91bb,3,top_heavy_shuffled,"[190, 70, 90]",0,0.6666666666666666,1
squad,11,56beace93aeaaa14008c91df,3,top_heavy_shuffled,"[190, 90, 70]",0,0.6666666666666666,0
squad,12,56beace93aeaaa14008c91e0,3,top_heavy_shuffled,"[190, 90, 70]",0,0.5,0
squad,13,56beace93aeaaa14008c91e1,3,top_heavy_shuffled,"[90, 190, 70]",0,0.0,0
squad,14,56beace93aeaaa14008c91e2,3,top_heavy_shuffled,"[190, 70, 90]",1,1.0,1
squad,15,56beace93aeaaa14008c91e3,3,top_heavy_shuffled,"[190, 70, 90]",1,1.0,1
squad,16,56bf10f43aeaaa14008c94fd,3,top_heavy_shuffled,"[70, 190, 90]",1,1.0,1
squad,17,56bf10f43aeaaa14008c94fe,3,top_heavy_shuffled,"[70, 190, 90]",0,0.0,0
squad,18,56bf10f43aeaaa14008c94ff,3,top_heavy_shuffled,"[90, 70, 190]",1,1.0,1
squad,19,56bf10f43aeaaa14008c9500,3,top_heavy_shuffled,"[190, 90, 70]",1,1.0,1
squad,20,56bf10f43aeaaa14008c9501,3,top_heavy_shuffled,"[190, 90, 70]",0,0.5,0
squad,21,56d20362e7d4791d009025e8,3,top_heavy_shuffled,"[190, 90, 70]",1,1.0,1
squad,22,56d20362e7d4791d009025e9,3,top_heavy_shuffled,"[90, 190, 70]",0,0.0,1
squad,23,56d20362e7d4791d009025ea,3,top_heavy_shuffled,"[190, 70, 90]",0,0.0,1
squad,24,56d20362e7d4791d009025eb,3,top_heavy_shuffled,"[70, 190, 90]",0,0.6666666666666666,0
squad,25,56d600e31c85041400946eae,3,top_heavy_shuffled,"[190, 70, 90]",1,1.0,1
squad,26,56d600e31c85041400946eb0,3,top_heavy_shuffled,"[90, 70, 190]",0,0.6666666666666666,0
squad,27,56d600e31c85041400946eb1,3,top_heavy_shuffled,"[190, 70, 90]",0,0.0,0
squad,28,56d9895ddc89441400fdb50e,3,top_heavy_shuffled,"[190, 70, 90]",0,0.0,0
squad,29,56d9895ddc89441400fdb510,3,top_heavy_shuffled,"[90, 190, 70]",0,0.0,1
squad,30,56be4e1facb8001400a502f6,3,top_heavy_shuffled,"[70, 190, 90]",1,1.0,1
squad,31,56be4e1facb8001400a502f9,3,top_heavy_shuffled,"[70, 190, 90]",0,0.0,1
squad,32,56be4e1facb8001400a502fa,3,top_heavy_shuffled,"[90, 70, 190]",1,1.0,1
squad,33,56beaa4a3aeaaa14008c91c2,3,top_heavy_shuffled,"[70, 190, 90]",0,0.0,0
squad,34,56beaa4a3aeaaa14008c91c3,3,top_heavy_shuffled,"[190, 70, 90]",0,0.0,0
squad,35,56bead5a3aeaaa14008c91e9,3,top_heavy_shuffled,"[90, 70, 190]",1,1.0,1
squad,36,56bead5a3aeaaa14008c91ea,3,top_heavy_shuffled,"[190, 90, 70]",1,1.0,1
squad,37,56bead5a3aeaaa14008c91eb,3,top_heavy_shuffled,"[70, 90, 190]",0,0.0,0
squad,38,56bead5a3aeaaa14008c91ec,3,top_heavy_shuffled,"[70, 90, 190]",0,0.0,1
squad,39,56bead5a3aeaaa14008c91ed,3,top_heavy_shuffled,"[70, 190, 90]",1,1.0,1
squad,40,56bf159b3aeaaa14008c9507,3,top_heavy_shuffled,"[90, 70, 190]",1,1.0,0
squad,41,56bf159b3aeaaa14008c9508,3,top_heavy_shuffled,"[70, 90, 190]",0,0.0,0
squad,42,56bf159b3aeaaa14008c9509,3,top_heavy_shuffled,"[70, 190, 90]",0,0.0,0
squad,43,56bf159b3aeaaa14008c950a,3,top_heavy_shuffled,"[70, 190, 90]",1,1.0,1
squad,44,56bf159b3aeaaa14008c950b,3,top_heavy_shuffled,"[90, 190, 70]",1,1.0,1
squad,45,56d2045de7d4791d009025f3,3,top_heavy_shuffled,"[190, 70, 90]",1,1.0,0
squad,46,56d2045de7d4791d009025f4,3,top_heavy_shuffled,"[90, 190, 70]",1,1.0,1
squad,47,56d2045de7d4791d009025f5,3,top_heavy_shuffled,"[70, 90, 190]",0,0.0,0
squad,48,56d2045de7d4791d009025f6,3,top_heavy_shuffled,"[190, 90, 70]",1,1.0,1
squad,49,56d6017d1c85041400946ebe,3,top_heavy_shuffled,"[190, 90, 70]",1,1.0,1
squad,50,56d6017d1c85041400946ec1,3,top_heavy_shuffled,"[90, 70, 190]",0,0.0,1
squad,51,56d6017d1c85041400946ec2,3,top_heavy_shuffled,"[190, 70, 90]",1,1.0,1
squad,52,56d98a59dc89441400fdb52a,3,top_heavy_shuffled,"[70, 90, 190]",1,1.0,1
squad,53,56d98a59dc89441400fdb52b,3,top_heavy_shuffled,"[190, 70, 90]",0,0.0,1
squad,54,56d98a59dc89441400fdb52e,3,top_heavy_shuffled,"[190, 90, 70]",0,0.0,0
squad,55,56be4eafacb8001400a50302,3,top_heavy_shuffled,"[70, 90, 190]",1,1.0,1
squad,56,56be4eafacb8001400a50303,3,top_heavy_shuffled,"[90, 70, 190]",1,1.0,1
squad,57,56be4eafacb8001400a50304,3,top_heavy_shuffled,"[190, 90, 70]",1,1.0,0
squad,58,56beab833aeaaa14008c91d2,3,top_heavy_shuffled,"[190, 90, 70]",1,1.0,1
squad,59,56beab833aeaaa14008c91d3,3,top_heavy_shuffled,"[70, 90, 190]",0,0.0,1
squad,60,56beab833aeaaa14008c91d4,3,top_heavy_shuffled,"[190, 90, 70]",1,1.0,1
squad,61,56beae423aeaaa14008c91f4,3,top_heavy_shuffled,"[90, 190, 70]",1,1.0,1
squad,62,56beae423aeaaa14008c91f5,3,top_heavy_shuffled,"[70, 90, 190]",0,0.6666666666666666,1
squad,63,56beae423aeaaa14008c91f6,3,top_heavy_shuffled,"[70, 90, 190]",0,0.0,1
squad,64,56beae423aeaaa14008c91f7,3,top_heavy_shuffled,"[90, 190, 70]",0,0.0,1
squad,65,56bf17653aeaaa14008c9511,3,top_heavy_shuffled,"[190, 70, 90]",1,1.0,1
squad,66,56bf17653aeaaa14008c9513,3,top_heavy_shuffled,"[70, 90, 190]",1,1.0,1
squad,67,56bf17653aeaaa14008c9514,3,top_heavy_shuffled,"[190, 70, 90]",1,1.0,1
squad,68,56bf17653aeaaa14008c9515,3,top_heavy_shuffled,"[90, 70, 190]",1,1.0,1
squad,69,56d204ade7d4791d00902603,3,top_heavy_shuffled,"[90, 190, 70]",1,1.0,1
squad,70,56d204ade7d4791d00902604,3,top_heavy_shuffled,"[70, 190, 90]",1,1.0,1
squad,71,56d601e41c85041400946ece,3,top_heavy_shuffled,"[90, 190, 70]",1,1.0,1
squad,72,56d601e41c85041400946ecf,3,top_heavy_shuffled,"[90, 70, 190]",0,0.0,1
squad,73,56d601e41c85041400946ed0,3,top_heavy_shuffled,"[70, 90, 190]",1,1.0,1
squad,74,56d601e41c85041400946ed1,3,top_heavy_shuffled,"[90, 190, 70]",0,0.0,0
squad,75,56d601e41c85041400946ed2,3,top_heavy_shuffled,"[190, 90, 70]",1,1.0,1
squad,76,56d98b33dc89441400fdb53b,3,top_heavy_shuffled,"[90, 70, 190]",0,0.0,0
squad,77,56d98b33dc89441400fdb53c,3,top_heavy_shuffled,"[70, 90, 190]",0,0.0,1
squad,78,56d98b33dc89441400fdb53d,3,top_heavy_shuffled,"[70, 190, 90]",1,1.0,1
squad,79,56d98b33dc89441400fdb53e,3,top_heavy_shuffled,"[90, 70, 190]",0,0.0,1
squad,80,56be5333acb8001400a5030a,3,top_heavy_shuffled,"[70, 90, 190]",1,1.0,1
squad,81,56be5333acb8001400a5030b,3,top_heavy_shuffled,"[190, 90, 70]",1,1.0,1
squad,82,56be5333acb8001400a5030c,3,top_heavy_shuffled,"[70, 90, 190]",0,0.4,1
squad,83,56be5333acb8001400a5030d,3,top_heavy_shuffled,"[90, 190, 70]",1,1.0,1
squad,84,56be5333acb8001400a5030e,3,top_heavy_shuffled,"[190, 70, 90]",1,1.0,1
squad,85,56beaf5e3aeaaa14008c91fd,3,top_heavy_shuffled,"[190, 90, 70]",1,1.0,1
squad,86,56beaf5e3aeaaa14008c91fe,3,top_heavy_shuffled,"[190, 70, 90]",1,1.0,1
squad,87,56beaf5e3aeaaa14008c91ff,3,top_heavy_shuffled,"[70, 90, 190]",1,1.0,1
squad,88,56beaf5e3aeaaa14008c9200,3,top_heavy_shuffled,"[90, 70, 190]",1,1.0,1
squad,89,56beaf5e3aeaaa14008c9201,3,top_heavy_shuffled,"[190, 70, 90]",0,0.0,1
squad,90,56bf1ae93aeaaa14008c951b,3,top_heavy_shuffled,"[90, 70, 190]",0,0.0,0
squad,91,56bf1ae93aeaaa14008c951c,3,top_heavy_shuffled,"[90, 70, 190]",1,1.0,1
squad,92,56bf1ae93aeaaa14008c951e,3,top_heavy_shuffled,"[190, 70, 90]",0,0.0,1
squad,93,56bf1ae93aeaaa14008c951f,3,top_heavy_shuffled,"[90, 70, 190]",0,0.0,1
squad,94,56d2051ce7d4791d00902608,3,top_heavy_shuffled,"[90, 190, 70]",0,0.0,0
squad,95,56d2051ce7d4791d00902609,3,top_heavy_shuffled,"[70, 190, 90]",0,0.0,0
squad,96,56d2051ce7d4791d0090260a,3,top_heavy_shuffled,"[190, 90, 70]",1,1.0,1
squad,97,56d2051ce7d4791d0090260b,3,top_heavy_shuffled,"[90, 70, 190]",1,1.0,1
squad,98,56d602631c85041400946ed8,3,top_heavy_shuffled,"[190, 70, 90]",1,1.0,1
squad,99,56d602631c85041400946eda,3,top_heavy_shuffled,"[70, 90, 190]",0,0.4,1
squad,100,56d602631c85041400946edb,3,top_heavy_shuffled,"[190, 70, 90]",1,1.0,1
squad,101,56d602631c85041400946edc,3,top_heavy_shuffled,"[190, 90, 70]",1,1.0,1
squad,102,56d98c53dc89441400fdb544,3,top_heavy_shuffled,"[190, 70, 90]",0,0.5,0
squad,103,56d98c53dc89441400fdb545,3,top_heavy_shuffled,"[70, 190, 90]",0,0.0,1
squad,104,56d98c53dc89441400fdb546,3,top_heavy_shuffled,"[190, 90, 70]",1,1.0,1
squad,105,56d98c53dc89441400fdb548,3,top_heavy_shuffled,"[70, 190, 90]",0,0.0,1
squad,106,56be53b8acb8001400a50314,3,top_heavy_shuffled,"[70, 90, 190]",1,1.0,1
squad,107,56be53b8acb8001400a50315,3,top_heavy_shuffled,"[190, 70, 90]",0,0.8,1
squad,108,56be53b8acb8001400a50316,3,top_heavy_shuffled,"[90, 70, 190]",1,1.0,1
squad,109,56beafca3aeaaa14008c9207,3,top_heavy_shuffled,"[190, 70, 90]",0,0.0,0
squad,110,56beafca3aeaaa14008c9208,3,top_heavy_shuffled,"[70, 90, 190]",0,0.0,0
squad,111,56bf42f53aeaaa14008c95a3,3,top_heavy_shuffled,"[90, 190, 70]",1,1.0,1
squad,112,56d2053ae7d4791d00902610,3,top_heavy_shuffled,"[70, 190, 90]",1,1.0,1
squad,113,56d6edd00d65d21400198250,3,top_heavy_shuffled,"[190, 70, 90]",1,1.0,1
squad,114,56d6edd00d65d21400198251,3,top_heavy_shuffled,"[70, 90, 190]",1,1.0,1
squad,115,56d98d0adc89441400fdb54e,3,top_heavy_shuffled,"[70, 190, 90]",1,1.0,1
squad,116,56d98d0adc89441400fdb54f,3,top_heavy_shuffled,"[190, 90, 70]",1,1.0,1
squad,117,56be5438acb8001400a5031a,3,top_heavy_shuffled,"[190, 70, 90]",0,0.0,0
squad,118,56be5438acb8001400a5031b,3,top_heavy_shuffled,"[190, 70, 90]",0,0.4,0
squad,119,56be5438acb8001400a5031c,3,top_heavy_shuffled,"[70, 190, 90]",1,1.0,0
squad,120,56beb03c3aeaaa14008c920b,3,top_heavy_shuffled,"[90, 70, 190]",0,0.0,0
squad,121,56beb03c3aeaaa14008c920d,3,top_heavy_shuffled,"[70, 190, 90]",0,0.23529411764705882,1
squad,122,56bf3c633aeaaa14008c9580,3,top_heavy_shuffled,"[70, 90, 190]",1,1.0,0
squad,123,56bf3c633aeaaa14008c9581,3,top_heavy_shuffled,"[90, 70, 190]",0,0.0,0
squad,124,56bf3c633aeaaa14008c9582,3,top_heavy_shuffled,"[90, 190, 70]",0,0.4,0
squad,125,56d20564e7d4791d00902612,3,top_heavy_shuffled,"[70, 190, 90]",0,0.23529411764705882,0
squad,126,56d6ee6e0d65d21400198254,3,top_heavy_shuffled,"[190, 70, 90]",0,0.0,0
squad,127,56d6ee6e0d65d21400198255,3,top_heavy_shuffled,"[70, 90, 190]",1,1.0,1
squad,128,56d6ee6e0d65d21400198256,3,top_heavy_shuffled,"[190, 70, 90]",0,0.4,1
squad,129,56d6ee6e0d65d21400198257,3,top_heavy_shuffled,"[70, 90, 190]",0,0.0,0
squad,130,56d6ee6e0d65d21400198258,3,top_heavy_shuffled,"[70, 190, 90]",1,1.0,1
squad,131,56d98db6dc89441400fdb552,3,top_heavy_shuffled,"[190, 90, 70]",0,0.4,0
squad,132,56d98db6dc89441400fdb553,3,top_heavy_shuffled,"[70, 190, 90]",0,0.0,0
squad,133,56d98db6dc89441400fdb554,3,top_heavy_shuffled,"[70, 190, 90]",1,1.0,0
squad,134,56be54bdacb8001400a50322,3,top_heavy_shuffled,"[190, 70, 90]",1,1.0,1
squad,135,56be54bdacb8001400a50323,3,top_heavy_shuffled,"[90, 190, 70]",1,1.0,1
squad,136,56be54bdacb8001400a50324,3,top_heavy_shuffled,"[190, 90, 70]",1,1.0,1
squad,137,56be54bdacb8001400a50325,3,top_heavy_shuffled,"[70, 190, 90]",1,1.0,1
squad,138,56be54bdacb8001400a50326,3,top_heavy_shuffled,"[90, 70, 190]",1,1.0,1
squad,139,56beb0f43aeaaa14008c921b,3,top_heavy_shuffled,"[90, 190, 70]",1,1.0,1
squad,140,56beb0f43aeaaa14008c921c,3,top_heavy_shuffled,"[190, 90, 70]",1,1.0,1
squad,141,56beb0f43aeaaa14008c921d,3,top_heavy_shuffled,"[190, 70, 90]",0,0.4,1
squad,142,56beb0f43aeaaa14008c921e,3,top_heavy_shuffled,"[190, 70, 90]",1,1.0,1
squad,143,56beb0f43aeaaa14008c921f,3,top_heavy_shuffled,"[70, 90, 190]",1,1.0,1
squad,144,56bf21b43aeaaa14008c9525,3,top_heavy_shuffled,"[90, 70, 190]",1,1.0,1
squad,145,56bf21b43aeaaa14008c9526,3,top_heavy_shuffled,"[90, 70, 190]",1,1.0,1
squad,146,56bf21b43aeaaa14008c9528,3,top_heavy_shuffled,"[90, 70, 190]",0,0.0,1
squad,147,56bf21b43aeaaa14008c9529,3,top_heavy_shuffled,"[70, 190, 90]",0,0.0,1
squad,148,56d6ef6a0d65d21400198260,3,top_heavy_shuffled,"[190, 70, 90]",1,1.0,0
squad,149,56d6ef6a0d65d21400198262,3,top_heavy_shuffled,"[70, 90, 190]",0,0.0,1
squad,150,56d98f0ddc89441400fdb558,3,top_heavy_shuffled,"[90, 190, 70]",1,1.0,1
squad,151,56d98f0ddc89441400fdb559,3,top_heavy_shuffled,"[70, 90, 190]",1,1.0,1
squad,152,56d98f0ddc89441400fdb55a,3,top_heavy_shuffled,"[70, 190, 90]",0,0.0,1
squad,153,56d98f0ddc89441400fdb55b,3,top_heavy_shuffled,"[70, 190, 90]",1,1.0,1
squad,154,56d98f0ddc89441400fdb55c,3,top_heavy_shuffled,"[90, 70, 190]",0,0.0,1
squad,155,56be5523acb8001400a5032c,3,top_heavy_shuffled,"[190, 90, 70]",1,1.0,1
squad,156,56be5523acb8001400a5032d,3,top_heavy_shuffled,"[90, 70, 190]",0,0.0,0
squad,157,56be5523acb8001400a5032e,3,top_heavy_shuffled,"[90, 70, 190]",0,0.0,0
squad,158,56be5523acb8001400a5032f,3,top_heavy_shuffled,"[190, 90, 70]",1,1.0,1
squad,159,56be5523acb8001400a50330,3,top_heavy_shuffled,"[70, 90, 190]",0,0.3333333333333333,0
squad,160,56beb2153aeaaa14008c9225,3,top_heavy_shuffled,"[70, 90, 190]",1,1.0,1
squad,161,56beb2153aeaaa14008c9226,3,top_heavy_shuffled,"[90, 70, 190]",0,0.0,1
squad,162,56beb2153aeaaa14008c9227,3,top_heavy_shuffled,"[90, 190, 70]",1,1.0,1
squad,163,56beb2153aeaaa14008c9228,3,top_heavy_shuffled,"[190, 90, 70]",0,0.6666666666666666,0
squad,164,56beb2153aeaaa14008c9229,3,top_heavy_shuffled,"[90, 70, 190]",0,0.5,1
squad,165,56bf23363aeaaa14008c952f,3,top_heavy_shuffled,"[70, 90, 190]",0,0.0,1
squad,166,56bf23363aeaaa14008c9530,3,top_heavy_shuffled,"[70, 190, 90]",1,1.0,1
squad,167,56bf23363aeaaa14008c9531,3,top_heavy_shuffled,"[90, 70, 190]",1,1.0,1
squad,168,56bf23363aeaaa14008c9532,3,top_heavy_shuffled,"[90, 70, 190]",1,1.0,1
squad,169,56bf23363aeaaa14008c9533,3,top_heavy_shuffled,"[190, 70, 90]",1,1.0,1
squad,170,56d6f0770d65d21400198268,3,top_heavy_shuffled,"[190, 70, 90]",1,1.0,1
squad,171,56d6f0770d65d21400198269,3,top_heavy_shuffled,"[90, 190, 70]",1,1.0,1
squad,172,56d6f0770d65d2140019826a,3,top_heavy_shuffled,"[70, 190, 90]",1,1.0,1
squad,173,56d6f0770d65d2140019826c,3,top_heavy_shuffled,"[90, 70, 190]",0,0.0,1
squad,174,56d98fbfdc89441400fdb562,3,top_heavy_shuffled,"[190, 90, 70]",0,0.0,1
squad,175,56d98fbfdc89441400fdb563,3,top_heavy_shuffled,"[70, 90, 190]",1,1.0,1
squad,176,56d98fbfdc89441400fdb564,3,top_heavy_shuffled,"[70, 90, 190]",1,1.0,1
squad,177,56d98fbfdc89441400fdb565,3,top_heavy_shuffled,"[190, 90, 70]",0,0.0,0
squad,178,56be572b3aeaaa14008c9052,3,top_heavy_shuffled,"[190, 70, 90]",1,1.0,1
squad,179,56beb2a03aeaaa14008c922f,3,top_heavy_shuffled,"[190, 70, 90]",1,1.0,1
squad,180,56beb2a03aeaaa14008c9230,3,top_heavy_shuffled,"[70, 90, 190]",0,0.0,1
squad,181,56beb2a03aeaaa14008c9231,3,top_heavy_shuffled,"[90, 70, 190]",0,0.0,1
squad,182,56beb2a03aeaaa14008c9232,3,top_heavy_shuffled,"[90, 70, 190]",0,0.6666666666666666,1
squad,183,56beb2a03aeaaa14008c9233,3,top_heavy_shuffled,"[90, 70, 190]",0,0.0,1
squad,184,56bf28c73aeaaa14008c9539,3,top_heavy_shuffled,"[190, 90, 70]",0,0.0,1
squad,185,56bf28c73aeaaa14008c953a,3,top_heavy_shuffled,"[90, 190, 70]",0,0.0,1
squad,186,56bf28c73aeaaa14008c953c,3,top_heavy_shuffled,"[70, 90, 190]",0,0.6666666666666666,1
squad,187,56bf28c73aeaaa14008c953d,3,top_heavy_shuffled,"[90, 190, 70]",0,0.0,1
squad,188,56d6f1190d65d21400198272,3,top_heavy_shuffled,"[70, 90, 190]",0,0.0,0
squad,189,56d6f1190d65d21400198273,3,top_heavy_shuffled,"[70, 190, 90]",0,0.0,0
squad,190,56d6f1190d65d21400198274,3,top_heavy_shuffled,"[70, 90, 190]",0,0.6666666666666666,1
squad,191,56d6f1190d65d21400198275,3,top_heavy_shuffled,"[90, 70, 190]",0,0.0,1
squad,192,56d6f1190d65d21400198276,3,top_heavy_shuffled,"[70, 190, 90]",0,0.0,1
squad,193,56d99179dc89441400fdb56c,3,top_heavy_shuffled,"[70, 190, 90]",0,0.0,1
squad,194,56d99179dc89441400fdb56d,3,top_heavy_shuffled,"[90, 70, 190]",0,0.0,1
squad,195,56d99179dc89441400fdb570,3,top_heavy_shuffled,"[190, 70, 90]",1,1.0,1
squad,196,56be59683aeaaa14008c9058,3,top_heavy_shuffled,"[70, 90, 190]",1,1.0,1
squad,197,56be59683aeaaa14008c9059,3,top_heavy_shuffled,"[70, 190, 90]",1,1.0,1
squad,198,56be59683aeaaa14008c905a,3,top_heavy_shuffled,"[70, 90, 190]",0,0.0,1
squad,199,56beb3083aeaaa14008c923d,3,top_heavy_shuffled,"[90, 190, 70]",1,1.0,1
squad,200,56beb3083aeaaa14008c923e,3,top_heavy_shuffled,"[70, 90, 190]",1,1.0,1
squad,201,56beb3083aeaaa14008c923f,3,top_heavy_shuffled,"[190, 90, 70]",0,0.0,1
squad,202,56beb3083aeaaa14008c9240,3,top_heavy_shuffled,"[190, 90, 70]",0,0.0,1
squad,203,56beb3083aeaaa14008c9241,3,top_heavy_shuffled,"[190, 70, 90]",1,1.0,1
squad,204,56bf2afe3aeaaa14008c9543,3,top_heavy_shuffled,"[70, 190, 90]",1,1.0,1
squad,205,56bf2afe3aeaaa14008c9544,3,top_heavy_shuffled,"[70, 90, 190]",1,1.0,1
squad,206,56bf2afe3aeaaa14008c9545,3,top_heavy_shuffled,"[90, 190, 70]",0,0.0,1
squad,207,56bf2afe3aeaaa14008c9547,3,top_heavy_shuffled,"[190, 70, 90]",0,0.6666666666666666,1
squad,208,56d6f2000d65d2140019827c,3,top_heavy_shuffled,"[70, 190, 90]",1,1.0,1
squad,209,56d6f2000d65d2140019827d,3,top_heavy_shuffled,"[90, 70, 190]",1,1.0,1
squad,210,56d6f2000d65d2140019827e,3,top_heavy_shuffled,"[90, 70, 190]",1,1.0,1
squad,211,56d6f2000d65d2140019827f,3,top_heavy_shuffled,"[90, 70, 190]",0,0.0,1
squad,212,56d9943fdc89441400fdb576,3,top_heavy_shuffled,"[70, 190, 90]",1,1.0,1
squad,213,56d9943fdc89441400fdb577,3,top_heavy_shuffled,"[90, 190, 70]",1,1.0,1
squad,214,56d9943fdc89441400fdb578,3,top_heavy_shuffled,"[190, 70, 90]",1,1.0,1
squad,215,56d9943fdc89441400fdb57a,3,top_heavy_shuffled,"[90, 190, 70]",0,0.0,1
squad,216,56beb3a03aeaaa14008c9247,3,top_heavy_shuffled,"[70, 90, 190]",1,1.0,1
squad,217,56beb3a03aeaaa14008c9248,3,top_heavy_shuffled,"[90, 70, 190]",0,0.0,1
squad,218,56beb3a03aeaaa14008c9249,3,top_heavy_shuffled,"[70, 90, 190]",0,0.0,1
squad,219,56beb3a03aeaaa14008c924a,3,top_heavy_shuffled,"[70, 90, 190]",0,0.0,1
squad,220,56beb3a03aeaaa14008c924b,3,top_heavy_shuffled,"[190, 90, 70]",0,0.0,1
squad,221,56bf6b303aeaaa14008c960b,3,top_heavy_shuffled,"[90, 70, 190]",1,1.0,1
squad,222,56bf6b303aeaaa14008c960c,3,top_heavy_shuffled,"[90, 190, 70]",0,0.0,1
squad,223,56bf6b303aeaaa14008c960d,3,top_heavy_shuffled,"[90, 70, 190]",0,0.0,1
squad,224,56bf6b303aeaaa14008c960e,3,top_heavy_shuffled,"[70, 190, 90]",0,0.0,1
squad,225,56bf6b303aeaaa14008c960f,3,top_heavy_shuffled,"[190, 70, 90]",0,0.0,0
squad,226,56d6f2960d65d21400198286,3,top_heavy_shuffled,"[70, 90, 190]",0,0.0,0
squad,227,56d6f2960d65d21400198287,3,top_heavy_shuffled,"[190, 70, 90]",1,1.0,1
squad,228,56d6f2960d65d21400198288,3,top_heavy_shuffled,"[90, 70, 190]",1,1.0,1
squad,229,56d6f2960d65d21400198289,3,top_heavy_shuffled,"[190, 90, 70]",0,0.0,1
squad,230,56d6f2960d65d2140019828a,3,top_heavy_shuffled,"[70, 190, 90]",0,0.0,1
squad,231,56d997cddc89441400fdb586,3,top_heavy_shuffled,"[90, 190, 70]",0,0.0,1
squad,232,56d997cddc89441400fdb587,3,top_heavy_shuffled,"[190, 70, 90]",0,0.0,1
squad,233,56d997cddc89441400fdb588,3,top_heavy_shuffled,"[70, 90, 190]",0,0.0,1
squad,234,56d997cddc89441400fdb589,3,top_heavy_shuffled,"[70, 190, 90]",0,0.0,1
squad,235,56d997cddc89441400fdb58a,3,top_heavy_shuffled,"[70, 190, 90]",0,0.0,1
squad,236,56beb4343aeaaa14008c925b,3,top_heavy_shuffled,"[190, 70, 90]",1,1.0,1
squad,237,56beb4343aeaaa14008c925c,3,top_heavy_shuffled,"[90, 70, 190]",0,0.0,1
squad,238,56beb4343aeaaa14008c925d,3,top_heavy_shuffled,"[90, 190, 70]",0,0.0,1
squad,239,56beb4343aeaaa14008c925e,3,top_heavy_shuffled,"[190, 90, 70]",0,0.0,0
squad,240,56beb4343aeaaa14008c925f,3,top_heavy_shuffled,"[90, 70, 190]",1,1.0,1
squad,241,56d6f3500d65d21400198290,3,top_heavy_shuffled,"[190, 70, 90]",0,0.0,1
squad,242,56d6f3500d65d21400198291,3,top_heavy_shuffled,"[70, 190, 90]",1,1.0,1
squad,243,56d6f3500d65d21400198292,3,top_heavy_shuffled,"[90, 190, 70]",0,0.0,1
squad,244,56d6f3500d65d21400198293,3,top_heavy_shuffled,"[70, 190, 90]",0,0.0,1
squad,245,56d6f3500d65d21400198294,3,top_heavy_shuffled,"[90, 70, 190]",0,0.0,1
squad,246,56d9992fdc89441400fdb59c,3,top_heavy_shuffled,"[70, 190, 90]",0,0.0,1
squad,247,56d9992fdc89441400fdb59e,3,top_heavy_shuffled,"[70, 90, 190]",0,0.0,1
squad,248,56d9992fdc89441400fdb59f,3,top_heavy_shuffled,"[190, 70, 90]",0,0.6666666666666666,1
squad,249,56d9992fdc89441400fdb5a0,3,top_heavy_shuffled,"[190, 90, 70]",0,0.0,1
squad,250,56beb4e43aeaaa14008c9265,3,top_heavy_shuffled,"[70, 190, 90]",0,0.0,1
squad,251,56beb4e43aeaaa14008c9266,3,top_heavy_shuffled,"[90, 190, 70]",0,0.0,1
squad,252,56beb4e43aeaaa14008c9267,3,top_heavy_shuffled,"[70, 90, 190]",0,0.0,1
squad,253,56beb4e43aeaaa14008c9268,3,top_heavy_shuffled,"[70, 90, 190]",0,0.0,1
squad,254,56beb4e43aeaaa14008c9269,3,top_heavy_shuffled,"[70, 190, 90]",0,0.0,1
squad,255,56bf301c3aeaaa14008c954d,3,top_heavy_shuffled,"[190, 70, 90]",0,0.0,1
squad,256,56bf301c3aeaaa14008c954e,3,top_heavy_shuffled,"[90, 190, 70]",1,1.0,1
squad,257,56bf301c3aeaaa14008c954f,3,top_heavy_shuffled,"[90, 190, 70]",0,0.0,1
squad,258,56bf301c3aeaaa14008c9550,3,top_heavy_shuffled,"[70, 90, 190]",1,1.0,1
squad,259,56bf301c3aeaaa14008c9551,3,top_heavy_shuffled,"[90, 190, 70]",0,0.08695652173913045,1
squad,260,56d6f4030d65d2140019829a,3,top_heavy_shuffled,"[190, 70, 90]",1,1.0,1
squad,261,56d6f4030d65d2140019829b,3,top_heavy_shuffled,"[90, 70, 190]",0,0.0,1
squad,262,56d6f4030d65d2140019829c,3,top_heavy_shuffled,"[70, 190, 90]",0,0.0,1
squad,263,56d6f4030d65d2140019829d,3,top_heavy_shuffled,"[90, 190, 70]",0,0.0,1
squad,264,56d6f4030d65d2140019829e,3,top_heavy_shuffled,"[90, 190, 70]",0,0.0,1
squad,265,56d99b7bdc89441400fdb5c8,3,top_heavy_shuffled,"[70, 190, 90]",0,0.0,0
squad,266,56d99b7bdc89441400fdb5c9,3,top_heavy_shuffled,"[70, 90, 190]",0,0.0,0
squad,267,56d99b7bdc89441400fdb5ca,3,top_heavy_shuffled,"[90, 190, 70]",0,0.0,0
squad,268,56d99b7bdc89441400fdb5cb,3,top_heavy_shuffled,"[90, 70, 190]",0,0.0,1
squad,269,56d99b7bdc89441400fdb5cc,3,top_heavy_shuffled,"[70, 90, 190]",0,0.0,1
squad,270,56beb57b3aeaaa14008c9279,3,top_heavy_shuffled,"[70, 190, 90]",1,1.0,1
squad,271,56beb57b3aeaaa14008c927a,3,top_heavy_shuffled,"[70, 90, 190]",0,0.0,0
squad,272,56beb57b3aeaaa14008c927b,3,top_heavy_shuffled,"[70, 190, 90]",0,0.0,0
squad,273,56beb57b3aeaaa14008c927c,3,top_heavy_shuffled,"[190, 90, 70]",0,0.0,0
squad,274,56beb57b3aeaaa14008c927d,3,top_heavy_shuffled,"[190, 90, 70]",0,0.0,1
squad,275,56bf38383aeaaa14008c956b,3,top_heavy_shuffled,"[190, 90, 70]",1,1.0,1
squad,276,56bf38383aeaaa14008c956c,3,top_heavy_shuffled,"[90, 70, 190]",0,0.0,1
squad,277,56bf38383aeaaa14008c956d,3,top_heavy_shuffled,"[90, 70, 190]",1,1.0,1
squad,278,56bf38383aeaaa14008c956e,3,top_heavy_shuffled,"[70, 90, 190]",1,1.0,1
squad,279,56bf38383aeaaa14008c956f,3,top_heavy_shuffled,"[70, 190, 90]",0,0.6666666666666666,1
squad,280,56d6fe0b0d65d214001982a4,3,top_heavy_shuffled,"[90, 70, 190]",1,1.0,1
squad,281,56d6fe0b0d65d214001982a5,3,top_heavy_shuffled,"[70, 190, 90]",0,0.0,0
squad,282,56d6fe0b0d65d214001982a6,3,top_heavy_shuffled,"[190, 90, 70]",1,1.0,1
squad,283,56d6fe0b0d65d214001982a7,3,top_heavy_shuffled,"[190, 90, 70]",0,0.0,1
squad,284,56d99c44dc89441400fdb5d6,3,top_heavy_shuffled,"[90, 190, 70]",1,1.0,1
squad,285,56d99c44dc89441400fdb5d7,3,top_heavy_shuffled,"[70, 90, 190]",1,1.0,1
squad,286,56d99c44dc89441400fdb5d8,3,top_heavy_shuffled,"[90, 190, 70]",0,0.0,0
squad,287,56d99c44dc89441400fdb5d9,3,top_heavy_shuffled,"[90, 190, 70]",1,1.0,0
squad,288,56d99c44dc89441400fdb5da,3,top_heavy_shuffled,"[70, 90, 190]",0,0.0,1
squad,289,56beb6533aeaaa14008c928d,3,top_heavy_shuffled,"[90, 190, 70]",0,0.0,1
squad,290,56beb6533aeaaa14008c928e,3,top_heavy_shuffled,"[90, 190, 70]",0,0.0,1
squad,291,56beb6533aeaaa14008c9290,3,top_heavy_shuffled,"[90, 70, 190]",0,0.0,1
squad,292,56beb6533aeaaa14008c9291,3,top_heavy_shuffled,"[90, 190, 70]",0,0.0,1
squad,293,56bf3e803aeaaa14008c9588,3,top_heavy_shuffled,"[90, 70, 190]",1,1.0,1
squad,294,56bf3e803aeaaa14008c9589,3,top_heavy_shuffled,"[190, 70, 90]",1,1.0,1
squad,295,56bf3e803aeaaa14008c958b,3,top_heavy_shuffled,"[90, 190, 70]",0,0.5,1
squad,296,56d6fea90d65d214001982ae,3,top_heavy_shuffled,"[90, 190, 70]",0,0.0,1
squad,297,56d6fea90d65d214001982af,3,top_heavy_shuffled,"[190, 90, 70]",1,1.0,1
squad,298,56d6fea90d65d214001982b0,3,top_heavy_shuffled,"[90, 70, 190]",0,0.0,1
squad,299,56d6fea90d65d214001982b2,3,top_heavy_shuffled,"[190, 70, 90]",0,0.0,1
squad,300,56d99da8dc89441400fdb5fd,3,top_heavy_shuffled,"[70, 90, 190]",1,1.0,1
squad,301,56d99da8dc89441400fdb5ff,3,top_heavy_shuffled,"[70, 190, 90]",0,0.0,0
squad,302,56d99da8dc89441400fdb600,3,top_heavy_shuffled,"[90, 190, 70]",1,1.0,1
squad,303,56beb6f23aeaaa14008c92a1,3,top_heavy_shuffled,"[90, 190, 70]",1,1.0,1
squad,304,56beb6f23aeaaa14008c92a2,3,top_heavy_shuffled,"[190, 90, 70]",1,1.0,1
squad,305,56beb6f23aeaaa14008c92a3,3,top_heavy_shuffled,"[190, 90, 70]",1,1.0,1
squad,306,56beb6f23aeaaa14008c92a4,3,top_heavy_shuffled,"[70, 90, 190]",0,0.0,1
squad,307,56beb6f23aeaaa14008c92a5,3,top_heavy_shuffled,"[90, 70, 190]",0,0.0,1
squad,308,56bf34293aeaaa14008c9559,3,top_heavy_shuffled,"[190, 90, 70]",0,0.0,1
squad,309,56bf34293aeaaa14008c955a,3,top_heavy_shuffled,"[70, 190, 90]",0,0.0,1
squad,310,56bf34293aeaaa14008c955b,3,top_heavy_shuffled,"[190, 90, 70]",0,0.0,1
squad,311,56d701280d65d214001982b8,3,top_heavy_shuffled,"[190, 70, 90]",1,1.0,1
squad,312,56d701280d65d214001982ba,3,top_heavy_shuffled,"[90, 70, 190]",0,0.0,0
squad,313,56d701280d65d214001982bc,3,top_heavy_shuffled,"[70, 90, 190]",0,0.0,1
squad,314,56d99e78dc89441400fdb616,3,top_heavy_shuffled,"[190, 70, 90]",1,1.0,1
squad,315,56d99e78dc89441400fdb618,3,top_heavy_shuffled,"[70, 190, 90]",1,1.0,1
squad,316,56d99e78dc89441400fdb619,3,top_heavy_shuffled,"[70, 190, 90]",1,1.0,1
squad,317,56d99e78dc89441400fdb61a,3,top_heavy_shuffled,"[190, 70, 90]",0,0.0,1
squad,318,56beb7953aeaaa14008c92ab,3,top_heavy_shuffled,"[70, 90, 190]",1,1.0,1
squad,319,56beb7953aeaaa14008c92ac,3,top_heavy_shuffled,"[90, 70, 190]",1,1.0,1
squad,320,56beb7953aeaaa14008c92ad,3,top_heavy_shuffled,"[70, 90, 190]",0,0.0,0
squad,321,56beb7953aeaaa14008c92ae,3,top_heavy_shuffled,"[190, 90, 70]",0,0.0,1
squad,322,56beb7953aeaaa14008c92af,3,top_heavy_shuffled,"[70, 90, 190]",0,0.0,1
squad,323,56bf36b93aeaaa14008c9561,3,top_heavy_shuffled,"[190, 70, 90]",0,0.0,1
squad,324,56bf36b93aeaaa14008c9562,3,top_heavy_shuffled,"[70, 190, 90]",0,0.0,1
squad,325,56bf36b93aeaaa14008c9563,3,top_heavy_shuffled,"[70, 90, 190]",0,0.0,0
squad,326,56bf36b93aeaaa14008c9564,3,top_heavy_shuffled,"[70, 190, 90]",0,0.0,1
squad,327,56bf36b93aeaaa14008c9565,3,top_heavy_shuffled,"[90, 190, 70]",0,0.0,1
squad,328,56d7018a0d65d214001982c2,3,top_heavy_shuffled,"[190, 70, 90]",1,1.0,1
squad,329,56d7018a0d65d214001982c3,3,top_heavy_shuffled,"[70, 190, 90]",1,1.0,1
squad,330,56d7018a0d65d214001982c5,3,top_heavy_shuffled,"[190, 70, 90]",1,1.0,1
squad,331,56d99f99dc89441400fdb628,3,top_heavy_shuffled,"[70, 90, 190]",0,0.0,0
squad,332,56d99f99dc89441400fdb629,3,top_heavy_shuffled,"[190, 90, 70]",1,1.0,1
squad,333,56d99f99dc89441400fdb62c,3,top_heavy_shuffled,"[90, 190, 70]",1,1.0,1
squad,334,56beb7fd3aeaaa14008c92b5,3,top_heavy_shuffled,"[190, 70, 90]",1,1.0,1
squad,335,56beb7fd3aeaaa14008c92b6,3,top_heavy_shuffled,"[190, 70, 90]",1,1.0,1
squad,336,56beb7fd3aeaaa14008c92b7,3,top_heavy_shuffled,"[90, 190, 70]",0,0.0,1
squad,337,56beb7fd3aeaaa14008c92b8,3,top_heavy_shuffled,"[70, 190, 90]",1,1.0,1
squad,338,56bf3a223aeaaa14008c9575,3,top_heavy_shuffled,"[190, 90, 70]",0,0.0,1
squad,339,56bf3a223aeaaa14008c9576,3,top_heavy_shuffled,"[70, 190, 90]",1,1.0,1
squad,340,56bf3a223aeaaa14008c9577,3,top_heavy_shuffled,"[70, 190, 90]",1,1.0,1
squad,341,56bf3a223aeaaa14008c9579,3,top_heavy_shuffled,"[70, 190, 90]",1,1.0,1
squad,342,56d703d10d65d214001982d6,3,top_heavy_shuffled,"[70, 90, 190]",0,0.0,1
squad,343,56d703d10d65d214001982d7,3,top_heavy_shuffled,"[90, 190, 70]",1,1.0,1
squad,344,56d703d10d65d214001982d8,3,top_heavy_shuffled,"[190, 90, 70]",0,0.0,1
squad,345,56d9a026dc89441400fdb632,3,top_heavy_shuffled,"[190, 70, 90]",1,1.0,1
squad,346,56beb86b3aeaaa14008c92bd,3,top_heavy_shuffled,"[70, 90, 190]",1,1.0,1
squad,347,56beb86b3aeaaa14008c92be,3,top_heavy_shuffled,"[70, 90, 190]",1,1.0,1
squad,348,56beb86b3aeaaa14008c92bf,3,top_heavy_shuffled,"[70, 90, 190]",1,1.0,1
squad,349,56beb86b3aeaaa14008c92c0,3,top_heavy_shuffled,"[90, 70, 190]",1,1.0,1
squad,350,56beb86b3aeaaa14008c92c1,3,top_heavy_shuffled,"[190, 90, 70]",0,0.0,1
squad,351,56bf3fd53aeaaa14008c9591,3,top_heavy_shuffled,"[90, 190, 70]",1,1.0,1
squad,352,56bf3fd53aeaaa14008c9592,3,top_heavy_shuffled,"[90, 70, 190]",1,1.0,1
squad,353,56bf3fd53aeaaa14008c9593,3,top_heavy_shuffled,"[90, 70, 190]",1,1.0,1
squad,354,56bf3fd53aeaaa14008c9594,3,top_heavy_shuffled,"[90, 190, 70]",0,0.0,1
squad,355,56bf3fd53aeaaa14008c9595,3,top_heavy_shuffled,"[70, 90, 190]",0,0.0,0
squad,356,56d704430d65d214001982de,3,top_heavy_shuffled,"[90, 190, 70]",1,1.0,1
squad,357,56d704430d65d214001982e0,3,top_heavy_shuffled,"[90, 190, 70]",1,1.0,1
squad,358,56d704430d65d214001982e1,3,top_heavy_shuffled,"[70, 190, 90]",0,0.0,1
squad,359,56d704430d65d214001982e2,3,top_heavy_shuffled,"[90, 70, 190]",1,1.0,1
squad,360,56d9a0eadc89441400fdb63e,3,top_heavy_shuffled,"[90, 190, 70]",1,1.0,1
squad,361,56d9a0eadc89441400fdb63f,3,top_heavy_shuffled,"[90, 190, 70]",1,1.0,1
squad,362,56d9a0eadc89441400fdb640,3,top_heavy_shuffled,"[190, 70, 90]",1,1.0,1
squad,363,56beb90c3aeaaa14008c92c7,3,top_heavy_shuffled,"[190, 70, 90]",1,1.0,1
squad,364,56beb90c3aeaaa14008c92c8,3,top_heavy_shuffled,"[190, 90, 70]",1,1.0,1
squad,365,56beb90c3aeaaa14008c92c9,3,top_heavy_shuffled,"[190, 90, 70]",0,0.0,0
squad,366,56beb90c3aeaaa14008c92ca,3,top_heavy_shuffled,"[190, 70, 90]",0,0.0,1
squad,367,56beb90c3aeaaa14008c92cb,3,top_heavy_shuffled,"[190, 90, 70]",0,0.0,1
squad,368,56bf41013aeaaa14008c959b,3,top_heavy_shuffled,"[70, 90, 190]",1,1.0,1
squad,369,56bf41013aeaaa14008c959c,3,top_heavy_shuffled,"[190, 70, 90]",1,1.0,1
squad,370,56bf41013aeaaa14008c959d,3,top_heavy_shuffled,"[70, 190, 90]",0,0.0,0
squad,371,56bf41013aeaaa14008c959e,3,top_heavy_shuffled,"[70, 90, 190]",0,0.0,0
squad,372,56d7096b0d65d214001982fc,3,top_heavy_shuffled,"[190, 70, 90]",0,0.5,1
squad,373,56d7096b0d65d214001982fd,3,top_heavy_shuffled,"[70, 190, 90]",1,1.0,1
squad,374,56d7096b0d65d214001982fe,3,top_heavy_shuffled,"[70, 90, 190]",0,0.0,1
squad,375,56d9a199dc89441400fdb647,3,top_heavy_shuffled,"[190, 90, 70]",1,1.0,1
squad,376,56d9a199dc89441400fdb648,3,top_heavy_shuffled,"[70, 190, 90]",0,0.0,0
squad,377,56d9a199dc89441400fdb649,3,top_heavy_shuffled,"[90, 70, 190]",0,0.10526315789473682,1
squad,378,56beb97c3aeaaa14008c92db,3,top_heavy_shuffled,"[70, 190, 90]",1,1.0,1
squad,379,56beb97c3aeaaa14008c92dc,3,top_heavy_shuffled,"[70, 190, 90]",1,1.0,1
squad,380,56beb97c3aeaaa14008c92dd,3,top_heavy_shuffled,"[90, 70, 190]",1,1.0,1
squad,381,56beb97c3aeaaa14008c92de,3,top_heavy_shuffled,"[70, 90, 190]",1,1.0,1
squad,382,56beb97c3aeaaa14008c92df,3,top_heavy_shuffled,"[190, 70, 90]",0,0.0,1
squad,383,56bf6c3e3aeaaa14008c9615,3,top_heavy_shuffled,"[90, 70, 190]",1,1.0,1
squad,384,56bf6c3e3aeaaa14008c9617,3,top_heavy_shuffled,"[190, 70, 90]",0,0.0,1
squad,385,56d709ef0d65d21400198306,3,top_heavy_shuffled,"[190, 90, 70]",0,0.0,0
squad,386,56d709ef0d65d21400198307,3,top_heavy_shuffled,"[190, 90, 70]",1,1.0,1
squad,387,56beba103aeaaa14008c92e5,3,top_heavy_shuffled,"[90, 70, 190]",0,0.5714285714285715,1
squad,388,56beba103aeaaa14008c92e6,3,top_heavy_shuffled,"[70, 90, 190]",0,0.0,1
squad,389,56beba103aeaaa14008c92e7,3,top_heavy_shuffled,"[70, 90, 190]",0,0.0,1
squad,390,56beba103aeaaa14008c92e8,3,top_heavy_shuffled,"[90, 70, 190]",1,1.0,1
squad,391,56beba103aeaaa14008c92e9,3,top_heavy_shuffled,"[70, 190, 90]",0,0.0,1
squad,392,56bf467d3aeaaa14008c95a5,3,top_heavy_shuffled,"[90, 190, 70]",1,1.0,1
squad,393,56bf467d3aeaaa14008c95a6,3,top_heavy_shuffled,"[90, 190, 70]",1,1.0,1
squad,394,56bf467d3aeaaa14008c95a7,3,top_heavy_shuffled,"[90, 70, 190]",0,0.0,0
squad,395,56d70adc0d65d21400198311,3,top_heavy_shuffled,"[190, 90, 70]",1,1.0,1
squad,396,56d70adc0d65d21400198312,3,top_heavy_shuffled,"[70, 190, 90]",0,0.0,1
squad,397,56d70adc0d65d21400198313,3,top_heavy_shuffled,"[90, 190, 70]",1,1.0,1
squad,398,56d70adc0d65d21400198314,3,top_heavy_shuffled,"[70, 190, 90]",0,0.0,1
squad,399,56d9a419dc89441400fdb678,3,top_heavy_shuffled,"[90, 70, 190]",1,1.0,1
squad,400,56d9a419dc89441400fdb679,3,top_heavy_shuffled,"[90, 190, 70]",0,0.0,1
squad,401,56bebad93aeaaa14008c92f9,3,top_heavy_shuffled,"[70, 190, 90]",1,1.0,1
squad,402,56bebad93aeaaa14008c92fa,3,top_heavy_shuffled,"[70, 190, 90]",1,1.0,1
squad,403,56bebad93aeaaa14008c92fb,3,top_heavy_shuffled,"[70, 90, 190]",0,0.0,1
squad,404,56bebad93aeaaa14008c92fc,3,top_heavy_shuffled,"[90, 70, 190]",0,0.6666666666666666,1
squad,405,56bebad93aeaaa14008c92fd,3,top_heavy_shuffled,"[90, 190, 70]",1,1.0,1
squad,406,56bf48cc3aeaaa14008c95ab,3,top_heavy_shuffled,"[90, 70, 190]",1,1.0,1
squad,407,56bf48cc3aeaaa14008c95ac,3,top_heavy_shuffled,"[70, 90, 190]",0,0.0,1
squad,408,56bf48cc3aeaaa14008c95ae,3,top_heavy_shuffled,"[190, 70, 90]",1,1.0,1
squad,409,56bf48cc3aeaaa14008c95af,3,top_heavy_shuffled,"[90, 190, 70]",1,1.0,1
squad,410,56d70ccc0d65d2140019831d,3,top_heavy_shuffled,"[190, 70, 90]",1,1.0,1
squad,411,56d70ccc0d65d2140019831f,3,top_heavy_shuffled,"[190, 70, 90]",0,0.0,1
squad,412,56d9a637dc89441400fdb697,3,top_heavy_shuffled,"[190, 90, 70]",1,1.0,1
squad,413,56d9a637dc89441400fdb698,3,top_heavy_shuffled,"[70, 90, 190]",1,1.0,1
squad,414,56d9a637dc89441400fdb699,3,top_heavy_shuffled,"[90, 190, 70]",0,0.0,1
squad,415,56d9a637dc89441400fdb69a,3,top_heavy_shuffled,"[90, 70, 190]",0,0.0,1
squad,416,56bebb293aeaaa14008c9303,3,top_heavy_shuffled,"[190, 90, 70]",0,0.0,1
squad,417,56bebb293aeaaa14008c9304,3,top_heavy_shuffled,"[70, 190, 90]",1,1.0,1
squad,418,56bebb293aeaaa14008c9305,3,top_heavy_shuffled,"[70, 190, 90]",1,1.0,1
squad,419,56bebb293aeaaa14008c9306,3,top_heavy_shuffled,"[70, 90, 190]",0,0.0,1
squad,420,56bf49993aeaaa14008c95b5,3,top_heavy_shuffled,"[90, 70, 190]",0,0.0,0
squad,421,56bf49993aeaaa14008c95b6,3,top_heavy_shuffled,"[70, 190, 90]",0,0.0,0
squad,422,56bf49993aeaaa14008c95b7,3,top_heavy_shuffled,"[190, 90, 70]",0,0.0,0
squad,423,56bf49993aeaaa14008c95b8,3,top_heavy_shuffled,"[190, 90, 70]",0,0.0,0
squad,424,56d70d240d65d21400198326,3,top_heavy_shuffled,"[90, 190, 70]",0,0.0,0
squad,425,56d70d240d65d21400198327,3,top_heavy_shuffled,"[190, 70, 90]",0,0.0,0
squad,426,56d70d240d65d21400198328,3,top_heavy_shuffled,"[190, 70, 90]",0,0.0,0
squad,427,56d70d240d65d21400198329,3,top_heavy_shuffled,"[70, 90, 190]",0,0.0,0
squad,428,56d9a6b4dc89441400fdb6a0,3,top_heavy_shuffled,"[190, 70, 90]",0,0.15384615384615385,0
squad,429,56d9a6b4dc89441400fdb6a1,3,top_heavy_shuffled,"[70, 90, 190]",1,1.0,1
squad,430,56d9a6b4dc89441400fdb6a2,3,top_heavy_shuffled,"[190, 70, 90]",0,0.0,0
squad,431,56d9a6b4dc89441400fdb6a3,3,top_heavy_shuffled,"[70, 90, 190]",0,0.0,0
squad,432,56bebbbf3aeaaa14008c9315,3,top_heavy_shuffled,"[190, 70, 90]",1,1.0,1
squad,433,56bebbbf3aeaaa14008c9316,3,top_heavy_shuffled,"[90, 70, 190]",0,0.6666666666666666,1
squad,434,56bebbbf3aeaaa14008c9317,3,top_heavy_shuffled,"[190, 70, 90]",1,1.0,1
squad,435,56bebbbf3aeaaa14008c9318,3,top_heavy_shuffled,"[90, 70, 190]",0,0.6666666666666666,1
squad,436,56bebbbf3aeaaa14008c9319,3,top_heavy_shuffled,"[190, 70, 90]",1,1.0,1
squad,437,56bf4e1b3aeaaa14008c95bd,3,top_heavy_shuffled,"[90, 70, 190]",1,1.0,1
squad,438,56bf4e1b3aeaaa14008c95be,3,top_heavy_shuffled,"[90, 190, 70]",0,0.6666666666666666,1
squad,439,56bf4e1b3aeaaa14008c95c0,3,top_heavy_shuffled,"[70, 90, 190]",0,0.0,1
squad,440,56bf4e1b3aeaaa14008c95c1,3,top_heavy_shuffled,"[190, 70, 90]",0,0.0,1
squad,441,56d70daa0d65d21400198332,3,top_heavy_shuffled,"[90, 70, 190]",1,1.0,1
squad,442,56d70daa0d65d21400198333,3,top_heavy_shuffled,"[190, 70, 90]",0,0.0,1
squad,443,56d70daa0d65d21400198334,3,top_heavy_shuffled,"[70, 90, 190]",0,0.5,1
squad,444,56d70daa0d65d21400198335,3,top_heavy_shuffled,"[190, 90, 70]",0,0.0,1
squad,445,56d70daa0d65d21400198336,3,top_heavy_shuffled,"[90, 70, 190]",0,0.0,1
squad,446,56d9a7addc89441400fdb6a8,3,top_heavy_shuffled,"[190, 70, 90]",1,1.0,1
squad,447,56d9a7addc89441400fdb6ab,3,top_heavy_shuffled,"[70, 90, 190]",0,0.0,1
squad,448,56bebc383aeaaa14008c931f,3,top_heavy_shuffled,"[90, 70, 190]",1,1.0,1
squad,449,56bebc383aeaaa14008c9320,3,top_heavy_shuffled,"[70, 90, 190]",1,1.0,1
squad,450,56bebc383aeaaa14008c9321,3,top_heavy_shuffled,"[70, 90, 190]",1,1.0,1
squad,451,56bf52483aeaaa14008c95c7,3,top_heavy_shuffled,"[70, 190, 90]",1,1.0,1
squad,452,56bf52483aeaaa14008c95c8,3,top_heavy_shuffled,"[90, 70, 190]",1,1.0,1
squad,453,56d70e570d65d2140019833c,3,top_heavy_shuffled,"[190, 90, 70]",0,0.6666666666666666,0
squad,454,56d70e570d65d2140019833e,3,top_heavy_shuffled,"[70, 90, 190]",0,0.0,1
squad,455,56d70e570d65d2140019833f,3,top_heavy_shuffled,"[90, 70, 190]",1,1.0,1
squad,456,56d9b01fdc89441400fdb6d4,3,top_heavy_shuffled,"[90, 190, 70]",0,0.0,0
squad,457,56bebcbe3aeaaa14008c9325,3,top_heavy_shuffled,"[190, 70, 90]",1,1.0,1
squad,458,56bebcbe3aeaaa14008c9326,3,top_heavy_shuffled,"[190, 90, 70]",1,1.0,1
squad,459,56bebcbe3aeaaa14008c9327,3,top_heavy_shuffled,"[190, 70, 90]",1,1.0,1
squad,460,56bebcbe3aeaaa14008c9328,3,top_heavy_shuffled,"[90, 190, 70]",0,0.0,1
squad,461,56bebcbe3aeaaa14008c9329,3,top_heavy_shuffled,"[90, 70, 190]",0,0.0,0
squad,462,56bf53e73aeaaa14008c95cb,3,top_heavy_shuffled,"[90, 70, 190]",1,1.0,1
squad,463,56bf53e73aeaaa14008c95cc,3,top_heavy_shuffled,"[90, 70, 190]",1,1.0,1
squad,464,56bf53e73aeaaa14008c95cd,3,top_heavy_shuffled,"[70, 190, 90]",1,1.0,1
squad,465,56bf53e73aeaaa14008c95ce,3,top_heavy_shuffled,"[70, 90, 190]",1,1.0,1
squad,466,56d7145c0d65d2140019834c,3,top_heavy_shuffled,"[90, 70, 190]",0,0.5714285714285715,1
squad,467,56d7145c0d65d2140019834d,3,top_heavy_shuffled,"[70, 190, 90]",1,1.0,1
squad,468,56d7145c0d65d2140019834f,3,top_heavy_shuffled,"[190, 90, 70]",1,1.0,1
squad,469,56d9b389dc89441400fdb6ec,3,top_heavy_shuffled,"[90, 70, 190]",1,1.0,1
squad,470,56d9b389dc89441400fdb6ed,3,top_heavy_shuffled,"[90, 70, 190]",1,1.0,1
squad,471,56d9b389dc89441400fdb6ee,3,top_heavy_shuffled,"[70, 90, 190]",0,0.0,1
squad,472,56d9b389dc89441400fdb6ef,3,top_heavy_shuffled,"[190, 70, 90]",1,1.0,1
squad,473,56d9b389dc89441400fdb6f0,3,top_heavy_shuffled,"[190, 70, 90]",1,1.0,1
squad,474,56bebd713aeaaa14008c932f,3,top_heavy_shuffled,"[90, 70, 190]",1,1.0,1
squad,475,56bebd713aeaaa14008c9330,3,top_heavy_shuffled,"[90, 70, 190]",0,0.0,0
squad,476,56bebd713aeaaa14008c9331,3,top_heavy_shuffled,"[70, 90, 190]",1,1.0,1
squad,477,56bf555e3aeaaa14008c95d3,3,top_heavy_shuffled,"[190, 90, 70]",0,0.10526315789473684,0
squad,478,56bf555e3aeaaa14008c95d4,3,top_heavy_shuffled,"[90, 70, 190]",0,0.5,0
squad,479,56bf555e3aeaaa14008c95d5,3,top_heavy_shuffled,"[190, 70, 90]",0,0.0,0
squad,480,56d714cd0d65d21400198356,3,top_heavy_shuffled,"[70, 190, 90]",0,0.5,1
squad,481,56d714cd0d65d21400198358,3,top_heavy_shuffled,"[90, 190, 70]",1,1.0,1
squad,482,56d714cd0d65d21400198359,3,top_heavy_shuffled,"[190, 90, 70]",1,1.0,1
squad,483,56d9b43edc89441400fdb700,3,top_heavy_shuffled,"[190, 70, 90]",0,0.5,0
squad,484,56d9b43edc89441400fdb701,3,top_heavy_shuffled,"[190, 90, 70]",1,1.0,1
squad,485,56bebde53aeaaa14008c9335,3,top_heavy_shuffled,"[70, 190, 90]",1,1.0,1
squad,486,56bebde53aeaaa14008c9336,3,top_heavy_shuffled,"[70, 90, 190]",0,0.6666666666666666,1
squad,487,56bebde53aeaaa14008c9337,3,top_heavy_shuffled,"[90, 70, 190]",1,1.0,1
squad,488,56bebde53aeaaa14008c9338,3,top_heavy_shuffled,"[190, 70, 90]",1,1.0,1
squad,489,56bebde53aeaaa14008c9339,3,top_heavy_shuffled,"[70, 90, 190]",0,0.0,1
squad,490,56bf57043aeaaa14008c95d9,3,top_heavy_shuffled,"[70, 190, 90]",1,1.0,1
squad,491,56bf57043aeaaa14008c95da,3,top_heavy_shuffled,"[190, 70, 90]",0,0.0,1
squad,492,56bf57043aeaaa14008c95db,3,top_heavy_shuffled,"[70, 90, 190]",1,1.0,1
squad,493,56bf57043aeaaa14008c95dc,3,top_heavy_shuffled,"[190, 70, 90]",0,0.0,1
squad,494,56bf57043aeaaa14008c95dd,3,top_heavy_shuffled,"[70, 190, 90]",1,1.0,1
squad,495,56d71bd80d65d2140019835e,3,top_heavy_shuffled,"[70, 190, 90]",0,0.6666666666666666,1
squad,496,56d71bd80d65d21400198360,3,top_heavy_shuffled,"[70, 90, 190]",1,1.0,1
squad,497,56d71bd80d65d21400198361,3,top_heavy_shuffled,"[90, 70, 190]",1,1.0,1
squad,498,56d71bd80d65d21400198362,3,top_heavy_shuffled,"[90, 190, 70]",1,1.0,1
squad,499,56d9b4ebdc89441400fdb708,3,top_heavy_shuffled,"[190, 90, 70]",0,0.6666666666666666,1
squad,500,56d9b4ebdc89441400fdb709,3,top_heavy_shuffled,"[90, 190, 70]",0,0.5714285714285715,0
squad,501,56d9b4ebdc89441400fdb70a,3,top_heavy_shuffled,"[70, 90, 190]",1,1.0,1
squad,502,56d9b4ebdc89441400fdb70b,3,top_heavy_shuffled,"[70, 190, 90]",0,0.0,1
squad,503,56d9b4ebdc89441400fdb70c,3,top_heavy_shuffled,"[190, 70, 90]",1,1.0,1
squad,504,56bebe873aeaaa14008c933f,3,top_heavy_shuffled,"[70, 190, 90]",0,0.0,1
squad,505,56bebe873aeaaa14008c9340,3,top_heavy_shuffled,"[90, 70, 190]",1,1.0,1
squad,506,56bebe873aeaaa14008c9341,3,top_heavy_shuffled,"[90, 70, 190]",0,0.0,1
squad,507,56bebe873aeaaa14008c9342,3,top_heavy_shuffled,"[90, 70, 190]",0,0.0,0
squad,508,56bebe873aeaaa14008c9343,3,top_heavy_shuffled,"[90, 190, 70]",0,0.0,0
squad,509,56bf59523aeaaa14008c95e3,3,top_heavy_shuffled,"[70, 190, 90]",1,1.0,1
squad,510,56bf59523aeaaa14008c95e4,3,top_heavy_shuffled,"[90, 70, 190]",0,0.0,0
squad,511,56bf59523aeaaa14008c95e5,3,top_heavy_shuffled,"[70, 190, 90]",0,0.0,0
squad,512,56d71cb60d65d21400198368,3,top_heavy_shuffled,"[90, 70, 190]",0,0.0,1
squad,513,56d9b5ffdc89441400fdb720,3,top_heavy_shuffled,"[70, 90, 190]",0,0.0,1
squad,514,56d9b5ffdc89441400fdb721,3,top_heavy_shuffled,"[190, 70, 90]",0,0.0,0
squad,515,56bebec43aeaaa14008c9349,3,top_heavy_shuffled,"[190, 70, 90]",1,1.0,1
squad,516,56bebec43aeaaa14008c934a,3,top_heavy_shuffled,"[190, 70, 90]",0,0.28571428571428575,1
squad,517,56bf5abc3aeaaa14008c95e9,3,top_heavy_shuffled,"[190, 70, 90]",0,0.0,0
squad,518,56bf5abc3aeaaa14008c95ea,3,top_heavy_shuffled,"[190, 90, 70]",0,0.28571428571428575,1
squad,519,56d71d150d65d2140019836e,3,top_heavy_shuffled,"[90, 70, 190]",0,0.888888888888889,1
squad,520,56d71d150d65d2140019836f,3,top_heavy_shuffled,"[90, 70, 190]",0,0.5555555555555556,1
squad,521,56d71d150d65d21400198370,3,top_heavy_shuffled,"[190, 90, 70]",0,0.28571428571428575,1
squad,522,56d9b6a3dc89441400fdb72f,3,top_heavy_shuffled,"[70, 90, 190]",1,1.0,1
squad,523,56d9b6a3dc89441400fdb730,3,top_heavy_shuffled,"[90, 70, 190]",0,0.28571428571428575,1
squad,524,56bec0353aeaaa14008c934d,3,top_heavy_shuffled,"[90, 190, 70]",0,0.8,1
squad,525,56bec0353aeaaa14008c934e,3,top_heavy_shuffled,"[190, 90, 70]",1,1.0,1
squad,526,56bec0353aeaaa14008c934f,3,top_heavy_shuffled,"[190, 70, 90]",0,0.0,1
squad,527,56bec0353aeaaa14008c9350,3,top_heavy_shuffled,"[190, 90, 70]",1,1.0,1
squad,528,56bec0353aeaaa14008c9351,3,top_heavy_shuffled,"[190, 90, 70]",1,1.0,1
squad,529,56bf5b933aeaaa14008c95ed,3,top_heavy_shuffled,"[70, 190, 90]",1,1.0,1
squad,530,56bf5b933aeaaa14008c95ef,3,top_heavy_shuffled,"[190, 90, 70]",1,1.0,1
squad,531,56bf5b933aeaaa14008c95f1,3,top_heavy_shuffled,"[190, 90, 70]",0,0.0,1
squad,532,56d71d9d0d65d21400198374,3,top_heavy_shuffled,"[90, 70, 190]",1,1.0,1
squad,533,56d71d9d0d65d21400198377,3,top_heavy_shuffled,"[190, 70, 90]",1,1.0,1
squad,534,56bec0dd3aeaaa14008c9357,3,top_heavy_shuffled,"[70, 190, 90]",0,0.0,0
squad,535,56bec0dd3aeaaa14008c9358,3,top_heavy_shuffled,"[90, 70, 190]",1,1.0,1
squad,536,56bec0dd3aeaaa14008c9359,3,top_heavy_shuffled,"[70, 90, 190]",1,1.0,1
squad,537,56bec0dd3aeaaa14008c935a,3,top_heavy_shuffled,"[90, 190, 70]",0,0.0,1
squad,538,56bec0dd3aeaaa14008c935b,3,top_heavy_shuffled,"[90, 190, 70]",0,0.0,1
squad,539,56bf5e7b3aeaaa14008c95f7,3,top_heavy_shuffled,"[70, 90, 190]",0,0.0,0
squad,540,56bf5e7b3aeaaa14008c95f8,3,top_heavy_shuffled,"[90, 70, 190]",0,0.0,1
squad,541,56bf5e7b3aeaaa14008c95f9,3,top_heavy_shuffled,"[90, 70, 190]",0,0.0,1
squad,542,56bf5e7b3aeaaa14008c95fa,3,top_heavy_shuffled,"[70, 190, 90]",0,0.0,1
squad,543,56bf5e7b3aeaaa14008c95fb,3,top_heavy_shuffled,"[90, 70, 190]",0,0.6666666666666666,1
squad,544,56d71ed50d65d2140019837c,3,top_heavy_shuffled,"[190, 70, 90]",1,1.0,1
squad,545,56d71ed50d65d2140019837d,3,top_heavy_shuffled,"[70, 190, 90]",1,1.0,1
squad,546,56d9b7dcdc89441400fdb740,3,top_heavy_shuffled,"[90, 70, 190]",1,1.0,0
squad,547,56d9b7dcdc89441400fdb741,3,top_heavy_shuffled,"[90, 70, 190]",0,0.22222222222222224,0
squad,548,56d9b7dcdc89441400fdb742,3,top_heavy_shuffled,"[90, 70, 190]",0,0.22222222222222224,0
squad,549,56d9b7dcdc89441400fdb743,3,top_heavy_shuffled,"[70, 190, 90]",0,0.0,1
squad,550,56d9b7dcdc89441400fdb744,3,top_heavy_shuffled,"[190, 90, 70]",0,0.0,0
squad,551,56bec1823aeaaa14008c9361,3,top_heavy_shuffled,"[190, 90, 70]",0,0.0,1
squad,552,56bec1823aeaaa14008c9362,3,top_heavy_shuffled,"[190, 70, 90]",1,1.0,1
squad,553,56bec1823aeaaa14008c9363,3,top_heavy_shuffled,"[70, 190, 90]",0,0.0,1
squad,554,56bec1823aeaaa14008c9364,3,top_heavy_shuffled,"[190, 90, 70]",1,1.0,1
squad,555,56bec1823aeaaa14008c9365,3,top_heavy_shuffled,"[70, 190, 90]",1,1.0,1
squad,556,56bf6d343aeaaa14008c961b,3,top_heavy_shuffled,"[90, 190, 70]",1,1.0,0
squad,557,56d71fc00d65d21400198386,3,top_heavy_shuffled,"[70, 90, 190]",1,1.0,1
squad,558,56d71fc00d65d21400198389,3,top_heavy_shuffled,"[190, 70, 90]",1,1.0,1
squad,559,56d9ba95dc89441400fdb754,3,top_heavy_shuffled,"[70, 90, 190]",0,0.0,0
squad,560,56d9ba95dc89441400fdb757,3,top_heavy_shuffled,"[70, 190, 90]",0,0.22222222222222224,1
squad,561,56d9ba95dc89441400fdb758,3,top_heavy_shuffled,"[190, 70, 90]",1,1.0,1
squad,562,56bec2013aeaaa14008c9371,3,top_heavy_shuffled,"[190, 90, 70]",1,1.0,1
squad,563,56bec2013aeaaa14008c9372,3,top_heavy_shuffled,"[70, 190, 90]",1,1.0,1
squad,564,56bec2013aeaaa14008c9373,3,top_heavy_shuffled,"[90, 190, 70]",1,1.0,1
squad,565,56bec2013aeaaa14008c9374,3,top_heavy_shuffled,"[70, 190, 90]",0,0.6666666666666666,1
squad,566,56bec2013aeaaa14008c9375,3,top_heavy_shuffled,"[190, 90, 70]",0,0.0,1
squad,567,56bf6e7a3aeaaa14008c961f,3,top_heavy_shuffled,"[190, 90, 70]",0,0.0,0
squad,568,56bf6e7a3aeaaa14008c9620,3,top_heavy_shuffled,"[190, 70, 90]",0,0.0,0
squad,569,56bf6e7a3aeaaa14008c9621,3,top_heavy_shuffled,"[90, 70, 190]",1,1.0,1
squad,570,56bf6e7a3aeaaa14008c9622,3,top_heavy_shuffled,"[90, 70, 190]",0,0.2,1
squad,571,56d7205e0d65d21400198391,3,top_heavy_shuffled,"[190, 90, 70]",0,0.6666666666666666,1
squad,572,56d7205e0d65d21400198392,3,top_heavy_shuffled,"[70, 190, 90]",1,1.0,1
squad,573,56d9bc13dc89441400fdb75e,3,top_heavy_shuffled,"[190, 90, 70]",1,1.0,1
squad,574,56d9bc13dc89441400fdb75f,3,top_heavy_shuffled,"[70, 90, 190]",1,1.0,0
squad,575,56d9bc13dc89441400fdb760,3,top_heavy_shuffled,"[70, 190, 90]",1,1.0,1
squad,576,56bec2573aeaaa14008c937b,3,top_heavy_shuffled,"[190, 70, 90]",0,0.6,1
squad,577,56bec2573aeaaa14008c937c,3,top_heavy_shuffled,"[190, 70, 90]",1,1.0,1
squad,578,56bf6f743aeaaa14008c9631,3,top_heavy_shuffled,"[90, 190, 70]",0,0.5,1
squad,579,56bf6f743aeaaa14008c9632,3,top_heavy_shuffled,"[90, 190, 70]",1,1.0,1
squad,580,56d720c70d65d21400198396,3,top_heavy_shuffled,"[90, 190, 70]",1,1.0,1
squad,581,56d720c70d65d21400198397,3,top_heavy_shuffled,"[90, 190, 70]",0,0.18181818181818182,1
squad,582,56d720c70d65d21400198398,3,top_heavy_shuffled,"[70, 190, 90]",0,0.16666666666666666,1
squad,583,56bec3153aeaaa14008c9389,3,top_heavy_shuffled,"[70, 90, 190]",1,1.0,1
squad,584,56bec3153aeaaa14008c938a,3,top_heavy_shuffled,"[190, 70, 90]",1,1.0,1
squad,585,56bec3153aeaaa14008c938b,3,top_heavy_shuffled,"[90, 70, 190]",0,0.0,1
squad,586,56bec3153aeaaa14008c938c,3,top_heavy_shuffled,"[70, 90, 190]",0,0.0,1
squad,587,56bf717d3aeaaa14008c9635,3,top_heavy_shuffled,"[190, 70, 90]",0,0.0,0
squad,588,56bf717d3aeaaa14008c9637,3,top_heavy_shuffled,"[190, 70, 90]",1,1.0,1
squad,589,56bf717d3aeaaa14008c9638,3,top_heavy_shuffled,"[70, 190, 90]",0,0.0,1
squad,590,56bf717d3aeaaa14008c9639,3,top_heavy_shuffled,"[90, 70, 190]",0,0.0,1
squad,591,56d721af0d65d2140019839e,3,top_heavy_shuffled,"[90, 70, 190]",0,0.0,1
squad,592,56d721af0d65d2140019839f,3,top_heavy_shuffled,"[90, 190, 70]",0,0.0,1
squad,593,56d721af0d65d214001983a0,3,top_heavy_shuffled,"[90, 70, 190]",0,0.0,1
squad,594,56d9bdc1dc89441400fdb768,3,top_heavy_shuffled,"[70, 190, 90]",0,0.0,1
squad,595,56d9bdc1dc89441400fdb769,3,top_heavy_shuffled,"[70, 190, 90]",0,0.0,1
squad,596,56d9bdc1dc89441400fdb76a,3,top_heavy_shuffled,"[70, 190, 90]",0,0.6666666666666666,1
squad,597,56bec38b3aeaaa14008c9397,3,top_heavy_shuffled,"[190, 70, 90]",1,1.0,1
squad,598,56bec38b3aeaaa14008c9398,3,top_heavy_shuffled,"[70, 90, 190]",1,1.0,1
squad,599,56bec38b3aeaaa14008c9399,3,top_heavy_shuffled,"[190, 70, 90]",1,1.0,1
squad,600,56bec38b3aeaaa14008c939a,3,top_heavy_shuffled,"[70, 190, 90]",1,1.0,1
squad,601,56bf71e73aeaaa14008c963f,3,top_heavy_shuffled,"[70, 190, 90]",0,0.0,0
squad,602,56bf71e73aeaaa14008c9640,3,top_heavy_shuffled,"[90, 190, 70]",1,1.0,1
squad,603,56d722330d65d214001983a6,3,top_heavy_shuffled,"[90, 70, 190]",1,1.0,1
squad,604,56d722330d65d214001983a7,3,top_heavy_shuffled,"[70, 90, 190]",1,1.0,1
squad,605,56d722330d65d214001983a8,3,top_heavy_shuffled,"[190, 90, 70]",0,0.0,1
squad,606,56d9be16dc89441400fdb770,3,top_heavy_shuffled,"[70, 90, 190]",0,0.0,1
squad,607,56d9be16dc89441400fdb771,3,top_heavy_shuffled,"[70, 190, 90]",0,0.0,0
squad,608,56bec4343aeaaa14008c93a9,3,top_heavy_shuffled,"[70, 190, 90]",0,0.0,1
squad,609,56bec4343aeaaa14008c93aa,3,top_heavy_shuffled,"[90, 190, 70]",0,0.0,1
squad,610,56bec4343aeaaa14008c93ab,3,top_heavy_shuffled,"[70, 190, 90]",0,0.0,1
squad,611,56bec4343aeaaa14008c93ac,3,top_heavy_shuffled,"[70, 190, 90]",0,0.2857142857142857,1
squad,612,56d723560d65d214001983ac,3,top_heavy_shuffled,"[90, 190, 70]",0,0.0,1
squad,613,56d723560d65d214001983ad,3,top_heavy_shuffled,"[190, 90, 70]",1,1.0,1
squad,614,56d723560d65d214001983ae,3,top_heavy_shuffled,"[70, 90, 190]",0,0.0,1
squad,615,56d723560d65d214001983af,3,top_heavy_shuffled,"[190, 70, 90]",1,1.0,1
squad,616,56d9bf70dc89441400fdb77b,3,top_heavy_shuffled,"[70, 90, 190]",0,0.6666666666666666,1
squad,617,56d9bf70dc89441400fdb77c,3,top_heavy_shuffled,"[190, 70, 90]",0,0.6666666666666666,1
squad,618,56d9bf70dc89441400fdb77d,3,top_heavy_shuffled,"[70, 90, 190]",1,1.0,1
squad,619,56bec4a33aeaaa14008c93b1,3,top_heavy_shuffled,"[190, 70, 90]",0,0.0,0
squad,620,56bec4a33aeaaa14008c93b2,3,top_heavy_shuffled,"[70, 190, 90]",0,0.16666666666666669,1
squad,621,56bec4a33aeaaa14008c93b3,3,top_heavy_shuffled,"[90, 190, 70]",1,1.0,1
squad,622,56bec4a33aeaaa14008c93b4,3,top_heavy_shuffled,"[70, 90, 190]",1,1.0,1
squad,623,56bec4a33aeaaa14008c93b5,3,top_heavy_shuffled,"[70, 90, 190]",1,1.0,1
squad,624,56bf738b3aeaaa14008c9655,3,top_heavy_shuffled,"[90, 190, 70]",0,0.0,0
squad,625,56bf738b3aeaaa14008c9656,3,top_heavy_shuffled,"[190, 90, 70]",0,0.0,0
squad,626,56d723ad0d65d214001983b4,3,top_heavy_shuffled,"[70, 90, 190]",1,1.0,1
squad,627,56d723ad0d65d214001983b5,3,top_heavy_shuffled,"[90, 70, 190]",0,0.0,1
squad,628,56d723ad0d65d214001983b8,3,top_heavy_shuffled,"[190, 70, 90]",1,1.0,1
squad,629,56d9c049dc89441400fdb78e,3,top_heavy_shuffled,"[190, 70, 90]",0,0.0,1
squad,630,56d9c049dc89441400fdb78f,3,top_heavy_shuffled,"[70, 90, 190]",1,1.0,1
squad,631,56d9c049dc89441400fdb790,3,top_heavy_shuffled,"[70, 190, 90]",0,0.45454545454545453,1
squad,632,56d9c049dc89441400fdb791,3,top_heavy_shuffled,"[190, 90, 70]",1,1.0,1
squad,633,56d9c049dc89441400fdb792,3,top_heavy_shuffled,"[70, 190, 90]",1,1.0,1
squad,634,56bec5233aeaaa14008c93cf,3,top_heavy_shuffled,"[190, 70, 90]",1,1.0,1
squad,635,56bec5233aeaaa14008c93d0,3,top_heavy_shuffled,"[190, 90, 70]",1,1.0,1
squad,636,56bec5233aeaaa14008c93d1,3,top_heavy_shuffled,"[190, 70, 90]",1,1.0,1
squad,637,56bec5233aeaaa14008c93d2,3,top_heavy_shuffled,"[70, 90, 190]",0,0.4,1
squad,638,56bec5233aeaaa14008c93d3,3,top_heavy_shuffled,"[70, 190, 90]",0,0.0,1
squad,639,56d724620d65d214001983be,3,top_heavy_shuffled,"[70, 190, 90]",1,1.0,1
squad,640,56d724620d65d214001983bf,3,top_heavy_shuffled,"[70, 90, 190]",1,1.0,1
squad,641,56d724620d65d214001983c0,3,top_heavy_shuffled,"[190, 90, 70]",1,1.0,1
squad,642,56d724620d65d214001983c1,3,top_heavy_shuffled,"[90, 70, 190]",1,1.0,1
squad,643,56d9c203dc89441400fdb7a0,3,top_heavy_shuffled,"[90, 190, 70]",0,0.16666666666666666,0
squad,644,56d9c203dc89441400fdb7a3,3,top_heavy_shuffled,"[190, 70, 90]",0,0.0,0
squad,645,56bec5ff3aeaaa14008c93e3,3,top_heavy_shuffled,"[70, 90, 190]",0,0.6666666666666666,1
squad,646,56bec5ff3aeaaa14008c93e4,3,top_heavy_shuffled,"[190, 70, 90]",0,0.0,1
squad,647,56bec5ff3aeaaa14008c93e5,3,top_heavy_shuffled,"[90, 70, 190]",0,0.0,1
squad,648,56d724ea0d65d214001983c8,3,top_heavy_shuffled,"[90, 190, 70]",0,0.0,0
squad,649,56d724ea0d65d214001983c9,3,top_heavy_shuffled,"[190, 70, 90]",1,1.0,1
squad,650,56bec6573aeaaa14008c93e9,3,top_heavy_shuffled,"[90, 190, 70]",0,0.0,1
squad,651,56bec6573aeaaa14008c93ea,3,top_heavy_shuffled,"[190, 90, 70]",0,0.0,1
squad,652,56bec6573aeaaa14008c93eb,3,top_heavy_shuffled,"[190, 90, 70]",0,0.0,1
squad,653,56bec6573aeaaa14008c93ec,3,top_heavy_shuffled,"[190, 90, 70]",1,1.0,1
squad,654,56bec6573aeaaa14008c93ed,3,top_heavy_shuffled,"[70, 190, 90]",1,1.0,1
squad,655,56d7251d0d65d214001983cc,3,top_heavy_shuffled,"[190, 90, 70]",0,0.0,1
squad,656,56d7251d0d65d214001983cd,3,top_heavy_shuffled,"[70, 190, 90]",0,0.0,1
squad,657,56d7251d0d65d214001983cf,3,top_heavy_shuffled,"[70, 190, 90]",0,0.0,1
squad,658,56d9c3a6dc89441400fdb7b4,3,top_heavy_shuffled,"[90, 70, 190]",0,0.0,1
squad,659,56d9c3a6dc89441400fdb7b5,3,top_heavy_shuffled,"[90, 70, 190]",0,0.0,1
squad,660,56d9c3a6dc89441400fdb7b6,3,top_heavy_shuffled,"[190, 90, 70]",0,0.0,1
squad,661,56d9c3a6dc89441400fdb7b7,3,top_heavy_shuffled,"[90, 70, 190]",0,0.0,1
squad,662,56d9c3a6dc89441400fdb7b8,3,top_heavy_shuffled,"[70, 90, 190]",0,0.0,1
squad,663,56bec6ac3aeaaa14008c93fd,3,top_heavy_shuffled,"[190, 70, 90]",0,0.0,1
squad,664,56bec6ac3aeaaa14008c93fe,3,top_heavy_shuffled,"[190, 70, 90]",1,1.0,1
squad,665,56bec6ac3aeaaa14008c93ff,3,top_heavy_shuffled,"[70, 90, 190]",1,1.0,1
squad,666,56bec6ac3aeaaa14008c9400,3,top_heavy_shuffled,"[70, 90, 190]",0,0.0,1
squad,667,56bec6ac3aeaaa14008c9401,3,top_heavy_shuffled,"[90, 190, 70]",0,0.8571428571428571,1
squad,668,56d20650e7d4791d00902614,3,top_heavy_shuffled,"[90, 190, 70]",1,1.0,1
squad,669,56d20650e7d4791d00902615,3,top_heavy_shuffled,"[70, 90, 190]",1,1.0,1
squad,670,56d7253b0d65d214001983d4,3,top_heavy_shuffled,"[90, 190, 70]",0,0.0,0
squad,671,56d7253b0d65d214001983d5,3,top_heavy_shuffled,"[70, 190, 90]",1,1.0,1
squad,672,56d9c455dc89441400fdb7c4,3,top_heavy_shuffled,"[190, 90, 70]",0,0.0,0
squad,673,56d9c455dc89441400fdb7c5,3,top_heavy_shuffled,"[190, 70, 90]",0,0.0,1
squad,674,56d9c455dc89441400fdb7c6,3,top_heavy_shuffled,"[190, 70, 90]",1,1.0,1
squad,675,56bec7353aeaaa14008c940d,3,top_heavy_shuffled,"[90, 190, 70]",1,1.0,1
squad,676,56bec7353aeaaa14008c940e,3,top_heavy_shuffled,"[190, 90, 70]",1,1.0,1
squad,677,56bec7353aeaaa14008c940f,3,top_heavy_shuffled,"[70, 190, 90]",0,0.6666666666666666,1
squad,678,56bec7353aeaaa14008c9410,3,top_heavy_shuffled,"[190, 90, 70]",1,1.0,1
squad,679,56bec7353aeaaa14008c9411,3,top_heavy_shuffled,"[90, 70, 190]",0,0.6666666666666666,1
squad,680,56d725790d65d214001983d8,3,top_heavy_shuffled,"[70, 190, 90]",0,0.0,1
squad,681,56d725790d65d214001983da,3,top_heavy_shuffled,"[90, 70, 190]",1,1.0,1
squad,682,56d725790d65d214001983db,3,top_heavy_shuffled,"[90, 190, 70]",1,1.0,1
squad,683,56d9c551dc89441400fdb7d0,3,top_heavy_shuffled,"[70, 190, 90]",0,0.4,1
squad,684,56d9c551dc89441400fdb7d1,3,top_heavy_shuffled,"[90, 190, 70]",1,1.0,1
squad,685,56d9c551dc89441400fdb7d2,3,top_heavy_shuffled,"[90, 190, 70]",0,0.08695652173913045,1
squad,686,56d9c551dc89441400fdb7d3,3,top_heavy_shuffled,"[90, 190, 70]",1,1.0,1
squad,687,56bec7a63aeaaa14008c9417,3,top_heavy_shuffled,"[90, 190, 70]",0,0.0,1
squad,688,56bec7a63aeaaa14008c9418,3,top_heavy_shuffled,"[190, 90, 70]",0,0.0,1
squad,689,56bec7a63aeaaa14008c9419,3,top_heavy_shuffled,"[90, 70, 190]",0,0.0,1
squad,690,56bec7a63aeaaa14008c941a,3,top_heavy_shuffled,"[70, 190, 90]",0,0.0,1
squad,691,56bec7a63aeaaa14008c941b,3,top_heavy_shuffled,"[190, 90, 70]",0,0.0,0
squad,692,56d728a10d65d21400198413,3,top_heavy_shuffled,"[190, 90, 70]",0,0.0,0
squad,693,56d728a10d65d21400198414,3,top_heavy_shuffled,"[90, 70, 190]",0,0.0,1
squad,694,56d728a10d65d21400198415,3,top_heavy_shuffled,"[90, 190, 70]",0,0.0,0
squad,695,56d728a10d65d21400198416,3,top_heavy_shuffled,"[190, 70, 90]",0,0.0,0
squad,696,56d9c5e7dc89441400fdb7d8,3,top_heavy_shuffled,"[190, 70, 90]",1,1.0,1
squad,697,56d9c5e7dc89441400fdb7d9,3,top_heavy_shuffled,"[190, 90, 70]",1,1.0,1
squad,698,56d9c5e7dc89441400fdb7da,3,top_heavy_shuffled,"[70, 90, 190]",1,1.0,1
squad,699,56d9c5e7dc89441400fdb7db,3,top_heavy_shuffled,"[70, 190, 90]",0,0.0,0
squad,700,56d9c5e7dc89441400fdb7dc,3,top_heavy_shuffled,"[70, 190, 90]",0,0.0,1
squad,701,56bec8243aeaaa14008c942b,3,top_heavy_shuffled,"[90, 70, 190]",1,1.0,1
squad,702,56bec8243aeaaa14008c942c,3,top_heavy_shuffled,"[90, 70, 190]",1,1.0,1
squad,703,56bec8243aeaaa14008c942d,3,top_heavy_shuffled,"[70, 190, 90]",1,1.0,1
squad,704,56bec8243aeaaa14008c942e,3,top_heavy_shuffled,"[70, 90, 190]",0,0.0,1
squad,705,56bec8243aeaaa14008c942f,3,top_heavy_shuffled,"[190, 70, 90]",0,0.6666666666666666,1
squad,706,56d728e00d65d2140019841c,3,top_heavy_shuffled,"[70, 90, 190]",0,0.0,1
squad,707,56d728e00d65d2140019841d,3,top_heavy_shuffled,"[190, 90, 70]",0,0.0,1
squad,708,56d728e00d65d2140019841e,3,top_heavy_shuffled,"[90, 190, 70]",0,0.0,1
squad,709,56d728e00d65d2140019841f,3,top_heavy_shuffled,"[70, 90, 190]",0,0.0,1
squad,710,56d728e00d65d21400198420,3,top_heavy_shuffled,"[190, 70, 90]",1,1.0,1
squad,711,56d9c660dc89441400fdb7e7,3,top_heavy_shuffled,"[190, 90, 70]",1,1.0,1
squad,712,56d9c660dc89441400fdb7e8,3,top_heavy_shuffled,"[190, 90, 70]",1,1.0,1
squad,713,56d9c660dc89441400fdb7e9,3,top_heavy_shuffled,"[190, 90, 70]",1,1.0,1
squad,714,56d9c660dc89441400fdb7ea,3,top_heavy_shuffled,"[70, 90, 190]",0,0.0,1
squad,715,56bec8a13aeaaa14008c9435,3,top_heavy_shuffled,"[70, 90, 190]",1,1.0,1
squad,716,56bec8a13aeaaa14008c9436,3,top_heavy_shuffled,"[70, 90, 190]",0,0.0,0
squad,717,56bec8a13aeaaa14008c9437,3,top_heavy_shuffled,"[190, 90, 70]",1,1.0,1
squad,718,56bec8a13aeaaa14008c9438,3,top_heavy_shuffled,"[90, 70, 190]",0,0.0,1
squad,719,56bec8a13aeaaa14008c9439,3,top_heavy_shuffled,"[70, 90, 190]",0,0.0,1
squad,720,56d729180d65d21400198426,3,top_heavy_shuffled,"[90, 70, 190]",1,1.0,1
squad,721,56d729180d65d21400198427,3,top_heavy_shuffled,"[90, 190, 70]",1,1.0,1
squad,722,56d729180d65d21400198428,3,top_heavy_shuffled,"[70, 90, 190]",1,1.0,1
squad,723,56d729180d65d21400198429,3,top_heavy_shuffled,"[70, 190, 90]",0,0.0,1
squad,724,56d729180d65d2140019842a,3,top_heavy_shuffled,"[190, 70, 90]",0,0.0,1
squad,725,56d9c6e0dc89441400fdb7f0,3,top_heavy_shuffled,"[70, 90, 190]",1,1.0,1
squad,726,56d9c6e0dc89441400fdb7f4,3,top_heavy_shuffled,"[90, 190, 70]",0,0.0,1
squad,727,56bec9133aeaaa14008c9445,3,top_heavy_shuffled,"[70, 190, 90]",1,1.0,1
squad,728,56bec9133aeaaa14008c9446,3,top_heavy_shuffled,"[90, 190, 70]",1,1.0,1
squad,729,56bec9133aeaaa14008c9447,3,top_heavy_shuffled,"[90, 190, 70]",1,1.0,1
squad,730,56bec9133aeaaa14008c9448,3,top_heavy_shuffled,"[190, 90, 70]",1,1.0,1
squad,731,56bec9133aeaaa14008c9449,3,top_heavy_shuffled,"[190, 90, 70]",0,0.0,1
squad,732,56d729ec0d65d21400198430,3,top_heavy_shuffled,"[190, 70, 90]",1,1.0,1
squad,733,56d729ec0d65d21400198431,3,top_heavy_shuffled,"[90, 70, 190]",1,1.0,1
squad,734,56d729ec0d65d21400198432,3,top_heavy_shuffled,"[190, 90, 70]",0,0.0,1
squad,735,56d729ec0d65d21400198434,3,top_heavy_shuffled,"[70, 190, 90]",0,0.0,1
squad,736,56d9c79edc89441400fdb804,3,top_heavy_shuffled,"[190, 70, 90]",0,0.0,1
squad,737,56d9c79edc89441400fdb805,3,top_heavy_shuffled,"[90, 70, 190]",1,1.0,1
squad,738,56d9c79edc89441400fdb806,3,top_heavy_shuffled,"[70, 190, 90]",1,1.0,1
squad,739,56d9c79edc89441400fdb807,3,top_heavy_shuffled,"[70, 90, 190]",0,0.0,0
squad,740,56d9c79edc89441400fdb808,3,top_heavy_shuffled,"[90, 70, 190]",0,0.0,1
squad,741,56bec98e3aeaaa14008c9455,3,top_heavy_shuffled,"[190, 90, 70]",1,1.0,1
squad,742,56bec98e3aeaaa14008c9456,3,top_heavy_shuffled,"[190, 90, 70]",1,1.0,1
squad,743,56bec98e3aeaaa14008c9457,3,top_heavy_shuffled,"[90, 70, 190]",0,0.0,1
squad,744,56bec98e3aeaaa14008c9458,3,top_heavy_shuffled,"[90, 190, 70]",0,0.0,1
squad,745,56bec98e3aeaaa14008c9459,3,top_heavy_shuffled,"[70, 90, 190]",0,0.0,1
squad,746,56d7282f0d65d21400198408,3,top_heavy_shuffled,"[70, 90, 190]",1,1.0,1
squad,747,56d7282f0d65d21400198409,3,top_heavy_shuffled,"[90, 70, 190]",1,1.0,1
squad,748,56d7282f0d65d2140019840a,3,top_heavy_shuffled,"[70, 190, 90]",0,0.0,1
squad,749,56d7282f0d65d2140019840c,3,top_heavy_shuffled,"[70, 190, 90]",0,0.0,0
squad,750,56d9c92bdc89441400fdb80e,3,top_heavy_shuffled,"[90, 70, 190]",0,0.0,0
squad,751,56d9c92bdc89441400fdb80f,3,top_heavy_shuffled,"[70, 90, 190]",0,0.6666666666666666,1
squad,752,56d9c92bdc89441400fdb810,3,top_heavy_shuffled,"[190, 70, 90]",1,1.0,1
squad,753,56d9c92bdc89441400fdb811,3,top_heavy_shuffled,"[90, 190, 70]",0,0.0,1
squad,754,56bec9e83aeaaa14008c945f,3,top_heavy_shuffled,"[190, 90, 70]",0,0.0,0
squad,755,56bec9e83aeaaa14008c9460,3,top_heavy_shuffled,"[90, 190, 70]",0,0.0,1
squad,756,56bec9e83aeaaa14008c9461,3,top_heavy_shuffled,"[90, 190, 70]",1,1.0,1
squad,757,56bec9e83aeaaa14008c9462,3,top_heavy_shuffled,"[70, 90, 190]",0,0.6666666666666666,0
squad,758,56d7261e0d65d214001983e0,3,top_heavy_shuffled,"[190, 70, 90]",0,0.6666666666666666,1
squad,759,56d7261e0d65d214001983e1,3,top_heavy_shuffled,"[70, 190, 90]",1,1.0,1
squad,760,56d7261e0d65d214001983e2,3,top_heavy_shuffled,"[190, 70, 90]",0,0.5714285714285715,1
squad,761,56d7261e0d65d214001983e4,3,top_heavy_shuffled,"[70, 90, 190]",0,0.0,1
squad,762,56d9ca0adc89441400fdb820,3,top_heavy_shuffled,"[90, 70, 190]",1,1.0,1
squad,763,56d9ca0adc89441400fdb821,3,top_heavy_shuffled,"[90, 190, 70]",0,0.5,1
squad,764,56d9ca0adc89441400fdb822,3,top_heavy_shuffled,"[190, 90, 70]",1,1.0,1
squad,765,56d9ca0adc89441400fdb823,3,top_heavy_shuffled,"[90, 70, 190]",0,0.0,1
squad,766,56beca913aeaaa14008c946d,3,top_heavy_shuffled,"[70, 90, 190]",1,1.0,1
squad,767,56beca913aeaaa14008c946e,3,top_heavy_shuffled,"[70, 190, 90]",0,0.0,1
squad,768,56beca913aeaaa14008c946f,3,top_heavy_shuffled,"[190, 70, 90]",0,0.0,1
squad,769,56beca913aeaaa14008c9470,3,top_heavy_shuffled,"[190, 70, 90]",0,0.0,1
squad,770,56beca913aeaaa14008c9471,3,top_heavy_shuffled,"[90, 190, 70]",1,1.0,1
squad,771,56d726b60d65d214001983ea,3,top_heavy_shuffled,"[190, 90, 70]",1,1.0,1
squad,772,56d726b60d65d214001983eb,3,top_heavy_shuffled,"[70, 90, 190]",1,1.0,1
squad,773,56d726b60d65d214001983ec,3,top_heavy_shuffled,"[70, 90, 190]",0,0.0,1
squad,774,56d726b60d65d214001983ed,3,top_heavy_shuffled,"[70, 190, 90]",0,0.0,1
squad,775,56d726b60d65d214001983ee,3,top_heavy_shuffled,"[190, 70, 90]",0,0.0,1
squad,776,56d9cb47dc89441400fdb832,3,top_heavy_shuffled,"[90, 70, 190]",1,1.0,1
squad,777,56d9cb47dc89441400fdb833,3,top_heavy_shuffled,"[90, 70, 190]",1,1.0,1
squad,778,56d9cb47dc89441400fdb834,3,top_heavy_shuffled,"[90, 70, 190]",0,0.0,0
squad,779,56d9cb47dc89441400fdb835,3,top_heavy_shuffled,"[90, 190, 70]",0,0.0,1
squad,780,56d9cb47dc89441400fdb836,3,top_heavy_shuffled,"[90, 70, 190]",0,0.0,1
squad,781,56becaf93aeaaa14008c9481,3,top_heavy_shuffled,"[190, 70, 90]",0,0.0,1
squad,782,56becaf93aeaaa14008c9482,3,top_heavy_shuffled,"[90, 70, 190]",0,0.0,1
squad,783,56becaf93aeaaa14008c9483,3,top_heavy_shuffled,"[190, 90, 70]",0,0.0,1
squad,784,56becaf93aeaaa14008c9484,3,top_heavy_shuffled,"[70, 90, 190]",1,1.0,0
squad,785,56becaf93aeaaa14008c9485,3,top_heavy_shuffled,"[90, 70, 190]",0,0.0,0
squad,786,56d7270c0d65d214001983f4,3,top_heavy_shuffled,"[70, 190, 90]",0,0.0,0
squad,787,56d7270c0d65d214001983f5,3,top_heavy_shuffled,"[70, 90, 190]",0,0.0,1
squad,788,56d7270c0d65d214001983f6,3,top_heavy_shuffled,"[190, 70, 90]",1,1.0,1
squad,789,56d7270c0d65d214001983f7,3,top_heavy_shuffled,"[70, 90, 190]",1,1.0,1
squad,790,56d7270c0d65d214001983f8,3,top_heavy_shuffled,"[70, 190, 90]",1,1.0,0
squad,791,56d9ccacdc89441400fdb842,3,top_heavy_shuffled,"[190, 90, 70]",0,0.0,0
squad,792,56d9ccacdc89441400fdb843,3,top_heavy_shuffled,"[90, 190, 70]",0,0.0,0
squad,793,56d9ccacdc89441400fdb844,3,top_heavy_shuffled,"[70, 90, 190]",0,0.0,0
squad,794,56d9ccacdc89441400fdb845,3,top_heavy_shuffled,"[70, 190, 90]",0,0.0,0
squad,795,56d9ccacdc89441400fdb846,3,top_heavy_shuffled,"[190, 70, 90]",0,0.0,1
squad,796,56becb823aeaaa14008c948b,3,top_heavy_shuffled,"[70, 90, 190]",0,0.0,1
squad,797,56becb823aeaaa14008c948c,3,top_heavy_shuffled,"[90, 190, 70]",1,1.0,1
squad,798,56becb823aeaaa14008c948d,3,top_heavy_shuffled,"[190, 70, 90]",1,1.0,1
squad,799,56becb823aeaaa14008c948e,3,top_heavy_shuffled,"[90, 190, 70]",1,1.0,1
squad,800,56becb823aeaaa14008c948f,3,top_heavy_shuffled,"[90, 190, 70]",0,0.6666666666666666,1
squad,801,56d7277c0d65d214001983fe,3,top_heavy_shuffled,"[90, 190, 70]",0,0.5,1
squad,802,56d7277c0d65d214001983ff,3,top_heavy_shuffled,"[70, 190, 90]",1,1.0,1
squad,803,56d7277c0d65d21400198401,3,top_heavy_shuffled,"[190, 70, 90]",0,0.0,1
squad,804,56d7277c0d65d21400198402,3,top_heavy_shuffled,"[190, 90, 70]",1,1.0,1
squad,805,56d9cd9adc89441400fdb84c,3,top_heavy_shuffled,"[190, 70, 90]",0,0.0,1
squad,806,56d9cd9adc89441400fdb84d,3,top_heavy_shuffled,"[70, 190, 90]",1,1.0,1
squad,807,56d9cd9adc89441400fdb84e,3,top_heavy_shuffled,"[70, 90, 190]",1,1.0,1
squad,808,56d9cd9adc89441400fdb84f,3,top_heavy_shuffled,"[70, 190, 90]",0,0.0,1
squad,809,56d9cd9adc89441400fdb850,3,top_heavy_shuffled,"[190, 70, 90]",0,0.0,1
squad,810,5733a5f54776f41900660f45,3,top_heavy_shuffled,"[190, 70, 90]",1,1.0,1
squad,811,5733a5f54776f41900660f48,3,top_heavy_shuffled,"[70, 90, 190]",0,0.0,1
squad,812,5733a5f54776f41900660f44,3,top_heavy_shuffled,"[70, 90, 190]",1,1.0,1
squad,813,5733a5f54776f41900660f46,3,top_heavy_shuffled,"[90, 190, 70]",0,0.0,1
squad,814,5733a5f54776f41900660f47,3,top_heavy_shuffled,"[70, 190, 90]",0,0.0,1
squad,815,57336755d058e614000b5a3d,3,top_heavy_shuffled,"[70, 190, 90]",1,1.0,1
squad,816,57336755d058e614000b5a3f,3,top_heavy_shuffled,"[90, 190, 70]",0,0.0,1
squad,817,57336755d058e614000b5a3c,3,top_heavy_shuffled,"[190, 70, 90]",1,1.0,1
squad,818,57336755d058e614000b5a3e,3,top_heavy_shuffled,"[70, 190, 90]",1,1.0,1
squad,819,57336755d058e614000b5a40,3,top_heavy_shuffled,"[70, 90, 190]",0,0.0,1
squad,820,57337ddc4776f41900660bbb,3,top_heavy_shuffled,"[70, 90, 190]",0,0.7499999999999999,1
squad,821,57337ddc4776f41900660bbc,3,top_heavy_shuffled,"[190, 70, 90]",1,1.0,1
squad,822,57337ddc4776f41900660bba,3,top_heavy_shuffled,"[190, 90, 70]",1,1.0,1
squad,823,57337ddc4776f41900660bbd,3,top_heavy_shuffled,"[90, 70, 190]",0,0.0,1
squad,824,57337ddc4776f41900660bbe,3,top_heavy_shuffled,"[190, 70, 90]",1,1.0,1
squad,825,57337ea24776f41900660bd0,3,top_heavy_shuffled,"[70, 190, 90]",1,1.0,1
squad,826,57337ea24776f41900660bd3,3,top_heavy_shuffled,"[190, 90, 70]",0,0.0,1
squad,827,57337ea24776f41900660bd2,3,top_heavy_shuffled,"[70, 90, 190]",1,1.0,1
squad,828,57337ea24776f41900660bd1,3,top_heavy_shuffled,"[190, 90, 70]",0,0.0,1
squad,829,57337ea24776f41900660bd4,3,top_heavy_shuffled,"[70, 190, 90]",0,0.0,1
squad,830,57339555d058e614000b5df4,3,top_heavy_shuffled,"[70, 90, 190]",1,1.0,1
squad,831,57339555d058e614000b5df5,3,top_heavy_shuffled,"[70, 90, 190]",1,1.0,1
squad,832,57339555d058e614000b5df6,3,top_heavy_shuffled,"[90, 190, 70]",1,1.0,1
squad,833,57339555d058e614000b5df3,3,top_heavy_shuffled,"[190, 70, 90]",1,1.0,1
squad,834,57339555d058e614000b5df7,3,top_heavy_shuffled,"[70, 90, 190]",0,0.4444444444444445,1
squad,835,57339902d058e614000b5e70,3,top_heavy_shuffled,"[70, 190, 90]",1,1.0,1
squad,836,57339902d058e614000b5e71,3,top_heavy_shuffled,"[190, 70, 90]",1,1.0,1
squad,837,57339902d058e614000b5e72,3,top_heavy_shuffled,"[70, 90, 190]",0,0.0,1
squad,838,57339902d058e614000b5e73,3,top_heavy_shuffled,"[70, 90, 190]",1,1.0,1
squad,839,57339902d058e614000b5e74,3,top_heavy_shuffled,"[90, 190, 70]",0,0.0,1
squad,840,573399b54776f41900660e64,3,top_heavy_shuffled,"[70, 190, 90]",1,1.0,1
squad,841,573399b54776f41900660e65,3,top_heavy_shuffled,"[70, 190, 90]",0,0.5,1
squad,842,573399b54776f41900660e66,3,top_heavy_shuffled,"[70, 90, 190]",0,0.0,1
squad,843,573399b54776f41900660e67,3,top_heavy_shuffled,"[90, 190, 70]",0,0.0,1
squad,844,57339a554776f41900660e74,3,top_heavy_shuffled,"[90, 70, 190]",0,0.4,1
squad,845,57339a554776f41900660e75,3,top_heavy_shuffled,"[90, 190, 70]",1,1.0,1
squad,846,57339a554776f41900660e76,3,top_heavy_shuffled,"[70, 190, 90]",0,0.22222222222222224,1
squad,847,57339a554776f41900660e77,3,top_heavy_shuffled,"[190, 90, 70]",0,0.6666666666666666,1
squad,848,57339a554776f41900660e78,3,top_heavy_shuffled,"[70, 90, 190]",0,0.0,1
squad,849,57339ad74776f41900660e86,3,top_heavy_shuffled,"[70, 90, 190]",1,1.0,1
squad,850,57339ad74776f41900660e87,3,top_heavy_shuffled,"[190, 90, 70]",0,0.0,0
squad,851,57339ad74776f41900660e88,3,top_heavy_shuffled,"[90, 70, 190]",1,1.0,1
squad,852,57339ad74776f41900660e89,3,top_heavy_shuffled,"[90, 70, 190]",0,0.0,1
squad,853,57339ad74776f41900660e8a,3,top_heavy_shuffled,"[90, 190, 70]",0,0.0,1
squad,854,57339c16d058e614000b5ec5,3,top_heavy_shuffled,"[70, 90, 190]",1,1.0,1
squad,855,57339c16d058e614000b5ec6,3,top_heavy_shuffled,"[190, 90, 70]",0,0.6666666666666666,1
squad,856,57339c16d058e614000b5ec7,3,top_heavy_shuffled,"[70, 90, 190]",0,0.8571428571428571,1
squad,857,57339c16d058e614000b5ec8,3,top_heavy_shuffled,"[70, 190, 90]",1,1.0,1
squad,858,57339c16d058e614000b5ec9,3,top_heavy_shuffled,"[90, 190, 70]",1,1.0,1
squad,859,57339dd94776f41900660ecc,3,top_heavy_shuffled,"[90, 190, 70]",1,1.0,1
squad,860,57339dd94776f41900660ecd,3,top_heavy_shuffled,"[90, 70, 190]",1,1.0,1
squad,861,57339dd94776f41900660ece,3,top_heavy_shuffled,"[70, 190, 90]",1,1.0,1
squad,862,57339dd94776f41900660ecf,3,top_heavy_shuffled,"[70, 190, 90]",0,0.0,1
squad,863,57339dd94776f41900660ed0,3,top_heavy_shuffled,"[90, 190, 70]",0,0.0,1
squad,864,57339eb9d058e614000b5ef6,3,top_heavy_shuffled,"[90, 70, 190]",1,1.0,1
squad,865,57339eb9d058e614000b5ef7,3,top_heavy_shuffled,"[70, 190, 90]",1,1.0,1
squad,866,57339eb9d058e614000b5ef8,3,top_heavy_shuffled,"[90, 70, 190]",1,1.0,1
squad,867,57339eb9d058e614000b5ef9,3,top_heavy_shuffled,"[70, 90, 190]",0,0.0,1
squad,868,57339eb9d058e614000b5efa,3,top_heavy_shuffled,"[190, 90, 70]",1,1.0,1
squad,869,5733a1854776f41900660f0a,3,top_heavy_shuffled,"[90, 190, 70]",1,1.0,1
squad,870,5733a1854776f41900660f0b,3,top_heavy_shuffled,"[70, 90, 190]",1,1.0,1
squad,871,5733a1854776f41900660f0c,3,top_heavy_shuffled,"[90, 190, 70]",0,0.8,1
squad,872,5733a1854776f41900660f0d,3,top_heavy_shuffled,"[70, 190, 90]",0,0.2,1
squad,873,5733a1854776f41900660f0e,3,top_heavy_shuffled,"[70, 90, 190]",0,0.0,1
squad,874,5733a2a9d058e614000b5f28,3,top_heavy_shuffled,"[190, 70, 90]",1,1.0,1
squad,875,5733a2a9d058e614000b5f29,3,top_heavy_shuffled,"[70, 90, 190]",1,1.0,1
squad,876,5733a2a9d058e614000b5f2a,3,top_heavy_shuffled,"[190, 70, 90]",1,1.0,1
squad,877,5733a2a9d058e614000b5f2b,3,top_heavy_shuffled,"[90, 190, 70]",1,1.0,1
squad,878,5733a2a9d058e614000b5f2c,3,top_heavy_shuffled,"[90, 70, 190]",0,0.22222222222222224,1
squad,879,5733a32bd058e614000b5f32,3,top_heavy_shuffled,"[90, 70, 190]",1,1.0,1
squad,880,5733a32bd058e614000b5f33,3,top_heavy_shuffled,"[70, 190, 90]",1,1.0,1
squad,881,5733a32bd058e614000b5f34,3,top_heavy_shuffled,"[70, 90, 190]",1,1.0,1
squad,882,5733a32bd058e614000b5f35,3,top_heavy_shuffled,"[90, 190, 70]",1,1.0,1
squad,883,5733a32bd058e614000b5f36,3,top_heavy_shuffled,"[190, 70, 90]",0,0.8,1
squad,884,5733a45d4776f41900660f23,3,top_heavy_shuffled,"[90, 190, 70]",0,0.0,0
squad,885,5733a45d4776f41900660f24,3,top_heavy_shuffled,"[90, 70, 190]",1,1.0,1
squad,886,5733a45d4776f41900660f25,3,top_heavy_shuffled,"[190, 90, 70]",1,1.0,1
squad,887,5733a45d4776f41900660f26,3,top_heavy_shuffled,"[190, 70, 90]",1,1.0,1
squad,888,5733a45d4776f41900660f27,3,top_heavy_shuffled,"[190, 70, 90]",1,1.0,1
squad,889,5733a560d058e614000b5f77,3,top_heavy_shuffled,"[70, 90, 190]",0,0.1,1
squad,890,5733a560d058e614000b5f78,3,top_heavy_shuffled,"[190, 70, 90]",1,1.0,1
squad,891,5733a560d058e614000b5f79,3,top_heavy_shuffled,"[90, 70, 190]",1,1.0,1
squad,892,5733a560d058e614000b5f7a,3,top_heavy_shuffled,"[90, 190, 70]",0,0.0,1
squad,893,5733a560d058e614000b5f7b,3,top_heavy_shuffled,"[90, 70, 190]",0,0.0,1
squad,894,5733a6ac4776f41900660f58,3,top_heavy_shuffled,"[190, 90, 70]",1,1.0,1
squad,895,5733a6ac4776f41900660f59,3,top_heavy_shuffled,"[190, 90, 70]",1,1.0,1
squad,896,5733a6ac4776f41900660f5a,3,top_heavy_shuffled,"[190, 70, 90]",1,1.0,1
squad,897,5733a6ac4776f41900660f5b,3,top_heavy_shuffled,"[90, 190, 70]",0,0.6666666666666666,1
squad,898,5733a6ac4776f41900660f5c,3,top_heavy_shuffled,"[90, 70, 190]",0,0.0,1
squad,899,573312fcd058e614000b56e6,3,top_heavy_shuffled,"[90, 190, 70]",1,1.0,1
squad,900,573312fcd058e614000b56e7,3,top_heavy_shuffled,"[70, 190, 90]",1,1.0,1
squad,901,573312fcd058e614000b56e8,3,top_heavy_shuffled,"[190, 70, 90]",0,0.0,1
squad,902,573312fcd058e614000b56e9,3,top_heavy_shuffled,"[70, 90, 190]",0,0.28571428571428575,1
squad,903,573312fcd058e614000b56ea,3,top_heavy_shuffled,"[70, 190, 90]",0,0.0,1
squad,904,5733140a4776f419006606e0,3,top_heavy_shuffled,"[70, 190, 90]",1,1.0,1
squad,905,5733140a4776f419006606e1,3,top_heavy_shuffled,"[70, 190, 90]",1,1.0,1
squad,906,5733140a4776f419006606e2,3,top_heavy_shuffled,"[90, 70, 190]",0,0.0,1
squad,907,5733140a4776f419006606e3,3,top_heavy_shuffled,"[190, 90, 70]",1,1.0,1
squad,908,5733140a4776f419006606e4,3,top_heavy_shuffled,"[90, 70, 190]",0,0.07142857142857144,1
squad,909,573314e3d058e614000b56f0,3,top_heavy_shuffled,"[90, 190, 70]",1,1.0,1
squad,910,573314e3d058e614000b56f1,3,top_heavy_shuffled,"[90, 70, 190]",0,0.25,0
squad,911,573314e3d058e614000b56f2,3,top_heavy_shuffled,"[70, 90, 190]",0,0.0,1
squad,912,573314e3d058e614000b56f3,3,top_heavy_shuffled,"[90, 190, 70]",0,0.0,1
squad,913,573314e3d058e614000b56f4,3,top_heavy_shuffled,"[70, 90, 190]",0,0.0,1
squad,914,57332442d058e614000b5720,3,top_heavy_shuffled,"[70, 190, 90]",1,1.0,1
squad,915,57332442d058e614000b5721,3,top_heavy_shuffled,"[190, 70, 90]",1,1.0,1
squad,916,57332442d058e614000b5722,3,top_heavy_shuffled,"[90, 190, 70]",0,0.14285714285714285,1
squad,917,57332442d058e614000b5723,3,top_heavy_shuffled,"[70, 190, 90]",0,0.0,1
squad,918,57332442d058e614000b5724,3,top_heavy_shuffled,"[190, 90, 70]",0,0.0,1
squad,919,57332562d058e614000b5730,3,top_heavy_shuffled,"[70, 190, 90]",1,1.0,1
squad,920,57332562d058e614000b5731,3,top_heavy_shuffled,"[70, 90, 190]",0,0.25,1
squad,921,57332562d058e614000b5732,3,top_heavy_shuffled,"[190, 90, 70]",0,0.0,1
squad,922,57332562d058e614000b5733,3,top_heavy_shuffled,"[70, 90, 190]",0,0.0,1
squad,923,57332562d058e614000b5734,3,top_heavy_shuffled,"[70, 90, 190]",0,0.0,1
squad,924,5733266d4776f41900660712,3,top_heavy_shuffled,"[70, 190, 90]",1,1.0,1
squad,925,5733266d4776f41900660713,3,top_heavy_shuffled,"[90, 70, 190]",1,1.0,1
squad,926,5733266d4776f41900660714,3,top_heavy_shuffled,"[190, 70, 90]",1,1.0,1
squad,927,5733266d4776f41900660715,3,top_heavy_shuffled,"[190, 90, 70]",0,0.0,1
squad,928,5733266d4776f41900660716,3,top_heavy_shuffled,"[190, 70, 90]",1,1.0,1
squad,929,57332a734776f41900660726,3,top_heavy_shuffled,"[70, 90, 190]",0,0.0,1
squad,930,57332a734776f41900660727,3,top_heavy_shuffled,"[190, 70, 90]",1,1.0,1
squad,931,57332a734776f41900660728,3,top_heavy_shuffled,"[190, 70, 90]",1,1.0,1
squad,932,57332a734776f41900660729,3,top_heavy_shuffled,"[70, 190, 90]",0,0.0,1
squad,933,57332a734776f4190066072a,3,top_heavy_shuffled,"[70, 190, 90]",1,1.0,1
squad,934,57332b66d058e614000b5758,3,top_heavy_shuffled,"[90, 70, 190]",1,1.0,1
squad,935,57332b66d058e614000b5759,3,top_heavy_shuffled,"[70, 90, 190]",1,1.0,1
squad,936,57332b66d058e614000b575a,3,top_heavy_shuffled,"[90, 190, 70]",1,1.0,1
squad,937,57332b66d058e614000b575b,3,top_heavy_shuffled,"[70, 190, 90]",0,0.0,1
squad,938,57332b66d058e614000b575c,3,top_heavy_shuffled,"[70, 90, 190]",0,0.0,1
squad,939,57332c1e4776f4190066073a,3,top_heavy_shuffled,"[190, 70, 90]",0,0.0,0
squad,940,57332c1e4776f4190066073b,3,top_heavy_shuffled,"[90, 190, 70]",0,0.0,1
squad,941,57332c1e4776f4190066073c,3,top_heavy_shuffled,"[90, 190, 70]",0,0.0,1
squad,942,57332c1e4776f4190066073d,3,top_heavy_shuffled,"[70, 190, 90]",0,0.0,1
squad,943,57332c1e4776f4190066073e,3,top_heavy_shuffled,"[70, 190, 90]",0,0.0,1
squad,944,57332e48d058e614000b5762,3,top_heavy_shuffled,"[70, 190, 90]",1,1.0,1
squad,945,57332e48d058e614000b5763,3,top_heavy_shuffled,"[190, 90, 70]",1,1.0,1
squad,946,57332e48d058e614000b5764,3,top_heavy_shuffled,"[70, 190, 90]",0,0.0,0
squad,947,57332e48d058e614000b5765,3,top_heavy_shuffled,"[90, 190, 70]",0,0.0,1
squad,948,57332e48d058e614000b5766,3,top_heavy_shuffled,"[90, 70, 190]",0,0.0,1
squad,949,57332f81d058e614000b5776,3,top_heavy_shuffled,"[90, 190, 70]",0,0.8571428571428571,1
squad,950,57332f81d058e614000b5777,3,top_heavy_shuffled,"[90, 70, 190]",0,0.5,1
squad,951,57332f81d058e614000b5778,3,top_heavy_shuffled,"[190, 70, 90]",0,0.0,1
squad,952,57332f81d058e614000b5779,3,top_heavy_shuffled,"[70, 90, 190]",0,0.7272727272727272,1
squad,953,57332f81d058e614000b577a,3,top_heavy_shuffled,"[190, 90, 70]",1,1.0,1
squad,954,573330444776f41900660758,3,top_heavy_shuffled,"[190, 90, 70]",1,1.0,1
squad,955,573330444776f41900660759,3,top_heavy_shuffled,"[70, 190, 90]",1,1.0,1
squad,956,573330444776f4190066075a,3,top_heavy_shuffled,"[190, 90, 70]",1,1.0,1
squad,957,573330444776f4190066075b,3,top_heavy_shuffled,"[70, 190, 90]",1,1.0,1
squad,958,573330444776f4190066075c,3,top_heavy_shuffled,"[70, 190, 90]",0,0.0,1
squad,959,5733314e4776f4190066076a,3,top_heavy_shuffled,"[190, 70, 90]",1,1.0,1
squad,960,5733314e4776f4190066076b,3,top_heavy_shuffled,"[190, 90, 70]",1,1.0,1
squad,961,5733314e4776f4190066076c,3,top_heavy_shuffled,"[190, 70, 90]",1,1.0,0
squad,962,5733314e4776f4190066076d,3,top_heavy_shuffled,"[90, 190, 70]",0,0.25,1
squad,963,5733314e4776f4190066076e,3,top_heavy_shuffled,"[190, 90, 70]",0,0.0,1
squad,964,57335c20d058e614000b58f9,3,top_heavy_shuffled,"[90, 190, 70]",1,1.0,1
squad,965,57335c20d058e614000b58fa,3,top_heavy_shuffled,"[190, 70, 90]",0,0.0,1
squad,966,57335c20d058e614000b58fc,3,top_heavy_shuffled,"[190, 90, 70]",0,0.6666666666666666,1
squad,967,57335c20d058e614000b58fb,3,top_heavy_shuffled,"[70, 190, 90]",1,1.0,1
squad,968,57335c20d058e614000b58fd,3,top_heavy_shuffled,"[190, 70, 90]",1,1.0,1
squad,969,57335ddbd058e614000b592f,3,top_heavy_shuffled,"[70, 190, 90]",0,0.5,1
squad,970,57335ddbd058e614000b5930,3,top_heavy_shuffled,"[70, 190, 90]",0,0.5,1
squad,971,57335ddbd058e614000b5931,3,top_heavy_shuffled,"[190, 90, 70]",0,0.5,1
squad,972,57335ddbd058e614000b5932,3,top_heavy_shuffled,"[70, 90, 190]",0,0.0,1
squad,973,57335ddbd058e614000b5933,3,top_heavy_shuffled,"[70, 190, 90]",0,0.0,1
squad,974,57335fcad058e614000b5970,3,top_heavy_shuffled,"[190, 70, 90]",1,1.0,1
squad,975,57335fcad058e614000b5971,3,top_heavy_shuffled,"[190, 90, 70]",1,1.0,1
squad,976,57335fcad058e614000b5972,3,top_heavy_shuffled,"[190, 90, 70]",0,0.0,0
squad,977,57335fcad058e614000b5973,3,top_heavy_shuffled,"[190, 90, 70]",1,1.0,1
squad,978,57335fcad058e614000b5974,3,top_heavy_shuffled,"[190, 70, 90]",0,0.7499999999999999,1
squad,979,573361404776f4190066093c,3,top_heavy_shuffled,"[90, 190, 70]",1,1.0,1
squad,980,573361404776f4190066093d,3,top_heavy_shuffled,"[190, 90, 70]",1,1.0,1
squad,981,573361404776f4190066093e,3,top_heavy_shuffled,"[70, 190, 90]",0,0.8,1
squad,982,573361404776f4190066093f,3,top_heavy_shuffled,"[90, 70, 190]",0,0.0,1
squad,983,573361404776f41900660940,3,top_heavy_shuffled,"[90, 190, 70]",0,0.0,1
squad,984,573362b94776f41900660974,3,top_heavy_shuffled,"[70, 190, 90]",1,1.0,1
squad,985,573362b94776f41900660975,3,top_heavy_shuffled,"[190, 70, 90]",1,1.0,1
squad,986,573362b94776f41900660976,3,top_heavy_shuffled,"[70, 190, 90]",0,0.0,1
squad,987,573362b94776f41900660977,3,top_heavy_shuffled,"[90, 190, 70]",0,0.0,1
squad,988,573362b94776f41900660978,3,top_heavy_shuffled,"[70, 190, 90]",0,0.0,1
squad,989,5733638fd058e614000b59e8,3,top_heavy_shuffled,"[70, 90, 190]",1,1.0,1
squad,990,5733638fd058e614000b59e9,3,top_heavy_shuffled,"[190, 70, 90]",0,0.0,0
squad,991,5733638fd058e614000b59ea,3,top_heavy_shuffled,"[70, 190, 90]",0,0.8,1
squad,992,5733638fd058e614000b59eb,3,top_heavy_shuffled,"[70, 90, 190]",0,0.0,1
squad,993,5733638fd058e614000b59ec,3,top_heavy_shuffled,"[70, 190, 90]",0,0.0,1
squad,994,5733647e4776f419006609ae,3,top_heavy_shuffled,"[90, 190, 70]",0,0.0,1
squad,995,5733647e4776f419006609af,3,top_heavy_shuffled,"[90, 190, 70]",1,1.0,1
squad,996,5733647e4776f419006609b0,3,top_heavy_shuffled,"[190, 90, 70]",1,1.0,1
squad,997,5733647e4776f419006609b1,3,top_heavy_shuffled,"[90, 190, 70]",0,0.13333333333333333,1
squad,998,5733647e4776f419006609b2,3,top_heavy_shuffled,"[70, 90, 190]",0,0.4,1
squad,999,573368044776f41900660a29,3,top_heavy_shuffled,"[90, 190, 70]",1,1.0,1
squad,0,56be4db0acb8001400a502ec,5,top_heavy_shuffled,"[40, 30, 80, 150, 50]",1,1.0,1
squad,1,56be4db0acb8001400a502ed,5,top_heavy_shuffled,"[50, 30, 40, 80, 150]",0,0.0,1
squad,2,56be4db0acb8001400a502ee,5,top_heavy_shuffled,"[80, 40, 150, 50, 30]",0,0.0,1
squad,3,56be4db0acb8001400a502ef,5,top_heavy_shuffled,"[30, 40, 150, 80, 50]",0,0.6666666666666666,1
squad,4,56be4db0acb8001400a502f0,5,top_heavy_shuffled,"[80, 150, 50, 40, 30]",0,0.0,1
squad,5,56be8e613aeaaa14008c90d1,5,top_heavy_shuffled,"[50, 40, 30, 150, 80]",0,0.0,1
squad,6,56be8e613aeaaa14008c90d2,5,top_heavy_shuffled,"[50, 80, 30, 150, 40]",0,0.0,1
squad,7,56be8e613aeaaa14008c90d3,5,top_heavy_shuffled,"[30, 150, 40, 50, 80]",0,0.0,1
squad,8,56bea9923aeaaa14008c91b9,5,top_heavy_shuffled,"[150, 30, 50, 40, 80]",0,0.0,1
squad,9,56bea9923aeaaa14008c91ba,5,top_heavy_shuffled,"[30, 40, 150, 50, 80]",0,0.0,0
squad,10,56bea9923aeaaa14008c91bb,5,top_heavy_shuffled,"[150, 40, 80, 30, 50]",0,0.0,1
squad,11,56beace93aeaaa14008c91df,5,top_heavy_shuffled,"[80, 40, 50, 30, 150]",1,1.0,1
squad,12,56beace93aeaaa14008c91e0,5,top_heavy_shuffled,"[50, 150, 40, 30, 80]",1,1.0,0
squad,13,56beace93aeaaa14008c91e1,5,top_heavy_shuffled,"[50, 150, 80, 40, 30]",0,0.0,0
squad,14,56beace93aeaaa14008c91e2,5,top_heavy_shuffled,"[150, 30, 80, 40, 50]",1,1.0,1
squad,15,56beace93aeaaa14008c91e3,5,top_heavy_shuffled,"[80, 50, 30, 40, 150]",1,1.0,1
squad,16,56bf10f43aeaaa14008c94fd,5,top_heavy_shuffled,"[80, 50, 150, 40, 30]",1,1.0,1
squad,17,56bf10f43aeaaa14008c94fe,5,top_heavy_shuffled,"[30, 50, 150, 80, 40]",0,0.0,0
squad,18,56bf10f43aeaaa14008c94ff,5,top_heavy_shuffled,"[50, 40, 30, 80, 150]",1,1.0,1
squad,19,56bf10f43aeaaa14008c9500,5,top_heavy_shuffled,"[80, 40, 150, 50, 30]",1,1.0,1
squad,20,56bf10f43aeaaa14008c9501,5,top_heavy_shuffled,"[80, 30, 150, 50, 40]",0,0.5,0
squad,21,56d20362e7d4791d009025e8,5,top_heavy_shuffled,"[50, 150, 80, 30, 40]",1,1.0,1
squad,22,56d20362e7d4791d009025e9,5,top_heavy_shuffled,"[50, 80, 30, 150, 40]",1,1.0,1
squad,23,56d20362e7d4791d009025ea,5,top_heavy_shuffled,"[30, 50, 40, 150, 80]",0,0.0,1
squad,24,56d20362e7d4791d009025eb,5,top_heavy_shuffled,"[50, 30, 80, 150, 40]",0,0.6666666666666666,1
squad,25,56d600e31c85041400946eae,5,top_heavy_shuffled,"[150, 30, 80, 40, 50]",1,1.0,1
squad,26,56d600e31c85041400946eb0,5,top_heavy_shuffled,"[150, 80, 30, 50, 40]",1,1.0,1
squad,27,56d600e31c85041400946eb1,5,top_heavy_shuffled,"[50, 150, 40, 30, 80]",0,0.0,1
squad,28,56d9895ddc89441400fdb50e,5,top_heavy_shuffled,"[80, 150, 30, 50, 40]",0,0.0,1
squad,29,56d9895ddc89441400fdb510,5,top_heavy_shuffled,"[80, 40, 50, 30, 150]",1,1.0,1
squad,30,56be4e1facb8001400a502f6,5,top_heavy_shuffled,"[40, 30, 50, 150, 80]",1,1.0,1
squad,31,56be4e1facb8001400a502f9,5,top_heavy_shuffled,"[30, 80, 50, 40, 150]",0,0.0,1
squad,32,56be4e1facb8001400a502fa,5,top_heavy_shuffled,"[150, 80, 40, 30, 50]",0,0.0,1
squad,33,56beaa4a3aeaaa14008c91c2,5,top_heavy_shuffled,"[50, 30, 80, 150, 40]",0,0.0,0
squad,34,56beaa4a3aeaaa14008c91c3,5,top_heavy_shuffled,"[40, 30, 50, 150, 80]",0,0.0,0
squad,35,56bead5a3aeaaa14008c91e9,5,top_heavy_shuffled,"[30, 40, 50, 150, 80]",0,0.0,1
squad,36,56bead5a3aeaaa14008c91ea,5,top_heavy_shuffled,"[50, 40, 30, 150, 80]",0,0.0,1
squad,37,56bead5a3aeaaa14008c91eb,5,top_heavy_shuffled,"[50, 150, 40, 80, 30]",0,0.0,0
squad,38,56bead5a3aeaaa14008c91ec,5,top_heavy_shuffled,"[40, 50, 80, 30, 150]",0,0.0,1
squad,39,56bead5a3aeaaa14008c91ed,5,top_heavy_shuffled,"[40, 30, 80, 150, 50]",1,1.0,1
squad,40,56bf159b3aeaaa14008c9507,5,top_heavy_shuffled,"[150, 80, 40, 30, 50]",1,1.0,1
squad,41,56bf159b3aeaaa14008c9508,5,top_heavy_shuffled,"[40, 50, 30, 80, 150]",0,0.0,0
squad,42,56bf159b3aeaaa14008c9509,5,top_heavy_shuffled,"[50, 80, 150, 30, 40]",0,0.0,1
squad,43,56bf159b3aeaaa14008c950a,5,top_heavy_shuffled,"[30, 150, 80, 40, 50]",1,1.0,1
squad,44,56bf159b3aeaaa14008c950b,5,top_heavy_shuffled,"[150, 40, 30, 80, 50]",0,0.0,1
squad,45,56d2045de7d4791d009025f3,5,top_heavy_shuffled,"[40, 30, 80, 150, 50]",1,1.0,1
squad,46,56d2045de7d4791d009025f4,5,top_heavy_shuffled,"[30, 150, 40, 50, 80]",1,1.0,1
squad,47,56d2045de7d4791d009025f5,5,top_heavy_shuffled,"[50, 150, 30, 80, 40]",0,0.0,1
squad,48,56d2045de7d4791d009025f6,5,top_heavy_shuffled,"[80, 150, 50, 40, 30]",1,1.0,1
squad,49,56d6017d1c85041400946ebe,5,top_heavy_shuffled,"[40, 30, 150, 80, 50]",1,1.0,1
squad,50,56d6017d1c85041400946ec1,5,top_heavy_shuffled,"[40, 50, 30, 80, 150]",0,0.0,1
squad,51,56d6017d1c85041400946ec2,5,top_heavy_shuffled,"[30, 50, 150, 40, 80]",1,1.0,1
squad,52,56d98a59dc89441400fdb52a,5,top_heavy_shuffled,"[80, 50, 40, 30, 150]",1,1.0,1
squad,53,56d98a59dc89441400fdb52b,5,top_heavy_shuffled,"[150, 80, 50, 30, 40]",0,0.0,1
squad,54,56d98a59dc89441400fdb52e,5,top_heavy_shuffled,"[80, 50, 40, 150, 30]",0,0.0,0
squad,55,56be4eafacb8001400a50302,5,top_heavy_shuffled,"[30, 80, 40, 50, 150]",1,1.0,1
squad,56,56be4eafacb8001400a50303,5,top_heavy_shuffled,"[150, 40, 80, 50, 30]",1,1.0,1
squad,57,56be4eafacb8001400a50304,5,top_heavy_shuffled,"[50, 150, 80, 40, 30]",1,1.0,0
squad,58,56beab833aeaaa14008c91d2,5,top_heavy_shuffled,"[150, 30, 40, 80, 50]",1,1.0,1
squad,59,56beab833aeaaa14008c91d3,5,top_heavy_shuffled,"[30, 150, 40, 50, 80]",0,0.0,1
squad,60,56beab833aeaaa14008c91d4,5,top_heavy_shuffled,"[30, 150, 50, 40, 80]",1,1.0,1
squad,61,56beae423aeaaa14008c91f4,5,top_heavy_shuffled,"[150, 50, 80, 30, 40]",1,1.0,1
squad,62,56beae423aeaaa14008c91f5,5,top_heavy_shuffled,"[50, 30, 150, 40, 80]",0,0.0,1
squad,63,56beae423aeaaa14008c91f6,5,top_heavy_shuffled,"[80, 40, 50, 30, 150]",0,0.0,1
squad,64,56beae423aeaaa14008c91f7,5,top_heavy_shuffled,"[150, 30, 40, 80, 50]",1,1.0,1
squad,65,56bf17653aeaaa14008c9511,5,top_heavy_shuffled,"[50, 30, 150, 80, 40]",1,1.0,1
squad,66,56bf17653aeaaa14008c9513,5,top_heavy_shuffled,"[30, 50, 40, 150, 80]",0,0.0,1
squad,67,56bf17653aeaaa14008c9514,5,top_heavy_shuffled,"[150, 80, 50, 30, 40]",1,1.0,1
squad,68,56bf17653aeaaa14008c9515,5,top_heavy_shuffled,"[40, 30, 150, 80, 50]",0,0.0,1
squad,69,56d204ade7d4791d00902603,5,top_heavy_shuffled,"[50, 150, 40, 30, 80]",1,1.0,1
squad,70,56d204ade7d4791d00902604,5,top_heavy_shuffled,"[40, 50, 80, 150, 30]",0,0.0,1
squad,71,56d601e41c85041400946ece,5,top_heavy_shuffled,"[30, 40, 150, 50, 80]",0,0.0,1
squad,72,56d601e41c85041400946ecf,5,top_heavy_shuffled,"[40, 150, 80, 30, 50]",0,0.0,1
squad,73,56d601e41c85041400946ed0,5,top_heavy_shuffled,"[30, 50, 150, 40, 80]",0,0.0,1
squad,74,56d601e41c85041400946ed1,5,top_heavy_shuffled,"[50, 150, 80, 30, 40]",0,0.0,0
squad,75,56d601e41c85041400946ed2,5,top_heavy_shuffled,"[150, 50, 80, 30, 40]",1,1.0,1
squad,76,56d98b33dc89441400fdb53b,5,top_heavy_shuffled,"[80, 50, 30, 40, 150]",1,1.0,1
squad,77,56d98b33dc89441400fdb53c,5,top_heavy_shuffled,"[80, 30, 150, 50, 40]",0,0.0,1
squad,78,56d98b33dc89441400fdb53d,5,top_heavy_shuffled,"[30, 80, 50, 40, 150]",0,0.0,1
squad,79,56d98b33dc89441400fdb53e,5,top_heavy_shuffled,"[30, 150, 40, 50, 80]",0,0.0,1
squad,80,56be5333acb8001400a5030a,5,top_heavy_shuffled,"[50, 80, 150, 30, 40]",1,1.0,1
squad,81,56be5333acb8001400a5030b,5,top_heavy_shuffled,"[30, 40, 150, 80, 50]",1,1.0,1
squad,82,56be5333acb8001400a5030c,5,top_heavy_shuffled,"[40, 30, 50, 80, 150]",0,0.0,1
squad,83,56be5333acb8001400a5030d,5,top_heavy_shuffled,"[30, 80, 40, 150, 50]",0,0.0,1
squad,84,56be5333acb8001400a5030e,5,top_heavy_shuffled,"[40, 80, 50, 150, 30]",1,1.0,1
squad,85,56beaf5e3aeaaa14008c91fd,5,top_heavy_shuffled,"[50, 80, 40, 150, 30]",1,1.0,1
squad,86,56beaf5e3aeaaa14008c91fe,5,top_heavy_shuffled,"[40, 150, 80, 30, 50]",1,1.0,1
squad,87,56beaf5e3aeaaa14008c91ff,5,top_heavy_shuffled,"[150, 30, 80, 40, 50]",1,1.0,1
squad,88,56beaf5e3aeaaa14008c9200,5,top_heavy_shuffled,"[30, 40, 150, 50, 80]",0,0.0,1
squad,89,56beaf5e3aeaaa14008c9201,5,top_heavy_shuffled,"[50, 150, 30, 80, 40]",0,0.0,1
squad,90,56bf1ae93aeaaa14008c951b,5,top_heavy_shuffled,"[40, 80, 50, 150, 30]",1,1.0,1
squad,91,56bf1ae93aeaaa14008c951c,5,top_heavy_shuffled,"[40, 30, 150, 80, 50]",1,1.0,1
squad,92,56bf1ae93aeaaa14008c951e,5,top_heavy_shuffled,"[80, 40, 30, 50, 150]",0,0.0,1
squad,93,56bf1ae93aeaaa14008c951f,5,top_heavy_shuffled,"[50, 80, 30, 40, 150]",0,0.4,1
squad,94,56d2051ce7d4791d00902608,5,top_heavy_shuffled,"[80, 50, 150, 40, 30]",1,1.0,0
squad,95,56d2051ce7d4791d00902609,5,top_heavy_shuffled,"[150, 80, 40, 30, 50]",0,0.0,0
squad,96,56d2051ce7d4791d0090260a,5,top_heavy_shuffled,"[30, 150, 40, 80, 50]",1,1.0,1
squad,97,56d2051ce7d4791d0090260b,5,top_heavy_shuffled,"[40, 80, 30, 150, 50]",1,1.0,1
squad,98,56d602631c85041400946ed8,5,top_heavy_shuffled,"[40, 50, 150, 80, 30]",1,1.0,1
squad,99,56d602631c85041400946eda,5,top_heavy_shuffled,"[30, 80, 50, 40, 150]",1,1.0,1
squad,100,56d602631c85041400946edb,5,top_heavy_shuffled,"[80, 40, 30, 50, 150]",1,1.0,1
squad,101,56d602631c85041400946edc,5,top_heavy_shuffled,"[50, 40, 80, 30, 150]",0,0.6666666666666666,1
squad,102,56d98c53dc89441400fdb544,5,top_heavy_shuffled,"[30, 150, 50, 40, 80]",0,0.3333333333333333,0
squad,103,56d98c53dc89441400fdb545,5,top_heavy_shuffled,"[40, 30, 150, 80, 50]",0,0.0,1
squad,104,56d98c53dc89441400fdb546,5,top_heavy_shuffled,"[30, 40, 80, 150, 50]",0,0.27272727272727276,1
squad,105,56d98c53dc89441400fdb548,5,top_heavy_shuffled,"[50, 80, 40, 150, 30]",0,0.0,1
squad,106,56be53b8acb8001400a50314,5,top_heavy_shuffled,"[30, 40, 80, 150, 50]",1,1.0,1
squad,107,56be53b8acb8001400a50315,5,top_heavy_shuffled,"[40, 30, 50, 80, 150]",0,0.6666666666666666,1
squad,108,56be53b8acb8001400a50316,5,top_heavy_shuffled,"[80, 40, 30, 50, 150]",1,1.0,1
squad,109,56beafca3aeaaa14008c9207,5,top_heavy_shuffled,"[80, 50, 30, 40, 150]",1,1.0,1
squad,110,56beafca3aeaaa14008c9208,5,top_heavy_shuffled,"[150, 40, 50, 30, 80]",0,0.0,0
squad,111,56bf42f53aeaaa14008c95a3,5,top_heavy_shuffled,"[40, 30, 150, 50, 80]",1,1.0,1
squad,112,56d2053ae7d4791d00902610,5,top_heavy_shuffled,"[30, 80, 50, 150, 40]",1,1.0,1
squad,113,56d6edd00d65d21400198250,5,top_heavy_shuffled,"[50, 150, 30, 40, 80]",1,1.0,1
squad,114,56d6edd00d65d21400198251,5,top_heavy_shuffled,"[50, 40, 150, 80, 30]",1,1.0,1
squad,115,56d98d0adc89441400fdb54e,5,top_heavy_shuffled,"[30, 40, 50, 80, 150]",1,1.0,1
squad,116,56d98d0adc89441400fdb54f,5,top_heavy_shuffled,"[50, 150, 80, 40, 30]",1,1.0,1
squad,117,56be5438acb8001400a5031a,5,top_heavy_shuffled,"[30, 50, 150, 80, 40]",0,0.0,0
squad,118,56be5438acb8001400a5031b,5,top_heavy_shuffled,"[50, 30, 150, 80, 40]",0,0.4,0
squad,119,56be5438acb8001400a5031c,5,top_heavy_shuffled,"[30, 150, 50, 80, 40]",1,1.0,0
squad,120,56beb03c3aeaaa14008c920b,5,top_heavy_shuffled,"[50, 40, 80, 30, 150]",0,0.0,0
squad,121,56beb03c3aeaaa14008c920d,5,top_heavy_shuffled,"[50, 30, 150, 80, 40]",0,0.0,1
squad,122,56bf3c633aeaaa14008c9580,5,top_heavy_shuffled,"[50, 150, 80, 40, 30]",1,1.0,0
squad,123,56bf3c633aeaaa14008c9581,5,top_heavy_shuffled,"[30, 50, 80, 40, 150]",0,0.0,0
squad,124,56bf3c633aeaaa14008c9582,5,top_heavy_shuffled,"[30, 150, 40, 50, 80]",1,1.0,0
squad,125,56d20564e7d4791d00902612,5,top_heavy_shuffled,"[50, 30, 40, 150, 80]",0,0.31578947368421056,0
squad,126,56d6ee6e0d65d21400198254,5,top_heavy_shuffled,"[150, 40, 30, 50, 80]",0,0.0,0
squad,127,56d6ee6e0d65d21400198255,5,top_heavy_shuffled,"[80, 50, 40, 30, 150]",1,1.0,1
squad,128,56d6ee6e0d65d21400198256,5,top_heavy_shuffled,"[40, 80, 50, 30, 150]",1,1.0,1
squad,129,56d6ee6e0d65d21400198257,5,top_heavy_shuffled,"[40, 80, 150, 30, 50]",0,0.0,0
squad,130,56d6ee6e0d65d21400198258,5,top_heavy_shuffled,"[80, 50, 30, 40, 150]",1,1.0,1
squad,131,56d98db6dc89441400fdb552,5,top_heavy_shuffled,"[80, 150, 30, 40, 50]",0,0.4,0
squad,132,56d98db6dc89441400fdb553,5,top_heavy_shuffled,"[150, 50, 80, 30, 40]",0,0.0,0
squad,133,56d98db6dc89441400fdb554,5,top_heavy_shuffled,"[40, 150, 30, 50, 80]",1,1.0,0
squad,134,56be54bdacb8001400a50322,5,top_heavy_shuffled,"[40, 50, 80, 150, 30]",1,1.0,1
squad,135,56be54bdacb8001400a50323,5,top_heavy_shuffled,"[150, 50, 80, 30, 40]",1,1.0,1
squad,136,56be54bdacb8001400a50324,5,top_heavy_shuffled,"[40, 30, 50, 150, 80]",0,0.5,1
squad,137,56be54bdacb8001400a50325,5,top_heavy_shuffled,"[40, 80, 50, 150, 30]",0,0.0,1
squad,138,56be54bdacb8001400a50326,5,top_heavy_shuffled,"[30, 80, 50, 150, 40]",0,0.0,1
squad,139,56beb0f43aeaaa14008c921b,5,top_heavy_shuffled,"[30, 80, 40, 50, 150]",1,1.0,1
squad,140,56beb0f43aeaaa14008c921c,5,top_heavy_shuffled,"[50, 30, 40, 150, 80]",0,0.0,1
squad,141,56beb0f43aeaaa14008c921d,5,top_heavy_shuffled,"[150, 30, 50, 40, 80]",0,0.4,1
squad,142,56beb0f43aeaaa14008c921e,5,top_heavy_shuffled,"[30, 150, 50, 80, 40]",0,0.0,1
squad,143,56beb0f43aeaaa14008c921f,5,top_heavy_shuffled,"[80, 40, 30, 150, 50]",1,1.0,1
squad,144,56bf21b43aeaaa14008c9525,5,top_heavy_shuffled,"[50, 40, 80, 30, 150]",1,1.0,1
squad,145,56bf21b43aeaaa14008c9526,5,top_heavy_shuffled,"[80, 40, 30, 150, 50]",0,0.6666666666666666,1
squad,146,56bf21b43aeaaa14008c9528,5,top_heavy_shuffled,"[30, 50, 40, 80, 150]",0,0.0,1
squad,147,56bf21b43aeaaa14008c9529,5,top_heavy_shuffled,"[80, 40, 150, 50, 30]",0,0.0,1
squad,148,56d6ef6a0d65d21400198260,5,top_heavy_shuffled,"[80, 50, 150, 30, 40]",0,0.0,1
squad,149,56d6ef6a0d65d21400198262,5,top_heavy_shuffled,"[150, 80, 50, 30, 40]",0,0.0,1
squad,150,56d98f0ddc89441400fdb558,5,top_heavy_shuffled,"[150, 50, 30, 40, 80]",1,1.0,1
squad,151,56d98f0ddc89441400fdb559,5,top_heavy_shuffled,"[30, 50, 40, 150, 80]",0,0.0,1
squad,152,56d98f0ddc89441400fdb55a,5,top_heavy_shuffled,"[50, 80, 30, 150, 40]",0,0.0,1
squad,153,56d98f0ddc89441400fdb55b,5,top_heavy_shuffled,"[40, 150, 30, 80, 50]",0,0.0,1
squad,154,56d98f0ddc89441400fdb55c,5,top_heavy_shuffled,"[30, 50, 150, 40, 80]",0,0.0,1
squad,155,56be5523acb8001400a5032c,5,top_heavy_shuffled,"[30, 40, 150, 80, 50]",1,1.0,1
squad,156,56be5523acb8001400a5032d,5,top_heavy_shuffled,"[80, 40, 30, 50, 150]",0,0.0,0
squad,157,56be5523acb8001400a5032e,5,top_heavy_shuffled,"[50, 30, 40, 150, 80]",1,1.0,1
squad,158,56be5523acb8001400a5032f,5,top_heavy_shuffled,"[80, 50, 40, 150, 30]",1,1.0,1
squad,159,56be5523acb8001400a50330,5,top_heavy_shuffled,"[80, 40, 150, 30, 50]",0,0.3333333333333333,1
squad,160,56beb2153aeaaa14008c9225,5,top_heavy_shuffled,"[40, 50, 150, 80, 30]",1,1.0,1
squad,161,56beb2153aeaaa14008c9226,5,top_heavy_shuffled,"[50, 80, 150, 30, 40]",1,1.0,1
squad,162,56beb2153aeaaa14008c9227,5,top_heavy_shuffled,"[30, 150, 50, 80, 40]",1,1.0,1
squad,163,56beb2153aeaaa14008c9228,5,top_heavy_shuffled,"[50, 30, 150, 40, 80]",1,1.0,1
squad,164,56beb2153aeaaa14008c9229,5,top_heavy_shuffled,"[40, 30, 80, 50, 150]",0,0.0,1
squad,165,56bf23363aeaaa14008c952f,5,top_heavy_shuffled,"[40, 30, 80, 50, 150]",1,1.0,1
squad,166,56bf23363aeaaa14008c9530,5,top_heavy_shuffled,"[40, 150, 80, 50, 30]",1,1.0,1
squad,167,56bf23363aeaaa14008c9531,5,top_heavy_shuffled,"[150, 30, 50, 40, 80]",1,1.0,1
squad,168,56bf23363aeaaa14008c9532,5,top_heavy_shuffled,"[30, 80, 150, 40, 50]",0,0.0,1
squad,169,56bf23363aeaaa14008c9533,5,top_heavy_shuffled,"[40, 30, 150, 80, 50]",0,0.6666666666666666,1
squad,170,56d6f0770d65d21400198268,5,top_heavy_shuffled,"[80, 50, 30, 150, 40]",0,0.0,1
squad,171,56d6f0770d65d21400198269,5,top_heavy_shuffled,"[50, 150, 40, 30, 80]",1,1.0,1
squad,172,56d6f0770d65d2140019826a,5,top_heavy_shuffled,"[80, 40, 30, 50, 150]",0,0.0,1
squad,173,56d6f0770d65d2140019826c,5,top_heavy_shuffled,"[40, 30, 50, 150, 80]",0,0.0,1
squad,174,56d98fbfdc89441400fdb562,5,top_heavy_shuffled,"[50, 40, 80, 30, 150]",0,0.0,1
squad,175,56d98fbfdc89441400fdb563,5,top_heavy_shuffled,"[50, 150, 40, 30, 80]",1,1.0,1
squad,176,56d98fbfdc89441400fdb564,5,top_heavy_shuffled,"[30, 50, 80, 150, 40]",1,1.0,1
squad,177,56d98fbfdc89441400fdb565,5,top_heavy_shuffled,"[30, 50, 80, 40, 150]",1,1.0,1
squad,178,56be572b3aeaaa14008c9052,5,top_heavy_shuffled,"[40, 30, 50, 80, 150]",0,0.0,1
squad,179,56beb2a03aeaaa14008c922f,5,top_heavy_shuffled,"[80, 30, 50, 150, 40]",0,0.0,1
squad,180,56beb2a03aeaaa14008c9230,5,top_heavy_shuffled,"[40, 80, 30, 150, 50]",0,0.0,1
squad,181,56beb2a03aeaaa14008c9231,5,top_heavy_shuffled,"[30, 40, 150, 50, 80]",1,1.0,1
squad,182,56beb2a03aeaaa14008c9232,5,top_heavy_shuffled,"[30, 80, 50, 150, 40]",0,0.5,1
squad,183,56beb2a03aeaaa14008c9233,5,top_heavy_shuffled,"[40, 150, 30, 80, 50]",0,0.0,1
squad,184,56bf28c73aeaaa14008c9539,5,top_heavy_shuffled,"[40, 150, 30, 80, 50]",0,0.0,1
squad,185,56bf28c73aeaaa14008c953a,5,top_heavy_shuffled,"[150, 40, 30, 50, 80]",0,0.0,1
squad,186,56bf28c73aeaaa14008c953c,5,top_heavy_shuffled,"[30, 50, 150, 40, 80]",0,0.6666666666666666,1
squad,187,56bf28c73aeaaa14008c953d,5,top_heavy_shuffled,"[150, 30, 50, 40, 80]",0,0.0,1
squad,188,56d6f1190d65d21400198272,5,top_heavy_shuffled,"[150, 80, 40, 50, 30]",0,0.8,1
squad,189,56d6f1190d65d21400198273,5,top_heavy_shuffled,"[150, 40, 30, 80, 50]",0,0.0,0
squad,190,56d6f1190d65d21400198274,5,top_heavy_shuffled,"[50, 30, 150, 40, 80]",0,0.0,1
squad,191,56d6f1190d65d21400198275,5,top_heavy_shuffled,"[40, 30, 80, 150, 50]",0,0.0,1
squad,192,56d6f1190d65d21400198276,5,top_heavy_shuffled,"[150, 80, 40, 50, 30]",0,0.0,1
squad,193,56d99179dc89441400fdb56c,5,top_heavy_shuffled,"[50, 40, 150, 30, 80]",0,0.0,1
squad,194,56d99179dc89441400fdb56d,5,top_heavy_shuffled,"[40, 80, 30, 50, 150]",0,0.0,1
squad,195,56d99179dc89441400fdb570,5,top_heavy_shuffled,"[80, 50, 30, 150, 40]",0,0.0,1
squad,196,56be59683aeaaa14008c9058,5,top_heavy_shuffled,"[150, 30, 80, 50, 40]",1,1.0,1
squad,197,56be59683aeaaa14008c9059,5,top_heavy_shuffled,"[40, 150, 30, 50, 80]",1,1.0,1
squad,198,56be59683aeaaa14008c905a,5,top_heavy_shuffled,"[50, 80, 150, 40, 30]",0,0.0,1
squad,199,56beb3083aeaaa14008c923d,5,top_heavy_shuffled,"[150, 30, 50, 40, 80]",1,1.0,1
squad,200,56beb3083aeaaa14008c923e,5,top_heavy_shuffled,"[50, 40, 30, 150, 80]",1,1.0,1
squad,201,56beb3083aeaaa14008c923f,5,top_heavy_shuffled,"[150, 80, 30, 50, 40]",0,0.0,1
squad,202,56beb3083aeaaa14008c9240,5,top_heavy_shuffled,"[50, 80, 40, 30, 150]",0,0.0,1
squad,203,56beb3083aeaaa14008c9241,5,top_heavy_shuffled,"[30, 80, 40, 50, 150]",0,0.0,1
squad,204,56bf2afe3aeaaa14008c9543,5,top_heavy_shuffled,"[80, 40, 150, 50, 30]",0,0.0,1
squad,205,56bf2afe3aeaaa14008c9544,5,top_heavy_shuffled,"[50, 150, 30, 40, 80]",0,0.0,1
squad,206,56bf2afe3aeaaa14008c9545,5,top_heavy_shuffled,"[40, 80, 50, 30, 150]",0,0.0,1
squad,207,56bf2afe3aeaaa14008c9547,5,top_heavy_shuffled,"[150, 30, 50, 80, 40]",0,0.6666666666666666,1
squad,208,56d6f2000d65d2140019827c,5,top_heavy_shuffled,"[80, 30, 150, 40, 50]",1,1.0,1
squad,209,56d6f2000d65d2140019827d,5,top_heavy_shuffled,"[80, 30, 40, 50, 150]",1,1.0,1
squad,210,56d6f2000d65d2140019827e,5,top_heavy_shuffled,"[50, 30, 80, 150, 40]",0,0.0,1
squad,211,56d6f2000d65d2140019827f,5,top_heavy_shuffled,"[80, 150, 30, 50, 40]",0,0.0,1
squad,212,56d9943fdc89441400fdb576,5,top_heavy_shuffled,"[40, 150, 50, 30, 80]",0,0.0,1
squad,213,56d9943fdc89441400fdb577,5,top_heavy_shuffled,"[50, 30, 40, 150, 80]",0,0.0,1
squad,214,56d9943fdc89441400fdb578,5,top_heavy_shuffled,"[30, 40, 80, 50, 150]",0,0.0,1
squad,215,56d9943fdc89441400fdb57a,5,top_heavy_shuffled,"[40, 80, 50, 30, 150]",0,0.0,1
squad,216,56beb3a03aeaaa14008c9247,5,top_heavy_shuffled,"[30, 50, 40, 80, 150]",0,0.0,1
squad,217,56beb3a03aeaaa14008c9248,5,top_heavy_shuffled,"[80, 50, 30, 40, 150]",0,0.0,1
squad,218,56beb3a03aeaaa14008c9249,5,top_heavy_shuffled,"[80, 40, 150, 50, 30]",0,0.0,1
squad,219,56beb3a03aeaaa14008c924a,5,top_heavy_shuffled,"[80, 40, 30, 50, 150]",0,0.0,1
squad,220,56beb3a03aeaaa14008c924b,5,top_heavy_shuffled,"[30, 150, 80, 50, 40]",0,0.0,1
squad,221,56bf6b303aeaaa14008c960b,5,top_heavy_shuffled,"[50, 80, 30, 150, 40]",0,0.0,1
squad,222,56bf6b303aeaaa14008c960c,5,top_heavy_shuffled,"[80, 150, 50, 40, 30]",0,0.0,1
squad,223,56bf6b303aeaaa14008c960d,5,top_heavy_shuffled,"[50, 150, 30, 40, 80]",0,0.0,1
squad,224,56bf6b303aeaaa14008c960e,5,top_heavy_shuffled,"[50, 150, 80, 30, 40]",0,0.0,1
squad,225,56bf6b303aeaaa14008c960f,5,top_heavy_shuffled,"[40, 80, 30, 50, 150]",0,0.0,0
squad,226,56d6f2960d65d21400198286,5,top_heavy_shuffled,"[30, 150, 80, 50, 40]",0,0.0,1
squad,227,56d6f2960d65d21400198287,5,top_heavy_shuffled,"[80, 30, 150, 40, 50]",1,1.0,1
squad,228,56d6f2960d65d21400198288,5,top_heavy_shuffled,"[50, 80, 30, 150, 40]",1,1.0,1
squad,229,56d6f2960d65d21400198289,5,top_heavy_shuffled,"[40, 50, 80, 150, 30]",0,0.0,1
squad,230,56d6f2960d65d2140019828a,5,top_heavy_shuffled,"[30, 80, 40, 50, 150]",0,0.0,1
squad,231,56d997cddc89441400fdb586,5,top_heavy_shuffled,"[50, 30, 40, 80, 150]",0,0.0,1
squad,232,56d997cddc89441400fdb587,5,top_heavy_shuffled,"[150, 30, 40, 80, 50]",0,0.0,1
squad,233,56d997cddc89441400fdb588,5,top_heavy_shuffled,"[50, 30, 150, 80, 40]",0,0.0,1
squad,234,56d997cddc89441400fdb589,5,top_heavy_shuffled,"[80, 50, 40, 150, 30]",0,0.0,1
squad,235,56d997cddc89441400fdb58a,5,top_heavy_shuffled,"[30, 40, 150, 50, 80]",0,0.0,1
squad,236,56beb4343aeaaa14008c925b,5,top_heavy_shuffled,"[80, 40, 30, 50, 150]",1,1.0,1
squad,237,56beb4343aeaaa14008c925c,5,top_heavy_shuffled,"[30, 50, 80, 40, 150]",0,0.0,1
squad,238,56beb4343aeaaa14008c925d,5,top_heavy_shuffled,"[150, 40, 80, 30, 50]",0,0.0,1
squad,239,56beb4343aeaaa14008c925e,5,top_heavy_shuffled,"[50, 150, 80, 30, 40]",0,0.0,0
squad,240,56beb4343aeaaa14008c925f,5,top_heavy_shuffled,"[40, 80, 30, 50, 150]",0,0.0,1
squad,241,56d6f3500d65d21400198290,5,top_heavy_shuffled,"[30, 80, 50, 150, 40]",1,1.0,1
squad,242,56d6f3500d65d21400198291,5,top_heavy_shuffled,"[50, 80, 150, 40, 30]",1,1.0,1
squad,243,56d6f3500d65d21400198292,5,top_heavy_shuffled,"[30, 150, 40, 50, 80]",0,0.0,1
squad,244,56d6f3500d65d21400198293,5,top_heavy_shuffled,"[40, 80, 50, 150, 30]",0,0.0,1
squad,245,56d6f3500d65d21400198294,5,top_heavy_shuffled,"[150, 40, 50, 80, 30]",0,0.0,1
squad,246,56d9992fdc89441400fdb59c,5,top_heavy_shuffled,"[80, 30, 40, 150, 50]",0,0.0,1
squad,247,56d9992fdc89441400fdb59e,5,top_heavy_shuffled,"[40, 30, 50, 150, 80]",0,0.0,1
squad,248,56d9992fdc89441400fdb59f,5,top_heavy_shuffled,"[40, 80, 150, 50, 30]",0,0.0,1
squad,249,56d9992fdc89441400fdb5a0,5,top_heavy_shuffled,"[80, 50, 40, 30, 150]",0,0.0,1
squad,250,56beb4e43aeaaa14008c9265,5,top_heavy_shuffled,"[50, 40, 150, 80, 30]",0,0.0,1
squad,251,56beb4e43aeaaa14008c9266,5,top_heavy_shuffled,"[50, 40, 150, 30, 80]",0,0.0,1
squad,252,56beb4e43aeaaa14008c9267,5,top_heavy_shuffled,"[40, 50, 30, 80, 150]",0,0.0,1
squad,253,56beb4e43aeaaa14008c9268,5,top_heavy_shuffled,"[40, 80, 150, 50, 30]",0,0.0,1
squad,254,56beb4e43aeaaa14008c9269,5,top_heavy_shuffled,"[30, 40, 50, 80, 150]",0,0.0,1
squad,255,56bf301c3aeaaa14008c954d,5,top_heavy_shuffled,"[150, 50, 40, 80, 30]",0,0.0,1
squad,256,56bf301c3aeaaa14008c954e,5,top_heavy_shuffled,"[50, 80, 40, 150, 30]",0,0.0,1
squad,257,56bf301c3aeaaa14008c954f,5,top_heavy_shuffled,"[30, 150, 80, 40, 50]",0,0.0,1
squad,258,56bf301c3aeaaa14008c9550,5,top_heavy_shuffled,"[150, 30, 80, 50, 40]",0,0.0,1
squad,259,56bf301c3aeaaa14008c9551,5,top_heavy_shuffled,"[40, 150, 30, 80, 50]",0,0.13333333333333333,1
squad,260,56d6f4030d65d2140019829a,5,top_heavy_shuffled,"[30, 40, 50, 80, 150]",0,0.0,1
squad,261,56d6f4030d65d2140019829b,5,top_heavy_shuffled,"[30, 40, 80, 50, 150]",1,1.0,1
squad,262,56d6f4030d65d2140019829c,5,top_heavy_shuffled,"[50, 30, 40, 150, 80]",0,0.0,1
squad,263,56d6f4030d65d2140019829d,5,top_heavy_shuffled,"[30, 40, 50, 80, 150]",0,0.0,1
squad,264,56d6f4030d65d2140019829e,5,top_heavy_shuffled,"[150, 40, 50, 80, 30]",0,0.0,1
squad,265,56d99b7bdc89441400fdb5c8,5,top_heavy_shuffled,"[30, 40, 150, 80, 50]",0,0.0,0
squad,266,56d99b7bdc89441400fdb5c9,5,top_heavy_shuffled,"[40, 150, 50, 80, 30]",0,0.0,0
squad,267,56d99b7bdc89441400fdb5ca,5,top_heavy_shuffled,"[50, 40, 150, 30, 80]",0,0.0,0
squad,268,56d99b7bdc89441400fdb5cb,5,top_heavy_shuffled,"[50, 150, 30, 80, 40]",0,0.0,1
squad,269,56d99b7bdc89441400fdb5cc,5,top_heavy_shuffled,"[50, 80, 30, 150, 40]",0,0.0,1
squad,270,56beb57b3aeaaa14008c9279,5,top_heavy_shuffled,"[40, 150, 80, 50, 30]",1,1.0,1
squad,271,56beb57b3aeaaa14008c927a,5,top_heavy_shuffled,"[40, 30, 50, 150, 80]",0,0.0,0
squad,272,56beb57b3aeaaa14008c927b,5,top_heavy_shuffled,"[150, 80, 40, 30, 50]",0,0.0,1
squad,273,56beb57b3aeaaa14008c927c,5,top_heavy_shuffled,"[150, 50, 30, 80, 40]",0,0.0,0
squad,274,56beb57b3aeaaa14008c927d,5,top_heavy_shuffled,"[30, 80, 150, 40, 50]",0,0.0,1
squad,275,56bf38383aeaaa14008c956b,5,top_heavy_shuffled,"[80, 50, 40, 150, 30]",1,1.0,1
squad,276,56bf38383aeaaa14008c956c,5,top_heavy_shuffled,"[150, 50, 30, 40, 80]",0,0.0,1
squad,277,56bf38383aeaaa14008c956d,5,top_heavy_shuffled,"[150, 30, 50, 80, 40]",1,1.0,1
squad,278,56bf38383aeaaa14008c956e,5,top_heavy_shuffled,"[40, 80, 150, 50, 30]",1,1.0,1
squad,279,56bf38383aeaaa14008c956f,5,top_heavy_shuffled,"[30, 40, 50, 80, 150]",0,0.0,1
squad,280,56d6fe0b0d65d214001982a4,5,top_heavy_shuffled,"[80, 150, 30, 40, 50]",1,1.0,1
squad,281,56d6fe0b0d65d214001982a5,5,top_heavy_shuffled,"[80, 30, 150, 50, 40]",0,0.0,0
squad,282,56d6fe0b0d65d214001982a6,5,top_heavy_shuffled,"[80, 40, 30, 50, 150]",1,1.0,1
squad,283,56d6fe0b0d65d214001982a7,5,top_heavy_shuffled,"[30, 40, 50, 80, 150]",0,0.0,1
squad,284,56d99c44dc89441400fdb5d6,5,top_heavy_shuffled,"[80, 30, 50, 150, 40]",1,1.0,1
squad,285,56d99c44dc89441400fdb5d7,5,top_heavy_shuffled,"[30, 80, 150, 50, 40]",1,1.0,1
squad,286,56d99c44dc89441400fdb5d8,5,top_heavy_shuffled,"[50, 30, 150, 80, 40]",0,0.0,0
squad,287,56d99c44dc89441400fdb5d9,5,top_heavy_shuffled,"[40, 30, 50, 80, 150]",0,0.0,0
squad,288,56d99c44dc89441400fdb5da,5,top_heavy_shuffled,"[40, 150, 50, 80, 30]",0,0.0,1
squad,289,56beb6533aeaaa14008c928d,5,top_heavy_shuffled,"[50, 80, 30, 150, 40]",0,0.0,1
squad,290,56beb6533aeaaa14008c928e,5,top_heavy_shuffled,"[30, 80, 50, 150, 40]",0,0.0,1
squad,291,56beb6533aeaaa14008c9290,5,top_heavy_shuffled,"[80, 40, 150, 30, 50]",0,0.0,1
squad,292,56beb6533aeaaa14008c9291,5,top_heavy_shuffled,"[50, 80, 150, 30, 40]",0,0.0,1
squad,293,56bf3e803aeaaa14008c9588,5,top_heavy_shuffled,"[40, 30, 80, 50, 150]",0,0.0,1
squad,294,56bf3e803aeaaa14008c9589,5,top_heavy_shuffled,"[150, 30, 50, 40, 80]",1,1.0,1
squad,295,56bf3e803aeaaa14008c958b,5,top_heavy_shuffled,"[150, 80, 30, 40, 50]",0,0.6666666666666666,1
squad,296,56d6fea90d65d214001982ae,5,top_heavy_shuffled,"[50, 80, 40, 150, 30]",0,0.0,1
squad,297,56d6fea90d65d214001982af,5,top_heavy_shuffled,"[150, 80, 40, 30, 50]",1,1.0,1
squad,298,56d6fea90d65d214001982b0,5,top_heavy_shuffled,"[150, 30, 80, 40, 50]",1,1.0,1
squad,299,56d6fea90d65d214001982b2,5,top_heavy_shuffled,"[40, 50, 150, 30, 80]",0,0.0,1
squad,300,56d99da8dc89441400fdb5fd,5,top_heavy_shuffled,"[150, 40, 80, 30, 50]",1,1.0,1
squad,301,56d99da8dc89441400fdb5ff,5,top_heavy_shuffled,"[30, 40, 150, 50, 80]",0,0.0,0
squad,302,56d99da8dc89441400fdb600,5,top_heavy_shuffled,"[80, 50, 30, 40, 150]",1,1.0,1
squad,303,56beb6f23aeaaa14008c92a1,5,top_heavy_shuffled,"[50, 30, 150, 80, 40]",1,1.0,1
squad,304,56beb6f23aeaaa14008c92a2,5,top_heavy_shuffled,"[80, 50, 150, 30, 40]",1,1.0,1
squad,305,56beb6f23aeaaa14008c92a3,5,top_heavy_shuffled,"[150, 40, 50, 30, 80]",1,1.0,1
squad,306,56beb6f23aeaaa14008c92a4,5,top_heavy_shuffled,"[40, 50, 150, 80, 30]",0,0.0,1
squad,307,56beb6f23aeaaa14008c92a5,5,top_heavy_shuffled,"[40, 150, 50, 30, 80]",0,0.0,1
squad,308,56bf34293aeaaa14008c9559,5,top_heavy_shuffled,"[150, 80, 40, 50, 30]",0,0.0,1
squad,309,56bf34293aeaaa14008c955a,5,top_heavy_shuffled,"[50, 150, 40, 80, 30]",0,0.0,1
squad,310,56bf34293aeaaa14008c955b,5,top_heavy_shuffled,"[40, 50, 30, 150, 80]",0,0.0,1
squad,311,56d701280d65d214001982b8,5,top_heavy_shuffled,"[40, 50, 30, 80, 150]",1,1.0,1
squad,312,56d701280d65d214001982ba,5,top_heavy_shuffled,"[30, 40, 150, 80, 50]",1,1.0,0
squad,313,56d701280d65d214001982bc,5,top_heavy_shuffled,"[30, 80, 150, 50, 40]",0,0.0,1
squad,314,56d99e78dc89441400fdb616,5,top_heavy_shuffled,"[40, 50, 30, 150, 80]",1,1.0,1
squad,315,56d99e78dc89441400fdb618,5,top_heavy_shuffled,"[30, 150, 40, 50, 80]",1,1.0,1
squad,316,56d99e78dc89441400fdb619,5,top_heavy_shuffled,"[30, 80, 150, 40, 50]",1,1.0,1
squad,317,56d99e78dc89441400fdb61a,5,top_heavy_shuffled,"[50, 30, 80, 150, 40]",0,0.0,1
squad,318,56beb7953aeaaa14008c92ab,5,top_heavy_shuffled,"[50, 80, 40, 30, 150]",0,0.0,1
squad,319,56beb7953aeaaa14008c92ac,5,top_heavy_shuffled,"[40, 30, 50, 150, 80]",1,1.0,1
squad,320,56beb7953aeaaa14008c92ad,5,top_heavy_shuffled,"[150, 80, 30, 40, 50]",1,1.0,1
squad,321,56beb7953aeaaa14008c92ae,5,top_heavy_shuffled,"[80, 50, 150, 30, 40]",0,0.0,1
squad,322,56beb7953aeaaa14008c92af,5,top_heavy_shuffled,"[30, 150, 50, 80, 40]",0,0.0,1
squad,323,56bf36b93aeaaa14008c9561,5,top_heavy_shuffled,"[150, 40, 80, 50, 30]",0,0.0,1
squad,324,56bf36b93aeaaa14008c9562,5,top_heavy_shuffled,"[50, 30, 150, 80, 40]",0,0.0,1
squad,325,56bf36b93aeaaa14008c9563,5,top_heavy_shuffled,"[150, 40, 50, 30, 80]",1,1.0,1
squad,326,56bf36b93aeaaa14008c9564,5,top_heavy_shuffled,"[80, 150, 50, 30, 40]",1,1.0,1
squad,327,56bf36b93aeaaa14008c9565,5,top_heavy_shuffled,"[30, 50, 150, 80, 40]",0,0.0,1
squad,328,56d7018a0d65d214001982c2,5,top_heavy_shuffled,"[30, 40, 50, 80, 150]",1,1.0,1
squad,329,56d7018a0d65d214001982c3,5,top_heavy_shuffled,"[40, 80, 150, 50, 30]",1,1.0,1
squad,330,56d7018a0d65d214001982c5,5,top_heavy_shuffled,"[30, 80, 50, 40, 150]",0,0.0,1
squad,331,56d99f99dc89441400fdb628,5,top_heavy_shuffled,"[40, 80, 30, 150, 50]",1,1.0,1
squad,332,56d99f99dc89441400fdb629,5,top_heavy_shuffled,"[50, 150, 80, 40, 30]",0,0.0,1
squad,333,56d99f99dc89441400fdb62c,5,top_heavy_shuffled,"[80, 40, 50, 150, 30]",1,1.0,1
squad,334,56beb7fd3aeaaa14008c92b5,5,top_heavy_shuffled,"[80, 30, 40, 150, 50]",1,1.0,1
squad,335,56beb7fd3aeaaa14008c92b6,5,top_heavy_shuffled,"[30, 50, 80, 150, 40]",0,0.0,1
squad,336,56beb7fd3aeaaa14008c92b7,5,top_heavy_shuffled,"[80, 50, 30, 150, 40]",0,0.0,1
squad,337,56beb7fd3aeaaa14008c92b8,5,top_heavy_shuffled,"[80, 40, 50, 150, 30]",0,0.0,1
squad,338,56bf3a223aeaaa14008c9575,5,top_heavy_shuffled,"[40, 80, 150, 30, 50]",0,0.0,1
squad,339,56bf3a223aeaaa14008c9576,5,top_heavy_shuffled,"[30, 150, 50, 80, 40]",0,0.0,1
squad,340,56bf3a223aeaaa14008c9577,5,top_heavy_shuffled,"[80, 150, 50, 30, 40]",0,0.0,1
squad,341,56bf3a223aeaaa14008c9579,5,top_heavy_shuffled,"[80, 40, 30, 150, 50]",1,1.0,1
squad,342,56d703d10d65d214001982d6,5,top_heavy_shuffled,"[30, 50, 150, 80, 40]",0,0.0,1
squad,343,56d703d10d65d214001982d7,5,top_heavy_shuffled,"[50, 80, 30, 40, 150]",0,0.0,1
squad,344,56d703d10d65d214001982d8,5,top_heavy_shuffled,"[150, 40, 50, 80, 30]",0,0.0,1
squad,345,56d9a026dc89441400fdb632,5,top_heavy_shuffled,"[150, 80, 50, 40, 30]",1,1.0,1
squad,346,56beb86b3aeaaa14008c92bd,5,top_heavy_shuffled,"[40, 50, 150, 80, 30]",1,1.0,1
squad,347,56beb86b3aeaaa14008c92be,5,top_heavy_shuffled,"[30, 40, 150, 80, 50]",0,0.0,1
squad,348,56beb86b3aeaaa14008c92bf,5,top_heavy_shuffled,"[30, 40, 150, 80, 50]",0,0.0,1
squad,349,56beb86b3aeaaa14008c92c0,5,top_heavy_shuffled,"[150, 40, 30, 50, 80]",1,1.0,1
squad,350,56beb86b3aeaaa14008c92c1,5,top_heavy_shuffled,"[150, 30, 80, 50, 40]",0,0.0,1
squad,351,56bf3fd53aeaaa14008c9591,5,top_heavy_shuffled,"[30, 50, 150, 40, 80]",0,0.0,1
squad,352,56bf3fd53aeaaa14008c9592,5,top_heavy_shuffled,"[50, 40, 150, 30, 80]",1,1.0,1
squad,353,56bf3fd53aeaaa14008c9593,5,top_heavy_shuffled,"[150, 80, 40, 50, 30]",1,1.0,1
squad,354,56bf3fd53aeaaa14008c9594,5,top_heavy_shuffled,"[50, 150, 80, 40, 30]",0,0.0,1
squad,355,56bf3fd53aeaaa14008c9595,5,top_heavy_shuffled,"[80, 150, 50, 30, 40]",0,0.0,1
squad,356,56d704430d65d214001982de,5,top_heavy_shuffled,"[80, 40, 30, 150, 50]",1,1.0,1
squad,357,56d704430d65d214001982e0,5,top_heavy_shuffled,"[30, 40, 150, 50, 80]",1,1.0,1
squad,358,56d704430d65d214001982e1,5,top_heavy_shuffled,"[50, 30, 80, 40, 150]",0,0.0,1
squad,359,56d704430d65d214001982e2,5,top_heavy_shuffled,"[30, 40, 150, 80, 50]",0,0.6666666666666666,1
squad,360,56d9a0eadc89441400fdb63e,5,top_heavy_shuffled,"[30, 80, 50, 150, 40]",1,1.0,1
squad,361,56d9a0eadc89441400fdb63f,5,top_heavy_shuffled,"[30, 40, 50, 150, 80]",1,1.0,1
squad,362,56d9a0eadc89441400fdb640,5,top_heavy_shuffled,"[50, 80, 150, 40, 30]",0,0.0,1
squad,363,56beb90c3aeaaa14008c92c7,5,top_heavy_shuffled,"[150, 80, 50, 40, 30]",1,1.0,1
squad,364,56beb90c3aeaaa14008c92c8,5,top_heavy_shuffled,"[50, 30, 80, 150, 40]",0,0.0,1
squad,365,56beb90c3aeaaa14008c92c9,5,top_heavy_shuffled,"[50, 150, 80, 30, 40]",0,0.0,1
squad,366,56beb90c3aeaaa14008c92ca,5,top_heavy_shuffled,"[40, 80, 30, 50, 150]",0,0.0,1
squad,367,56beb90c3aeaaa14008c92cb,5,top_heavy_shuffled,"[80, 150, 50, 40, 30]",0,0.0,1
squad,368,56bf41013aeaaa14008c959b,5,top_heavy_shuffled,"[80, 40, 150, 30, 50]",1,1.0,1
squad,369,56bf41013aeaaa14008c959c,5,top_heavy_shuffled,"[50, 40, 150, 30, 80]",1,1.0,1
squad,370,56bf41013aeaaa14008c959d,5,top_heavy_shuffled,"[30, 80, 150, 40, 50]",0,0.0,1
squad,371,56bf41013aeaaa14008c959e,5,top_heavy_shuffled,"[30, 40, 80, 50, 150]",1,1.0,1
squad,372,56d7096b0d65d214001982fc,5,top_heavy_shuffled,"[150, 30, 50, 40, 80]",0,0.5,1
squad,373,56d7096b0d65d214001982fd,5,top_heavy_shuffled,"[30, 150, 80, 40, 50]",0,0.0,1
squad,374,56d7096b0d65d214001982fe,5,top_heavy_shuffled,"[30, 40, 80, 50, 150]",0,0.0,1
squad,375,56d9a199dc89441400fdb647,5,top_heavy_shuffled,"[50, 40, 80, 30, 150]",1,1.0,1
squad,376,56d9a199dc89441400fdb648,5,top_heavy_shuffled,"[150, 50, 80, 30, 40]",0,0.0,1
squad,377,56d9a199dc89441400fdb649,5,top_heavy_shuffled,"[150, 30, 80, 50, 40]",0,0.0,1
squad,378,56beb97c3aeaaa14008c92db,5,top_heavy_shuffled,"[80, 50, 30, 40, 150]",1,1.0,1
squad,379,56beb97c3aeaaa14008c92dc,5,top_heavy_shuffled,"[80, 150, 50, 30, 40]",1,1.0,1
squad,380,56beb97c3aeaaa14008c92dd,5,top_heavy_shuffled,"[50, 40, 150, 80, 30]",1,1.0,1
squad,381,56beb97c3aeaaa14008c92de,5,top_heavy_shuffled,"[30, 50, 150, 80, 40]",0,0.0,1
squad,382,56beb97c3aeaaa14008c92df,5,top_heavy_shuffled,"[150, 40, 30, 50, 80]",0,0.6666666666666666,1
squad,383,56bf6c3e3aeaaa14008c9615,5,top_heavy_shuffled,"[150, 80, 50, 40, 30]",1,1.0,1
squad,384,56bf6c3e3aeaaa14008c9617,5,top_heavy_shuffled,"[80, 40, 50, 30, 150]",0,0.0,1
squad,385,56d709ef0d65d21400198306,5,top_heavy_shuffled,"[40, 80, 150, 50, 30]",0,0.0,0
squad,386,56d709ef0d65d21400198307,5,top_heavy_shuffled,"[80, 40, 30, 150, 50]",1,1.0,1
squad,387,56beba103aeaaa14008c92e5,5,top_heavy_shuffled,"[50, 30, 150, 40, 80]",0,0.0,1
squad,388,56beba103aeaaa14008c92e6,5,top_heavy_shuffled,"[30, 150, 40, 50, 80]",0,0.0,1
squad,389,56beba103aeaaa14008c92e7,5,top_heavy_shuffled,"[150, 40, 50, 30, 80]",0,0.0,1
squad,390,56beba103aeaaa14008c92e8,5,top_heavy_shuffled,"[40, 150, 80, 50, 30]",0,0.0,1
squad,391,56beba103aeaaa14008c92e9,5,top_heavy_shuffled,"[80, 150, 30, 40, 50]",1,1.0,1
squad,392,56bf467d3aeaaa14008c95a5,5,top_heavy_shuffled,"[50, 150, 80, 30, 40]",0,0.0,1
squad,393,56bf467d3aeaaa14008c95a6,5,top_heavy_shuffled,"[40, 150, 30, 50, 80]",0,0.0,1
squad,394,56bf467d3aeaaa14008c95a7,5,top_heavy_shuffled,"[40, 150, 80, 50, 30]",0,0.0,1
squad,395,56d70adc0d65d21400198311,5,top_heavy_shuffled,"[80, 40, 150, 50, 30]",1,1.0,1
squad,396,56d70adc0d65d21400198312,5,top_heavy_shuffled,"[40, 80, 150, 30, 50]",0,0.0,1
squad,397,56d70adc0d65d21400198313,5,top_heavy_shuffled,"[50, 40, 30, 80, 150]",0,0.0,1
squad,398,56d70adc0d65d21400198314,5,top_heavy_shuffled,"[150, 50, 40, 80, 30]",0,0.0,1
squad,399,56d9a419dc89441400fdb678,5,top_heavy_shuffled,"[150, 30, 40, 50, 80]",1,1.0,1
squad,400,56d9a419dc89441400fdb679,5,top_heavy_shuffled,"[30, 50, 150, 80, 40]",0,0.0,1
squad,401,56bebad93aeaaa14008c92f9,5,top_heavy_shuffled,"[40, 80, 30, 150, 50]",1,1.0,1
squad,402,56bebad93aeaaa14008c92fa,5,top_heavy_shuffled,"[40, 80, 30, 50, 150]",0,0.0,1
squad,403,56bebad93aeaaa14008c92fb,5,top_heavy_shuffled,"[30, 150, 50, 80, 40]",0,0.0,1
squad,404,56bebad93aeaaa14008c92fc,5,top_heavy_shuffled,"[150, 80, 30, 50, 40]",0,0.6666666666666666,1
squad,405,56bebad93aeaaa14008c92fd,5,top_heavy_shuffled,"[50, 40, 80, 150, 30]",0,0.0,1
squad,406,56bf48cc3aeaaa14008c95ab,5,top_heavy_shuffled,"[50, 150, 80, 30, 40]",1,1.0,1
squad,407,56bf48cc3aeaaa14008c95ac,5,top_heavy_shuffled,"[50, 40, 150, 80, 30]",0,0.0,1
squad,408,56bf48cc3aeaaa14008c95ae,5,top_heavy_shuffled,"[30, 80, 50, 150, 40]",0,0.0,1
squad,409,56bf48cc3aeaaa14008c95af,5,top_heavy_shuffled,"[80, 150, 30, 40, 50]",1,1.0,1
squad,410,56d70ccc0d65d2140019831d,5,top_heavy_shuffled,"[30, 40, 80, 50, 150]",1,1.0,1
squad,411,56d70ccc0d65d2140019831f,5,top_heavy_shuffled,"[50, 30, 150, 40, 80]",0,0.0,1
squad,412,56d9a637dc89441400fdb697,5,top_heavy_shuffled,"[40, 30, 50, 80, 150]",0,0.6666666666666666,1
squad,413,56d9a637dc89441400fdb698,5,top_heavy_shuffled,"[150, 40, 50, 30, 80]",0,0.6666666666666666,1
squad,414,56d9a637dc89441400fdb699,5,top_heavy_shuffled,"[50, 150, 40, 30, 80]",0,0.0,1
squad,415,56d9a637dc89441400fdb69a,5,top_heavy_shuffled,"[150, 50, 40, 80, 30]",0,0.28571428571428575,1
squad,416,56bebb293aeaaa14008c9303,5,top_heavy_shuffled,"[80, 150, 40, 50, 30]",1,1.0,1
squad,417,56bebb293aeaaa14008c9304,5,top_heavy_shuffled,"[30, 40, 50, 80, 150]",1,1.0,1
squad,418,56bebb293aeaaa14008c9305,5,top_heavy_shuffled,"[30, 50, 40, 80, 150]",1,1.0,1
squad,419,56bebb293aeaaa14008c9306,5,top_heavy_shuffled,"[50, 30, 40, 150, 80]",0,0.0,1
squad,420,56bf49993aeaaa14008c95b5,5,top_heavy_shuffled,"[150, 40, 50, 30, 80]",0,0.0,0
squad,421,56bf49993aeaaa14008c95b6,5,top_heavy_shuffled,"[150, 30, 80, 50, 40]",0,0.0,0
squad,422,56bf49993aeaaa14008c95b7,5,top_heavy_shuffled,"[50, 80, 150, 30, 40]",0,0.0,0
squad,423,56bf49993aeaaa14008c95b8,5,top_heavy_shuffled,"[50, 30, 80, 150, 40]",0,0.0,0
squad,424,56d70d240d65d21400198326,5,top_heavy_shuffled,"[30, 40, 80, 150, 50]",0,0.0,0
squad,425,56d70d240d65d21400198327,5,top_heavy_shuffled,"[40, 80, 150, 50, 30]",0,0.0,0
squad,426,56d70d240d65d21400198328,5,top_heavy_shuffled,"[30, 50, 150, 40, 80]",0,0.0,0
squad,427,56d70d240d65d21400198329,5,top_heavy_shuffled,"[80, 40, 30, 50, 150]",0,0.0,0
squad,428,56d9a6b4dc89441400fdb6a0,5,top_heavy_shuffled,"[50, 30, 150, 80, 40]",0,0.3333333333333333,0
squad,429,56d9a6b4dc89441400fdb6a1,5,top_heavy_shuffled,"[40, 80, 30, 150, 50]",1,1.0,1
squad,430,56d9a6b4dc89441400fdb6a2,5,top_heavy_shuffled,"[80, 150, 50, 40, 30]",0,0.0,0
squad,431,56d9a6b4dc89441400fdb6a3,5,top_heavy_shuffled,"[30, 40, 50, 150, 80]",0,0.0,0
squad,432,56bebbbf3aeaaa14008c9315,5,top_heavy_shuffled,"[150, 30, 40, 50, 80]",1,1.0,1
squad,433,56bebbbf3aeaaa14008c9316,5,top_heavy_shuffled,"[150, 80, 30, 40, 50]",0,0.6666666666666666,1
squad,434,56bebbbf3aeaaa14008c9317,5,top_heavy_shuffled,"[50, 80, 30, 40, 150]",0,0.0,1
squad,435,56bebbbf3aeaaa14008c9318,5,top_heavy_shuffled,"[30, 40, 80, 50, 150]",0,0.6666666666666666,1
squad,436,56bebbbf3aeaaa14008c9319,5,top_heavy_shuffled,"[40, 50, 30, 150, 80]",1,1.0,1
squad,437,56bf4e1b3aeaaa14008c95bd,5,top_heavy_shuffled,"[80, 30, 40, 50, 150]",1,1.0,1
squad,438,56bf4e1b3aeaaa14008c95be,5,top_heavy_shuffled,"[30, 40, 80, 50, 150]",0,0.6666666666666666,1
squad,439,56bf4e1b3aeaaa14008c95c0,5,top_heavy_shuffled,"[50, 80, 40, 150, 30]",0,0.0,1
squad,440,56bf4e1b3aeaaa14008c95c1,5,top_heavy_shuffled,"[30, 40, 50, 80, 150]",0,0.0,1
squad,441,56d70daa0d65d21400198332,5,top_heavy_shuffled,"[50, 80, 150, 30, 40]",1,1.0,1
squad,442,56d70daa0d65d21400198333,5,top_heavy_shuffled,"[50, 30, 40, 150, 80]",0,0.25,1
squad,443,56d70daa0d65d21400198334,5,top_heavy_shuffled,"[30, 40, 80, 50, 150]",0,0.0,1
squad,444,56d70daa0d65d21400198335,5,top_heavy_shuffled,"[40, 80, 30, 50, 150]",0,0.0,1
squad,445,56d70daa0d65d21400198336,5,top_heavy_shuffled,"[150, 80, 40, 30, 50]",1,1.0,1
squad,446,56d9a7addc89441400fdb6a8,5,top_heavy_shuffled,"[40, 50, 80, 150, 30]",1,1.0,1
squad,447,56d9a7addc89441400fdb6ab,5,top_heavy_shuffled,"[30, 80, 50, 40, 150]",0,0.0,1
squad,448,56bebc383aeaaa14008c931f,5,top_heavy_shuffled,"[30, 50, 150, 40, 80]",0,0.0,1
squad,449,56bebc383aeaaa14008c9320,5,top_heavy_shuffled,"[80, 50, 150, 30, 40]",1,1.0,1
squad,450,56bebc383aeaaa14008c9321,5,top_heavy_shuffled,"[30, 50, 80, 150, 40]",0,0.0,1
squad,451,56bf52483aeaaa14008c95c7,5,top_heavy_shuffled,"[80, 50, 30, 40, 150]",0,0.0,1
squad,452,56bf52483aeaaa14008c95c8,5,top_heavy_shuffled,"[30, 150, 80, 40, 50]",0,0.0,1
squad,453,56d70e570d65d2140019833c,5,top_heavy_shuffled,"[30, 150, 80, 40, 50]",1,1.0,1
squad,454,56d70e570d65d2140019833e,5,top_heavy_shuffled,"[40, 80, 50, 30, 150]",0,0.0,1
squad,455,56d70e570d65d2140019833f,5,top_heavy_shuffled,"[40, 30, 150, 80, 50]",0,0.0,1
squad,456,56d9b01fdc89441400fdb6d4,5,top_heavy_shuffled,"[150, 80, 50, 30, 40]",0,0.0,0
squad,457,56bebcbe3aeaaa14008c9325,5,top_heavy_shuffled,"[80, 50, 150, 30, 40]",1,1.0,1
squad,458,56bebcbe3aeaaa14008c9326,5,top_heavy_shuffled,"[40, 30, 150, 80, 50]",1,1.0,1
squad,459,56bebcbe3aeaaa14008c9327,5,top_heavy_shuffled,"[150, 80, 40, 50, 30]",1,1.0,1
squad,460,56bebcbe3aeaaa14008c9328,5,top_heavy_shuffled,"[30, 40, 50, 150, 80]",0,0.0,1
squad,461,56bebcbe3aeaaa14008c9329,5,top_heavy_shuffled,"[40, 150, 80, 50, 30]",0,0.0,0
squad,462,56bf53e73aeaaa14008c95cb,5,top_heavy_shuffled,"[150, 30, 40, 50, 80]",0,0.0,1
squad,463,56bf53e73aeaaa14008c95cc,5,top_heavy_shuffled,"[40, 150, 50, 30, 80]",0,0.0,1
squad,464,56bf53e73aeaaa14008c95cd,5,top_heavy_shuffled,"[30, 150, 40, 50, 80]",1,1.0,1
squad,465,56bf53e73aeaaa14008c95ce,5,top_heavy_shuffled,"[40, 150, 80, 30, 50]",1,1.0,1
squad,466,56d7145c0d65d2140019834c,5,top_heavy_shuffled,"[150, 50, 80, 30, 40]",0,0.5714285714285715,1
squad,467,56d7145c0d65d2140019834d,5,top_heavy_shuffled,"[30, 150, 40, 50, 80]",1,1.0,1
squad,468,56d7145c0d65d2140019834f,5,top_heavy_shuffled,"[50, 80, 150, 40, 30]",0,0.0,1
squad,469,56d9b389dc89441400fdb6ec,5,top_heavy_shuffled,"[150, 40, 80, 50, 30]",1,1.0,1
squad,470,56d9b389dc89441400fdb6ed,5,top_heavy_shuffled,"[150, 30, 50, 40, 80]",1,1.0,1
squad,471,56d9b389dc89441400fdb6ee,5,top_heavy_shuffled,"[30, 50, 80, 40, 150]",0,0.0,1
squad,472,56d9b389dc89441400fdb6ef,5,top_heavy_shuffled,"[40, 150, 50, 30, 80]",0,0.0,1
squad,473,56d9b389dc89441400fdb6f0,5,top_heavy_shuffled,"[30, 50, 40, 80, 150]",1,1.0,1
squad,474,56bebd713aeaaa14008c932f,5,top_heavy_shuffled,"[30, 50, 150, 40, 80]",0,0.3333333333333333,1
squad,475,56bebd713aeaaa14008c9330,5,top_heavy_shuffled,"[30, 150, 50, 80, 40]",0,0.0,0
squad,476,56bebd713aeaaa14008c9331,5,top_heavy_shuffled,"[50, 150, 30, 80, 40]",1,1.0,1
squad,477,56bf555e3aeaaa14008c95d3,5,top_heavy_shuffled,"[150, 50, 80, 40, 30]",0,0.0,0
squad,478,56bf555e3aeaaa14008c95d4,5,top_heavy_shuffled,"[30, 80, 150, 50, 40]",0,0.5,0
squad,479,56bf555e3aeaaa14008c95d5,5,top_heavy_shuffled,"[50, 40, 80, 30, 150]",0,0.0,0
squad,480,56d714cd0d65d21400198356,5,top_heavy_shuffled,"[80, 40, 150, 30, 50]",0,0.5,1
squad,481,56d714cd0d65d21400198358,5,top_heavy_shuffled,"[80, 30, 150, 50, 40]",1,1.0,1
squad,482,56d714cd0d65d21400198359,5,top_heavy_shuffled,"[30, 50, 40, 80, 150]",0,0.08333333333333334,1
squad,483,56d9b43edc89441400fdb700,5,top_heavy_shuffled,"[40, 80, 150, 30, 50]",0,0.0,0
squad,484,56d9b43edc89441400fdb701,5,top_heavy_shuffled,"[30, 80, 150, 40, 50]",0,0.0,1
squad,485,56bebde53aeaaa14008c9335,5,top_heavy_shuffled,"[50, 80, 40, 150, 30]",1,1.0,1
squad,486,56bebde53aeaaa14008c9336,5,top_heavy_shuffled,"[40, 30, 80, 150, 50]",0,0.6666666666666666,1
squad,487,56bebde53aeaaa14008c9337,5,top_heavy_shuffled,"[150, 50, 80, 30, 40]",0,0.0,1
squad,488,56bebde53aeaaa14008c9338,5,top_heavy_shuffled,"[50, 150, 80, 40, 30]",0,0.6666666666666666,1
squad,489,56bebde53aeaaa14008c9339,5,top_heavy_shuffled,"[150, 50, 30, 80, 40]",1,1.0,1
squad,490,56bf57043aeaaa14008c95d9,5,top_heavy_shuffled,"[30, 150, 50, 80, 40]",1,1.0,1
squad,491,56bf57043aeaaa14008c95da,5,top_heavy_shuffled,"[30, 150, 40, 50, 80]",0,0.0,1
squad,492,56bf57043aeaaa14008c95db,5,top_heavy_shuffled,"[50, 150, 40, 80, 30]",1,1.0,1
squad,493,56bf57043aeaaa14008c95dc,5,top_heavy_shuffled,"[150, 80, 40, 50, 30]",0,0.0,1
squad,494,56bf57043aeaaa14008c95dd,5,top_heavy_shuffled,"[80, 150, 50, 40, 30]",1,1.0,1
squad,495,56d71bd80d65d2140019835e,5,top_heavy_shuffled,"[150, 50, 40, 80, 30]",0,0.6666666666666666,1
squad,496,56d71bd80d65d21400198360,5,top_heavy_shuffled,"[30, 150, 40, 80, 50]",0,0.0,1
squad,497,56d71bd80d65d21400198361,5,top_heavy_shuffled,"[150, 50, 80, 40, 30]",1,1.0,1
squad,498,56d71bd80d65d21400198362,5,top_heavy_shuffled,"[30, 40, 50, 150, 80]",0,0.0,1
squad,499,56d9b4ebdc89441400fdb708,5,top_heavy_shuffled,"[80, 30, 150, 50, 40]",0,0.6666666666666666,1
squad,500,56d9b4ebdc89441400fdb709,5,top_heavy_shuffled,"[50, 150, 30, 40, 80]",0,0.5714285714285715,0
squad,501,56d9b4ebdc89441400fdb70a,5,top_heavy_shuffled,"[150, 80, 40, 50, 30]",1,1.0,1
squad,502,56d9b4ebdc89441400fdb70b,5,top_heavy_shuffled,"[40, 30, 150, 80, 50]",0,0.0,1
squad,503,56d9b4ebdc89441400fdb70c,5,top_heavy_shuffled,"[40, 150, 50, 30, 80]",0,0.0,1
squad,504,56bebe873aeaaa14008c933f,5,top_heavy_shuffled,"[150, 50, 40, 80, 30]",0,0.0,1
squad,505,56bebe873aeaaa14008c9340,5,top_heavy_shuffled,"[40, 150, 30, 50, 80]",0,0.0,1
squad,506,56bebe873aeaaa14008c9341,5,top_heavy_shuffled,"[80, 30, 40, 50, 150]",0,0.0,1
squad,507,56bebe873aeaaa14008c9342,5,top_heavy_shuffled,"[80, 150, 50, 40, 30]",0,0.0,0
squad,508,56bebe873aeaaa14008c9343,5,top_heavy_shuffled,"[80, 150, 30, 50, 40]",0,0.0,0
squad,509,56bf59523aeaaa14008c95e3,5,top_heavy_shuffled,"[30, 80, 150, 50, 40]",1,1.0,1
squad,510,56bf59523aeaaa14008c95e4,5,top_heavy_shuffled,"[30, 40, 150, 80, 50]",0,0.0,0
squad,511,56bf59523aeaaa14008c95e5,5,top_heavy_shuffled,"[150, 30, 80, 40, 50]",0,0.0,0
squad,512,56d71cb60d65d21400198368,5,top_heavy_shuffled,"[40, 50, 30, 80, 150]",1,1.0,1
squad,513,56d9b5ffdc89441400fdb720,5,top_heavy_shuffled,"[80, 30, 150, 40, 50]",1,1.0,1
squad,514,56d9b5ffdc89441400fdb721,5,top_heavy_shuffled,"[30, 80, 50, 40, 150]",0,0.0,1
squad,515,56bebec43aeaaa14008c9349,5,top_heavy_shuffled,"[50, 40, 30, 80, 150]",1,1.0,1
squad,516,56bebec43aeaaa14008c934a,5,top_heavy_shuffled,"[30, 40, 150, 50, 80]",0,0.28571428571428575,1
squad,517,56bf5abc3aeaaa14008c95e9,5,top_heavy_shuffled,"[30, 50, 80, 40, 150]",0,0.0,0
squad,518,56bf5abc3aeaaa14008c95ea,5,top_heavy_shuffled,"[150, 80, 50, 40, 30]",0,0.4,1
squad,519,56d71d150d65d2140019836e,5,top_heavy_shuffled,"[50, 80, 150, 40, 30]",0,0.888888888888889,1
squad,520,56d71d150d65d2140019836f,5,top_heavy_shuffled,"[80, 40, 150, 30, 50]",0,0.5555555555555556,1
squad,521,56d71d150d65d21400198370,5,top_heavy_shuffled,"[40, 150, 30, 80, 50]",0,0.4,1
squad,522,56d9b6a3dc89441400fdb72f,5,top_heavy_shuffled,"[40, 150, 80, 50, 30]",1,1.0,1
squad,523,56d9b6a3dc89441400fdb730,5,top_heavy_shuffled,"[150, 50, 40, 80, 30]",0,0.28571428571428575,1
squad,524,56bec0353aeaaa14008c934d,5,top_heavy_shuffled,"[150, 80, 30, 40, 50]",0,0.8,1
squad,525,56bec0353aeaaa14008c934e,5,top_heavy_shuffled,"[50, 80, 40, 30, 150]",1,1.0,1
squad,526,56bec0353aeaaa14008c934f,5,top_heavy_shuffled,"[80, 150, 50, 40, 30]",0,0.0,1
squad,527,56bec0353aeaaa14008c9350,5,top_heavy_shuffled,"[50, 150, 40, 30, 80]",0,0.0,1
squad,528,56bec0353aeaaa14008c9351,5,top_heavy_shuffled,"[30, 50, 40, 150, 80]",0,0.0,1
squad,529,56bf5b933aeaaa14008c95ed,5,top_heavy_shuffled,"[80, 40, 30, 150, 50]",1,1.0,1
squad,530,56bf5b933aeaaa14008c95ef,5,top_heavy_shuffled,"[150, 50, 40, 30, 80]",1,1.0,1
squad,531,56bf5b933aeaaa14008c95f1,5,top_heavy_shuffled,"[50, 30, 150, 40, 80]",1,1.0,1
squad,532,56d71d9d0d65d21400198374,5,top_heavy_shuffled,"[50, 40, 150, 80, 30]",1,1.0,1
squad,533,56d71d9d0d65d21400198377,5,top_heavy_shuffled,"[40, 30, 150, 80, 50]",0,0.0,1
squad,534,56bec0dd3aeaaa14008c9357,5,top_heavy_shuffled,"[80, 30, 50, 40, 150]",0,0.0,0
squad,535,56bec0dd3aeaaa14008c9358,5,top_heavy_shuffled,"[40, 50, 80, 30, 150]",0,0.0,1
squad,536,56bec0dd3aeaaa14008c9359,5,top_heavy_shuffled,"[40, 30, 150, 50, 80]",0,0.0,1
squad,537,56bec0dd3aeaaa14008c935a,5,top_heavy_shuffled,"[40, 50, 80, 150, 30]",0,0.0,1
squad,538,56bec0dd3aeaaa14008c935b,5,top_heavy_shuffled,"[80, 50, 40, 30, 150]",0,0.0,1
squad,539,56bf5e7b3aeaaa14008c95f7,5,top_heavy_shuffled,"[40, 50, 30, 80, 150]",1,1.0,1
squad,540,56bf5e7b3aeaaa14008c95f8,5,top_heavy_shuffled,"[150, 50, 80, 40, 30]",0,0.0,1
squad,541,56bf5e7b3aeaaa14008c95f9,5,top_heavy_shuffled,"[30, 150, 40, 50, 80]",0,0.0,1
squad,542,56bf5e7b3aeaaa14008c95fa,5,top_heavy_shuffled,"[80, 40, 30, 50, 150]",0,0.0,1
squad,543,56bf5e7b3aeaaa14008c95fb,5,top_heavy_shuffled,"[40, 80, 50, 150, 30]",0,0.0,1
squad,544,56d71ed50d65d2140019837c,5,top_heavy_shuffled,"[50, 30, 80, 40, 150]",1,1.0,1
squad,545,56d71ed50d65d2140019837d,5,top_heavy_shuffled,"[50, 150, 80, 40, 30]",1,1.0,1
squad,546,56d9b7dcdc89441400fdb740,5,top_heavy_shuffled,"[150, 40, 30, 50, 80]",1,1.0,0
squad,547,56d9b7dcdc89441400fdb741,5,top_heavy_shuffled,"[150, 50, 30, 80, 40]",0,0.0909090909090909,0
squad,548,56d9b7dcdc89441400fdb742,5,top_heavy_shuffled,"[40, 30, 50, 150, 80]",0,0.0,0
squad,549,56d9b7dcdc89441400fdb743,5,top_heavy_shuffled,"[50, 40, 30, 150, 80]",0,0.0,1
squad,550,56d9b7dcdc89441400fdb744,5,top_heavy_shuffled,"[50, 30, 80, 40, 150]",0,0.0,0
squad,551,56bec1823aeaaa14008c9361,5,top_heavy_shuffled,"[40, 30, 80, 50, 150]",1,1.0,1
squad,552,56bec1823aeaaa14008c9362,5,top_heavy_shuffled,"[50, 40, 150, 30, 80]",0,0.0,1
squad,553,56bec1823aeaaa14008c9363,5,top_heavy_shuffled,"[150, 30, 50, 80, 40]",1,1.0,1
squad,554,56bec1823aeaaa14008c9364,5,top_heavy_shuffled,"[150, 30, 50, 40, 80]",1,1.0,1
squad,555,56bec1823aeaaa14008c9365,5,top_heavy_shuffled,"[80, 150, 50, 30, 40]",1,1.0,1
squad,556,56bf6d343aeaaa14008c961b,5,top_heavy_shuffled,"[50, 80, 30, 150, 40]",1,1.0,0
squad,557,56d71fc00d65d21400198386,5,top_heavy_shuffled,"[50, 150, 40, 30, 80]",1,1.0,1
squad,558,56d71fc00d65d21400198389,5,top_heavy_shuffled,"[80, 50, 40, 30, 150]",0,0.0,1
squad,559,56d9ba95dc89441400fdb754,5,top_heavy_shuffled,"[80, 150, 40, 50, 30]",0,0.0,0
squad,560,56d9ba95dc89441400fdb757,5,top_heavy_shuffled,"[30, 50, 80, 150, 40]",0,0.0,1
squad,561,56d9ba95dc89441400fdb758,5,top_heavy_shuffled,"[150, 80, 50, 30, 40]",1,1.0,1
squad,562,56bec2013aeaaa14008c9371,5,top_heavy_shuffled,"[40, 50, 30, 150, 80]",0,0.0,1
squad,563,56bec2013aeaaa14008c9372,5,top_heavy_shuffled,"[150, 50, 80, 30, 40]",0,0.0,1
squad,564,56bec2013aeaaa14008c9373,5,top_heavy_shuffled,"[150, 80, 30, 40, 50]",1,1.0,1
squad,565,56bec2013aeaaa14008c9374,5,top_heavy_shuffled,"[150, 30, 50, 80, 40]",0,0.6666666666666666,1
squad,566,56bec2013aeaaa14008c9375,5,top_heavy_shuffled,"[30, 50, 40, 80, 150]",0,0.0,1
squad,567,56bf6e7a3aeaaa14008c961f,5,top_heavy_shuffled,"[30, 50, 150, 80, 40]",0,0.0,0
squad,568,56bf6e7a3aeaaa14008c9620,5,top_heavy_shuffled,"[80, 30, 50, 150, 40]",0,0.0,0
squad,569,56bf6e7a3aeaaa14008c9621,5,top_heavy_shuffled,"[50, 40, 150, 30, 80]",0,0.6666666666666666,1
squad,570,56bf6e7a3aeaaa14008c9622,5,top_heavy_shuffled,"[150, 40, 30, 50, 80]",0,0.0,1
squad,571,56d7205e0d65d21400198391,5,top_heavy_shuffled,"[80, 30, 50, 150, 40]",0,0.6666666666666666,1
squad,572,56d7205e0d65d21400198392,5,top_heavy_shuffled,"[150, 80, 30, 40, 50]",1,1.0,1
squad,573,56d9bc13dc89441400fdb75e,5,top_heavy_shuffled,"[50, 40, 150, 80, 30]",1,1.0,1
squad,574,56d9bc13dc89441400fdb75f,5,top_heavy_shuffled,"[150, 80, 30, 40, 50]",1,1.0,0
squad,575,56d9bc13dc89441400fdb760,5,top_heavy_shuffled,"[80, 40, 50, 30, 150]",0,0.0,1
squad,576,56bec2573aeaaa14008c937b,5,top_heavy_shuffled,"[150, 50, 40, 30, 80]",0,0.6,1
squad,577,56bec2573aeaaa14008c937c,5,top_heavy_shuffled,"[150, 30, 50, 40, 80]",1,1.0,1
squad,578,56bf6f743aeaaa14008c9631,5,top_heavy_shuffled,"[150, 30, 50, 80, 40]",0,0.5,1
squad,579,56bf6f743aeaaa14008c9632,5,top_heavy_shuffled,"[80, 40, 50, 30, 150]",1,1.0,1
squad,580,56d720c70d65d21400198396,5,top_heavy_shuffled,"[150, 50, 80, 30, 40]",1,1.0,1
squad,581,56d720c70d65d21400198397,5,top_heavy_shuffled,"[80, 50, 30, 40, 150]",0,0.15384615384615383,1
squad,582,56d720c70d65d21400198398,5,top_heavy_shuffled,"[40, 80, 30, 150, 50]",0,0.08,1
squad,583,56bec3153aeaaa14008c9389,5,top_heavy_shuffled,"[30, 50, 40, 80, 150]",1,1.0,1
squad,584,56bec3153aeaaa14008c938a,5,top_heavy_shuffled,"[30, 50, 150, 40, 80]",0,0.0,1
squad,585,56bec3153aeaaa14008c938b,5,top_heavy_shuffled,"[30, 40, 80, 150, 50]",0,0.0,1
squad,586,56bec3153aeaaa14008c938c,5,top_heavy_shuffled,"[80, 50, 30, 150, 40]",0,0.0,1
squad,587,56bf717d3aeaaa14008c9635,5,top_heavy_shuffled,"[30, 80, 150, 40, 50]",0,0.0,1
squad,588,56bf717d3aeaaa14008c9637,5,top_heavy_shuffled,"[150, 80, 40, 30, 50]",1,1.0,1
squad,589,56bf717d3aeaaa14008c9638,5,top_heavy_shuffled,"[150, 80, 30, 50, 40]",0,0.0,1
squad,590,56bf717d3aeaaa14008c9639,5,top_heavy_shuffled,"[40, 80, 50, 150, 30]",0,0.0,1
squad,591,56d721af0d65d2140019839e,5,top_heavy_shuffled,"[80, 50, 30, 40, 150]",0,0.0,1
squad,592,56d721af0d65d2140019839f,5,top_heavy_shuffled,"[40, 150, 30, 80, 50]",0,0.0,1
squad,593,56d721af0d65d214001983a0,5,top_heavy_shuffled,"[50, 40, 80, 30, 150]",0,0.0,1
squad,594,56d9bdc1dc89441400fdb768,5,top_heavy_shuffled,"[150, 40, 50, 80, 30]",1,1.0,1
squad,595,56d9bdc1dc89441400fdb769,5,top_heavy_shuffled,"[40, 80, 30, 150, 50]",0,0.0,1
squad,596,56d9bdc1dc89441400fdb76a,5,top_heavy_shuffled,"[30, 40, 50, 80, 150]",0,0.6666666666666666,1
squad,597,56bec38b3aeaaa14008c9397,5,top_heavy_shuffled,"[80, 30, 40, 50, 150]",1,1.0,1
squad,598,56bec38b3aeaaa14008c9398,5,top_heavy_shuffled,"[40, 80, 30, 50, 150]",1,1.0,1
squad,599,56bec38b3aeaaa14008c9399,5,top_heavy_shuffled,"[80, 150, 40, 50, 30]",1,1.0,1
squad,600,56bec38b3aeaaa14008c939a,5,top_heavy_shuffled,"[150, 40, 50, 30, 80]",1,1.0,1
squad,601,56bf71e73aeaaa14008c963f,5,top_heavy_shuffled,"[80, 150, 40, 50, 30]",0,0.0,0
squad,602,56bf71e73aeaaa14008c9640,5,top_heavy_shuffled,"[50, 30, 40, 150, 80]",1,1.0,1
squad,603,56d722330d65d214001983a6,5,top_heavy_shuffled,"[150, 40, 30, 80, 50]",1,1.0,1
squad,604,56d722330d65d214001983a7,5,top_heavy_shuffled,"[150, 80, 50, 30, 40]",1,1.0,1
squad,605,56d722330d65d214001983a8,5,top_heavy_shuffled,"[80, 150, 30, 50, 40]",1,1.0,1
squad,606,56d9be16dc89441400fdb770,5,top_heavy_shuffled,"[80, 50, 150, 40, 30]",0,0.0,1
squad,607,56d9be16dc89441400fdb771,5,top_heavy_shuffled,"[40, 50, 80, 30, 150]",0,0.0,0
squad,608,56bec4343aeaaa14008c93a9,5,top_heavy_shuffled,"[150, 50, 80, 30, 40]",1,1.0,1
squad,609,56bec4343aeaaa14008c93aa,5,top_heavy_shuffled,"[30, 80, 40, 50, 150]",0,0.0,1
squad,610,56bec4343aeaaa14008c93ab,5,top_heavy_shuffled,"[40, 150, 50, 80, 30]",0,0.0,1
squad,611,56bec4343aeaaa14008c93ac,5,top_heavy_shuffled,"[40, 30, 80, 150, 50]",0,0.0,1
squad,612,56d723560d65d214001983ac,5,top_heavy_shuffled,"[40, 80, 30, 150, 50]",0,0.0,1
squad,613,56d723560d65d214001983ad,5,top_heavy_shuffled,"[50, 80, 150, 30, 40]",0,0.0,1
squad,614,56d723560d65d214001983ae,5,top_heavy_shuffled,"[40, 150, 30, 80, 50]",0,0.0,1
squad,615,56d723560d65d214001983af,5,top_heavy_shuffled,"[50, 150, 30, 80, 40]",0,0.0,1
squad,616,56d9bf70dc89441400fdb77b,5,top_heavy_shuffled,"[80, 150, 30, 50, 40]",0,0.6666666666666666,1
squad,617,56d9bf70dc89441400fdb77c,5,top_heavy_shuffled,"[80, 30, 40, 150, 50]",0,0.0,1
squad,618,56d9bf70dc89441400fdb77d,5,top_heavy_shuffled,"[40, 80, 50, 150, 30]",0,0.15384615384615385,1
squad,619,56bec4a33aeaaa14008c93b1,5,top_heavy_shuffled,"[30, 40, 50, 80, 150]",0,0.0,0
squad,620,56bec4a33aeaaa14008c93b2,5,top_heavy_shuffled,"[50, 150, 30, 40, 80]",1,1.0,1
squad,621,56bec4a33aeaaa14008c93b3,5,top_heavy_shuffled,"[80, 150, 50, 30, 40]",1,1.0,1
squad,622,56bec4a33aeaaa14008c93b4,5,top_heavy_shuffled,"[30, 80, 50, 40, 150]",0,0.0,1
squad,623,56bec4a33aeaaa14008c93b5,5,top_heavy_shuffled,"[40, 30, 150, 50, 80]",0,0.0,1
squad,624,56bf738b3aeaaa14008c9655,5,top_heavy_shuffled,"[30, 50, 80, 150, 40]",0,0.0,0
squad,625,56bf738b3aeaaa14008c9656,5,top_heavy_shuffled,"[50, 30, 40, 80, 150]",0,0.0,0
squad,626,56d723ad0d65d214001983b4,5,top_heavy_shuffled,"[150, 30, 80, 40, 50]",1,1.0,1
squad,627,56d723ad0d65d214001983b5,5,top_heavy_shuffled,"[150, 30, 50, 80, 40]",0,0.0,1
squad,628,56d723ad0d65d214001983b8,5,top_heavy_shuffled,"[80, 30, 50, 150, 40]",1,1.0,1
squad,629,56d9c049dc89441400fdb78e,5,top_heavy_shuffled,"[80, 50, 150, 30, 40]",0,0.0,1
squad,630,56d9c049dc89441400fdb78f,5,top_heavy_shuffled,"[40, 50, 150, 80, 30]",1,1.0,1
squad,631,56d9c049dc89441400fdb790,5,top_heavy_shuffled,"[80, 40, 30, 150, 50]",0,0.37037037037037035,1
squad,632,56d9c049dc89441400fdb791,5,top_heavy_shuffled,"[150, 40, 50, 30, 80]",1,1.0,1
squad,633,56d9c049dc89441400fdb792,5,top_heavy_shuffled,"[80, 40, 30, 50, 150]",0,0.0,1
squad,634,56bec5233aeaaa14008c93cf,5,top_heavy_shuffled,"[30, 80, 40, 150, 50]",0,0.0,1
squad,635,56bec5233aeaaa14008c93d0,5,top_heavy_shuffled,"[40, 30, 80, 150, 50]",0,0.0,1
squad,636,56bec5233aeaaa14008c93d1,5,top_heavy_shuffled,"[40, 150, 30, 50, 80]",0,0.5,1
squad,637,56bec5233aeaaa14008c93d2,5,top_heavy_shuffled,"[150, 40, 30, 80, 50]",1,1.0,1
squad,638,56bec5233aeaaa14008c93d3,5,top_heavy_shuffled,"[40, 30, 50, 150, 80]",0,0.0,1
squad,639,56d724620d65d214001983be,5,top_heavy_shuffled,"[150, 50, 30, 40, 80]",0,0.0,1
squad,640,56d724620d65d214001983bf,5,top_heavy_shuffled,"[50, 80, 30, 150, 40]",0,0.0,1
squad,641,56d724620d65d214001983c0,5,top_heavy_shuffled,"[150, 80, 30, 50, 40]",1,1.0,1
squad,642,56d724620d65d214001983c1,5,top_heavy_shuffled,"[80, 50, 150, 30, 40]",0,0.0,1
squad,643,56d9c203dc89441400fdb7a0,5,top_heavy_shuffled,"[150, 40, 50, 30, 80]",0,0.2,0
squad,644,56d9c203dc89441400fdb7a3,5,top_heavy_shuffled,"[40, 50, 80, 150, 30]",1,1.0,1
squad,645,56bec5ff3aeaaa14008c93e3,5,top_heavy_shuffled,"[50, 40, 30, 80, 150]",0,0.6153846153846153,1
squad,646,56bec5ff3aeaaa14008c93e4,5,top_heavy_shuffled,"[150, 80, 40, 30, 50]",0,0.6153846153846153,1
squad,647,56bec5ff3aeaaa14008c93e5,5,top_heavy_shuffled,"[150, 50, 80, 30, 40]",0,0.0,1
squad,648,56d724ea0d65d214001983c8,5,top_heavy_shuffled,"[150, 40, 80, 30, 50]",0,0.0,0
squad,649,56d724ea0d65d214001983c9,5,top_heavy_shuffled,"[40, 50, 150, 30, 80]",1,1.0,1
squad,650,56bec6573aeaaa14008c93e9,5,top_heavy_shuffled,"[40, 50, 30, 80, 150]",0,0.0,1
squad,651,56bec6573aeaaa14008c93ea,5,top_heavy_shuffled,"[150, 50, 30, 80, 40]",0,0.0,1
squad,652,56bec6573aeaaa14008c93eb,5,top_heavy_shuffled,"[80, 50, 150, 40, 30]",0,0.0,1
squad,653,56bec6573aeaaa14008c93ec,5,top_heavy_shuffled,"[80, 50, 30, 150, 40]",0,0.0,1
squad,654,56bec6573aeaaa14008c93ed,5,top_heavy_shuffled,"[30, 50, 40, 80, 150]",1,1.0,1
squad,655,56d7251d0d65d214001983cc,5,top_heavy_shuffled,"[40, 30, 150, 50, 80]",1,1.0,1
squad,656,56d7251d0d65d214001983cd,5,top_heavy_shuffled,"[50, 30, 40, 150, 80]",0,0.0,1
squad,657,56d7251d0d65d214001983cf,5,top_heavy_shuffled,"[80, 150, 30, 40, 50]",0,0.0,1
squad,658,56d9c3a6dc89441400fdb7b4,5,top_heavy_shuffled,"[80, 50, 150, 40, 30]",0,0.0,1
squad,659,56d9c3a6dc89441400fdb7b5,5,top_heavy_shuffled,"[80, 40, 50, 150, 30]",0,0.0,1
squad,660,56d9c3a6dc89441400fdb7b6,5,top_heavy_shuffled,"[50, 80, 30, 40, 150]",0,0.0,1
squad,661,56d9c3a6dc89441400fdb7b7,5,top_heavy_shuffled,"[50, 150, 30, 80, 40]",0,0.0,1
squad,662,56d9c3a6dc89441400fdb7b8,5,top_heavy_shuffled,"[50, 80, 40, 30, 150]",0,0.0,1
squad,663,56bec6ac3aeaaa14008c93fd,5,top_heavy_shuffled,"[150, 40, 50, 30, 80]",1,1.0,1
squad,664,56bec6ac3aeaaa14008c93fe,5,top_heavy_shuffled,"[40, 150, 50, 30, 80]",1,1.0,1
squad,665,56bec6ac3aeaaa14008c93ff,5,top_heavy_shuffled,"[30, 40, 80, 150, 50]",0,0.1818181818181818,1
squad,666,56bec6ac3aeaaa14008c9400,5,top_heavy_shuffled,"[50, 40, 80, 30, 150]",0,0.0,1
squad,667,56bec6ac3aeaaa14008c9401,5,top_heavy_shuffled,"[50, 40, 30, 80, 150]",0,0.8571428571428571,1
squad,668,56d20650e7d4791d00902614,5,top_heavy_shuffled,"[30, 40, 150, 50, 80]",1,1.0,1
squad,669,56d20650e7d4791d00902615,5,top_heavy_shuffled,"[50, 30, 150, 80, 40]",1,1.0,1
squad,670,56d7253b0d65d214001983d4,5,top_heavy_shuffled,"[30, 80, 50, 40, 150]",0,0.0,0
squad,671,56d7253b0d65d214001983d5,5,top_heavy_shuffled,"[150, 80, 50, 40, 30]",1,1.0,1
squad,672,56d9c455dc89441400fdb7c4,5,top_heavy_shuffled,"[150, 50, 40, 30, 80]",0,0.0,0
squad,673,56d9c455dc89441400fdb7c5,5,top_heavy_shuffled,"[50, 30, 40, 150, 80]",1,1.0,1
squad,674,56d9c455dc89441400fdb7c6,5,top_heavy_shuffled,"[50, 40, 80, 150, 30]",1,1.0,1
squad,675,56bec7353aeaaa14008c940d,5,top_heavy_shuffled,"[30, 80, 50, 40, 150]",1,1.0,1
squad,676,56bec7353aeaaa14008c940e,5,top_heavy_shuffled,"[40, 80, 50, 150, 30]",1,1.0,1
squad,677,56bec7353aeaaa14008c940f,5,top_heavy_shuffled,"[50, 30, 150, 80, 40]",0,0.6666666666666666,1
squad,678,56bec7353aeaaa14008c9410,5,top_heavy_shuffled,"[150, 80, 40, 30, 50]",1,1.0,1
squad,679,56bec7353aeaaa14008c9411,5,top_heavy_shuffled,"[150, 40, 30, 50, 80]",0,0.6666666666666666,1
squad,680,56d725790d65d214001983d8,5,top_heavy_shuffled,"[40, 80, 30, 50, 150]",0,0.0,1
squad,681,56d725790d65d214001983da,5,top_heavy_shuffled,"[50, 80, 150, 40, 30]",0,0.0,1
squad,682,56d725790d65d214001983db,5,top_heavy_shuffled,"[80, 40, 50, 150, 30]",0,0.0,1
squad,683,56d9c551dc89441400fdb7d0,5,top_heavy_shuffled,"[30, 50, 80, 150, 40]",1,1.0,1
squad,684,56d9c551dc89441400fdb7d1,5,top_heavy_shuffled,"[150, 50, 40, 80, 30]",1,1.0,1
squad,685,56d9c551dc89441400fdb7d2,5,top_heavy_shuffled,"[30, 80, 40, 50, 150]",0,0.0,1
squad,686,56d9c551dc89441400fdb7d3,5,top_heavy_shuffled,"[80, 40, 50, 30, 150]",1,1.0,1
squad,687,56bec7a63aeaaa14008c9417,5,top_heavy_shuffled,"[40, 50, 150, 30, 80]",1,1.0,1
squad,688,56bec7a63aeaaa14008c9418,5,top_heavy_shuffled,"[80, 150, 30, 50, 40]",0,0.0,1
squad,689,56bec7a63aeaaa14008c9419,5,top_heavy_shuffled,"[30, 40, 150, 80, 50]",0,0.0,1
squad,690,56bec7a63aeaaa14008c941a,5,top_heavy_shuffled,"[80, 30, 40, 50, 150]",0,0.0,1
squad,691,56bec7a63aeaaa14008c941b,5,top_heavy_shuffled,"[80, 40, 150, 50, 30]",0,0.0,1
squad,692,56d728a10d65d21400198413,5,top_heavy_shuffled,"[80, 30, 40, 150, 50]",0,0.0,1
squad,693,56d728a10d65d21400198414,5,top_heavy_shuffled,"[80, 30, 150, 50, 40]",0,0.0,1
squad,694,56d728a10d65d21400198415,5,top_heavy_shuffled,"[30, 40, 150, 80, 50]",0,0.0,0
squad,695,56d728a10d65d21400198416,5,top_heavy_shuffled,"[40, 30, 50, 150, 80]",0,0.0,0
squad,696,56d9c5e7dc89441400fdb7d8,5,top_heavy_shuffled,"[50, 30, 40, 80, 150]",1,1.0,1
squad,697,56d9c5e7dc89441400fdb7d9,5,top_heavy_shuffled,"[80, 30, 150, 50, 40]",1,1.0,1
squad,698,56d9c5e7dc89441400fdb7da,5,top_heavy_shuffled,"[30, 80, 50, 150, 40]",1,1.0,1
squad,699,56d9c5e7dc89441400fdb7db,5,top_heavy_shuffled,"[30, 40, 150, 50, 80]",0,0.0,1
squad,700,56d9c5e7dc89441400fdb7dc,5,top_heavy_shuffled,"[80, 150, 30, 50, 40]",0,0.0,1
squad,701,56bec8243aeaaa14008c942b,5,top_heavy_shuffled,"[150, 40, 30, 50, 80]",1,1.0,1
squad,702,56bec8243aeaaa14008c942c,5,top_heavy_shuffled,"[40, 80, 50, 150, 30]",1,1.0,1
squad,703,56bec8243aeaaa14008c942d,5,top_heavy_shuffled,"[30, 80, 150, 40, 50]",1,1.0,1
squad,704,56bec8243aeaaa14008c942e,5,top_heavy_shuffled,"[80, 50, 30, 40, 150]",0,0.0,1
squad,705,56bec8243aeaaa14008c942f,5,top_heavy_shuffled,"[50, 80, 150, 30, 40]",0,0.6666666666666666,1
squad,706,56d728e00d65d2140019841c,5,top_heavy_shuffled,"[150, 30, 50, 80, 40]",0,0.0,1
squad,707,56d728e00d65d2140019841d,5,top_heavy_shuffled,"[40, 50, 80, 30, 150]",0,0.0,1
squad,708,56d728e00d65d2140019841e,5,top_heavy_shuffled,"[30, 50, 150, 80, 40]",0,0.0,1
squad,709,56d728e00d65d2140019841f,5,top_heavy_shuffled,"[80, 30, 50, 150, 40]",0,0.0,1
squad,710,56d728e00d65d21400198420,5,top_heavy_shuffled,"[80, 150, 40, 50, 30]",0,0.0,1
squad,711,56d9c660dc89441400fdb7e7,5,top_heavy_shuffled,"[30, 80, 50, 150, 40]",0,0.0,1
squad,712,56d9c660dc89441400fdb7e8,5,top_heavy_shuffled,"[30, 40, 50, 80, 150]",0,0.0,1
squad,713,56d9c660dc89441400fdb7e9,5,top_heavy_shuffled,"[150, 80, 30, 40, 50]",1,1.0,1
squad,714,56d9c660dc89441400fdb7ea,5,top_heavy_shuffled,"[30, 40, 50, 80, 150]",0,0.6666666666666666,1
squad,715,56bec8a13aeaaa14008c9435,5,top_heavy_shuffled,"[50, 40, 30, 80, 150]",1,1.0,1
squad,716,56bec8a13aeaaa14008c9436,5,top_heavy_shuffled,"[150, 30, 50, 40, 80]",0,0.0,0
squad,717,56bec8a13aeaaa14008c9437,5,top_heavy_shuffled,"[50, 150, 80, 40, 30]",0,0.0,1
squad,718,56bec8a13aeaaa14008c9438,5,top_heavy_shuffled,"[80, 40, 50, 30, 150]",0,0.0,1
squad,719,56bec8a13aeaaa14008c9439,5,top_heavy_shuffled,"[50, 30, 150, 80, 40]",0,0.0,1
squad,720,56d729180d65d21400198426,5,top_heavy_shuffled,"[150, 40, 80, 30, 50]",1,1.0,1
squad,721,56d729180d65d21400198427,5,top_heavy_shuffled,"[150, 80, 50, 30, 40]",1,1.0,1
squad,722,56d729180d65d21400198428,5,top_heavy_shuffled,"[30, 150, 80, 50, 40]",0,0.0,1
squad,723,56d729180d65d21400198429,5,top_heavy_shuffled,"[40, 80, 50, 30, 150]",0,0.0,1
squad,724,56d729180d65d2140019842a,5,top_heavy_shuffled,"[150, 80, 50, 30, 40]",0,0.0,1
squad,725,56d9c6e0dc89441400fdb7f0,5,top_heavy_shuffled,"[50, 40, 150, 80, 30]",1,1.0,1
squad,726,56d9c6e0dc89441400fdb7f4,5,top_heavy_shuffled,"[80, 150, 40, 30, 50]",0,0.0,1
squad,727,56bec9133aeaaa14008c9445,5,top_heavy_shuffled,"[50, 150, 30, 40, 80]",1,1.0,1
squad,728,56bec9133aeaaa14008c9446,5,top_heavy_shuffled,"[30, 50, 40, 80, 150]",1,1.0,1
squad,729,56bec9133aeaaa14008c9447,5,top_heavy_shuffled,"[150, 80, 30, 40, 50]",1,1.0,1
squad,730,56bec9133aeaaa14008c9448,5,top_heavy_shuffled,"[80, 50, 150, 40, 30]",0,0.0,1
squad,731,56bec9133aeaaa14008c9449,5,top_heavy_shuffled,"[150, 40, 30, 50, 80]",0,0.0,1
squad,732,56d729ec0d65d21400198430,5,top_heavy_shuffled,"[150, 80, 40, 30, 50]",1,1.0,1
squad,733,56d729ec0d65d21400198431,5,top_heavy_shuffled,"[50, 30, 150, 40, 80]",1,1.0,1
squad,734,56d729ec0d65d21400198432,5,top_heavy_shuffled,"[30, 80, 150, 40, 50]",0,0.0,1
squad,735,56d729ec0d65d21400198434,5,top_heavy_shuffled,"[40, 50, 30, 80, 150]",0,0.0,1
squad,736,56d9c79edc89441400fdb804,5,top_heavy_shuffled,"[50, 150, 30, 40, 80]",0,0.0,1
squad,737,56d9c79edc89441400fdb805,5,top_heavy_shuffled,"[50, 80, 150, 40, 30]",0,0.6666666666666666,1
squad,738,56d9c79edc89441400fdb806,5,top_heavy_shuffled,"[50, 40, 150, 30, 80]",0,0.0,1
squad,739,56d9c79edc89441400fdb807,5,top_heavy_shuffled,"[50, 80, 30, 40, 150]",0,0.0,0
squad,740,56d9c79edc89441400fdb808,5,top_heavy_shuffled,"[150, 30, 50, 80, 40]",0,0.0,1
squad,741,56bec98e3aeaaa14008c9455,5,top_heavy_shuffled,"[50, 80, 40, 30, 150]",1,1.0,1
squad,742,56bec98e3aeaaa14008c9456,5,top_heavy_shuffled,"[150, 80, 50, 40, 30]",1,1.0,1
squad,743,56bec98e3aeaaa14008c9457,5,top_heavy_shuffled,"[80, 30, 50, 150, 40]",0,0.0,1
squad,744,56bec98e3aeaaa14008c9458,5,top_heavy_shuffled,"[40, 50, 150, 80, 30]",0,0.0,1
squad,745,56bec98e3aeaaa14008c9459,5,top_heavy_shuffled,"[50, 150, 80, 40, 30]",0,0.0,1
squad,746,56d7282f0d65d21400198408,5,top_heavy_shuffled,"[30, 40, 80, 50, 150]",1,1.0,1
squad,747,56d7282f0d65d21400198409,5,top_heavy_shuffled,"[150, 80, 40, 30, 50]",1,1.0,1
squad,748,56d7282f0d65d2140019840a,5,top_heavy_shuffled,"[50, 30, 40, 150, 80]",0,0.0,1
squad,749,56d7282f0d65d2140019840c,5,top_heavy_shuffled,"[50, 40, 150, 30, 80]",0,0.0,1
squad,750,56d9c92bdc89441400fdb80e,5,top_heavy_shuffled,"[40, 150, 30, 80, 50]",0,0.0,0
squad,751,56d9c92bdc89441400fdb80f,5,top_heavy_shuffled,"[80, 150, 50, 30, 40]",0,0.0,1
squad,752,56d9c92bdc89441400fdb810,5,top_heavy_shuffled,"[80, 30, 50, 150, 40]",1,1.0,1
squad,753,56d9c92bdc89441400fdb811,5,top_heavy_shuffled,"[150, 40, 30, 50, 80]",0,0.0,1
squad,754,56bec9e83aeaaa14008c945f,5,top_heavy_shuffled,"[30, 40, 50, 80, 150]",1,1.0,1
squad,755,56bec9e83aeaaa14008c9460,5,top_heavy_shuffled,"[50, 30, 40, 80, 150]",0,0.0,1
squad,756,56bec9e83aeaaa14008c9461,5,top_heavy_shuffled,"[150, 80, 30, 50, 40]",0,0.0,1
squad,757,56bec9e83aeaaa14008c9462,5,top_heavy_shuffled,"[80, 30, 40, 150, 50]",0,0.6666666666666666,1
squad,758,56d7261e0d65d214001983e0,5,top_heavy_shuffled,"[30, 40, 150, 50, 80]",0,0.6666666666666666,1
squad,759,56d7261e0d65d214001983e1,5,top_heavy_shuffled,"[30, 150, 40, 50, 80]",0,0.0,1
squad,760,56d7261e0d65d214001983e2,5,top_heavy_shuffled,"[150, 40, 30, 80, 50]",0,0.5714285714285715,1
squad,761,56d7261e0d65d214001983e4,5,top_heavy_shuffled,"[50, 30, 80, 150, 40]",0,0.0,1
squad,762,56d9ca0adc89441400fdb820,5,top_heavy_shuffled,"[50, 30, 150, 40, 80]",1,1.0,1
squad,763,56d9ca0adc89441400fdb821,5,top_heavy_shuffled,"[150, 80, 50, 30, 40]",0,0.0,1
squad,764,56d9ca0adc89441400fdb822,5,top_heavy_shuffled,"[50, 80, 150, 30, 40]",0,0.0,1
squad,765,56d9ca0adc89441400fdb823,5,top_heavy_shuffled,"[50, 150, 80, 40, 30]",0,0.0,1
squad,766,56beca913aeaaa14008c946d,5,top_heavy_shuffled,"[40, 80, 50, 150, 30]",1,1.0,1
squad,767,56beca913aeaaa14008c946e,5,top_heavy_shuffled,"[150, 80, 50, 30, 40]",0,0.0,1
squad,768,56beca913aeaaa14008c946f,5,top_heavy_shuffled,"[30, 40, 50, 150, 80]",0,0.0,1
squad,769,56beca913aeaaa14008c9470,5,top_heavy_shuffled,"[80, 30, 40, 50, 150]",0,0.0,1
squad,770,56beca913aeaaa14008c9471,5,top_heavy_shuffled,"[150, 50, 40, 30, 80]",0,0.0,1
squad,771,56d726b60d65d214001983ea,5,top_heavy_shuffled,"[150, 40, 30, 80, 50]",1,1.0,1
squad,772,56d726b60d65d214001983eb,5,top_heavy_shuffled,"[50, 150, 30, 80, 40]",1,1.0,1
squad,773,56d726b60d65d214001983ec,5,top_heavy_shuffled,"[80, 150, 40, 50, 30]",0,0.0,1
squad,774,56d726b60d65d214001983ed,5,top_heavy_shuffled,"[80, 40, 30, 150, 50]",0,0.0,1
squad,775,56d726b60d65d214001983ee,5,top_heavy_shuffled,"[40, 50, 30, 80, 150]",0,0.0,1
squad,776,56d9cb47dc89441400fdb832,5,top_heavy_shuffled,"[150, 50, 30, 40, 80]",0,0.0,1
squad,777,56d9cb47dc89441400fdb833,5,top_heavy_shuffled,"[150, 30, 80, 50, 40]",1,1.0,1
squad,778,56d9cb47dc89441400fdb834,5,top_heavy_shuffled,"[40, 150, 50, 30, 80]",0,0.0,1
squad,779,56d9cb47dc89441400fdb835,5,top_heavy_shuffled,"[80, 50, 40, 150, 30]",0,0.0,1
squad,780,56d9cb47dc89441400fdb836,5,top_heavy_shuffled,"[50, 40, 80, 150, 30]",0,0.0,1
squad,781,56becaf93aeaaa14008c9481,5,top_heavy_shuffled,"[80, 50, 40, 150, 30]",0,0.0,1
squad,782,56becaf93aeaaa14008c9482,5,top_heavy_shuffled,"[50, 150, 40, 30, 80]",0,0.0,1
squad,783,56becaf93aeaaa14008c9483,5,top_heavy_shuffled,"[40, 50, 150, 80, 30]",0,0.0,1
squad,784,56becaf93aeaaa14008c9484,5,top_heavy_shuffled,"[30, 50, 40, 80, 150]",0,0.0,0
squad,785,56becaf93aeaaa14008c9485,5,top_heavy_shuffled,"[150, 80, 30, 40, 50]",0,0.0,0
squad,786,56d7270c0d65d214001983f4,5,top_heavy_shuffled,"[30, 40, 80, 150, 50]",0,0.0,0
squad,787,56d7270c0d65d214001983f5,5,top_heavy_shuffled,"[80, 150, 30, 40, 50]",0,0.0,1
squad,788,56d7270c0d65d214001983f6,5,top_heavy_shuffled,"[40, 30, 50, 80, 150]",1,1.0,1
squad,789,56d7270c0d65d214001983f7,5,top_heavy_shuffled,"[150, 50, 40, 30, 80]",1,1.0,1
squad,790,56d7270c0d65d214001983f8,5,top_heavy_shuffled,"[150, 80, 30, 50, 40]",0,0.0,0
squad,791,56d9ccacdc89441400fdb842,5,top_heavy_shuffled,"[50, 150, 30, 40, 80]",0,0.0,0
squad,792,56d9ccacdc89441400fdb843,5,top_heavy_shuffled,"[30, 80, 40, 50, 150]",0,0.0,0
squad,793,56d9ccacdc89441400fdb844,5,top_heavy_shuffled,"[30, 150, 50, 40, 80]",0,0.0,0
squad,794,56d9ccacdc89441400fdb845,5,top_heavy_shuffled,"[50, 30, 80, 150, 40]",0,0.0,0
squad,795,56d9ccacdc89441400fdb846,5,top_heavy_shuffled,"[30, 150, 80, 40, 50]",0,0.0,1
squad,796,56becb823aeaaa14008c948b,5,top_heavy_shuffled,"[50, 30, 40, 150, 80]",0,0.0,1
squad,797,56becb823aeaaa14008c948c,5,top_heavy_shuffled,"[50, 150, 80, 40, 30]",1,1.0,1
squad,798,56becb823aeaaa14008c948d,5,top_heavy_shuffled,"[80, 30, 50, 150, 40]",1,1.0,1
squad,799,56becb823aeaaa14008c948e,5,top_heavy_shuffled,"[40, 80, 50, 150, 30]",0,0.0,1
squad,800,56becb823aeaaa14008c948f,5,top_heavy_shuffled,"[30, 40, 50, 150, 80]",0,0.6666666666666666,1
squad,801,56d7277c0d65d214001983fe,5,top_heavy_shuffled,"[50, 150, 80, 40, 30]",0,0.5,1
squad,802,56d7277c0d65d214001983ff,5,top_heavy_shuffled,"[30, 40, 150, 50, 80]",0,0.0,1
squad,803,56d7277c0d65d21400198401,5,top_heavy_shuffled,"[50, 30, 80, 40, 150]",0,0.0,1
squad,804,56d7277c0d65d21400198402,5,top_heavy_shuffled,"[40, 50, 30, 80, 150]",1,1.0,1
squad,805,56d9cd9adc89441400fdb84c,5,top_heavy_shuffled,"[40, 30, 80, 50, 150]",0,0.0,1
squad,806,56d9cd9adc89441400fdb84d,5,top_heavy_shuffled,"[50, 80, 30, 40, 150]",1,1.0,1
squad,807,56d9cd9adc89441400fdb84e,5,top_heavy_shuffled,"[150, 50, 80, 40, 30]",1,1.0,1
squad,808,56d9cd9adc89441400fdb84f,5,top_heavy_shuffled,"[50, 30, 80, 150, 40]",0,0.0,1
squad,809,56d9cd9adc89441400fdb850,5,top_heavy_shuffled,"[40, 30, 150, 50, 80]",0,0.0,1
squad,810,5733a5f54776f41900660f45,5,top_heavy_shuffled,"[40, 150, 50, 30, 80]",0,0.0,1
squad,811,5733a5f54776f41900660f48,5,top_heavy_shuffled,"[40, 50, 80, 150, 30]",0,0.0,1
squad,812,5733a5f54776f41900660f44,5,top_heavy_shuffled,"[40, 150, 30, 80, 50]",0,0.0,1
squad,813,5733a5f54776f41900660f46,5,top_heavy_shuffled,"[80, 40, 30, 50, 150]",0,0.0,1
squad,814,5733a5f54776f41900660f47,5,top_heavy_shuffled,"[40, 80, 30, 50, 150]",0,0.0,1
squad,815,57336755d058e614000b5a3d,5,top_heavy_shuffled,"[30, 40, 50, 150, 80]",1,1.0,1
squad,816,57336755d058e614000b5a3f,5,top_heavy_shuffled,"[40, 150, 30, 80, 50]",0,0.4,1
squad,817,57336755d058e614000b5a3c,5,top_heavy_shuffled,"[150, 80, 40, 30, 50]",1,1.0,1
squad,818,57336755d058e614000b5a3e,5,top_heavy_shuffled,"[30, 80, 150, 50, 40]",0,0.0,1
squad,819,57336755d058e614000b5a40,5,top_heavy_shuffled,"[40, 150, 30, 80, 50]",0,0.0,1
squad,820,57337ddc4776f41900660bbb,5,top_heavy_shuffled,"[30, 40, 50, 150, 80]",0,0.11764705882352941,1
squad,821,57337ddc4776f41900660bbc,5,top_heavy_shuffled,"[40, 80, 30, 150, 50]",0,0.0,1
squad,822,57337ddc4776f41900660bba,5,top_heavy_shuffled,"[30, 80, 40, 50, 150]",1,1.0,1
squad,823,57337ddc4776f41900660bbd,5,top_heavy_shuffled,"[80, 30, 150, 40, 50]",0,0.0,1
squad,824,57337ddc4776f41900660bbe,5,top_heavy_shuffled,"[30, 150, 40, 50, 80]",0,0.2,1
squad,825,57337ea24776f41900660bd0,5,top_heavy_shuffled,"[80, 50, 150, 40, 30]",0,0.0,1
squad,826,57337ea24776f41900660bd3,5,top_heavy_shuffled,"[80, 150, 40, 50, 30]",0,0.0,1
squad,827,57337ea24776f41900660bd2,5,top_heavy_shuffled,"[50, 30, 80, 40, 150]",0,0.0,1
squad,828,57337ea24776f41900660bd1,5,top_heavy_shuffled,"[40, 150, 80, 30, 50]",1,1.0,1
squad,829,57337ea24776f41900660bd4,5,top_heavy_shuffled,"[50, 80, 150, 40, 30]",0,0.0,1
squad,830,57339555d058e614000b5df4,5,top_heavy_shuffled,"[150, 40, 50, 80, 30]",1,1.0,1
squad,831,57339555d058e614000b5df5,5,top_heavy_shuffled,"[50, 80, 150, 30, 40]",0,0.0,1
squad,832,57339555d058e614000b5df6,5,top_heavy_shuffled,"[40, 50, 80, 150, 30]",0,0.0,1
squad,833,57339555d058e614000b5df3,5,top_heavy_shuffled,"[80, 40, 30, 150, 50]",1,1.0,1
squad,834,57339555d058e614000b5df7,5,top_heavy_shuffled,"[50, 30, 80, 40, 150]",0,0.20000000000000004,1
squad,835,57339902d058e614000b5e70,5,top_heavy_shuffled,"[30, 40, 80, 50, 150]",1,1.0,1
squad,836,57339902d058e614000b5e71,5,top_heavy_shuffled,"[30, 50, 40, 150, 80]",1,1.0,1
squad,837,57339902d058e614000b5e72,5,top_heavy_shuffled,"[150, 40, 80, 30, 50]",0,0.0,1
squad,838,57339902d058e614000b5e73,5,top_heavy_shuffled,"[150, 50, 30, 80, 40]",1,1.0,1
squad,839,57339902d058e614000b5e74,5,top_heavy_shuffled,"[30, 50, 40, 80, 150]",0,0.0,1
squad,840,573399b54776f41900660e64,5,top_heavy_shuffled,"[40, 150, 50, 30, 80]",1,1.0,1
squad,841,573399b54776f41900660e65,5,top_heavy_shuffled,"[150, 30, 40, 80, 50]",0,0.5,1
squad,842,573399b54776f41900660e66,5,top_heavy_shuffled,"[50, 80, 40, 30, 150]",0,0.0,1
squad,843,573399b54776f41900660e67,5,top_heavy_shuffled,"[80, 50, 30, 150, 40]",0,0.0,1
squad,844,57339a554776f41900660e74,5,top_heavy_shuffled,"[40, 50, 30, 80, 150]",1,1.0,1
squad,845,57339a554776f41900660e75,5,top_heavy_shuffled,"[150, 40, 80, 50, 30]",1,1.0,1
squad,846,57339a554776f41900660e76,5,top_heavy_shuffled,"[40, 150, 80, 50, 30]",0,0.22222222222222224,1
squad,847,57339a554776f41900660e77,5,top_heavy_shuffled,"[50, 40, 80, 30, 150]",0,0.0,1
squad,848,57339a554776f41900660e78,5,top_heavy_shuffled,"[50, 150, 40, 30, 80]",0,0.0,1
squad,849,57339ad74776f41900660e86,5,top_heavy_shuffled,"[40, 150, 50, 30, 80]",1,1.0,1
squad,850,57339ad74776f41900660e87,5,top_heavy_shuffled,"[150, 30, 40, 50, 80]",0,0.0,0
squad,851,57339ad74776f41900660e88,5,top_heavy_shuffled,"[50, 80, 30, 40, 150]",0,0.08333333333333333,1
squad,852,57339ad74776f41900660e89,5,top_heavy_shuffled,"[30, 50, 150, 80, 40]",0,0.0,1
squad,853,57339ad74776f41900660e8a,5,top_heavy_shuffled,"[80, 50, 30, 150, 40]",1,1.0,1
squad,854,57339c16d058e614000b5ec5,5,top_heavy_shuffled,"[40, 80, 150, 30, 50]",1,1.0,1
squad,855,57339c16d058e614000b5ec6,5,top_heavy_shuffled,"[150, 30, 40, 80, 50]",0,0.0,1
squad,856,57339c16d058e614000b5ec7,5,top_heavy_shuffled,"[30, 50, 80, 40, 150]",0,0.8571428571428571,1
squad,857,57339c16d058e614000b5ec8,5,top_heavy_shuffled,"[30, 50, 80, 40, 150]",0,0.0,1
squad,858,57339c16d058e614000b5ec9,5,top_heavy_shuffled,"[150, 40, 80, 50, 30]",1,1.0,1
squad,859,57339dd94776f41900660ecc,5,top_heavy_shuffled,"[40, 50, 30, 80, 150]",0,0.0,1
squad,860,57339dd94776f41900660ecd,5,top_heavy_shuffled,"[50, 150, 40, 30, 80]",1,1.0,1
squad,861,57339dd94776f41900660ece,5,top_heavy_shuffled,"[50, 150, 80, 40, 30]",0,0.0,1
squad,862,57339dd94776f41900660ecf,5,top_heavy_shuffled,"[50, 150, 80, 30, 40]",0,0.0,1
squad,863,57339dd94776f41900660ed0,5,top_heavy_shuffled,"[50, 30, 40, 150, 80]",0,0.0,1
squad,864,57339eb9d058e614000b5ef6,5,top_heavy_shuffled,"[80, 50, 30, 40, 150]",1,1.0,1
squad,865,57339eb9d058e614000b5ef7,5,top_heavy_shuffled,"[50, 40, 150, 80, 30]",1,1.0,1
squad,866,57339eb9d058e614000b5ef8,5,top_heavy_shuffled,"[80, 150, 30, 40, 50]",1,1.0,1
squad,867,57339eb9d058e614000b5ef9,5,top_heavy_shuffled,"[30, 150, 50, 40, 80]",0,0.0,1
squad,868,57339eb9d058e614000b5efa,5,top_heavy_shuffled,"[40, 80, 50, 30, 150]",0,0.0,1
squad,869,5733a1854776f41900660f0a,5,top_heavy_shuffled,"[80, 150, 50, 40, 30]",0,0.6,1
squad,870,5733a1854776f41900660f0b,5,top_heavy_shuffled,"[150, 30, 40, 80, 50]",1,1.0,1
squad,871,5733a1854776f41900660f0c,5,top_heavy_shuffled,"[50, 150, 30, 80, 40]",0,0.5,1
squad,872,5733a1854776f41900660f0d,5,top_heavy_shuffled,"[50, 30, 150, 40, 80]",0,0.2,1
squad,873,5733a1854776f41900660f0e,5,top_heavy_shuffled,"[40, 30, 50, 80, 150]",0,0.0,1
squad,874,5733a2a9d058e614000b5f28,5,top_heavy_shuffled,"[30, 80, 40, 50, 150]",1,1.0,1
squad,875,5733a2a9d058e614000b5f29,5,top_heavy_shuffled,"[40, 80, 50, 150, 30]",1,1.0,1
squad,876,5733a2a9d058e614000b5f2a,5,top_heavy_shuffled,"[150, 80, 50, 30, 40]",1,1.0,1
squad,877,5733a2a9d058e614000b5f2b,5,top_heavy_shuffled,"[30, 40, 50, 150, 80]",0,0.16666666666666666,1
squad,878,5733a2a9d058e614000b5f2c,5,top_heavy_shuffled,"[150, 80, 30, 40, 50]",1,1.0,1
squad,879,5733a32bd058e614000b5f32,5,top_heavy_shuffled,"[40, 50, 150, 30, 80]",1,1.0,1
squad,880,5733a32bd058e614000b5f33,5,top_heavy_shuffled,"[150, 80, 40, 50, 30]",1,1.0,1
squad,881,5733a32bd058e614000b5f34,5,top_heavy_shuffled,"[150, 50, 40, 30, 80]",1,1.0,1
squad,882,5733a32bd058e614000b5f35,5,top_heavy_shuffled,"[50, 30, 80, 40, 150]",0,0.0,1
squad,883,5733a32bd058e614000b5f36,5,top_heavy_shuffled,"[40, 150, 80, 50, 30]",0,0.0,1
squad,884,5733a45d4776f41900660f23,5,top_heavy_shuffled,"[50, 30, 150, 40, 80]",0,0.0,0
squad,885,5733a45d4776f41900660f24,5,top_heavy_shuffled,"[40, 150, 80, 50, 30]",1,1.0,1
squad,886,5733a45d4776f41900660f25,5,top_heavy_shuffled,"[50, 80, 30, 150, 40]",0,0.8571428571428571,1
squad,887,5733a45d4776f41900660f26,5,top_heavy_shuffled,"[50, 40, 150, 30, 80]",0,0.0,1
squad,888,5733a45d4776f41900660f27,5,top_heavy_shuffled,"[80, 40, 30, 50, 150]",0,0.0,1
squad,889,5733a560d058e614000b5f77,5,top_heavy_shuffled,"[150, 50, 30, 80, 40]",1,1.0,1
squad,890,5733a560d058e614000b5f78,5,top_heavy_shuffled,"[150, 80, 50, 40, 30]",1,1.0,1
squad,891,5733a560d058e614000b5f79,5,top_heavy_shuffled,"[50, 40, 150, 80, 30]",0,0.3333333333333333,1
squad,892,5733a560d058e614000b5f7a,5,top_heavy_shuffled,"[40, 30, 150, 50, 80]",0,0.0,1
squad,893,5733a560d058e614000b5f7b,5,top_heavy_shuffled,"[30, 150, 50, 80, 40]",0,0.0,1
squad,894,5733a6ac4776f41900660f58,5,top_heavy_shuffled,"[80, 50, 40, 30, 150]",1,1.0,1
squad,895,5733a6ac4776f41900660f59,5,top_heavy_shuffled,"[150, 50, 40, 30, 80]",1,1.0,1
squad,896,5733a6ac4776f41900660f5a,5,top_heavy_shuffled,"[30, 50, 80, 40, 150]",0,0.0,1
squad,897,5733a6ac4776f41900660f5b,5,top_heavy_shuffled,"[30, 50, 40, 80, 150]",0,0.0,1
squad,898,5733a6ac4776f41900660f5c,5,top_heavy_shuffled,"[150, 30, 80, 40, 50]",1,1.0,1
squad,899,573312fcd058e614000b56e6,5,top_heavy_shuffled,"[80, 50, 30, 150, 40]",1,1.0,1
squad,900,573312fcd058e614000b56e7,5,top_heavy_shuffled,"[80, 150, 30, 50, 40]",1,1.0,1
squad,901,573312fcd058e614000b56e8,5,top_heavy_shuffled,"[80, 30, 40, 50, 150]",0,0.2,1
squad,902,573312fcd058e614000b56e9,5,top_heavy_shuffled,"[80, 30, 50, 150, 40]",0,0.3333333333333333,1
squad,903,573312fcd058e614000b56ea,5,top_heavy_shuffled,"[40, 30, 150, 80, 50]",0,0.0,1
squad,904,5733140a4776f419006606e0,5,top_heavy_shuffled,"[50, 30, 150, 40, 80]",1,1.0,1
squad,905,5733140a4776f419006606e1,5,top_heavy_shuffled,"[50, 80, 40, 150, 30]",1,1.0,1
squad,906,5733140a4776f419006606e2,5,top_heavy_shuffled,"[50, 40, 80, 150, 30]",0,0.0,1
squad,907,5733140a4776f419006606e3,5,top_heavy_shuffled,"[150, 40, 30, 80, 50]",1,1.0,1
squad,908,5733140a4776f419006606e4,5,top_heavy_shuffled,"[30, 40, 150, 80, 50]",0,0.0,1
squad,909,573314e3d058e614000b56f0,5,top_heavy_shuffled,"[80, 150, 40, 50, 30]",1,1.0,1
squad,910,573314e3d058e614000b56f1,5,top_heavy_shuffled,"[80, 40, 50, 150, 30]",0,0.25,0
squad,911,573314e3d058e614000b56f2,5,top_heavy_shuffled,"[50, 80, 30, 40, 150]",0,0.0,1
squad,912,573314e3d058e614000b56f3,5,top_heavy_shuffled,"[150, 30, 40, 50, 80]",0,0.0,1
squad,913,573314e3d058e614000b56f4,5,top_heavy_shuffled,"[30, 50, 40, 150, 80]",0,0.0,1
squad,914,57332442d058e614000b5720,5,top_heavy_shuffled,"[150, 50, 40, 80, 30]",1,1.0,1
squad,915,57332442d058e614000b5721,5,top_heavy_shuffled,"[40, 150, 80, 50, 30]",0,0.0,1
squad,916,57332442d058e614000b5722,5,top_heavy_shuffled,"[150, 40, 30, 80, 50]",0,0.14285714285714285,1
squad,917,57332442d058e614000b5723,5,top_heavy_shuffled,"[40, 80, 150, 30, 50]",0,0.0,1
squad,918,57332442d058e614000b5724,5,top_heavy_shuffled,"[30, 40, 150, 80, 50]",0,0.0,1
squad,919,57332562d058e614000b5730,5,top_heavy_shuffled,"[30, 50, 40, 150, 80]",0,0.0,1
squad,920,57332562d058e614000b5731,5,top_heavy_shuffled,"[80, 50, 40, 150, 30]",0,0.08333333333333333,1
squad,921,57332562d058e614000b5732,5,top_heavy_shuffled,"[150, 80, 40, 50, 30]",0,0.0,1
squad,922,57332562d058e614000b5733,5,top_heavy_shuffled,"[80, 40, 150, 30, 50]",0,0.0,1
squad,923,57332562d058e614000b5734,5,top_heavy_shuffled,"[50, 30, 80, 150, 40]",0,0.0,1
squad,924,5733266d4776f41900660712,5,top_heavy_shuffled,"[30, 150, 40, 50, 80]",1,1.0,1
squad,925,5733266d4776f41900660713,5,top_heavy_shuffled,"[50, 150, 30, 40, 80]",1,1.0,1
squad,926,5733266d4776f41900660714,5,top_heavy_shuffled,"[40, 150, 30, 50, 80]",0,0.0,1
squad,927,5733266d4776f41900660715,5,top_heavy_shuffled,"[30, 80, 50, 40, 150]",0,0.5555555555555556,1
squad,928,5733266d4776f41900660716,5,top_heavy_shuffled,"[80, 50, 30, 150, 40]",0,0.0,1
squad,929,57332a734776f41900660726,5,top_heavy_shuffled,"[80, 30, 40, 150, 50]",0,0.6666666666666666,1
squad,930,57332a734776f41900660727,5,top_heavy_shuffled,"[40, 80, 50, 30, 150]",1,1.0,1
squad,931,57332a734776f41900660728,5,top_heavy_shuffled,"[80, 50, 150, 30, 40]",1,1.0,1
squad,932,57332a734776f41900660729,5,top_heavy_shuffled,"[80, 30, 50, 150, 40]",1,1.0,1
squad,933,57332a734776f4190066072a,5,top_heavy_shuffled,"[40, 150, 80, 30, 50]",1,1.0,1
squad,934,57332b66d058e614000b5758,5,top_heavy_shuffled,"[80, 50, 30, 150, 40]",1,1.0,1
squad,935,57332b66d058e614000b5759,5,top_heavy_shuffled,"[30, 50, 150, 80, 40]",0,0.0,1
squad,936,57332b66d058e614000b575a,5,top_heavy_shuffled,"[50, 150, 30, 40, 80]",0,0.0,1
squad,937,57332b66d058e614000b575b,5,top_heavy_shuffled,"[150, 40, 50, 30, 80]",1,1.0,1
squad,938,57332b66d058e614000b575c,5,top_heavy_shuffled,"[150, 40, 30, 80, 50]",1,1.0,1
squad,939,57332c1e4776f4190066073a,5,top_heavy_shuffled,"[80, 50, 30, 150, 40]",0,0.0,0
squad,940,57332c1e4776f4190066073b,5,top_heavy_shuffled,"[50, 40, 80, 30, 150]",0,0.0,1
squad,941,57332c1e4776f4190066073c,5,top_heavy_shuffled,"[50, 30, 40, 80, 150]",0,0.0,1
squad,942,57332c1e4776f4190066073d,5,top_heavy_shuffled,"[30, 150, 40, 50, 80]",0,0.0,1
squad,943,57332c1e4776f4190066073e,5,top_heavy_shuffled,"[30, 50, 40, 150, 80]",0,0.0,1
squad,944,57332e48d058e614000b5762,5,top_heavy_shuffled,"[150, 40, 80, 50, 30]",1,1.0,1
squad,945,57332e48d058e614000b5763,5,top_heavy_shuffled,"[40, 150, 80, 50, 30]",0,0.1,1
squad,946,57332e48d058e614000b5764,5,top_heavy_shuffled,"[30, 150, 80, 50, 40]",0,0.3333333333333333,1
squad,947,57332e48d058e614000b5765,5,top_heavy_shuffled,"[40, 30, 80, 150, 50]",0,0.0,1
squad,948,57332e48d058e614000b5766,5,top_heavy_shuffled,"[30, 150, 40, 80, 50]",0,0.0,1
squad,949,57332f81d058e614000b5776,5,top_heavy_shuffled,"[80, 40, 50, 150, 30]",0,0.8571428571428571,1
squad,950,57332f81d058e614000b5777,5,top_heavy_shuffled,"[40, 80, 30, 150, 50]",0,0.0,1
squad,951,57332f81d058e614000b5778,5,top_heavy_shuffled,"[40, 150, 80, 50, 30]",0,0.0,1
squad,952,57332f81d058e614000b5779,5,top_heavy_shuffled,"[50, 30, 80, 40, 150]",0,0.0,1
squad,953,57332f81d058e614000b577a,5,top_heavy_shuffled,"[50, 150, 80, 30, 40]",0,0.5714285714285715,1
squad,954,573330444776f41900660758,5,top_heavy_shuffled,"[30, 150, 80, 40, 50]",1,1.0,1
squad,955,573330444776f41900660759,5,top_heavy_shuffled,"[80, 30, 50, 40, 150]",1,1.0,1
squad,956,573330444776f4190066075a,5,top_heavy_shuffled,"[50, 150, 80, 40, 30]",1,1.0,1
squad,957,573330444776f4190066075b,5,top_heavy_shuffled,"[40, 150, 80, 50, 30]",0,0.0,1
squad,958,573330444776f4190066075c,5,top_heavy_shuffled,"[50, 30, 40, 80, 150]",0,0.0,1
squad,959,5733314e4776f4190066076a,5,top_heavy_shuffled,"[30, 80, 50, 40, 150]",1,1.0,1
squad,960,5733314e4776f4190066076b,5,top_heavy_shuffled,"[40, 80, 30, 150, 50]",0,0.0,1
squad,961,5733314e4776f4190066076c,5,top_heavy_shuffled,"[30, 80, 50, 40, 150]",1,1.0,0
squad,962,5733314e4776f4190066076d,5,top_heavy_shuffled,"[40, 50, 80, 150, 30]",0,0.0,1
squad,963,5733314e4776f4190066076e,5,top_heavy_shuffled,"[80, 30, 150, 40, 50]",0,0.0,1
squad,964,57335c20d058e614000b58f9,5,top_heavy_shuffled,"[150, 40, 80, 30, 50]",1,1.0,1
squad,965,57335c20d058e614000b58fa,5,top_heavy_shuffled,"[150, 80, 30, 50, 40]",0,0.0,1
squad,966,57335c20d058e614000b58fc,5,top_heavy_shuffled,"[80, 30, 40, 50, 150]",0,0.6666666666666666,1
squad,967,57335c20d058e614000b58fb,5,top_heavy_shuffled,"[50, 80, 40, 30, 150]",1,1.0,1
squad,968,57335c20d058e614000b58fd,5,top_heavy_shuffled,"[150, 30, 50, 80, 40]",1,1.0,1
squad,969,57335ddbd058e614000b592f,5,top_heavy_shuffled,"[30, 50, 80, 40, 150]",0,0.5,1
squad,970,57335ddbd058e614000b5930,5,top_heavy_shuffled,"[80, 150, 40, 30, 50]",1,1.0,1
squad,971,57335ddbd058e614000b5931,5,top_heavy_shuffled,"[50, 150, 30, 80, 40]",0,0.0,1
squad,972,57335ddbd058e614000b5932,5,top_heavy_shuffled,"[80, 30, 40, 150, 50]",0,0.0,1
squad,973,57335ddbd058e614000b5933,5,top_heavy_shuffled,"[50, 30, 150, 40, 80]",0,0.0,1
squad,974,57335fcad058e614000b5970,5,top_heavy_shuffled,"[50, 150, 30, 40, 80]",1,1.0,1
squad,975,57335fcad058e614000b5971,5,top_heavy_shuffled,"[80, 30, 50, 150, 40]",1,1.0,1
squad,976,57335fcad058e614000b5972,5,top_heavy_shuffled,"[40, 150, 30, 80, 50]",0,0.0,0
squad,977,57335fcad058e614000b5973,5,top_heavy_shuffled,"[30, 50, 40, 80, 150]",0,0.4,1
squad,978,57335fcad058e614000b5974,5,top_heavy_shuffled,"[30, 50, 150, 40, 80]",0,0.0,1
squad,979,573361404776f4190066093c,5,top_heavy_shuffled,"[150, 30, 50, 40, 80]",1,1.0,1
squad,980,573361404776f4190066093d,5,top_heavy_shuffled,"[150, 40, 50, 80, 30]",1,1.0,1
squad,981,573361404776f4190066093e,5,top_heavy_shuffled,"[150, 40, 80, 30, 50]",0,0.8,1
squad,982,573361404776f4190066093f,5,top_heavy_shuffled,"[30, 150, 80, 40, 50]",0,0.0,1
squad,983,573361404776f41900660940,5,top_heavy_shuffled,"[40, 30, 80, 150, 50]",0,0.0,1
squad,984,573362b94776f41900660974,5,top_heavy_shuffled,"[30, 50, 40, 80, 150]",1,1.0,1
squad,985,573362b94776f41900660975,5,top_heavy_shuffled,"[50, 150, 80, 40, 30]",0,0.0,1
squad,986,573362b94776f41900660976,5,top_heavy_shuffled,"[30, 50, 80, 150, 40]",0,0.0,1
squad,987,573362b94776f41900660977,5,top_heavy_shuffled,"[150, 30, 80, 40, 50]",1,1.0,1
squad,988,573362b94776f41900660978,5,top_heavy_shuffled,"[30, 80, 150, 50, 40]",0,0.0,1
squad,989,5733638fd058e614000b59e8,5,top_heavy_shuffled,"[50, 150, 80, 40, 30]",0,0.0,1
squad,990,5733638fd058e614000b59e9,5,top_heavy_shuffled,"[80, 150, 50, 30, 40]",0,0.6086956521739131,1
squad,991,5733638fd058e614000b59ea,5,top_heavy_shuffled,"[150, 30, 40, 80, 50]",1,1.0,1
squad,992,5733638fd058e614000b59eb,5,top_heavy_shuffled,"[40, 80, 30, 150, 50]",0,0.0,1
squad,993,5733638fd058e614000b59ec,5,top_heavy_shuffled,"[80, 40, 150, 50, 30]",0,0.0,1
squad,994,5733647e4776f419006609ae,5,top_heavy_shuffled,"[40, 50, 80, 30, 150]",0,0.0,1
squad,995,5733647e4776f419006609af,5,top_heavy_shuffled,"[30, 150, 50, 40, 80]",1,1.0,1
squad,996,5733647e4776f419006609b0,5,top_heavy_shuffled,"[30, 50, 40, 150, 80]",0,0.4,1
squad,997,5733647e4776f419006609b1,5,top_heavy_shuffled,"[30, 40, 80, 50, 150]",0,0.13333333333333333,1
squad,998,5733647e4776f419006609b2,5,top_heavy_shuffled,"[150, 50, 30, 80, 40]",0,0.0,1
squad,999,573368044776f41900660a29,5,top_heavy_shuffled,"[30, 40, 50, 150, 80]",0,0.6666666666666666,1
squad,0,56be4db0acb8001400a502ec,7,top_heavy_shuffled,"[20, 25, 70, 15, 35, 45, 140]",0,0.0,1
squad,1,56be4db0acb8001400a502ed,7,top_heavy_shuffled,"[15, 35, 140, 20, 70, 25, 45]",0,0.0,1
squad,2,56be4db0acb8001400a502ee,7,top_heavy_shuffled,"[35, 20, 45, 15, 70, 25, 140]",0,0.0,1
squad,3,56be4db0acb8001400a502ef,7,top_heavy_shuffled,"[70, 35, 140, 45, 20, 15, 25]",1,1.0,1
squad,4,56be4db0acb8001400a502f0,7,top_heavy_shuffled,"[20, 140, 45, 25, 15, 70, 35]",0,0.0,1
squad,5,56be8e613aeaaa14008c90d1,7,top_heavy_shuffled,"[15, 45, 35, 140, 20, 25, 70]",0,0.0,1
squad,6,56be8e613aeaaa14008c90d2,7,top_heavy_shuffled,"[20, 25, 15, 140, 45, 70, 35]",0,0.0,1
squad,7,56be8e613aeaaa14008c90d3,7,top_heavy_shuffled,"[45, 70, 20, 140, 15, 35, 25]",0,0.3333333333333333,1
squad,8,56bea9923aeaaa14008c91b9,7,top_heavy_shuffled,"[70, 35, 20, 15, 140, 45, 25]",0,0.0,1
squad,9,56bea9923aeaaa14008c91ba,7,top_heavy_shuffled,"[45, 140, 70, 20, 25, 35, 15]",0,0.0,0
squad,10,56bea9923aeaaa14008c91bb,7,top_heavy_shuffled,"[140, 45, 20, 35, 25, 15, 70]",0,0.0,1
squad,11,56beace93aeaaa14008c91df,7,top_heavy_shuffled,"[15, 45, 70, 25, 20, 140, 35]",0,0.6666666666666666,1
squad,12,56beace93aeaaa14008c91e0,7,top_heavy_shuffled,"[70, 25, 35, 45, 140, 20, 15]",1,1.0,1
squad,13,56beace93aeaaa14008c91e1,7,top_heavy_shuffled,"[20, 45, 35, 70, 25, 140, 15]",0,0.0,1
squad,14,56beace93aeaaa14008c91e2,7,top_heavy_shuffled,"[15, 45, 140, 25, 20, 70, 35]",0,0.6666666666666666,1
squad,15,56beace93aeaaa14008c91e3,7,top_heavy_shuffled,"[70, 25, 140, 45, 35, 20, 15]",1,1.0,1
squad,16,56bf10f43aeaaa14008c94fd,7,top_heavy_shuffled,"[25, 70, 20, 45, 140, 15, 35]",1,1.0,1
squad,17,56bf10f43aeaaa14008c94fe,7,top_heavy_shuffled,"[25, 70, 15, 20, 140, 35, 45]",0,0.0,1
squad,18,56bf10f43aeaaa14008c94ff,7,top_heavy_shuffled,"[45, 25, 15, 70, 20, 140, 35]",1,1.0,1
squad,19,56bf10f43aeaaa14008c9500,7,top_heavy_shuffled,"[20, 45, 25, 15, 70, 35, 140]",0,0.0,1
squad,20,56bf10f43aeaaa14008c9501,7,top_heavy_shuffled,"[25, 45, 15, 20, 140, 35, 70]",0,0.0,0
squad,21,56d20362e7d4791d009025e8,7,top_heavy_shuffled,"[140, 20, 15, 35, 25, 70, 45]",0,0.0,1
squad,22,56d20362e7d4791d009025e9,7,top_heavy_shuffled,"[70, 25, 35, 20, 15, 45, 140]",0,0.6666666666666666,1
squad,23,56d20362e7d4791d009025ea,7,top_heavy_shuffled,"[70, 45, 140, 20, 15, 35, 25]",0,0.0,1
squad,24,56d20362e7d4791d009025eb,7,top_heavy_shuffled,"[25, 70, 140, 35, 45, 15, 20]",1,1.0,1
squad,25,56d600e31c85041400946eae,7,top_heavy_shuffled,"[140, 70, 45, 20, 35, 25, 15]",1,1.0,1
squad,26,56d600e31c85041400946eb0,7,top_heavy_shuffled,"[35, 45, 25, 70, 140, 20, 15]",1,1.0,1
squad,27,56d600e31c85041400946eb1,7,top_heavy_shuffled,"[20, 15, 45, 35, 25, 70, 140]",0,0.0,1
squad,28,56d9895ddc89441400fdb50e,7,top_heavy_shuffled,"[15, 45, 35, 20, 140, 70, 25]",0,0.8,1
squad,29,56d9895ddc89441400fdb510,7,top_heavy_shuffled,"[70, 20, 25, 45, 15, 140, 35]",1,1.0,1
squad,30,56be4e1facb8001400a502f6,7,top_heavy_shuffled,"[140, 20, 25, 45, 70, 15, 35]",1,1.0,1
squad,31,56be4e1facb8001400a502f9,7,top_heavy_shuffled,"[70, 25, 20, 35, 45, 15, 140]",0,0.0,1
squad,32,56be4e1facb8001400a502fa,7,top_heavy_shuffled,"[45, 20, 35, 70, 25, 140, 15]",0,0.0,1
squad,33,56beaa4a3aeaaa14008c91c2,7,top_heavy_shuffled,"[25, 20, 35, 15, 70, 140, 45]",0,0.0,0
squad,34,56beaa4a3aeaaa14008c91c3,7,top_heavy_shuffled,"[15, 25, 45, 20, 70, 140, 35]",0,0.0,1
squad,35,56bead5a3aeaaa14008c91e9,7,top_heavy_shuffled,"[140, 35, 45, 20, 70, 25, 15]",1,1.0,1
squad,36,56bead5a3aeaaa14008c91ea,7,top_heavy_shuffled,"[25, 70, 20, 140, 45, 15, 35]",0,0.0,1
squad,37,56bead5a3aeaaa14008c91eb,7,top_heavy_shuffled,"[140, 15, 45, 20, 70, 25, 35]",0,0.0,0
squad,38,56bead5a3aeaaa14008c91ec,7,top_heavy_shuffled,"[45, 35, 70, 140, 20, 25, 15]",0,0.0,1
squad,39,56bead5a3aeaaa14008c91ed,7,top_heavy_shuffled,"[25, 45, 35, 20, 70, 140, 15]",1,1.0,1
squad,40,56bf159b3aeaaa14008c9507,7,top_heavy_shuffled,"[20, 35, 45, 70, 15, 25, 140]",1,1.0,1
squad,41,56bf159b3aeaaa14008c9508,7,top_heavy_shuffled,"[70, 20, 25, 35, 140, 15, 45]",0,0.0,0
squad,42,56bf159b3aeaaa14008c9509,7,top_heavy_shuffled,"[70, 45, 35, 25, 20, 140, 15]",0,0.0,1
squad,43,56bf159b3aeaaa14008c950a,7,top_heavy_shuffled,"[20, 140, 45, 15, 25, 70, 35]",1,1.0,1
squad,44,56bf159b3aeaaa14008c950b,7,top_heavy_shuffled,"[25, 70, 35, 140, 15, 20, 45]",0,0.0,1
squad,45,56d2045de7d4791d009025f3,7,top_heavy_shuffled,"[25, 35, 15, 140, 70, 20, 45]",1,1.0,1
squad,46,56d2045de7d4791d009025f4,7,top_heavy_shuffled,"[35, 140, 70, 20, 45, 25, 15]",1,1.0,1
squad,47,56d2045de7d4791d009025f5,7,top_heavy_shuffled,"[35, 25, 15, 70, 140, 20, 45]",0,0.0,1
squad,48,56d2045de7d4791d009025f6,7,top_heavy_shuffled,"[45, 70, 140, 25, 15, 35, 20]",0,0.0,1
squad,49,56d6017d1c85041400946ebe,7,top_heavy_shuffled,"[140, 70, 15, 45, 20, 35, 25]",1,1.0,1
squad,50,56d6017d1c85041400946ec1,7,top_heavy_shuffled,"[25, 20, 35, 15, 70, 140, 45]",0,0.0,1
squad,51,56d6017d1c85041400946ec2,7,top_heavy_shuffled,"[25, 140, 45, 70, 20, 35, 15]",0,0.0,1
squad,52,56d98a59dc89441400fdb52a,7,top_heavy_shuffled,"[140, 15, 20, 35, 70, 45, 25]",0,0.0,1
squad,53,56d98a59dc89441400fdb52b,7,top_heavy_shuffled,"[140, 20, 70, 45, 35, 25, 15]",0,0.0,1
squad,54,56d98a59dc89441400fdb52e,7,top_heavy_shuffled,"[20, 45, 70, 35, 140, 25, 15]",0,0.0,0
squad,55,56be4eafacb8001400a50302,7,top_heavy_shuffled,"[35, 15, 20, 25, 140, 45, 70]",0,0.0,1
squad,56,56be4eafacb8001400a50303,7,top_heavy_shuffled,"[140, 35, 25, 15, 70, 20, 45]",1,1.0,1
squad,57,56be4eafacb8001400a50304,7,top_heavy_shuffled,"[15, 25, 140, 70, 35, 20, 45]",1,1.0,0
squad,58,56beab833aeaaa14008c91d2,7,top_heavy_shuffled,"[25, 20, 45, 70, 35, 140, 15]",0,0.0,1
squad,59,56beab833aeaaa14008c91d3,7,top_heavy_shuffled,"[25, 70, 20, 140, 35, 15, 45]",0,0.0,1
squad,60,56beab833aeaaa14008c91d4,7,top_heavy_shuffled,"[25, 35, 70, 20, 15, 45, 140]",1,1.0,1
squad,61,56beae423aeaaa14008c91f4,7,top_heavy_shuffled,"[25, 15, 140, 45, 20, 70, 35]",0,0.0,1
squad,62,56beae423aeaaa14008c91f5,7,top_heavy_shuffled,"[70, 25, 15, 45, 20, 140, 35]",0,0.0,1
squad,63,56beae423aeaaa14008c91f6,7,top_heavy_shuffled,"[45, 35, 70, 25, 20, 15, 140]",0,0.0,1
squad,64,56beae423aeaaa14008c91f7,7,top_heavy_shuffled,"[70, 140, 45, 20, 15, 25, 35]",0,0.0,1
squad,65,56bf17653aeaaa14008c9511,7,top_heavy_shuffled,"[140, 35, 70, 25, 15, 20, 45]",1,1.0,1
squad,66,56bf17653aeaaa14008c9513,7,top_heavy_shuffled,"[70, 35, 25, 140, 45, 20, 15]",1,1.0,1
squad,67,56bf17653aeaaa14008c9514,7,top_heavy_shuffled,"[45, 70, 35, 20, 15, 140, 25]",0,0.0,1
squad,68,56bf17653aeaaa14008c9515,7,top_heavy_shuffled,"[45, 20, 70, 25, 35, 140, 15]",0,0.0,1
squad,69,56d204ade7d4791d00902603,7,top_heavy_shuffled,"[15, 35, 25, 70, 20, 140, 45]",0,0.0,1
squad,70,56d204ade7d4791d00902604,7,top_heavy_shuffled,"[70, 45, 25, 15, 35, 140, 20]",0,0.0,1
squad,71,56d601e41c85041400946ece,7,top_heavy_shuffled,"[25, 45, 20, 140, 35, 15, 70]",0,0.0,1
squad,72,56d601e41c85041400946ecf,7,top_heavy_shuffled,"[70, 140, 15, 45, 20, 25, 35]",0,0.0,1
squad,73,56d601e41c85041400946ed0,7,top_heavy_shuffled,"[140, 25, 20, 35, 70, 45, 15]",0,0.0,1
squad,74,56d601e41c85041400946ed1,7,top_heavy_shuffled,"[45, 70, 15, 20, 35, 140, 25]",0,0.0,0
squad,75,56d601e41c85041400946ed2,7,top_heavy_shuffled,"[35, 20, 70, 140, 25, 45, 15]",1,1.0,1
squad,76,56d98b33dc89441400fdb53b,7,top_heavy_shuffled,"[25, 15, 20, 140, 70, 35, 45]",1,1.0,1
squad,77,56d98b33dc89441400fdb53c,7,top_heavy_shuffled,"[140, 25, 45, 70, 20, 15, 35]",1,1.0,1
squad,78,56d98b33dc89441400fdb53d,7,top_heavy_shuffled,"[15, 20, 25, 45, 70, 35, 140]",0,0.0,1
squad,79,56d98b33dc89441400fdb53e,7,top_heavy_shuffled,"[45, 70, 35, 140, 25, 20, 15]",0,0.0,1
squad,80,56be5333acb8001400a5030a,7,top_heavy_shuffled,"[35, 20, 70, 15, 45, 25, 140]",1,1.0,1
squad,81,56be5333acb8001400a5030b,7,top_heavy_shuffled,"[35, 25, 45, 20, 70, 140, 15]",1,1.0,1
squad,82,56be5333acb8001400a5030c,7,top_heavy_shuffled,"[45, 20, 35, 25, 140, 70, 15]",0,0.0,1
squad,83,56be5333acb8001400a5030d,7,top_heavy_shuffled,"[15, 25, 140, 45, 70, 35, 20]",0,0.0,1
squad,84,56be5333acb8001400a5030e,7,top_heavy_shuffled,"[25, 45, 35, 70, 15, 20, 140]",0,0.6666666666666666,1
squad,85,56beaf5e3aeaaa14008c91fd,7,top_heavy_shuffled,"[70, 140, 35, 15, 25, 45, 20]",1,1.0,1
squad,86,56beaf5e3aeaaa14008c91fe,7,top_heavy_shuffled,"[25, 140, 20, 45, 15, 35, 70]",1,1.0,1
squad,87,56beaf5e3aeaaa14008c91ff,7,top_heavy_shuffled,"[140, 35, 20, 15, 70, 25, 45]",1,1.0,1
squad,88,56beaf5e3aeaaa14008c9200,7,top_heavy_shuffled,"[45, 70, 15, 20, 140, 35, 25]",0,0.0,1
squad,89,56beaf5e3aeaaa14008c9201,7,top_heavy_shuffled,"[70, 20, 45, 15, 35, 25, 140]",0,0.0,1
squad,90,56bf1ae93aeaaa14008c951b,7,top_heavy_shuffled,"[45, 70, 25, 20, 15, 35, 140]",1,1.0,1
squad,91,56bf1ae93aeaaa14008c951c,7,top_heavy_shuffled,"[35, 25, 140, 20, 45, 70, 15]",1,1.0,1
squad,92,56bf1ae93aeaaa14008c951e,7,top_heavy_shuffled,"[20, 45, 35, 15, 70, 140, 25]",0,0.0,1
squad,93,56bf1ae93aeaaa14008c951f,7,top_heavy_shuffled,"[45, 140, 15, 25, 70, 35, 20]",0,0.0,1
squad,94,56d2051ce7d4791d00902608,7,top_heavy_shuffled,"[70, 20, 15, 45, 25, 35, 140]",1,1.0,1
squad,95,56d2051ce7d4791d00902609,7,top_heavy_shuffled,"[20, 140, 35, 45, 25, 15, 70]",0,0.0,0
squad,96,56d2051ce7d4791d0090260a,7,top_heavy_shuffled,"[15, 20, 45, 70, 25, 140, 35]",0,0.0,1
squad,97,56d2051ce7d4791d0090260b,7,top_heavy_shuffled,"[70, 20, 35, 140, 15, 45, 25]",0,0.07692307692307693,1
squad,98,56d602631c85041400946ed8,7,top_heavy_shuffled,"[35, 45, 140, 25, 15, 70, 20]",1,1.0,1
squad,99,56d602631c85041400946eda,7,top_heavy_shuffled,"[45, 140, 35, 20, 15, 70, 25]",0,0.0,1
squad,100,56d602631c85041400946edb,7,top_heavy_shuffled,"[20, 15, 140, 45, 35, 70, 25]",0,0.0,1
squad,101,56d602631c85041400946edc,7,top_heavy_shuffled,"[45, 15, 20, 35, 140, 25, 70]",0,0.6666666666666666,1
squad,102,56d98c53dc89441400fdb544,7,top_heavy_shuffled,"[70, 35, 45, 15, 25, 140, 20]",0,0.0,0
squad,103,56d98c53dc89441400fdb545,7,top_heavy_shuffled,"[140, 25, 35, 45, 70, 15, 20]",0,0.0,1
squad,104,56d98c53dc89441400fdb546,7,top_heavy_shuffled,"[25, 45, 140, 15, 35, 20, 70]",0,0.22222222222222224,1
squad,105,56d98c53dc89441400fdb548,7,top_heavy_shuffled,"[140, 35, 70, 20, 25, 15, 45]",0,0.0,1
squad,106,56be53b8acb8001400a50314,7,top_heavy_shuffled,"[25, 35, 45, 15, 70, 140, 20]",1,1.0,1
squad,107,56be53b8acb8001400a50315,7,top_heavy_shuffled,"[20, 25, 45, 35, 70, 140, 15]",0,0.6666666666666666,1
squad,108,56be53b8acb8001400a50316,7,top_heavy_shuffled,"[25, 15, 45, 35, 20, 140, 70]",1,1.0,1
squad,109,56beafca3aeaaa14008c9207,7,top_heavy_shuffled,"[35, 15, 70, 25, 20, 140, 45]",1,1.0,1
squad,110,56beafca3aeaaa14008c9208,7,top_heavy_shuffled,"[70, 20, 25, 45, 140, 15, 35]",0,0.0,0
squad,111,56bf42f53aeaaa14008c95a3,7,top_heavy_shuffled,"[35, 70, 15, 140, 25, 20, 45]",1,1.0,1
squad,112,56d2053ae7d4791d00902610,7,top_heavy_shuffled,"[25, 45, 140, 20, 15, 35, 70]",1,1.0,1
squad,113,56d6edd00d65d21400198250,7,top_heavy_shuffled,"[15, 45, 25, 70, 35, 20, 140]",1,1.0,1
squad,114,56d6edd00d65d21400198251,7,top_heavy_shuffled,"[15, 25, 45, 20, 70, 35, 140]",0,0.1276595744680851,1
squad,115,56d98d0adc89441400fdb54e,7,top_heavy_shuffled,"[70, 20, 15, 35, 25, 140, 45]",0,0.0,1
squad,116,56d98d0adc89441400fdb54f,7,top_heavy_shuffled,"[20, 35, 140, 25, 70, 15, 45]",1,1.0,1
squad,117,56be5438acb8001400a5031a,7,top_heavy_shuffled,"[140, 45, 70, 35, 25, 15, 20]",0,0.0,0
squad,118,56be5438acb8001400a5031b,7,top_heavy_shuffled,"[20, 140, 25, 45, 35, 70, 15]",0,0.4,0
squad,119,56be5438acb8001400a5031c,7,top_heavy_shuffled,"[70, 20, 35, 45, 25, 140, 15]",0,0.4444444444444444,0
squad,120,56beb03c3aeaaa14008c920b,7,top_heavy_shuffled,"[15, 20, 45, 25, 70, 140, 35]",1,1.0,0
squad,121,56beb03c3aeaaa14008c920d,7,top_heavy_shuffled,"[20, 140, 25, 35, 15, 70, 45]",0,0.0,1
squad,122,56bf3c633aeaaa14008c9580,7,top_heavy_shuffled,"[25, 45, 70, 20, 35, 140, 15]",1,1.0,0
squad,123,56bf3c633aeaaa14008c9581,7,top_heavy_shuffled,"[15, 140, 25, 20, 70, 35, 45]",0,0.0,0
squad,124,56bf3c633aeaaa14008c9582,7,top_heavy_shuffled,"[70, 15, 140, 20, 45, 35, 25]",1,1.0,0
squad,125,56d20564e7d4791d00902612,7,top_heavy_shuffled,"[15, 25, 35, 20, 140, 45, 70]",0,0.3846153846153846,0
squad,126,56d6ee6e0d65d21400198254,7,top_heavy_shuffled,"[35, 45, 25, 140, 20, 70, 15]",0,0.0,0
squad,127,56d6ee6e0d65d21400198255,7,top_heavy_shuffled,"[25, 45, 140, 70, 20, 35, 15]",0,0.0,1
squad,128,56d6ee6e0d65d21400198256,7,top_heavy_shuffled,"[35, 45, 70, 15, 20, 25, 140]",1,1.0,1
squad,129,56d6ee6e0d65d21400198257,7,top_heavy_shuffled,"[70, 25, 140, 15, 35, 20, 45]",0,0.0,0
squad,130,56d6ee6e0d65d21400198258,7,top_heavy_shuffled,"[25, 45, 70, 20, 140, 15, 35]",1,1.0,1
squad,131,56d98db6dc89441400fdb552,7,top_heavy_shuffled,"[35, 25, 20, 45, 140, 15, 70]",0,0.4,0
squad,132,56d98db6dc89441400fdb553,7,top_heavy_shuffled,"[35, 25, 140, 70, 45, 20, 15]",0,0.0,0
squad,133,56d98db6dc89441400fdb554,7,top_heavy_shuffled,"[70, 25, 140, 15, 20, 35, 45]",1,1.0,0
squad,134,56be54bdacb8001400a50322,7,top_heavy_shuffled,"[140, 15, 45, 35, 70, 25, 20]",1,1.0,1
squad,135,56be54bdacb8001400a50323,7,top_heavy_shuffled,"[70, 25, 20, 35, 45, 15, 140]",1,1.0,1
squad,136,56be54bdacb8001400a50324,7,top_heavy_shuffled,"[20, 45, 140, 70, 25, 35, 15]",0,0.6666666666666666,1
squad,137,56be54bdacb8001400a50325,7,top_heavy_shuffled,"[20, 35, 140, 70, 15, 25, 45]",0,0.0,1
squad,138,56be54bdacb8001400a50326,7,top_heavy_shuffled,"[45, 20, 25, 70, 140, 15, 35]",0,0.0,1
squad,139,56beb0f43aeaaa14008c921b,7,top_heavy_shuffled,"[35, 25, 45, 70, 15, 20, 140]",1,1.0,1
squad,140,56beb0f43aeaaa14008c921c,7,top_heavy_shuffled,"[15, 70, 20, 25, 35, 45, 140]",1,1.0,1
squad,141,56beb0f43aeaaa14008c921d,7,top_heavy_shuffled,"[15, 35, 140, 20, 45, 25, 70]",0,0.4,1
squad,142,56beb0f43aeaaa14008c921e,7,top_heavy_shuffled,"[70, 15, 25, 140, 20, 45, 35]",0,0.0,1
squad,143,56beb0f43aeaaa14008c921f,7,top_heavy_shuffled,"[35, 15, 140, 25, 20, 45, 70]",0,0.0,1
squad,144,56bf21b43aeaaa14008c9525,7,top_heavy_shuffled,"[25, 15, 35, 20, 70, 45, 140]",0,0.0,1
squad,145,56bf21b43aeaaa14008c9526,7,top_heavy_shuffled,"[140, 70, 20, 35, 25, 15, 45]",1,1.0,1
squad,146,56bf21b43aeaaa14008c9528,7,top_heavy_shuffled,"[45, 20, 35, 70, 140, 15, 25]",0,0.0,1
squad,147,56bf21b43aeaaa14008c9529,7,top_heavy_shuffled,"[70, 25, 45, 35, 140, 20, 15]",0,0.0,1
squad,148,56d6ef6a0d65d21400198260,7,top_heavy_shuffled,"[140, 25, 15, 70, 35, 45, 20]",1,1.0,1
squad,149,56d6ef6a0d65d21400198262,7,top_heavy_shuffled,"[70, 20, 45, 25, 35, 15, 140]",0,0.0,1
squad,150,56d98f0ddc89441400fdb558,7,top_heavy_shuffled,"[140, 70, 35, 25, 20, 45, 15]",1,1.0,1
squad,151,56d98f0ddc89441400fdb559,7,top_heavy_shuffled,"[20, 45, 25, 70, 15, 35, 140]",0,0.0,1
squad,152,56d98f0ddc89441400fdb55a,7,top_heavy_shuffled,"[20, 70, 45, 35, 25, 15, 140]",0,0.0,1
squad,153,56d98f0ddc89441400fdb55b,7,top_heavy_shuffled,"[45, 70, 35, 20, 140, 15, 25]",0,0.0,1
squad,154,56d98f0ddc89441400fdb55c,7,top_heavy_shuffled,"[45, 70, 140, 20, 35, 25, 15]",0,0.0,1
squad,155,56be5523acb8001400a5032c,7,top_heavy_shuffled,"[15, 25, 45, 140, 70, 35, 20]",0,0.0,1
squad,156,56be5523acb8001400a5032d,7,top_heavy_shuffled,"[15, 70, 20, 140, 25, 45, 35]",0,0.0,0
squad,157,56be5523acb8001400a5032e,7,top_heavy_shuffled,"[20, 140, 25, 70, 45, 15, 35]",1,1.0,1
squad,158,56be5523acb8001400a5032f,7,top_heavy_shuffled,"[25, 20, 70, 45, 15, 35, 140]",0,0.0,1
squad,159,56be5523acb8001400a50330,7,top_heavy_shuffled,"[15, 20, 45, 25, 35, 70, 140]",0,0.0,1
squad,160,56beb2153aeaaa14008c9225,7,top_heavy_shuffled,"[140, 45, 20, 15, 35, 70, 25]",1,1.0,1
squad,161,56beb2153aeaaa14008c9226,7,top_heavy_shuffled,"[45, 140, 15, 25, 20, 35, 70]",1,1.0,1
squad,162,56beb2153aeaaa14008c9227,7,top_heavy_shuffled,"[140, 20, 45, 15, 70, 25, 35]",0,0.0,1
squad,163,56beb2153aeaaa14008c9228,7,top_heavy_shuffled,"[45, 35, 70, 15, 140, 25, 20]",1,1.0,1
squad,164,56beb2153aeaaa14008c9229,7,top_heavy_shuffled,"[140, 35, 25, 70, 20, 45, 15]",0,0.5,1
squad,165,56bf23363aeaaa14008c952f,7,top_heavy_shuffled,"[35, 140, 15, 70, 20, 45, 25]",0,0.0,1
squad,166,56bf23363aeaaa14008c9530,7,top_heavy_shuffled,"[45, 15, 25, 70, 35, 20, 140]",0,0.0,1
squad,167,56bf23363aeaaa14008c9531,7,top_heavy_shuffled,"[140, 25, 15, 20, 35, 45, 70]",0,0.0,1
squad,168,56bf23363aeaaa14008c9532,7,top_heavy_shuffled,"[25, 20, 35, 15, 140, 70, 45]",0,0.0,1
squad,169,56bf23363aeaaa14008c9533,7,top_heavy_shuffled,"[70, 20, 140, 15, 25, 35, 45]",0,0.6666666666666666,1
squad,170,56d6f0770d65d21400198268,7,top_heavy_shuffled,"[70, 35, 20, 15, 140, 45, 25]",1,1.0,1
squad,171,56d6f0770d65d21400198269,7,top_heavy_shuffled,"[25, 140, 20, 35, 45, 70, 15]",1,1.0,1
squad,172,56d6f0770d65d2140019826a,7,top_heavy_shuffled,"[35, 20, 25, 45, 15, 70, 140]",0,0.0,1
squad,173,56d6f0770d65d2140019826c,7,top_heavy_shuffled,"[25, 140, 20, 15, 70, 35, 45]",0,0.0,1
squad,174,56d98fbfdc89441400fdb562,7,top_heavy_shuffled,"[15, 70, 25, 35, 45, 20, 140]",1,1.0,1
squad,175,56d98fbfdc89441400fdb563,7,top_heavy_shuffled,"[25, 45, 70, 15, 20, 140, 35]",1,1.0,1
squad,176,56d98fbfdc89441400fdb564,7,top_heavy_shuffled,"[20, 45, 70, 140, 15, 35, 25]",1,1.0,1
squad,177,56d98fbfdc89441400fdb565,7,top_heavy_shuffled,"[70, 35, 20, 140, 25, 15, 45]",0,0.0,1
squad,178,56be572b3aeaaa14008c9052,7,top_heavy_shuffled,"[45, 70, 140, 35, 25, 15, 20]",0,0.0,1
squad,179,56beb2a03aeaaa14008c922f,7,top_heavy_shuffled,"[15, 25, 140, 20, 45, 70, 35]",0,0.0,1
squad,180,56beb2a03aeaaa14008c9230,7,top_heavy_shuffled,"[25, 45, 70, 20, 35, 15, 140]",0,0.0,1
squad,181,56beb2a03aeaaa14008c9231,7,top_heavy_shuffled,"[140, 15, 35, 70, 20, 45, 25]",0,0.0,1
squad,182,56beb2a03aeaaa14008c9232,7,top_heavy_shuffled,"[140, 45, 20, 70, 25, 15, 35]",0,0.6666666666666666,1
squad,183,56beb2a03aeaaa14008c9233,7,top_heavy_shuffled,"[25, 45, 70, 140, 15, 20, 35]",0,0.0,1
squad,184,56bf28c73aeaaa14008c9539,7,top_heavy_shuffled,"[70, 45, 140, 35, 15, 25, 20]",0,0.0,1
squad,185,56bf28c73aeaaa14008c953a,7,top_heavy_shuffled,"[70, 15, 140, 25, 45, 20, 35]",0,0.0,1
squad,186,56bf28c73aeaaa14008c953c,7,top_heavy_shuffled,"[140, 35, 25, 70, 45, 15, 20]",0,0.6666666666666666,1
squad,187,56bf28c73aeaaa14008c953d,7,top_heavy_shuffled,"[25, 140, 15, 45, 35, 70, 20]",0,0.0,1
squad,188,56d6f1190d65d21400198272,7,top_heavy_shuffled,"[140, 45, 35, 25, 20, 15, 70]",0,0.8,1
squad,189,56d6f1190d65d21400198273,7,top_heavy_shuffled,"[140, 70, 45, 20, 25, 35, 15]",0,0.0,1
squad,190,56d6f1190d65d21400198274,7,top_heavy_shuffled,"[45, 20, 25, 15, 35, 70, 140]",0,0.6666666666666666,1
squad,191,56d6f1190d65d21400198275,7,top_heavy_shuffled,"[25, 70, 45, 15, 140, 20, 35]",0,0.0,1
squad,192,56d6f1190d65d21400198276,7,top_heavy_shuffled,"[15, 35, 45, 70, 20, 140, 25]",0,0.0,1
squad,193,56d99179dc89441400fdb56c,7,top_heavy_shuffled,"[25, 45, 140, 35, 20, 70, 15]",0,0.0,1
squad,194,56d99179dc89441400fdb56d,7,top_heavy_shuffled,"[20, 70, 25, 35, 15, 45, 140]",0,0.0,1
squad,195,56d99179dc89441400fdb570,7,top_heavy_shuffled,"[15, 25, 45, 140, 35, 70, 20]",0,0.0,1
squad,196,56be59683aeaaa14008c9058,7,top_heavy_shuffled,"[15, 20, 45, 35, 25, 140, 70]",1,1.0,1
squad,197,56be59683aeaaa14008c9059,7,top_heavy_shuffled,"[25, 140, 15, 20, 45, 70, 35]",0,0.0,1
squad,198,56be59683aeaaa14008c905a,7,top_heavy_shuffled,"[45, 140, 25, 70, 35, 20, 15]",0,0.0,1
squad,199,56beb3083aeaaa14008c923d,7,top_heavy_shuffled,"[45, 25, 140, 15, 35, 20, 70]",0,0.0,1
squad,200,56beb3083aeaaa14008c923e,7,top_heavy_shuffled,"[35, 70, 25, 20, 140, 45, 15]",1,1.0,1
squad,201,56beb3083aeaaa14008c923f,7,top_heavy_shuffled,"[45, 35, 20, 25, 140, 70, 15]",0,0.0,1
squad,202,56beb3083aeaaa14008c9240,7,top_heavy_shuffled,"[20, 140, 45, 70, 15, 35, 25]",0,0.0,1
squad,203,56beb3083aeaaa14008c9241,7,top_heavy_shuffled,"[70, 25, 35, 140, 45, 15, 20]",1,1.0,1
squad,204,56bf2afe3aeaaa14008c9543,7,top_heavy_shuffled,"[20, 35, 15, 140, 45, 70, 25]",0,0.0,1
squad,205,56bf2afe3aeaaa14008c9544,7,top_heavy_shuffled,"[70, 20, 15, 35, 45, 25, 140]",0,0.0,1
squad,206,56bf2afe3aeaaa14008c9545,7,top_heavy_shuffled,"[70, 15, 45, 140, 20, 35, 25]",0,0.0,1
squad,207,56bf2afe3aeaaa14008c9547,7,top_heavy_shuffled,"[45, 20, 35, 15, 70, 25, 140]",0,0.6666666666666666,1
squad,208,56d6f2000d65d2140019827c,7,top_heavy_shuffled,"[25, 70, 15, 140, 45, 35, 20]",1,1.0,1
squad,209,56d6f2000d65d2140019827d,7,top_heavy_shuffled,"[70, 20, 140, 35, 15, 45, 25]",1,1.0,1
squad,210,56d6f2000d65d2140019827e,7,top_heavy_shuffled,"[35, 25, 20, 70, 140, 15, 45]",0,0.0,1
squad,211,56d6f2000d65d2140019827f,7,top_heavy_shuffled,"[140, 70, 20, 45, 15, 35, 25]",0,0.0,1
squad,212,56d9943fdc89441400fdb576,7,top_heavy_shuffled,"[25, 70, 45, 15, 20, 35, 140]",0,0.0,1
squad,213,56d9943fdc89441400fdb577,7,top_heavy_shuffled,"[35, 15, 140, 70, 25, 45, 20]",0,0.0,1
squad,214,56d9943fdc89441400fdb578,7,top_heavy_shuffled,"[20, 140, 70, 25, 45, 15, 35]",0,0.0,1
squad,215,56d9943fdc89441400fdb57a,7,top_heavy_shuffled,"[20, 15, 70, 45, 140, 25, 35]",0,0.0,1
squad,216,56beb3a03aeaaa14008c9247,7,top_heavy_shuffled,"[140, 70, 35, 20, 15, 45, 25]",0,0.0,1
squad,217,56beb3a03aeaaa14008c9248,7,top_heavy_shuffled,"[25, 70, 15, 35, 140, 20, 45]",0,0.0,1
squad,218,56beb3a03aeaaa14008c9249,7,top_heavy_shuffled,"[45, 25, 35, 20, 70, 140, 15]",0,0.0,1
squad,219,56beb3a03aeaaa14008c924a,7,top_heavy_shuffled,"[15, 45, 20, 140, 70, 35, 25]",0,0.0,1
squad,220,56beb3a03aeaaa14008c924b,7,top_heavy_shuffled,"[70, 35, 45, 15, 140, 25, 20]",0,0.0,1
squad,221,56bf6b303aeaaa14008c960b,7,top_heavy_shuffled,"[15, 45, 35, 70, 140, 20, 25]",0,0.0,1
squad,222,56bf6b303aeaaa14008c960c,7,top_heavy_shuffled,"[45, 70, 140, 20, 35, 25, 15]",0,0.0,1
squad,223,56bf6b303aeaaa14008c960d,7,top_heavy_shuffled,"[140, 70, 35, 20, 45, 25, 15]",0,0.0,1
squad,224,56bf6b303aeaaa14008c960e,7,top_heavy_shuffled,"[35, 70, 140, 45, 15, 20, 25]",0,0.0,1
squad,225,56bf6b303aeaaa14008c960f,7,top_heavy_shuffled,"[70, 25, 15, 45, 20, 35, 140]",0,0.0,0
squad,226,56d6f2960d65d21400198286,7,top_heavy_shuffled,"[35, 70, 15, 25, 20, 45, 140]",0,0.0,1
squad,227,56d6f2960d65d21400198287,7,top_heavy_shuffled,"[20, 70, 45, 15, 25, 140, 35]",0,0.0,1
squad,228,56d6f2960d65d21400198288,7,top_heavy_shuffled,"[35, 45, 25, 15, 140, 70, 20]",0,0.0,1
squad,229,56d6f2960d65d21400198289,7,top_heavy_shuffled,"[25, 70, 140, 15, 20, 35, 45]",0,0.0,1
squad,230,56d6f2960d65d2140019828a,7,top_heavy_shuffled,"[20, 140, 25, 15, 70, 45, 35]",0,0.0,1
squad,231,56d997cddc89441400fdb586,7,top_heavy_shuffled,"[140, 25, 15, 70, 20, 35, 45]",0,0.0,1
squad,232,56d997cddc89441400fdb587,7,top_heavy_shuffled,"[70, 140, 45, 20, 35, 25, 15]",1,1.0,1
squad,233,56d997cddc89441400fdb588,7,top_heavy_shuffled,"[45, 20, 140, 70, 35, 25, 15]",0,0.0,1
squad,234,56d997cddc89441400fdb589,7,top_heavy_shuffled,"[70, 140, 35, 25, 45, 20, 15]",0,0.0,1
squad,235,56d997cddc89441400fdb58a,7,top_heavy_shuffled,"[45, 140, 25, 15, 70, 20, 35]",0,0.0,1
squad,236,56beb4343aeaaa14008c925b,7,top_heavy_shuffled,"[35, 25, 20, 140, 45, 70, 15]",1,1.0,1
squad,237,56beb4343aeaaa14008c925c,7,top_heavy_shuffled,"[15, 35, 25, 70, 140, 20, 45]",0,0.0,1
squad,238,56beb4343aeaaa14008c925d,7,top_heavy_shuffled,"[20, 25, 15, 140, 70, 35, 45]",0,0.0,1
squad,239,56beb4343aeaaa14008c925e,7,top_heavy_shuffled,"[45, 140, 15, 70, 35, 25, 20]",0,0.0,1
squad,240,56beb4343aeaaa14008c925f,7,top_heavy_shuffled,"[25, 45, 20, 70, 15, 140, 35]",0,0.0,1
squad,241,56d6f3500d65d21400198290,7,top_heavy_shuffled,"[35, 20, 140, 25, 70, 15, 45]",1,1.0,1
squad,242,56d6f3500d65d21400198291,7,top_heavy_shuffled,"[15, 20, 70, 140, 35, 45, 25]",0,0.0,1
squad,243,56d6f3500d65d21400198292,7,top_heavy_shuffled,"[25, 45, 20, 15, 35, 70, 140]",0,0.0,1
squad,244,56d6f3500d65d21400198293,7,top_heavy_shuffled,"[70, 35, 20, 15, 45, 140, 25]",0,0.0,1
squad,245,56d6f3500d65d21400198294,7,top_heavy_shuffled,"[25, 20, 70, 15, 45, 35, 140]",0,0.0,1
squad,246,56d9992fdc89441400fdb59c,7,top_heavy_shuffled,"[140, 35, 15, 25, 20, 70, 45]",0,0.0,1
squad,247,56d9992fdc89441400fdb59e,7,top_heavy_shuffled,"[45, 70, 35, 140, 15, 20, 25]",0,0.0,1
squad,248,56d9992fdc89441400fdb59f,7,top_heavy_shuffled,"[70, 140, 35, 45, 25, 20, 15]",0,0.6666666666666666,1
squad,249,56d9992fdc89441400fdb5a0,7,top_heavy_shuffled,"[45, 35, 25, 15, 140, 20, 70]",0,0.0,1
squad,250,56beb4e43aeaaa14008c9265,7,top_heavy_shuffled,"[45, 70, 20, 25, 35, 140, 15]",0,0.0,1
squad,251,56beb4e43aeaaa14008c9266,7,top_heavy_shuffled,"[35, 15, 140, 70, 20, 25, 45]",0,0.0,1
squad,252,56beb4e43aeaaa14008c9267,7,top_heavy_shuffled,"[15, 140, 45, 35, 70, 20, 25]",0,0.0,1
squad,253,56beb4e43aeaaa14008c9268,7,top_heavy_shuffled,"[35, 20, 15, 140, 45, 25, 70]",0,0.0,1
squad,254,56beb4e43aeaaa14008c9269,7,top_heavy_shuffled,"[25, 70, 15, 35, 45, 140, 20]",0,0.0,1
squad,255,56bf301c3aeaaa14008c954d,7,top_heavy_shuffled,"[45, 25, 15, 20, 35, 140, 70]",0,0.0,1
squad,256,56bf301c3aeaaa14008c954e,7,top_heavy_shuffled,"[15, 140, 45, 70, 20, 25, 35]",0,0.0,1
squad,257,56bf301c3aeaaa14008c954f,7,top_heavy_shuffled,"[140, 45, 20, 70, 35, 15, 25]",0,0.0,1
squad,258,56bf301c3aeaaa14008c9550,7,top_heavy_shuffled,"[15, 70, 20, 45, 25, 35, 140]",1,1.0,1
squad,259,56bf301c3aeaaa14008c9551,7,top_heavy_shuffled,"[15, 25, 35, 70, 140, 45, 20]",0,0.0,1
squad,260,56d6f4030d65d2140019829a,7,top_heavy_shuffled,"[45, 15, 70, 20, 140, 25, 35]",0,0.0,1
squad,261,56d6f4030d65d2140019829b,7,top_heavy_shuffled,"[15, 45, 25, 20, 35, 140, 70]",1,1.0,1
squad,262,56d6f4030d65d2140019829c,7,top_heavy_shuffled,"[45, 15, 25, 70, 35, 20, 140]",0,0.0,1
squad,263,56d6f4030d65d2140019829d,7,top_heavy_shuffled,"[70, 35, 25, 140, 20, 45, 15]",0,0.0,1
squad,264,56d6f4030d65d2140019829e,7,top_heavy_shuffled,"[25, 20, 140, 70, 45, 15, 35]",0,0.0,1
squad,265,56d99b7bdc89441400fdb5c8,7,top_heavy_shuffled,"[25, 45, 35, 15, 20, 70, 140]",1,1.0,1
squad,266,56d99b7bdc89441400fdb5c9,7,top_heavy_shuffled,"[35, 70, 25, 20, 140, 15, 45]",0,0.0,1
squad,267,56d99b7bdc89441400fdb5ca,7,top_heavy_shuffled,"[20, 25, 70, 45, 15, 140, 35]",0,0.0,0
squad,268,56d99b7bdc89441400fdb5cb,7,top_heavy_shuffled,"[70, 35, 25, 15, 45, 140, 20]",0,0.0,1
squad,269,56d99b7bdc89441400fdb5cc,7,top_heavy_shuffled,"[20, 25, 70, 35, 15, 140, 45]",0,0.0,1
squad,270,56beb57b3aeaaa14008c9279,7,top_heavy_shuffled,"[20, 140, 25, 15, 35, 70, 45]",1,1.0,1
squad,271,56beb57b3aeaaa14008c927a,7,top_heavy_shuffled,"[140, 25, 15, 45, 20, 35, 70]",0,0.0,0
squad,272,56beb57b3aeaaa14008c927b,7,top_heavy_shuffled,"[70, 15, 20, 25, 140, 35, 45]",1,1.0,1
squad,273,56beb57b3aeaaa14008c927c,7,top_heavy_shuffled,"[45, 20, 35, 15, 70, 25, 140]",1,1.0,0
squad,274,56beb57b3aeaaa14008c927d,7,top_heavy_shuffled,"[35, 20, 25, 70, 140, 45, 15]",0,0.0,1
squad,275,56bf38383aeaaa14008c956b,7,top_heavy_shuffled,"[35, 15, 20, 25, 70, 45, 140]",1,1.0,1
squad,276,56bf38383aeaaa14008c956c,7,top_heavy_shuffled,"[20, 70, 25, 35, 140, 45, 15]",0,0.0,1
squad,277,56bf38383aeaaa14008c956d,7,top_heavy_shuffled,"[35, 45, 140, 20, 70, 25, 15]",1,1.0,1
squad,278,56bf38383aeaaa14008c956e,7,top_heavy_shuffled,"[70, 15, 20, 140, 45, 35, 25]",0,0.0,1
squad,279,56bf38383aeaaa14008c956f,7,top_heavy_shuffled,"[20, 140, 25, 70, 45, 35, 15]",0,0.6666666666666666,1
squad,280,56d6fe0b0d65d214001982a4,7,top_heavy_shuffled,"[20, 35, 45, 70, 25, 140, 15]",1,1.0,1
squad,281,56d6fe0b0d65d214001982a5,7,top_heavy_shuffled,"[35, 45, 15, 20, 25, 70, 140]",0,0.0,0
squad,282,56d6fe0b0d65d214001982a6,7,top_heavy_shuffled,"[25, 20, 45, 70, 140, 35, 15]",0,0.0,1
squad,283,56d6fe0b0d65d214001982a7,7,top_heavy_shuffled,"[20, 70, 140, 35, 45, 15, 25]",0,0.0,1
squad,284,56d99c44dc89441400fdb5d6,7,top_heavy_shuffled,"[20, 70, 45, 15, 25, 35, 140]",1,1.0,1
squad,285,56d99c44dc89441400fdb5d7,7,top_heavy_shuffled,"[70, 20, 35, 25, 140, 15, 45]",0,0.0,1
squad,286,56d99c44dc89441400fdb5d8,7,top_heavy_shuffled,"[15, 20, 35, 140, 45, 25, 70]",0,0.0,0
squad,287,56d99c44dc89441400fdb5d9,7,top_heavy_shuffled,"[140, 25, 15, 35, 70, 45, 20]",0,0.0,1
squad,288,56d99c44dc89441400fdb5da,7,top_heavy_shuffled,"[45, 15, 70, 20, 25, 140, 35]",0,0.0,1
squad,289,56beb6533aeaaa14008c928d,7,top_heavy_shuffled,"[15, 140, 35, 20, 70, 25, 45]",0,0.0,1
squad,290,56beb6533aeaaa14008c928e,7,top_heavy_shuffled,"[15, 35, 70, 20, 140, 45, 25]",0,0.0,1
squad,291,56beb6533aeaaa14008c9290,7,top_heavy_shuffled,"[20, 45, 25, 15, 140, 35, 70]",0,0.0,1
squad,292,56beb6533aeaaa14008c9291,7,top_heavy_shuffled,"[15, 140, 35, 70, 25, 20, 45]",0,0.0,1
squad,293,56bf3e803aeaaa14008c9588,7,top_heavy_shuffled,"[20, 15, 25, 45, 70, 140, 35]",0,0.0,1
squad,294,56bf3e803aeaaa14008c9589,7,top_heavy_shuffled,"[70, 35, 25, 20, 140, 45, 15]",0,0.0,1
squad,295,56bf3e803aeaaa14008c958b,7,top_heavy_shuffled,"[45, 35, 20, 15, 140, 70, 25]",0,0.0,1
squad,296,56d6fea90d65d214001982ae,7,top_heavy_shuffled,"[35, 70, 140, 45, 15, 25, 20]",0,0.0,1
squad,297,56d6fea90d65d214001982af,7,top_heavy_shuffled,"[45, 15, 35, 140, 20, 70, 25]",1,1.0,1
squad,298,56d6fea90d65d214001982b0,7,top_heavy_shuffled,"[25, 45, 20, 70, 35, 140, 15]",0,0.0,1
squad,299,56d6fea90d65d214001982b2,7,top_heavy_shuffled,"[25, 20, 45, 140, 70, 15, 35]",0,0.0,1
squad,300,56d99da8dc89441400fdb5fd,7,top_heavy_shuffled,"[140, 25, 70, 35, 45, 20, 15]",0,0.0,1
squad,301,56d99da8dc89441400fdb5ff,7,top_heavy_shuffled,"[140, 35, 25, 20, 70, 45, 15]",0,0.0,0
squad,302,56d99da8dc89441400fdb600,7,top_heavy_shuffled,"[20, 70, 140, 35, 25, 45, 15]",0,0.0,1
squad,303,56beb6f23aeaaa14008c92a1,7,top_heavy_shuffled,"[15, 45, 35, 70, 140, 25, 20]",1,1.0,1
squad,304,56beb6f23aeaaa14008c92a2,7,top_heavy_shuffled,"[25, 140, 20, 15, 70, 35, 45]",1,1.0,1
squad,305,56beb6f23aeaaa14008c92a3,7,top_heavy_shuffled,"[20, 15, 140, 45, 70, 35, 25]",0,0.0,1
squad,306,56beb6f23aeaaa14008c92a4,7,top_heavy_shuffled,"[20, 140, 25, 45, 70, 35, 15]",0,0.0,1
squad,307,56beb6f23aeaaa14008c92a5,7,top_heavy_shuffled,"[70, 35, 15, 25, 20, 45, 140]",0,0.0,1
squad,308,56bf34293aeaaa14008c9559,7,top_heavy_shuffled,"[15, 70, 25, 140, 45, 20, 35]",0,0.0,1
squad,309,56bf34293aeaaa14008c955a,7,top_heavy_shuffled,"[45, 25, 70, 20, 15, 140, 35]",0,0.0,1
squad,310,56bf34293aeaaa14008c955b,7,top_heavy_shuffled,"[45, 25, 15, 140, 35, 70, 20]",0,0.0,1
squad,311,56d701280d65d214001982b8,7,top_heavy_shuffled,"[15, 140, 70, 35, 25, 45, 20]",1,1.0,1
squad,312,56d701280d65d214001982ba,7,top_heavy_shuffled,"[70, 35, 20, 15, 25, 140, 45]",0,0.0,0
squad,313,56d701280d65d214001982bc,7,top_heavy_shuffled,"[35, 20, 45, 70, 25, 140, 15]",0,0.0,1
squad,314,56d99e78dc89441400fdb616,7,top_heavy_shuffled,"[15, 140, 25, 35, 45, 70, 20]",1,1.0,1
squad,315,56d99e78dc89441400fdb618,7,top_heavy_shuffled,"[25, 70, 20, 15, 45, 35, 140]",0,0.0,1
squad,316,56d99e78dc89441400fdb619,7,top_heavy_shuffled,"[15, 20, 35, 25, 70, 45, 140]",0,0.0,1
squad,317,56d99e78dc89441400fdb61a,7,top_heavy_shuffled,"[35, 140, 20, 45, 15, 25, 70]",1,1.0,1
squad,318,56beb7953aeaaa14008c92ab,7,top_heavy_shuffled,"[20, 140, 70, 25, 35, 15, 45]",1,1.0,1
squad,319,56beb7953aeaaa14008c92ac,7,top_heavy_shuffled,"[15, 35, 70, 20, 45, 140, 25]",0,0.0,1
squad,320,56beb7953aeaaa14008c92ad,7,top_heavy_shuffled,"[35, 25, 140, 20, 45, 70, 15]",0,0.0,1
squad,321,56beb7953aeaaa14008c92ae,7,top_heavy_shuffled,"[35, 70, 25, 45, 15, 140, 20]",0,0.0,1
squad,322,56beb7953aeaaa14008c92af,7,top_heavy_shuffled,"[140, 15, 20, 70, 35, 45, 25]",1,1.0,1
squad,323,56bf36b93aeaaa14008c9561,7,top_heavy_shuffled,"[35, 45, 15, 25, 140, 20, 70]",0,0.0,1
squad,324,56bf36b93aeaaa14008c9562,7,top_heavy_shuffled,"[25, 70, 20, 15, 45, 35, 140]",0,0.0,1
squad,325,56bf36b93aeaaa14008c9563,7,top_heavy_shuffled,"[25, 45, 20, 35, 140, 15, 70]",1,1.0,1
squad,326,56bf36b93aeaaa14008c9564,7,top_heavy_shuffled,"[15, 25, 35, 45, 140, 20, 70]",0,0.0,1
squad,327,56bf36b93aeaaa14008c9565,7,top_heavy_shuffled,"[70, 35, 20, 140, 15, 45, 25]",0,0.0,1
squad,328,56d7018a0d65d214001982c2,7,top_heavy_shuffled,"[20, 70, 25, 35, 45, 15, 140]",1,1.0,1
squad,329,56d7018a0d65d214001982c3,7,top_heavy_shuffled,"[25, 140, 70, 20, 15, 45, 35]",0,0.0,1
squad,330,56d7018a0d65d214001982c5,7,top_heavy_shuffled,"[20, 140, 35, 70, 45, 15, 25]",0,0.0,1
squad,331,56d99f99dc89441400fdb628,7,top_heavy_shuffled,"[35, 140, 45, 25, 20, 15, 70]",1,1.0,1
squad,332,56d99f99dc89441400fdb629,7,top_heavy_shuffled,"[70, 45, 35, 20, 15, 140, 25]",1,1.0,1
squad,333,56d99f99dc89441400fdb62c,7,top_heavy_shuffled,"[45, 20, 25, 15, 140, 70, 35]",0,0.0,1
squad,334,56beb7fd3aeaaa14008c92b5,7,top_heavy_shuffled,"[45, 25, 35, 15, 140, 70, 20]",1,1.0,1
squad,335,56beb7fd3aeaaa14008c92b6,7,top_heavy_shuffled,"[70, 20, 140, 45, 25, 35, 15]",1,1.0,1
squad,336,56beb7fd3aeaaa14008c92b7,7,top_heavy_shuffled,"[25, 70, 45, 20, 15, 35, 140]",0,0.0,1
squad,337,56beb7fd3aeaaa14008c92b8,7,top_heavy_shuffled,"[20, 45, 70, 25, 140, 15, 35]",1,1.0,1
squad,338,56bf3a223aeaaa14008c9575,7,top_heavy_shuffled,"[25, 15, 45, 35, 70, 20, 140]",1,1.0,1
squad,339,56bf3a223aeaaa14008c9576,7,top_heavy_shuffled,"[15, 140, 70, 20, 35, 25, 45]",0,0.0,1
squad,340,56bf3a223aeaaa14008c9577,7,top_heavy_shuffled,"[15, 140, 45, 25, 70, 35, 20]",1,1.0,1
squad,341,56bf3a223aeaaa14008c9579,7,top_heavy_shuffled,"[25, 20, 45, 140, 35, 15, 70]",0,0.0,1
squad,342,56d703d10d65d214001982d6,7,top_heavy_shuffled,"[45, 15, 140, 70, 35, 20, 25]",0,0.0,1
squad,343,56d703d10d65d214001982d7,7,top_heavy_shuffled,"[45, 15, 25, 70, 35, 140, 20]",0,0.0,1
squad,344,56d703d10d65d214001982d8,7,top_heavy_shuffled,"[25, 45, 35, 20, 15, 140, 70]",0,0.0,1
squad,345,56d9a026dc89441400fdb632,7,top_heavy_shuffled,"[25, 70, 35, 45, 140, 15, 20]",0,0.0,1
squad,346,56beb86b3aeaaa14008c92bd,7,top_heavy_shuffled,"[20, 35, 140, 45, 25, 15, 70]",0,0.0,1
squad,347,56beb86b3aeaaa14008c92be,7,top_heavy_shuffled,"[15, 20, 70, 25, 140, 35, 45]",0,0.0,1
squad,348,56beb86b3aeaaa14008c92bf,7,top_heavy_shuffled,"[20, 15, 25, 45, 35, 70, 140]",0,0.0,1
squad,349,56beb86b3aeaaa14008c92c0,7,top_heavy_shuffled,"[25, 140, 70, 15, 20, 35, 45]",0,0.0,1
squad,350,56beb86b3aeaaa14008c92c1,7,top_heavy_shuffled,"[15, 25, 20, 45, 140, 70, 35]",1,1.0,1
squad,351,56bf3fd53aeaaa14008c9591,7,top_heavy_shuffled,"[15, 140, 20, 25, 35, 45, 70]",1,1.0,1
squad,352,56bf3fd53aeaaa14008c9592,7,top_heavy_shuffled,"[20, 70, 45, 140, 35, 15, 25]",0,0.0,1
squad,353,56bf3fd53aeaaa14008c9593,7,top_heavy_shuffled,"[15, 70, 140, 25, 45, 35, 20]",1,1.0,1
squad,354,56bf3fd53aeaaa14008c9594,7,top_heavy_shuffled,"[20, 35, 70, 25, 45, 15, 140]",1,1.0,1
squad,355,56bf3fd53aeaaa14008c9595,7,top_heavy_shuffled,"[35, 70, 20, 25, 45, 140, 15]",0,0.0,1
squad,356,56d704430d65d214001982de,7,top_heavy_shuffled,"[15, 35, 45, 70, 25, 20, 140]",0,0.0,1
squad,357,56d704430d65d214001982e0,7,top_heavy_shuffled,"[140, 70, 15, 45, 20, 25, 35]",1,1.0,1
squad,358,56d704430d65d214001982e1,7,top_heavy_shuffled,"[35, 45, 15, 70, 20, 140, 25]",0,0.0,1
squad,359,56d704430d65d214001982e2,7,top_heavy_shuffled,"[45, 140, 20, 15, 70, 35, 25]",1,1.0,1
squad,360,56d9a0eadc89441400fdb63e,7,top_heavy_shuffled,"[20, 140, 25, 35, 45, 15, 70]",1,1.0,1
squad,361,56d9a0eadc89441400fdb63f,7,top_heavy_shuffled,"[70, 45, 35, 15, 140, 25, 20]",0,0.0,1
squad,362,56d9a0eadc89441400fdb640,7,top_heavy_shuffled,"[25, 140, 15, 35, 20, 70, 45]",0,0.0,1
squad,363,56beb90c3aeaaa14008c92c7,7,top_heavy_shuffled,"[140, 35, 15, 25, 45, 20, 70]",1,1.0,1
squad,364,56beb90c3aeaaa14008c92c8,7,top_heavy_shuffled,"[15, 70, 35, 45, 25, 20, 140]",0,0.0,1
squad,365,56beb90c3aeaaa14008c92c9,7,top_heavy_shuffled,"[140, 35, 70, 45, 15, 20, 25]",0,0.0,1
squad,366,56beb90c3aeaaa14008c92ca,7,top_heavy_shuffled,"[15, 45, 25, 70, 35, 140, 20]",0,0.0,1
squad,367,56beb90c3aeaaa14008c92cb,7,top_heavy_shuffled,"[25, 35, 45, 70, 15, 20, 140]",0,0.0,1
squad,368,56bf41013aeaaa14008c959b,7,top_heavy_shuffled,"[25, 20, 70, 45, 15, 35, 140]",0,0.0,1
squad,369,56bf41013aeaaa14008c959c,7,top_heavy_shuffled,"[25, 140, 15, 35, 70, 20, 45]",0,0.6666666666666666,1
squad,370,56bf41013aeaaa14008c959d,7,top_heavy_shuffled,"[15, 25, 140, 35, 20, 70, 45]",0,0.0,1
squad,371,56bf41013aeaaa14008c959e,7,top_heavy_shuffled,"[35, 140, 25, 45, 70, 15, 20]",0,0.0,1
squad,372,56d7096b0d65d214001982fc,7,top_heavy_shuffled,"[25, 45, 15, 140, 35, 20, 70]",0,0.0,1
squad,373,56d7096b0d65d214001982fd,7,top_heavy_shuffled,"[70, 25, 15, 140, 20, 45, 35]",0,0.0,1
squad,374,56d7096b0d65d214001982fe,7,top_heavy_shuffled,"[20, 70, 25, 35, 140, 45, 15]",0,0.0,1
squad,375,56d9a199dc89441400fdb647,7,top_heavy_shuffled,"[15, 70, 20, 45, 25, 35, 140]",0,0.0,1
squad,376,56d9a199dc89441400fdb648,7,top_heavy_shuffled,"[70, 140, 20, 35, 15, 25, 45]",0,0.0,1
squad,377,56d9a199dc89441400fdb649,7,top_heavy_shuffled,"[20, 140, 25, 15, 45, 70, 35]",0,0.0,1
squad,378,56beb97c3aeaaa14008c92db,7,top_heavy_shuffled,"[70, 25, 45, 15, 35, 20, 140]",1,1.0,1
squad,379,56beb97c3aeaaa14008c92dc,7,top_heavy_shuffled,"[35, 140, 15, 25, 70, 20, 45]",1,1.0,1
squad,380,56beb97c3aeaaa14008c92dd,7,top_heavy_shuffled,"[140, 35, 25, 15, 45, 70, 20]",1,1.0,1
squad,381,56beb97c3aeaaa14008c92de,7,top_heavy_shuffled,"[45, 15, 140, 35, 20, 70, 25]",1,1.0,1
squad,382,56beb97c3aeaaa14008c92df,7,top_heavy_shuffled,"[35, 20, 15, 140, 25, 70, 45]",0,0.0,1
squad,383,56bf6c3e3aeaaa14008c9615,7,top_heavy_shuffled,"[70, 20, 35, 45, 15, 25, 140]",1,1.0,1
squad,384,56bf6c3e3aeaaa14008c9617,7,top_heavy_shuffled,"[45, 20, 25, 35, 140, 70, 15]",0,0.0,1
squad,385,56d709ef0d65d21400198306,7,top_heavy_shuffled,"[20, 45, 15, 140, 25, 70, 35]",0,0.0,0
squad,386,56d709ef0d65d21400198307,7,top_heavy_shuffled,"[70, 15, 25, 140, 45, 20, 35]",1,1.0,1
squad,387,56beba103aeaaa14008c92e5,7,top_heavy_shuffled,"[70, 15, 20, 25, 140, 35, 45]",0,0.0,1
squad,388,56beba103aeaaa14008c92e6,7,top_heavy_shuffled,"[20, 70, 45, 25, 140, 15, 35]",0,0.0,1
squad,389,56beba103aeaaa14008c92e7,7,top_heavy_shuffled,"[45, 140, 70, 35, 25, 15, 20]",0,0.0,1
squad,390,56beba103aeaaa14008c92e8,7,top_heavy_shuffled,"[15, 140, 35, 25, 20, 70, 45]",0,0.0,1
squad,391,56beba103aeaaa14008c92e9,7,top_heavy_shuffled,"[45, 35, 70, 25, 140, 20, 15]",0,0.0,1
squad,392,56bf467d3aeaaa14008c95a5,7,top_heavy_shuffled,"[70, 20, 140, 25, 15, 45, 35]",0,0.0,1
squad,393,56bf467d3aeaaa14008c95a6,7,top_heavy_shuffled,"[15, 70, 20, 25, 35, 140, 45]",0,0.0,1
squad,394,56bf467d3aeaaa14008c95a7,7,top_heavy_shuffled,"[25, 45, 140, 15, 70, 35, 20]",0,0.0,1
squad,395,56d70adc0d65d21400198311,7,top_heavy_shuffled,"[20, 45, 70, 15, 35, 25, 140]",0,0.0,1
squad,396,56d70adc0d65d21400198312,7,top_heavy_shuffled,"[35, 140, 20, 15, 45, 25, 70]",0,0.0,1
squad,397,56d70adc0d65d21400198313,7,top_heavy_shuffled,"[35, 140, 45, 20, 15, 25, 70]",0,0.0,1
squad,398,56d70adc0d65d21400198314,7,top_heavy_shuffled,"[35, 70, 20, 15, 25, 45, 140]",0,0.0,1
squad,399,56d9a419dc89441400fdb678,7,top_heavy_shuffled,"[25, 45, 15, 20, 35, 140, 70]",0,0.0,1
squad,400,56d9a419dc89441400fdb679,7,top_heavy_shuffled,"[70, 45, 25, 20, 35, 140, 15]",0,0.0,1
squad,401,56bebad93aeaaa14008c92f9,7,top_heavy_shuffled,"[140, 15, 35, 45, 25, 20, 70]",1,1.0,1
squad,402,56bebad93aeaaa14008c92fa,7,top_heavy_shuffled,"[35, 15, 140, 25, 70, 45, 20]",0,0.0,1
squad,403,56bebad93aeaaa14008c92fb,7,top_heavy_shuffled,"[15, 35, 140, 25, 45, 70, 20]",0,0.0,1
squad,404,56bebad93aeaaa14008c92fc,7,top_heavy_shuffled,"[70, 25, 20, 140, 15, 45, 35]",1,1.0,1
squad,405,56bebad93aeaaa14008c92fd,7,top_heavy_shuffled,"[15, 45, 70, 20, 35, 25, 140]",0,0.6666666666666666,1
squad,406,56bf48cc3aeaaa14008c95ab,7,top_heavy_shuffled,"[25, 70, 35, 15, 45, 140, 20]",0,0.6666666666666666,1
squad,407,56bf48cc3aeaaa14008c95ac,7,top_heavy_shuffled,"[45, 15, 70, 20, 25, 35, 140]",0,0.0,1
squad,408,56bf48cc3aeaaa14008c95ae,7,top_heavy_shuffled,"[35, 25, 15, 20, 140, 45, 70]",0,0.0,1
squad,409,56bf48cc3aeaaa14008c95af,7,top_heavy_shuffled,"[140, 35, 70, 45, 15, 25, 20]",1,1.0,1
squad,410,56d70ccc0d65d2140019831d,7,top_heavy_shuffled,"[15, 25, 140, 35, 70, 20, 45]",0,0.0,1
squad,411,56d70ccc0d65d2140019831f,7,top_heavy_shuffled,"[140, 45, 20, 70, 25, 35, 15]",0,0.0,1
squad,412,56d9a637dc89441400fdb697,7,top_heavy_shuffled,"[45, 25, 20, 15, 140, 35, 70]",0,0.6666666666666666,1
squad,413,56d9a637dc89441400fdb698,7,top_heavy_shuffled,"[70, 45, 20, 35, 140, 15, 25]",1,1.0,1
squad,414,56d9a637dc89441400fdb699,7,top_heavy_shuffled,"[15, 35, 45, 70, 20, 140, 25]",0,0.0,1
squad,415,56d9a637dc89441400fdb69a,7,top_heavy_shuffled,"[15, 70, 45, 25, 35, 20, 140]",0,0.0,1
squad,416,56bebb293aeaaa14008c9303,7,top_heavy_shuffled,"[70, 15, 35, 140, 45, 20, 25]",0,0.0,1
squad,417,56bebb293aeaaa14008c9304,7,top_heavy_shuffled,"[140, 25, 45, 15, 20, 35, 70]",1,1.0,1
squad,418,56bebb293aeaaa14008c9305,7,top_heavy_shuffled,"[45, 15, 140, 70, 35, 25, 20]",1,1.0,1
squad,419,56bebb293aeaaa14008c9306,7,top_heavy_shuffled,"[15, 35, 70, 25, 140, 45, 20]",0,0.0,1
squad,420,56bf49993aeaaa14008c95b5,7,top_heavy_shuffled,"[140, 70, 15, 45, 25, 20, 35]",0,0.0,0
squad,421,56bf49993aeaaa14008c95b6,7,top_heavy_shuffled,"[20, 45, 35, 140, 15, 70, 25]",0,0.0,0
squad,422,56bf49993aeaaa14008c95b7,7,top_heavy_shuffled,"[25, 140, 20, 35, 15, 45, 70]",0,0.0,0
squad,423,56bf49993aeaaa14008c95b8,7,top_heavy_shuffled,"[15, 20, 140, 25, 45, 70, 35]",0,0.14285714285714288,0
squad,424,56d70d240d65d21400198326,7,top_heavy_shuffled,"[35, 25, 15, 20, 70, 45, 140]",0,0.0,0
squad,425,56d70d240d65d21400198327,7,top_heavy_shuffled,"[70, 35, 140, 20, 25, 45, 15]",0,0.0,0
squad,426,56d70d240d65d21400198328,7,top_heavy_shuffled,"[35, 25, 45, 15, 140, 70, 20]",0,0.14285714285714288,0
squad,427,56d70d240d65d21400198329,7,top_heavy_shuffled,"[25, 35, 20, 45, 140, 15, 70]",0,0.0,0
squad,428,56d9a6b4dc89441400fdb6a0,7,top_heavy_shuffled,"[35, 20, 140, 70, 45, 15, 25]",0,0.3333333333333333,0
squad,429,56d9a6b4dc89441400fdb6a1,7,top_heavy_shuffled,"[20, 15, 70, 140, 25, 45, 35]",0,0.5,1
squad,430,56d9a6b4dc89441400fdb6a2,7,top_heavy_shuffled,"[35, 20, 15, 140, 45, 70, 25]",0,0.0,0
squad,431,56d9a6b4dc89441400fdb6a3,7,top_heavy_shuffled,"[20, 140, 45, 35, 15, 25, 70]",0,0.0,0
squad,432,56bebbbf3aeaaa14008c9315,7,top_heavy_shuffled,"[20, 140, 35, 45, 25, 15, 70]",1,1.0,1
squad,433,56bebbbf3aeaaa14008c9316,7,top_heavy_shuffled,"[140, 15, 20, 35, 45, 70, 25]",0,0.6666666666666666,1
squad,434,56bebbbf3aeaaa14008c9317,7,top_heavy_shuffled,"[25, 45, 20, 15, 140, 35, 70]",0,0.0,1
squad,435,56bebbbf3aeaaa14008c9318,7,top_heavy_shuffled,"[140, 35, 45, 70, 25, 15, 20]",1,1.0,1
squad,436,56bebbbf3aeaaa14008c9319,7,top_heavy_shuffled,"[45, 70, 25, 20, 140, 15, 35]",1,1.0,1
squad,437,56bf4e1b3aeaaa14008c95bd,7,top_heavy_shuffled,"[25, 70, 140, 35, 15, 20, 45]",0,0.0,1
squad,438,56bf4e1b3aeaaa14008c95be,7,top_heavy_shuffled,"[35, 20, 25, 15, 140, 70, 45]",0,0.6666666666666666,1
squad,439,56bf4e1b3aeaaa14008c95c0,7,top_heavy_shuffled,"[25, 70, 45, 140, 15, 35, 20]",0,0.0,1
squad,440,56bf4e1b3aeaaa14008c95c1,7,top_heavy_shuffled,"[20, 45, 70, 15, 25, 35, 140]",0,0.0,1
squad,441,56d70daa0d65d21400198332,7,top_heavy_shuffled,"[25, 45, 140, 20, 15, 70, 35]",1,1.0,1
squad,442,56d70daa0d65d21400198333,7,top_heavy_shuffled,"[140, 70, 20, 35, 15, 25, 45]",0,0.0,1
squad,443,56d70daa0d65d21400198334,7,top_heavy_shuffled,"[140, 15, 25, 45, 35, 70, 20]",0,0.5,1
squad,444,56d70daa0d65d21400198335,7,top_heavy_shuffled,"[20, 70, 15, 35, 45, 25, 140]",1,1.0,1
squad,445,56d70daa0d65d21400198336,7,top_heavy_shuffled,"[20, 45, 25, 35, 70, 140, 15]",0,0.0,1
squad,446,56d9a7addc89441400fdb6a8,7,top_heavy_shuffled,"[25, 20, 35, 140, 70, 15, 45]",0,0.0,1
squad,447,56d9a7addc89441400fdb6ab,7,top_heavy_shuffled,"[140, 45, 20, 15, 25, 35, 70]",0,0.0,1
squad,448,56bebc383aeaaa14008c931f,7,top_heavy_shuffled,"[25, 20, 45, 140, 35, 70, 15]",0,0.0,1
squad,449,56bebc383aeaaa14008c9320,7,top_heavy_shuffled,"[70, 20, 45, 35, 25, 140, 15]",1,1.0,1
squad,450,56bebc383aeaaa14008c9321,7,top_heavy_shuffled,"[15, 140, 45, 20, 35, 25, 70]",0,0.0,1
squad,451,56bf52483aeaaa14008c95c7,7,top_heavy_shuffled,"[20, 140, 45, 25, 70, 35, 15]",0,0.0,1
squad,452,56bf52483aeaaa14008c95c8,7,top_heavy_shuffled,"[35, 20, 45, 25, 140, 70, 15]",0,0.0,1
squad,453,56d70e570d65d2140019833c,7,top_heavy_shuffled,"[140, 70, 15, 20, 35, 45, 25]",0,0.6666666666666666,1
squad,454,56d70e570d65d2140019833e,7,top_heavy_shuffled,"[35, 140, 20, 25, 45, 15, 70]",0,0.0,1
squad,455,56d70e570d65d2140019833f,7,top_heavy_shuffled,"[35, 45, 140, 70, 20, 15, 25]",0,0.0,1
squad,456,56d9b01fdc89441400fdb6d4,7,top_heavy_shuffled,"[25, 70, 35, 15, 45, 20, 140]",0,0.0,0
squad,457,56bebcbe3aeaaa14008c9325,7,top_heavy_shuffled,"[35, 20, 70, 15, 25, 140, 45]",1,1.0,1
squad,458,56bebcbe3aeaaa14008c9326,7,top_heavy_shuffled,"[25, 20, 15, 45, 70, 140, 35]",1,1.0,1
squad,459,56bebcbe3aeaaa14008c9327,7,top_heavy_shuffled,"[140, 25, 35, 15, 20, 70, 45]",1,1.0,1
squad,460,56bebcbe3aeaaa14008c9328,7,top_heavy_shuffled,"[20, 35, 45, 140, 25, 70, 15]",0,0.0,1
squad,461,56bebcbe3aeaaa14008c9329,7,top_heavy_shuffled,"[45, 70, 15, 35, 25, 140, 20]",0,0.0,1
squad,462,56bf53e73aeaaa14008c95cb,7,top_heavy_shuffled,"[140, 70, 20, 15, 25, 45, 35]",0,0.0,1
squad,463,56bf53e73aeaaa14008c95cc,7,top_heavy_shuffled,"[35, 15, 70, 20, 45, 140, 25]",0,0.0,1
squad,464,56bf53e73aeaaa14008c95cd,7,top_heavy_shuffled,"[70, 25, 35, 140, 20, 45, 15]",1,1.0,1
squad,465,56bf53e73aeaaa14008c95ce,7,top_heavy_shuffled,"[140, 45, 25, 20, 35, 15, 70]",1,1.0,1
squad,466,56d7145c0d65d2140019834c,7,top_heavy_shuffled,"[15, 140, 35, 45, 20, 70, 25]",0,0.5714285714285715,1
squad,467,56d7145c0d65d2140019834d,7,top_heavy_shuffled,"[45, 70, 140, 20, 35, 25, 15]",1,1.0,1
squad,468,56d7145c0d65d2140019834f,7,top_heavy_shuffled,"[140, 70, 20, 15, 35, 25, 45]",1,1.0,1
squad,469,56d9b389dc89441400fdb6ec,7,top_heavy_shuffled,"[140, 15, 35, 20, 25, 70, 45]",1,1.0,1
squad,470,56d9b389dc89441400fdb6ed,7,top_heavy_shuffled,"[140, 70, 15, 20, 45, 25, 35]",1,1.0,1
squad,471,56d9b389dc89441400fdb6ee,7,top_heavy_shuffled,"[20, 25, 15, 140, 45, 70, 35]",0,0.0,1
squad,472,56d9b389dc89441400fdb6ef,7,top_heavy_shuffled,"[70, 140, 25, 35, 15, 45, 20]",0,0.0,1
squad,473,56d9b389dc89441400fdb6f0,7,top_heavy_shuffled,"[70, 15, 25, 35, 140, 20, 45]",1,1.0,1
squad,474,56bebd713aeaaa14008c932f,7,top_heavy_shuffled,"[25, 45, 70, 15, 35, 140, 20]",0,0.3333333333333333,1
squad,475,56bebd713aeaaa14008c9330,7,top_heavy_shuffled,"[35, 140, 25, 70, 20, 15, 45]",0,0.5,0
squad,476,56bebd713aeaaa14008c9331,7,top_heavy_shuffled,"[20, 45, 35, 15, 140, 70, 25]",0,0.0,1
squad,477,56bf555e3aeaaa14008c95d3,7,top_heavy_shuffled,"[70, 20, 25, 140, 15, 45, 35]",0,0.0,0
squad,478,56bf555e3aeaaa14008c95d4,7,top_heavy_shuffled,"[20, 25, 35, 15, 70, 140, 45]",0,0.5,1
squad,479,56bf555e3aeaaa14008c95d5,7,top_heavy_shuffled,"[35, 70, 45, 140, 20, 15, 25]",0,0.0,0
squad,480,56d714cd0d65d21400198356,7,top_heavy_shuffled,"[35, 15, 70, 45, 25, 140, 20]",1,1.0,1
squad,481,56d714cd0d65d21400198358,7,top_heavy_shuffled,"[140, 70, 15, 35, 45, 25, 20]",1,1.0,1
squad,482,56d714cd0d65d21400198359,7,top_heavy_shuffled,"[15, 140, 70, 45, 20, 35, 25]",0,0.0,1
squad,483,56d9b43edc89441400fdb700,7,top_heavy_shuffled,"[15, 25, 20, 70, 140, 45, 35]",0,0.0,0
squad,484,56d9b43edc89441400fdb701,7,top_heavy_shuffled,"[25, 20, 15, 45, 70, 140, 35]",0,0.0,1
squad,485,56bebde53aeaaa14008c9335,7,top_heavy_shuffled,"[70, 15, 20, 35, 45, 25, 140]",0,0.0,1
squad,486,56bebde53aeaaa14008c9336,7,top_heavy_shuffled,"[140, 15, 25, 20, 45, 35, 70]",0,0.6666666666666666,1
squad,487,56bebde53aeaaa14008c9337,7,top_heavy_shuffled,"[45, 25, 15, 35, 20, 70, 140]",0,0.0,1
squad,488,56bebde53aeaaa14008c9338,7,top_heavy_shuffled,"[45, 140, 20, 15, 25, 35, 70]",0,0.0,1
squad,489,56bebde53aeaaa14008c9339,7,top_heavy_shuffled,"[15, 25, 70, 140, 35, 20, 45]",0,0.0,1
squad,490,56bf57043aeaaa14008c95d9,7,top_heavy_shuffled,"[20, 25, 140, 70, 45, 15, 35]",1,1.0,1
squad,491,56bf57043aeaaa14008c95da,7,top_heavy_shuffled,"[45, 70, 25, 140, 15, 20, 35]",0,0.0,1
squad,492,56bf57043aeaaa14008c95db,7,top_heavy_shuffled,"[45, 15, 25, 35, 20, 140, 70]",1,1.0,1
squad,493,56bf57043aeaaa14008c95dc,7,top_heavy_shuffled,"[140, 70, 35, 45, 25, 20, 15]",0,0.0,1
squad,494,56bf57043aeaaa14008c95dd,7,top_heavy_shuffled,"[35, 45, 70, 25, 20, 15, 140]",0,0.0,1
squad,495,56d71bd80d65d2140019835e,7,top_heavy_shuffled,"[35, 15, 70, 140, 25, 45, 20]",0,0.6666666666666666,1
squad,496,56d71bd80d65d21400198360,7,top_heavy_shuffled,"[20, 15, 35, 25, 45, 140, 70]",0,0.0,1
squad,497,56d71bd80d65d21400198361,7,top_heavy_shuffled,"[20, 45, 140, 70, 15, 35, 25]",0,0.0,1
squad,498,56d71bd80d65d21400198362,7,top_heavy_shuffled,"[25, 20, 35, 140, 45, 70, 15]",0,0.0,1
squad,499,56d9b4ebdc89441400fdb708,7,top_heavy_shuffled,"[20, 140, 70, 45, 35, 25, 15]",0,0.0,1
squad,500,56d9b4ebdc89441400fdb709,7,top_heavy_shuffled,"[35, 20, 25, 45, 15, 140, 70]",0,0.5714285714285715,0
squad,501,56d9b4ebdc89441400fdb70a,7,top_heavy_shuffled,"[25, 35, 15, 45, 20, 140, 70]",0,0.0,1
squad,502,56d9b4ebdc89441400fdb70b,7,top_heavy_shuffled,"[25, 140, 15, 70, 45, 20, 35]",0,0.0,1
squad,503,56d9b4ebdc89441400fdb70c,7,top_heavy_shuffled,"[15, 70, 20, 25, 140, 35, 45]",0,0.0,1
squad,504,56bebe873aeaaa14008c933f,7,top_heavy_shuffled,"[140, 20, 70, 35, 15, 45, 25]",0,0.0,1
squad,505,56bebe873aeaaa14008c9340,7,top_heavy_shuffled,"[70, 25, 35, 20, 15, 45, 140]",1,1.0,1
squad,506,56bebe873aeaaa14008c9341,7,top_heavy_shuffled,"[15, 70, 140, 20, 25, 45, 35]",0,0.3636363636363636,1
squad,507,56bebe873aeaaa14008c9342,7,top_heavy_shuffled,"[45, 70, 140, 35, 15, 20, 25]",0,0.0,0
squad,508,56bebe873aeaaa14008c9343,7,top_heavy_shuffled,"[25, 140, 70, 35, 15, 20, 45]",0,0.0,0
squad,509,56bf59523aeaaa14008c95e3,7,top_heavy_shuffled,"[70, 25, 35, 140, 45, 15, 20]",1,1.0,1
squad,510,56bf59523aeaaa14008c95e4,7,top_heavy_shuffled,"[25, 15, 20, 140, 70, 35, 45]",0,0.0,0
squad,511,56bf59523aeaaa14008c95e5,7,top_heavy_shuffled,"[25, 140, 45, 20, 15, 70, 35]",0,0.0,0
squad,512,56d71cb60d65d21400198368,7,top_heavy_shuffled,"[45, 35, 25, 140, 15, 20, 70]",1,1.0,1
squad,513,56d9b5ffdc89441400fdb720,7,top_heavy_shuffled,"[25, 140, 15, 45, 35, 20, 70]",0,0.0,1
squad,514,56d9b5ffdc89441400fdb721,7,top_heavy_shuffled,"[35, 20, 70, 140, 15, 45, 25]",1,1.0,1
squad,515,56bebec43aeaaa14008c9349,7,top_heavy_shuffled,"[25, 70, 45, 35, 140, 15, 20]",0,0.0,1
squad,516,56bebec43aeaaa14008c934a,7,top_heavy_shuffled,"[15, 140, 35, 25, 20, 45, 70]",0,0.28571428571428575,1
squad,517,56bf5abc3aeaaa14008c95e9,7,top_heavy_shuffled,"[45, 25, 35, 15, 70, 140, 20]",0,0.0,0
squad,518,56bf5abc3aeaaa14008c95ea,7,top_heavy_shuffled,"[15, 45, 70, 140, 35, 20, 25]",0,0.4,1
squad,519,56d71d150d65d2140019836e,7,top_heavy_shuffled,"[25, 35, 45, 140, 20, 15, 70]",0,0.888888888888889,1
squad,520,56d71d150d65d2140019836f,7,top_heavy_shuffled,"[140, 15, 25, 45, 35, 70, 20]",0,0.5555555555555556,1
squad,521,56d71d150d65d21400198370,7,top_heavy_shuffled,"[25, 140, 70, 45, 20, 15, 35]",0,0.4,1
squad,522,56d9b6a3dc89441400fdb72f,7,top_heavy_shuffled,"[15, 45, 20, 140, 35, 70, 25]",1,1.0,1
squad,523,56d9b6a3dc89441400fdb730,7,top_heavy_shuffled,"[140, 20, 15, 25, 35, 70, 45]",0,0.28571428571428575,1
squad,524,56bec0353aeaaa14008c934d,7,top_heavy_shuffled,"[45, 15, 25, 35, 20, 140, 70]",0,0.0,1
squad,525,56bec0353aeaaa14008c934e,7,top_heavy_shuffled,"[70, 45, 25, 15, 140, 35, 20]",1,1.0,1
squad,526,56bec0353aeaaa14008c934f,7,top_heavy_shuffled,"[15, 35, 45, 140, 20, 25, 70]",0,0.0,1
squad,527,56bec0353aeaaa14008c9350,7,top_heavy_shuffled,"[15, 140, 20, 35, 25, 45, 70]",0,0.0,1
squad,528,56bec0353aeaaa14008c9351,7,top_heavy_shuffled,"[140, 20, 25, 35, 45, 70, 15]",1,1.0,1
squad,529,56bf5b933aeaaa14008c95ed,7,top_heavy_shuffled,"[25, 35, 15, 70, 45, 140, 20]",1,1.0,1
squad,530,56bf5b933aeaaa14008c95ef,7,top_heavy_shuffled,"[20, 45, 140, 35, 15, 70, 25]",0,0.0,1
squad,531,56bf5b933aeaaa14008c95f1,7,top_heavy_shuffled,"[70, 20, 140, 25, 45, 35, 15]",1,1.0,1
squad,532,56d71d9d0d65d21400198374,7,top_heavy_shuffled,"[70, 45, 35, 140, 15, 20, 25]",1,1.0,1
squad,533,56d71d9d0d65d21400198377,7,top_heavy_shuffled,"[140, 70, 25, 35, 45, 15, 20]",1,1.0,1
squad,534,56bec0dd3aeaaa14008c9357,7,top_heavy_shuffled,"[35, 25, 140, 15, 20, 70, 45]",0,0.0,0
squad,535,56bec0dd3aeaaa14008c9358,7,top_heavy_shuffled,"[15, 20, 45, 70, 140, 35, 25]",0,0.0,1
squad,536,56bec0dd3aeaaa14008c9359,7,top_heavy_shuffled,"[70, 35, 140, 45, 25, 20, 15]",1,1.0,1
squad,537,56bec0dd3aeaaa14008c935a,7,top_heavy_shuffled,"[140, 15, 20, 45, 35, 25, 70]",1,1.0,1
squad,538,56bec0dd3aeaaa14008c935b,7,top_heavy_shuffled,"[140, 25, 20, 45, 70, 15, 35]",0,0.0,1
squad,539,56bf5e7b3aeaaa14008c95f7,7,top_heavy_shuffled,"[70, 20, 45, 35, 15, 140, 25]",1,1.0,1
squad,540,56bf5e7b3aeaaa14008c95f8,7,top_heavy_shuffled,"[25, 70, 20, 45, 15, 140, 35]",0,0.0,1
squad,541,56bf5e7b3aeaaa14008c95f9,7,top_heavy_shuffled,"[15, 35, 140, 70, 20, 45, 25]",0,0.0,1
squad,542,56bf5e7b3aeaaa14008c95fa,7,top_heavy_shuffled,"[70, 20, 35, 140, 25, 15, 45]",0,0.0,1
squad,543,56bf5e7b3aeaaa14008c95fb,7,top_heavy_shuffled,"[70, 35, 140, 25, 15, 20, 45]",0,0.0,1
squad,544,56d71ed50d65d2140019837c,7,top_heavy_shuffled,"[35, 140, 45, 70, 25, 20, 15]",1,1.0,1
squad,545,56d71ed50d65d2140019837d,7,top_heavy_shuffled,"[35, 15, 70, 20, 140, 25, 45]",1,1.0,1
squad,546,56d9b7dcdc89441400fdb740,7,top_heavy_shuffled,"[45, 20, 140, 70, 25, 35, 15]",1,1.0,0
squad,547,56d9b7dcdc89441400fdb741,7,top_heavy_shuffled,"[15, 25, 20, 70, 45, 140, 35]",0,0.0909090909090909,0
squad,548,56d9b7dcdc89441400fdb742,7,top_heavy_shuffled,"[45, 140, 20, 15, 35, 70, 25]",0,0.22222222222222224,0
squad,549,56d9b7dcdc89441400fdb743,7,top_heavy_shuffled,"[15, 20, 140, 45, 25, 35, 70]",0,0.0,1
squad,550,56d9b7dcdc89441400fdb744,7,top_heavy_shuffled,"[35, 20, 15, 45, 25, 140, 70]",0,0.0,0
squad,551,56bec1823aeaaa14008c9361,7,top_heavy_shuffled,"[45, 140, 25, 35, 15, 70, 20]",0,0.0,1
squad,552,56bec1823aeaaa14008c9362,7,top_heavy_shuffled,"[35, 20, 25, 140, 70, 15, 45]",0,0.0,1
squad,553,56bec1823aeaaa14008c9363,7,top_heavy_shuffled,"[20, 15, 70, 140, 25, 35, 45]",0,0.0,1
squad,554,56bec1823aeaaa14008c9364,7,top_heavy_shuffled,"[20, 70, 15, 35, 25, 140, 45]",1,1.0,1
squad,555,56bec1823aeaaa14008c9365,7,top_heavy_shuffled,"[35, 25, 20, 15, 70, 45, 140]",1,1.0,1
squad,556,56bf6d343aeaaa14008c961b,7,top_heavy_shuffled,"[15, 35, 70, 20, 25, 140, 45]",1,1.0,0
squad,557,56d71fc00d65d21400198386,7,top_heavy_shuffled,"[140, 35, 20, 70, 25, 45, 15]",1,1.0,1
squad,558,56d71fc00d65d21400198389,7,top_heavy_shuffled,"[35, 25, 15, 45, 20, 140, 70]",0,0.0,1
squad,559,56d9ba95dc89441400fdb754,7,top_heavy_shuffled,"[70, 140, 35, 15, 25, 20, 45]",0,0.0,1
squad,560,56d9ba95dc89441400fdb757,7,top_heavy_shuffled,"[45, 25, 70, 15, 35, 20, 140]",0,0.25,1
squad,561,56d9ba95dc89441400fdb758,7,top_heavy_shuffled,"[35, 15, 70, 140, 20, 45, 25]",0,0.0,1
squad,562,56bec2013aeaaa14008c9371,7,top_heavy_shuffled,"[140, 20, 25, 70, 35, 45, 15]",1,1.0,1
squad,563,56bec2013aeaaa14008c9372,7,top_heavy_shuffled,"[45, 25, 15, 70, 140, 20, 35]",0,0.0,1
squad,564,56bec2013aeaaa14008c9373,7,top_heavy_shuffled,"[45, 35, 140, 70, 25, 15, 20]",1,1.0,1
squad,565,56bec2013aeaaa14008c9374,7,top_heavy_shuffled,"[15, 70, 20, 25, 45, 35, 140]",0,0.0,1
squad,566,56bec2013aeaaa14008c9375,7,top_heavy_shuffled,"[140, 35, 45, 20, 25, 70, 15]",0,0.0,1
squad,567,56bf6e7a3aeaaa14008c961f,7,top_heavy_shuffled,"[70, 35, 140, 25, 45, 20, 15]",0,0.0,0
squad,568,56bf6e7a3aeaaa14008c9620,7,top_heavy_shuffled,"[45, 140, 25, 15, 70, 20, 35]",0,0.0,0
squad,569,56bf6e7a3aeaaa14008c9621,7,top_heavy_shuffled,"[25, 140, 20, 35, 70, 15, 45]",0,0.0,1
squad,570,56bf6e7a3aeaaa14008c9622,7,top_heavy_shuffled,"[25, 70, 20, 140, 35, 15, 45]",0,0.8,1
squad,571,56d7205e0d65d21400198391,7,top_heavy_shuffled,"[70, 20, 15, 35, 25, 140, 45]",0,0.6666666666666666,1
squad,572,56d7205e0d65d21400198392,7,top_heavy_shuffled,"[70, 35, 20, 25, 140, 15, 45]",1,1.0,1
squad,573,56d9bc13dc89441400fdb75e,7,top_heavy_shuffled,"[45, 20, 25, 35, 15, 70, 140]",1,1.0,1
squad,574,56d9bc13dc89441400fdb75f,7,top_heavy_shuffled,"[45, 25, 15, 20, 140, 70, 35]",0,0.0,0
squad,575,56d9bc13dc89441400fdb760,7,top_heavy_shuffled,"[15, 70, 20, 35, 25, 140, 45]",0,0.0,1
squad,576,56bec2573aeaaa14008c937b,7,top_heavy_shuffled,"[35, 25, 140, 15, 45, 20, 70]",0,0.0,1
squad,577,56bec2573aeaaa14008c937c,7,top_heavy_shuffled,"[35, 20, 70, 15, 140, 25, 45]",0,0.0,1
squad,578,56bf6f743aeaaa14008c9631,7,top_heavy_shuffled,"[20, 35, 15, 140, 45, 25, 70]",0,0.0,1
squad,579,56bf6f743aeaaa14008c9632,7,top_heavy_shuffled,"[20, 15, 140, 35, 25, 70, 45]",0,0.0,1
squad,580,56d720c70d65d21400198396,7,top_heavy_shuffled,"[25, 35, 20, 70, 140, 45, 15]",0,0.0,1
squad,581,56d720c70d65d21400198397,7,top_heavy_shuffled,"[25, 20, 140, 15, 70, 35, 45]",0,0.0,1
squad,582,56d720c70d65d21400198398,7,top_heavy_shuffled,"[15, 140, 20, 45, 25, 70, 35]",0,0.0,1
squad,583,56bec3153aeaaa14008c9389,7,top_heavy_shuffled,"[25, 20, 140, 35, 70, 45, 15]",1,1.0,1
squad,584,56bec3153aeaaa14008c938a,7,top_heavy_shuffled,"[15, 70, 35, 25, 140, 45, 20]",0,0.0,1
squad,585,56bec3153aeaaa14008c938b,7,top_heavy_shuffled,"[25, 45, 20, 70, 15, 140, 35]",0,0.0,1
squad,586,56bec3153aeaaa14008c938c,7,top_heavy_shuffled,"[20, 35, 70, 15, 25, 140, 45]",0,0.0,1
squad,587,56bf717d3aeaaa14008c9635,7,top_heavy_shuffled,"[35, 25, 140, 20, 15, 45, 70]",0,0.0,1
squad,588,56bf717d3aeaaa14008c9637,7,top_heavy_shuffled,"[70, 20, 15, 140, 25, 35, 45]",0,0.0,1
squad,589,56bf717d3aeaaa14008c9638,7,top_heavy_shuffled,"[35, 20, 70, 140, 45, 25, 15]",0,0.0,1
squad,590,56bf717d3aeaaa14008c9639,7,top_heavy_shuffled,"[35, 45, 70, 140, 25, 15, 20]",0,0.0,1
squad,591,56d721af0d65d2140019839e,7,top_heavy_shuffled,"[25, 140, 45, 70, 15, 35, 20]",0,0.0,1
squad,592,56d721af0d65d2140019839f,7,top_heavy_shuffled,"[70, 140, 15, 35, 25, 20, 45]",0,0.0,1
squad,593,56d721af0d65d214001983a0,7,top_heavy_shuffled,"[70, 25, 140, 20, 35, 45, 15]",0,0.0,1
squad,594,56d9bdc1dc89441400fdb768,7,top_heavy_shuffled,"[45, 35, 25, 15, 20, 140, 70]",0,0.0,1
squad,595,56d9bdc1dc89441400fdb769,7,top_heavy_shuffled,"[70, 45, 35, 15, 140, 20, 25]",0,0.0,1
squad,596,56d9bdc1dc89441400fdb76a,7,top_heavy_shuffled,"[20, 70, 45, 25, 140, 15, 35]",0,0.6666666666666666,1
squad,597,56bec38b3aeaaa14008c9397,7,top_heavy_shuffled,"[25, 140, 35, 45, 15, 70, 20]",1,1.0,1
squad,598,56bec38b3aeaaa14008c9398,7,top_heavy_shuffled,"[15, 25, 140, 45, 35, 70, 20]",0,0.0,1
squad,599,56bec38b3aeaaa14008c9399,7,top_heavy_shuffled,"[15, 140, 45, 25, 35, 20, 70]",0,0.0,1
squad,600,56bec38b3aeaaa14008c939a,7,top_heavy_shuffled,"[35, 45, 140, 15, 25, 20, 70]",0,0.0,1
squad,601,56bf71e73aeaaa14008c963f,7,top_heavy_shuffled,"[25, 35, 70, 140, 20, 45, 15]",0,0.0,0
squad,602,56bf71e73aeaaa14008c9640,7,top_heavy_shuffled,"[20, 15, 70, 25, 140, 35, 45]",0,0.0,1
squad,603,56d722330d65d214001983a6,7,top_heavy_shuffled,"[70, 35, 15, 45, 140, 20, 25]",1,1.0,1
squad,604,56d722330d65d214001983a7,7,top_heavy_shuffled,"[15, 70, 140, 35, 20, 25, 45]",0,0.0,1
squad,605,56d722330d65d214001983a8,7,top_heavy_shuffled,"[20, 15, 25, 70, 35, 45, 140]",0,0.0,1
squad,606,56d9be16dc89441400fdb770,7,top_heavy_shuffled,"[45, 20, 70, 35, 140, 15, 25]",0,0.0,1
squad,607,56d9be16dc89441400fdb771,7,top_heavy_shuffled,"[70, 45, 140, 35, 20, 15, 25]",0,0.0,1
squad,608,56bec4343aeaaa14008c93a9,7,top_heavy_shuffled,"[140, 25, 70, 20, 45, 35, 15]",1,1.0,1
squad,609,56bec4343aeaaa14008c93aa,7,top_heavy_shuffled,"[140, 70, 25, 45, 15, 20, 35]",0,0.0,1
squad,610,56bec4343aeaaa14008c93ab,7,top_heavy_shuffled,"[70, 15, 45, 25, 20, 140, 35]",0,0.0,1
squad,611,56bec4343aeaaa14008c93ac,7,top_heavy_shuffled,"[20, 45, 140, 15, 35, 70, 25]",0,0.0,1
squad,612,56d723560d65d214001983ac,7,top_heavy_shuffled,"[45, 35, 20, 70, 25, 140, 15]",0,0.0,1
squad,613,56d723560d65d214001983ad,7,top_heavy_shuffled,"[15, 70, 45, 35, 140, 25, 20]",0,0.0,1
squad,614,56d723560d65d214001983ae,7,top_heavy_shuffled,"[15, 70, 25, 45, 20, 140, 35]",0,0.0,1
squad,615,56d723560d65d214001983af,7,top_heavy_shuffled,"[20, 70, 35, 25, 15, 45, 140]",0,0.0,1
squad,616,56d9bf70dc89441400fdb77b,7,top_heavy_shuffled,"[20, 35, 25, 15, 140, 70, 45]",0,0.0,1
squad,617,56d9bf70dc89441400fdb77c,7,top_heavy_shuffled,"[35, 70, 15, 20, 25, 140, 45]",0,0.15384615384615385,1
squad,618,56d9bf70dc89441400fdb77d,7,top_heavy_shuffled,"[25, 70, 20, 140, 35, 15, 45]",0,0.15384615384615385,1
squad,619,56bec4a33aeaaa14008c93b1,7,top_heavy_shuffled,"[70, 45, 35, 20, 25, 15, 140]",0,0.0,0
squad,620,56bec4a33aeaaa14008c93b2,7,top_heavy_shuffled,"[25, 140, 15, 20, 70, 35, 45]",1,1.0,1
squad,621,56bec4a33aeaaa14008c93b3,7,top_heavy_shuffled,"[70, 35, 140, 45, 20, 15, 25]",1,1.0,1
squad,622,56bec4a33aeaaa14008c93b4,7,top_heavy_shuffled,"[45, 35, 20, 25, 140, 15, 70]",1,1.0,1
squad,623,56bec4a33aeaaa14008c93b5,7,top_heavy_shuffled,"[20, 35, 140, 70, 25, 45, 15]",0,0.0,1
squad,624,56bf738b3aeaaa14008c9655,7,top_heavy_shuffled,"[20, 70, 35, 140, 45, 15, 25]",0,0.0,0
squad,625,56bf738b3aeaaa14008c9656,7,top_heavy_shuffled,"[20, 35, 25, 140, 45, 70, 15]",0,0.0,0
squad,626,56d723ad0d65d214001983b4,7,top_heavy_shuffled,"[15, 140, 35, 25, 45, 20, 70]",1,1.0,1
squad,627,56d723ad0d65d214001983b5,7,top_heavy_shuffled,"[140, 70, 20, 45, 35, 15, 25]",0,0.0,1
squad,628,56d723ad0d65d214001983b8,7,top_heavy_shuffled,"[20, 35, 70, 25, 15, 45, 140]",0,0.0,1
squad,629,56d9c049dc89441400fdb78e,7,top_heavy_shuffled,"[25, 35, 15, 20, 45, 70, 140]",1,1.0,1
squad,630,56d9c049dc89441400fdb78f,7,top_heavy_shuffled,"[70, 45, 35, 15, 20, 140, 25]",1,1.0,1
squad,631,56d9c049dc89441400fdb790,7,top_heavy_shuffled,"[45, 25, 140, 35, 20, 70, 15]",0,0.3478260869565218,1
squad,632,56d9c049dc89441400fdb791,7,top_heavy_shuffled,"[20, 70, 35, 15, 140, 25, 45]",0,0.0,1
squad,633,56d9c049dc89441400fdb792,7,top_heavy_shuffled,"[20, 140, 45, 70, 25, 35, 15]",0,0.0,1
squad,634,56bec5233aeaaa14008c93cf,7,top_heavy_shuffled,"[140, 70, 20, 45, 35, 25, 15]",1,1.0,1
squad,635,56bec5233aeaaa14008c93d0,7,top_heavy_shuffled,"[45, 15, 70, 20, 25, 35, 140]",1,1.0,1
squad,636,56bec5233aeaaa14008c93d1,7,top_heavy_shuffled,"[20, 15, 35, 25, 45, 70, 140]",0,0.0,1
squad,637,56bec5233aeaaa14008c93d2,7,top_heavy_shuffled,"[20, 15, 35, 70, 45, 25, 140]",0,0.0,1
squad,638,56bec5233aeaaa14008c93d3,7,top_heavy_shuffled,"[70, 20, 140, 15, 45, 25, 35]",0,0.0,1
squad,639,56d724620d65d214001983be,7,top_heavy_shuffled,"[35, 45, 140, 15, 25, 70, 20]",0,0.0,1
squad,640,56d724620d65d214001983bf,7,top_heavy_shuffled,"[70, 20, 45, 140, 25, 35, 15]",1,1.0,1
squad,641,56d724620d65d214001983c0,7,top_heavy_shuffled,"[15, 20, 25, 70, 140, 35, 45]",0,0.0,1
squad,642,56d724620d65d214001983c1,7,top_heavy_shuffled,"[140, 45, 70, 15, 20, 35, 25]",1,1.0,1
squad,643,56d9c203dc89441400fdb7a0,7,top_heavy_shuffled,"[35, 140, 20, 25, 70, 45, 15]",0,0.2,0
squad,644,56d9c203dc89441400fdb7a3,7,top_heavy_shuffled,"[70, 25, 15, 35, 45, 140, 20]",0,0.0,1
squad,645,56bec5ff3aeaaa14008c93e3,7,top_heavy_shuffled,"[20, 35, 15, 70, 45, 25, 140]",0,0.0,1
squad,646,56bec5ff3aeaaa14008c93e4,7,top_heavy_shuffled,"[15, 70, 140, 20, 35, 45, 25]",0,0.0,1
squad,647,56bec5ff3aeaaa14008c93e5,7,top_heavy_shuffled,"[140, 15, 70, 25, 45, 20, 35]",0,0.0,1
squad,648,56d724ea0d65d214001983c8,7,top_heavy_shuffled,"[20, 35, 45, 15, 140, 25, 70]",1,1.0,1
squad,649,56d724ea0d65d214001983c9,7,top_heavy_shuffled,"[25, 15, 70, 45, 35, 20, 140]",0,0.0,1
squad,650,56bec6573aeaaa14008c93e9,7,top_heavy_shuffled,"[25, 15, 140, 70, 35, 20, 45]",0,0.0,1
squad,651,56bec6573aeaaa14008c93ea,7,top_heavy_shuffled,"[140, 20, 45, 70, 15, 25, 35]",0,0.0,1
squad,652,56bec6573aeaaa14008c93eb,7,top_heavy_shuffled,"[70, 35, 25, 45, 140, 15, 20]",0,0.0,1
squad,653,56bec6573aeaaa14008c93ec,7,top_heavy_shuffled,"[35, 25, 70, 140, 15, 20, 45]",0,0.0,1
squad,654,56bec6573aeaaa14008c93ed,7,top_heavy_shuffled,"[70, 25, 20, 45, 140, 15, 35]",0,0.0,1
squad,655,56d7251d0d65d214001983cc,7,top_heavy_shuffled,"[45, 70, 20, 25, 35, 15, 140]",1,1.0,1
squad,656,56d7251d0d65d214001983cd,7,top_heavy_shuffled,"[20, 140, 15, 70, 25, 45, 35]",0,0.0,1
squad,657,56d7251d0d65d214001983cf,7,top_heavy_shuffled,"[45, 15, 70, 25, 20, 35, 140]",0,0.0,1
squad,658,56d9c3a6dc89441400fdb7b4,7,top_heavy_shuffled,"[35, 70, 140, 25, 15, 45, 20]",0,0.0,1
squad,659,56d9c3a6dc89441400fdb7b5,7,top_heavy_shuffled,"[20, 140, 25, 70, 35, 15, 45]",0,0.0,1
squad,660,56d9c3a6dc89441400fdb7b6,7,top_heavy_shuffled,"[45, 70, 15, 35, 20, 25, 140]",0,0.0,1
squad,661,56d9c3a6dc89441400fdb7b7,7,top_heavy_shuffled,"[35, 140, 15, 70, 45, 20, 25]",0,0.0,1
squad,662,56d9c3a6dc89441400fdb7b8,7,top_heavy_shuffled,"[140, 35, 25, 15, 70, 20, 45]",1,1.0,1
squad,663,56bec6ac3aeaaa14008c93fd,7,top_heavy_shuffled,"[70, 25, 20, 140, 15, 45, 35]",1,1.0,1
squad,664,56bec6ac3aeaaa14008c93fe,7,top_heavy_shuffled,"[35, 140, 15, 45, 70, 25, 20]",1,1.0,1
squad,665,56bec6ac3aeaaa14008c93ff,7,top_heavy_shuffled,"[20, 15, 45, 140, 25, 70, 35]",0,0.0,1
squad,666,56bec6ac3aeaaa14008c9400,7,top_heavy_shuffled,"[70, 35, 45, 25, 20, 140, 15]",0,0.0,1
squad,667,56bec6ac3aeaaa14008c9401,7,top_heavy_shuffled,"[140, 45, 25, 15, 70, 35, 20]",0,0.8571428571428571,1
squad,668,56d20650e7d4791d00902614,7,top_heavy_shuffled,"[140, 25, 15, 45, 70, 35, 20]",1,1.0,1
squad,669,56d20650e7d4791d00902615,7,top_heavy_shuffled,"[20, 70, 140, 35, 45, 25, 15]",0,0.0,1
squad,670,56d7253b0d65d214001983d4,7,top_heavy_shuffled,"[15, 70, 20, 45, 140, 25, 35]",0,0.0,0
squad,671,56d7253b0d65d214001983d5,7,top_heavy_shuffled,"[35, 20, 70, 140, 25, 15, 45]",1,1.0,1
squad,672,56d9c455dc89441400fdb7c4,7,top_heavy_shuffled,"[25, 70, 35, 15, 20, 140, 45]",0,0.0,0
squad,673,56d9c455dc89441400fdb7c5,7,top_heavy_shuffled,"[140, 20, 15, 45, 25, 35, 70]",1,1.0,1
squad,674,56d9c455dc89441400fdb7c6,7,top_heavy_shuffled,"[45, 70, 35, 20, 140, 25, 15]",1,1.0,1
squad,675,56bec7353aeaaa14008c940d,7,top_heavy_shuffled,"[15, 20, 35, 25, 140, 70, 45]",0,0.0,1
squad,676,56bec7353aeaaa14008c940e,7,top_heavy_shuffled,"[20, 45, 35, 70, 140, 15, 25]",1,1.0,1
squad,677,56bec7353aeaaa14008c940f,7,top_heavy_shuffled,"[140, 45, 20, 35, 25, 15, 70]",1,1.0,1
squad,678,56bec7353aeaaa14008c9410,7,top_heavy_shuffled,"[70, 25, 45, 35, 15, 20, 140]",0,0.0,1
squad,679,56bec7353aeaaa14008c9411,7,top_heavy_shuffled,"[25, 45, 35, 20, 70, 15, 140]",0,0.0,1
squad,680,56d725790d65d214001983d8,7,top_heavy_shuffled,"[70, 15, 140, 45, 25, 35, 20]",0,0.19999999999999998,1
squad,681,56d725790d65d214001983da,7,top_heavy_shuffled,"[20, 35, 70, 45, 25, 15, 140]",0,0.0,1
squad,682,56d725790d65d214001983db,7,top_heavy_shuffled,"[25, 15, 70, 35, 20, 45, 140]",0,0.0,1
squad,683,56d9c551dc89441400fdb7d0,7,top_heavy_shuffled,"[140, 70, 20, 15, 35, 25, 45]",0,0.4,1
squad,684,56d9c551dc89441400fdb7d1,7,top_heavy_shuffled,"[140, 25, 70, 35, 15, 20, 45]",1,1.0,1
squad,685,56d9c551dc89441400fdb7d2,7,top_heavy_shuffled,"[70, 140, 15, 25, 45, 35, 20]",0,0.0,1
squad,686,56d9c551dc89441400fdb7d3,7,top_heavy_shuffled,"[25, 70, 140, 35, 20, 45, 15]",0,0.0,1
squad,687,56bec7a63aeaaa14008c9417,7,top_heavy_shuffled,"[20, 35, 45, 25, 140, 15, 70]",1,1.0,1
squad,688,56bec7a63aeaaa14008c9418,7,top_heavy_shuffled,"[140, 70, 15, 25, 45, 35, 20]",0,0.0,1
squad,689,56bec7a63aeaaa14008c9419,7,top_heavy_shuffled,"[45, 20, 140, 70, 15, 25, 35]",0,0.0,1
squad,690,56bec7a63aeaaa14008c941a,7,top_heavy_shuffled,"[15, 35, 20, 45, 140, 25, 70]",0,0.0,1
squad,691,56bec7a63aeaaa14008c941b,7,top_heavy_shuffled,"[15, 45, 25, 140, 20, 70, 35]",1,1.0,1
squad,692,56d728a10d65d21400198413,7,top_heavy_shuffled,"[70, 20, 140, 35, 45, 15, 25]",0,0.0,1
squad,693,56d728a10d65d21400198414,7,top_heavy_shuffled,"[20, 25, 15, 140, 45, 70, 35]",0,0.0,1
squad,694,56d728a10d65d21400198415,7,top_heavy_shuffled,"[70, 15, 25, 45, 35, 20, 140]",0,0.0,0
squad,695,56d728a10d65d21400198416,7,top_heavy_shuffled,"[35, 140, 20, 45, 15, 25, 70]",0,0.0,0
squad,696,56d9c5e7dc89441400fdb7d8,7,top_heavy_shuffled,"[140, 15, 70, 35, 20, 25, 45]",1,1.0,1
squad,697,56d9c5e7dc89441400fdb7d9,7,top_heavy_shuffled,"[25, 15, 45, 70, 140, 35, 20]",0,0.0,1
squad,698,56d9c5e7dc89441400fdb7da,7,top_heavy_shuffled,"[45, 20, 25, 35, 15, 70, 140]",0,0.0,1
squad,699,56d9c5e7dc89441400fdb7db,7,top_heavy_shuffled,"[20, 45, 140, 35, 70, 25, 15]",0,0.0,1
squad,700,56d9c5e7dc89441400fdb7dc,7,top_heavy_shuffled,"[45, 35, 140, 20, 15, 70, 25]",0,0.0,1
squad,701,56bec8243aeaaa14008c942b,7,top_heavy_shuffled,"[140, 35, 20, 25, 45, 70, 15]",1,1.0,1
squad,702,56bec8243aeaaa14008c942c,7,top_heavy_shuffled,"[35, 140, 70, 15, 25, 20, 45]",1,1.0,1
squad,703,56bec8243aeaaa14008c942d,7,top_heavy_shuffled,"[45, 25, 20, 70, 35, 15, 140]",0,0.0,1
squad,704,56bec8243aeaaa14008c942e,7,top_heavy_shuffled,"[15, 20, 35, 45, 140, 70, 25]",0,0.0,1
squad,705,56bec8243aeaaa14008c942f,7,top_heavy_shuffled,"[20, 15, 70, 45, 35, 25, 140]",0,0.6666666666666666,1
squad,706,56d728e00d65d2140019841c,7,top_heavy_shuffled,"[25, 15, 45, 35, 20, 140, 70]",0,0.0,1
squad,707,56d728e00d65d2140019841d,7,top_heavy_shuffled,"[45, 15, 25, 20, 140, 70, 35]",0,0.0,1
squad,708,56d728e00d65d2140019841e,7,top_heavy_shuffled,"[35, 15, 140, 70, 20, 45, 25]",0,0.0,1
squad,709,56d728e00d65d2140019841f,7,top_heavy_shuffled,"[35, 15, 140, 45, 25, 20, 70]",0,0.0,1
squad,710,56d728e00d65d21400198420,7,top_heavy_shuffled,"[20, 15, 140, 70, 25, 35, 45]",0,0.0,1
squad,711,56d9c660dc89441400fdb7e7,7,top_heavy_shuffled,"[45, 70, 15, 140, 35, 20, 25]",0,0.0,1
squad,712,56d9c660dc89441400fdb7e8,7,top_heavy_shuffled,"[140, 45, 15, 20, 35, 25, 70]",1,1.0,1
squad,713,56d9c660dc89441400fdb7e9,7,top_heavy_shuffled,"[45, 140, 35, 25, 70, 15, 20]",0,0.0,1
squad,714,56d9c660dc89441400fdb7ea,7,top_heavy_shuffled,"[70, 20, 15, 25, 35, 140, 45]",0,0.6666666666666666,1
squad,715,56bec8a13aeaaa14008c9435,7,top_heavy_shuffled,"[70, 25, 45, 140, 15, 20, 35]",1,1.0,1
squad,716,56bec8a13aeaaa14008c9436,7,top_heavy_shuffled,"[45, 140, 20, 35, 70, 25, 15]",0,0.0,0
squad,717,56bec8a13aeaaa14008c9437,7,top_heavy_shuffled,"[45, 15, 20, 35, 25, 70, 140]",0,0.0,1
squad,718,56bec8a13aeaaa14008c9438,7,top_heavy_shuffled,"[20, 140, 15, 35, 70, 45, 25]",0,0.0,1
squad,719,56bec8a13aeaaa14008c9439,7,top_heavy_shuffled,"[25, 15, 140, 45, 70, 20, 35]",0,0.0,1
squad,720,56d729180d65d21400198426,7,top_heavy_shuffled,"[35, 15, 140, 25, 70, 45, 20]",1,1.0,1
squad,721,56d729180d65d21400198427,7,top_heavy_shuffled,"[45, 15, 20, 70, 35, 25, 140]",0,0.0,1
squad,722,56d729180d65d21400198428,7,top_heavy_shuffled,"[35, 15, 20, 140, 45, 70, 25]",0,0.0,1
squad,723,56d729180d65d21400198429,7,top_heavy_shuffled,"[15, 20, 35, 140, 45, 25, 70]",0,0.0,1
squad,724,56d729180d65d2140019842a,7,top_heavy_shuffled,"[25, 20, 35, 45, 70, 140, 15]",0,0.0,1
squad,725,56d9c6e0dc89441400fdb7f0,7,top_heavy_shuffled,"[15, 45, 25, 70, 35, 20, 140]",0,0.0,1
squad,726,56d9c6e0dc89441400fdb7f4,7,top_heavy_shuffled,"[35, 15, 140, 20, 70, 45, 25]",0,0.0,1
squad,727,56bec9133aeaaa14008c9445,7,top_heavy_shuffled,"[35, 15, 25, 140, 45, 20, 70]",1,1.0,1
squad,728,56bec9133aeaaa14008c9446,7,top_heavy_shuffled,"[15, 140, 70, 45, 35, 25, 20]",1,1.0,1
squad,729,56bec9133aeaaa14008c9447,7,top_heavy_shuffled,"[70, 20, 25, 15, 45, 140, 35]",1,1.0,1
squad,730,56bec9133aeaaa14008c9448,7,top_heavy_shuffled,"[70, 45, 35, 25, 20, 140, 15]",0,0.0,1
squad,731,56bec9133aeaaa14008c9449,7,top_heavy_shuffled,"[25, 20, 70, 35, 45, 15, 140]",0,0.0,1
squad,732,56d729ec0d65d21400198430,7,top_heavy_shuffled,"[15, 25, 140, 20, 35, 70, 45]",0,0.0,1
squad,733,56d729ec0d65d21400198431,7,top_heavy_shuffled,"[25, 70, 35, 140, 15, 45, 20]",0,0.0,1
squad,734,56d729ec0d65d21400198432,7,top_heavy_shuffled,"[25, 70, 20, 35, 140, 45, 15]",0,0.0,1
squad,735,56d729ec0d65d21400198434,7,top_heavy_shuffled,"[15, 45, 70, 140, 35, 20, 25]",0,0.0,1
squad,736,56d9c79edc89441400fdb804,7,top_heavy_shuffled,"[20, 45, 140, 15, 35, 25, 70]",1,1.0,1
squad,737,56d9c79edc89441400fdb805,7,top_heavy_shuffled,"[45, 15, 140, 25, 35, 70, 20]",1,1.0,1
squad,738,56d9c79edc89441400fdb806,7,top_heavy_shuffled,"[35, 20, 15, 45, 25, 140, 70]",0,0.0,1
squad,739,56d9c79edc89441400fdb807,7,top_heavy_shuffled,"[140, 70, 25, 20, 15, 35, 45]",0,0.0,1
squad,740,56d9c79edc89441400fdb808,7,top_heavy_shuffled,"[140, 45, 20, 35, 70, 25, 15]",0,0.0,1
squad,741,56bec98e3aeaaa14008c9455,7,top_heavy_shuffled,"[70, 20, 45, 35, 25, 15, 140]",0,0.0,1
squad,742,56bec98e3aeaaa14008c9456,7,top_heavy_shuffled,"[140, 70, 35, 15, 20, 45, 25]",1,1.0,1
squad,743,56bec98e3aeaaa14008c9457,7,top_heavy_shuffled,"[15, 20, 45, 70, 35, 25, 140]",0,0.0,1
squad,744,56bec98e3aeaaa14008c9458,7,top_heavy_shuffled,"[25, 70, 20, 35, 140, 45, 15]",0,0.0,1
squad,745,56bec98e3aeaaa14008c9459,7,top_heavy_shuffled,"[20, 35, 70, 45, 140, 15, 25]",0,0.0,1
squad,746,56d7282f0d65d21400198408,7,top_heavy_shuffled,"[70, 140, 15, 25, 45, 35, 20]",1,1.0,1
squad,747,56d7282f0d65d21400198409,7,top_heavy_shuffled,"[35, 70, 140, 45, 20, 25, 15]",0,0.0,1
squad,748,56d7282f0d65d2140019840a,7,top_heavy_shuffled,"[20, 140, 35, 15, 45, 25, 70]",0,0.0,1
squad,749,56d7282f0d65d2140019840c,7,top_heavy_shuffled,"[15, 20, 70, 35, 140, 25, 45]",0,0.6666666666666666,1
squad,750,56d9c92bdc89441400fdb80e,7,top_heavy_shuffled,"[70, 25, 20, 140, 35, 45, 15]",0,0.0,0
squad,751,56d9c92bdc89441400fdb80f,7,top_heavy_shuffled,"[20, 140, 45, 70, 25, 35, 15]",0,0.0,1
squad,752,56d9c92bdc89441400fdb810,7,top_heavy_shuffled,"[15, 70, 25, 45, 140, 20, 35]",0,0.0,1
squad,753,56d9c92bdc89441400fdb811,7,top_heavy_shuffled,"[70, 25, 35, 45, 140, 20, 15]",0,0.0,1
squad,754,56bec9e83aeaaa14008c945f,7,top_heavy_shuffled,"[15, 140, 45, 70, 35, 20, 25]",0,0.0,1
squad,755,56bec9e83aeaaa14008c9460,7,top_heavy_shuffled,"[70, 25, 35, 45, 20, 140, 15]",0,0.0,1
squad,756,56bec9e83aeaaa14008c9461,7,top_heavy_shuffled,"[35, 140, 45, 70, 20, 15, 25]",1,1.0,1
squad,757,56bec9e83aeaaa14008c9462,7,top_heavy_shuffled,"[140, 20, 15, 35, 25, 45, 70]",0,0.6666666666666666,1
squad,758,56d7261e0d65d214001983e0,7,top_heavy_shuffled,"[140, 45, 25, 35, 20, 15, 70]",0,0.6666666666666666,1
squad,759,56d7261e0d65d214001983e1,7,top_heavy_shuffled,"[20, 70, 35, 25, 45, 140, 15]",0,0.6666666666666666,1
squad,760,56d7261e0d65d214001983e2,7,top_heavy_shuffled,"[45, 15, 20, 70, 25, 35, 140]",0,0.3333333333333333,1
squad,761,56d7261e0d65d214001983e4,7,top_heavy_shuffled,"[70, 35, 140, 45, 20, 25, 15]",0,0.0,1
squad,762,56d9ca0adc89441400fdb820,7,top_heavy_shuffled,"[25, 35, 45, 140, 70, 15, 20]",1,1.0,1
squad,763,56d9ca0adc89441400fdb821,7,top_heavy_shuffled,"[45, 15, 140, 35, 20, 70, 25]",0,0.0,1
squad,764,56d9ca0adc89441400fdb822,7,top_heavy_shuffled,"[140, 35, 70, 20, 45, 15, 25]",1,1.0,1
squad,765,56d9ca0adc89441400fdb823,7,top_heavy_shuffled,"[35, 25, 20, 70, 15, 140, 45]",0,0.0,1
squad,766,56beca913aeaaa14008c946d,7,top_heavy_shuffled,"[15, 35, 140, 20, 45, 70, 25]",0,0.0,1
squad,767,56beca913aeaaa14008c946e,7,top_heavy_shuffled,"[45, 35, 25, 70, 20, 140, 15]",0,0.0,1
squad,768,56beca913aeaaa14008c946f,7,top_heavy_shuffled,"[20, 25, 35, 70, 45, 15, 140]",0,0.0,1
squad,769,56beca913aeaaa14008c9470,7,top_heavy_shuffled,"[70, 20, 35, 15, 140, 45, 25]",0,0.0,1
squad,770,56beca913aeaaa14008c9471,7,top_heavy_shuffled,"[20, 25, 70, 35, 140, 45, 15]",0,0.0,1
squad,771,56d726b60d65d214001983ea,7,top_heavy_shuffled,"[15, 20, 70, 35, 45, 25, 140]",0,0.0,1
squad,772,56d726b60d65d214001983eb,7,top_heavy_shuffled,"[25, 140, 70, 35, 20, 15, 45]",1,1.0,1
squad,773,56d726b60d65d214001983ec,7,top_heavy_shuffled,"[35, 45, 20, 70, 25, 15, 140]",0,0.0,1
squad,774,56d726b60d65d214001983ed,7,top_heavy_shuffled,"[140, 70, 20, 15, 25, 45, 35]",0,0.0,1
squad,775,56d726b60d65d214001983ee,7,top_heavy_shuffled,"[25, 70, 140, 20, 45, 15, 35]",0,0.0,1
squad,776,56d9cb47dc89441400fdb832,7,top_heavy_shuffled,"[45, 140, 20, 25, 70, 15, 35]",1,1.0,1
squad,777,56d9cb47dc89441400fdb833,7,top_heavy_shuffled,"[45, 70, 25, 35, 140, 20, 15]",0,0.0,1
squad,778,56d9cb47dc89441400fdb834,7,top_heavy_shuffled,"[70, 45, 15, 35, 20, 25, 140]",0,0.0,1
squad,779,56d9cb47dc89441400fdb835,7,top_heavy_shuffled,"[20, 140, 45, 25, 70, 35, 15]",0,0.0,1
squad,780,56d9cb47dc89441400fdb836,7,top_heavy_shuffled,"[70, 20, 45, 140, 15, 25, 35]",0,0.0,1
squad,781,56becaf93aeaaa14008c9481,7,top_heavy_shuffled,"[15, 45, 70, 20, 35, 140, 25]",0,0.0,1
squad,782,56becaf93aeaaa14008c9482,7,top_heavy_shuffled,"[35, 20, 45, 140, 15, 70, 25]",0,0.0,1
squad,783,56becaf93aeaaa14008c9483,7,top_heavy_shuffled,"[20, 45, 15, 25, 70, 140, 35]",0,0.0,1
squad,784,56becaf93aeaaa14008c9484,7,top_heavy_shuffled,"[15, 140, 20, 70, 35, 25, 45]",0,0.0,0
squad,785,56becaf93aeaaa14008c9485,7,top_heavy_shuffled,"[20, 140, 25, 15, 45, 35, 70]",0,0.0,0
squad,786,56d7270c0d65d214001983f4,7,top_heavy_shuffled,"[140, 35, 45, 20, 25, 70, 15]",0,0.0,0
squad,787,56d7270c0d65d214001983f5,7,top_heavy_shuffled,"[20, 70, 25, 35, 140, 15, 45]",0,0.0,1
squad,788,56d7270c0d65d214001983f6,7,top_heavy_shuffled,"[35, 15, 45, 70, 20, 25, 140]",0,0.0,1
squad,789,56d7270c0d65d214001983f7,7,top_heavy_shuffled,"[35, 140, 15, 20, 25, 70, 45]",1,1.0,1
squad,790,56d7270c0d65d214001983f8,7,top_heavy_shuffled,"[20, 45, 25, 140, 70, 35, 15]",0,0.0,0
squad,791,56d9ccacdc89441400fdb842,7,top_heavy_shuffled,"[70, 45, 20, 140, 15, 25, 35]",0,0.0,0
squad,792,56d9ccacdc89441400fdb843,7,top_heavy_shuffled,"[20, 45, 15, 25, 140, 35, 70]",0,0.0,0
squad,793,56d9ccacdc89441400fdb844,7,top_heavy_shuffled,"[20, 45, 140, 25, 35, 70, 15]",0,0.0,0
squad,794,56d9ccacdc89441400fdb845,7,top_heavy_shuffled,"[25, 45, 35, 20, 140, 15, 70]",0,0.0,0
squad,795,56d9ccacdc89441400fdb846,7,top_heavy_shuffled,"[15, 45, 70, 35, 25, 20, 140]",0,0.0,1
squad,796,56becb823aeaaa14008c948b,7,top_heavy_shuffled,"[25, 35, 70, 45, 20, 140, 15]",0,0.0,1
squad,797,56becb823aeaaa14008c948c,7,top_heavy_shuffled,"[140, 25, 35, 45, 15, 70, 20]",0,0.0,1
squad,798,56becb823aeaaa14008c948d,7,top_heavy_shuffled,"[25, 140, 20, 45, 15, 70, 35]",0,0.0,1
squad,799,56becb823aeaaa14008c948e,7,top_heavy_shuffled,"[35, 25, 20, 45, 70, 15, 140]",0,0.0,1
squad,800,56becb823aeaaa14008c948f,7,top_heavy_shuffled,"[45, 25, 20, 35, 70, 15, 140]",0,0.0,1
squad,801,56d7277c0d65d214001983fe,7,top_heavy_shuffled,"[140, 35, 70, 20, 15, 25, 45]",0,0.5,1
squad,802,56d7277c0d65d214001983ff,7,top_heavy_shuffled,"[35, 140, 15, 20, 45, 70, 25]",0,0.0,1
squad,803,56d7277c0d65d21400198401,7,top_heavy_shuffled,"[45, 25, 20, 15, 70, 140, 35]",0,0.0,1
squad,804,56d7277c0d65d21400198402,7,top_heavy_shuffled,"[25, 45, 35, 140, 70, 20, 15]",1,1.0,1
squad,805,56d9cd9adc89441400fdb84c,7,top_heavy_shuffled,"[45, 70, 20, 15, 25, 35, 140]",0,0.0,1
squad,806,56d9cd9adc89441400fdb84d,7,top_heavy_shuffled,"[25, 20, 35, 140, 45, 70, 15]",0,0.0,1
squad,807,56d9cd9adc89441400fdb84e,7,top_heavy_shuffled,"[15, 25, 45, 140, 20, 70, 35]",0,0.6666666666666666,1
squad,808,56d9cd9adc89441400fdb84f,7,top_heavy_shuffled,"[70, 15, 25, 140, 45, 35, 20]",0,0.0,1
squad,809,56d9cd9adc89441400fdb850,7,top_heavy_shuffled,"[70, 35, 15, 45, 20, 140, 25]",0,0.0,1
squad,810,5733a5f54776f41900660f45,7,top_heavy_shuffled,"[70, 25, 20, 15, 140, 45, 35]",1,1.0,1
squad,811,5733a5f54776f41900660f48,7,top_heavy_shuffled,"[25, 35, 20, 70, 45, 140, 15]",0,0.0,1
squad,812,5733a5f54776f41900660f44,7,top_heavy_shuffled,"[20, 25, 70, 35, 140, 15, 45]",0,0.5,1
squad,813,5733a5f54776f41900660f46,7,top_heavy_shuffled,"[35, 20, 45, 70, 140, 15, 25]",0,0.0,1
squad,814,5733a5f54776f41900660f47,7,top_heavy_shuffled,"[140, 45, 15, 25, 70, 35, 20]",1,1.0,1
squad,815,57336755d058e614000b5a3d,7,top_heavy_shuffled,"[25, 45, 35, 15, 140, 20, 70]",0,0.0,1
squad,816,57336755d058e614000b5a3f,7,top_heavy_shuffled,"[20, 25, 140, 70, 15, 45, 35]",0,0.0,1
squad,817,57336755d058e614000b5a3c,7,top_heavy_shuffled,"[140, 20, 25, 70, 35, 45, 15]",1,1.0,1
squad,818,57336755d058e614000b5a3e,7,top_heavy_shuffled,"[20, 70, 25, 15, 140, 45, 35]",0,0.0,1
squad,819,57336755d058e614000b5a40,7,top_heavy_shuffled,"[35, 70, 45, 140, 25, 20, 15]",0,0.0,1
squad,820,57337ddc4776f41900660bbb,7,top_heavy_shuffled,"[45, 20, 140, 25, 15, 70, 35]",0,0.0,1
squad,821,57337ddc4776f41900660bbc,7,top_heavy_shuffled,"[140, 70, 15, 45, 20, 25, 35]",1,1.0,1
squad,822,57337ddc4776f41900660bba,7,top_heavy_shuffled,"[15, 70, 45, 140, 35, 20, 25]",1,1.0,1
squad,823,57337ddc4776f41900660bbd,7,top_heavy_shuffled,"[25, 35, 15, 140, 45, 20, 70]",0,0.0,1
squad,824,57337ddc4776f41900660bbe,7,top_heavy_shuffled,"[35, 140, 45, 15, 70, 20, 25]",0,0.0,1
squad,825,57337ea24776f41900660bd0,7,top_heavy_shuffled,"[70, 15, 25, 20, 45, 35, 140]",1,1.0,1
squad,826,57337ea24776f41900660bd3,7,top_heavy_shuffled,"[45, 140, 35, 20, 25, 70, 15]",0,0.0,1
squad,827,57337ea24776f41900660bd2,7,top_heavy_shuffled,"[140, 20, 15, 45, 25, 70, 35]",1,1.0,1
squad,828,57337ea24776f41900660bd1,7,top_heavy_shuffled,"[140, 20, 25, 45, 70, 35, 15]",0,0.0,1
squad,829,57337ea24776f41900660bd4,7,top_heavy_shuffled,"[70, 20, 35, 25, 45, 140, 15]",0,0.0,1
squad,830,57339555d058e614000b5df4,7,top_heavy_shuffled,"[70, 15, 25, 45, 140, 20, 35]",1,1.0,1
squad,831,57339555d058e614000b5df5,7,top_heavy_shuffled,"[45, 15, 70, 20, 35, 25, 140]",0,0.0,1
squad,832,57339555d058e614000b5df6,7,top_heavy_shuffled,"[70, 140, 25, 35, 20, 15, 45]",0,0.0,1
squad,833,57339555d058e614000b5df3,7,top_heavy_shuffled,"[25, 20, 45, 15, 70, 35, 140]",1,1.0,1
squad,834,57339555d058e614000b5df7,7,top_heavy_shuffled,"[70, 35, 45, 140, 15, 20, 25]",0,0.4444444444444445,1
squad,835,57339902d058e614000b5e70,7,top_heavy_shuffled,"[70, 35, 45, 20, 140, 25, 15]",1,1.0,1
squad,836,57339902d058e614000b5e71,7,top_heavy_shuffled,"[70, 45, 25, 140, 20, 35, 15]",1,1.0,1
squad,837,57339902d058e614000b5e72,7,top_heavy_shuffled,"[140, 35, 15, 70, 45, 25, 20]",0,0.0,1
squad,838,57339902d058e614000b5e73,7,top_heavy_shuffled,"[20, 140, 45, 15, 70, 35, 25]",0,0.0,1
squad,839,57339902d058e614000b5e74,7,top_heavy_shuffled,"[15, 45, 140, 25, 35, 70, 20]",0,0.0,1
squad,840,573399b54776f41900660e64,7,top_heavy_shuffled,"[140, 25, 20, 35, 45, 70, 15]",1,1.0,1
squad,841,573399b54776f41900660e65,7,top_heavy_shuffled,"[25, 35, 20, 15, 70, 140, 45]",0,0.0,1
squad,842,573399b54776f41900660e66,7,top_heavy_shuffled,"[45, 25, 140, 35, 20, 15, 70]",0,0.0,1
squad,843,573399b54776f41900660e67,7,top_heavy_shuffled,"[140, 25, 20, 15, 70, 45, 35]",1,1.0,1
squad,844,57339a554776f41900660e74,7,top_heavy_shuffled,"[45, 70, 35, 140, 15, 20, 25]",1,1.0,1
squad,845,57339a554776f41900660e75,7,top_heavy_shuffled,"[15, 35, 140, 70, 25, 20, 45]",0,0.0,1
squad,846,57339a554776f41900660e76,7,top_heavy_shuffled,"[20, 70, 15, 25, 140, 35, 45]",0,0.22222222222222224,1
squad,847,57339a554776f41900660e77,7,top_heavy_shuffled,"[25, 20, 15, 140, 35, 45, 70]",0,0.0,1
squad,848,57339a554776f41900660e78,7,top_heavy_shuffled,"[45, 140, 25, 15, 70, 20, 35]",0,0.0,1
squad,849,57339ad74776f41900660e86,7,top_heavy_shuffled,"[25, 70, 140, 15, 35, 20, 45]",1,1.0,1
squad,850,57339ad74776f41900660e87,7,top_heavy_shuffled,"[35, 70, 140, 45, 20, 25, 15]",0,0.15384615384615383,0
squad,851,57339ad74776f41900660e88,7,top_heavy_shuffled,"[35, 20, 70, 140, 45, 25, 15]",0,0.0,1
squad,852,57339ad74776f41900660e89,7,top_heavy_shuffled,"[45, 35, 20, 25, 70, 140, 15]",0,0.0,1
squad,853,57339ad74776f41900660e8a,7,top_heavy_shuffled,"[35, 70, 25, 20, 140, 15, 45]",0,0.0,1
squad,854,57339c16d058e614000b5ec5,7,top_heavy_shuffled,"[25, 140, 15, 70, 35, 20, 45]",1,1.0,1
squad,855,57339c16d058e614000b5ec6,7,top_heavy_shuffled,"[15, 25, 35, 140, 45, 20, 70]",0,0.5,1
squad,856,57339c16d058e614000b5ec7,7,top_heavy_shuffled,"[70, 15, 35, 25, 20, 140, 45]",1,1.0,1
squad,857,57339c16d058e614000b5ec8,7,top_heavy_shuffled,"[20, 15, 45, 70, 140, 35, 25]",0,0.0,1
squad,858,57339c16d058e614000b5ec9,7,top_heavy_shuffled,"[45, 15, 140, 70, 25, 35, 20]",0,0.0,1
squad,859,57339dd94776f41900660ecc,7,top_heavy_shuffled,"[25, 35, 20, 70, 15, 140, 45]",0,0.0,1
squad,860,57339dd94776f41900660ecd,7,top_heavy_shuffled,"[140, 15, 70, 25, 20, 45, 35]",1,1.0,1
squad,861,57339dd94776f41900660ece,7,top_heavy_shuffled,"[20, 45, 140, 25, 35, 70, 15]",0,0.0,1
squad,862,57339dd94776f41900660ecf,7,top_heavy_shuffled,"[140, 45, 35, 70, 20, 15, 25]",1,1.0,1
squad,863,57339dd94776f41900660ed0,7,top_heavy_shuffled,"[35, 70, 15, 25, 140, 20, 45]",0,0.0,1
squad,864,57339eb9d058e614000b5ef6,7,top_heavy_shuffled,"[25, 35, 20, 140, 15, 45, 70]",0,0.0,1
squad,865,57339eb9d058e614000b5ef7,7,top_heavy_shuffled,"[70, 15, 140, 35, 25, 45, 20]",1,1.0,1
squad,866,57339eb9d058e614000b5ef8,7,top_heavy_shuffled,"[45, 70, 140, 20, 35, 15, 25]",0,0.6666666666666666,1
squad,867,57339eb9d058e614000b5ef9,7,top_heavy_shuffled,"[45, 35, 140, 25, 15, 70, 20]",0,0.0,1
squad,868,57339eb9d058e614000b5efa,7,top_heavy_shuffled,"[20, 70, 140, 25, 45, 35, 15]",0,0.0,1
squad,869,5733a1854776f41900660f0a,7,top_heavy_shuffled,"[25, 45, 140, 70, 15, 20, 35]",1,1.0,1
squad,870,5733a1854776f41900660f0b,7,top_heavy_shuffled,"[45, 70, 20, 140, 35, 25, 15]",1,1.0,1
squad,871,5733a1854776f41900660f0c,7,top_heavy_shuffled,"[35, 70, 45, 20, 15, 25, 140]",0,0.6666666666666666,1
squad,872,5733a1854776f41900660f0d,7,top_heavy_shuffled,"[20, 70, 15, 140, 45, 25, 35]",0,0.0,1
squad,873,5733a1854776f41900660f0e,7,top_heavy_shuffled,"[20, 25, 35, 70, 140, 45, 15]",0,0.0,1
squad,874,5733a2a9d058e614000b5f28,7,top_heavy_shuffled,"[25, 20, 140, 45, 70, 35, 15]",1,1.0,1
squad,875,5733a2a9d058e614000b5f29,7,top_heavy_shuffled,"[25, 45, 35, 20, 15, 70, 140]",0,0.0,1
squad,876,5733a2a9d058e614000b5f2a,7,top_heavy_shuffled,"[20, 140, 15, 35, 45, 70, 25]",0,0.0,1
squad,877,5733a2a9d058e614000b5f2b,7,top_heavy_shuffled,"[35, 25, 140, 20, 15, 45, 70]",0,0.0,1
squad,878,5733a2a9d058e614000b5f2c,7,top_heavy_shuffled,"[25, 140, 35, 15, 20, 70, 45]",0,0.0,1
squad,879,5733a32bd058e614000b5f32,7,top_heavy_shuffled,"[45, 70, 15, 25, 140, 35, 20]",1,1.0,1
squad,880,5733a32bd058e614000b5f33,7,top_heavy_shuffled,"[35, 25, 70, 45, 20, 140, 15]",0,0.0,1
squad,881,5733a32bd058e614000b5f34,7,top_heavy_shuffled,"[35, 45, 25, 140, 15, 20, 70]",0,0.0,1
squad,882,5733a32bd058e614000b5f35,7,top_heavy_shuffled,"[20, 15, 25, 140, 45, 70, 35]",0,0.0,1
squad,883,5733a32bd058e614000b5f36,7,top_heavy_shuffled,"[35, 25, 45, 15, 140, 70, 20]",0,0.0,1
squad,884,5733a45d4776f41900660f23,7,top_heavy_shuffled,"[140, 70, 35, 15, 45, 20, 25]",0,0.0,0
squad,885,5733a45d4776f41900660f24,7,top_heavy_shuffled,"[45, 35, 25, 70, 140, 20, 15]",1,1.0,1
squad,886,5733a45d4776f41900660f25,7,top_heavy_shuffled,"[140, 70, 25, 20, 35, 15, 45]",1,1.0,1
squad,887,5733a45d4776f41900660f26,7,top_heavy_shuffled,"[140, 15, 20, 25, 70, 45, 35]",1,1.0,1
squad,888,5733a45d4776f41900660f27,7,top_heavy_shuffled,"[70, 25, 35, 20, 15, 140, 45]",0,0.0,1
squad,889,5733a560d058e614000b5f77,7,top_heavy_shuffled,"[20, 70, 140, 15, 45, 35, 25]",0,0.0,1
squad,890,5733a560d058e614000b5f78,7,top_heavy_shuffled,"[35, 15, 45, 25, 20, 70, 140]",0,0.0,1
squad,891,5733a560d058e614000b5f79,7,top_heavy_shuffled,"[70, 35, 25, 20, 140, 45, 15]",1,1.0,1
squad,892,5733a560d058e614000b5f7a,7,top_heavy_shuffled,"[35, 70, 25, 20, 140, 15, 45]",0,0.0,1
squad,893,5733a560d058e614000b5f7b,7,top_heavy_shuffled,"[20, 35, 140, 15, 25, 70, 45]",0,0.0,1
squad,894,5733a6ac4776f41900660f58,7,top_heavy_shuffled,"[140, 70, 25, 15, 45, 20, 35]",1,1.0,1
squad,895,5733a6ac4776f41900660f59,7,top_heavy_shuffled,"[20, 45, 35, 15, 70, 25, 140]",0,0.0,1
squad,896,5733a6ac4776f41900660f5a,7,top_heavy_shuffled,"[20, 25, 45, 35, 70, 140, 15]",0,0.0,1
squad,897,5733a6ac4776f41900660f5b,7,top_heavy_shuffled,"[35, 15, 140, 20, 25, 70, 45]",0,0.0,1
squad,898,5733a6ac4776f41900660f5c,7,top_heavy_shuffled,"[70, 35, 25, 140, 15, 45, 20]",0,0.0,1
squad,899,573312fcd058e614000b56e6,7,top_heavy_shuffled,"[15, 45, 35, 25, 20, 140, 70]",1,1.0,1
squad,900,573312fcd058e614000b56e7,7,top_heavy_shuffled,"[35, 140, 70, 45, 20, 15, 25]",1,1.0,1
squad,901,573312fcd058e614000b56e8,7,top_heavy_shuffled,"[70, 140, 20, 45, 35, 25, 15]",0,0.0,1
squad,902,573312fcd058e614000b56e9,7,top_heavy_shuffled,"[70, 45, 140, 35, 15, 20, 25]",0,0.0,1
squad,903,573312fcd058e614000b56ea,7,top_heavy_shuffled,"[15, 70, 20, 25, 35, 45, 140]",0,0.0,1
squad,904,5733140a4776f419006606e0,7,top_heavy_shuffled,"[15, 35, 20, 45, 140, 25, 70]",1,1.0,1
squad,905,5733140a4776f419006606e1,7,top_heavy_shuffled,"[70, 15, 35, 25, 20, 140, 45]",1,1.0,1
squad,906,5733140a4776f419006606e2,7,top_heavy_shuffled,"[35, 25, 15, 45, 20, 140, 70]",0,0.0,1
squad,907,5733140a4776f419006606e3,7,top_heavy_shuffled,"[25, 45, 70, 35, 15, 20, 140]",0,0.0,1
squad,908,5733140a4776f419006606e4,7,top_heavy_shuffled,"[35, 15, 45, 25, 20, 70, 140]",0,0.0,1
squad,909,573314e3d058e614000b56f0,7,top_heavy_shuffled,"[45, 70, 35, 140, 15, 25, 20]",1,1.0,1
squad,910,573314e3d058e614000b56f1,7,top_heavy_shuffled,"[70, 20, 15, 140, 35, 45, 25]",0,0.25,0
squad,911,573314e3d058e614000b56f2,7,top_heavy_shuffled,"[25, 70, 20, 35, 140, 15, 45]",0,0.0,1
squad,912,573314e3d058e614000b56f3,7,top_heavy_shuffled,"[20, 35, 15, 25, 45, 140, 70]",0,0.0,1
squad,913,573314e3d058e614000b56f4,7,top_heavy_shuffled,"[35, 20, 140, 45, 70, 25, 15]",0,0.0,1
squad,914,57332442d058e614000b5720,7,top_heavy_shuffled,"[70, 35, 15, 25, 45, 140, 20]",1,1.0,1
squad,915,57332442d058e614000b5721,7,top_heavy_shuffled,"[25, 70, 20, 140, 15, 35, 45]",0,0.0,1
squad,916,57332442d058e614000b5722,7,top_heavy_shuffled,"[70, 25, 20, 35, 45, 15, 140]",0,0.14285714285714285,1
squad,917,57332442d058e614000b5723,7,top_heavy_shuffled,"[15, 70, 45, 140, 20, 35, 25]",0,0.0,1
squad,918,57332442d058e614000b5724,7,top_heavy_shuffled,"[35, 20, 25, 15, 45, 140, 70]",0,0.0,1
squad,919,57332562d058e614000b5730,7,top_heavy_shuffled,"[140, 15, 35, 25, 70, 45, 20]",1,1.0,1
squad,920,57332562d058e614000b5731,7,top_heavy_shuffled,"[70, 140, 25, 20, 15, 35, 45]",0,0.25,1
squad,921,57332562d058e614000b5732,7,top_heavy_shuffled,"[25, 70, 140, 35, 15, 45, 20]",0,0.0,1
squad,922,57332562d058e614000b5733,7,top_heavy_shuffled,"[140, 70, 45, 35, 25, 15, 20]",0,0.0,1
squad,923,57332562d058e614000b5734,7,top_heavy_shuffled,"[20, 15, 45, 140, 70, 35, 25]",0,0.0,1
squad,924,5733266d4776f41900660712,7,top_heavy_shuffled,"[140, 35, 45, 70, 25, 20, 15]",1,1.0,1
squad,925,5733266d4776f41900660713,7,top_heavy_shuffled,"[25, 45, 70, 35, 15, 20, 140]",1,1.0,1
squad,926,5733266d4776f41900660714,7,top_heavy_shuffled,"[45, 140, 15, 20, 35, 25, 70]",0,0.0,1
squad,927,5733266d4776f41900660715,7,top_heavy_shuffled,"[45, 35, 25, 15, 70, 140, 20]",0,0.1,1
squad,928,5733266d4776f41900660716,7,top_heavy_shuffled,"[35, 20, 25, 15, 140, 45, 70]",0,0.0,1
squad,929,57332a734776f41900660726,7,top_heavy_shuffled,"[20, 140, 70, 15, 35, 45, 25]",0,0.6666666666666666,1
squad,930,57332a734776f41900660727,7,top_heavy_shuffled,"[70, 35, 140, 25, 20, 45, 15]",1,1.0,1
squad,931,57332a734776f41900660728,7,top_heavy_shuffled,"[15, 25, 35, 70, 20, 45, 140]",0,0.0,1
squad,932,57332a734776f41900660729,7,top_heavy_shuffled,"[20, 140, 35, 45, 70, 15, 25]",0,0.0,1
squad,933,57332a734776f4190066072a,7,top_heavy_shuffled,"[15, 70, 35, 140, 25, 20, 45]",1,1.0,1
squad,934,57332b66d058e614000b5758,7,top_heavy_shuffled,"[20, 70, 140, 15, 35, 45, 25]",1,1.0,1
squad,935,57332b66d058e614000b5759,7,top_heavy_shuffled,"[15, 35, 25, 45, 70, 140, 20]",0,0.0,1
squad,936,57332b66d058e614000b575a,7,top_heavy_shuffled,"[140, 25, 20, 70, 45, 35, 15]",1,1.0,1
squad,937,57332b66d058e614000b575b,7,top_heavy_shuffled,"[35, 25, 140, 45, 20, 70, 15]",0,0.0,1
squad,938,57332b66d058e614000b575c,7,top_heavy_shuffled,"[20, 70, 15, 45, 25, 35, 140]",1,1.0,1
squad,939,57332c1e4776f4190066073a,7,top_heavy_shuffled,"[45, 35, 20, 70, 15, 140, 25]",0,0.0,0
squad,940,57332c1e4776f4190066073b,7,top_heavy_shuffled,"[20, 70, 25, 35, 15, 140, 45]",0,0.0,1
squad,941,57332c1e4776f4190066073c,7,top_heavy_shuffled,"[25, 35, 45, 15, 140, 20, 70]",0,0.0,1
squad,942,57332c1e4776f4190066073d,7,top_heavy_shuffled,"[15, 45, 140, 35, 25, 70, 20]",0,0.0,1
squad,943,57332c1e4776f4190066073e,7,top_heavy_shuffled,"[35, 140, 70, 20, 15, 25, 45]",0,0.0,1
squad,944,57332e48d058e614000b5762,7,top_heavy_shuffled,"[20, 140, 35, 70, 45, 15, 25]",1,1.0,1
squad,945,57332e48d058e614000b5763,7,top_heavy_shuffled,"[35, 45, 25, 15, 70, 20, 140]",0,0.11764705882352941,1
squad,946,57332e48d058e614000b5764,7,top_heavy_shuffled,"[45, 140, 20, 70, 25, 15, 35]",0,0.3333333333333333,1
squad,947,57332e48d058e614000b5765,7,top_heavy_shuffled,"[140, 35, 20, 70, 15, 25, 45]",1,1.0,1
squad,948,57332e48d058e614000b5766,7,top_heavy_shuffled,"[20, 140, 45, 70, 35, 25, 15]",0,0.0,1
squad,949,57332f81d058e614000b5776,7,top_heavy_shuffled,"[70, 20, 35, 25, 140, 15, 45]",0,0.8571428571428571,1
squad,950,57332f81d058e614000b5777,7,top_heavy_shuffled,"[140, 70, 25, 15, 20, 35, 45]",0,0.5,1
squad,951,57332f81d058e614000b5778,7,top_heavy_shuffled,"[20, 35, 45, 15, 70, 140, 25]",0,0.0,1
squad,952,57332f81d058e614000b5779,7,top_heavy_shuffled,"[140, 70, 20, 25, 45, 15, 35]",1,1.0,1
squad,953,57332f81d058e614000b577a,7,top_heavy_shuffled,"[25, 35, 140, 20, 70, 45, 15]",0,0.0,1
squad,954,573330444776f41900660758,7,top_heavy_shuffled,"[140, 20, 35, 25, 15, 45, 70]",1,1.0,1
squad,955,573330444776f41900660759,7,top_heavy_shuffled,"[140, 45, 15, 35, 25, 20, 70]",1,1.0,1
squad,956,573330444776f4190066075a,7,top_heavy_shuffled,"[140, 70, 25, 15, 35, 20, 45]",1,1.0,1
squad,957,573330444776f4190066075b,7,top_heavy_shuffled,"[45, 20, 25, 140, 35, 70, 15]",0,0.0,1
squad,958,573330444776f4190066075c,7,top_heavy_shuffled,"[35, 15, 20, 140, 45, 70, 25]",0,0.0,1
squad,959,5733314e4776f4190066076a,7,top_heavy_shuffled,"[25, 140, 45, 15, 20, 70, 35]",1,1.0,1
squad,960,5733314e4776f4190066076b,7,top_heavy_shuffled,"[25, 20, 70, 35, 45, 140, 15]",0,0.0,1
squad,961,5733314e4776f4190066076c,7,top_heavy_shuffled,"[140, 70, 25, 45, 35, 20, 15]",1,1.0,1
squad,962,5733314e4776f4190066076d,7,top_heavy_shuffled,"[25, 140, 70, 20, 15, 45, 35]",0,0.0,1
squad,963,5733314e4776f4190066076e,7,top_heavy_shuffled,"[140, 70, 35, 25, 15, 45, 20]",0,0.25,1
squad,964,57335c20d058e614000b58f9,7,top_heavy_shuffled,"[15, 20, 25, 70, 140, 35, 45]",1,1.0,1
squad,965,57335c20d058e614000b58fa,7,top_heavy_shuffled,"[25, 35, 15, 20, 140, 45, 70]",0,0.0,1
squad,966,57335c20d058e614000b58fc,7,top_heavy_shuffled,"[25, 140, 35, 20, 15, 70, 45]",0,0.0,1
squad,967,57335c20d058e614000b58fb,7,top_heavy_shuffled,"[25, 140, 15, 35, 70, 45, 20]",0,0.0,1
squad,968,57335c20d058e614000b58fd,7,top_heavy_shuffled,"[15, 35, 70, 25, 20, 140, 45]",0,0.0,1
squad,969,57335ddbd058e614000b592f,7,top_heavy_shuffled,"[35, 45, 20, 140, 25, 70, 15]",0,0.5,1
squad,970,57335ddbd058e614000b5930,7,top_heavy_shuffled,"[20, 140, 70, 15, 25, 45, 35]",0,0.5,1
squad,971,57335ddbd058e614000b5931,7,top_heavy_shuffled,"[25, 20, 15, 70, 35, 45, 140]",0,0.13333333333333333,1
squad,972,57335ddbd058e614000b5932,7,top_heavy_shuffled,"[35, 70, 140, 20, 45, 25, 15]",0,0.0,1
squad,973,57335ddbd058e614000b5933,7,top_heavy_shuffled,"[15, 70, 25, 140, 45, 20, 35]",0,0.0,1
squad,974,57335fcad058e614000b5970,7,top_heavy_shuffled,"[25, 15, 140, 70, 45, 20, 35]",1,1.0,1
squad,975,57335fcad058e614000b5971,7,top_heavy_shuffled,"[35, 45, 25, 70, 140, 15, 20]",0,0.21052631578947367,1
squad,976,57335fcad058e614000b5972,7,top_heavy_shuffled,"[15, 70, 140, 25, 45, 35, 20]",0,0.0,0
squad,977,57335fcad058e614000b5973,7,top_heavy_shuffled,"[20, 35, 25, 140, 45, 15, 70]",0,0.0,1
squad,978,57335fcad058e614000b5974,7,top_heavy_shuffled,"[15, 45, 140, 35, 70, 25, 20]",0,0.0,1
squad,979,573361404776f4190066093c,7,top_heavy_shuffled,"[25, 15, 20, 140, 35, 70, 45]",1,1.0,1
squad,980,573361404776f4190066093d,7,top_heavy_shuffled,"[20, 45, 70, 35, 25, 15, 140]",1,1.0,1
squad,981,573361404776f4190066093e,7,top_heavy_shuffled,"[45, 25, 140, 70, 15, 20, 35]",1,1.0,1
squad,982,573361404776f4190066093f,7,top_heavy_shuffled,"[45, 140, 20, 15, 35, 70, 25]",0,0.0,1
squad,983,573361404776f41900660940,7,top_heavy_shuffled,"[140, 45, 20, 35, 70, 25, 15]",0,0.0,1
squad,984,573362b94776f41900660974,7,top_heavy_shuffled,"[70, 140, 20, 45, 25, 15, 35]",1,1.0,1
squad,985,573362b94776f41900660975,7,top_heavy_shuffled,"[20, 15, 70, 35, 140, 45, 25]",0,0.0,1
squad,986,573362b94776f41900660976,7,top_heavy_shuffled,"[25, 35, 140, 20, 15, 45, 70]",0,0.0,1
squad,987,573362b94776f41900660977,7,top_heavy_shuffled,"[20, 70, 45, 15, 35, 25, 140]",0,0.0,1
squad,988,573362b94776f41900660978,7,top_heavy_shuffled,"[45, 20, 15, 35, 140, 70, 25]",0,0.0,1
squad,989,5733638fd058e614000b59e8,7,top_heavy_shuffled,"[20, 45, 70, 15, 25, 35, 140]",1,1.0,1
squad,990,5733638fd058e614000b59e9,7,top_heavy_shuffled,"[20, 25, 45, 140, 15, 35, 70]",0,0.2916666666666667,1
squad,991,5733638fd058e614000b59ea,7,top_heavy_shuffled,"[140, 20, 45, 25, 70, 35, 15]",1,1.0,1
squad,992,5733638fd058e614000b59eb,7,top_heavy_shuffled,"[70, 25, 140, 20, 35, 45, 15]",0,0.0,1
squad,993,5733638fd058e614000b59ec,7,top_heavy_shuffled,"[140, 25, 45, 15, 20, 35, 70]",0,0.0,1
squad,994,5733647e4776f419006609ae,7,top_heavy_shuffled,"[35, 20, 140, 15, 70, 25, 45]",0,0.0,1
squad,995,5733647e4776f419006609af,7,top_heavy_shuffled,"[20, 25, 35, 45, 70, 140, 15]",0,0.0,1
squad,996,5733647e4776f419006609b0,7,top_heavy_shuffled,"[35, 25, 15, 45, 20, 140, 70]",0,0.0,1
squad,997,5733647e4776f419006609b1,7,top_heavy_shuffled,"[140, 20, 25, 15, 70, 45, 35]",0,0.8421052631578948,1
squad,998,5733647e4776f419006609b2,7,top_heavy_shuffled,"[140, 45, 35, 15, 25, 70, 20]",0,0.0,1
squad,999,573368044776f41900660a29,7,top_heavy_shuffled,"[140, 35, 20, 25, 15, 45, 70]",1,1.0,1
newsqa,0,728220fe1b5f4ce886273ec524c6972b,3,top_heavy_shuffled,"[190, 70, 90]",1,1.0,1
newsqa,1,c89d1c366c274f6e8d233be688759386,3,top_heavy_shuffled,"[90, 70, 190]",0,0.0,1
newsqa,2,644d4774db194bb0b491e58deff0fe6c,3,top_heavy_shuffled,"[90, 70, 190]",0,0.0,1
newsqa,3,b7648c8b476e4482a7fa9a8d4584c551,3,top_heavy_shuffled,"[90, 70, 190]",0,0.5,1
newsqa,4,362b90d2f2de47e1a0d9be76d1383cd5,3,top_heavy_shuffled,"[190, 70, 90]",0,0.10526315789473685,1
newsqa,5,e365fba82bca48ad8b9ec4fbac8bd3b7,3,top_heavy_shuffled,"[190, 90, 70]",0,0.7000000000000001,1
newsqa,6,56a527cc368e4b10ac88117b33ab6370,3,top_heavy_shuffled,"[70, 90, 190]",0,0.09090909090909091,0
newsqa,7,ef7ff14fda8347479995319185ade05f,3,top_heavy_shuffled,"[190, 90, 70]",1,1.0,1
newsqa,8,e7abf6763c7d425c8577ed893a0cd182,3,top_heavy_shuffled,"[90, 190, 70]",0,0.0,1
newsqa,9,08b8fd7f109845eda0ffb6868479f8c2,3,top_heavy_shuffled,"[90, 70, 190]",0,0.0,0
newsqa,10,ddc318071f01453ab87ceebe18062971,3,top_heavy_shuffled,"[190, 70, 90]",1,1.0,1
newsqa,11,b33e0d818b364b87878b747b09987f28,3,top_heavy_shuffled,"[190, 90, 70]",0,0.1111111111111111,1
newsqa,12,629ca0ba60d84e678789916c527e5e74,3,top_heavy_shuffled,"[190, 90, 70]",0,0.0,1
newsqa,13,dc5438680eeb4547b962a6d05a58125d,3,top_heavy_shuffled,"[90, 190, 70]",0,0.0,1
newsqa,14,2ea97cfbe22340cdabec8b67b75b0f0e,3,top_heavy_shuffled,"[190, 70, 90]",1,1.0,1
newsqa,15,dc27edf1253345dabb1ae19ef7d8a829,3,top_heavy_shuffled,"[190, 70, 90]",1,1.0,1
newsqa,16,c3ec8eaa57d0418da0c66d7ad83761b3,3,top_heavy_shuffled,"[70, 190, 90]",0,0.0,1
newsqa,17,f22c94617c404f388ea469654e9a580f,3,top_heavy_shuffled,"[70, 190, 90]",0,0.2857142857142857,1
newsqa,18,2c9d87584b86413d86f28eb40a1af7cf,3,top_heavy_shuffled,"[90, 70, 190]",0,0.16666666666666669,1
newsqa,19,49af423e020444c999bdbdaa7cc573bd,3,top_heavy_shuffled,"[190, 90, 70]",0,0.0,1
newsqa,20,a2f796f7536947518cb11c541c564c83,3,top_heavy_shuffled,"[190, 90, 70]",0,0.0,1
newsqa,21,70ff5cd057104a24a7de546f6a0a93e2,3,top_heavy_shuffled,"[190, 90, 70]",1,1.0,1
newsqa,22,bb0bceec8bca491db5c90c3962960eea,3,top_heavy_shuffled,"[90, 190, 70]",1,1.0,1
newsqa,23,4790b60660da497bb390ed9bc5996973,3,top_heavy_shuffled,"[190, 70, 90]",0,0.0,1
newsqa,24,092f821b8fd243efb2bfd2f200cb99ee,3,top_heavy_shuffled,"[70, 190, 90]",0,0.0,0
newsqa,25,e21128d6906243a58807600c9e0744b4,3,top_heavy_shuffled,"[190, 70, 90]",0,0.0,0
newsqa,26,b612d7f272cd452dab8379571e41f3dd,3,top_heavy_shuffled,"[90, 70, 190]",1,1.0,1
newsqa,27,40f708bf9a744a90b62edfb3b44ad9cf,3,top_heavy_shuffled,"[190, 70, 90]",0,0.0,0
newsqa,28,b5b3c4c6f37c4de3907df3b82c13a2d7,3,top_heavy_shuffled,"[190, 70, 90]",0,0.0,1
newsqa,29,ebe6da22787d42bab5690387505c2674,3,top_heavy_shuffled,"[90, 190, 70]",0,0.0,0
newsqa,30,74953752801446a2abe6b330ce63c179,3,top_heavy_shuffled,"[70, 190, 90]",0,0.0,0
newsqa,31,ed2ba8953b6a49bb8f961969603a956f,3,top_heavy_shuffled,"[70, 190, 90]",1,1.0,1
newsqa,32,d468e9a904314a5a92582bcfcc7b7635,3,top_heavy_shuffled,"[90, 70, 190]",0,0.0,1
newsqa,33,59c97e698fe0492890ba2dec20b8ff97,3,top_heavy_shuffled,"[70, 190, 90]",0,0.0,0
newsqa,34,c00bac5c39534761b85d1adeea7bdd23,3,top_heavy_shuffled,"[190, 70, 90]",1,1.0,1
newsqa,35,625274d8050f451ebd131104306237c1,3,top_heavy_shuffled,"[90, 70, 190]",0,0.17647058823529413,1
newsqa,36,64215d84427e4d709e2914e76df055c5,3,top_heavy_shuffled,"[190, 90, 70]",0,0.0,1
newsqa,37,5464eecea5074ee49a1f281e3855f2d1,3,top_heavy_shuffled,"[70, 90, 190]",0,0.888888888888889,1
newsqa,38,f4e61efd586744d9941da1aea777b7d7,3,top_heavy_shuffled,"[70, 90, 190]",0,0.6666666666666666,1
newsqa,39,e89b8741115d4a248603dde70032bccd,3,top_heavy_shuffled,"[70, 190, 90]",1,1.0,1
newsqa,40,4dd31c6180e64c4eb59983819779cf2c,3,top_heavy_shuffled,"[90, 70, 190]",0,0.1951219512195122,1
newsqa,41,1bf26f3035ec45e5874eb0de76a8d903,3,top_heavy_shuffled,"[70, 90, 190]",0,0.14285714285714288,1
newsqa,42,f86df4ac102d4a058ac5a346fed44de9,3,top_heavy_shuffled,"[70, 190, 90]",0,0.0,1
newsqa,43,ace17f51ddc44d7db28c05c44bc5d658,3,top_heavy_shuffled,"[70, 190, 90]",1,1.0,1
newsqa,44,e2c278dfb89b444389ac7fa574c14697,3,top_heavy_shuffled,"[90, 190, 70]",0,0.0,1
newsqa,45,9b01a7aac7fb40979eccbed5da004372,3,top_heavy_shuffled,"[190, 70, 90]",0,0.0,0
newsqa,46,6778d6c630a84294a6dd81fbfabf9177,3,top_heavy_shuffled,"[90, 190, 70]",0,0.0,0
newsqa,47,35190f405eb4417497a797f137fb3f1b,3,top_heavy_shuffled,"[70, 90, 190]",1,1.0,1
newsqa,48,a5d866dd01974343ba3475ba0ca2387c,3,top_heavy_shuffled,"[190, 90, 70]",0,0.6666666666666666,1
newsqa,49,34a877cef8f4456197484f09d1643e87,3,top_heavy_shuffled,"[190, 90, 70]",0,0.6666666666666666,1
newsqa,50,f87ac51d4db74ff7b51a4c5ea00723e8,3,top_heavy_shuffled,"[90, 70, 190]",0,0.0,0
newsqa,51,9bb1b01620ea4ed28be3d13447145272,3,top_heavy_shuffled,"[190, 70, 90]",0,0.0,1
newsqa,52,68b7a9d693f84289b1d8cca76c5daf3b,3,top_heavy_shuffled,"[70, 90, 190]",1,1.0,1
newsqa,53,413339d30cc447a884eb601571769b06,3,top_heavy_shuffled,"[190, 70, 90]",0,0.0,1
newsqa,54,b0d97074e304423bab66769456c4890d,3,top_heavy_shuffled,"[190, 90, 70]",0,0.0,1
newsqa,55,9827d6f7626d46c188fc893ff0e12fd9,3,top_heavy_shuffled,"[70, 90, 190]",1,1.0,1
newsqa,56,3750487af26c40af96cb49550876a52a,3,top_heavy_shuffled,"[90, 70, 190]",0,0.0,0
newsqa,57,5010c8ecc7584e2d86bbb2ab8acfa878,3,top_heavy_shuffled,"[190, 90, 70]",1,1.0,1
newsqa,58,c5b80b9f943d4bd3b11c84700bff495f,3,top_heavy_shuffled,"[190, 90, 70]",0,0.0,1
newsqa,59,7bfe3ee0862a4bdbb5e06b894cfefd29,3,top_heavy_shuffled,"[70, 90, 190]",0,0.0,1
newsqa,60,d7f9ec97994d42c3bf9dfc7e853a3d66,3,top_heavy_shuffled,"[190, 90, 70]",0,0.4444444444444445,1
newsqa,61,dc530a1b42fc45af9b9112f391db3504,3,top_heavy_shuffled,"[90, 190, 70]",0,0.5,1
newsqa,62,6d8f6111e0f2484f961308f6dc5270b3,3,top_heavy_shuffled,"[70, 90, 190]",0,0.32,1
newsqa,63,ef32addb3b9b4c8ab122fd787122a657,3,top_heavy_shuffled,"[70, 90, 190]",1,1.0,1
newsqa,64,79e87ee729dd4f40b1492c9d24d26541,3,top_heavy_shuffled,"[90, 190, 70]",0,0.0,1
newsqa,65,94b8ba1c855e4789a90cd5692ee3e710,3,top_heavy_shuffled,"[190, 70, 90]",1,1.0,1
newsqa,66,7de2c568942c4160a93c7c80f264030f,3,top_heavy_shuffled,"[70, 90, 190]",0,0.0,0
newsqa,67,eeef45fe8f664128b6f49991e5695c3e,3,top_heavy_shuffled,"[190, 70, 90]",0,0.0,0
newsqa,68,fb575e95e21843f9bc7ab8acdde72ee7,3,top_heavy_shuffled,"[90, 70, 190]",0,0.0,1
newsqa,69,0ae51cad51b340cb9ce156a667e11a5e,3,top_heavy_shuffled,"[90, 190, 70]",0,0.0,0
newsqa,70,2e3e4e90adb64e86bf0e6ccf5499126b,3,top_heavy_shuffled,"[70, 190, 90]",1,1.0,1
newsqa,71,8b49dc87c93b45c48eb62e4a0b8ac604,3,top_heavy_shuffled,"[90, 190, 70]",0,0.2857142857142857,1
newsqa,72,dafae23b13b148619784124572b26008,3,top_heavy_shuffled,"[90, 70, 190]",0,0.2857142857142857,1
newsqa,73,054d98807bed447f896aaa343005bb89,3,top_heavy_shuffled,"[70, 90, 190]",0,0.6666666666666666,1
newsqa,74,fee6642b071a46e9b1a005d63b58a98c,3,top_heavy_shuffled,"[90, 190, 70]",0,0.0,1
newsqa,75,ae35f52b8069416da505e192383e1cab,3,top_heavy_shuffled,"[190, 90, 70]",0,0.0,1
newsqa,76,21976ca866684313b86aa9450c61406c,3,top_heavy_shuffled,"[90, 70, 190]",0,0.0,1
newsqa,77,bfa3a133f4fc48eda18b7464dddc5e70,3,top_heavy_shuffled,"[70, 90, 190]",0,0.0,1
newsqa,78,8809bd64552f4f7aa8f53f493602ceae,3,top_heavy_shuffled,"[70, 190, 90]",1,1.0,1
newsqa,79,4e6de19d338a44b6bd4bbaec2c3c0635,3,top_heavy_shuffled,"[90, 70, 190]",1,1.0,1
newsqa,80,121d9ead9e87477baedf4605be92bbf7,3,top_heavy_shuffled,"[70, 90, 190]",0,0.0,1
newsqa,81,96478949a8214ae4bd74130d64466203,3,top_heavy_shuffled,"[190, 90, 70]",1,1.0,1
newsqa,82,e2bc1abc94f141399b0b004676f84171,3,top_heavy_shuffled,"[70, 90, 190]",0,0.8,1
newsqa,83,a018ca4c1e8e4a44b48188655383c8a5,3,top_heavy_shuffled,"[90, 190, 70]",0,0.25,1
newsqa,84,2c175bdf51494ae1a97be4ed1a365825,3,top_heavy_shuffled,"[190, 70, 90]",1,1.0,1
newsqa,85,916d57f6183b4c52999933fe394cae6e,3,top_heavy_shuffled,"[190, 90, 70]",1,1.0,1
newsqa,86,2324b8d221fa41d58267b515b1a1109a,3,top_heavy_shuffled,"[190, 70, 90]",0,0.0,1
newsqa,87,c0d3770ca41e4463958dca0c88ce3979,3,top_heavy_shuffled,"[70, 90, 190]",0,0.0,1
newsqa,88,68ac44d7d9e24aee8fcaa91e0f364062,3,top_heavy_shuffled,"[90, 70, 190]",0,0.06666666666666668,1
newsqa,89,f6ea20f22a394788814a7b4374246cf9,3,top_heavy_shuffled,"[190, 70, 90]",0,0.4444444444444445,1
newsqa,90,5f53831743434c24b29ed9b858d87e4b,3,top_heavy_shuffled,"[90, 70, 190]",0,0.888888888888889,1
newsqa,91,20c6639f94d24a91ac79c15024fcd5f7,3,top_heavy_shuffled,"[90, 70, 190]",0,0.4,1
newsqa,92,6c6f0f2b83e546e39bc40d37b0ee9975,3,top_heavy_shuffled,"[190, 70, 90]",0,0.08333333333333334,1
newsqa,93,a1b8855de6ff4bf2b8afc5942486e88c,3,top_heavy_shuffled,"[90, 70, 190]",0,0.0,0
newsqa,94,986fec610e0e4bf9bb3de6be1fa0356e,3,top_heavy_shuffled,"[90, 190, 70]",0,0.0,0
newsqa,95,ce5d0f11b9664510a27bf3c483792f13,3,top_heavy_shuffled,"[70, 190, 90]",1,1.0,1
newsqa,96,3f092922c6854e3f8bdf22cc50cf71a9,3,top_heavy_shuffled,"[190, 90, 70]",1,1.0,1
newsqa,97,811785fb9d684ccd9577541cd4c94555,3,top_heavy_shuffled,"[90, 70, 190]",0,0.0,1
newsqa,98,66d0e7da123d49fd8f8016dc27775052,3,top_heavy_shuffled,"[190, 70, 90]",1,1.0,1
newsqa,99,1646e87aca7b4f078ae816044f0f5955,3,top_heavy_shuffled,"[70, 90, 190]",1,1.0,1
newsqa,100,d2747da8e1e1416cb057ee8651131dd8,3,top_heavy_shuffled,"[190, 70, 90]",0,0.12903225806451613,1
newsqa,101,8834ade537ca4faca9fb3bdd7efcb88b,3,top_heavy_shuffled,"[190, 90, 70]",1,1.0,1
newsqa,102,81a06cc7f0ed45fba03d40062246bf0f,3,top_heavy_shuffled,"[190, 70, 90]",0,0.4,1
newsqa,103,9f8bb4dd263246dbac8f331f745d2e5a,3,top_heavy_shuffled,"[70, 190, 90]",0,0.0,1
newsqa,104,d0940d4e2f8b4c23817a178bf3f2ee85,3,top_heavy_shuffled,"[190, 90, 70]",0,0.0,0
newsqa,105,62b2d8702439498197acee357c30a8bd,3,top_heavy_shuffled,"[70, 190, 90]",0,0.05405405405405406,0
newsqa,106,1fcf01709c0b404da2b3024ac0a02eb0,3,top_heavy_shuffled,"[70, 90, 190]",0,0.0,0
newsqa,107,f299e2d5b4264decb2fd2ab4d6a53c2d,3,top_heavy_shuffled,"[190, 70, 90]",0,0.0,0
newsqa,108,ecba8f966e03447a940cfff69f9ba8e1,3,top_heavy_shuffled,"[90, 70, 190]",1,1.0,1
newsqa,109,077524326f6a4e53a728f5341e89f79c,3,top_heavy_shuffled,"[190, 70, 90]",0,0.0,1
newsqa,110,18cbdcbef93544acac9407596569a64f,3,top_heavy_shuffled,"[70, 90, 190]",0,0.0,1
newsqa,111,afc8672a21f441369ab4b0ffb8532c21,3,top_heavy_shuffled,"[90, 190, 70]",0,0.72,1
newsqa,112,c64f2789544c45c8bf9dceebb35cfa53,3,top_heavy_shuffled,"[70, 190, 90]",0,0.0,0
newsqa,113,c2bf5fa95d404050b8f86692d9100be0,3,top_heavy_shuffled,"[190, 70, 90]",0,0.0,1
newsqa,114,ff5f25fc4c9b4354b49fc603df373ee0,3,top_heavy_shuffled,"[70, 90, 190]",0,0.0,1
newsqa,115,d83aff530fd447b49138953308883ac2,3,top_heavy_shuffled,"[70, 190, 90]",0,0.0,0
newsqa,116,5b7387ec945d47b8b624c2b55b6a80c1,3,top_heavy_shuffled,"[190, 90, 70]",0,0.0,1
newsqa,117,987b4118a9304f2f8193ab27a36b0489,3,top_heavy_shuffled,"[190, 70, 90]",1,1.0,1
newsqa,118,da630eb21dea4abe920e8253d4fd6a34,3,top_heavy_shuffled,"[190, 70, 90]",0,0.26086956521739135,1
newsqa,119,1cfc4441a86445fab7952656df2d64a0,3,top_heavy_shuffled,"[70, 190, 90]",0,0.2222222222222222,1
newsqa,120,5cac964bb57446e39b0f58d6043c12d7,3,top_heavy_shuffled,"[90, 70, 190]",1,1.0,1
newsqa,121,30cbead889fc4c0783a1afd652cfb163,3,top_heavy_shuffled,"[70, 190, 90]",0,0.6666666666666666,1
newsqa,122,d7eb4ea422a0440ab1a2ea0d9a313198,3,top_heavy_shuffled,"[70, 90, 190]",0,0.0,1
newsqa,123,c8c3c9f350c5469da18f367a6a250097,3,top_heavy_shuffled,"[90, 70, 190]",0,0.0,0
newsqa,124,b47d1c59552a453ba57c2121f029242d,3,top_heavy_shuffled,"[90, 190, 70]",0,0.0,1
newsqa,125,29b82a59344f4d38854c476a31827ba7,3,top_heavy_shuffled,"[70, 190, 90]",0,0.0,0
newsqa,126,9a0b3de216b6498699f9a1745ef51447,3,top_heavy_shuffled,"[190, 70, 90]",0,0.14814814814814814,1
newsqa,127,f126e81901054b3ba5fb4ce920b1df38,3,top_heavy_shuffled,"[70, 90, 190]",1,1.0,1
newsqa,128,0a8eff0d1b134de888817e44d2e889b1,3,top_heavy_shuffled,"[190, 70, 90]",0,0.07142857142857142,1
newsqa,129,054b7315353146d4b0ad624514005ef2,3,top_heavy_shuffled,"[70, 90, 190]",1,1.0,1
newsqa,130,f4ef4313787d49d7851ad2a6c66cf163,3,top_heavy_shuffled,"[70, 190, 90]",0,0.6666666666666666,1
newsqa,131,e3602ad5a2864891955a696e59594e76,3,top_heavy_shuffled,"[190, 90, 70]",1,1.0,1
newsqa,132,2a9c56b5a5ae43b78f7f7d9dccdca491,3,top_heavy_shuffled,"[70, 190, 90]",1,1.0,1
newsqa,133,4fc9afe35d8c4cdf8115fe9faf6ac96a,3,top_heavy_shuffled,"[70, 190, 90]",1,1.0,1
newsqa,134,065ce886fe8c41088ba6b71c82ab6229,3,top_heavy_shuffled,"[190, 70, 90]",0,0.0,1
newsqa,135,928063d9906145b6b83392f5068efb4f,3,top_heavy_shuffled,"[90, 190, 70]",0,0.0,0
newsqa,136,455324ce37fa42c8af627f9f832cfb24,3,top_heavy_shuffled,"[190, 90, 70]",0,0.0,0
newsqa,137,1af7aafeb2e24d348d72b7559a2ce754,3,top_heavy_shuffled,"[70, 190, 90]",0,0.45454545454545453,1
newsqa,138,c4c3e45a17884ef78442ed584e442741,3,top_heavy_shuffled,"[90, 70, 190]",1,1.0,1
newsqa,139,2e7792c3711b4a139cf99e7dec1b7e26,3,top_heavy_shuffled,"[90, 190, 70]",0,0.0,1
newsqa,140,8d3d4915ed104234bca2e7e8eb591d6e,3,top_heavy_shuffled,"[190, 90, 70]",1,1.0,1
newsqa,141,7876cd87c6e845f484f841d243a021a0,3,top_heavy_shuffled,"[190, 70, 90]",0,0.25,1
newsqa,142,faca8fa5d6724e3f95ea8550bbb1a3c8,3,top_heavy_shuffled,"[190, 70, 90]",1,1.0,1
newsqa,143,76c6e9ef00884f509bc625e25b15cc85,3,top_heavy_shuffled,"[70, 90, 190]",1,1.0,1
newsqa,144,0db9e6fa3f21435996d0bf1e3b3f8adb,3,top_heavy_shuffled,"[90, 70, 190]",1,1.0,1
newsqa,145,ca61917ae999408c84f855c26dc48c68,3,top_heavy_shuffled,"[90, 70, 190]",0,0.0,0
newsqa,146,c6d27c29d4774501b4f046af3bb83dfd,3,top_heavy_shuffled,"[90, 70, 190]",0,0.0,0
newsqa,147,8da0d6902cab4114b140672981c41ece,3,top_heavy_shuffled,"[70, 190, 90]",0,0.0,1
newsqa,148,d809c82de0cc41a391a8476fbedc4638,3,top_heavy_shuffled,"[190, 70, 90]",0,0.0,1
newsqa,149,6a9dae85ef8448b88947f67b7368cd84,3,top_heavy_shuffled,"[70, 90, 190]",0,0.0,1
newsqa,150,62ccc3554230408fb85b346dedaeffa9,3,top_heavy_shuffled,"[90, 190, 70]",1,1.0,1
newsqa,151,9724aa5ceb194973a23f99d088987015,3,top_heavy_shuffled,"[70, 90, 190]",1,1.0,1
newsqa,152,8c513011d82543469328cb90f190d67c,3,top_heavy_shuffled,"[70, 190, 90]",0,0.0,0
newsqa,153,352bbdac5d414a65a714e30a0fd97f42,3,top_heavy_shuffled,"[70, 190, 90]",0,0.14285714285714288,1
newsqa,154,c46c0d1751554ccea747cb3825bdbe66,3,top_heavy_shuffled,"[90, 70, 190]",0,0.0,0
newsqa,155,1b99dffb92c14a838fdb91967645cbf0,3,top_heavy_shuffled,"[190, 90, 70]",0,0.0,1
newsqa,156,fe231269e136464c857e4cedaa8a523e,3,top_heavy_shuffled,"[90, 70, 190]",1,1.0,0
newsqa,157,b7ccf71e49054da2a836cbd7dcca51ae,3,top_heavy_shuffled,"[90, 70, 190]",0,0.0,0
newsqa,158,c5d1601dece84ce895260d42931118c3,3,top_heavy_shuffled,"[190, 90, 70]",0,0.0,0
newsqa,159,c6e9bca537a64d47a1f219d04aa484cf,3,top_heavy_shuffled,"[70, 90, 190]",0,0.0,0
newsqa,160,19174950ad6b4759929f41cb2aa6b979,3,top_heavy_shuffled,"[70, 90, 190]",1,1.0,0
newsqa,161,08e1f398fc554a2b9cc745c89b8ddd1c,3,top_heavy_shuffled,"[90, 70, 190]",0,0.06060606060606061,1
newsqa,162,4e8ac0b2d2c448099dea09b0b88032b6,3,top_heavy_shuffled,"[90, 190, 70]",0,0.8571428571428571,1
newsqa,163,ba68aac128784f47a20eafdb4fa84627,3,top_heavy_shuffled,"[190, 90, 70]",1,1.0,1
newsqa,164,9b6a4b25c0cf41d89f69fab7e636d836,3,top_heavy_shuffled,"[90, 70, 190]",1,1.0,1
newsqa,165,851dc215cd4f478ea5bc5be433bb650b,3,top_heavy_shuffled,"[70, 90, 190]",1,1.0,1
newsqa,166,73df4341944b4832a7110492fec95939,3,top_heavy_shuffled,"[70, 190, 90]",1,1.0,1
newsqa,167,82498b7e764c4a77ae54de9e49a211ce,3,top_heavy_shuffled,"[90, 70, 190]",0,0.8571428571428571,1
newsqa,168,d12c3c9ff7254b76a83a3c702e0f1411,3,top_heavy_shuffled,"[90, 70, 190]",1,1.0,1
newsqa,169,9b5c249c46644e04a2d28d98bac5f951,3,top_heavy_shuffled,"[190, 70, 90]",0,0.0,0
newsqa,170,b31c60bda086454a900948cde75eb053,3,top_heavy_shuffled,"[190, 70, 90]",0,0.0,1
newsqa,171,68ea789496074f56878ceddf5f0bb6c0,3,top_heavy_shuffled,"[90, 190, 70]",0,0.2222222222222222,0
newsqa,172,2fbb04100c444abda7f972b3c7ca55b9,3,top_heavy_shuffled,"[70, 190, 90]",0,0.7142857142857143,1
newsqa,173,ff83ee0ffed94025b218bc5444b14880,3,top_heavy_shuffled,"[90, 70, 190]",0,0.0,0
newsqa,174,811443af769846bd88db9031899cf838,3,top_heavy_shuffled,"[190, 90, 70]",0,0.0,1
newsqa,175,2737e76f68ed4c889e75300d5d707fbb,3,top_heavy_shuffled,"[70, 90, 190]",0,0.08695652173913045,1
newsqa,176,5c48b89357aa48fd8a1aafaeabe73c4c,3,top_heavy_shuffled,"[70, 90, 190]",0,0.823529411764706,1
newsqa,177,57b5639ab5b441d9956c8bb4d17cf3e2,3,top_heavy_shuffled,"[190, 90, 70]",1,1.0,1
newsqa,178,b7f2e1ae39b54396b93b90189b8ef3da,3,top_heavy_shuffled,"[190, 70, 90]",0,0.0,1
newsqa,179,ed32ea00d52a492b93ce00ce06b93f4a,3,top_heavy_shuffled,"[190, 70, 90]",1,1.0,1
newsqa,180,45e285d6497d478b835ec6f97fe0edb8,3,top_heavy_shuffled,"[70, 90, 190]",1,1.0,1
newsqa,181,287086d87ca540629ea9a5d1f3e42827,3,top_heavy_shuffled,"[90, 70, 190]",0,0.0,0
newsqa,182,66671cea0dee4e95ace4c4ccbdcc094b,3,top_heavy_shuffled,"[90, 70, 190]",0,0.0,0
newsqa,183,1c3202898a2340d8b9ee33b3d2feb483,3,top_heavy_shuffled,"[90, 70, 190]",1,1.0,1
newsqa,184,b91f7ce859194bf3a952f9948618cfaf,3,top_heavy_shuffled,"[190, 90, 70]",0,0.0,0
newsqa,185,8da9a487491d4861815c860882b46f1b,3,top_heavy_shuffled,"[90, 190, 70]",1,1.0,1
newsqa,186,b0bc5b996f8c43a4a27f7a0a92100227,3,top_heavy_shuffled,"[70, 90, 190]",0,0.0,0
newsqa,187,b3d3a7f3fd00419c896e03a2dd70c2eb,3,top_heavy_shuffled,"[90, 190, 70]",0,0.0,0
newsqa,188,9723fcbfda3b41f1a2928a72b5614b05,3,top_heavy_shuffled,"[70, 90, 190]",0,0.0,0
newsqa,189,354948edd4c94ed49d3c744a8213b0e4,3,top_heavy_shuffled,"[70, 190, 90]",0,0.0,0
newsqa,190,06ad4f09434a47e7a9563d96bde0e71f,3,top_heavy_shuffled,"[70, 90, 190]",0,0.7804878048780487,1
newsqa,191,9ed3661a6d2945fbb92425ece8bc177e,3,top_heavy_shuffled,"[90, 70, 190]",0,0.0,0
newsqa,192,ef60d03b67d34a1190d04693fee8767f,3,top_heavy_shuffled,"[70, 190, 90]",0,0.0,0
newsqa,193,63fc6e7a70aa4d60a8cab579a90afb9e,3,top_heavy_shuffled,"[70, 190, 90]",0,0.0,1
newsqa,194,8c780963994f44c7835580cb22bc2fdc,3,top_heavy_shuffled,"[90, 70, 190]",0,0.6923076923076924,1
newsqa,195,60f332bc68e64d8680e179e359b0d6fa,3,top_heavy_shuffled,"[190, 70, 90]",0,0.0,1
newsqa,196,69e712f057644faf86a9688a85a2deee,3,top_heavy_shuffled,"[70, 90, 190]",1,1.0,1
newsqa,197,1a4a586dd10143f3a68247ae4c535713,3,top_heavy_shuffled,"[70, 190, 90]",1,1.0,1
newsqa,198,ba52569b388b4b339129a0277c7eb2e8,3,top_heavy_shuffled,"[70, 90, 190]",1,1.0,1
newsqa,199,a5c81a5e5d3c42d089cd98f0b556de2f,3,top_heavy_shuffled,"[90, 190, 70]",0,0.0,0
newsqa,200,0af880e8558a4fc3afbc9a8a25d081fd,3,top_heavy_shuffled,"[70, 90, 190]",0,0.4,1
newsqa,201,073515a682484ceaac87a83d1ab38a06,3,top_heavy_shuffled,"[190, 90, 70]",0,0.23529411764705885,1
newsqa,202,36ab12ff07cf46ed9af03891964f20de,3,top_heavy_shuffled,"[190, 90, 70]",0,0.0,1
newsqa,203,b189954307e7414b9d81ad99c7b730bf,3,top_heavy_shuffled,"[190, 70, 90]",0,0.8387096774193549,1
newsqa,204,37c0ef1f9eb3412594ff30f21611b882,3,top_heavy_shuffled,"[70, 190, 90]",0,0.0,0
newsqa,205,dc27c4c56b014020bd9e8a799860b06e,3,top_heavy_shuffled,"[70, 90, 190]",1,1.0,1
newsqa,206,aa9da743626a453780aaaf56e7816508,3,top_heavy_shuffled,"[90, 190, 70]",0,0.0,0
newsqa,207,5b94852dff984b19bf8264cd8bc1caa3,3,top_heavy_shuffled,"[190, 70, 90]",0,0.0,1
newsqa,208,980522a80742433e96b144a86fd2ddce,3,top_heavy_shuffled,"[70, 190, 90]",0,0.0,0
newsqa,209,c5fc7fc4522b43b7a0802acbd3963efd,3,top_heavy_shuffled,"[90, 70, 190]",1,1.0,1
newsqa,210,7374f521a2854922b8f6f8890ecda23d,3,top_heavy_shuffled,"[90, 70, 190]",0,0.32,1
newsqa,211,29cd58ae62e94dc4b7315ce4b50010ef,3,top_heavy_shuffled,"[90, 70, 190]",0,0.25,1
newsqa,212,5fcc6fb126e14d65ba4d0d86bb28a8be,3,top_heavy_shuffled,"[70, 190, 90]",1,1.0,1
newsqa,213,2b41e95bcc554f69b8d594bc3d05bf1a,3,top_heavy_shuffled,"[90, 190, 70]",0,0.07142857142857142,1
newsqa,214,8ae5ae5b607b4dbc86f7da5147a095c7,3,top_heavy_shuffled,"[190, 70, 90]",0,0.0,0
newsqa,215,fc7d87cd43814b8db5d9bcc43cba1da3,3,top_heavy_shuffled,"[90, 190, 70]",1,1.0,1
newsqa,216,0338d7711b1646d6be2b815c279cff54,3,top_heavy_shuffled,"[70, 90, 190]",0,0.0,1
newsqa,217,dcb53cda7e6144fca04963ac7581bcdd,3,top_heavy_shuffled,"[90, 70, 190]",0,0.1904761904761905,1
newsqa,218,ecccb9b15eb3413d8f3a5ad8d8983716,3,top_heavy_shuffled,"[70, 90, 190]",0,0.0,0
newsqa,219,fa3b764edd7a4c44be5b8921112e8bf6,3,top_heavy_shuffled,"[70, 90, 190]",0,0.0,0
newsqa,220,493624c8263b40ec97c127e45b45d5c1,3,top_heavy_shuffled,"[190, 90, 70]",0,0.0,0
newsqa,221,ebee9fdad5b64bab83267a364ea4d10b,3,top_heavy_shuffled,"[90, 70, 190]",0,0.5714285714285715,1
newsqa,222,1fd96469f9a24b37814917f25f8060f2,3,top_heavy_shuffled,"[90, 190, 70]",1,1.0,0
newsqa,223,f97696deb9704d2f8ae5834f9fcdd88c,3,top_heavy_shuffled,"[90, 70, 190]",0,0.4,1
newsqa,224,da54c67b92b74a2c91d2227d09a41438,3,top_heavy_shuffled,"[70, 190, 90]",0,0.0,1
newsqa,225,1416c66b2eb543aea04972d5780b31d6,3,top_heavy_shuffled,"[190, 70, 90]",0,0.0,0
newsqa,226,ec0a4212a5df47f682fbba53188e7af8,3,top_heavy_shuffled,"[70, 90, 190]",0,0.0,0
newsqa,227,856b14030ac342bb979ca5091377cff0,3,top_heavy_shuffled,"[190, 70, 90]",0,0.0,0
newsqa,228,58c9a110235b4879950e679babb53318,3,top_heavy_shuffled,"[90, 70, 190]",0,0.0,1
newsqa,229,eff7102be794409081a5e3b3ef3c9518,3,top_heavy_shuffled,"[190, 90, 70]",0,0.05128205128205128,1
newsqa,230,99331d54ed084ccf98837531ede526e3,3,top_heavy_shuffled,"[70, 190, 90]",0,0.25,0
newsqa,231,400ab40069334ea6a12b1085941a9880,3,top_heavy_shuffled,"[90, 190, 70]",0,0.5,1
newsqa,232,9f1d761a46c64578849ff7408c6351b2,3,top_heavy_shuffled,"[190, 70, 90]",0,0.25,1
newsqa,233,241f5227a1124be591341cf33b2ecb2f,3,top_heavy_shuffled,"[70, 90, 190]",0,0.8571428571428571,1
newsqa,234,4f05dc53dcc24ed1a59fdd5d950966d0,3,top_heavy_shuffled,"[70, 190, 90]",0,0.0,0
newsqa,235,e1dac33266d048c89894eab0b0dc1c2a,3,top_heavy_shuffled,"[70, 190, 90]",0,0.0,1
newsqa,236,ce3ecd44941f4597ae927b61841b860a,3,top_heavy_shuffled,"[190, 70, 90]",0,0.0,1
newsqa,237,d031593cc6f142f6bba7e64ea9224dea,3,top_heavy_shuffled,"[90, 70, 190]",1,1.0,1
newsqa,238,5b5d465a7ab2427485a00f3638543996,3,top_heavy_shuffled,"[90, 190, 70]",0,0.0,1
newsqa,239,53fe1484646648969f42e40f550ab7ef,3,top_heavy_shuffled,"[190, 90, 70]",0,0.6666666666666666,1
newsqa,240,d86c4a3e9c944a5595ffd076817380c9,3,top_heavy_shuffled,"[90, 70, 190]",0,0.0,0
newsqa,241,d847d59c18884a8eaddd5fc55d047799,3,top_heavy_shuffled,"[190, 70, 90]",0,0.0,1
newsqa,242,b5e7dc56ca2e4d68bc9b59696bca7f75,3,top_heavy_shuffled,"[70, 190, 90]",0,0.14814814814814814,1
newsqa,243,bd356a60992b44f7840f99ffc390382c,3,top_heavy_shuffled,"[90, 190, 70]",1,1.0,1
newsqa,244,f8c03f10b27045d89e068c461ea3d69c,3,top_heavy_shuffled,"[70, 190, 90]",0,0.0,1
newsqa,245,f57595f77502405fbe6baf093d8baea0,3,top_heavy_shuffled,"[90, 70, 190]",1,1.0,1
newsqa,246,a697c765c3e74e0cb48088ea3ecdcdb1,3,top_heavy_shuffled,"[70, 190, 90]",0,0.13333333333333333,1
newsqa,247,57e62137793b4537bb7eb95d44481eb3,3,top_heavy_shuffled,"[70, 90, 190]",0,0.0,1
newsqa,248,7cb53bae73d64900a63fde04f93eceea,3,top_heavy_shuffled,"[190, 70, 90]",0,0.0,0
newsqa,249,a8ff7b13f4b943d89f09cf03cbde580a,3,top_heavy_shuffled,"[190, 90, 70]",0,0.0,0
newsqa,250,547765c1158b4a5a8100d6a300aa88b1,3,top_heavy_shuffled,"[70, 190, 90]",0,0.5,1
newsqa,251,31d748672420422aa724d2b6db6b1d18,3,top_heavy_shuffled,"[90, 190, 70]",0,0.0,1
newsqa,252,f8542bff725c4264aaf360ad929a1807,3,top_heavy_shuffled,"[70, 90, 190]",0,0.0,0
newsqa,253,0d56e8c7e4b6449696113a82ec0da19e,3,top_heavy_shuffled,"[70, 90, 190]",0,0.2608695652173913,1
newsqa,254,0ad40f362389498382471e1f6171f996,3,top_heavy_shuffled,"[70, 190, 90]",0,0.5,1
newsqa,255,9adfdf882a9a4f8bb69b96506ce7471c,3,top_heavy_shuffled,"[190, 70, 90]",1,1.0,1
newsqa,256,63b89182644f454c92026c4ca6747140,3,top_heavy_shuffled,"[90, 190, 70]",0,0.0,0
newsqa,257,62c441cc36584729bc6608d4f56ca4d6,3,top_heavy_shuffled,"[90, 190, 70]",1,1.0,1
newsqa,258,480a34c34b094ac6b071bc658c0da810,3,top_heavy_shuffled,"[70, 90, 190]",0,0.0,0
newsqa,259,db571ac79d34404b9a59b62c7fd38c56,3,top_heavy_shuffled,"[90, 190, 70]",0,0.15789473684210528,1
newsqa,260,9e3b57d9763d4f1da04cc784d5944be2,3,top_heavy_shuffled,"[190, 70, 90]",0,0.0,0
newsqa,261,7594504b380443f6920beb03b1379bd7,3,top_heavy_shuffled,"[90, 70, 190]",0,0.6666666666666666,1
newsqa,262,d0a7880cce6f4bce95aaaf322c41355f,3,top_heavy_shuffled,"[70, 190, 90]",0,0.1875,1
newsqa,263,bdc7cf3241594e52a3164b489f50370d,3,top_heavy_shuffled,"[90, 190, 70]",0,0.08333333333333333,1
newsqa,264,d5500a7bfa4d4b1683dc90808707e306,3,top_heavy_shuffled,"[90, 190, 70]",0,0.0,1
newsqa,265,8bf4e9d3157446bd95bbea12227c100b,3,top_heavy_shuffled,"[70, 190, 90]",0,0.5,1
newsqa,266,487cd2a2f5ee49bb96d33d0d56ea6a2b,3,top_heavy_shuffled,"[70, 90, 190]",1,1.0,1
newsqa,267,8fcc1e39bba146a08300eef42c641e71,3,top_heavy_shuffled,"[90, 190, 70]",0,0.0,0
newsqa,268,383db81acf1f476d8aa21be94cc9daa7,3,top_heavy_shuffled,"[90, 70, 190]",1,1.0,1
newsqa,269,3ded2ac8aff04250896711bfc070cd39,3,top_heavy_shuffled,"[70, 90, 190]",0,0.0,0
newsqa,270,fcccb4baf6314a589f6725cf1dc37979,3,top_heavy_shuffled,"[70, 190, 90]",0,0.14285714285714288,0
newsqa,271,3365b3e46e9240dca893042f6f34486f,3,top_heavy_shuffled,"[70, 90, 190]",0,0.18181818181818182,1
newsqa,272,7f764f3b545744048cf82108c4bb5157,3,top_heavy_shuffled,"[70, 190, 90]",0,0.22222222222222224,0
newsqa,273,ad0e4b1a103d400f9ef4dd6827e215b9,3,top_heavy_shuffled,"[190, 90, 70]",0,0.0,0
newsqa,274,198f769edd5c4bd7b829ffeaa6d595c1,3,top_heavy_shuffled,"[190, 90, 70]",0,0.0,1
newsqa,275,e296d418c6614640b45afe738e0fe7ce,3,top_heavy_shuffled,"[190, 90, 70]",0,0.10526315789473684,1
newsqa,276,489edeed2f20435b9fc8ab429d160239,3,top_heavy_shuffled,"[90, 70, 190]",1,1.0,1
newsqa,277,b39eac495217430ebe3cfb37878882ee,3,top_heavy_shuffled,"[90, 70, 190]",0,0.0,1
newsqa,278,e772ff7304f54b78a3280763cf427221,3,top_heavy_shuffled,"[70, 90, 190]",0,0.0,0
newsqa,279,d16db94dc08840cb930ce9cf59151bef,3,top_heavy_shuffled,"[70, 190, 90]",0,0.0,1
newsqa,280,92100c8dcef141f69ab22ef3ad13d9d5,3,top_heavy_shuffled,"[90, 70, 190]",0,0.0,1
newsqa,281,11452fbd4fdb40d8bd8f10d24a8087e2,3,top_heavy_shuffled,"[70, 190, 90]",0,0.0,0
newsqa,282,3b8f128366fb4a669715a4b6cfc166cd,3,top_heavy_shuffled,"[190, 90, 70]",0,0.0,0
newsqa,283,3dd9a7133b594635ac914a6abccf0e46,3,top_heavy_shuffled,"[190, 90, 70]",0,0.0,1
newsqa,284,f2f07af9f9874dc992ca32c22063ffd4,3,top_heavy_shuffled,"[90, 190, 70]",0,0.0,1
newsqa,285,5ff5d8f1083b442cbf759f1980f8cd15,3,top_heavy_shuffled,"[70, 90, 190]",0,0.0,0
newsqa,286,8047bb5d810b4c2f967c45b876ff4bb8,3,top_heavy_shuffled,"[90, 190, 70]",1,1.0,1
newsqa,287,1e7aa41fe6ff4d048cf6c314eaae526a,3,top_heavy_shuffled,"[90, 190, 70]",0,0.0,0
newsqa,288,32e5e53144904525bdd91c2346ecdc21,3,top_heavy_shuffled,"[70, 90, 190]",0,0.0,1
newsqa,289,3645db7e841f4242ae0b3be674e8bc8a,3,top_heavy_shuffled,"[90, 190, 70]",0,0.4,1
newsqa,290,b344f9c87e2d4e5498338ea56023892c,3,top_heavy_shuffled,"[90, 190, 70]",0,0.8,1
newsqa,291,cae1c72a196e41c0919e17bc003a3a5f,3,top_heavy_shuffled,"[90, 70, 190]",0,0.0,0
newsqa,292,d21a2587e9e64ae08a9243d3f950521b,3,top_heavy_shuffled,"[90, 190, 70]",0,0.0,0
newsqa,293,f8657886cea34216b10630e96b7a2932,3,top_heavy_shuffled,"[90, 70, 190]",0,0.15384615384615385,1
newsqa,294,14c07142ff80440483ee9fdc0f2d8b06,3,top_heavy_shuffled,"[190, 70, 90]",0,0.0,1
newsqa,295,c1028f19198147868af85aa60943519d,3,top_heavy_shuffled,"[90, 190, 70]",0,0.0,0
newsqa,296,c5e69a8c19ec4fadb153de7ed8d06b9f,3,top_heavy_shuffled,"[90, 190, 70]",0,0.6666666666666666,1
newsqa,297,b476d07cc2e747d0bad28a795661540d,3,top_heavy_shuffled,"[190, 90, 70]",0,0.0,0
newsqa,298,ce3ef968a0704a3fa36f7f605ed0031a,3,top_heavy_shuffled,"[90, 70, 190]",0,0.0,0
newsqa,299,5d6dc2b279594850a8ffce1f1b7892aa,3,top_heavy_shuffled,"[190, 70, 90]",0,0.6666666666666666,1
newsqa,300,74518b730d2941859c8fc206f74de46a,3,top_heavy_shuffled,"[70, 90, 190]",0,0.3333333333333333,0
newsqa,301,679586e746bf437fb4372790a38aaa81,3,top_heavy_shuffled,"[70, 190, 90]",0,0.0,1
newsqa,302,5aaeceef16f34275b07bef56b93edddc,3,top_heavy_shuffled,"[90, 190, 70]",0,0.0,1
newsqa,303,cf3bbf5197224180b1a20f44bba8ff58,3,top_heavy_shuffled,"[90, 190, 70]",1,1.0,1
newsqa,304,77581c9e1c504eb6a88f1cc8693a1f7b,3,top_heavy_shuffled,"[190, 90, 70]",0,0.2857142857142857,1
newsqa,305,57c251b6218b4c1094f9dfb9f53f2a21,3,top_heavy_shuffled,"[190, 90, 70]",0,0.0,1
newsqa,306,786e56a75654431f8335c0a57f0e3d3e,3,top_heavy_shuffled,"[70, 90, 190]",1,1.0,1
newsqa,307,e3ece1d381234fa9a9402f702b38c5b5,3,top_heavy_shuffled,"[90, 70, 190]",0,0.15384615384615385,1
newsqa,308,f5627bd7cf9545e78204161253ca2e8e,3,top_heavy_shuffled,"[190, 90, 70]",0,0.8571428571428571,1
newsqa,309,4f1dcb1b8e9745ddb92444ccacb4b1b8,3,top_heavy_shuffled,"[70, 190, 90]",0,0.6666666666666666,1
newsqa,310,98bbd1deff4143b780e5d123925bdbee,3,top_heavy_shuffled,"[190, 90, 70]",0,0.0,1
newsqa,311,f510e4b92495473db9b86dd2d5b6eb18,3,top_heavy_shuffled,"[190, 70, 90]",1,1.0,1
newsqa,312,7baaa5545ac44114b79c5420d561d85e,3,top_heavy_shuffled,"[90, 70, 190]",1,1.0,1
newsqa,313,143a0df7e66a473ba5804b1c75f56c86,3,top_heavy_shuffled,"[70, 90, 190]",0,0.0,0
newsqa,314,bd0f2b0fc40146edb228ac6be2fd9e5a,3,top_heavy_shuffled,"[190, 70, 90]",0,0.3333333333333333,1
newsqa,315,06bff66d3af04edd808a81c4b0a106a7,3,top_heavy_shuffled,"[70, 190, 90]",1,1.0,1
newsqa,316,cbb5d9c625b74ae1b3426d2a185549c4,3,top_heavy_shuffled,"[70, 190, 90]",0,0.0,0
newsqa,317,3bb0f77a9cbc44fab12fdc8005e69f91,3,top_heavy_shuffled,"[190, 70, 90]",0,0.0,0
newsqa,318,5f24d26d866b410da298cec18f321605,3,top_heavy_shuffled,"[70, 90, 190]",0,0.4,1
newsqa,319,e6bd79cae1cb472c990b5226f2a87152,3,top_heavy_shuffled,"[90, 70, 190]",0,0.1818181818181818,1
newsqa,320,e111ffbe05e4468c85bfaeceec2ea821,3,top_heavy_shuffled,"[70, 90, 190]",1,1.0,1
newsqa,321,8caeb3cde3074e66af2795f258908f69,3,top_heavy_shuffled,"[190, 90, 70]",1,1.0,1
newsqa,322,f8b5c43adc974d82aaab3f81649ca754,3,top_heavy_shuffled,"[70, 90, 190]",1,1.0,1
newsqa,323,574519a5dbfc4727bd68c1f4f0ad92b0,3,top_heavy_shuffled,"[190, 70, 90]",0,0.0,1
newsqa,324,842b90f71d4142229534788a21189892,3,top_heavy_shuffled,"[70, 190, 90]",1,1.0,1
newsqa,325,09a4f669c3ce4432954d3b5348ffde56,3,top_heavy_shuffled,"[70, 90, 190]",0,0.20689655172413793,1
newsqa,326,b2a92b434a344e49b3a6911bfd86e98f,3,top_heavy_shuffled,"[70, 190, 90]",0,0.9090909090909091,1
newsqa,327,6029989106ef4c32bc7eb342670dc8c1,3,top_heavy_shuffled,"[90, 190, 70]",0,0.125,1
newsqa,328,e412730b37274c11bad105b38ed9e196,3,top_heavy_shuffled,"[190, 70, 90]",1,1.0,1
newsqa,329,c5c6d814143a4f1eb7cc7546d9654173,3,top_heavy_shuffled,"[70, 190, 90]",1,1.0,1
newsqa,330,0633af8dabeb4925bf0fb0110cc54247,3,top_heavy_shuffled,"[190, 70, 90]",0,0.08695652173913045,1
newsqa,331,044418fd6fd646ec89a54a7013712c9d,3,top_heavy_shuffled,"[70, 90, 190]",0,0.923076923076923,1
newsqa,332,8b9a2f29b35b41e38cb94347237d59d7,3,top_heavy_shuffled,"[190, 90, 70]",0,0.09523809523809523,1
newsqa,333,26782a326a394d688dda2441308bf00a,3,top_heavy_shuffled,"[90, 190, 70]",0,0.0,1
newsqa,334,f9bf09905dc249e69f69c4db9b323d0f,3,top_heavy_shuffled,"[190, 70, 90]",0,0.6666666666666666,1
newsqa,335,07f2d15033cf4fb6916bed5d56dcb8f5,3,top_heavy_shuffled,"[190, 70, 90]",0,0.8181818181818181,1
newsqa,336,a045cbc6199c4b9e8dbb8545febda365,3,top_heavy_shuffled,"[90, 190, 70]",0,0.0,0
newsqa,337,af446346d828479ca02c375ec2973773,3,top_heavy_shuffled,"[70, 190, 90]",0,0.0,0
newsqa,338,8447a26148c9454da18385e3d9fa4a3c,3,top_heavy_shuffled,"[190, 90, 70]",0,0.0,0
newsqa,339,2a7071c8d8c74dac901956228d59fdfb,3,top_heavy_shuffled,"[70, 190, 90]",0,0.0,0
newsqa,340,55bc45f2e63149869e4d0e52da6cb421,3,top_heavy_shuffled,"[70, 190, 90]",0,0.1,1
newsqa,341,bb2c93be295348eb933e57a16325af76,3,top_heavy_shuffled,"[70, 190, 90]",1,1.0,1
newsqa,342,cff18af0aed84c39ab0d156de7f507f8,3,top_heavy_shuffled,"[70, 90, 190]",1,1.0,1
newsqa,343,423f76b5864047f480599c7946546eb1,3,top_heavy_shuffled,"[90, 190, 70]",0,0.0,0
newsqa,344,0754e951855e46df80b0269253e4acf7,3,top_heavy_shuffled,"[190, 90, 70]",0,0.0,0
newsqa,345,5bdc71bbfc6e4934aa337ab24559eb6c,3,top_heavy_shuffled,"[190, 70, 90]",0,0.0,0
newsqa,346,b71eed014a8c4e51ba0bb48aeb1939ae,3,top_heavy_shuffled,"[70, 90, 190]",1,1.0,1
newsqa,347,d09f358431284dea95dec8e61590dbf4,3,top_heavy_shuffled,"[70, 90, 190]",0,0.0,1
newsqa,348,5bbab85f5ac243a9b98914f8c7af6eb4,3,top_heavy_shuffled,"[70, 90, 190]",0,0.0,0
newsqa,349,18cc95b228434b23a3969ac0d65687fa,3,top_heavy_shuffled,"[90, 70, 190]",0,0.0,0
newsqa,350,b322fdc7819546138582ebc07e8aa7a8,3,top_heavy_shuffled,"[190, 90, 70]",1,1.0,1
newsqa,351,f955cb3e7bda4a93a867b361b7b96327,3,top_heavy_shuffled,"[90, 190, 70]",1,1.0,1
newsqa,352,62e9113dcca84b61af8304429b1570da,3,top_heavy_shuffled,"[90, 70, 190]",0,0.0,0
newsqa,353,f3fc1b6ee3b24e47856d9fe7730350a2,3,top_heavy_shuffled,"[90, 70, 190]",0,0.0784313725490196,0
newsqa,354,8f0cfcb0d46d43eeb6c7ee04cd29c027,3,top_heavy_shuffled,"[90, 190, 70]",0,0.0,1
newsqa,355,82eb7d4504834ceabad83742c2d0ab5c,3,top_heavy_shuffled,"[70, 90, 190]",0,0.6666666666666666,1
newsqa,356,bf16d51b5b9540ec83fba053bc26a8a9,3,top_heavy_shuffled,"[90, 190, 70]",0,0.09523809523809525,1
newsqa,357,e62ce90267b149f7a65dc0901c614317,3,top_heavy_shuffled,"[90, 190, 70]",1,1.0,1
newsqa,358,8e376a7767224f8381c8ee661c43ad16,3,top_heavy_shuffled,"[70, 190, 90]",0,0.0,1
newsqa,359,435fd88dd9034cf1bd211e03bab2bed5,3,top_heavy_shuffled,"[90, 70, 190]",1,1.0,1
newsqa,360,109740b4edfa49c5961632436d1df48c,3,top_heavy_shuffled,"[90, 190, 70]",0,0.0,1
newsqa,361,a4c31c16dd1a4cf493b8c20500a88539,3,top_heavy_shuffled,"[90, 190, 70]",1,1.0,1
newsqa,362,721498d8723844d5b1ab0d15eb8e7699,3,top_heavy_shuffled,"[190, 70, 90]",0,0.0,0
newsqa,363,1699130630f2472cacfcbfe214d40416,3,top_heavy_shuffled,"[190, 70, 90]",0,0.043478260869565216,0
newsqa,364,cceb8fa1b2a84757932a6f7ae86b3653,3,top_heavy_shuffled,"[190, 90, 70]",1,1.0,1
newsqa,365,147cef44c6e64257a962d7ed7e7df893,3,top_heavy_shuffled,"[190, 90, 70]",0,0.0,0
newsqa,366,afdf5764dddf4d858cff8be47f91fba7,3,top_heavy_shuffled,"[190, 70, 90]",0,0.0,1
newsqa,367,77dc5fcd3f654630a9a8ec90c9375b45,3,top_heavy_shuffled,"[190, 90, 70]",0,0.0,0
newsqa,368,3a33ecb066b9443e85b68c446f45b287,3,top_heavy_shuffled,"[70, 90, 190]",0,0.08695652173913045,1
newsqa,369,43204be4d77d421990db36f2d9951e63,3,top_heavy_shuffled,"[190, 70, 90]",0,0.0,1
newsqa,370,4c961dd89b054526b342c921486477a6,3,top_heavy_shuffled,"[70, 190, 90]",0,0.0,1
newsqa,371,89b7733b0a994df7b4250953ccff9c24,3,top_heavy_shuffled,"[70, 90, 190]",0,0.0,1
newsqa,372,8b627a95012d4f65a70aff1249d43d64,3,top_heavy_shuffled,"[190, 70, 90]",0,0.8,1
newsqa,373,b99c50bfd5f849afb601bd8ac95b0bf4,3,top_heavy_shuffled,"[70, 190, 90]",0,0.0,1
newsqa,374,ff383ab32c9942908db5946a8fe654d3,3,top_heavy_shuffled,"[70, 90, 190]",0,0.0,0
newsqa,375,89abc7236e6941ee88a263d88d6d299a,3,top_heavy_shuffled,"[190, 90, 70]",0,0.04444444444444444,1
newsqa,376,fadd2528784f4a9fa3b391626e69ffc0,3,top_heavy_shuffled,"[70, 190, 90]",0,0.0,0
newsqa,377,1958d14b7db54bffbbdd57e3677c08e7,3,top_heavy_shuffled,"[90, 70, 190]",1,1.0,1
newsqa,378,9966c7735a6649d88366224ff6552c68,3,top_heavy_shuffled,"[70, 190, 90]",0,0.0,0
newsqa,379,2818d5e47a844bc9831496e2f587a803,3,top_heavy_shuffled,"[70, 190, 90]",0,0.0,1
newsqa,380,74f114ab49744e608eafab899371d913,3,top_heavy_shuffled,"[90, 70, 190]",0,0.0,1
newsqa,381,f724593e7f4842569187dae70a2560d9,3,top_heavy_shuffled,"[70, 90, 190]",0,0.0,1
newsqa,382,3e46e0220a18483fb0fd448bcc36815e,3,top_heavy_shuffled,"[190, 70, 90]",1,1.0,1
newsqa,383,ec9dedf313ba4f90883a2b01909553b3,3,top_heavy_shuffled,"[90, 70, 190]",0,0.0,1
newsqa,384,2e9b048c06dc45be97da6116056f74f6,3,top_heavy_shuffled,"[190, 70, 90]",0,0.0,1
newsqa,385,efc438e4fd18417daa0e662499fbe956,3,top_heavy_shuffled,"[190, 90, 70]",0,0.6666666666666666,0
newsqa,386,33313f986ec740f3b824bc3accb9111e,3,top_heavy_shuffled,"[190, 90, 70]",1,1.0,1
newsqa,387,8eacd2be836f472a83d7008f33ed8506,3,top_heavy_shuffled,"[90, 70, 190]",0,0.0,1
newsqa,388,6cb904d598ce4f7ebb4e4283a24a2f63,3,top_heavy_shuffled,"[70, 90, 190]",1,1.0,1
newsqa,389,194bd503229c46c3b308896e770e1eb1,3,top_heavy_shuffled,"[70, 90, 190]",1,1.0,1
newsqa,390,0c1c6f6b44e3466eac1a68dadefd06ab,3,top_heavy_shuffled,"[90, 70, 190]",0,0.0,1
newsqa,391,c5559fa0b9a0438a9b843d4207061a3d,3,top_heavy_shuffled,"[70, 190, 90]",0,0.0,1
newsqa,392,a168c89e395546be9605e969f682e554,3,top_heavy_shuffled,"[90, 190, 70]",0,0.0,1
newsqa,393,849240180c584f71bc56c0c92c5df5fd,3,top_heavy_shuffled,"[90, 190, 70]",0,0.0,0
newsqa,394,d69a7141ec1c4110ac124dd58d19b8b4,3,top_heavy_shuffled,"[90, 70, 190]",0,0.15584415584415584,0
newsqa,395,d94300f7464c401db93e557fec221320,3,top_heavy_shuffled,"[190, 90, 70]",0,0.4,0
newsqa,396,fa44913cfa244faa88e773dcc3045012,3,top_heavy_shuffled,"[70, 190, 90]",0,0.0,1
newsqa,397,e98ac3de59a646c69b6eb17d3e3a4d0d,3,top_heavy_shuffled,"[90, 190, 70]",0,0.0,0
newsqa,398,d745bee67227422b824140f2734b0621,3,top_heavy_shuffled,"[70, 190, 90]",0,0.06896551724137931,0
newsqa,399,25eec8384d9d45b8b75affcc9f164be3,3,top_heavy_shuffled,"[90, 70, 190]",0,0.0,1
newsqa,400,912cb6aecbec4dc2b44ee22a076c3e2a,3,top_heavy_shuffled,"[90, 190, 70]",0,0.0,0
newsqa,401,f523ba87f5714a108e9bae698f676063,3,top_heavy_shuffled,"[70, 190, 90]",0,0.0,1
newsqa,402,3f28f7be13ad43cda7681b7fa874843c,3,top_heavy_shuffled,"[70, 190, 90]",1,1.0,1
newsqa,403,51ff7cdf97074a07862234487477ef4a,3,top_heavy_shuffled,"[70, 90, 190]",1,1.0,1
newsqa,404,6e1780414deb4cf9b49568f07b3bdc26,3,top_heavy_shuffled,"[90, 70, 190]",0,0.0,0
newsqa,405,f61206d61cf94401b8fbb566b0b67ec7,3,top_heavy_shuffled,"[90, 190, 70]",0,0.0,1
newsqa,406,12859cbba89f494b98e6b7be8b4c88ff,3,top_heavy_shuffled,"[90, 70, 190]",0,0.0,0
newsqa,407,1e326f32613a417fb55b23337862c62b,3,top_heavy_shuffled,"[70, 90, 190]",1,1.0,1
newsqa,408,4ff0076b7fe74648806429e78621f265,3,top_heavy_shuffled,"[190, 70, 90]",0,0.0,0
newsqa,409,531b64eef1bd44568360b3ab40da40da,3,top_heavy_shuffled,"[90, 190, 70]",0,0.08000000000000002,0
newsqa,410,ef15b705b7c54e77b276f22c804ce15d,3,top_heavy_shuffled,"[190, 70, 90]",0,0.6666666666666666,1
newsqa,411,bf9d67fa8b3849ceb410c4dfd7947e5f,3,top_heavy_shuffled,"[190, 70, 90]",0,0.0,0
newsqa,412,8b256cf4c08f4507b8b2f96d7289b585,3,top_heavy_shuffled,"[190, 90, 70]",0,0.054054054054054064,1
newsqa,413,ab65135d9fc94f16a97555b6b3c54832,3,top_heavy_shuffled,"[70, 90, 190]",0,0.0,1
newsqa,414,21c894485b7a4cb0b66313dd1802a3c2,3,top_heavy_shuffled,"[90, 190, 70]",0,0.0,1
newsqa,415,23f3abb43b8f4f74bffb018bb3943125,3,top_heavy_shuffled,"[90, 70, 190]",0,0.0,1
newsqa,416,cdec7a0d975642d38b3b2d449bffc3e8,3,top_heavy_shuffled,"[190, 90, 70]",0,0.0,0
newsqa,417,803441a3a59d42b293810212bf2d6ced,3,top_heavy_shuffled,"[70, 190, 90]",0,0.8823529411764706,1
newsqa,418,738dc2a651c7477abe2efc0e5547054a,3,top_heavy_shuffled,"[70, 190, 90]",1,1.0,1
newsqa,419,2fcf533dede444f2a0296b3bf112e0bd,3,top_heavy_shuffled,"[70, 90, 190]",1,1.0,1
newsqa,420,a1747749a3904c53b124b17ba86b1df6,3,top_heavy_shuffled,"[90, 70, 190]",0,0.0,1
newsqa,421,95a04d9fc49441cd901191b2390f05cd,3,top_heavy_shuffled,"[70, 190, 90]",0,0.2222222222222222,1
newsqa,422,1a82de30a1e546bbaf099a05d79a6230,3,top_heavy_shuffled,"[190, 90, 70]",0,0.0,1
newsqa,423,bc20c452e45644e4beb92b0f35859105,3,top_heavy_shuffled,"[190, 90, 70]",1,1.0,1
newsqa,424,1f2ee8a4ce5d448e8ed30e7ca27b2b32,3,top_heavy_shuffled,"[90, 190, 70]",0,0.0,1
newsqa,425,3f1a03dd30304609a4e646069b0deffd,3,top_heavy_shuffled,"[190, 70, 90]",0,0.0,0
newsqa,426,a256f8f1dbd644c98a3bc79d072405fc,3,top_heavy_shuffled,"[190, 70, 90]",1,1.0,1
newsqa,427,35d000cd64d14585bd474322dc4f4f70,3,top_heavy_shuffled,"[70, 90, 190]",0,0.06451612903225805,1
newsqa,428,7e9ac1c4bf0845eab105c8b1b9265db2,3,top_heavy_shuffled,"[190, 70, 90]",0,0.0,0
newsqa,429,652962af37ce4c5799789678fa661553,3,top_heavy_shuffled,"[70, 90, 190]",0,0.9090909090909091,1
newsqa,430,f5894ccfbf314a63baaca983e208a43b,3,top_heavy_shuffled,"[190, 70, 90]",1,1.0,1
newsqa,431,8a3561154a454ca597d3a9a636a95a93,3,top_heavy_shuffled,"[70, 90, 190]",0,0.1904761904761905,1
newsqa,432,6fe2385a3a1f4e7c8b1982cad82c939d,3,top_heavy_shuffled,"[190, 70, 90]",0,0.8571428571428571,1
newsqa,433,6f8f3d49dd8845de8307ad2d9fabf269,3,top_heavy_shuffled,"[90, 70, 190]",1,1.0,1
newsqa,434,a36a9969dee14e6f90fc1785e4d8151a,3,top_heavy_shuffled,"[190, 70, 90]",1,1.0,1
newsqa,435,1d1a6ab35fe14fdd8bbe88f884d82ce6,3,top_heavy_shuffled,"[90, 70, 190]",0,0.0909090909090909,1
newsqa,436,fb776aaae451464692b974373b39e4c5,3,top_heavy_shuffled,"[190, 70, 90]",1,1.0,1
newsqa,437,6616d9ae236f46acb990d2a879bf346f,3,top_heavy_shuffled,"[90, 70, 190]",1,1.0,1
newsqa,438,374bacece7a6435484e32852ba73f4a8,3,top_heavy_shuffled,"[90, 190, 70]",0,0.6666666666666666,1
newsqa,439,527a875dd5504c12b1e26cec3ff31fb6,3,top_heavy_shuffled,"[70, 90, 190]",0,0.5,1
newsqa,440,3b6bbfa360e14c8ea4997b82981bf6f7,3,top_heavy_shuffled,"[190, 70, 90]",1,1.0,1
newsqa,441,4f66952eeb534a109a11044fcfecf033,3,top_heavy_shuffled,"[90, 70, 190]",0,0.0,0
newsqa,442,dcd06efd15d8483f9ae99008aae4b8e6,3,top_heavy_shuffled,"[190, 70, 90]",0,0.6666666666666666,1
newsqa,443,c452c1a025c44bdab1694894c2799e64,3,top_heavy_shuffled,"[70, 90, 190]",0,0.0,1
newsqa,444,2efef198621244dc8f660e49bcb0b54e,3,top_heavy_shuffled,"[190, 90, 70]",0,0.4,1
newsqa,445,0b9b15aa02b54f8e82a61c149799963b,3,top_heavy_shuffled,"[90, 70, 190]",0,0.0,1
newsqa,446,a77bad2720ec43aba758a5c99624b6c3,3,top_heavy_shuffled,"[190, 70, 90]",0,0.0,1
newsqa,447,42c9c8fe7ee843dbbe578fdc4dbba39a,3,top_heavy_shuffled,"[70, 90, 190]",0,0.0,1
newsqa,448,500e35b80a13424c8eb9c6e6a0b9af15,3,top_heavy_shuffled,"[90, 70, 190]",0,0.0,1
newsqa,449,490da89fb4c743858167b5b75af14ddd,3,top_heavy_shuffled,"[70, 90, 190]",0,0.0,1
newsqa,450,03905a27a5b841e59153c2e3de3c99f4,3,top_heavy_shuffled,"[70, 90, 190]",0,0.0,0
newsqa,451,bb334d8819054ded95d25bd214397832,3,top_heavy_shuffled,"[70, 190, 90]",0,0.0,1
newsqa,452,ccf8e9a161124b058363c911f27cc4bf,3,top_heavy_shuffled,"[90, 70, 190]",0,0.6666666666666666,1
newsqa,453,d83d3eda31c14835877587e71ae8f858,3,top_heavy_shuffled,"[190, 90, 70]",1,1.0,1
newsqa,454,4b7de03eac3642c5aad653d3fe1600dc,3,top_heavy_shuffled,"[70, 90, 190]",0,0.0,1
newsqa,455,574737b3f4284419a8e2bcf43167e253,3,top_heavy_shuffled,"[90, 70, 190]",0,0.6666666666666666,1
newsqa,456,4e8d8610abde45809ece08144c48d9e7,3,top_heavy_shuffled,"[90, 190, 70]",0,0.0,1
newsqa,457,80f8912075b14d1a91b62f0c2d06ca84,3,top_heavy_shuffled,"[190, 70, 90]",1,1.0,1
newsqa,458,6401157d496747a092bf97a5f430d281,3,top_heavy_shuffled,"[190, 90, 70]",0,0.0,1
newsqa,459,614b047fc1144246af208be2a508d5ce,3,top_heavy_shuffled,"[190, 70, 90]",0,0.0,0
newsqa,460,0dfeb9e7d43747bcac4e5ac700caec79,3,top_heavy_shuffled,"[90, 190, 70]",1,1.0,1
newsqa,461,edb3d5b64911443798e8e83b07ae5b99,3,top_heavy_shuffled,"[90, 70, 190]",0,0.06666666666666668,1
newsqa,462,d54a2fd059b54e2d80b503109524db0a,3,top_heavy_shuffled,"[90, 70, 190]",1,1.0,1
newsqa,463,c564493e2442402ebb6d4a5af51f7c25,3,top_heavy_shuffled,"[90, 70, 190]",0,0.2727272727272727,1
newsqa,464,b32d5172d0b3451b83352d24deab59e6,3,top_heavy_shuffled,"[70, 190, 90]",0,0.0,1
newsqa,465,19d523d3a0824aed8cc62eed5e24f1e4,3,top_heavy_shuffled,"[70, 90, 190]",0,0.17391304347826086,1
newsqa,466,4cff857ac2f74c6094f26f596ba0cb1f,3,top_heavy_shuffled,"[90, 70, 190]",0,0.5,1
newsqa,467,af77d75481ae4b0391017dfd394050f4,3,top_heavy_shuffled,"[70, 190, 90]",1,1.0,1
newsqa,468,2784aee1dd324e3f8945b73963b7785f,3,top_heavy_shuffled,"[190, 90, 70]",0,0.8,1
newsqa,469,d89807b1fdda40c2bebb55edf64c3938,3,top_heavy_shuffled,"[90, 70, 190]",0,0.6,1
newsqa,470,af5369c41cba4379978174fe353ddff6,3,top_heavy_shuffled,"[90, 70, 190]",0,0.04878048780487806,1
newsqa,471,6bf1ecc9589d4447b31afde347505919,3,top_heavy_shuffled,"[70, 90, 190]",0,0.0,0
newsqa,472,ba2b3c2aeb464d8f8a949fc75944bcbd,3,top_heavy_shuffled,"[190, 70, 90]",1,1.0,1
newsqa,473,112542d377134435a5e6e79b2e9a5c1a,3,top_heavy_shuffled,"[190, 70, 90]",0,0.0,1
newsqa,474,80a9457351e14111aaf3fb84d3528092,3,top_heavy_shuffled,"[90, 70, 190]",1,1.0,1
newsqa,475,f2894e10d02a42c2b91b26caefadfbc9,3,top_heavy_shuffled,"[90, 70, 190]",1,1.0,1
newsqa,476,daccc4268b874f63a33873b7171ba8ff,3,top_heavy_shuffled,"[70, 90, 190]",0,0.0,1
newsqa,477,540ee9edf9fd4bfc981390d172704bbc,3,top_heavy_shuffled,"[190, 90, 70]",0,0.0,1
newsqa,478,116602c25c3e4b33b7a5a111f9174cbe,3,top_heavy_shuffled,"[90, 70, 190]",0,0.0,0
newsqa,479,66225a9def6a45ddaac68462170b34b7,3,top_heavy_shuffled,"[190, 70, 90]",0,0.0,0
newsqa,480,b75b64ca513e4ae3be64ff5d71a9b652,3,top_heavy_shuffled,"[70, 190, 90]",0,0.0,0
newsqa,481,1aa0b7493d9b47bbb4625d39922576b6,3,top_heavy_shuffled,"[90, 190, 70]",0,0.0,0
newsqa,482,ce867b37ae1d4bc6b35988966e721575,3,top_heavy_shuffled,"[190, 90, 70]",1,1.0,1
newsqa,483,ab351f57bcf34ad6a535ed69e1eed04b,3,top_heavy_shuffled,"[190, 70, 90]",0,0.0,1
newsqa,484,f8d21ecd07db4b0888ea7c2c91f9135c,3,top_heavy_shuffled,"[190, 90, 70]",0,0.0,0
newsqa,485,66ccd850630b4a069b80af81f0d8fa0c,3,top_heavy_shuffled,"[70, 190, 90]",1,1.0,1
newsqa,486,fccd16a6079343e5ad862a07f82e3f42,3,top_heavy_shuffled,"[70, 90, 190]",0,0.888888888888889,1
newsqa,487,5372bffd269e45f5b80bfa12e294af8f,3,top_heavy_shuffled,"[90, 70, 190]",0,0.0,1
newsqa,488,1e52126edb5a499381fb1f064dd4377c,3,top_heavy_shuffled,"[190, 70, 90]",0,0.0,0
newsqa,489,ddf8070fbf124b54bfdca93791ef2056,3,top_heavy_shuffled,"[70, 90, 190]",0,0.0,1
newsqa,490,ec552a3b81734f36ae2a031fc34b7519,3,top_heavy_shuffled,"[70, 190, 90]",0,0.0,1
newsqa,491,23d1c9c515f3417ab70aba3c3bc43ec8,3,top_heavy_shuffled,"[190, 70, 90]",0,0.0,1
newsqa,492,af91062c61d0431fa90edb3cffc48da0,3,top_heavy_shuffled,"[70, 90, 190]",1,1.0,1
newsqa,493,9a9db144769c4ce29c4cdb431d756043,3,top_heavy_shuffled,"[190, 70, 90]",0,0.0,0
newsqa,494,3e4038716e3948b4b94243cad4cbfd1e,3,top_heavy_shuffled,"[70, 190, 90]",0,0.0,0
newsqa,495,dab26af5192549f1a07bed7fa63bf47e,3,top_heavy_shuffled,"[70, 190, 90]",0,0.0,0
newsqa,496,d58a27153bc74f08bfa857c4a80b1c90,3,top_heavy_shuffled,"[70, 90, 190]",0,0.0,1
newsqa,497,dd5a9212340046e2a340103c45fd7f17,3,top_heavy_shuffled,"[90, 70, 190]",0,0.8,0
newsqa,498,8b0fb3b8cfee4daba5b93311dbe5c5b5,3,top_heavy_shuffled,"[90, 190, 70]",1,1.0,1
newsqa,499,822d82601bda4b509b180096346c1885,3,top_heavy_shuffled,"[190, 90, 70]",0,0.0,0
newsqa,500,cff10f8297c64447bf388d45ed577e95,3,top_heavy_shuffled,"[90, 190, 70]",1,1.0,1
newsqa,501,ecb8eb62bc3d4ae280ea3151211089a3,3,top_heavy_shuffled,"[70, 90, 190]",1,1.0,1
newsqa,502,787d235e4c2b4d89b4d9aebff5779cf6,3,top_heavy_shuffled,"[70, 190, 90]",0,0.0,0
newsqa,503,bfb2c3311c5d45789500d104b3965147,3,top_heavy_shuffled,"[190, 70, 90]",0,0.0,1
newsqa,504,c754c326486641409687edae575f81ee,3,top_heavy_shuffled,"[70, 190, 90]",0,0.0,1
newsqa,505,fe0d714e8be546d994f3469fbc3bd068,3,top_heavy_shuffled,"[90, 70, 190]",1,1.0,1
newsqa,506,cac7bd69b3e546a8aeccaeabc394f172,3,top_heavy_shuffled,"[90, 70, 190]",0,0.13333333333333333,1
newsqa,507,8a6ced88638f4bf68c6bb3d7a979d48e,3,top_heavy_shuffled,"[90, 70, 190]",0,0.0,1
newsqa,508,9186ab50536b4241b5033a6f1bfa8c9b,3,top_heavy_shuffled,"[90, 190, 70]",0,0.3636363636363636,1
newsqa,509,4166369ecf494ae998597cee8f2be647,3,top_heavy_shuffled,"[70, 190, 90]",0,0.11764705882352941,1
newsqa,510,78112e7810214d80b8fab5fa51c61200,3,top_heavy_shuffled,"[90, 70, 190]",0,0.0,0
newsqa,511,38ec897108f245b19aeba0e93e304360,3,top_heavy_shuffled,"[70, 190, 90]",1,1.0,1
newsqa,512,b26cac2e25c243dd93e2ac30801d55c9,3,top_heavy_shuffled,"[90, 70, 190]",0,0.4,1
newsqa,513,dda0f54af5084a31a2746f72210b0bd4,3,top_heavy_shuffled,"[70, 90, 190]",0,0.0,1
newsqa,514,8444096a84e9455287180d0b1a928142,3,top_heavy_shuffled,"[190, 70, 90]",0,0.054054054054054064,1
newsqa,515,22f46485365f4209a992b2f67feb0440,3,top_heavy_shuffled,"[190, 70, 90]",0,0.5,1
newsqa,516,de36cde140ee4ceda620f1518dd104bc,3,top_heavy_shuffled,"[190, 70, 90]",1,1.0,1
newsqa,517,08183378ccb3472d903fd95b3b82e132,3,top_heavy_shuffled,"[190, 70, 90]",0,0.2857142857142857,1
newsqa,518,cb08cc75e99a4ec9807321f51dd40566,3,top_heavy_shuffled,"[190, 90, 70]",0,0.0,0
newsqa,519,1667240d3dd740ffa3c317106730a441,3,top_heavy_shuffled,"[90, 70, 190]",0,0.0,0
newsqa,520,b1de8025e01448dcabb96c7e5fab0186,3,top_heavy_shuffled,"[90, 70, 190]",0,0.0,0
newsqa,521,4c3cfd857b01453f9d193ba70e0f2257,3,top_heavy_shuffled,"[190, 90, 70]",1,1.0,1
newsqa,522,bcdd509239274509afc8ae77cb5df604,3,top_heavy_shuffled,"[70, 90, 190]",0,0.5,1
newsqa,523,f7776c027aca468e87d60716cfe3c1c3,3,top_heavy_shuffled,"[90, 70, 190]",0,0.6666666666666666,1
newsqa,524,2242d2a664df4bf1967d3689e8b069d0,3,top_heavy_shuffled,"[90, 190, 70]",1,1.0,1
newsqa,525,420222ccc3794c10a9750e897a4532e0,3,top_heavy_shuffled,"[190, 90, 70]",0,0.0,0
newsqa,526,fe94d55d37024a71afeebcce19c9779c,3,top_heavy_shuffled,"[190, 70, 90]",0,0.0,0
newsqa,527,16083c1098654497a127f77ea191c127,3,top_heavy_shuffled,"[190, 90, 70]",0,0.0,0
newsqa,528,427c5359e1bd4e2ca065c379a9c5d227,3,top_heavy_shuffled,"[190, 90, 70]",0,0.8,1
newsqa,529,6b25cbff83ef403ba7c2ee3b03a1d8be,3,top_heavy_shuffled,"[70, 190, 90]",0,0.0,0
newsqa,530,d23a30ecc5b8469c8e6324ff5d42409b,3,top_heavy_shuffled,"[190, 90, 70]",1,1.0,1
newsqa,531,c4eb8e9e88a64fa49128ad4e99776c91,3,top_heavy_shuffled,"[190, 90, 70]",0,0.0,1
newsqa,532,0e497d4f0b4642248a1e1e4b25960ce0,3,top_heavy_shuffled,"[90, 70, 190]",1,1.0,1
newsqa,533,02a006ec43e94d8a8fec1ab448fa5e00,3,top_heavy_shuffled,"[190, 70, 90]",0,0.4,1
newsqa,534,6bdd81ddfa4d41f9a8dac2c1ce206945,3,top_heavy_shuffled,"[70, 190, 90]",0,0.07142857142857142,0
newsqa,535,bd35d7a651974bb181849a4486692264,3,top_heavy_shuffled,"[90, 70, 190]",1,1.0,1
newsqa,536,7992ef8a5e8f4d9da5a3f75f157136a0,3,top_heavy_shuffled,"[70, 90, 190]",0,0.0,1
newsqa,537,10e96facf13e4091ba5c8cee71226ff0,3,top_heavy_shuffled,"[90, 190, 70]",1,1.0,1
newsqa,538,e854d8deb6cf4af4ac58d44cb3c027c3,3,top_heavy_shuffled,"[90, 190, 70]",1,1.0,1
newsqa,539,80109609b1f24dc0859af11d2bf33ca9,3,top_heavy_shuffled,"[70, 90, 190]",1,1.0,1
newsqa,540,1cc25c3729ab4627a29f3f11172af372,3,top_heavy_shuffled,"[90, 70, 190]",0,0.0,1
newsqa,541,805a6afa477c45d18a26ebba495ac1b7,3,top_heavy_shuffled,"[90, 70, 190]",1,1.0,1
newsqa,542,8dcf91cc88c7478fb336f2b856b1f9b8,3,top_heavy_shuffled,"[70, 190, 90]",0,0.0,0
newsqa,543,34532b23c4624e6e92c4faf30085297d,3,top_heavy_shuffled,"[90, 70, 190]",0,0.0,0
newsqa,544,ab7f7e70dde447fcaa29fdc20ba659db,3,top_heavy_shuffled,"[190, 70, 90]",0,0.0,0
newsqa,545,7904eba267c04097b63fb228937b62bb,3,top_heavy_shuffled,"[70, 190, 90]",0,0.0,1
newsqa,546,27ed5ffe8231443985b27f0d9d605774,3,top_heavy_shuffled,"[90, 70, 190]",0,0.0,1
newsqa,547,cdec18921af845c694384dea037eb6ec,3,top_heavy_shuffled,"[90, 70, 190]",0,0.0,0
newsqa,548,e5d6b99f2e6d4efea5d77b6e01aa98a3,3,top_heavy_shuffled,"[90, 70, 190]",0,0.0,1
newsqa,549,52e75f8056964c38b2a325a45841c089,3,top_heavy_shuffled,"[70, 190, 90]",0,0.0,1
newsqa,550,241ae106b1f7409d82a03f8296c8a6ab,3,top_heavy_shuffled,"[190, 90, 70]",0,0.1111111111111111,1
newsqa,551,374f14d949354e9aa9bdcfdc090433d7,3,top_heavy_shuffled,"[190, 90, 70]",1,1.0,1
newsqa,552,051e0cb33cb64409bbf8e8e79165bacf,3,top_heavy_shuffled,"[190, 70, 90]",1,1.0,1
newsqa,553,cfc8297fe16243e68fd7df070d7bd587,3,top_heavy_shuffled,"[70, 190, 90]",0,0.5217391304347826,1
newsqa,554,7df3df70d1c74ae9a1255fbee295ef62,3,top_heavy_shuffled,"[190, 90, 70]",0,0.13333333333333333,1
newsqa,555,9238d14529524f97a206ee0d51f157b8,3,top_heavy_shuffled,"[70, 190, 90]",0,0.043478260869565216,0
newsqa,556,0c9774b9297641e39224f703c4e13ec6,3,top_heavy_shuffled,"[90, 190, 70]",0,0.125,1
newsqa,557,5837e1a0fc834500856bc94d81b68ac2,3,top_heavy_shuffled,"[70, 90, 190]",0,0.0,0
newsqa,558,95e677b8475e40e3a6abedec6fe17104,3,top_heavy_shuffled,"[190, 70, 90]",0,0.0,0
newsqa,559,04aa223c25b44b43ba9c2cc94fb5ccc1,3,top_heavy_shuffled,"[70, 90, 190]",0,0.0,1
newsqa,560,b18ad0a41f164debb57278760e011fd1,3,top_heavy_shuffled,"[70, 190, 90]",0,0.0,0
newsqa,561,2ff5deeb56834423b46cb59226137c85,3,top_heavy_shuffled,"[190, 70, 90]",1,1.0,1
newsqa,562,fc754599d5c048639de9864adbce649a,3,top_heavy_shuffled,"[190, 90, 70]",0,0.0,1
newsqa,563,962454a456cc4bbb9a8d5bfba6abf79c,3,top_heavy_shuffled,"[70, 190, 90]",1,1.0,1
newsqa,564,902f161fe57f4998b07fd0de6d95270d,3,top_heavy_shuffled,"[90, 190, 70]",0,0.186046511627907,1
newsqa,565,386263cd9738415982f8a63c4d30c2c5,3,top_heavy_shuffled,"[70, 190, 90]",0,0.6666666666666666,0
newsqa,566,7fa327c5d6d443e8b5528c521db7bf65,3,top_heavy_shuffled,"[190, 90, 70]",0,0.0,0
newsqa,567,a3350d80e3c94368aed1d9a34577d519,3,top_heavy_shuffled,"[190, 90, 70]",0,0.0,1
newsqa,568,0cecc7cafa884126923093cb39466c96,3,top_heavy_shuffled,"[190, 70, 90]",0,0.7499999999999999,1
newsqa,569,e23472157c0d4ebe81a0fa5c027b3359,3,top_heavy_shuffled,"[90, 70, 190]",0,0.0,0
newsqa,570,0d5bc4fc6f0c425b98565b8f80bb6e43,3,top_heavy_shuffled,"[90, 70, 190]",0,0.0,0
newsqa,571,0104a4f929b64f0e84d574262a285e30,3,top_heavy_shuffled,"[190, 90, 70]",0,0.14285714285714288,1
newsqa,572,c5dc840ded554956be6daa4c6631deb3,3,top_heavy_shuffled,"[70, 190, 90]",1,1.0,1
newsqa,573,6254496b903a42e680fd882f3283fb49,3,top_heavy_shuffled,"[190, 90, 70]",1,1.0,1
newsqa,574,1f73b3ea836548d496ef68c08f4369f4,3,top_heavy_shuffled,"[70, 90, 190]",1,1.0,1
newsqa,575,6c170e4dcb7d4be0a567d55d531ba222,3,top_heavy_shuffled,"[70, 190, 90]",1,1.0,1
newsqa,576,64ca162a7daf4ca0b747b8b3d75eca51,3,top_heavy_shuffled,"[190, 70, 90]",0,0.0,0
newsqa,577,a73cab123714432c9731e0568fd9d43c,3,top_heavy_shuffled,"[190, 70, 90]",0,0.33333333333333337,1
newsqa,578,e504aa46a10248e8b18cb4639dce0467,3,top_heavy_shuffled,"[90, 190, 70]",0,0.5,1
newsqa,579,8e5c3c1a2b514ea2b0d9eb06879364c2,3,top_heavy_shuffled,"[90, 190, 70]",1,1.0,1
newsqa,580,843521ec385d4ca797c3a37842424dae,3,top_heavy_shuffled,"[90, 190, 70]",0,0.0,0
newsqa,581,1554e7b389d54ff7904f0bf2d82e269c,3,top_heavy_shuffled,"[90, 190, 70]",0,0.0,0
newsqa,582,0c64ef2bbeb543bf87efbb0b2617f2b1,3,top_heavy_shuffled,"[70, 190, 90]",1,1.0,1
newsqa,583,ffc6152628c540ecae6e6bab7f420f28,3,top_heavy_shuffled,"[70, 90, 190]",0,0.888888888888889,1
newsqa,584,c7c63ad1a040451eaf13ad8160295ba0,3,top_heavy_shuffled,"[190, 70, 90]",0,0.0,0
newsqa,585,e6a17a43379a40d1a0388edd679e1fc3,3,top_heavy_shuffled,"[90, 70, 190]",1,1.0,1
newsqa,586,808b1f032cab4da587ca8837b7ee6686,3,top_heavy_shuffled,"[70, 90, 190]",0,0.6666666666666666,1
newsqa,587,28ae4259c5bd485a899ec68af2eb4264,3,top_heavy_shuffled,"[190, 70, 90]",0,0.0,0
newsqa,588,62179d55c8ab4178bb0450eafda198cf,3,top_heavy_shuffled,"[190, 70, 90]",0,0.0,0
newsqa,589,157c103f7f3942c8be2ee84825ff7f32,3,top_heavy_shuffled,"[70, 190, 90]",0,0.0,1
newsqa,590,c551f0e759174fbc80c4d851c51c31fd,3,top_heavy_shuffled,"[90, 70, 190]",1,1.0,1
newsqa,591,8a34a18a13e9487984c1d6839fed053e,3,top_heavy_shuffled,"[90, 70, 190]",0,0.0,0
newsqa,592,d4b5dfb2769d4208804f62b71b6e71c3,3,top_heavy_shuffled,"[90, 190, 70]",0,0.0,0
newsqa,593,77eaa1d176e14eb092f85c51020850ff,3,top_heavy_shuffled,"[90, 70, 190]",0,0.0,0
newsqa,594,8dbad2970e8945f0a4595ccae78e57e9,3,top_heavy_shuffled,"[70, 190, 90]",0,0.0,0
newsqa,595,01649970ebdc4958a48c133492620c31,3,top_heavy_shuffled,"[70, 190, 90]",1,1.0,1
newsqa,596,695bcb8dd90046bba77ed4fe322db935,3,top_heavy_shuffled,"[70, 190, 90]",0,0.0,0
newsqa,597,ce37bce116da48499f15b84b3c158692,3,top_heavy_shuffled,"[190, 70, 90]",0,0.6666666666666666,1
newsqa,598,e88a0c1244b5484b830b44a6139bec80,3,top_heavy_shuffled,"[70, 90, 190]",0,0.0,0
newsqa,599,60b894ff9c6c43c58bc90fcc2aa78e43,3,top_heavy_shuffled,"[190, 70, 90]",0,0.0,0
newsqa,600,3ffa9e00578043369a677dc8661bfc96,3,top_heavy_shuffled,"[70, 190, 90]",0,0.5555555555555556,1
newsqa,601,22389bcc734d49d98fdccaf2c36e5c7f,3,top_heavy_shuffled,"[70, 190, 90]",0,0.0,1
newsqa,602,2d006592676144faac44e16423bfb178,3,top_heavy_shuffled,"[90, 190, 70]",0,0.8,1
newsqa,603,b20e7a05673a4b3c8ee29beaba23f73a,3,top_heavy_shuffled,"[90, 70, 190]",1,1.0,1
newsqa,604,299726f939f0420aaeb6e5f33a325d39,3,top_heavy_shuffled,"[70, 90, 190]",0,0.0,0
newsqa,605,4740a5c55c1f47bf93a59c65525f43e9,3,top_heavy_shuffled,"[190, 90, 70]",1,1.0,1
newsqa,606,c01e2730fd0544988a6e4c5dc11e0734,3,top_heavy_shuffled,"[70, 90, 190]",0,0.0,0
newsqa,607,02e40f5399fb4b2386f784865610ff5a,3,top_heavy_shuffled,"[70, 190, 90]",1,1.0,1
newsqa,608,d9f2855c8621457fb68bac161b7f811b,3,top_heavy_shuffled,"[70, 190, 90]",0,0.0,1
newsqa,609,4d2ab04164304690b5bbc05618e82a59,3,top_heavy_shuffled,"[90, 190, 70]",0,0.0,1
newsqa,610,0c1be19d610b4fa59930cc5cc930c9d2,3,top_heavy_shuffled,"[70, 190, 90]",0,0.0,0
newsqa,611,9d3dd78635084be1bb29a74d6ae963f6,3,top_heavy_shuffled,"[70, 190, 90]",1,1.0,1
newsqa,612,c992708e6d004bedb81d57b076e33286,3,top_heavy_shuffled,"[90, 190, 70]",0,0.0,1
newsqa,613,cf40be104bfe45338fb4e03c699a2f7f,3,top_heavy_shuffled,"[190, 90, 70]",0,0.0,0
newsqa,614,07ebc87534e64dfca8d40500fe2ecd3b,3,top_heavy_shuffled,"[70, 90, 190]",0,0.0,1
newsqa,615,7d4f644a529f41c4b257f9ffb9ce9c87,3,top_heavy_shuffled,"[190, 70, 90]",0,0.0,1
newsqa,616,18fa422e1baf476fbce6d230e0858000,3,top_heavy_shuffled,"[70, 90, 190]",0,0.0,1
newsqa,617,0178feda5ef74636ba6e5ba11135ceb6,3,top_heavy_shuffled,"[190, 70, 90]",0,0.6666666666666666,1
newsqa,618,4a93c5ba8a9f4632b9fd8768d008ea73,3,top_heavy_shuffled,"[70, 90, 190]",0,0.0,0
newsqa,619,a0cdfbc45b3f4641b64a2dfd3bde4c2b,3,top_heavy_shuffled,"[190, 70, 90]",0,0.0,0
newsqa,620,79668b02828141b4bc20fd9faba0e2d9,3,top_heavy_shuffled,"[70, 190, 90]",1,1.0,1
newsqa,621,ebf5e6a8dd1742b68312c2c6ada5aad0,3,top_heavy_shuffled,"[90, 190, 70]",0,0.0,0
newsqa,622,599f7e94db9a48019f887451a66c4e1d,3,top_heavy_shuffled,"[70, 90, 190]",0,0.0,1
newsqa,623,00388805ff934f4a9f6c374dd50be557,3,top_heavy_shuffled,"[70, 90, 190]",1,1.0,1
newsqa,624,8067ee0ec3df4208924631047ae0c537,3,top_heavy_shuffled,"[90, 190, 70]",1,1.0,1
newsqa,625,654cd3a33c974ab989777ea8cd69c130,3,top_heavy_shuffled,"[190, 90, 70]",0,0.0,1
newsqa,626,ed981c4aeb414002ad995530646965da,3,top_heavy_shuffled,"[70, 90, 190]",0,0.0,0
newsqa,627,23f830d9e6c24104852473a27360624c,3,top_heavy_shuffled,"[90, 70, 190]",0,0.0,1
newsqa,628,90f5064a214f4e05b9a65eb206d773ea,3,top_heavy_shuffled,"[190, 70, 90]",1,1.0,1
newsqa,629,47e690d71a1648aba0e8ee4f18ede013,3,top_heavy_shuffled,"[190, 70, 90]",0,0.0,0
newsqa,630,5dc68d2932bb4b0f861bd4642c674c43,3,top_heavy_shuffled,"[70, 90, 190]",0,0.0,1
newsqa,631,e04f0cda81094300afaba328511581fe,3,top_heavy_shuffled,"[70, 190, 90]",0,0.0,0
newsqa,632,f540c016913344238538408d0b3ac731,3,top_heavy_shuffled,"[190, 90, 70]",0,0.05555555555555555,0
newsqa,633,2cdea969eb1441afb20bee7330453eac,3,top_heavy_shuffled,"[70, 190, 90]",0,0.0,0
newsqa,634,d7a9a5bd73444bfd8f0d54e0ee743304,3,top_heavy_shuffled,"[190, 70, 90]",0,0.5,1
newsqa,635,1cf1d0fdb27f4ba6a2399a4a86b09b8e,3,top_heavy_shuffled,"[190, 90, 70]",0,0.6666666666666666,1
newsqa,636,807640dab41142919b0c0452a24b2e79,3,top_heavy_shuffled,"[190, 70, 90]",0,0.0,0
newsqa,637,61bcc7e8df9841939729131fba4cd039,3,top_heavy_shuffled,"[70, 90, 190]",0,0.0,1
newsqa,638,d6270ad7fc144895abf4552a2e0f8fc4,3,top_heavy_shuffled,"[70, 190, 90]",0,0.5,1
newsqa,639,06752c5554924c339e8cc99f3e4776aa,3,top_heavy_shuffled,"[70, 190, 90]",0,0.28571428571428575,1
newsqa,640,60df89b8d9d34129982e9438443b7d96,3,top_heavy_shuffled,"[70, 90, 190]",0,0.0,0
newsqa,641,c90c0b26990c48c3b78097fd570a807b,3,top_heavy_shuffled,"[190, 90, 70]",0,0.3870967741935484,1
newsqa,642,c5c6a6a15e594958ba61f8231ad1c9d0,3,top_heavy_shuffled,"[90, 70, 190]",1,1.0,1
newsqa,643,eb2fd89fd658434d97ecf961b12aed59,3,top_heavy_shuffled,"[90, 190, 70]",0,0.5,1
newsqa,644,f380a5932d4b4a43969a84c3338edae0,3,top_heavy_shuffled,"[190, 70, 90]",1,1.0,1
newsqa,645,a65e6461f74c47c9a5ffee9366dea0a4,3,top_heavy_shuffled,"[70, 90, 190]",1,1.0,1
newsqa,646,8f3827c3491247c7ab4d7706cbb8ef6d,3,top_heavy_shuffled,"[190, 70, 90]",0,0.07142857142857142,0
newsqa,647,3f70de0169eb42c3a4b40cd1e5f1be61,3,top_heavy_shuffled,"[90, 70, 190]",1,1.0,1
newsqa,648,f5855e26ffa944fab475fd077cb06a43,3,top_heavy_shuffled,"[90, 190, 70]",0,0.0,0
newsqa,649,db63ac356f6a4df8b59087b055a45357,3,top_heavy_shuffled,"[190, 70, 90]",0,0.0,0
newsqa,650,9c03696110b94d56bbfbc83746f79a94,3,top_heavy_shuffled,"[90, 190, 70]",0,0.0,0
newsqa,651,c4b8fa26b7e741fd8b4b8e4120d39d41,3,top_heavy_shuffled,"[190, 90, 70]",0,0.7499999999999999,1
newsqa,652,5a1d3756a44c4a5ba9b30237dd1c807f,3,top_heavy_shuffled,"[190, 90, 70]",0,0.0,1
newsqa,653,50e8ae7a28b347edbef6a9604da6802a,3,top_heavy_shuffled,"[190, 90, 70]",0,0.09523809523809523,1
newsqa,654,29cf64bece6c424f80f4a55c46fc523f,3,top_heavy_shuffled,"[70, 190, 90]",0,0.0,0
newsqa,655,e17e9f25a202485c8d14b354a92e101d,3,top_heavy_shuffled,"[190, 90, 70]",0,0.0,0
newsqa,656,17ca78d8ef664047ad404f91d1f62c4b,3,top_heavy_shuffled,"[70, 190, 90]",0,0.0,1
newsqa,657,0af0869096df4dff8325c3f2ff584087,3,top_heavy_shuffled,"[70, 190, 90]",0,0.8,1
newsqa,658,580cfb51fef84f5e9cb2de0be76eaa61,3,top_heavy_shuffled,"[90, 70, 190]",0,0.05405405405405406,1
newsqa,659,c0d5e844424d4d9bb84902a8ce411cc2,3,top_heavy_shuffled,"[90, 70, 190]",1,1.0,1
newsqa,660,c24d3c06799444db84d703cd715d2979,3,top_heavy_shuffled,"[190, 90, 70]",0,0.0,1
newsqa,661,ef29092974ce40b980f963ac746247ec,3,top_heavy_shuffled,"[90, 70, 190]",0,0.0,1
newsqa,662,b7e11924f8a34063ba5445261471e552,3,top_heavy_shuffled,"[70, 90, 190]",1,1.0,1
newsqa,663,a25ba84fca504b2aa4e126007a22a14f,3,top_heavy_shuffled,"[190, 70, 90]",0,0.5,1
newsqa,664,0134a374dcf1451a820c7fd997862851,3,top_heavy_shuffled,"[190, 70, 90]",0,0.0,0
newsqa,665,72fa80f3ffa24cadbc2df7c806b0b59b,3,top_heavy_shuffled,"[70, 90, 190]",0,0.0,0
newsqa,666,692352f2fd7d4a389c1f1ca96570be32,3,top_heavy_shuffled,"[70, 90, 190]",0,0.0,0
newsqa,667,e9e6e952876b4c2b864f9c5fd00a3d8a,3,top_heavy_shuffled,"[90, 190, 70]",0,0.0,0
newsqa,668,fe0121ef5b874df0bfca5369f2253f03,3,top_heavy_shuffled,"[90, 190, 70]",0,0.6,1
newsqa,669,4453276e770a4ed7b7051d9d65d40975,3,top_heavy_shuffled,"[70, 90, 190]",0,0.5,1
newsqa,670,ea6918ad41e84412b642d9ac01b6d839,3,top_heavy_shuffled,"[90, 190, 70]",0,0.0,1
newsqa,671,99429dc4d1044cb49e70ceb6f3914e07,3,top_heavy_shuffled,"[70, 190, 90]",0,0.0,1
newsqa,672,7def903743ac43748483019d8b62d815,3,top_heavy_shuffled,"[190, 90, 70]",0,0.0,0
newsqa,673,8a018a8b09d14b4cb164c0abfd1594bb,3,top_heavy_shuffled,"[190, 70, 90]",1,1.0,1
newsqa,674,8907b0e8c2e142a395a35b0c5560fe6a,3,top_heavy_shuffled,"[190, 70, 90]",0,0.0,0
newsqa,675,1ae4333af7ca4c33953c8030c3aed22f,3,top_heavy_shuffled,"[90, 190, 70]",0,0.0,0
newsqa,676,989fede52bf840609bb69d7ba143301b,3,top_heavy_shuffled,"[190, 90, 70]",0,0.0,0
newsqa,677,368647e758554203bcd6310b0cb41a9f,3,top_heavy_shuffled,"[70, 190, 90]",0,0.0,0
newsqa,678,2662231ec6934df58d84e851aaff80fc,3,top_heavy_shuffled,"[190, 90, 70]",1,1.0,1
newsqa,679,aa4169b3de364c318562b0b09308caa0,3,top_heavy_shuffled,"[90, 70, 190]",0,0.0,1
newsqa,680,a71f1a9b718241dd890fd8feb1be3ab8,3,top_heavy_shuffled,"[70, 190, 90]",0,0.06666666666666667,0
newsqa,681,4d50fbdd13184f64aa70b8e68ea872d8,3,top_heavy_shuffled,"[90, 70, 190]",0,0.0,1
newsqa,682,914623f6bde244cab5e20f01a6d2560b,3,top_heavy_shuffled,"[90, 190, 70]",0,0.0,1
newsqa,683,6a80ae4b171345c3ba541b8aa343b1be,3,top_heavy_shuffled,"[70, 190, 90]",0,0.09523809523809525,0
newsqa,684,055162a66045404b8d06e59773ef2e49,3,top_heavy_shuffled,"[90, 190, 70]",0,0.19999999999999998,1
newsqa,685,6e0186a28acb4427aedaee03db16e623,3,top_heavy_shuffled,"[90, 190, 70]",0,0.0,1
newsqa,686,7f5733184c134247ad79a6d2bc6f0081,3,top_heavy_shuffled,"[90, 190, 70]",0,0.0,1
newsqa,687,831bd2a4a96f4496947a5656ac12135d,3,top_heavy_shuffled,"[90, 190, 70]",0,0.12000000000000001,0
newsqa,688,1d5e987319ba4158a12cab23543a04aa,3,top_heavy_shuffled,"[190, 90, 70]",0,0.2,0
newsqa,689,c9a9b912b07b4c91a98f4134fbc3c6f5,3,top_heavy_shuffled,"[90, 70, 190]",1,1.0,1
newsqa,690,a7fafb4013664c78a931293de688bedb,3,top_heavy_shuffled,"[70, 190, 90]",0,0.0,1
newsqa,691,0099081da3eb4d36bc020201d4f97a27,3,top_heavy_shuffled,"[190, 90, 70]",0,0.0,0
newsqa,692,b33f0ec8e82f44baa01e6b09f9e69104,3,top_heavy_shuffled,"[190, 90, 70]",0,0.0,1
newsqa,693,e62ec634d4b44a50842d1913910877a5,3,top_heavy_shuffled,"[90, 70, 190]",0,0.09523809523809523,1
newsqa,694,c78e0c2903384595af84d1f0cf51a54f,3,top_heavy_shuffled,"[90, 190, 70]",0,0.0,0
newsqa,695,d313b671236c48f3b029c72fbc46971b,3,top_heavy_shuffled,"[190, 70, 90]",0,0.0,0
newsqa,696,3d674d0b82684e87bdc226d9d614e6e4,3,top_heavy_shuffled,"[190, 70, 90]",0,0.0,0
newsqa,697,4054abd26fcb4958b130fe94dda895ee,3,top_heavy_shuffled,"[190, 90, 70]",1,1.0,1
newsqa,698,65e2cb72034947f0ad2e4fbae41a103e,3,top_heavy_shuffled,"[70, 90, 190]",0,0.5384615384615385,1
newsqa,699,c1b2178b59534886b5fab6b21bb11662,3,top_heavy_shuffled,"[70, 190, 90]",0,0.17142857142857143,1
newsqa,700,ca8d39a6862e49b58a03a0da02a7bede,3,top_heavy_shuffled,"[70, 190, 90]",0,0.0,0
newsqa,701,daa68770d88b4dbabfc2955ecc647750,3,top_heavy_shuffled,"[90, 70, 190]",0,0.0,0
newsqa,702,504074fdd18a4bfdb3c4d8b3d6a4b589,3,top_heavy_shuffled,"[90, 70, 190]",0,0.0,0
newsqa,703,ba3edfff481042f2a104ffdc278727c0,3,top_heavy_shuffled,"[70, 190, 90]",0,0.0,0
newsqa,704,08b635995bc64aefba8d3fdb405e1b4b,3,top_heavy_shuffled,"[70, 90, 190]",0,0.0,0
newsqa,705,775656e96e4747f5a17cc2b57edd12b7,3,top_heavy_shuffled,"[190, 70, 90]",0,0.0,1
newsqa,706,b2726529c0374da2bcb670a3c89f58a4,3,top_heavy_shuffled,"[70, 90, 190]",0,0.0,0
newsqa,707,7951ebb574024ca7958ac8e4f56cc046,3,top_heavy_shuffled,"[190, 90, 70]",0,0.0,1
newsqa,708,a0eed9d8178c4928b016bdf106f59e9e,3,top_heavy_shuffled,"[90, 190, 70]",0,0.07843137254901962,0
newsqa,709,ed28bccab4dc46f0a12e98fd366f2a83,3,top_heavy_shuffled,"[70, 90, 190]",0,0.0,0
newsqa,710,1329f988ad3845129c304b54501c934c,3,top_heavy_shuffled,"[190, 70, 90]",0,0.6666666666666666,1
newsqa,711,bccab12e798e428b8869c19eb4feac2c,3,top_heavy_shuffled,"[190, 90, 70]",0,0.0,0
newsqa,712,692084604fa74539aa32ec6abec75341,3,top_heavy_shuffled,"[190, 90, 70]",0,0.34285714285714286,1
newsqa,713,3e4aa100c744486d883502dd35d3569c,3,top_heavy_shuffled,"[190, 90, 70]",0,0.0,0
newsqa,714,aa7ddfbb8f3c403ba5b0a0ded76f2bff,3,top_heavy_shuffled,"[70, 90, 190]",0,0.0,0
newsqa,715,ba1325c4040040a0b7809a32536da5fe,3,top_heavy_shuffled,"[70, 90, 190]",0,0.0,0
newsqa,716,3257fb95269946feab9eeec2ebcd3522,3,top_heavy_shuffled,"[70, 90, 190]",1,1.0,1
newsqa,717,fea7e77ef2364dcdb4bbfa5d69b0c0ef,3,top_heavy_shuffled,"[190, 90, 70]",0,0.6666666666666666,1
newsqa,718,60438978506949e79645c14afd3a21dd,3,top_heavy_shuffled,"[90, 70, 190]",0,0.6666666666666666,1
newsqa,719,5d6123571c4f4e5cb365ed1f2f6453f6,3,top_heavy_shuffled,"[70, 90, 190]",0,0.0,1
newsqa,720,f888582a9e324a639852992392b5a0cf,3,top_heavy_shuffled,"[90, 70, 190]",0,0.0,0
newsqa,721,6eeccb736c5f4d72944f4c46e4859c9d,3,top_heavy_shuffled,"[90, 190, 70]",0,0.6666666666666666,1
newsqa,722,8cd035648dd64edb912f01d1b01e6b89,3,top_heavy_shuffled,"[70, 90, 190]",0,0.0,0
newsqa,723,7b190c41b59249bcab29c887d579bb26,3,top_heavy_shuffled,"[70, 190, 90]",1,1.0,1
newsqa,724,aee9e1f69d5048c2a687b4a5acc056be,3,top_heavy_shuffled,"[190, 70, 90]",0,0.5714285714285715,1
newsqa,725,3e5332718ede4bcb99b7c336ff05b9dd,3,top_heavy_shuffled,"[70, 90, 190]",0,0.0,1
newsqa,726,d974393cef5d43e791127eaed8ddb259,3,top_heavy_shuffled,"[90, 190, 70]",1,1.0,1
newsqa,727,1cc48ae35d6a4676a0823fdf2550f2ea,3,top_heavy_shuffled,"[70, 190, 90]",0,0.0,0
newsqa,728,21532189e740426194a08808390eb2b4,3,top_heavy_shuffled,"[90, 190, 70]",0,0.0,0
newsqa,729,64fee0d345024f42864a361022475420,3,top_heavy_shuffled,"[90, 190, 70]",1,1.0,1
newsqa,730,e4533ea2a1404bc285933f7355d58203,3,top_heavy_shuffled,"[190, 90, 70]",0,0.0,0
newsqa,731,a23bfc2ed0ea4b19b736c30f73f7e406,3,top_heavy_shuffled,"[190, 90, 70]",0,0.0,0
newsqa,732,7ca689bb9bd94572af15fb45f2257266,3,top_heavy_shuffled,"[190, 70, 90]",0,0.0,1
newsqa,733,311ea5e6c28d46ecb378b855eb0ffe59,3,top_heavy_shuffled,"[90, 70, 190]",0,0.0,1
newsqa,734,12cc92d88fd24d6697009b061d1769c2,3,top_heavy_shuffled,"[190, 90, 70]",1,1.0,1
newsqa,735,beefda6210c047899b54a61290a9837c,3,top_heavy_shuffled,"[70, 190, 90]",0,0.8,1
newsqa,736,928e2cc022da44a4893b47a7fa37e1c6,3,top_heavy_shuffled,"[190, 70, 90]",0,0.08695652173913043,1
newsqa,737,241efa1cac394ac983b144420a13a162,3,top_heavy_shuffled,"[90, 70, 190]",1,1.0,1
newsqa,738,1c67f7f0037b4ab1bb510cba499d11a4,3,top_heavy_shuffled,"[70, 190, 90]",1,1.0,1
newsqa,739,f687cfbb7bec408799b8b6f8285b5608,3,top_heavy_shuffled,"[70, 90, 190]",0,0.0,1
newsqa,740,2e613fb291864bdd8a0198c5df5ae238,3,top_heavy_shuffled,"[90, 70, 190]",0,0.0,0
newsqa,741,f5b7236c16734b2388cf37cfd5cbf27b,3,top_heavy_shuffled,"[190, 90, 70]",0,0.09523809523809523,1
newsqa,742,3a1ba8b914d141eaac80d5de56ed0114,3,top_heavy_shuffled,"[190, 90, 70]",0,0.0,0
newsqa,743,671b2208301e460ba1fa588e350b82d6,3,top_heavy_shuffled,"[90, 70, 190]",1,1.0,1
newsqa,744,388dcae5aa9248318cd8d493a4c3519b,3,top_heavy_shuffled,"[90, 190, 70]",1,1.0,1
newsqa,745,2fcab3f4f6484d8992a6c2aa67aeec69,3,top_heavy_shuffled,"[70, 90, 190]",0,0.0588235294117647,1
newsqa,746,d0bae44433814b2da5d10519d7ea3695,3,top_heavy_shuffled,"[70, 90, 190]",1,1.0,1
newsqa,747,6c60d0e46b4a49068acd95570c520c6f,3,top_heavy_shuffled,"[90, 70, 190]",1,1.0,1
newsqa,748,2a8e2d0e16d64cc2a03180e7dfb8d745,3,top_heavy_shuffled,"[70, 190, 90]",0,0.6666666666666666,0
newsqa,749,6489bd7df2d04a8aa23561eaed38c793,3,top_heavy_shuffled,"[70, 190, 90]",0,0.0,1
newsqa,750,6082452e7aeb4e828079e15ab4e7a9a9,3,top_heavy_shuffled,"[90, 70, 190]",0,0.0,0
newsqa,751,fc16e9799a154e94b2bcade2e9eacd72,3,top_heavy_shuffled,"[70, 90, 190]",0,0.0,1
newsqa,752,17a72d69d7fd4e2fb9c562451e5434ef,3,top_heavy_shuffled,"[190, 70, 90]",1,1.0,1
newsqa,753,755056d3d07940929387e2e7e76f4acf,3,top_heavy_shuffled,"[90, 190, 70]",0,0.05714285714285714,0
newsqa,754,cbef062d89b944c5acd16f892a79611c,3,top_heavy_shuffled,"[190, 90, 70]",0,0.0,1
newsqa,755,a8ec79c66e284a45a63c7dcdcf4f9064,3,top_heavy_shuffled,"[90, 190, 70]",0,0.0,1
newsqa,756,6803dc0693214791b3058a87480b15d6,3,top_heavy_shuffled,"[90, 190, 70]",0,0.6666666666666666,1
newsqa,757,733d2fd24b0b40f7ba5f0edaed20cca9,3,top_heavy_shuffled,"[70, 90, 190]",0,0.09090909090909091,1
newsqa,758,5a154a6b5c364e79b30a1bd2c9e47e0c,3,top_heavy_shuffled,"[190, 70, 90]",0,0.0,0
newsqa,759,dc1fb48848df419fba9692dffef22844,3,top_heavy_shuffled,"[70, 190, 90]",0,0.0,0
newsqa,760,581d677951c7404d922d56e144504b82,3,top_heavy_shuffled,"[190, 70, 90]",1,1.0,1
newsqa,761,3f24c1ba50b04f8493f8663fd779846e,3,top_heavy_shuffled,"[70, 90, 190]",0,0.0,0
newsqa,762,a10d412bc874427b9f8df9a729c686a8,3,top_heavy_shuffled,"[90, 70, 190]",0,0.06060606060606061,0
newsqa,763,99a7d09d04634cc08435d1e4bde155b5,3,top_heavy_shuffled,"[90, 190, 70]",0,0.0,0
newsqa,764,5544aab55fe744fab13706c13fcb4f96,3,top_heavy_shuffled,"[190, 90, 70]",0,0.0,1
newsqa,765,412a163387474317b4eb02196506d1f4,3,top_heavy_shuffled,"[90, 70, 190]",0,0.05405405405405405,0
newsqa,766,a1c71fcc9f6a468c9468d13d69e711a7,3,top_heavy_shuffled,"[70, 90, 190]",0,0.0,0
newsqa,767,3287651f8746453ba1943191b85095a9,3,top_heavy_shuffled,"[70, 190, 90]",0,0.0,1
newsqa,768,e2d0189ba8fd449889044fecb68c28b2,3,top_heavy_shuffled,"[190, 70, 90]",0,0.0,1
newsqa,769,567c70fec2634f439e055ef5fb30135d,3,top_heavy_shuffled,"[190, 70, 90]",0,0.0,0
newsqa,770,febb62323b274b678dc47bb096688f4c,3,top_heavy_shuffled,"[90, 190, 70]",1,1.0,1
newsqa,771,e08b24a8d41544e38f2489b4e32e2764,3,top_heavy_shuffled,"[190, 90, 70]",0,0.0,1
newsqa,772,ecd82d14cb3e4e28b8307e44f4784ff5,3,top_heavy_shuffled,"[70, 90, 190]",0,0.0,1
newsqa,773,a0b2f384132d475d9b375afdc5343fb2,3,top_heavy_shuffled,"[70, 90, 190]",0,0.0,1
newsqa,774,1703025033a448048d6f688f9321e2a2,3,top_heavy_shuffled,"[70, 190, 90]",1,1.0,1
newsqa,775,6c8c2af2e7b14a84acf550c9253961d8,3,top_heavy_shuffled,"[190, 70, 90]",0,0.0,0
newsqa,776,6368dd06f186478dae5ba3271569ef66,3,top_heavy_shuffled,"[90, 70, 190]",0,0.0,0
newsqa,777,019a54c5394847ec81325e8bdaf8355f,3,top_heavy_shuffled,"[90, 70, 190]",0,0.05128205128205128,0
newsqa,778,4ae06e8228ca4ca89224a8598de5e6d9,3,top_heavy_shuffled,"[90, 70, 190]",0,0.0,0
newsqa,779,8ff3ddfe7f3a41e294a831e452189dd5,3,top_heavy_shuffled,"[90, 190, 70]",0,0.0,0
newsqa,780,52f45355af90482cb6a950e995783d4b,3,top_heavy_shuffled,"[90, 70, 190]",0,0.0,0
newsqa,781,b455ff336ebe403e896b9be3465811f7,3,top_heavy_shuffled,"[190, 70, 90]",1,1.0,1
newsqa,782,fef91dcc799042b59201fc0f963a8b17,3,top_heavy_shuffled,"[90, 70, 190]",0,0.06666666666666667,0
newsqa,783,a2374c9022504b94b1a832c91ab535fe,3,top_heavy_shuffled,"[190, 90, 70]",0,0.5,1
newsqa,784,f1fca269781c4454a9fbcf23844c79dd,3,top_heavy_shuffled,"[70, 90, 190]",0,0.8,1
newsqa,785,828c73b72b124615b8ccc1cf1ab1014b,3,top_heavy_shuffled,"[90, 70, 190]",1,1.0,1
newsqa,786,ba9e926ece6b4b6e844f51d0b7b0f056,3,top_heavy_shuffled,"[70, 190, 90]",0,0.0,1
newsqa,787,b6ae22e3a9d04cfbaf6206a39dd062da,3,top_heavy_shuffled,"[70, 90, 190]",0,0.6666666666666666,1
newsqa,788,1b9decbc39c949e8bf28c759dfe4baa2,3,top_heavy_shuffled,"[190, 70, 90]",0,0.0,1
newsqa,789,f5b0c1a6b5824201baa94cf53c56f0c5,3,top_heavy_shuffled,"[70, 90, 190]",1,1.0,0
newsqa,790,1fe12d7bff7a46d79f76ccc655caf66c,3,top_heavy_shuffled,"[70, 190, 90]",0,0.0,0
newsqa,791,3ca19860d31d40d58c3d6018498bbc5e,3,top_heavy_shuffled,"[190, 90, 70]",1,1.0,1
newsqa,792,de7fae20ac624dc9af5949d97f30a79a,3,top_heavy_shuffled,"[90, 190, 70]",0,0.28571428571428575,1
newsqa,793,d9d30d695b524637976deff70f6a7afd,3,top_heavy_shuffled,"[70, 90, 190]",0,0.0,1
newsqa,794,8be91aa0873e4a4bb89703628089432a,3,top_heavy_shuffled,"[70, 190, 90]",1,1.0,1
newsqa,795,a3ff08899c474fcdaaae2dd2409ec7a0,3,top_heavy_shuffled,"[190, 70, 90]",0,0.10256410256410256,1
newsqa,796,bb1589db33fa4309b9b3f7fb5e4b3480,3,top_heavy_shuffled,"[70, 90, 190]",0,0.0,1
newsqa,797,2d6a236fd6104736bfb0ae4404ee6ea9,3,top_heavy_shuffled,"[90, 190, 70]",0,0.6666666666666666,1
newsqa,798,9c4719555e46425496a22559eff66115,3,top_heavy_shuffled,"[190, 70, 90]",0,0.0,0
newsqa,799,3a63e60b8ef140d28f31325f8211cb10,3,top_heavy_shuffled,"[90, 190, 70]",0,0.0,0
newsqa,800,93447ee40a954604bc8e1c926079b785,3,top_heavy_shuffled,"[90, 190, 70]",1,1.0,1
newsqa,801,aa55b1829c9c41e28f3998d32da669ec,3,top_heavy_shuffled,"[90, 190, 70]",0,0.6666666666666666,1
newsqa,802,6eb7f187d8aa4f319e63ad269404dab2,3,top_heavy_shuffled,"[70, 190, 90]",0,0.5,1
newsqa,803,67a58f5e2ff7455f8807463f414f9b99,3,top_heavy_shuffled,"[190, 70, 90]",0,0.0,1
newsqa,804,d62824da543e474da60ae07308009055,3,top_heavy_shuffled,"[190, 90, 70]",0,0.0,0
newsqa,805,b3d58c3cb86044e1ac53ac99a0246d3b,3,top_heavy_shuffled,"[190, 70, 90]",0,0.0,1
newsqa,806,6973eb89fb1441328fc7a79248c2a0ec,3,top_heavy_shuffled,"[70, 190, 90]",0,0.0,0
newsqa,807,dca240ce71894a9798451f919b5d9df0,3,top_heavy_shuffled,"[70, 90, 190]",0,0.05882352941176471,1
newsqa,808,b0d95637bcb44afb96457d3053631d5f,3,top_heavy_shuffled,"[70, 190, 90]",1,1.0,1
newsqa,809,8de2ee8d56464a9d971fdae65ae0f72b,3,top_heavy_shuffled,"[190, 70, 90]",0,0.0,1
newsqa,810,83966e58471549e2adc73c25f58c846b,3,top_heavy_shuffled,"[190, 70, 90]",0,0.0,0
newsqa,811,bb0d3b5086f845df8acfbf503fa4c2ff,3,top_heavy_shuffled,"[70, 90, 190]",0,0.0,1
newsqa,812,706ce26401d54a5d94687fb541f7350c,3,top_heavy_shuffled,"[70, 90, 190]",1,1.0,1
newsqa,813,bf72c01037194351b8d906e8e8c4c0cc,3,top_heavy_shuffled,"[90, 190, 70]",0,0.0,0
newsqa,814,afa333ac95d848f0a60cde4f10d6e261,3,top_heavy_shuffled,"[70, 190, 90]",0,0.03571428571428571,0
newsqa,815,41d5a6d229964b50b3c73d5bc9a5d1fa,3,top_heavy_shuffled,"[70, 190, 90]",0,0.0,0
newsqa,816,b94b8e734c3b40eaba7291c227e2edb7,3,top_heavy_shuffled,"[90, 190, 70]",0,0.0,1
newsqa,817,786765cfe8b44449af887152402aaa29,3,top_heavy_shuffled,"[190, 70, 90]",0,0.0,1
newsqa,818,031cc546d2904282a49ea01dcfa886c8,3,top_heavy_shuffled,"[70, 190, 90]",0,0.0,0
newsqa,819,9759378e0cc44a1c839214bdaa26612d,3,top_heavy_shuffled,"[70, 90, 190]",0,0.0,1
newsqa,820,963f7654e83b425bbeadf56527740ba0,3,top_heavy_shuffled,"[70, 90, 190]",0,0.0,0
newsqa,821,4fed7ee44ec9407ebf2f05e33d2f6d54,3,top_heavy_shuffled,"[190, 70, 90]",0,0.0,0
newsqa,822,e75dd8d226914bd9b9070a34d57ff0c9,3,top_heavy_shuffled,"[190, 90, 70]",0,0.0,1
newsqa,823,92216f1e211c4ddf968b958588255feb,3,top_heavy_shuffled,"[90, 70, 190]",0,0.21052631578947367,0
newsqa,824,fc9ff2ab888d45b79fa4959911c65e59,3,top_heavy_shuffled,"[190, 70, 90]",0,0.0,1
newsqa,825,dadbf5853ac746239f484a0c7ff02245,3,top_heavy_shuffled,"[70, 190, 90]",0,0.5,1
newsqa,826,b4e39f9e15734b6a82739950c34aa8ee,3,top_heavy_shuffled,"[190, 90, 70]",0,0.6666666666666666,1
newsqa,827,5ed1ab8a035e44ec9200692431509884,3,top_heavy_shuffled,"[70, 90, 190]",0,0.0,0
newsqa,828,2bffb804aab041ee9605adbff83fe141,3,top_heavy_shuffled,"[190, 90, 70]",0,0.0,0
newsqa,829,ba4602ee540d4fcfb52af541b3e7dfd8,3,top_heavy_shuffled,"[70, 190, 90]",0,0.0,1
newsqa,830,45a6d0b6364d49129a59f0a062a2f9a8,3,top_heavy_shuffled,"[70, 90, 190]",0,0.0,1
newsqa,831,199178bd55f849279f0e163c691d0903,3,top_heavy_shuffled,"[70, 90, 190]",1,1.0,1
newsqa,832,745c742fa8d94abe88d1330cd4cdae1d,3,top_heavy_shuffled,"[90, 190, 70]",0,0.1818181818181818,1
newsqa,833,13c7ec87c0324be5bee05d51772027c5,3,top_heavy_shuffled,"[190, 70, 90]",1,1.0,1
newsqa,834,2f82125c096845fc8b5fc65418c486aa,3,top_heavy_shuffled,"[70, 90, 190]",0,0.5,1
newsqa,835,6c8e1e1b56bc4eb5b99b83ce6c5f3afd,3,top_heavy_shuffled,"[70, 190, 90]",1,1.0,1
newsqa,836,d37cc022c8344772b7d7261033a37c29,3,top_heavy_shuffled,"[190, 70, 90]",0,0.11320754716981131,1
newsqa,837,c034e68af36c41d79e0782c060d7acbd,3,top_heavy_shuffled,"[70, 90, 190]",0,0.6666666666666666,1
newsqa,838,0986a62e4b4b48be90e2c9172a5b9617,3,top_heavy_shuffled,"[70, 90, 190]",0,0.12121212121212122,1
newsqa,839,69bda7a3b8cb4e2baecd4fedbe7458ce,3,top_heavy_shuffled,"[90, 190, 70]",0,0.0606060606060606,1
newsqa,840,144e38b6eea047c99e7ec1d8dbb6cbbc,3,top_heavy_shuffled,"[70, 190, 90]",0,0.19999999999999998,1
newsqa,841,3cb0174eaaf54d35878f92077740136c,3,top_heavy_shuffled,"[70, 190, 90]",0,0.0,0
newsqa,842,e53753e6f784486091c8dce069d90994,3,top_heavy_shuffled,"[70, 90, 190]",0,0.0,1
newsqa,843,6d34f597fdc54dd2aa1a8a9e32e596cb,3,top_heavy_shuffled,"[90, 190, 70]",0,0.0,1
newsqa,844,dbc0bbc541124ed0843db76f2e3a1581,3,top_heavy_shuffled,"[90, 70, 190]",0,0.0,1
newsqa,845,7f00e9c077324f689c8b0746c6381e0e,3,top_heavy_shuffled,"[90, 190, 70]",0,0.1951219512195122,1
newsqa,846,bb720c2091ee4a94a85eb81aa5a7acc3,3,top_heavy_shuffled,"[70, 190, 90]",0,0.0,0
newsqa,847,aecbba5c017943a79d643d0cc71e57b7,3,top_heavy_shuffled,"[190, 90, 70]",1,1.0,1
newsqa,848,a04a4431e605471480fb64662b38504d,3,top_heavy_shuffled,"[70, 90, 190]",0,0.0,0
newsqa,849,60bbae0fbec24bf2a8de8ac0b7076b24,3,top_heavy_shuffled,"[70, 90, 190]",1,1.0,1
newsqa,850,f20bdc9681624087af1dda063b3a6945,3,top_heavy_shuffled,"[190, 90, 70]",1,1.0,1
newsqa,851,0161b1de8e9944f58ba3663305c9759a,3,top_heavy_shuffled,"[90, 70, 190]",0,0.0,1
newsqa,852,33ad75a283674ce5a8178438d8739810,3,top_heavy_shuffled,"[90, 70, 190]",0,0.45161290322580644,1
newsqa,853,3de977d9d8c142c79231c332dad7cfdf,3,top_heavy_shuffled,"[90, 190, 70]",0,0.0,1
newsqa,854,42fb458e399b41f9b78a83d4b30d27b0,3,top_heavy_shuffled,"[70, 90, 190]",0,0.11428571428571428,0
newsqa,855,96b2b16f84e8465d9de71f9fa9718941,3,top_heavy_shuffled,"[190, 90, 70]",0,0.0,1
newsqa,856,68d323c49f9740abbda05876aebfd5d7,3,top_heavy_shuffled,"[70, 90, 190]",1,1.0,1
newsqa,857,415c375731994f69a116e415444abd99,3,top_heavy_shuffled,"[70, 190, 90]",0,0.07142857142857142,1
newsqa,858,9fb85b5dcad34ba497f04a41616f6d0c,3,top_heavy_shuffled,"[90, 190, 70]",0,0.0,0
newsqa,859,40d56efbcf5041ff9ab958e865e63171,3,top_heavy_shuffled,"[90, 190, 70]",1,1.0,1
newsqa,860,16d87b6d44b74c9d9c705b0471dcb4b2,3,top_heavy_shuffled,"[90, 70, 190]",0,0.0,0
newsqa,861,1082fd6599c245bba88c6c46ce86eef8,3,top_heavy_shuffled,"[70, 190, 90]",0,0.0,0
newsqa,862,d316c97abd1e4815a14a66b9b76df881,3,top_heavy_shuffled,"[70, 190, 90]",1,1.0,1
newsqa,863,160bd2f1f99b4697a5945323087874cb,3,top_heavy_shuffled,"[90, 190, 70]",0,0.6666666666666666,1
newsqa,864,703c1f0b768d4732afa9e6a5a2d05091,3,top_heavy_shuffled,"[90, 70, 190]",0,0.0,0
newsqa,865,85ff90e4fd9c4c8790b6414520150e51,3,top_heavy_shuffled,"[70, 190, 90]",0,0.16666666666666669,1
newsqa,866,7c34ec6a706d4aaf96e4f3356fe2da7c,3,top_heavy_shuffled,"[90, 70, 190]",0,0.0,1
newsqa,867,6f811a0a4db94a648917355fabbd40ae,3,top_heavy_shuffled,"[70, 90, 190]",1,1.0,1
newsqa,868,48e5d37aaea9404a891d01584e699f18,3,top_heavy_shuffled,"[190, 90, 70]",1,1.0,1
newsqa,869,3e8a38a0b3e64f809e791704ac768b95,3,top_heavy_shuffled,"[90, 190, 70]",0,0.0,0
newsqa,870,1b454ee0cee8452986cf0b57342e8534,3,top_heavy_shuffled,"[70, 90, 190]",0,0.0,1
newsqa,871,893449002d894f7695b2a32aa7713cb5,3,top_heavy_shuffled,"[90, 190, 70]",0,0.0,1
newsqa,872,1405700ba6ce4058a4fa68e3c3d680e3,3,top_heavy_shuffled,"[70, 190, 90]",1,1.0,1
newsqa,873,5579074640614bacbdd03ed34a3ddf08,3,top_heavy_shuffled,"[70, 90, 190]",0,0.7000000000000001,1
newsqa,874,09553563f3b94bfd88d2887043744b77,3,top_heavy_shuffled,"[190, 70, 90]",1,1.0,1
newsqa,875,ed00bbd0da8841fa9bb15f15859a9876,3,top_heavy_shuffled,"[70, 90, 190]",1,1.0,1
newsqa,876,6dd10f33c4f8423080bdcf84c8a01ef1,3,top_heavy_shuffled,"[190, 70, 90]",0,0.07142857142857142,0
newsqa,877,959464bf0c7c44ba8f2b21448867e4ad,3,top_heavy_shuffled,"[90, 190, 70]",0,0.0,0
newsqa,878,bf7fc80bf1024d73b6f5cea672696789,3,top_heavy_shuffled,"[90, 70, 190]",0,0.0,1
newsqa,879,06631314756e4d9fa7eb5f040d4d9da4,3,top_heavy_shuffled,"[90, 70, 190]",0,0.2608695652173913,1
newsqa,880,1d9dc72255774f95b5e274139d8ea9bd,3,top_heavy_shuffled,"[70, 190, 90]",0,0.0,1
newsqa,881,eb0682a6d1694acf886b84a407d68416,3,top_heavy_shuffled,"[70, 90, 190]",0,0.05714285714285715,1
newsqa,882,94b1187d3e5c4282983df4ab44d3d46b,3,top_heavy_shuffled,"[90, 190, 70]",0,0.0,1
newsqa,883,50b4c8f6f61a48c289fff1e90d3c1c68,3,top_heavy_shuffled,"[190, 70, 90]",1,1.0,1
newsqa,884,8c5e2893db634635891ae6afd30261c4,3,top_heavy_shuffled,"[90, 190, 70]",0,0.0,0
newsqa,885,9eecb36f5cb44bb18d24b6efe6824a06,3,top_heavy_shuffled,"[90, 70, 190]",0,0.0,1
newsqa,886,25223706065646aebcebc831d267c30d,3,top_heavy_shuffled,"[190, 90, 70]",0,0.0,0
newsqa,887,f97a45e3576644eda7c95849e50babef,3,top_heavy_shuffled,"[190, 70, 90]",1,1.0,1
newsqa,888,08aee7c44c404089b766cbe0fa2d55f5,3,top_heavy_shuffled,"[190, 70, 90]",0,0.0,1
newsqa,889,6d1b542705c74dfcb9ca889be8fc5c82,3,top_heavy_shuffled,"[70, 90, 190]",0,0.1111111111111111,0
newsqa,890,8ce493334e064c2f97343909d7ddb91e,3,top_heavy_shuffled,"[190, 70, 90]",0,0.0,1
newsqa,891,eb6590ce2f134b889d853696a1519eca,3,top_heavy_shuffled,"[90, 70, 190]",0,0.04761904761904762,1
newsqa,892,b5ada864c0934f8b98d919dae0bcec35,3,top_heavy_shuffled,"[90, 190, 70]",1,1.0,1
newsqa,893,73d58decb36a470e91d5491834972a95,3,top_heavy_shuffled,"[90, 70, 190]",0,0.5,1
newsqa,894,7d08f62337054caa8e0104c19a653158,3,top_heavy_shuffled,"[190, 90, 70]",0,0.0,1
newsqa,895,7a24d5cc2a8f44819ca35879d229e8bc,3,top_heavy_shuffled,"[190, 90, 70]",0,0.0,0
newsqa,896,97034e6a207f4a238a49bf7babb932e9,3,top_heavy_shuffled,"[190, 70, 90]",1,1.0,1
newsqa,897,d0ef3a30427c4d66a516feb413c6b262,3,top_heavy_shuffled,"[90, 190, 70]",0,0.1875,1
newsqa,898,59cca53e121949e39742ee34a89cffab,3,top_heavy_shuffled,"[90, 70, 190]",0,0.0,1
newsqa,899,a645bb94c6194b119832d8e395b47a0c,3,top_heavy_shuffled,"[90, 190, 70]",0,0.0,0
newsqa,900,9e32a1d3fd11455280d3aecde908c2e6,3,top_heavy_shuffled,"[70, 190, 90]",0,0.14285714285714288,0
newsqa,901,7d7537366071415381b140fc2d6bd90b,3,top_heavy_shuffled,"[190, 70, 90]",0,0.0,1
newsqa,902,46f896a31c254fb2bf5b68c060edb437,3,top_heavy_shuffled,"[70, 90, 190]",0,0.0,1
newsqa,903,2cda8c267a624be184e87b1d2cd0b05c,3,top_heavy_shuffled,"[70, 190, 90]",0,0.0,0
newsqa,904,3febc40bd3ee4d4e9226aa424b60123c,3,top_heavy_shuffled,"[70, 190, 90]",0,0.6666666666666666,1
newsqa,905,dfc54f2afa2849f4a1d9d7095fa37f8d,3,top_heavy_shuffled,"[70, 190, 90]",0,0.0,0
newsqa,906,57f26f2947864f429083b603d80000aa,3,top_heavy_shuffled,"[90, 70, 190]",0,0.0,1
newsqa,907,3e1bed5b98f248738744f4c55f0e6d06,3,top_heavy_shuffled,"[190, 90, 70]",0,0.0,1
newsqa,908,6d36da6f7d6c4ae898960241cc99cd4c,3,top_heavy_shuffled,"[90, 70, 190]",0,0.0,1
newsqa,909,82f2a270b951424e82df7540c14072d3,3,top_heavy_shuffled,"[90, 190, 70]",0,0.0,0
newsqa,910,059055bc2ed24376a2667ee2496aeb0c,3,top_heavy_shuffled,"[90, 70, 190]",0,0.0,1
newsqa,911,328dfae8a432499e91c71bad92e2bd79,3,top_heavy_shuffled,"[70, 90, 190]",0,0.0,1
newsqa,912,3555cf721db54ce6a35be172f4f0213c,3,top_heavy_shuffled,"[90, 190, 70]",1,1.0,1
newsqa,913,6905efa62e924f7c9960bc701d1025bb,3,top_heavy_shuffled,"[70, 90, 190]",1,1.0,1
newsqa,914,edd8922fe3ec43be851dee74c97ea861,3,top_heavy_shuffled,"[70, 190, 90]",0,0.0,0
newsqa,915,3f5b923f78d642ebb61f535595115ceb,3,top_heavy_shuffled,"[190, 70, 90]",0,0.0,1
newsqa,916,644155df8e7446718cc1d9ca4d2f4c05,3,top_heavy_shuffled,"[90, 190, 70]",1,1.0,1
newsqa,917,f1cd28d437e44ac586e3494371c55ff1,3,top_heavy_shuffled,"[70, 190, 90]",0,0.6086956521739131,1
newsqa,918,b8b75f189ac042c9a664c7bc13bcb936,3,top_heavy_shuffled,"[190, 90, 70]",0,0.0,0
newsqa,919,1cdeb2b345c247bfb083ab363bebd64c,3,top_heavy_shuffled,"[70, 190, 90]",0,0.0,1
newsqa,920,930d23fe662b49d4bb01a291e8a6ad98,3,top_heavy_shuffled,"[70, 90, 190]",0,0.0,1
newsqa,921,46414d4b1b7a4838987e3ee887a448bb,3,top_heavy_shuffled,"[190, 90, 70]",0,0.0,0
newsqa,922,fdc90f6593464af6b65c2f38b2c814c6,3,top_heavy_shuffled,"[70, 90, 190]",0,0.0,1
newsqa,923,e6cad506fcab4d979e90f4a9176b1408,3,top_heavy_shuffled,"[70, 90, 190]",1,1.0,1
newsqa,924,72a4722fda5f436e81437aea9042aaa8,3,top_heavy_shuffled,"[70, 190, 90]",1,1.0,1
newsqa,925,76ed5aaaa5bb47d7923d45360b3332ec,3,top_heavy_shuffled,"[90, 70, 190]",0,0.0,1
newsqa,926,33d1e51367a3481086b0b8206010e16c,3,top_heavy_shuffled,"[190, 70, 90]",0,0.1818181818181818,1
newsqa,927,d1f6974f4b8f4a189e64cdf36c986df7,3,top_heavy_shuffled,"[190, 90, 70]",0,0.28571428571428575,1
newsqa,928,57351304b16347d58b309e84d19b79aa,3,top_heavy_shuffled,"[190, 70, 90]",0,0.7499999999999999,1
newsqa,929,7f022ca089d74d51a4be4625cb6191d5,3,top_heavy_shuffled,"[70, 90, 190]",0,0.0,0
newsqa,930,3c5e3c93b4f04892a42057005a46caaa,3,top_heavy_shuffled,"[190, 70, 90]",0,0.0,0
newsqa,931,f7b2f89be1724a9c86cbcc347b0c4425,3,top_heavy_shuffled,"[190, 70, 90]",0,0.0,1
newsqa,932,2af6e73ac32145e9bb843506ce6c6a61,3,top_heavy_shuffled,"[70, 190, 90]",1,1.0,1
newsqa,933,c4c1471da58b4cf087e179b9b71adef4,3,top_heavy_shuffled,"[70, 190, 90]",1,1.0,1
newsqa,934,1854615c2d334e5aa3a608b90f0547b5,3,top_heavy_shuffled,"[90, 70, 190]",1,1.0,1
newsqa,935,402f5f93e4a04d998cb41298d57b8115,3,top_heavy_shuffled,"[70, 90, 190]",1,1.0,1
newsqa,936,531226f1c86f49a3bee6638692fedd34,3,top_heavy_shuffled,"[90, 190, 70]",0,0.0,1
newsqa,937,23d9c3e938cd4e54a2917488a719b832,3,top_heavy_shuffled,"[70, 190, 90]",0,0.0,0
newsqa,938,d5012bef02214f0c9698b7a828959e39,3,top_heavy_shuffled,"[70, 90, 190]",1,1.0,1
newsqa,939,79d983f421ab4c3e92364b83b7186e99,3,top_heavy_shuffled,"[190, 70, 90]",1,1.0,1
newsqa,940,2e71514053a447d5bbd3f9625420ca43,3,top_heavy_shuffled,"[90, 190, 70]",0,0.29629629629629634,1
newsqa,941,6a420f8f42204d968a137faeb1d73784,3,top_heavy_shuffled,"[90, 190, 70]",0,0.0,0
newsqa,942,2f56933ee8024412b6ef05faf87e7a46,3,top_heavy_shuffled,"[70, 190, 90]",0,0.08695652173913043,1
newsqa,943,ccb81b6865484234ab334d34412a6b35,3,top_heavy_shuffled,"[70, 190, 90]",1,1.0,1
newsqa,944,e33b52e8485c41518aaf76f1048c35e4,3,top_heavy_shuffled,"[70, 190, 90]",0,0.0,1
newsqa,945,29544317d3ab466d8b13e1eac4463c10,3,top_heavy_shuffled,"[190, 90, 70]",0,0.6666666666666666,1
newsqa,946,b5736ba3b8574e3388b2a5ebccb15b09,3,top_heavy_shuffled,"[70, 190, 90]",0,0.0,0
newsqa,947,7e4328290edf4f2aac9f8988b5079fe1,3,top_heavy_shuffled,"[90, 190, 70]",0,0.2857142857142857,1
newsqa,948,8bff718944c84becbf657952138356fd,3,top_heavy_shuffled,"[90, 70, 190]",0,0.0,1
newsqa,949,c411868fbe054e80b90a12463b2beddd,3,top_heavy_shuffled,"[90, 190, 70]",0,0.4,1
newsqa,950,ead58bae18d04b9c89be6f0bbe3f155f,3,top_heavy_shuffled,"[90, 70, 190]",0,0.0,0
newsqa,951,319e4521a8454f6a908b91d874ce2e08,3,top_heavy_shuffled,"[190, 70, 90]",0,0.05128205128205128,0
newsqa,952,bc947534038744198b74eab0dc89a6fe,3,top_heavy_shuffled,"[70, 90, 190]",0,0.5,1
newsqa,953,aece58a299d84cd88579bca72c73da46,3,top_heavy_shuffled,"[190, 90, 70]",0,0.0,0
newsqa,954,61727044bdac4760964296c822ea1ffa,3,top_heavy_shuffled,"[190, 90, 70]",0,0.6666666666666666,1
newsqa,955,bc61a95b6c25463db3459cd626a11ad0,3,top_heavy_shuffled,"[70, 190, 90]",0,0.9090909090909091,1
newsqa,956,e45fbf36c6d64467b16f13324d22a4c2,3,top_heavy_shuffled,"[190, 90, 70]",0,0.3636363636363636,1
newsqa,957,1e1eb993a1ca4265978c2db209a671b7,3,top_heavy_shuffled,"[70, 190, 90]",1,1.0,1
newsqa,958,f74b173f48654bc9832934834956c10f,3,top_heavy_shuffled,"[70, 190, 90]",0,0.0,1
newsqa,959,30913ce681084f3f8357bef6147fe049,3,top_heavy_shuffled,"[190, 70, 90]",0,0.0,1
newsqa,960,359f8256bb2b4d5589fa81885ef48257,3,top_heavy_shuffled,"[190, 90, 70]",0,0.0,1
newsqa,961,3d531ea0078248ebb3dd503bb338071f,3,top_heavy_shuffled,"[190, 70, 90]",0,0.29629629629629634,1
newsqa,962,a9dff945426841f8b37069eefd82297b,3,top_heavy_shuffled,"[90, 190, 70]",0,0.0,1
newsqa,963,aa9daba7638b4fa9b1472bb648fe964e,3,top_heavy_shuffled,"[190, 90, 70]",0,0.6666666666666666,1
newsqa,964,dd66178403e8487382fdc1b84bb2881c,3,top_heavy_shuffled,"[90, 190, 70]",0,0.0,0
newsqa,965,c9bcb9b8a8ba42f5bfd2538b4925a3ac,3,top_heavy_shuffled,"[190, 70, 90]",0,0.0,1
newsqa,966,a14a2ea82a1544a19f7c45cbf7f82f6e,3,top_heavy_shuffled,"[190, 90, 70]",0,0.8,1
newsqa,967,fb2d1f54601e4f89be70d07393db45f4,3,top_heavy_shuffled,"[70, 190, 90]",0,0.5714285714285715,1
newsqa,968,b83b50ae80c3463aa27b05bb0bf4b493,3,top_heavy_shuffled,"[190, 70, 90]",0,0.0,0
newsqa,969,26c180c03a734a1aaee4138be308a078,3,top_heavy_shuffled,"[70, 190, 90]",0,0.06451612903225806,1
newsqa,970,273733b869b741a7b9667927ea701789,3,top_heavy_shuffled,"[70, 190, 90]",0,0.0,0
newsqa,971,97cb3c77ddba4ab9ae6bfdc00eb09c42,3,top_heavy_shuffled,"[190, 90, 70]",0,0.0,1
newsqa,972,08473edda228492e9cfe9b6583977e50,3,top_heavy_shuffled,"[70, 90, 190]",0,0.0,1
newsqa,973,6d5eb886bc37490aa1854938f9b36903,3,top_heavy_shuffled,"[70, 190, 90]",0,0.0,0
newsqa,974,e0ce4da6cbfe4f26b945f5555901e5c5,3,top_heavy_shuffled,"[190, 70, 90]",0,0.0,0
newsqa,975,f002078c2ea2435db1e405606b820e19,3,top_heavy_shuffled,"[190, 90, 70]",1,1.0,1
newsqa,976,441f524567e9477a9b0d07f4a0907622,3,top_heavy_shuffled,"[190, 90, 70]",0,0.47058823529411764,1
newsqa,977,60dd6a100f3b42598ab0d32f254b1662,3,top_heavy_shuffled,"[190, 90, 70]",0,0.0,0
newsqa,978,873ea1af23e548efb10a54c97edcdb6b,3,top_heavy_shuffled,"[190, 70, 90]",0,0.0,1
newsqa,979,3e1d564bb5eb4b1ba37db917c472a566,3,top_heavy_shuffled,"[90, 190, 70]",0,0.42857142857142855,1
newsqa,980,04676862004644f18aa94ff54107047c,3,top_heavy_shuffled,"[190, 90, 70]",0,0.0,0
newsqa,981,116e002d700e4d349581f1a4937dfba8,3,top_heavy_shuffled,"[70, 190, 90]",0,0.0,0
newsqa,982,283c5867606b46258127fa5fed7cf62d,3,top_heavy_shuffled,"[90, 70, 190]",0,0.0,1
newsqa,983,171414c078ce452d9374be8989aa0147,3,top_heavy_shuffled,"[90, 190, 70]",0,0.0,0
newsqa,984,a2643b6d7fe94e54bb74da276f0a4646,3,top_heavy_shuffled,"[70, 190, 90]",0,0.06666666666666667,1
newsqa,985,342cb6f69f6449318f4c4e5385f954fd,3,top_heavy_shuffled,"[190, 70, 90]",0,0.0,1
newsqa,986,e3fe3ef5daa6485a8a3f91dfccc9d797,3,top_heavy_shuffled,"[70, 190, 90]",1,1.0,1
newsqa,987,6071cc99d5744a17814ad38e72b53f3b,3,top_heavy_shuffled,"[90, 190, 70]",0,0.0,0
newsqa,988,d5f0273d41ad45ab9a9819cb49e29b02,3,top_heavy_shuffled,"[70, 190, 90]",0,0.0,1
newsqa,989,d1b4f5f6d643456aad1526324d39c259,3,top_heavy_shuffled,"[70, 90, 190]",0,0.0909090909090909,1
newsqa,990,62747a42a9074e7da75c495cc4daca38,3,top_heavy_shuffled,"[190, 70, 90]",0,0.6666666666666666,1
newsqa,991,5d464ecc16894c0cbc33ed95ac502289,3,top_heavy_shuffled,"[70, 190, 90]",1,1.0,1
newsqa,992,e5fb043f8b0245f2acc78136af1bb5dd,3,top_heavy_shuffled,"[70, 90, 190]",0,0.6666666666666666,1
newsqa,993,53278976c290499ab7f1decb9f7bf6a2,3,top_heavy_shuffled,"[70, 190, 90]",0,0.12500000000000003,1
newsqa,994,7889488ae4d3460bafe900d6917b650e,3,top_heavy_shuffled,"[90, 190, 70]",0,0.0,1
newsqa,995,91ef74a5a47a442aaa5af41b3d564051,3,top_heavy_shuffled,"[90, 190, 70]",0,0.32,1
newsqa,996,3e83d3398a8a4e26a98fab7f85c8cb59,3,top_heavy_shuffled,"[190, 90, 70]",0,0.125,1
newsqa,997,20e0dcefdff242ebb51ce89c34182814,3,top_heavy_shuffled,"[90, 190, 70]",0,0.16666666666666666,0
newsqa,998,7e7a5a32f59b49ccacc7c1408799a32a,3,top_heavy_shuffled,"[70, 90, 190]",0,0.0,1
newsqa,999,a3ac333098d74ad7acf2d20bbc261c9b,3,top_heavy_shuffled,"[90, 190, 70]",0,0.8,1
newsqa,0,728220fe1b5f4ce886273ec524c6972b,5,top_heavy_shuffled,"[40, 30, 80, 150, 50]",0,0.0,1
newsqa,1,c89d1c366c274f6e8d233be688759386,5,top_heavy_shuffled,"[50, 30, 40, 80, 150]",0,0.0,1
newsqa,2,644d4774db194bb0b491e58deff0fe6c,5,top_heavy_shuffled,"[80, 40, 150, 50, 30]",0,0.0,1
newsqa,3,b7648c8b476e4482a7fa9a8d4584c551,5,top_heavy_shuffled,"[30, 40, 150, 80, 50]",0,0.5,1
newsqa,4,362b90d2f2de47e1a0d9be76d1383cd5,5,top_heavy_shuffled,"[80, 150, 50, 40, 30]",0,0.10526315789473685,1
newsqa,5,e365fba82bca48ad8b9ec4fbac8bd3b7,5,top_heavy_shuffled,"[50, 40, 30, 150, 80]",0,0.4444444444444445,1
newsqa,6,56a527cc368e4b10ac88117b33ab6370,5,top_heavy_shuffled,"[50, 80, 30, 150, 40]",0,0.09090909090909091,0
newsqa,7,ef7ff14fda8347479995319185ade05f,5,top_heavy_shuffled,"[30, 150, 40, 50, 80]",1,1.0,1
newsqa,8,e7abf6763c7d425c8577ed893a0cd182,5,top_heavy_shuffled,"[150, 30, 50, 40, 80]",0,0.0,1
newsqa,9,08b8fd7f109845eda0ffb6868479f8c2,5,top_heavy_shuffled,"[30, 40, 150, 50, 80]",0,0.0,0
newsqa,10,ddc318071f01453ab87ceebe18062971,5,top_heavy_shuffled,"[150, 40, 80, 30, 50]",0,0.0,1
newsqa,11,b33e0d818b364b87878b747b09987f28,5,top_heavy_shuffled,"[80, 40, 50, 30, 150]",0,0.0909090909090909,1
newsqa,12,629ca0ba60d84e678789916c527e5e74,5,top_heavy_shuffled,"[50, 150, 40, 30, 80]",0,0.0,1
newsqa,13,dc5438680eeb4547b962a6d05a58125d,5,top_heavy_shuffled,"[50, 150, 80, 40, 30]",0,0.0,1
newsqa,14,2ea97cfbe22340cdabec8b67b75b0f0e,5,top_heavy_shuffled,"[150, 30, 80, 40, 50]",1,1.0,1
newsqa,15,dc27edf1253345dabb1ae19ef7d8a829,5,top_heavy_shuffled,"[80, 50, 30, 40, 150]",1,1.0,1
newsqa,16,c3ec8eaa57d0418da0c66d7ad83761b3,5,top_heavy_shuffled,"[80, 50, 150, 40, 30]",0,0.0,1
newsqa,17,f22c94617c404f388ea469654e9a580f,5,top_heavy_shuffled,"[30, 50, 150, 80, 40]",0,0.2857142857142857,1
newsqa,18,2c9d87584b86413d86f28eb40a1af7cf,5,top_heavy_shuffled,"[50, 40, 30, 80, 150]",0,0.16666666666666669,1
newsqa,19,49af423e020444c999bdbdaa7cc573bd,5,top_heavy_shuffled,"[80, 40, 150, 50, 30]",0,0.0,1
newsqa,20,a2f796f7536947518cb11c541c564c83,5,top_heavy_shuffled,"[80, 30, 150, 50, 40]",0,0.0,1
newsqa,21,70ff5cd057104a24a7de546f6a0a93e2,5,top_heavy_shuffled,"[50, 150, 80, 30, 40]",1,1.0,1
newsqa,22,bb0bceec8bca491db5c90c3962960eea,5,top_heavy_shuffled,"[50, 80, 30, 150, 40]",1,1.0,1
newsqa,23,4790b60660da497bb390ed9bc5996973,5,top_heavy_shuffled,"[30, 50, 40, 150, 80]",0,0.0,1
newsqa,24,092f821b8fd243efb2bfd2f200cb99ee,5,top_heavy_shuffled,"[50, 30, 80, 150, 40]",0,0.0,0
newsqa,25,e21128d6906243a58807600c9e0744b4,5,top_heavy_shuffled,"[150, 30, 80, 40, 50]",0,0.10526315789473684,0
newsqa,26,b612d7f272cd452dab8379571e41f3dd,5,top_heavy_shuffled,"[150, 80, 30, 50, 40]",1,1.0,1
newsqa,27,40f708bf9a744a90b62edfb3b44ad9cf,5,top_heavy_shuffled,"[50, 150, 40, 30, 80]",0,0.0,0
newsqa,28,b5b3c4c6f37c4de3907df3b82c13a2d7,5,top_heavy_shuffled,"[80, 150, 30, 50, 40]",0,0.0,1
newsqa,29,ebe6da22787d42bab5690387505c2674,5,top_heavy_shuffled,"[80, 40, 50, 30, 150]",0,0.0,0
newsqa,30,74953752801446a2abe6b330ce63c179,5,top_heavy_shuffled,"[40, 30, 50, 150, 80]",0,0.0,0
newsqa,31,ed2ba8953b6a49bb8f961969603a956f,5,top_heavy_shuffled,"[30, 80, 50, 40, 150]",1,1.0,1
newsqa,32,d468e9a904314a5a92582bcfcc7b7635,5,top_heavy_shuffled,"[150, 80, 40, 30, 50]",0,0.0,1
newsqa,33,59c97e698fe0492890ba2dec20b8ff97,5,top_heavy_shuffled,"[50, 30, 80, 150, 40]",0,0.0,0
newsqa,34,c00bac5c39534761b85d1adeea7bdd23,5,top_heavy_shuffled,"[40, 30, 50, 150, 80]",1,1.0,1
newsqa,35,625274d8050f451ebd131104306237c1,5,top_heavy_shuffled,"[30, 40, 50, 150, 80]",0,0.0,1
newsqa,36,64215d84427e4d709e2914e76df055c5,5,top_heavy_shuffled,"[50, 40, 30, 150, 80]",0,0.0,1
newsqa,37,5464eecea5074ee49a1f281e3855f2d1,5,top_heavy_shuffled,"[50, 150, 40, 80, 30]",0,0.6153846153846154,1
newsqa,38,f4e61efd586744d9941da1aea777b7d7,5,top_heavy_shuffled,"[40, 50, 80, 30, 150]",0,0.0,1
newsqa,39,e89b8741115d4a248603dde70032bccd,5,top_heavy_shuffled,"[40, 30, 80, 150, 50]",1,1.0,1
newsqa,40,4dd31c6180e64c4eb59983819779cf2c,5,top_heavy_shuffled,"[150, 80, 40, 30, 50]",0,0.6666666666666666,1
newsqa,41,1bf26f3035ec45e5874eb0de76a8d903,5,top_heavy_shuffled,"[40, 50, 30, 80, 150]",0,0.14285714285714288,1
newsqa,42,f86df4ac102d4a058ac5a346fed44de9,5,top_heavy_shuffled,"[50, 80, 150, 30, 40]",0,0.0,1
newsqa,43,ace17f51ddc44d7db28c05c44bc5d658,5,top_heavy_shuffled,"[30, 150, 80, 40, 50]",1,1.0,1
newsqa,44,e2c278dfb89b444389ac7fa574c14697,5,top_heavy_shuffled,"[150, 40, 30, 80, 50]",0,0.0,1
newsqa,45,9b01a7aac7fb40979eccbed5da004372,5,top_heavy_shuffled,"[40, 30, 80, 150, 50]",0,0.0,0
newsqa,46,6778d6c630a84294a6dd81fbfabf9177,5,top_heavy_shuffled,"[30, 150, 40, 50, 80]",0,0.0,0
newsqa,47,35190f405eb4417497a797f137fb3f1b,5,top_heavy_shuffled,"[50, 150, 30, 80, 40]",1,1.0,1
newsqa,48,a5d866dd01974343ba3475ba0ca2387c,5,top_heavy_shuffled,"[80, 150, 50, 40, 30]",0,0.6666666666666666,1
newsqa,49,34a877cef8f4456197484f09d1643e87,5,top_heavy_shuffled,"[40, 30, 150, 80, 50]",0,0.6666666666666666,1
newsqa,50,f87ac51d4db74ff7b51a4c5ea00723e8,5,top_heavy_shuffled,"[40, 50, 30, 80, 150]",0,0.0,0
newsqa,51,9bb1b01620ea4ed28be3d13447145272,5,top_heavy_shuffled,"[30, 50, 150, 40, 80]",0,0.0,1
newsqa,52,68b7a9d693f84289b1d8cca76c5daf3b,5,top_heavy_shuffled,"[80, 50, 40, 30, 150]",1,1.0,1
newsqa,53,413339d30cc447a884eb601571769b06,5,top_heavy_shuffled,"[150, 80, 50, 30, 40]",0,0.0,1
newsqa,54,b0d97074e304423bab66769456c4890d,5,top_heavy_shuffled,"[80, 50, 40, 150, 30]",0,0.0,1
newsqa,55,9827d6f7626d46c188fc893ff0e12fd9,5,top_heavy_shuffled,"[30, 80, 40, 50, 150]",0,0.1904761904761905,1
newsqa,56,3750487af26c40af96cb49550876a52a,5,top_heavy_shuffled,"[150, 40, 80, 50, 30]",0,0.0,0
newsqa,57,5010c8ecc7584e2d86bbb2ab8acfa878,5,top_heavy_shuffled,"[50, 150, 80, 40, 30]",0,0.2,1
newsqa,58,c5b80b9f943d4bd3b11c84700bff495f,5,top_heavy_shuffled,"[150, 30, 40, 80, 50]",1,1.0,1
newsqa,59,7bfe3ee0862a4bdbb5e06b894cfefd29,5,top_heavy_shuffled,"[30, 150, 40, 50, 80]",0,0.15384615384615385,1
newsqa,60,d7f9ec97994d42c3bf9dfc7e853a3d66,5,top_heavy_shuffled,"[30, 150, 50, 40, 80]",0,0.0,1
newsqa,61,dc530a1b42fc45af9b9112f391db3504,5,top_heavy_shuffled,"[150, 50, 80, 30, 40]",0,0.5,1
newsqa,62,6d8f6111e0f2484f961308f6dc5270b3,5,top_heavy_shuffled,"[50, 30, 150, 40, 80]",0,0.0,1
newsqa,63,ef32addb3b9b4c8ab122fd787122a657,5,top_heavy_shuffled,"[80, 40, 50, 30, 150]",0,0.6666666666666666,1
newsqa,64,79e87ee729dd4f40b1492c9d24d26541,5,top_heavy_shuffled,"[150, 30, 40, 80, 50]",0,0.0,1
newsqa,65,94b8ba1c855e4789a90cd5692ee3e710,5,top_heavy_shuffled,"[50, 30, 150, 80, 40]",1,1.0,1
newsqa,66,7de2c568942c4160a93c7c80f264030f,5,top_heavy_shuffled,"[30, 50, 40, 150, 80]",0,0.0,0
newsqa,67,eeef45fe8f664128b6f49991e5695c3e,5,top_heavy_shuffled,"[150, 80, 50, 30, 40]",0,0.0,0
newsqa,68,fb575e95e21843f9bc7ab8acdde72ee7,5,top_heavy_shuffled,"[40, 30, 150, 80, 50]",0,0.09523809523809523,1
newsqa,69,0ae51cad51b340cb9ce156a667e11a5e,5,top_heavy_shuffled,"[50, 150, 40, 30, 80]",0,0.0,0
newsqa,70,2e3e4e90adb64e86bf0e6ccf5499126b,5,top_heavy_shuffled,"[40, 50, 80, 150, 30]",0,0.5,1
newsqa,71,8b49dc87c93b45c48eb62e4a0b8ac604,5,top_heavy_shuffled,"[30, 40, 150, 50, 80]",0,0.2857142857142857,1
newsqa,72,dafae23b13b148619784124572b26008,5,top_heavy_shuffled,"[40, 150, 80, 30, 50]",0,0.2857142857142857,1
newsqa,73,054d98807bed447f896aaa343005bb89,5,top_heavy_shuffled,"[30, 50, 150, 40, 80]",0,0.6666666666666666,1
newsqa,74,fee6642b071a46e9b1a005d63b58a98c,5,top_heavy_shuffled,"[50, 150, 80, 30, 40]",0,0.0,1
newsqa,75,ae35f52b8069416da505e192383e1cab,5,top_heavy_shuffled,"[150, 50, 80, 30, 40]",0,0.0,1
newsqa,76,21976ca866684313b86aa9450c61406c,5,top_heavy_shuffled,"[80, 50, 30, 40, 150]",0,0.0,1
newsqa,77,bfa3a133f4fc48eda18b7464dddc5e70,5,top_heavy_shuffled,"[80, 30, 150, 50, 40]",0,0.0,1
newsqa,78,8809bd64552f4f7aa8f53f493602ceae,5,top_heavy_shuffled,"[30, 80, 50, 40, 150]",1,1.0,1
newsqa,79,4e6de19d338a44b6bd4bbaec2c3c0635,5,top_heavy_shuffled,"[30, 150, 40, 50, 80]",1,1.0,1
newsqa,80,121d9ead9e87477baedf4605be92bbf7,5,top_heavy_shuffled,"[50, 80, 150, 30, 40]",0,0.0,1
newsqa,81,96478949a8214ae4bd74130d64466203,5,top_heavy_shuffled,"[30, 40, 150, 80, 50]",0,0.06666666666666667,1
newsqa,82,e2bc1abc94f141399b0b004676f84171,5,top_heavy_shuffled,"[40, 30, 50, 80, 150]",0,0.8,1
newsqa,83,a018ca4c1e8e4a44b48188655383c8a5,5,top_heavy_shuffled,"[30, 80, 40, 150, 50]",0,0.25,1
newsqa,84,2c175bdf51494ae1a97be4ed1a365825,5,top_heavy_shuffled,"[40, 80, 50, 150, 30]",1,1.0,1
newsqa,85,916d57f6183b4c52999933fe394cae6e,5,top_heavy_shuffled,"[50, 80, 40, 150, 30]",0,0.0,1
newsqa,86,2324b8d221fa41d58267b515b1a1109a,5,top_heavy_shuffled,"[40, 150, 80, 30, 50]",0,0.0,1
newsqa,87,c0d3770ca41e4463958dca0c88ce3979,5,top_heavy_shuffled,"[150, 30, 80, 40, 50]",0,0.0,1
newsqa,88,68ac44d7d9e24aee8fcaa91e0f364062,5,top_heavy_shuffled,"[30, 40, 150, 50, 80]",0,0.06666666666666668,1
newsqa,89,f6ea20f22a394788814a7b4374246cf9,5,top_heavy_shuffled,"[50, 150, 30, 80, 40]",0,0.4444444444444445,1
newsqa,90,5f53831743434c24b29ed9b858d87e4b,5,top_heavy_shuffled,"[40, 80, 50, 150, 30]",0,0.888888888888889,1
newsqa,91,20c6639f94d24a91ac79c15024fcd5f7,5,top_heavy_shuffled,"[40, 30, 150, 80, 50]",0,0.4,1
newsqa,92,6c6f0f2b83e546e39bc40d37b0ee9975,5,top_heavy_shuffled,"[80, 40, 30, 50, 150]",1,1.0,1
newsqa,93,a1b8855de6ff4bf2b8afc5942486e88c,5,top_heavy_shuffled,"[50, 80, 30, 40, 150]",0,0.0,0
newsqa,94,986fec610e0e4bf9bb3de6be1fa0356e,5,top_heavy_shuffled,"[80, 50, 150, 40, 30]",0,0.0,0
newsqa,95,ce5d0f11b9664510a27bf3c483792f13,5,top_heavy_shuffled,"[150, 80, 40, 30, 50]",1,1.0,1
newsqa,96,3f092922c6854e3f8bdf22cc50cf71a9,5,top_heavy_shuffled,"[30, 150, 40, 80, 50]",1,1.0,1
newsqa,97,811785fb9d684ccd9577541cd4c94555,5,top_heavy_shuffled,"[40, 80, 30, 150, 50]",0,0.0,1
newsqa,98,66d0e7da123d49fd8f8016dc27775052,5,top_heavy_shuffled,"[40, 50, 150, 80, 30]",1,1.0,1
newsqa,99,1646e87aca7b4f078ae816044f0f5955,5,top_heavy_shuffled,"[30, 80, 50, 40, 150]",1,1.0,1
newsqa,100,d2747da8e1e1416cb057ee8651131dd8,5,top_heavy_shuffled,"[80, 40, 30, 50, 150]",0,0.12903225806451613,1
newsqa,101,8834ade537ca4faca9fb3bdd7efcb88b,5,top_heavy_shuffled,"[50, 40, 80, 30, 150]",1,1.0,1
newsqa,102,81a06cc7f0ed45fba03d40062246bf0f,5,top_heavy_shuffled,"[30, 150, 50, 40, 80]",0,0.2857142857142857,1
newsqa,103,9f8bb4dd263246dbac8f331f745d2e5a,5,top_heavy_shuffled,"[40, 30, 150, 80, 50]",0,0.0,1
newsqa,104,d0940d4e2f8b4c23817a178bf3f2ee85,5,top_heavy_shuffled,"[30, 40, 80, 150, 50]",0,0.0,0
newsqa,105,62b2d8702439498197acee357c30a8bd,5,top_heavy_shuffled,"[50, 80, 40, 150, 30]",0,0.05405405405405406,0
newsqa,106,1fcf01709c0b404da2b3024ac0a02eb0,5,top_heavy_shuffled,"[30, 40, 80, 150, 50]",0,0.11764705882352941,0
newsqa,107,f299e2d5b4264decb2fd2ab4d6a53c2d,5,top_heavy_shuffled,"[40, 30, 50, 80, 150]",0,0.0,0
newsqa,108,ecba8f966e03447a940cfff69f9ba8e1,5,top_heavy_shuffled,"[80, 40, 30, 50, 150]",1,1.0,1
newsqa,109,077524326f6a4e53a728f5341e89f79c,5,top_heavy_shuffled,"[80, 50, 30, 40, 150]",0,0.0,1
newsqa,110,18cbdcbef93544acac9407596569a64f,5,top_heavy_shuffled,"[150, 40, 50, 30, 80]",0,0.0,1
newsqa,111,afc8672a21f441369ab4b0ffb8532c21,5,top_heavy_shuffled,"[40, 30, 150, 50, 80]",0,0.72,1
newsqa,112,c64f2789544c45c8bf9dceebb35cfa53,5,top_heavy_shuffled,"[30, 80, 50, 150, 40]",0,0.0,0
newsqa,113,c2bf5fa95d404050b8f86692d9100be0,5,top_heavy_shuffled,"[50, 150, 30, 40, 80]",0,0.0,1
newsqa,114,ff5f25fc4c9b4354b49fc603df373ee0,5,top_heavy_shuffled,"[50, 40, 150, 80, 30]",0,0.0,1
newsqa,115,d83aff530fd447b49138953308883ac2,5,top_heavy_shuffled,"[30, 40, 50, 80, 150]",0,0.0,0
newsqa,116,5b7387ec945d47b8b624c2b55b6a80c1,5,top_heavy_shuffled,"[50, 150, 80, 40, 30]",0,0.0,1
newsqa,117,987b4118a9304f2f8193ab27a36b0489,5,top_heavy_shuffled,"[30, 50, 150, 80, 40]",0,0.5333333333333333,1
newsqa,118,da630eb21dea4abe920e8253d4fd6a34,5,top_heavy_shuffled,"[50, 30, 150, 80, 40]",0,0.27586206896551724,1
newsqa,119,1cfc4441a86445fab7952656df2d64a0,5,top_heavy_shuffled,"[30, 150, 50, 80, 40]",0,0.0,1
newsqa,120,5cac964bb57446e39b0f58d6043c12d7,5,top_heavy_shuffled,"[50, 40, 80, 30, 150]",1,1.0,1
newsqa,121,30cbead889fc4c0783a1afd652cfb163,5,top_heavy_shuffled,"[50, 30, 150, 80, 40]",0,0.6666666666666666,1
newsqa,122,d7eb4ea422a0440ab1a2ea0d9a313198,5,top_heavy_shuffled,"[50, 150, 80, 40, 30]",0,0.0,1
newsqa,123,c8c3c9f350c5469da18f367a6a250097,5,top_heavy_shuffled,"[30, 50, 80, 40, 150]",0,0.0,0
newsqa,124,b47d1c59552a453ba57c2121f029242d,5,top_heavy_shuffled,"[30, 150, 40, 50, 80]",0,0.0,1
newsqa,125,29b82a59344f4d38854c476a31827ba7,5,top_heavy_shuffled,"[50, 30, 40, 150, 80]",0,0.1111111111111111,0
newsqa,126,9a0b3de216b6498699f9a1745ef51447,5,top_heavy_shuffled,"[150, 40, 30, 50, 80]",0,0.4444444444444445,1
newsqa,127,f126e81901054b3ba5fb4ce920b1df38,5,top_heavy_shuffled,"[80, 50, 40, 30, 150]",1,1.0,1
newsqa,128,0a8eff0d1b134de888817e44d2e889b1,5,top_heavy_shuffled,"[40, 80, 50, 30, 150]",0,0.32558139534883723,1
newsqa,129,054b7315353146d4b0ad624514005ef2,5,top_heavy_shuffled,"[40, 80, 150, 30, 50]",1,1.0,1
newsqa,130,f4ef4313787d49d7851ad2a6c66cf163,5,top_heavy_shuffled,"[80, 50, 30, 40, 150]",0,0.6666666666666666,1
newsqa,131,e3602ad5a2864891955a696e59594e76,5,top_heavy_shuffled,"[80, 150, 30, 40, 50]",0,0.0,1
newsqa,132,2a9c56b5a5ae43b78f7f7d9dccdca491,5,top_heavy_shuffled,"[150, 50, 80, 30, 40]",1,1.0,1
newsqa,133,4fc9afe35d8c4cdf8115fe9faf6ac96a,5,top_heavy_shuffled,"[40, 150, 30, 50, 80]",1,1.0,1
newsqa,134,065ce886fe8c41088ba6b71c82ab6229,5,top_heavy_shuffled,"[40, 50, 80, 150, 30]",0,0.0,1
newsqa,135,928063d9906145b6b83392f5068efb4f,5,top_heavy_shuffled,"[150, 50, 80, 30, 40]",0,0.0,0
newsqa,136,455324ce37fa42c8af627f9f832cfb24,5,top_heavy_shuffled,"[40, 30, 50, 150, 80]",0,0.0,0
newsqa,137,1af7aafeb2e24d348d72b7559a2ce754,5,top_heavy_shuffled,"[40, 80, 50, 150, 30]",0,0.8235294117647058,1
newsqa,138,c4c3e45a17884ef78442ed584e442741,5,top_heavy_shuffled,"[30, 80, 50, 150, 40]",1,1.0,1
newsqa,139,2e7792c3711b4a139cf99e7dec1b7e26,5,top_heavy_shuffled,"[30, 80, 40, 50, 150]",0,0.0,1
newsqa,140,8d3d4915ed104234bca2e7e8eb591d6e,5,top_heavy_shuffled,"[50, 30, 40, 150, 80]",0,0.2666666666666667,1
newsqa,141,7876cd87c6e845f484f841d243a021a0,5,top_heavy_shuffled,"[150, 30, 50, 40, 80]",0,0.4,1
newsqa,142,faca8fa5d6724e3f95ea8550bbb1a3c8,5,top_heavy_shuffled,"[30, 150, 50, 80, 40]",1,1.0,1
newsqa,143,76c6e9ef00884f509bc625e25b15cc85,5,top_heavy_shuffled,"[80, 40, 30, 150, 50]",1,1.0,1
newsqa,144,0db9e6fa3f21435996d0bf1e3b3f8adb,5,top_heavy_shuffled,"[50, 40, 80, 30, 150]",1,1.0,1
newsqa,145,ca61917ae999408c84f855c26dc48c68,5,top_heavy_shuffled,"[80, 40, 30, 150, 50]",0,0.0,0
newsqa,146,c6d27c29d4774501b4f046af3bb83dfd,5,top_heavy_shuffled,"[30, 50, 40, 80, 150]",0,0.0,0
newsqa,147,8da0d6902cab4114b140672981c41ece,5,top_heavy_shuffled,"[80, 40, 150, 50, 30]",0,0.0,1
newsqa,148,d809c82de0cc41a391a8476fbedc4638,5,top_heavy_shuffled,"[80, 50, 150, 30, 40]",0,0.09523809523809523,1
newsqa,149,6a9dae85ef8448b88947f67b7368cd84,5,top_heavy_shuffled,"[150, 80, 50, 30, 40]",0,0.0,1
newsqa,150,62ccc3554230408fb85b346dedaeffa9,5,top_heavy_shuffled,"[150, 50, 30, 40, 80]",0,0.0,1
newsqa,151,9724aa5ceb194973a23f99d088987015,5,top_heavy_shuffled,"[30, 50, 40, 150, 80]",1,1.0,1
newsqa,152,8c513011d82543469328cb90f190d67c,5,top_heavy_shuffled,"[50, 80, 30, 150, 40]",0,0.0,0
newsqa,153,352bbdac5d414a65a714e30a0fd97f42,5,top_heavy_shuffled,"[40, 150, 30, 80, 50]",0,0.14285714285714288,1
newsqa,154,c46c0d1751554ccea747cb3825bdbe66,5,top_heavy_shuffled,"[30, 50, 150, 40, 80]",0,0.0,0
newsqa,155,1b99dffb92c14a838fdb91967645cbf0,5,top_heavy_shuffled,"[30, 40, 150, 80, 50]",0,0.0,1
newsqa,156,fe231269e136464c857e4cedaa8a523e,5,top_heavy_shuffled,"[80, 40, 30, 50, 150]",1,1.0,0
newsqa,157,b7ccf71e49054da2a836cbd7dcca51ae,5,top_heavy_shuffled,"[50, 30, 40, 150, 80]",0,0.0,0
newsqa,158,c5d1601dece84ce895260d42931118c3,5,top_heavy_shuffled,"[80, 50, 40, 150, 30]",0,0.0,0
newsqa,159,c6e9bca537a64d47a1f219d04aa484cf,5,top_heavy_shuffled,"[80, 40, 150, 30, 50]",0,0.0,0
newsqa,160,19174950ad6b4759929f41cb2aa6b979,5,top_heavy_shuffled,"[40, 50, 150, 80, 30]",0,0.0,0
newsqa,161,08e1f398fc554a2b9cc745c89b8ddd1c,5,top_heavy_shuffled,"[50, 80, 150, 30, 40]",0,0.06060606060606061,1
newsqa,162,4e8ac0b2d2c448099dea09b0b88032b6,5,top_heavy_shuffled,"[30, 150, 50, 80, 40]",0,0.33333333333333337,1
newsqa,163,ba68aac128784f47a20eafdb4fa84627,5,top_heavy_shuffled,"[50, 30, 150, 40, 80]",1,1.0,1
newsqa,164,9b6a4b25c0cf41d89f69fab7e636d836,5,top_heavy_shuffled,"[40, 30, 80, 50, 150]",1,1.0,1
newsqa,165,851dc215cd4f478ea5bc5be433bb650b,5,top_heavy_shuffled,"[40, 30, 80, 50, 150]",0,0.32,1
newsqa,166,73df4341944b4832a7110492fec95939,5,top_heavy_shuffled,"[40, 150, 80, 50, 30]",1,1.0,1
newsqa,167,82498b7e764c4a77ae54de9e49a211ce,5,top_heavy_shuffled,"[150, 30, 50, 40, 80]",0,0.5,1
newsqa,168,d12c3c9ff7254b76a83a3c702e0f1411,5,top_heavy_shuffled,"[30, 80, 150, 40, 50]",1,1.0,1
newsqa,169,9b5c249c46644e04a2d28d98bac5f951,5,top_heavy_shuffled,"[40, 30, 150, 80, 50]",0,0.0,0
newsqa,170,b31c60bda086454a900948cde75eb053,5,top_heavy_shuffled,"[80, 50, 30, 150, 40]",1,1.0,1
newsqa,171,68ea789496074f56878ceddf5f0bb6c0,5,top_heavy_shuffled,"[50, 150, 40, 30, 80]",0,0.0,0
newsqa,172,2fbb04100c444abda7f972b3c7ca55b9,5,top_heavy_shuffled,"[80, 40, 30, 50, 150]",0,0.7142857142857143,1
newsqa,173,ff83ee0ffed94025b218bc5444b14880,5,top_heavy_shuffled,"[40, 30, 50, 150, 80]",0,0.0,0
newsqa,174,811443af769846bd88db9031899cf838,5,top_heavy_shuffled,"[50, 40, 80, 30, 150]",0,0.0,1
newsqa,175,2737e76f68ed4c889e75300d5d707fbb,5,top_heavy_shuffled,"[50, 150, 40, 30, 80]",0,0.08695652173913045,1
newsqa,176,5c48b89357aa48fd8a1aafaeabe73c4c,5,top_heavy_shuffled,"[30, 50, 80, 150, 40]",0,0.888888888888889,1
newsqa,177,57b5639ab5b441d9956c8bb4d17cf3e2,5,top_heavy_shuffled,"[30, 50, 80, 40, 150]",1,1.0,1
newsqa,178,b7f2e1ae39b54396b93b90189b8ef3da,5,top_heavy_shuffled,"[40, 30, 50, 80, 150]",0,0.0,1
newsqa,179,ed32ea00d52a492b93ce00ce06b93f4a,5,top_heavy_shuffled,"[80, 30, 50, 150, 40]",1,1.0,1
newsqa,180,45e285d6497d478b835ec6f97fe0edb8,5,top_heavy_shuffled,"[40, 80, 30, 150, 50]",0,0.5,1
newsqa,181,287086d87ca540629ea9a5d1f3e42827,5,top_heavy_shuffled,"[30, 40, 150, 50, 80]",0,0.0,0
newsqa,182,66671cea0dee4e95ace4c4ccbdcc094b,5,top_heavy_shuffled,"[30, 80, 50, 150, 40]",0,0.05714285714285715,0
newsqa,183,1c3202898a2340d8b9ee33b3d2feb483,5,top_heavy_shuffled,"[40, 150, 30, 80, 50]",1,1.0,1
newsqa,184,b91f7ce859194bf3a952f9948618cfaf,5,top_heavy_shuffled,"[40, 150, 30, 80, 50]",0,0.0,0
newsqa,185,8da9a487491d4861815c860882b46f1b,5,top_heavy_shuffled,"[150, 40, 30, 50, 80]",1,1.0,1
newsqa,186,b0bc5b996f8c43a4a27f7a0a92100227,5,top_heavy_shuffled,"[30, 50, 150, 40, 80]",0,0.0,0
newsqa,187,b3d3a7f3fd00419c896e03a2dd70c2eb,5,top_heavy_shuffled,"[150, 30, 50, 40, 80]",0,0.0,0
newsqa,188,9723fcbfda3b41f1a2928a72b5614b05,5,top_heavy_shuffled,"[150, 80, 40, 50, 30]",0,0.0,0
newsqa,189,354948edd4c94ed49d3c744a8213b0e4,5,top_heavy_shuffled,"[150, 40, 30, 80, 50]",0,0.0,0
newsqa,190,06ad4f09434a47e7a9563d96bde0e71f,5,top_heavy_shuffled,"[50, 30, 150, 40, 80]",0,0.7804878048780487,1
newsqa,191,9ed3661a6d2945fbb92425ece8bc177e,5,top_heavy_shuffled,"[40, 30, 80, 150, 50]",0,0.0,0
newsqa,192,ef60d03b67d34a1190d04693fee8767f,5,top_heavy_shuffled,"[150, 80, 40, 50, 30]",0,0.0,0
newsqa,193,63fc6e7a70aa4d60a8cab579a90afb9e,5,top_heavy_shuffled,"[50, 40, 150, 30, 80]",0,0.0,1
newsqa,194,8c780963994f44c7835580cb22bc2fdc,5,top_heavy_shuffled,"[40, 80, 30, 50, 150]",0,0.6923076923076924,1
newsqa,195,60f332bc68e64d8680e179e359b0d6fa,5,top_heavy_shuffled,"[80, 50, 30, 150, 40]",0,0.0,1
newsqa,196,69e712f057644faf86a9688a85a2deee,5,top_heavy_shuffled,"[150, 30, 80, 50, 40]",1,1.0,1
newsqa,197,1a4a586dd10143f3a68247ae4c535713,5,top_heavy_shuffled,"[40, 150, 30, 50, 80]",1,1.0,1
newsqa,198,ba52569b388b4b339129a0277c7eb2e8,5,top_heavy_shuffled,"[50, 80, 150, 40, 30]",1,1.0,1
newsqa,199,a5c81a5e5d3c42d089cd98f0b556de2f,5,top_heavy_shuffled,"[150, 30, 50, 40, 80]",0,0.0,0
newsqa,200,0af880e8558a4fc3afbc9a8a25d081fd,5,top_heavy_shuffled,"[50, 40, 30, 150, 80]",0,0.4,1
newsqa,201,073515a682484ceaac87a83d1ab38a06,5,top_heavy_shuffled,"[150, 80, 30, 50, 40]",0,0.23529411764705885,1
newsqa,202,36ab12ff07cf46ed9af03891964f20de,5,top_heavy_shuffled,"[50, 80, 40, 30, 150]",0,0.0,1
newsqa,203,b189954307e7414b9d81ad99c7b730bf,5,top_heavy_shuffled,"[30, 80, 40, 50, 150]",0,0.3,1
newsqa,204,37c0ef1f9eb3412594ff30f21611b882,5,top_heavy_shuffled,"[80, 40, 150, 50, 30]",0,0.0,0
newsqa,205,dc27c4c56b014020bd9e8a799860b06e,5,top_heavy_shuffled,"[50, 150, 30, 40, 80]",1,1.0,1
newsqa,206,aa9da743626a453780aaaf56e7816508,5,top_heavy_shuffled,"[40, 80, 50, 30, 150]",0,0.0,0
newsqa,207,5b94852dff984b19bf8264cd8bc1caa3,5,top_heavy_shuffled,"[150, 30, 50, 80, 40]",0,0.0,1
newsqa,208,980522a80742433e96b144a86fd2ddce,5,top_heavy_shuffled,"[80, 30, 150, 40, 50]",0,0.0,0
newsqa,209,c5fc7fc4522b43b7a0802acbd3963efd,5,top_heavy_shuffled,"[80, 30, 40, 50, 150]",1,1.0,1
newsqa,210,7374f521a2854922b8f6f8890ecda23d,5,top_heavy_shuffled,"[50, 30, 80, 150, 40]",0,0.2666666666666667,1
newsqa,211,29cd58ae62e94dc4b7315ce4b50010ef,5,top_heavy_shuffled,"[80, 150, 30, 50, 40]",0,0.0,1
newsqa,212,5fcc6fb126e14d65ba4d0d86bb28a8be,5,top_heavy_shuffled,"[40, 150, 50, 30, 80]",0,0.0,1
newsqa,213,2b41e95bcc554f69b8d594bc3d05bf1a,5,top_heavy_shuffled,"[50, 30, 40, 150, 80]",0,0.07142857142857142,1
newsqa,214,8ae5ae5b607b4dbc86f7da5147a095c7,5,top_heavy_shuffled,"[30, 40, 80, 50, 150]",0,0.0,0
newsqa,215,fc7d87cd43814b8db5d9bcc43cba1da3,5,top_heavy_shuffled,"[40, 80, 50, 30, 150]",1,1.0,1
newsqa,216,0338d7711b1646d6be2b815c279cff54,5,top_heavy_shuffled,"[30, 50, 40, 80, 150]",0,0.0,1
newsqa,217,dcb53cda7e6144fca04963ac7581bcdd,5,top_heavy_shuffled,"[80, 50, 30, 40, 150]",0,0.0,1
newsqa,218,ecccb9b15eb3413d8f3a5ad8d8983716,5,top_heavy_shuffled,"[80, 40, 150, 50, 30]",0,0.0,0
newsqa,219,fa3b764edd7a4c44be5b8921112e8bf6,5,top_heavy_shuffled,"[80, 40, 30, 50, 150]",0,0.0,0
newsqa,220,493624c8263b40ec97c127e45b45d5c1,5,top_heavy_shuffled,"[30, 150, 80, 50, 40]",0,0.0,0
newsqa,221,ebee9fdad5b64bab83267a364ea4d10b,5,top_heavy_shuffled,"[50, 80, 30, 150, 40]",0,0.5714285714285715,1
newsqa,222,1fd96469f9a24b37814917f25f8060f2,5,top_heavy_shuffled,"[80, 150, 50, 40, 30]",1,1.0,0
newsqa,223,f97696deb9704d2f8ae5834f9fcdd88c,5,top_heavy_shuffled,"[50, 150, 30, 40, 80]",0,0.4,1
newsqa,224,da54c67b92b74a2c91d2227d09a41438,5,top_heavy_shuffled,"[50, 150, 80, 30, 40]",0,0.0,1
newsqa,225,1416c66b2eb543aea04972d5780b31d6,5,top_heavy_shuffled,"[40, 80, 30, 50, 150]",0,0.0,0
newsqa,226,ec0a4212a5df47f682fbba53188e7af8,5,top_heavy_shuffled,"[30, 150, 80, 50, 40]",0,0.0,0
newsqa,227,856b14030ac342bb979ca5091377cff0,5,top_heavy_shuffled,"[80, 30, 150, 40, 50]",0,0.0,0
newsqa,228,58c9a110235b4879950e679babb53318,5,top_heavy_shuffled,"[50, 80, 30, 150, 40]",0,0.0,1
newsqa,229,eff7102be794409081a5e3b3ef3c9518,5,top_heavy_shuffled,"[40, 50, 80, 150, 30]",0,0.0,1
newsqa,230,99331d54ed084ccf98837531ede526e3,5,top_heavy_shuffled,"[30, 80, 40, 50, 150]",0,0.25,0
newsqa,231,400ab40069334ea6a12b1085941a9880,5,top_heavy_shuffled,"[50, 30, 40, 80, 150]",0,0.5,1
newsqa,232,9f1d761a46c64578849ff7408c6351b2,5,top_heavy_shuffled,"[150, 30, 40, 80, 50]",0,0.2857142857142857,1
newsqa,233,241f5227a1124be591341cf33b2ecb2f,5,top_heavy_shuffled,"[50, 30, 150, 80, 40]",0,0.8571428571428571,1
newsqa,234,4f05dc53dcc24ed1a59fdd5d950966d0,5,top_heavy_shuffled,"[80, 50, 40, 150, 30]",0,0.0,0
newsqa,235,e1dac33266d048c89894eab0b0dc1c2a,5,top_heavy_shuffled,"[30, 40, 150, 50, 80]",0,0.10526315789473684,1
newsqa,236,ce3ecd44941f4597ae927b61841b860a,5,top_heavy_shuffled,"[80, 40, 30, 50, 150]",0,0.0,1
newsqa,237,d031593cc6f142f6bba7e64ea9224dea,5,top_heavy_shuffled,"[30, 50, 80, 40, 150]",1,1.0,1
newsqa,238,5b5d465a7ab2427485a00f3638543996,5,top_heavy_shuffled,"[150, 40, 80, 30, 50]",0,0.0,1
newsqa,239,53fe1484646648969f42e40f550ab7ef,5,top_heavy_shuffled,"[50, 150, 80, 30, 40]",0,0.6666666666666666,1
newsqa,240,d86c4a3e9c944a5595ffd076817380c9,5,top_heavy_shuffled,"[40, 80, 30, 50, 150]",0,0.8,1
newsqa,241,d847d59c18884a8eaddd5fc55d047799,5,top_heavy_shuffled,"[30, 80, 50, 150, 40]",0,0.0,1
newsqa,242,b5e7dc56ca2e4d68bc9b59696bca7f75,5,top_heavy_shuffled,"[50, 80, 150, 40, 30]",0,0.14814814814814814,1
newsqa,243,bd356a60992b44f7840f99ffc390382c,5,top_heavy_shuffled,"[30, 150, 40, 50, 80]",1,1.0,1
newsqa,244,f8c03f10b27045d89e068c461ea3d69c,5,top_heavy_shuffled,"[40, 80, 50, 150, 30]",0,0.0,1
newsqa,245,f57595f77502405fbe6baf093d8baea0,5,top_heavy_shuffled,"[150, 40, 50, 80, 30]",1,1.0,1
newsqa,246,a697c765c3e74e0cb48088ea3ecdcdb1,5,top_heavy_shuffled,"[80, 30, 40, 150, 50]",0,0.0,1
newsqa,247,57e62137793b4537bb7eb95d44481eb3,5,top_heavy_shuffled,"[40, 30, 50, 150, 80]",0,0.3333333333333333,1
newsqa,248,7cb53bae73d64900a63fde04f93eceea,5,top_heavy_shuffled,"[40, 80, 150, 50, 30]",0,0.0,0
newsqa,249,a8ff7b13f4b943d89f09cf03cbde580a,5,top_heavy_shuffled,"[80, 50, 40, 30, 150]",0,0.0,0
newsqa,250,547765c1158b4a5a8100d6a300aa88b1,5,top_heavy_shuffled,"[50, 40, 150, 80, 30]",0,0.5,1
newsqa,251,31d748672420422aa724d2b6db6b1d18,5,top_heavy_shuffled,"[50, 40, 150, 30, 80]",0,0.0,1
newsqa,252,f8542bff725c4264aaf360ad929a1807,5,top_heavy_shuffled,"[40, 50, 30, 80, 150]",0,0.0,0
newsqa,253,0d56e8c7e4b6449696113a82ec0da19e,5,top_heavy_shuffled,"[40, 80, 150, 50, 30]",0,0.0,1
newsqa,254,0ad40f362389498382471e1f6171f996,5,top_heavy_shuffled,"[30, 40, 50, 80, 150]",0,0.5,1
newsqa,255,9adfdf882a9a4f8bb69b96506ce7471c,5,top_heavy_shuffled,"[150, 50, 40, 80, 30]",1,1.0,1
newsqa,256,63b89182644f454c92026c4ca6747140,5,top_heavy_shuffled,"[50, 80, 40, 150, 30]",0,0.0,0
newsqa,257,62c441cc36584729bc6608d4f56ca4d6,5,top_heavy_shuffled,"[30, 150, 80, 40, 50]",1,1.0,1
newsqa,258,480a34c34b094ac6b071bc658c0da810,5,top_heavy_shuffled,"[150, 30, 80, 50, 40]",0,0.22222222222222224,0
newsqa,259,db571ac79d34404b9a59b62c7fd38c56,5,top_heavy_shuffled,"[40, 150, 30, 80, 50]",0,0.0,1
newsqa,260,9e3b57d9763d4f1da04cc784d5944be2,5,top_heavy_shuffled,"[30, 40, 50, 80, 150]",0,0.0,0
newsqa,261,7594504b380443f6920beb03b1379bd7,5,top_heavy_shuffled,"[30, 40, 80, 50, 150]",0,0.05555555555555555,1
newsqa,262,d0a7880cce6f4bce95aaaf322c41355f,5,top_heavy_shuffled,"[50, 30, 40, 150, 80]",0,0.18181818181818182,1
newsqa,263,bdc7cf3241594e52a3164b489f50370d,5,top_heavy_shuffled,"[30, 40, 50, 80, 150]",1,1.0,1
newsqa,264,d5500a7bfa4d4b1683dc90808707e306,5,top_heavy_shuffled,"[150, 40, 50, 80, 30]",0,0.0,1
newsqa,265,8bf4e9d3157446bd95bbea12227c100b,5,top_heavy_shuffled,"[30, 40, 150, 80, 50]",0,0.5,1
newsqa,266,487cd2a2f5ee49bb96d33d0d56ea6a2b,5,top_heavy_shuffled,"[40, 150, 50, 80, 30]",1,1.0,1
newsqa,267,8fcc1e39bba146a08300eef42c641e71,5,top_heavy_shuffled,"[50, 40, 150, 30, 80]",0,0.0,0
newsqa,268,383db81acf1f476d8aa21be94cc9daa7,5,top_heavy_shuffled,"[50, 150, 30, 80, 40]",1,1.0,1
newsqa,269,3ded2ac8aff04250896711bfc070cd39,5,top_heavy_shuffled,"[50, 80, 30, 150, 40]",0,0.0,0
newsqa,270,fcccb4baf6314a589f6725cf1dc37979,5,top_heavy_shuffled,"[40, 150, 80, 50, 30]",0,0.06896551724137931,0
newsqa,271,3365b3e46e9240dca893042f6f34486f,5,top_heavy_shuffled,"[40, 30, 50, 150, 80]",1,1.0,1
newsqa,272,7f764f3b545744048cf82108c4bb5157,5,top_heavy_shuffled,"[150, 80, 40, 30, 50]",0,0.22222222222222224,0
newsqa,273,ad0e4b1a103d400f9ef4dd6827e215b9,5,top_heavy_shuffled,"[150, 50, 30, 80, 40]",0,0.0,0
newsqa,274,198f769edd5c4bd7b829ffeaa6d595c1,5,top_heavy_shuffled,"[30, 80, 150, 40, 50]",0,0.0,1
newsqa,275,e296d418c6614640b45afe738e0fe7ce,5,top_heavy_shuffled,"[80, 50, 40, 150, 30]",0,0.0,1
newsqa,276,489edeed2f20435b9fc8ab429d160239,5,top_heavy_shuffled,"[150, 50, 30, 40, 80]",0,0.0,1
newsqa,277,b39eac495217430ebe3cfb37878882ee,5,top_heavy_shuffled,"[150, 30, 50, 80, 40]",0,0.0,1
newsqa,278,e772ff7304f54b78a3280763cf427221,5,top_heavy_shuffled,"[40, 80, 150, 50, 30]",0,0.0,0
newsqa,279,d16db94dc08840cb930ce9cf59151bef,5,top_heavy_shuffled,"[30, 40, 50, 80, 150]",0,0.0,1
newsqa,280,92100c8dcef141f69ab22ef3ad13d9d5,5,top_heavy_shuffled,"[80, 150, 30, 40, 50]",0,0.0,1
newsqa,281,11452fbd4fdb40d8bd8f10d24a8087e2,5,top_heavy_shuffled,"[80, 30, 150, 50, 40]",0,0.0,0
newsqa,282,3b8f128366fb4a669715a4b6cfc166cd,5,top_heavy_shuffled,"[80, 40, 30, 50, 150]",0,0.04545454545454545,0
newsqa,283,3dd9a7133b594635ac914a6abccf0e46,5,top_heavy_shuffled,"[30, 40, 50, 80, 150]",0,0.0,1
newsqa,284,f2f07af9f9874dc992ca32c22063ffd4,5,top_heavy_shuffled,"[80, 30, 50, 150, 40]",0,0.0,1
newsqa,285,5ff5d8f1083b442cbf759f1980f8cd15,5,top_heavy_shuffled,"[30, 80, 150, 50, 40]",0,0.0,0
newsqa,286,8047bb5d810b4c2f967c45b876ff4bb8,5,top_heavy_shuffled,"[50, 30, 150, 80, 40]",1,1.0,1
newsqa,287,1e7aa41fe6ff4d048cf6c314eaae526a,5,top_heavy_shuffled,"[40, 30, 50, 80, 150]",0,0.0,0
newsqa,288,32e5e53144904525bdd91c2346ecdc21,5,top_heavy_shuffled,"[40, 150, 50, 80, 30]",0,0.0,1
newsqa,289,3645db7e841f4242ae0b3be674e8bc8a,5,top_heavy_shuffled,"[50, 80, 30, 150, 40]",0,0.4,1
newsqa,290,b344f9c87e2d4e5498338ea56023892c,5,top_heavy_shuffled,"[30, 80, 50, 150, 40]",0,0.8,1
newsqa,291,cae1c72a196e41c0919e17bc003a3a5f,5,top_heavy_shuffled,"[80, 40, 150, 30, 50]",0,0.0,0
newsqa,292,d21a2587e9e64ae08a9243d3f950521b,5,top_heavy_shuffled,"[50, 80, 150, 30, 40]",0,0.0,0
newsqa,293,f8657886cea34216b10630e96b7a2932,5,top_heavy_shuffled,"[40, 30, 80, 50, 150]",1,1.0,1
newsqa,294,14c07142ff80440483ee9fdc0f2d8b06,5,top_heavy_shuffled,"[150, 30, 50, 40, 80]",0,0.0,1
newsqa,295,c1028f19198147868af85aa60943519d,5,top_heavy_shuffled,"[150, 80, 30, 40, 50]",0,0.060606060606060615,0
newsqa,296,c5e69a8c19ec4fadb153de7ed8d06b9f,5,top_heavy_shuffled,"[50, 80, 40, 150, 30]",0,0.6666666666666666,1
newsqa,297,b476d07cc2e747d0bad28a795661540d,5,top_heavy_shuffled,"[150, 80, 40, 30, 50]",0,0.0,0
newsqa,298,ce3ef968a0704a3fa36f7f605ed0031a,5,top_heavy_shuffled,"[150, 30, 80, 40, 50]",0,0.0,0
newsqa,299,5d6dc2b279594850a8ffce1f1b7892aa,5,top_heavy_shuffled,"[40, 50, 150, 30, 80]",0,0.6666666666666666,1
newsqa,300,74518b730d2941859c8fc206f74de46a,5,top_heavy_shuffled,"[150, 40, 80, 30, 50]",0,0.3333333333333333,0
newsqa,301,679586e746bf437fb4372790a38aaa81,5,top_heavy_shuffled,"[30, 40, 150, 50, 80]",0,0.0,1
newsqa,302,5aaeceef16f34275b07bef56b93edddc,5,top_heavy_shuffled,"[80, 50, 30, 40, 150]",0,0.0,1
newsqa,303,cf3bbf5197224180b1a20f44bba8ff58,5,top_heavy_shuffled,"[50, 30, 150, 80, 40]",1,1.0,1
newsqa,304,77581c9e1c504eb6a88f1cc8693a1f7b,5,top_heavy_shuffled,"[80, 50, 150, 30, 40]",0,0.2857142857142857,1
newsqa,305,57c251b6218b4c1094f9dfb9f53f2a21,5,top_heavy_shuffled,"[150, 40, 50, 30, 80]",1,1.0,1
newsqa,306,786e56a75654431f8335c0a57f0e3d3e,5,top_heavy_shuffled,"[40, 50, 150, 80, 30]",1,1.0,1
newsqa,307,e3ece1d381234fa9a9402f702b38c5b5,5,top_heavy_shuffled,"[40, 150, 50, 30, 80]",0,0.0,1
newsqa,308,f5627bd7cf9545e78204161253ca2e8e,5,top_heavy_shuffled,"[150, 80, 40, 50, 30]",0,0.2727272727272727,1
newsqa,309,4f1dcb1b8e9745ddb92444ccacb4b1b8,5,top_heavy_shuffled,"[50, 150, 40, 80, 30]",0,0.6666666666666666,1
newsqa,310,98bbd1deff4143b780e5d123925bdbee,5,top_heavy_shuffled,"[40, 50, 30, 150, 80]",0,0.0,1
newsqa,311,f510e4b92495473db9b86dd2d5b6eb18,5,top_heavy_shuffled,"[40, 50, 30, 80, 150]",1,1.0,1
newsqa,312,7baaa5545ac44114b79c5420d561d85e,5,top_heavy_shuffled,"[30, 40, 150, 80, 50]",0,0.0,1
newsqa,313,143a0df7e66a473ba5804b1c75f56c86,5,top_heavy_shuffled,"[30, 80, 150, 50, 40]",0,0.0,0
newsqa,314,bd0f2b0fc40146edb228ac6be2fd9e5a,5,top_heavy_shuffled,"[40, 50, 30, 150, 80]",0,0.3333333333333333,1
newsqa,315,06bff66d3af04edd808a81c4b0a106a7,5,top_heavy_shuffled,"[30, 150, 40, 50, 80]",1,1.0,1
newsqa,316,cbb5d9c625b74ae1b3426d2a185549c4,5,top_heavy_shuffled,"[30, 80, 150, 40, 50]",0,0.0,0
newsqa,317,3bb0f77a9cbc44fab12fdc8005e69f91,5,top_heavy_shuffled,"[50, 30, 80, 150, 40]",0,0.0,0
newsqa,318,5f24d26d866b410da298cec18f321605,5,top_heavy_shuffled,"[50, 80, 40, 30, 150]",0,0.0,1
newsqa,319,e6bd79cae1cb472c990b5226f2a87152,5,top_heavy_shuffled,"[40, 30, 50, 150, 80]",1,1.0,1
newsqa,320,e111ffbe05e4468c85bfaeceec2ea821,5,top_heavy_shuffled,"[150, 80, 30, 40, 50]",1,1.0,1
newsqa,321,8caeb3cde3074e66af2795f258908f69,5,top_heavy_shuffled,"[80, 50, 150, 30, 40]",0,0.0,1
newsqa,322,f8b5c43adc974d82aaab3f81649ca754,5,top_heavy_shuffled,"[30, 150, 50, 80, 40]",1,1.0,1
newsqa,323,574519a5dbfc4727bd68c1f4f0ad92b0,5,top_heavy_shuffled,"[150, 40, 80, 50, 30]",1,1.0,1
newsqa,324,842b90f71d4142229534788a21189892,5,top_heavy_shuffled,"[50, 30, 150, 80, 40]",1,1.0,1
newsqa,325,09a4f669c3ce4432954d3b5348ffde56,5,top_heavy_shuffled,"[150, 40, 50, 30, 80]",0,0.2222222222222222,1
newsqa,326,b2a92b434a344e49b3a6911bfd86e98f,5,top_heavy_shuffled,"[80, 150, 50, 30, 40]",0,0.0,1
newsqa,327,6029989106ef4c32bc7eb342670dc8c1,5,top_heavy_shuffled,"[30, 50, 150, 80, 40]",0,0.2857142857142857,1
newsqa,328,e412730b37274c11bad105b38ed9e196,5,top_heavy_shuffled,"[30, 40, 50, 80, 150]",1,1.0,1
newsqa,329,c5c6d814143a4f1eb7cc7546d9654173,5,top_heavy_shuffled,"[40, 80, 150, 50, 30]",1,1.0,1
newsqa,330,0633af8dabeb4925bf0fb0110cc54247,5,top_heavy_shuffled,"[30, 80, 50, 40, 150]",0,0.08695652173913045,1
newsqa,331,044418fd6fd646ec89a54a7013712c9d,5,top_heavy_shuffled,"[40, 80, 30, 150, 50]",0,0.923076923076923,1
newsqa,332,8b9a2f29b35b41e38cb94347237d59d7,5,top_heavy_shuffled,"[50, 150, 80, 40, 30]",0,0.12903225806451613,1
newsqa,333,26782a326a394d688dda2441308bf00a,5,top_heavy_shuffled,"[80, 40, 50, 150, 30]",0,0.0,1
newsqa,334,f9bf09905dc249e69f69c4db9b323d0f,5,top_heavy_shuffled,"[80, 30, 40, 150, 50]",0,0.0,1
newsqa,335,07f2d15033cf4fb6916bed5d56dcb8f5,5,top_heavy_shuffled,"[30, 50, 80, 150, 40]",0,0.0,1
newsqa,336,a045cbc6199c4b9e8dbb8545febda365,5,top_heavy_shuffled,"[80, 50, 30, 150, 40]",0,0.0,0
newsqa,337,af446346d828479ca02c375ec2973773,5,top_heavy_shuffled,"[80, 40, 50, 150, 30]",0,0.0,0
newsqa,338,8447a26148c9454da18385e3d9fa4a3c,5,top_heavy_shuffled,"[40, 80, 150, 30, 50]",0,0.0,0
newsqa,339,2a7071c8d8c74dac901956228d59fdfb,5,top_heavy_shuffled,"[30, 150, 50, 80, 40]",0,0.0,0
newsqa,340,55bc45f2e63149869e4d0e52da6cb421,5,top_heavy_shuffled,"[80, 150, 50, 30, 40]",0,0.5,1
newsqa,341,bb2c93be295348eb933e57a16325af76,5,top_heavy_shuffled,"[80, 40, 30, 150, 50]",1,1.0,1
newsqa,342,cff18af0aed84c39ab0d156de7f507f8,5,top_heavy_shuffled,"[30, 50, 150, 80, 40]",0,0.0,1
newsqa,343,423f76b5864047f480599c7946546eb1,5,top_heavy_shuffled,"[50, 80, 30, 40, 150]",0,0.0,0
newsqa,344,0754e951855e46df80b0269253e4acf7,5,top_heavy_shuffled,"[150, 40, 50, 80, 30]",0,0.0,0
newsqa,345,5bdc71bbfc6e4934aa337ab24559eb6c,5,top_heavy_shuffled,"[150, 80, 50, 40, 30]",0,0.0,0
newsqa,346,b71eed014a8c4e51ba0bb48aeb1939ae,5,top_heavy_shuffled,"[40, 50, 150, 80, 30]",1,1.0,1
newsqa,347,d09f358431284dea95dec8e61590dbf4,5,top_heavy_shuffled,"[30, 40, 150, 80, 50]",0,0.0,1
newsqa,348,5bbab85f5ac243a9b98914f8c7af6eb4,5,top_heavy_shuffled,"[30, 40, 150, 80, 50]",0,0.0,0
newsqa,349,18cc95b228434b23a3969ac0d65687fa,5,top_heavy_shuffled,"[150, 40, 30, 50, 80]",0,0.0,0
newsqa,350,b322fdc7819546138582ebc07e8aa7a8,5,top_heavy_shuffled,"[150, 30, 80, 50, 40]",1,1.0,1
newsqa,351,f955cb3e7bda4a93a867b361b7b96327,5,top_heavy_shuffled,"[30, 50, 150, 40, 80]",1,1.0,1
newsqa,352,62e9113dcca84b61af8304429b1570da,5,top_heavy_shuffled,"[50, 40, 150, 30, 80]",0,0.0,0
newsqa,353,f3fc1b6ee3b24e47856d9fe7730350a2,5,top_heavy_shuffled,"[150, 80, 40, 50, 30]",0,0.12903225806451613,0
newsqa,354,8f0cfcb0d46d43eeb6c7ee04cd29c027,5,top_heavy_shuffled,"[50, 150, 80, 40, 30]",0,0.0,1
newsqa,355,82eb7d4504834ceabad83742c2d0ab5c,5,top_heavy_shuffled,"[80, 150, 50, 30, 40]",1,1.0,1
newsqa,356,bf16d51b5b9540ec83fba053bc26a8a9,5,top_heavy_shuffled,"[80, 40, 30, 150, 50]",0,0.10256410256410257,1
newsqa,357,e62ce90267b149f7a65dc0901c614317,5,top_heavy_shuffled,"[30, 40, 150, 50, 80]",1,1.0,1
newsqa,358,8e376a7767224f8381c8ee661c43ad16,5,top_heavy_shuffled,"[50, 30, 80, 40, 150]",0,0.0,1
newsqa,359,435fd88dd9034cf1bd211e03bab2bed5,5,top_heavy_shuffled,"[30, 40, 150, 80, 50]",1,1.0,1
newsqa,360,109740b4edfa49c5961632436d1df48c,5,top_heavy_shuffled,"[30, 80, 50, 150, 40]",0,0.0,1
newsqa,361,a4c31c16dd1a4cf493b8c20500a88539,5,top_heavy_shuffled,"[30, 40, 50, 150, 80]",0,0.0,1
newsqa,362,721498d8723844d5b1ab0d15eb8e7699,5,top_heavy_shuffled,"[50, 80, 150, 40, 30]",0,0.0,0
newsqa,363,1699130630f2472cacfcbfe214d40416,5,top_heavy_shuffled,"[150, 80, 50, 40, 30]",0,0.0,0
newsqa,364,cceb8fa1b2a84757932a6f7ae86b3653,5,top_heavy_shuffled,"[50, 30, 80, 150, 40]",1,1.0,1
newsqa,365,147cef44c6e64257a962d7ed7e7df893,5,top_heavy_shuffled,"[50, 150, 80, 30, 40]",0,0.11764705882352941,0
newsqa,366,afdf5764dddf4d858cff8be47f91fba7,5,top_heavy_shuffled,"[40, 80, 30, 50, 150]",1,1.0,1
newsqa,367,77dc5fcd3f654630a9a8ec90c9375b45,5,top_heavy_shuffled,"[80, 150, 50, 40, 30]",0,0.0,0
newsqa,368,3a33ecb066b9443e85b68c446f45b287,5,top_heavy_shuffled,"[80, 40, 150, 30, 50]",0,0.0,1
newsqa,369,43204be4d77d421990db36f2d9951e63,5,top_heavy_shuffled,"[50, 40, 150, 30, 80]",0,0.0,1
newsqa,370,4c961dd89b054526b342c921486477a6,5,top_heavy_shuffled,"[30, 80, 150, 40, 50]",0,0.0,1
newsqa,371,89b7733b0a994df7b4250953ccff9c24,5,top_heavy_shuffled,"[30, 40, 80, 50, 150]",0,0.0,1
newsqa,372,8b627a95012d4f65a70aff1249d43d64,5,top_heavy_shuffled,"[150, 30, 50, 40, 80]",0,0.8,1
newsqa,373,b99c50bfd5f849afb601bd8ac95b0bf4,5,top_heavy_shuffled,"[30, 150, 80, 40, 50]",1,1.0,1
newsqa,374,ff383ab32c9942908db5946a8fe654d3,5,top_heavy_shuffled,"[30, 40, 80, 50, 150]",0,0.0,0
newsqa,375,89abc7236e6941ee88a263d88d6d299a,5,top_heavy_shuffled,"[50, 40, 80, 30, 150]",0,0.17777777777777776,1
newsqa,376,fadd2528784f4a9fa3b391626e69ffc0,5,top_heavy_shuffled,"[150, 50, 80, 30, 40]",0,0.0,0
newsqa,377,1958d14b7db54bffbbdd57e3677c08e7,5,top_heavy_shuffled,"[150, 30, 80, 50, 40]",1,1.0,1
newsqa,378,9966c7735a6649d88366224ff6552c68,5,top_heavy_shuffled,"[80, 50, 30, 40, 150]",0,0.0,0
newsqa,379,2818d5e47a844bc9831496e2f587a803,5,top_heavy_shuffled,"[80, 150, 50, 30, 40]",0,0.0,1
newsqa,380,74f114ab49744e608eafab899371d913,5,top_heavy_shuffled,"[50, 40, 150, 80, 30]",0,0.5,1
newsqa,381,f724593e7f4842569187dae70a2560d9,5,top_heavy_shuffled,"[30, 50, 150, 80, 40]",0,0.0,1
newsqa,382,3e46e0220a18483fb0fd448bcc36815e,5,top_heavy_shuffled,"[150, 40, 30, 50, 80]",1,1.0,1
newsqa,383,ec9dedf313ba4f90883a2b01909553b3,5,top_heavy_shuffled,"[150, 80, 50, 40, 30]",0,0.0,1
newsqa,384,2e9b048c06dc45be97da6116056f74f6,5,top_heavy_shuffled,"[80, 40, 50, 30, 150]",0,0.0,1
newsqa,385,efc438e4fd18417daa0e662499fbe956,5,top_heavy_shuffled,"[40, 80, 150, 50, 30]",0,0.5,0
newsqa,386,33313f986ec740f3b824bc3accb9111e,5,top_heavy_shuffled,"[80, 40, 30, 150, 50]",1,1.0,1
newsqa,387,8eacd2be836f472a83d7008f33ed8506,5,top_heavy_shuffled,"[50, 30, 150, 40, 80]",0,0.0,1
newsqa,388,6cb904d598ce4f7ebb4e4283a24a2f63,5,top_heavy_shuffled,"[30, 150, 40, 50, 80]",1,1.0,1
newsqa,389,194bd503229c46c3b308896e770e1eb1,5,top_heavy_shuffled,"[150, 40, 50, 30, 80]",1,1.0,1
newsqa,390,0c1c6f6b44e3466eac1a68dadefd06ab,5,top_heavy_shuffled,"[40, 150, 80, 50, 30]",0,0.0,1
newsqa,391,c5559fa0b9a0438a9b843d4207061a3d,5,top_heavy_shuffled,"[80, 150, 30, 40, 50]",0,0.0,1
newsqa,392,a168c89e395546be9605e969f682e554,5,top_heavy_shuffled,"[50, 150, 80, 30, 40]",0,0.0,1
newsqa,393,849240180c584f71bc56c0c92c5df5fd,5,top_heavy_shuffled,"[40, 150, 30, 50, 80]",0,0.0,0
newsqa,394,d69a7141ec1c4110ac124dd58d19b8b4,5,top_heavy_shuffled,"[40, 150, 80, 50, 30]",0,0.1333333333333333,0
newsqa,395,d94300f7464c401db93e557fec221320,5,top_heavy_shuffled,"[80, 40, 150, 50, 30]",0,0.4,0
newsqa,396,fa44913cfa244faa88e773dcc3045012,5,top_heavy_shuffled,"[40, 80, 150, 30, 50]",0,0.0,1
newsqa,397,e98ac3de59a646c69b6eb17d3e3a4d0d,5,top_heavy_shuffled,"[50, 40, 30, 80, 150]",0,0.0,0
newsqa,398,d745bee67227422b824140f2734b0621,5,top_heavy_shuffled,"[150, 50, 40, 80, 30]",0,0.06896551724137931,0
newsqa,399,25eec8384d9d45b8b75affcc9f164be3,5,top_heavy_shuffled,"[150, 30, 40, 50, 80]",0,0.0,1
newsqa,400,912cb6aecbec4dc2b44ee22a076c3e2a,5,top_heavy_shuffled,"[30, 50, 150, 80, 40]",0,0.0,0
newsqa,401,f523ba87f5714a108e9bae698f676063,5,top_heavy_shuffled,"[40, 80, 30, 150, 50]",0,0.039999999999999994,1
newsqa,402,3f28f7be13ad43cda7681b7fa874843c,5,top_heavy_shuffled,"[40, 80, 30, 50, 150]",1,1.0,1
newsqa,403,51ff7cdf97074a07862234487477ef4a,5,top_heavy_shuffled,"[30, 150, 50, 80, 40]",0,0.0,1
newsqa,404,6e1780414deb4cf9b49568f07b3bdc26,5,top_heavy_shuffled,"[150, 80, 30, 50, 40]",0,0.0,0
newsqa,405,f61206d61cf94401b8fbb566b0b67ec7,5,top_heavy_shuffled,"[50, 40, 80, 150, 30]",0,0.0,1
newsqa,406,12859cbba89f494b98e6b7be8b4c88ff,5,top_heavy_shuffled,"[50, 150, 80, 30, 40]",0,0.0,0
newsqa,407,1e326f32613a417fb55b23337862c62b,5,top_heavy_shuffled,"[50, 40, 150, 80, 30]",0,0.8,1
newsqa,408,4ff0076b7fe74648806429e78621f265,5,top_heavy_shuffled,"[30, 80, 50, 150, 40]",0,0.0,0
newsqa,409,531b64eef1bd44568360b3ab40da40da,5,top_heavy_shuffled,"[80, 150, 30, 40, 50]",0,0.08000000000000002,0
newsqa,410,ef15b705b7c54e77b276f22c804ce15d,5,top_heavy_shuffled,"[30, 40, 80, 50, 150]",0,0.6666666666666666,1
newsqa,411,bf9d67fa8b3849ceb410c4dfd7947e5f,5,top_heavy_shuffled,"[50, 30, 150, 40, 80]",0,0.0,0
newsqa,412,8b256cf4c08f4507b8b2f96d7289b585,5,top_heavy_shuffled,"[40, 30, 50, 80, 150]",0,0.0,1
newsqa,413,ab65135d9fc94f16a97555b6b3c54832,5,top_heavy_shuffled,"[150, 40, 50, 30, 80]",0,0.0,1
newsqa,414,21c894485b7a4cb0b66313dd1802a3c2,5,top_heavy_shuffled,"[50, 150, 40, 30, 80]",0,0.0,1
newsqa,415,23f3abb43b8f4f74bffb018bb3943125,5,top_heavy_shuffled,"[150, 50, 40, 80, 30]",0,0.0,1
newsqa,416,cdec7a0d975642d38b3b2d449bffc3e8,5,top_heavy_shuffled,"[80, 150, 40, 50, 30]",0,0.0,0
newsqa,417,803441a3a59d42b293810212bf2d6ced,5,top_heavy_shuffled,"[30, 40, 50, 80, 150]",0,0.0,1
newsqa,418,738dc2a651c7477abe2efc0e5547054a,5,top_heavy_shuffled,"[30, 50, 40, 80, 150]",1,1.0,1
newsqa,419,2fcf533dede444f2a0296b3bf112e0bd,5,top_heavy_shuffled,"[50, 30, 40, 150, 80]",1,1.0,1
newsqa,420,a1747749a3904c53b124b17ba86b1df6,5,top_heavy_shuffled,"[150, 40, 50, 30, 80]",0,0.0,1
newsqa,421,95a04d9fc49441cd901191b2390f05cd,5,top_heavy_shuffled,"[150, 30, 80, 50, 40]",0,0.0,1
newsqa,422,1a82de30a1e546bbaf099a05d79a6230,5,top_heavy_shuffled,"[50, 80, 150, 30, 40]",0,0.0,1
newsqa,423,bc20c452e45644e4beb92b0f35859105,5,top_heavy_shuffled,"[50, 30, 80, 150, 40]",1,1.0,1
newsqa,424,1f2ee8a4ce5d448e8ed30e7ca27b2b32,5,top_heavy_shuffled,"[30, 40, 80, 150, 50]",0,0.0,1
newsqa,425,3f1a03dd30304609a4e646069b0deffd,5,top_heavy_shuffled,"[40, 80, 150, 50, 30]",0,0.0,0
newsqa,426,a256f8f1dbd644c98a3bc79d072405fc,5,top_heavy_shuffled,"[30, 50, 150, 40, 80]",1,1.0,1
newsqa,427,35d000cd64d14585bd474322dc4f4f70,5,top_heavy_shuffled,"[80, 40, 30, 50, 150]",0,0.06451612903225805,1
newsqa,428,7e9ac1c4bf0845eab105c8b1b9265db2,5,top_heavy_shuffled,"[50, 30, 150, 80, 40]",0,0.0,0
newsqa,429,652962af37ce4c5799789678fa661553,5,top_heavy_shuffled,"[40, 80, 30, 150, 50]",0,0.39999999999999997,1
newsqa,430,f5894ccfbf314a63baaca983e208a43b,5,top_heavy_shuffled,"[80, 150, 50, 40, 30]",1,1.0,1
newsqa,431,8a3561154a454ca597d3a9a636a95a93,5,top_heavy_shuffled,"[30, 40, 50, 150, 80]",0,0.0,1
newsqa,432,6fe2385a3a1f4e7c8b1982cad82c939d,5,top_heavy_shuffled,"[150, 30, 40, 50, 80]",0,0.8571428571428571,1
newsqa,433,6f8f3d49dd8845de8307ad2d9fabf269,5,top_heavy_shuffled,"[150, 80, 30, 40, 50]",0,0.0,1
newsqa,434,a36a9969dee14e6f90fc1785e4d8151a,5,top_heavy_shuffled,"[50, 80, 30, 40, 150]",0,0.0,1
newsqa,435,1d1a6ab35fe14fdd8bbe88f884d82ce6,5,top_heavy_shuffled,"[30, 40, 80, 50, 150]",0,0.0909090909090909,1
newsqa,436,fb776aaae451464692b974373b39e4c5,5,top_heavy_shuffled,"[40, 50, 30, 150, 80]",1,1.0,1
newsqa,437,6616d9ae236f46acb990d2a879bf346f,5,top_heavy_shuffled,"[80, 30, 40, 50, 150]",1,1.0,1
newsqa,438,374bacece7a6435484e32852ba73f4a8,5,top_heavy_shuffled,"[30, 40, 80, 50, 150]",0,0.6666666666666666,1
newsqa,439,527a875dd5504c12b1e26cec3ff31fb6,5,top_heavy_shuffled,"[50, 80, 40, 150, 30]",0,0.0,1
newsqa,440,3b6bbfa360e14c8ea4997b82981bf6f7,5,top_heavy_shuffled,"[30, 40, 50, 80, 150]",1,1.0,1
newsqa,441,4f66952eeb534a109a11044fcfecf033,5,top_heavy_shuffled,"[50, 80, 150, 30, 40]",0,0.0,0
newsqa,442,dcd06efd15d8483f9ae99008aae4b8e6,5,top_heavy_shuffled,"[50, 30, 40, 150, 80]",0,0.5,1
newsqa,443,c452c1a025c44bdab1694894c2799e64,5,top_heavy_shuffled,"[30, 40, 80, 50, 150]",0,0.0,1
newsqa,444,2efef198621244dc8f660e49bcb0b54e,5,top_heavy_shuffled,"[40, 80, 30, 50, 150]",1,1.0,1
newsqa,445,0b9b15aa02b54f8e82a61c149799963b,5,top_heavy_shuffled,"[150, 80, 40, 30, 50]",0,0.0,1
newsqa,446,a77bad2720ec43aba758a5c99624b6c3,5,top_heavy_shuffled,"[40, 50, 80, 150, 30]",0,0.0,1
newsqa,447,42c9c8fe7ee843dbbe578fdc4dbba39a,5,top_heavy_shuffled,"[30, 80, 50, 40, 150]",0,0.0,1
newsqa,448,500e35b80a13424c8eb9c6e6a0b9af15,5,top_heavy_shuffled,"[30, 50, 150, 40, 80]",0,0.0,1
newsqa,449,490da89fb4c743858167b5b75af14ddd,5,top_heavy_shuffled,"[80, 50, 150, 30, 40]",0,0.0,1
newsqa,450,03905a27a5b841e59153c2e3de3c99f4,5,top_heavy_shuffled,"[30, 50, 80, 150, 40]",0,0.0,0
newsqa,451,bb334d8819054ded95d25bd214397832,5,top_heavy_shuffled,"[80, 50, 30, 40, 150]",0,0.0,1
newsqa,452,ccf8e9a161124b058363c911f27cc4bf,5,top_heavy_shuffled,"[30, 150, 80, 40, 50]",0,0.6666666666666666,1
newsqa,453,d83d3eda31c14835877587e71ae8f858,5,top_heavy_shuffled,"[30, 150, 80, 40, 50]",1,1.0,1
newsqa,454,4b7de03eac3642c5aad653d3fe1600dc,5,top_heavy_shuffled,"[40, 80, 50, 30, 150]",0,0.08000000000000002,1
newsqa,455,574737b3f4284419a8e2bcf43167e253,5,top_heavy_shuffled,"[40, 30, 150, 80, 50]",0,0.6666666666666666,1
newsqa,456,4e8d8610abde45809ece08144c48d9e7,5,top_heavy_shuffled,"[150, 80, 50, 30, 40]",0,0.6666666666666666,1
newsqa,457,80f8912075b14d1a91b62f0c2d06ca84,5,top_heavy_shuffled,"[80, 50, 150, 30, 40]",1,1.0,1
newsqa,458,6401157d496747a092bf97a5f430d281,5,top_heavy_shuffled,"[40, 30, 150, 80, 50]",0,0.0,1
newsqa,459,614b047fc1144246af208be2a508d5ce,5,top_heavy_shuffled,"[150, 80, 40, 50, 30]",0,0.0,0
newsqa,460,0dfeb9e7d43747bcac4e5ac700caec79,5,top_heavy_shuffled,"[30, 40, 50, 150, 80]",1,1.0,1
newsqa,461,edb3d5b64911443798e8e83b07ae5b99,5,top_heavy_shuffled,"[40, 150, 80, 50, 30]",0,0.06666666666666668,1
newsqa,462,d54a2fd059b54e2d80b503109524db0a,5,top_heavy_shuffled,"[150, 30, 40, 50, 80]",0,0.0,1
newsqa,463,c564493e2442402ebb6d4a5af51f7c25,5,top_heavy_shuffled,"[40, 150, 50, 30, 80]",0,0.5454545454545454,1
newsqa,464,b32d5172d0b3451b83352d24deab59e6,5,top_heavy_shuffled,"[30, 150, 40, 50, 80]",0,0.0,1
newsqa,465,19d523d3a0824aed8cc62eed5e24f1e4,5,top_heavy_shuffled,"[40, 150, 80, 30, 50]",0,0.0,1
newsqa,466,4cff857ac2f74c6094f26f596ba0cb1f,5,top_heavy_shuffled,"[150, 50, 80, 30, 40]",0,0.5,1
newsqa,467,af77d75481ae4b0391017dfd394050f4,5,top_heavy_shuffled,"[30, 150, 40, 50, 80]",1,1.0,1
newsqa,468,2784aee1dd324e3f8945b73963b7785f,5,top_heavy_shuffled,"[50, 80, 150, 40, 30]",0,0.8,1
newsqa,469,d89807b1fdda40c2bebb55edf64c3938,5,top_heavy_shuffled,"[150, 40, 80, 50, 30]",0,0.6,1
newsqa,470,af5369c41cba4379978174fe353ddff6,5,top_heavy_shuffled,"[150, 30, 50, 40, 80]",1,1.0,1
newsqa,471,6bf1ecc9589d4447b31afde347505919,5,top_heavy_shuffled,"[30, 50, 80, 40, 150]",0,0.0,0
newsqa,472,ba2b3c2aeb464d8f8a949fc75944bcbd,5,top_heavy_shuffled,"[40, 150, 50, 30, 80]",1,1.0,1
newsqa,473,112542d377134435a5e6e79b2e9a5c1a,5,top_heavy_shuffled,"[30, 50, 40, 80, 150]",0,0.0,1
newsqa,474,80a9457351e14111aaf3fb84d3528092,5,top_heavy_shuffled,"[30, 50, 150, 40, 80]",1,1.0,1
newsqa,475,f2894e10d02a42c2b91b26caefadfbc9,5,top_heavy_shuffled,"[30, 150, 50, 80, 40]",1,1.0,1
newsqa,476,daccc4268b874f63a33873b7171ba8ff,5,top_heavy_shuffled,"[50, 150, 30, 80, 40]",0,0.0,1
newsqa,477,540ee9edf9fd4bfc981390d172704bbc,5,top_heavy_shuffled,"[150, 50, 80, 40, 30]",0,0.0,1
newsqa,478,116602c25c3e4b33b7a5a111f9174cbe,5,top_heavy_shuffled,"[30, 80, 150, 50, 40]",0,0.5,1
newsqa,479,66225a9def6a45ddaac68462170b34b7,5,top_heavy_shuffled,"[50, 40, 80, 30, 150]",0,0.0,0
newsqa,480,b75b64ca513e4ae3be64ff5d71a9b652,5,top_heavy_shuffled,"[80, 40, 150, 30, 50]",0,0.0,0
newsqa,481,1aa0b7493d9b47bbb4625d39922576b6,5,top_heavy_shuffled,"[80, 30, 150, 50, 40]",0,0.0,0
newsqa,482,ce867b37ae1d4bc6b35988966e721575,5,top_heavy_shuffled,"[30, 50, 40, 80, 150]",1,1.0,1
newsqa,483,ab351f57bcf34ad6a535ed69e1eed04b,5,top_heavy_shuffled,"[40, 80, 150, 30, 50]",0,0.0,1
newsqa,484,f8d21ecd07db4b0888ea7c2c91f9135c,5,top_heavy_shuffled,"[30, 80, 150, 40, 50]",0,0.0,0
newsqa,485,66ccd850630b4a069b80af81f0d8fa0c,5,top_heavy_shuffled,"[50, 80, 40, 150, 30]",1,1.0,1
newsqa,486,fccd16a6079343e5ad862a07f82e3f42,5,top_heavy_shuffled,"[40, 30, 80, 150, 50]",0,0.888888888888889,1
newsqa,487,5372bffd269e45f5b80bfa12e294af8f,5,top_heavy_shuffled,"[150, 50, 80, 30, 40]",0,0.0,1
newsqa,488,1e52126edb5a499381fb1f064dd4377c,5,top_heavy_shuffled,"[50, 150, 80, 40, 30]",0,0.0,0
newsqa,489,ddf8070fbf124b54bfdca93791ef2056,5,top_heavy_shuffled,"[150, 50, 30, 80, 40]",0,0.0,1
newsqa,490,ec552a3b81734f36ae2a031fc34b7519,5,top_heavy_shuffled,"[30, 150, 50, 80, 40]",0,0.8,1
newsqa,491,23d1c9c515f3417ab70aba3c3bc43ec8,5,top_heavy_shuffled,"[30, 150, 40, 50, 80]",0,0.0,1
newsqa,492,af91062c61d0431fa90edb3cffc48da0,5,top_heavy_shuffled,"[50, 150, 40, 80, 30]",1,1.0,1
newsqa,493,9a9db144769c4ce29c4cdb431d756043,5,top_heavy_shuffled,"[150, 80, 40, 50, 30]",0,0.0,0
newsqa,494,3e4038716e3948b4b94243cad4cbfd1e,5,top_heavy_shuffled,"[80, 150, 50, 40, 30]",0,0.0,0
newsqa,495,dab26af5192549f1a07bed7fa63bf47e,5,top_heavy_shuffled,"[150, 50, 40, 80, 30]",0,0.0,0
newsqa,496,d58a27153bc74f08bfa857c4a80b1c90,5,top_heavy_shuffled,"[30, 150, 40, 80, 50]",0,0.0,1
newsqa,497,dd5a9212340046e2a340103c45fd7f17,5,top_heavy_shuffled,"[150, 50, 80, 40, 30]",0,0.0,0
newsqa,498,8b0fb3b8cfee4daba5b93311dbe5c5b5,5,top_heavy_shuffled,"[30, 40, 50, 150, 80]",1,1.0,1
newsqa,499,822d82601bda4b509b180096346c1885,5,top_heavy_shuffled,"[80, 30, 150, 50, 40]",0,0.0,0
newsqa,500,cff10f8297c64447bf388d45ed577e95,5,top_heavy_shuffled,"[50, 150, 30, 40, 80]",1,1.0,1
newsqa,501,ecb8eb62bc3d4ae280ea3151211089a3,5,top_heavy_shuffled,"[150, 80, 40, 50, 30]",1,1.0,1
newsqa,502,787d235e4c2b4d89b4d9aebff5779cf6,5,top_heavy_shuffled,"[40, 30, 150, 80, 50]",0,0.0,0
newsqa,503,bfb2c3311c5d45789500d104b3965147,5,top_heavy_shuffled,"[40, 150, 50, 30, 80]",0,0.0,1
newsqa,504,c754c326486641409687edae575f81ee,5,top_heavy_shuffled,"[150, 50, 40, 80, 30]",0,0.0,1
newsqa,505,fe0d714e8be546d994f3469fbc3bd068,5,top_heavy_shuffled,"[40, 150, 30, 50, 80]",1,1.0,1
newsqa,506,cac7bd69b3e546a8aeccaeabc394f172,5,top_heavy_shuffled,"[80, 30, 40, 50, 150]",0,0.13333333333333333,1
newsqa,507,8a6ced88638f4bf68c6bb3d7a979d48e,5,top_heavy_shuffled,"[80, 150, 50, 40, 30]",0,0.0,1
newsqa,508,9186ab50536b4241b5033a6f1bfa8c9b,5,top_heavy_shuffled,"[80, 150, 30, 50, 40]",0,0.3636363636363636,1
newsqa,509,4166369ecf494ae998597cee8f2be647,5,top_heavy_shuffled,"[30, 80, 150, 50, 40]",0,0.08333333333333333,1
newsqa,510,78112e7810214d80b8fab5fa51c61200,5,top_heavy_shuffled,"[30, 40, 150, 80, 50]",0,0.0,0
newsqa,511,38ec897108f245b19aeba0e93e304360,5,top_heavy_shuffled,"[150, 30, 80, 40, 50]",1,1.0,1
newsqa,512,b26cac2e25c243dd93e2ac30801d55c9,5,top_heavy_shuffled,"[40, 50, 30, 80, 150]",0,0.2857142857142857,1
newsqa,513,dda0f54af5084a31a2746f72210b0bd4,5,top_heavy_shuffled,"[80, 30, 150, 40, 50]",0,0.0,1
newsqa,514,8444096a84e9455287180d0b1a928142,5,top_heavy_shuffled,"[30, 80, 50, 40, 150]",0,0.054054054054054064,1
newsqa,515,22f46485365f4209a992b2f67feb0440,5,top_heavy_shuffled,"[50, 40, 30, 80, 150]",0,0.5,1
newsqa,516,de36cde140ee4ceda620f1518dd104bc,5,top_heavy_shuffled,"[30, 40, 150, 50, 80]",1,1.0,1
newsqa,517,08183378ccb3472d903fd95b3b82e132,5,top_heavy_shuffled,"[30, 50, 80, 40, 150]",0,0.2857142857142857,1
newsqa,518,cb08cc75e99a4ec9807321f51dd40566,5,top_heavy_shuffled,"[150, 80, 50, 40, 30]",0,0.0,0
newsqa,519,1667240d3dd740ffa3c317106730a441,5,top_heavy_shuffled,"[50, 80, 150, 40, 30]",0,0.0,0
newsqa,520,b1de8025e01448dcabb96c7e5fab0186,5,top_heavy_shuffled,"[80, 40, 150, 30, 50]",0,0.049999999999999996,0
newsqa,521,4c3cfd857b01453f9d193ba70e0f2257,5,top_heavy_shuffled,"[40, 150, 30, 80, 50]",1,1.0,1
newsqa,522,bcdd509239274509afc8ae77cb5df604,5,top_heavy_shuffled,"[40, 150, 80, 50, 30]",0,0.5,1
newsqa,523,f7776c027aca468e87d60716cfe3c1c3,5,top_heavy_shuffled,"[150, 50, 40, 80, 30]",0,0.6666666666666666,1
newsqa,524,2242d2a664df4bf1967d3689e8b069d0,5,top_heavy_shuffled,"[150, 80, 30, 40, 50]",1,1.0,1
newsqa,525,420222ccc3794c10a9750e897a4532e0,5,top_heavy_shuffled,"[50, 80, 40, 30, 150]",0,0.0,0
newsqa,526,fe94d55d37024a71afeebcce19c9779c,5,top_heavy_shuffled,"[80, 150, 50, 40, 30]",0,0.0,0
newsqa,527,16083c1098654497a127f77ea191c127,5,top_heavy_shuffled,"[50, 150, 40, 30, 80]",0,0.0,1
newsqa,528,427c5359e1bd4e2ca065c379a9c5d227,5,top_heavy_shuffled,"[30, 50, 40, 150, 80]",0,0.8,1
newsqa,529,6b25cbff83ef403ba7c2ee3b03a1d8be,5,top_heavy_shuffled,"[80, 40, 30, 150, 50]",0,0.0,0
newsqa,530,d23a30ecc5b8469c8e6324ff5d42409b,5,top_heavy_shuffled,"[150, 50, 40, 30, 80]",1,1.0,1
newsqa,531,c4eb8e9e88a64fa49128ad4e99776c91,5,top_heavy_shuffled,"[50, 30, 150, 40, 80]",0,0.0,1
newsqa,532,0e497d4f0b4642248a1e1e4b25960ce0,5,top_heavy_shuffled,"[50, 40, 150, 80, 30]",1,1.0,1
newsqa,533,02a006ec43e94d8a8fec1ab448fa5e00,5,top_heavy_shuffled,"[40, 30, 150, 80, 50]",0,0.4,1
newsqa,534,6bdd81ddfa4d41f9a8dac2c1ce206945,5,top_heavy_shuffled,"[80, 30, 50, 40, 150]",0,0.0,0
newsqa,535,bd35d7a651974bb181849a4486692264,5,top_heavy_shuffled,"[40, 50, 80, 30, 150]",1,1.0,1
newsqa,536,7992ef8a5e8f4d9da5a3f75f157136a0,5,top_heavy_shuffled,"[40, 30, 150, 50, 80]",0,0.0,1
newsqa,537,10e96facf13e4091ba5c8cee71226ff0,5,top_heavy_shuffled,"[40, 50, 80, 150, 30]",1,1.0,1
newsqa,538,e854d8deb6cf4af4ac58d44cb3c027c3,5,top_heavy_shuffled,"[80, 50, 40, 30, 150]",1,1.0,1
newsqa,539,80109609b1f24dc0859af11d2bf33ca9,5,top_heavy_shuffled,"[40, 50, 30, 80, 150]",1,1.0,1
newsqa,540,1cc25c3729ab4627a29f3f11172af372,5,top_heavy_shuffled,"[150, 50, 80, 40, 30]",0,0.0,1
newsqa,541,805a6afa477c45d18a26ebba495ac1b7,5,top_heavy_shuffled,"[30, 150, 40, 50, 80]",1,1.0,1
newsqa,542,8dcf91cc88c7478fb336f2b856b1f9b8,5,top_heavy_shuffled,"[80, 40, 30, 50, 150]",0,0.0,0
newsqa,543,34532b23c4624e6e92c4faf30085297d,5,top_heavy_shuffled,"[40, 80, 50, 150, 30]",0,0.0,0
newsqa,544,ab7f7e70dde447fcaa29fdc20ba659db,5,top_heavy_shuffled,"[50, 30, 80, 40, 150]",0,0.0,0
newsqa,545,7904eba267c04097b63fb228937b62bb,5,top_heavy_shuffled,"[50, 150, 80, 40, 30]",0,0.0,1
newsqa,546,27ed5ffe8231443985b27f0d9d605774,5,top_heavy_shuffled,"[150, 40, 30, 50, 80]",0,0.0,1
newsqa,547,cdec18921af845c694384dea037eb6ec,5,top_heavy_shuffled,"[150, 50, 30, 80, 40]",0,0.0,0
newsqa,548,e5d6b99f2e6d4efea5d77b6e01aa98a3,5,top_heavy_shuffled,"[40, 30, 50, 150, 80]",0,0.6,1
newsqa,549,52e75f8056964c38b2a325a45841c089,5,top_heavy_shuffled,"[50, 40, 30, 150, 80]",0,0.4,1
newsqa,550,241ae106b1f7409d82a03f8296c8a6ab,5,top_heavy_shuffled,"[50, 30, 80, 40, 150]",0,0.09523809523809523,1
newsqa,551,374f14d949354e9aa9bdcfdc090433d7,5,top_heavy_shuffled,"[40, 30, 80, 50, 150]",1,1.0,1
newsqa,552,051e0cb33cb64409bbf8e8e79165bacf,5,top_heavy_shuffled,"[50, 40, 150, 30, 80]",0,0.1142857142857143,1
newsqa,553,cfc8297fe16243e68fd7df070d7bd587,5,top_heavy_shuffled,"[150, 30, 50, 80, 40]",0,0.5217391304347826,1
newsqa,554,7df3df70d1c74ae9a1255fbee295ef62,5,top_heavy_shuffled,"[150, 30, 50, 40, 80]",0,0.13333333333333333,1
newsqa,555,9238d14529524f97a206ee0d51f157b8,5,top_heavy_shuffled,"[80, 150, 50, 30, 40]",0,0.06060606060606061,0
newsqa,556,0c9774b9297641e39224f703c4e13ec6,5,top_heavy_shuffled,"[50, 80, 30, 150, 40]",0,0.0,1
newsqa,557,5837e1a0fc834500856bc94d81b68ac2,5,top_heavy_shuffled,"[50, 150, 40, 30, 80]",0,0.0,0
newsqa,558,95e677b8475e40e3a6abedec6fe17104,5,top_heavy_shuffled,"[80, 50, 40, 30, 150]",0,0.0,0
newsqa,559,04aa223c25b44b43ba9c2cc94fb5ccc1,5,top_heavy_shuffled,"[80, 150, 40, 50, 30]",0,0.0,1
newsqa,560,b18ad0a41f164debb57278760e011fd1,5,top_heavy_shuffled,"[30, 50, 80, 150, 40]",0,0.0,0
newsqa,561,2ff5deeb56834423b46cb59226137c85,5,top_heavy_shuffled,"[150, 80, 50, 30, 40]",1,1.0,1
newsqa,562,fc754599d5c048639de9864adbce649a,5,top_heavy_shuffled,"[40, 50, 30, 150, 80]",0,0.0,1
newsqa,563,962454a456cc4bbb9a8d5bfba6abf79c,5,top_heavy_shuffled,"[150, 50, 80, 30, 40]",0,0.21052631578947367,1
newsqa,564,902f161fe57f4998b07fd0de6d95270d,5,top_heavy_shuffled,"[150, 80, 30, 40, 50]",0,0.186046511627907,1
newsqa,565,386263cd9738415982f8a63c4d30c2c5,5,top_heavy_shuffled,"[150, 30, 50, 80, 40]",0,0.6666666666666666,0
newsqa,566,7fa327c5d6d443e8b5528c521db7bf65,5,top_heavy_shuffled,"[30, 50, 40, 80, 150]",0,0.0,0
newsqa,567,a3350d80e3c94368aed1d9a34577d519,5,top_heavy_shuffled,"[30, 50, 150, 80, 40]",0,0.0,1
newsqa,568,0cecc7cafa884126923093cb39466c96,5,top_heavy_shuffled,"[80, 30, 50, 150, 40]",1,1.0,1
newsqa,569,e23472157c0d4ebe81a0fa5c027b3359,5,top_heavy_shuffled,"[50, 40, 150, 30, 80]",0,0.0,0
newsqa,570,0d5bc4fc6f0c425b98565b8f80bb6e43,5,top_heavy_shuffled,"[150, 40, 30, 50, 80]",0,0.0,0
newsqa,571,0104a4f929b64f0e84d574262a285e30,5,top_heavy_shuffled,"[80, 30, 50, 150, 40]",1,1.0,1
newsqa,572,c5dc840ded554956be6daa4c6631deb3,5,top_heavy_shuffled,"[150, 80, 30, 40, 50]",1,1.0,1
newsqa,573,6254496b903a42e680fd882f3283fb49,5,top_heavy_shuffled,"[50, 40, 150, 80, 30]",1,1.0,1
newsqa,574,1f73b3ea836548d496ef68c08f4369f4,5,top_heavy_shuffled,"[150, 80, 30, 40, 50]",1,1.0,1
newsqa,575,6c170e4dcb7d4be0a567d55d531ba222,5,top_heavy_shuffled,"[80, 40, 50, 30, 150]",0,0.4,1
newsqa,576,64ca162a7daf4ca0b747b8b3d75eca51,5,top_heavy_shuffled,"[150, 50, 40, 30, 80]",0,0.0,0
newsqa,577,a73cab123714432c9731e0568fd9d43c,5,top_heavy_shuffled,"[150, 30, 50, 40, 80]",0,0.33333333333333337,1
newsqa,578,e504aa46a10248e8b18cb4639dce0467,5,top_heavy_shuffled,"[150, 30, 50, 80, 40]",0,0.5,1
newsqa,579,8e5c3c1a2b514ea2b0d9eb06879364c2,5,top_heavy_shuffled,"[80, 40, 50, 30, 150]",1,1.0,1
newsqa,580,843521ec385d4ca797c3a37842424dae,5,top_heavy_shuffled,"[150, 50, 80, 30, 40]",0,0.0,0
newsqa,581,1554e7b389d54ff7904f0bf2d82e269c,5,top_heavy_shuffled,"[80, 50, 30, 40, 150]",0,0.0,0
newsqa,582,0c64ef2bbeb543bf87efbb0b2617f2b1,5,top_heavy_shuffled,"[40, 80, 30, 150, 50]",1,1.0,1
newsqa,583,ffc6152628c540ecae6e6bab7f420f28,5,top_heavy_shuffled,"[30, 50, 40, 80, 150]",0,0.888888888888889,1
newsqa,584,c7c63ad1a040451eaf13ad8160295ba0,5,top_heavy_shuffled,"[30, 50, 150, 40, 80]",0,0.0,0
newsqa,585,e6a17a43379a40d1a0388edd679e1fc3,5,top_heavy_shuffled,"[30, 40, 80, 150, 50]",0,0.0,1
newsqa,586,808b1f032cab4da587ca8837b7ee6686,5,top_heavy_shuffled,"[80, 50, 30, 150, 40]",0,0.0,1
newsqa,587,28ae4259c5bd485a899ec68af2eb4264,5,top_heavy_shuffled,"[30, 80, 150, 40, 50]",0,0.0,0
newsqa,588,62179d55c8ab4178bb0450eafda198cf,5,top_heavy_shuffled,"[150, 80, 40, 30, 50]",0,0.0,0
newsqa,589,157c103f7f3942c8be2ee84825ff7f32,5,top_heavy_shuffled,"[150, 80, 30, 50, 40]",0,0.14285714285714288,1
newsqa,590,c551f0e759174fbc80c4d851c51c31fd,5,top_heavy_shuffled,"[40, 80, 50, 150, 30]",1,1.0,1
newsqa,591,8a34a18a13e9487984c1d6839fed053e,5,top_heavy_shuffled,"[80, 50, 30, 40, 150]",0,0.0,0
newsqa,592,d4b5dfb2769d4208804f62b71b6e71c3,5,top_heavy_shuffled,"[40, 150, 30, 80, 50]",0,0.0,0
newsqa,593,77eaa1d176e14eb092f85c51020850ff,5,top_heavy_shuffled,"[50, 40, 80, 30, 150]",0,0.0,0
newsqa,594,8dbad2970e8945f0a4595ccae78e57e9,5,top_heavy_shuffled,"[150, 40, 50, 80, 30]",0,0.0,0
newsqa,595,01649970ebdc4958a48c133492620c31,5,top_heavy_shuffled,"[40, 80, 30, 150, 50]",0,0.5,1
newsqa,596,695bcb8dd90046bba77ed4fe322db935,5,top_heavy_shuffled,"[30, 40, 50, 80, 150]",0,0.0,0
newsqa,597,ce37bce116da48499f15b84b3c158692,5,top_heavy_shuffled,"[80, 30, 40, 50, 150]",1,1.0,1
newsqa,598,e88a0c1244b5484b830b44a6139bec80,5,top_heavy_shuffled,"[40, 80, 30, 50, 150]",0,0.0,0
newsqa,599,60b894ff9c6c43c58bc90fcc2aa78e43,5,top_heavy_shuffled,"[80, 150, 40, 50, 30]",0,0.0,0
newsqa,600,3ffa9e00578043369a677dc8661bfc96,5,top_heavy_shuffled,"[150, 40, 50, 30, 80]",0,0.08000000000000002,1
newsqa,601,22389bcc734d49d98fdccaf2c36e5c7f,5,top_heavy_shuffled,"[80, 150, 40, 50, 30]",0,0.0,1
newsqa,602,2d006592676144faac44e16423bfb178,5,top_heavy_shuffled,"[50, 30, 40, 150, 80]",0,0.8,1
newsqa,603,b20e7a05673a4b3c8ee29beaba23f73a,5,top_heavy_shuffled,"[150, 40, 30, 80, 50]",0,0.6666666666666666,1
newsqa,604,299726f939f0420aaeb6e5f33a325d39,5,top_heavy_shuffled,"[150, 80, 50, 30, 40]",0,0.0,0
newsqa,605,4740a5c55c1f47bf93a59c65525f43e9,5,top_heavy_shuffled,"[80, 150, 30, 50, 40]",1,1.0,1
newsqa,606,c01e2730fd0544988a6e4c5dc11e0734,5,top_heavy_shuffled,"[80, 50, 150, 40, 30]",0,0.0,0
newsqa,607,02e40f5399fb4b2386f784865610ff5a,5,top_heavy_shuffled,"[40, 50, 80, 30, 150]",1,1.0,1
newsqa,608,d9f2855c8621457fb68bac161b7f811b,5,top_heavy_shuffled,"[150, 50, 80, 30, 40]",0,0.0,1
newsqa,609,4d2ab04164304690b5bbc05618e82a59,5,top_heavy_shuffled,"[30, 80, 40, 50, 150]",0,0.0,1
newsqa,610,0c1be19d610b4fa59930cc5cc930c9d2,5,top_heavy_shuffled,"[40, 150, 50, 80, 30]",0,0.0,0
newsqa,611,9d3dd78635084be1bb29a74d6ae963f6,5,top_heavy_shuffled,"[40, 30, 80, 150, 50]",1,1.0,1
newsqa,612,c992708e6d004bedb81d57b076e33286,5,top_heavy_shuffled,"[40, 80, 30, 150, 50]",0,0.28571428571428575,1
newsqa,613,cf40be104bfe45338fb4e03c699a2f7f,5,top_heavy_shuffled,"[50, 80, 150, 30, 40]",0,0.0,0
newsqa,614,07ebc87534e64dfca8d40500fe2ecd3b,5,top_heavy_shuffled,"[40, 150, 30, 80, 50]",0,0.0,1
newsqa,615,7d4f644a529f41c4b257f9ffb9ce9c87,5,top_heavy_shuffled,"[50, 150, 30, 80, 40]",0,0.7272727272727273,1
newsqa,616,18fa422e1baf476fbce6d230e0858000,5,top_heavy_shuffled,"[80, 150, 30, 50, 40]",0,0.0,1
newsqa,617,0178feda5ef74636ba6e5ba11135ceb6,5,top_heavy_shuffled,"[80, 30, 40, 150, 50]",0,0.0,1
newsqa,618,4a93c5ba8a9f4632b9fd8768d008ea73,5,top_heavy_shuffled,"[40, 80, 50, 150, 30]",0,0.0,0
newsqa,619,a0cdfbc45b3f4641b64a2dfd3bde4c2b,5,top_heavy_shuffled,"[30, 40, 50, 80, 150]",0,0.0,0
newsqa,620,79668b02828141b4bc20fd9faba0e2d9,5,top_heavy_shuffled,"[50, 150, 30, 40, 80]",1,1.0,1
newsqa,621,ebf5e6a8dd1742b68312c2c6ada5aad0,5,top_heavy_shuffled,"[80, 150, 50, 30, 40]",0,0.0,0
newsqa,622,599f7e94db9a48019f887451a66c4e1d,5,top_heavy_shuffled,"[30, 80, 50, 40, 150]",0,0.0,1
newsqa,623,00388805ff934f4a9f6c374dd50be557,5,top_heavy_shuffled,"[40, 30, 150, 50, 80]",0,0.0,1
newsqa,624,8067ee0ec3df4208924631047ae0c537,5,top_heavy_shuffled,"[30, 50, 80, 150, 40]",1,1.0,1
newsqa,625,654cd3a33c974ab989777ea8cd69c130,5,top_heavy_shuffled,"[50, 30, 40, 80, 150]",0,0.0,1
newsqa,626,ed981c4aeb414002ad995530646965da,5,top_heavy_shuffled,"[150, 30, 80, 40, 50]",0,0.0,0
newsqa,627,23f830d9e6c24104852473a27360624c,5,top_heavy_shuffled,"[150, 30, 50, 80, 40]",0,0.0,1
newsqa,628,90f5064a214f4e05b9a65eb206d773ea,5,top_heavy_shuffled,"[80, 30, 50, 150, 40]",0,0.0,1
newsqa,629,47e690d71a1648aba0e8ee4f18ede013,5,top_heavy_shuffled,"[80, 50, 150, 30, 40]",0,0.0,0
newsqa,630,5dc68d2932bb4b0f861bd4642c674c43,5,top_heavy_shuffled,"[40, 50, 150, 80, 30]",0,0.0,1
newsqa,631,e04f0cda81094300afaba328511581fe,5,top_heavy_shuffled,"[80, 40, 30, 150, 50]",0,0.0,0
newsqa,632,f540c016913344238538408d0b3ac731,5,top_heavy_shuffled,"[150, 40, 50, 30, 80]",0,0.05555555555555555,0
newsqa,633,2cdea969eb1441afb20bee7330453eac,5,top_heavy_shuffled,"[80, 40, 30, 50, 150]",0,0.0,0
newsqa,634,d7a9a5bd73444bfd8f0d54e0ee743304,5,top_heavy_shuffled,"[30, 80, 40, 150, 50]",0,0.5,1
newsqa,635,1cf1d0fdb27f4ba6a2399a4a86b09b8e,5,top_heavy_shuffled,"[40, 30, 80, 150, 50]",0,0.6666666666666666,1
newsqa,636,807640dab41142919b0c0452a24b2e79,5,top_heavy_shuffled,"[40, 150, 30, 50, 80]",0,0.0,0
newsqa,637,61bcc7e8df9841939729131fba4cd039,5,top_heavy_shuffled,"[150, 40, 30, 80, 50]",0,0.0,1
newsqa,638,d6270ad7fc144895abf4552a2e0f8fc4,5,top_heavy_shuffled,"[40, 30, 50, 150, 80]",0,0.5,1
newsqa,639,06752c5554924c339e8cc99f3e4776aa,5,top_heavy_shuffled,"[150, 50, 30, 40, 80]",1,1.0,1
newsqa,640,60df89b8d9d34129982e9438443b7d96,5,top_heavy_shuffled,"[50, 80, 30, 150, 40]",0,0.0,0
newsqa,641,c90c0b26990c48c3b78097fd570a807b,5,top_heavy_shuffled,"[150, 80, 30, 50, 40]",0,0.3870967741935484,1
newsqa,642,c5c6a6a15e594958ba61f8231ad1c9d0,5,top_heavy_shuffled,"[80, 50, 150, 30, 40]",0,0.0,1
newsqa,643,eb2fd89fd658434d97ecf961b12aed59,5,top_heavy_shuffled,"[150, 40, 50, 30, 80]",0,0.5,1
newsqa,644,f380a5932d4b4a43969a84c3338edae0,5,top_heavy_shuffled,"[40, 50, 80, 150, 30]",1,1.0,1
newsqa,645,a65e6461f74c47c9a5ffee9366dea0a4,5,top_heavy_shuffled,"[50, 40, 30, 80, 150]",1,1.0,1
newsqa,646,8f3827c3491247c7ab4d7706cbb8ef6d,5,top_heavy_shuffled,"[150, 80, 40, 30, 50]",0,0.0,0
newsqa,647,3f70de0169eb42c3a4b40cd1e5f1be61,5,top_heavy_shuffled,"[150, 50, 80, 30, 40]",1,1.0,1
newsqa,648,f5855e26ffa944fab475fd077cb06a43,5,top_heavy_shuffled,"[150, 40, 80, 30, 50]",0,0.0,0
newsqa,649,db63ac356f6a4df8b59087b055a45357,5,top_heavy_shuffled,"[40, 50, 150, 30, 80]",0,0.0,0
newsqa,650,9c03696110b94d56bbfbc83746f79a94,5,top_heavy_shuffled,"[40, 50, 30, 80, 150]",0,0.0,0
newsqa,651,c4b8fa26b7e741fd8b4b8e4120d39d41,5,top_heavy_shuffled,"[150, 50, 30, 80, 40]",0,0.7499999999999999,1
newsqa,652,5a1d3756a44c4a5ba9b30237dd1c807f,5,top_heavy_shuffled,"[80, 50, 150, 40, 30]",0,0.0,1
newsqa,653,50e8ae7a28b347edbef6a9604da6802a,5,top_heavy_shuffled,"[80, 50, 30, 150, 40]",0,0.09523809523809523,1
newsqa,654,29cf64bece6c424f80f4a55c46fc523f,5,top_heavy_shuffled,"[30, 50, 40, 80, 150]",0,0.0,0
newsqa,655,e17e9f25a202485c8d14b354a92e101d,5,top_heavy_shuffled,"[40, 30, 150, 50, 80]",0,0.0,0
newsqa,656,17ca78d8ef664047ad404f91d1f62c4b,5,top_heavy_shuffled,"[50, 30, 40, 150, 80]",0,0.0,1
newsqa,657,0af0869096df4dff8325c3f2ff584087,5,top_heavy_shuffled,"[80, 150, 30, 40, 50]",0,0.8,1
newsqa,658,580cfb51fef84f5e9cb2de0be76eaa61,5,top_heavy_shuffled,"[80, 50, 150, 40, 30]",0,0.6666666666666666,1
newsqa,659,c0d5e844424d4d9bb84902a8ce411cc2,5,top_heavy_shuffled,"[80, 40, 50, 150, 30]",0,0.1111111111111111,1
newsqa,660,c24d3c06799444db84d703cd715d2979,5,top_heavy_shuffled,"[50, 80, 30, 40, 150]",0,0.0,1
newsqa,661,ef29092974ce40b980f963ac746247ec,5,top_heavy_shuffled,"[50, 150, 30, 80, 40]",1,1.0,1
newsqa,662,b7e11924f8a34063ba5445261471e552,5,top_heavy_shuffled,"[50, 80, 40, 30, 150]",1,1.0,1
newsqa,663,a25ba84fca504b2aa4e126007a22a14f,5,top_heavy_shuffled,"[150, 40, 50, 30, 80]",0,0.5,1
newsqa,664,0134a374dcf1451a820c7fd997862851,5,top_heavy_shuffled,"[40, 150, 50, 30, 80]",0,0.0,0
newsqa,665,72fa80f3ffa24cadbc2df7c806b0b59b,5,top_heavy_shuffled,"[30, 40, 80, 150, 50]",0,0.0,0
newsqa,666,692352f2fd7d4a389c1f1ca96570be32,5,top_heavy_shuffled,"[50, 40, 80, 30, 150]",0,0.16666666666666666,0
newsqa,667,e9e6e952876b4c2b864f9c5fd00a3d8a,5,top_heavy_shuffled,"[50, 40, 30, 80, 150]",0,0.0,0
newsqa,668,fe0121ef5b874df0bfca5369f2253f03,5,top_heavy_shuffled,"[30, 40, 150, 50, 80]",0,0.0,1
newsqa,669,4453276e770a4ed7b7051d9d65d40975,5,top_heavy_shuffled,"[50, 30, 150, 80, 40]",1,1.0,1
newsqa,670,ea6918ad41e84412b642d9ac01b6d839,5,top_heavy_shuffled,"[30, 80, 50, 40, 150]",0,0.0,1
newsqa,671,99429dc4d1044cb49e70ceb6f3914e07,5,top_heavy_shuffled,"[150, 80, 50, 40, 30]",0,0.0,1
newsqa,672,7def903743ac43748483019d8b62d815,5,top_heavy_shuffled,"[150, 50, 40, 30, 80]",0,0.0,0
newsqa,673,8a018a8b09d14b4cb164c0abfd1594bb,5,top_heavy_shuffled,"[50, 30, 40, 150, 80]",1,1.0,1
newsqa,674,8907b0e8c2e142a395a35b0c5560fe6a,5,top_heavy_shuffled,"[50, 40, 80, 150, 30]",0,0.046511627906976744,0
newsqa,675,1ae4333af7ca4c33953c8030c3aed22f,5,top_heavy_shuffled,"[30, 80, 50, 40, 150]",0,0.18181818181818182,0
newsqa,676,989fede52bf840609bb69d7ba143301b,5,top_heavy_shuffled,"[40, 80, 50, 150, 30]",0,0.0,0
newsqa,677,368647e758554203bcd6310b0cb41a9f,5,top_heavy_shuffled,"[50, 30, 150, 80, 40]",0,0.0,0
newsqa,678,2662231ec6934df58d84e851aaff80fc,5,top_heavy_shuffled,"[150, 80, 40, 30, 50]",1,1.0,1
newsqa,679,aa4169b3de364c318562b0b09308caa0,5,top_heavy_shuffled,"[150, 40, 30, 50, 80]",0,0.0,1
newsqa,680,a71f1a9b718241dd890fd8feb1be3ab8,5,top_heavy_shuffled,"[40, 80, 30, 50, 150]",0,0.06666666666666667,0
newsqa,681,4d50fbdd13184f64aa70b8e68ea872d8,5,top_heavy_shuffled,"[50, 80, 150, 40, 30]",0,0.0,1
newsqa,682,914623f6bde244cab5e20f01a6d2560b,5,top_heavy_shuffled,"[80, 40, 50, 150, 30]",0,0.0,1
newsqa,683,6a80ae4b171345c3ba541b8aa343b1be,5,top_heavy_shuffled,"[30, 50, 80, 150, 40]",0,0.0,0
newsqa,684,055162a66045404b8d06e59773ef2e49,5,top_heavy_shuffled,"[150, 50, 40, 80, 30]",0,0.19999999999999998,1
newsqa,685,6e0186a28acb4427aedaee03db16e623,5,top_heavy_shuffled,"[30, 80, 40, 50, 150]",0,0.0,1
newsqa,686,7f5733184c134247ad79a6d2bc6f0081,5,top_heavy_shuffled,"[80, 40, 50, 30, 150]",0,0.0,1
newsqa,687,831bd2a4a96f4496947a5656ac12135d,5,top_heavy_shuffled,"[40, 50, 150, 30, 80]",0,0.12000000000000001,0
newsqa,688,1d5e987319ba4158a12cab23543a04aa,5,top_heavy_shuffled,"[80, 150, 30, 50, 40]",0,0.2,0
newsqa,689,c9a9b912b07b4c91a98f4134fbc3c6f5,5,top_heavy_shuffled,"[30, 40, 150, 80, 50]",0,0.0,1
newsqa,690,a7fafb4013664c78a931293de688bedb,5,top_heavy_shuffled,"[80, 30, 40, 50, 150]",0,0.0,1
newsqa,691,0099081da3eb4d36bc020201d4f97a27,5,top_heavy_shuffled,"[80, 40, 150, 50, 30]",0,0.0,0
newsqa,692,b33f0ec8e82f44baa01e6b09f9e69104,5,top_heavy_shuffled,"[80, 30, 40, 150, 50]",0,0.0,1
newsqa,693,e62ec634d4b44a50842d1913910877a5,5,top_heavy_shuffled,"[80, 30, 150, 50, 40]",0,0.08888888888888888,1
newsqa,694,c78e0c2903384595af84d1f0cf51a54f,5,top_heavy_shuffled,"[30, 40, 150, 80, 50]",0,0.0,0
newsqa,695,d313b671236c48f3b029c72fbc46971b,5,top_heavy_shuffled,"[40, 30, 50, 150, 80]",0,0.0,0
newsqa,696,3d674d0b82684e87bdc226d9d614e6e4,5,top_heavy_shuffled,"[50, 30, 40, 80, 150]",0,0.0,0
newsqa,697,4054abd26fcb4958b130fe94dda895ee,5,top_heavy_shuffled,"[80, 30, 150, 50, 40]",1,1.0,1
newsqa,698,65e2cb72034947f0ad2e4fbae41a103e,5,top_heavy_shuffled,"[30, 80, 50, 150, 40]",0,0.5384615384615385,1
newsqa,699,c1b2178b59534886b5fab6b21bb11662,5,top_heavy_shuffled,"[30, 40, 150, 50, 80]",1,1.0,1
newsqa,700,ca8d39a6862e49b58a03a0da02a7bede,5,top_heavy_shuffled,"[80, 150, 30, 50, 40]",0,0.0,0
newsqa,701,daa68770d88b4dbabfc2955ecc647750,5,top_heavy_shuffled,"[150, 40, 30, 50, 80]",0,0.0,0
newsqa,702,504074fdd18a4bfdb3c4d8b3d6a4b589,5,top_heavy_shuffled,"[40, 80, 50, 150, 30]",0,0.0,0
newsqa,703,ba3edfff481042f2a104ffdc278727c0,5,top_heavy_shuffled,"[30, 80, 150, 40, 50]",0,0.0,0
newsqa,704,08b635995bc64aefba8d3fdb405e1b4b,5,top_heavy_shuffled,"[80, 50, 30, 40, 150]",0,0.0,0
newsqa,705,775656e96e4747f5a17cc2b57edd12b7,5,top_heavy_shuffled,"[50, 80, 150, 30, 40]",0,0.0,1
newsqa,706,b2726529c0374da2bcb670a3c89f58a4,5,top_heavy_shuffled,"[150, 30, 50, 80, 40]",0,0.0,0
newsqa,707,7951ebb574024ca7958ac8e4f56cc046,5,top_heavy_shuffled,"[40, 50, 80, 30, 150]",0,0.0,1
newsqa,708,a0eed9d8178c4928b016bdf106f59e9e,5,top_heavy_shuffled,"[30, 50, 150, 80, 40]",0,0.07843137254901962,0
newsqa,709,ed28bccab4dc46f0a12e98fd366f2a83,5,top_heavy_shuffled,"[80, 30, 50, 150, 40]",0,0.0,0
newsqa,710,1329f988ad3845129c304b54501c934c,5,top_heavy_shuffled,"[80, 150, 40, 50, 30]",0,0.6666666666666666,1
newsqa,711,bccab12e798e428b8869c19eb4feac2c,5,top_heavy_shuffled,"[30, 80, 50, 150, 40]",0,0.0,0
newsqa,712,692084604fa74539aa32ec6abec75341,5,top_heavy_shuffled,"[30, 40, 50, 80, 150]",0,0.34285714285714286,1
newsqa,713,3e4aa100c744486d883502dd35d3569c,5,top_heavy_shuffled,"[150, 80, 30, 40, 50]",0,0.0,0
newsqa,714,aa7ddfbb8f3c403ba5b0a0ded76f2bff,5,top_heavy_shuffled,"[30, 40, 50, 80, 150]",0,0.0,0
newsqa,715,ba1325c4040040a0b7809a32536da5fe,5,top_heavy_shuffled,"[50, 40, 30, 80, 150]",0,0.0,0
newsqa,716,3257fb95269946feab9eeec2ebcd3522,5,top_heavy_shuffled,"[150, 30, 50, 40, 80]",1,1.0,1
newsqa,717,fea7e77ef2364dcdb4bbfa5d69b0c0ef,5,top_heavy_shuffled,"[50, 150, 80, 40, 30]",0,0.6666666666666666,1
newsqa,718,60438978506949e79645c14afd3a21dd,5,top_heavy_shuffled,"[80, 40, 50, 30, 150]",0,0.6666666666666666,1
newsqa,719,5d6123571c4f4e5cb365ed1f2f6453f6,5,top_heavy_shuffled,"[50, 30, 150, 80, 40]",0,0.0,1
newsqa,720,f888582a9e324a639852992392b5a0cf,5,top_heavy_shuffled,"[150, 40, 80, 30, 50]",0,0.0,0
newsqa,721,6eeccb736c5f4d72944f4c46e4859c9d,5,top_heavy_shuffled,"[150, 80, 50, 30, 40]",0,0.6666666666666666,1
newsqa,722,8cd035648dd64edb912f01d1b01e6b89,5,top_heavy_shuffled,"[30, 150, 80, 50, 40]",0,0.0,0
newsqa,723,7b190c41b59249bcab29c887d579bb26,5,top_heavy_shuffled,"[40, 80, 50, 30, 150]",1,1.0,1
newsqa,724,aee9e1f69d5048c2a687b4a5acc056be,5,top_heavy_shuffled,"[150, 80, 50, 30, 40]",0,0.5714285714285715,1
newsqa,725,3e5332718ede4bcb99b7c336ff05b9dd,5,top_heavy_shuffled,"[50, 40, 150, 80, 30]",1,1.0,1
newsqa,726,d974393cef5d43e791127eaed8ddb259,5,top_heavy_shuffled,"[80, 150, 40, 30, 50]",1,1.0,1
newsqa,727,1cc48ae35d6a4676a0823fdf2550f2ea,5,top_heavy_shuffled,"[50, 150, 30, 40, 80]",0,0.0,0
newsqa,728,21532189e740426194a08808390eb2b4,5,top_heavy_shuffled,"[30, 50, 40, 80, 150]",0,0.0,0
newsqa,729,64fee0d345024f42864a361022475420,5,top_heavy_shuffled,"[150, 80, 30, 40, 50]",1,1.0,1
newsqa,730,e4533ea2a1404bc285933f7355d58203,5,top_heavy_shuffled,"[80, 50, 150, 40, 30]",0,0.0,0
newsqa,731,a23bfc2ed0ea4b19b736c30f73f7e406,5,top_heavy_shuffled,"[150, 40, 30, 50, 80]",0,0.0,0
newsqa,732,7ca689bb9bd94572af15fb45f2257266,5,top_heavy_shuffled,"[150, 80, 40, 30, 50]",0,0.0,1
newsqa,733,311ea5e6c28d46ecb378b855eb0ffe59,5,top_heavy_shuffled,"[50, 30, 150, 40, 80]",0,0.0,1
newsqa,734,12cc92d88fd24d6697009b061d1769c2,5,top_heavy_shuffled,"[30, 80, 150, 40, 50]",1,1.0,1
newsqa,735,beefda6210c047899b54a61290a9837c,5,top_heavy_shuffled,"[40, 50, 30, 80, 150]",0,0.25,1
newsqa,736,928e2cc022da44a4893b47a7fa37e1c6,5,top_heavy_shuffled,"[50, 150, 30, 40, 80]",0,0.13333333333333333,1
newsqa,737,241efa1cac394ac983b144420a13a162,5,top_heavy_shuffled,"[50, 80, 150, 40, 30]",1,1.0,1
newsqa,738,1c67f7f0037b4ab1bb510cba499d11a4,5,top_heavy_shuffled,"[50, 40, 150, 30, 80]",0,0.5,1
newsqa,739,f687cfbb7bec408799b8b6f8285b5608,5,top_heavy_shuffled,"[50, 80, 30, 40, 150]",0,0.0,1
newsqa,740,2e613fb291864bdd8a0198c5df5ae238,5,top_heavy_shuffled,"[150, 30, 50, 80, 40]",0,0.0,0
newsqa,741,f5b7236c16734b2388cf37cfd5cbf27b,5,top_heavy_shuffled,"[50, 80, 40, 30, 150]",0,0.1111111111111111,1
newsqa,742,3a1ba8b914d141eaac80d5de56ed0114,5,top_heavy_shuffled,"[150, 80, 50, 40, 30]",0,0.0,0
newsqa,743,671b2208301e460ba1fa588e350b82d6,5,top_heavy_shuffled,"[80, 30, 50, 150, 40]",0,0.0,1
newsqa,744,388dcae5aa9248318cd8d493a4c3519b,5,top_heavy_shuffled,"[40, 50, 150, 80, 30]",1,1.0,1
newsqa,745,2fcab3f4f6484d8992a6c2aa67aeec69,5,top_heavy_shuffled,"[50, 150, 80, 40, 30]",0,0.0625,1
newsqa,746,d0bae44433814b2da5d10519d7ea3695,5,top_heavy_shuffled,"[30, 40, 80, 50, 150]",0,0.0,1
newsqa,747,6c60d0e46b4a49068acd95570c520c6f,5,top_heavy_shuffled,"[150, 80, 40, 30, 50]",1,1.0,1
newsqa,748,2a8e2d0e16d64cc2a03180e7dfb8d745,5,top_heavy_shuffled,"[50, 30, 40, 150, 80]",0,0.6666666666666666,0
newsqa,749,6489bd7df2d04a8aa23561eaed38c793,5,top_heavy_shuffled,"[50, 40, 150, 30, 80]",0,0.0,1
newsqa,750,6082452e7aeb4e828079e15ab4e7a9a9,5,top_heavy_shuffled,"[40, 150, 30, 80, 50]",0,0.0,0
newsqa,751,fc16e9799a154e94b2bcade2e9eacd72,5,top_heavy_shuffled,"[80, 150, 50, 30, 40]",0,0.0,1
newsqa,752,17a72d69d7fd4e2fb9c562451e5434ef,5,top_heavy_shuffled,"[80, 30, 50, 150, 40]",0,0.5714285714285715,1
newsqa,753,755056d3d07940929387e2e7e76f4acf,5,top_heavy_shuffled,"[150, 40, 30, 50, 80]",0,0.05714285714285714,0
newsqa,754,cbef062d89b944c5acd16f892a79611c,5,top_heavy_shuffled,"[30, 40, 50, 80, 150]",0,0.0,1
newsqa,755,a8ec79c66e284a45a63c7dcdcf4f9064,5,top_heavy_shuffled,"[50, 30, 40, 80, 150]",0,0.0,1
newsqa,756,6803dc0693214791b3058a87480b15d6,5,top_heavy_shuffled,"[150, 80, 30, 50, 40]",0,0.13333333333333333,1
newsqa,757,733d2fd24b0b40f7ba5f0edaed20cca9,5,top_heavy_shuffled,"[80, 30, 40, 150, 50]",0,0.09090909090909091,1
newsqa,758,5a154a6b5c364e79b30a1bd2c9e47e0c,5,top_heavy_shuffled,"[30, 40, 150, 50, 80]",0,0.0,0
newsqa,759,dc1fb48848df419fba9692dffef22844,5,top_heavy_shuffled,"[30, 150, 40, 50, 80]",0,0.0,0
newsqa,760,581d677951c7404d922d56e144504b82,5,top_heavy_shuffled,"[150, 40, 30, 80, 50]",1,1.0,1
newsqa,761,3f24c1ba50b04f8493f8663fd779846e,5,top_heavy_shuffled,"[50, 30, 80, 150, 40]",0,0.0,0
newsqa,762,a10d412bc874427b9f8df9a729c686a8,5,top_heavy_shuffled,"[50, 30, 150, 40, 80]",0,0.06060606060606061,0
newsqa,763,99a7d09d04634cc08435d1e4bde155b5,5,top_heavy_shuffled,"[150, 80, 50, 30, 40]",0,0.0,0
newsqa,764,5544aab55fe744fab13706c13fcb4f96,5,top_heavy_shuffled,"[50, 80, 150, 30, 40]",0,0.0,1
newsqa,765,412a163387474317b4eb02196506d1f4,5,top_heavy_shuffled,"[50, 150, 80, 40, 30]",0,0.047619047619047616,1
newsqa,766,a1c71fcc9f6a468c9468d13d69e711a7,5,top_heavy_shuffled,"[40, 80, 50, 150, 30]",0,0.0,0
newsqa,767,3287651f8746453ba1943191b85095a9,5,top_heavy_shuffled,"[150, 80, 50, 30, 40]",0,0.0,1
newsqa,768,e2d0189ba8fd449889044fecb68c28b2,5,top_heavy_shuffled,"[30, 40, 50, 150, 80]",0,0.0,1
newsqa,769,567c70fec2634f439e055ef5fb30135d,5,top_heavy_shuffled,"[80, 30, 40, 50, 150]",0,0.0,0
newsqa,770,febb62323b274b678dc47bb096688f4c,5,top_heavy_shuffled,"[150, 50, 40, 30, 80]",1,1.0,1
newsqa,771,e08b24a8d41544e38f2489b4e32e2764,5,top_heavy_shuffled,"[150, 40, 30, 80, 50]",0,0.0,1
newsqa,772,ecd82d14cb3e4e28b8307e44f4784ff5,5,top_heavy_shuffled,"[50, 150, 30, 80, 40]",0,0.0,1
newsqa,773,a0b2f384132d475d9b375afdc5343fb2,5,top_heavy_shuffled,"[80, 150, 40, 50, 30]",0,0.0,1
newsqa,774,1703025033a448048d6f688f9321e2a2,5,top_heavy_shuffled,"[80, 40, 30, 150, 50]",0,0.0,1
newsqa,775,6c8c2af2e7b14a84acf550c9253961d8,5,top_heavy_shuffled,"[40, 50, 30, 80, 150]",0,0.0,0
newsqa,776,6368dd06f186478dae5ba3271569ef66,5,top_heavy_shuffled,"[150, 50, 30, 40, 80]",0,0.0909090909090909,0
newsqa,777,019a54c5394847ec81325e8bdaf8355f,5,top_heavy_shuffled,"[150, 30, 80, 50, 40]",0,0.0,0
newsqa,778,4ae06e8228ca4ca89224a8598de5e6d9,5,top_heavy_shuffled,"[40, 150, 50, 30, 80]",0,0.0,0
newsqa,779,8ff3ddfe7f3a41e294a831e452189dd5,5,top_heavy_shuffled,"[80, 50, 40, 150, 30]",0,0.0,0
newsqa,780,52f45355af90482cb6a950e995783d4b,5,top_heavy_shuffled,"[50, 40, 80, 150, 30]",0,0.0,0
newsqa,781,b455ff336ebe403e896b9be3465811f7,5,top_heavy_shuffled,"[80, 50, 40, 150, 30]",1,1.0,1
newsqa,782,fef91dcc799042b59201fc0f963a8b17,5,top_heavy_shuffled,"[50, 150, 40, 30, 80]",0,0.0,0
newsqa,783,a2374c9022504b94b1a832c91ab535fe,5,top_heavy_shuffled,"[40, 50, 150, 80, 30]",0,0.5,1
newsqa,784,f1fca269781c4454a9fbcf23844c79dd,5,top_heavy_shuffled,"[30, 50, 40, 80, 150]",0,0.09090909090909091,1
newsqa,785,828c73b72b124615b8ccc1cf1ab1014b,5,top_heavy_shuffled,"[150, 80, 30, 40, 50]",1,1.0,1
newsqa,786,ba9e926ece6b4b6e844f51d0b7b0f056,5,top_heavy_shuffled,"[30, 40, 80, 150, 50]",1,1.0,1
newsqa,787,b6ae22e3a9d04cfbaf6206a39dd062da,5,top_heavy_shuffled,"[80, 150, 30, 40, 50]",0,0.6666666666666666,1
newsqa,788,1b9decbc39c949e8bf28c759dfe4baa2,5,top_heavy_shuffled,"[40, 30, 50, 80, 150]",0,0.0,1
newsqa,789,f5b0c1a6b5824201baa94cf53c56f0c5,5,top_heavy_shuffled,"[150, 50, 40, 30, 80]",1,1.0,0
newsqa,790,1fe12d7bff7a46d79f76ccc655caf66c,5,top_heavy_shuffled,"[150, 80, 30, 50, 40]",0,0.0,1
newsqa,791,3ca19860d31d40d58c3d6018498bbc5e,5,top_heavy_shuffled,"[50, 150, 30, 40, 80]",1,1.0,1
newsqa,792,de7fae20ac624dc9af5949d97f30a79a,5,top_heavy_shuffled,"[30, 80, 40, 50, 150]",0,0.28571428571428575,1
newsqa,793,d9d30d695b524637976deff70f6a7afd,5,top_heavy_shuffled,"[30, 150, 50, 40, 80]",0,0.0,1
newsqa,794,8be91aa0873e4a4bb89703628089432a,5,top_heavy_shuffled,"[50, 30, 80, 150, 40]",1,1.0,1
newsqa,795,a3ff08899c474fcdaaae2dd2409ec7a0,5,top_heavy_shuffled,"[30, 150, 80, 40, 50]",0,0.0,1
newsqa,796,bb1589db33fa4309b9b3f7fb5e4b3480,5,top_heavy_shuffled,"[50, 30, 40, 150, 80]",0,0.0,1
newsqa,797,2d6a236fd6104736bfb0ae4404ee6ea9,5,top_heavy_shuffled,"[50, 150, 80, 40, 30]",0,0.6666666666666666,1
newsqa,798,9c4719555e46425496a22559eff66115,5,top_heavy_shuffled,"[80, 30, 50, 150, 40]",0,0.0,0
newsqa,799,3a63e60b8ef140d28f31325f8211cb10,5,top_heavy_shuffled,"[40, 80, 50, 150, 30]",0,0.0,0
newsqa,800,93447ee40a954604bc8e1c926079b785,5,top_heavy_shuffled,"[30, 40, 50, 150, 80]",0,0.0,1
newsqa,801,aa55b1829c9c41e28f3998d32da669ec,5,top_heavy_shuffled,"[50, 150, 80, 40, 30]",0,0.6666666666666666,1
newsqa,802,6eb7f187d8aa4f319e63ad269404dab2,5,top_heavy_shuffled,"[30, 40, 150, 50, 80]",1,1.0,1
newsqa,803,67a58f5e2ff7455f8807463f414f9b99,5,top_heavy_shuffled,"[50, 30, 80, 40, 150]",0,0.0,1
newsqa,804,d62824da543e474da60ae07308009055,5,top_heavy_shuffled,"[40, 50, 30, 80, 150]",0,0.0,0
newsqa,805,b3d58c3cb86044e1ac53ac99a0246d3b,5,top_heavy_shuffled,"[40, 30, 80, 50, 150]",0,0.0,1
newsqa,806,6973eb89fb1441328fc7a79248c2a0ec,5,top_heavy_shuffled,"[50, 80, 30, 40, 150]",0,0.0,0
newsqa,807,dca240ce71894a9798451f919b5d9df0,5,top_heavy_shuffled,"[150, 50, 80, 40, 30]",0,0.2857142857142857,1
newsqa,808,b0d95637bcb44afb96457d3053631d5f,5,top_heavy_shuffled,"[50, 30, 80, 150, 40]",1,1.0,1
newsqa,809,8de2ee8d56464a9d971fdae65ae0f72b,5,top_heavy_shuffled,"[40, 30, 150, 50, 80]",0,0.0,1
newsqa,810,83966e58471549e2adc73c25f58c846b,5,top_heavy_shuffled,"[40, 150, 50, 30, 80]",0,0.0,0
newsqa,811,bb0d3b5086f845df8acfbf503fa4c2ff,5,top_heavy_shuffled,"[40, 50, 80, 150, 30]",0,0.0,1
newsqa,812,706ce26401d54a5d94687fb541f7350c,5,top_heavy_shuffled,"[40, 150, 30, 80, 50]",0,0.05555555555555556,1
newsqa,813,bf72c01037194351b8d906e8e8c4c0cc,5,top_heavy_shuffled,"[80, 40, 30, 50, 150]",0,0.0,0
newsqa,814,afa333ac95d848f0a60cde4f10d6e261,5,top_heavy_shuffled,"[40, 80, 30, 50, 150]",0,0.0,0
newsqa,815,41d5a6d229964b50b3c73d5bc9a5d1fa,5,top_heavy_shuffled,"[30, 40, 50, 150, 80]",1,1.0,1
newsqa,816,b94b8e734c3b40eaba7291c227e2edb7,5,top_heavy_shuffled,"[40, 150, 30, 80, 50]",0,0.0,1
newsqa,817,786765cfe8b44449af887152402aaa29,5,top_heavy_shuffled,"[150, 80, 40, 30, 50]",0,0.0,1
newsqa,818,031cc546d2904282a49ea01dcfa886c8,5,top_heavy_shuffled,"[30, 80, 150, 50, 40]",0,0.0,0
newsqa,819,9759378e0cc44a1c839214bdaa26612d,5,top_heavy_shuffled,"[40, 150, 30, 80, 50]",0,0.34782608695652173,1
newsqa,820,963f7654e83b425bbeadf56527740ba0,5,top_heavy_shuffled,"[30, 40, 50, 150, 80]",0,0.044444444444444446,0
newsqa,821,4fed7ee44ec9407ebf2f05e33d2f6d54,5,top_heavy_shuffled,"[40, 80, 30, 150, 50]",0,0.0,0
newsqa,822,e75dd8d226914bd9b9070a34d57ff0c9,5,top_heavy_shuffled,"[30, 80, 40, 50, 150]",0,0.0,1
newsqa,823,92216f1e211c4ddf968b958588255feb,5,top_heavy_shuffled,"[80, 30, 150, 40, 50]",0,0.21052631578947367,0
newsqa,824,fc9ff2ab888d45b79fa4959911c65e59,5,top_heavy_shuffled,"[30, 150, 40, 50, 80]",0,0.0,1
newsqa,825,dadbf5853ac746239f484a0c7ff02245,5,top_heavy_shuffled,"[80, 50, 150, 40, 30]",0,0.0,1
newsqa,826,b4e39f9e15734b6a82739950c34aa8ee,5,top_heavy_shuffled,"[80, 150, 40, 50, 30]",0,0.0,1
newsqa,827,5ed1ab8a035e44ec9200692431509884,5,top_heavy_shuffled,"[50, 30, 80, 40, 150]",0,0.09523809523809523,0
newsqa,828,2bffb804aab041ee9605adbff83fe141,5,top_heavy_shuffled,"[40, 150, 80, 30, 50]",0,0.0,0
newsqa,829,ba4602ee540d4fcfb52af541b3e7dfd8,5,top_heavy_shuffled,"[50, 80, 150, 40, 30]",0,0.0,1
newsqa,830,45a6d0b6364d49129a59f0a062a2f9a8,5,top_heavy_shuffled,"[150, 40, 50, 80, 30]",0,0.0,1
newsqa,831,199178bd55f849279f0e163c691d0903,5,top_heavy_shuffled,"[50, 80, 150, 30, 40]",1,1.0,1
newsqa,832,745c742fa8d94abe88d1330cd4cdae1d,5,top_heavy_shuffled,"[40, 50, 80, 150, 30]",1,1.0,1
newsqa,833,13c7ec87c0324be5bee05d51772027c5,5,top_heavy_shuffled,"[80, 40, 30, 150, 50]",0,0.4,1
newsqa,834,2f82125c096845fc8b5fc65418c486aa,5,top_heavy_shuffled,"[50, 30, 80, 40, 150]",0,0.5,1
newsqa,835,6c8e1e1b56bc4eb5b99b83ce6c5f3afd,5,top_heavy_shuffled,"[30, 40, 80, 50, 150]",1,1.0,1
newsqa,836,d37cc022c8344772b7d7261033a37c29,5,top_heavy_shuffled,"[30, 50, 40, 150, 80]",0,0.0,1
newsqa,837,c034e68af36c41d79e0782c060d7acbd,5,top_heavy_shuffled,"[150, 40, 80, 30, 50]",0,0.6666666666666666,1
newsqa,838,0986a62e4b4b48be90e2c9172a5b9617,5,top_heavy_shuffled,"[150, 50, 30, 80, 40]",0,0.0,1
newsqa,839,69bda7a3b8cb4e2baecd4fedbe7458ce,5,top_heavy_shuffled,"[30, 50, 40, 80, 150]",0,0.0,1
newsqa,840,144e38b6eea047c99e7ec1d8dbb6cbbc,5,top_heavy_shuffled,"[40, 150, 50, 30, 80]",0,0.5714285714285715,1
newsqa,841,3cb0174eaaf54d35878f92077740136c,5,top_heavy_shuffled,"[150, 30, 40, 80, 50]",0,0.0,0
newsqa,842,e53753e6f784486091c8dce069d90994,5,top_heavy_shuffled,"[50, 80, 40, 30, 150]",0,0.0,1
newsqa,843,6d34f597fdc54dd2aa1a8a9e32e596cb,5,top_heavy_shuffled,"[80, 50, 30, 150, 40]",0,0.0,1
newsqa,844,dbc0bbc541124ed0843db76f2e3a1581,5,top_heavy_shuffled,"[40, 50, 30, 80, 150]",0,0.0,1
newsqa,845,7f00e9c077324f689c8b0746c6381e0e,5,top_heavy_shuffled,"[150, 40, 80, 50, 30]",0,0.6666666666666666,1
newsqa,846,bb720c2091ee4a94a85eb81aa5a7acc3,5,top_heavy_shuffled,"[40, 150, 80, 50, 30]",0,0.0,0
newsqa,847,aecbba5c017943a79d643d0cc71e57b7,5,top_heavy_shuffled,"[50, 40, 80, 30, 150]",1,1.0,1
newsqa,848,a04a4431e605471480fb64662b38504d,5,top_heavy_shuffled,"[50, 150, 40, 30, 80]",0,0.0,0
newsqa,849,60bbae0fbec24bf2a8de8ac0b7076b24,5,top_heavy_shuffled,"[40, 150, 50, 30, 80]",0,0.0,1
newsqa,850,f20bdc9681624087af1dda063b3a6945,5,top_heavy_shuffled,"[150, 30, 40, 50, 80]",1,1.0,1
newsqa,851,0161b1de8e9944f58ba3663305c9759a,5,top_heavy_shuffled,"[50, 80, 30, 40, 150]",0,0.6666666666666666,1
newsqa,852,33ad75a283674ce5a8178438d8739810,5,top_heavy_shuffled,"[30, 50, 150, 80, 40]",0,0.45161290322580644,1
newsqa,853,3de977d9d8c142c79231c332dad7cfdf,5,top_heavy_shuffled,"[80, 50, 30, 150, 40]",0,0.0,1
newsqa,854,42fb458e399b41f9b78a83d4b30d27b0,5,top_heavy_shuffled,"[40, 80, 150, 30, 50]",0,0.11428571428571428,0
newsqa,855,96b2b16f84e8465d9de71f9fa9718941,5,top_heavy_shuffled,"[150, 30, 40, 80, 50]",0,0.0,1
newsqa,856,68d323c49f9740abbda05876aebfd5d7,5,top_heavy_shuffled,"[30, 50, 80, 40, 150]",1,1.0,1
newsqa,857,415c375731994f69a116e415444abd99,5,top_heavy_shuffled,"[30, 50, 80, 40, 150]",0,0.09523809523809523,1
newsqa,858,9fb85b5dcad34ba497f04a41616f6d0c,5,top_heavy_shuffled,"[150, 40, 80, 50, 30]",0,0.0,0
newsqa,859,40d56efbcf5041ff9ab958e865e63171,5,top_heavy_shuffled,"[40, 50, 30, 80, 150]",1,1.0,1
newsqa,860,16d87b6d44b74c9d9c705b0471dcb4b2,5,top_heavy_shuffled,"[50, 150, 40, 30, 80]",0,0.0,0
newsqa,861,1082fd6599c245bba88c6c46ce86eef8,5,top_heavy_shuffled,"[50, 150, 80, 40, 30]",0,0.0,0
newsqa,862,d316c97abd1e4815a14a66b9b76df881,5,top_heavy_shuffled,"[50, 150, 80, 30, 40]",1,1.0,1
newsqa,863,160bd2f1f99b4697a5945323087874cb,5,top_heavy_shuffled,"[50, 30, 40, 150, 80]",0,0.6666666666666666,1
newsqa,864,703c1f0b768d4732afa9e6a5a2d05091,5,top_heavy_shuffled,"[80, 50, 30, 40, 150]",0,0.0,0
newsqa,865,85ff90e4fd9c4c8790b6414520150e51,5,top_heavy_shuffled,"[50, 40, 150, 80, 30]",0,0.16666666666666669,1
newsqa,866,7c34ec6a706d4aaf96e4f3356fe2da7c,5,top_heavy_shuffled,"[80, 150, 30, 40, 50]",0,0.0,1
newsqa,867,6f811a0a4db94a648917355fabbd40ae,5,top_heavy_shuffled,"[30, 150, 50, 40, 80]",1,1.0,1
newsqa,868,48e5d37aaea9404a891d01584e699f18,5,top_heavy_shuffled,"[40, 80, 50, 30, 150]",1,1.0,1
newsqa,869,3e8a38a0b3e64f809e791704ac768b95,5,top_heavy_shuffled,"[80, 150, 50, 40, 30]",0,0.0,0
newsqa,870,1b454ee0cee8452986cf0b57342e8534,5,top_heavy_shuffled,"[150, 30, 40, 80, 50]",0,0.0,1
newsqa,871,893449002d894f7695b2a32aa7713cb5,5,top_heavy_shuffled,"[50, 150, 30, 80, 40]",0,0.0,1
newsqa,872,1405700ba6ce4058a4fa68e3c3d680e3,5,top_heavy_shuffled,"[50, 30, 150, 40, 80]",1,1.0,1
newsqa,873,5579074640614bacbdd03ed34a3ddf08,5,top_heavy_shuffled,"[40, 30, 50, 80, 150]",0,0.7000000000000001,1
newsqa,874,09553563f3b94bfd88d2887043744b77,5,top_heavy_shuffled,"[30, 80, 40, 50, 150]",0,0.5,1
newsqa,875,ed00bbd0da8841fa9bb15f15859a9876,5,top_heavy_shuffled,"[40, 80, 50, 150, 30]",1,1.0,1
newsqa,876,6dd10f33c4f8423080bdcf84c8a01ef1,5,top_heavy_shuffled,"[150, 80, 50, 30, 40]",0,0.0,0
newsqa,877,959464bf0c7c44ba8f2b21448867e4ad,5,top_heavy_shuffled,"[30, 40, 50, 150, 80]",0,0.0,0
newsqa,878,bf7fc80bf1024d73b6f5cea672696789,5,top_heavy_shuffled,"[150, 80, 30, 40, 50]",0,0.0,1
newsqa,879,06631314756e4d9fa7eb5f040d4d9da4,5,top_heavy_shuffled,"[40, 50, 150, 30, 80]",0,0.2608695652173913,1
newsqa,880,1d9dc72255774f95b5e274139d8ea9bd,5,top_heavy_shuffled,"[150, 80, 40, 50, 30]",0,0.0,1
newsqa,881,eb0682a6d1694acf886b84a407d68416,5,top_heavy_shuffled,"[150, 50, 40, 30, 80]",0,0.07407407407407408,1
newsqa,882,94b1187d3e5c4282983df4ab44d3d46b,5,top_heavy_shuffled,"[50, 30, 80, 40, 150]",0,0.0,1
newsqa,883,50b4c8f6f61a48c289fff1e90d3c1c68,5,top_heavy_shuffled,"[40, 150, 80, 50, 30]",1,1.0,1
newsqa,884,8c5e2893db634635891ae6afd30261c4,5,top_heavy_shuffled,"[50, 30, 150, 40, 80]",0,0.0,0
newsqa,885,9eecb36f5cb44bb18d24b6efe6824a06,5,top_heavy_shuffled,"[40, 150, 80, 50, 30]",0,0.0,1
newsqa,886,25223706065646aebcebc831d267c30d,5,top_heavy_shuffled,"[50, 80, 30, 150, 40]",0,0.0,0
newsqa,887,f97a45e3576644eda7c95849e50babef,5,top_heavy_shuffled,"[50, 40, 150, 30, 80]",1,1.0,1
newsqa,888,08aee7c44c404089b766cbe0fa2d55f5,5,top_heavy_shuffled,"[80, 40, 30, 50, 150]",0,0.0,1
newsqa,889,6d1b542705c74dfcb9ca889be8fc5c82,5,top_heavy_shuffled,"[150, 50, 30, 80, 40]",0,0.08,0
newsqa,890,8ce493334e064c2f97343909d7ddb91e,5,top_heavy_shuffled,"[150, 80, 50, 40, 30]",0,0.0,1
newsqa,891,eb6590ce2f134b889d853696a1519eca,5,top_heavy_shuffled,"[50, 40, 150, 80, 30]",0,0.04761904761904762,1
newsqa,892,b5ada864c0934f8b98d919dae0bcec35,5,top_heavy_shuffled,"[40, 30, 150, 50, 80]",1,1.0,1
newsqa,893,73d58decb36a470e91d5491834972a95,5,top_heavy_shuffled,"[30, 150, 50, 80, 40]",0,0.0,1
newsqa,894,7d08f62337054caa8e0104c19a653158,5,top_heavy_shuffled,"[80, 50, 40, 30, 150]",0,0.0,1
newsqa,895,7a24d5cc2a8f44819ca35879d229e8bc,5,top_heavy_shuffled,"[150, 50, 40, 30, 80]",0,0.0,0
newsqa,896,97034e6a207f4a238a49bf7babb932e9,5,top_heavy_shuffled,"[30, 50, 80, 40, 150]",1,1.0,1
newsqa,897,d0ef3a30427c4d66a516feb413c6b262,5,top_heavy_shuffled,"[30, 50, 40, 80, 150]",0,0.0,1
newsqa,898,59cca53e121949e39742ee34a89cffab,5,top_heavy_shuffled,"[150, 30, 80, 40, 50]",0,0.0,1
newsqa,899,a645bb94c6194b119832d8e395b47a0c,5,top_heavy_shuffled,"[80, 50, 30, 150, 40]",0,0.0,0
newsqa,900,9e32a1d3fd11455280d3aecde908c2e6,5,top_heavy_shuffled,"[80, 150, 30, 50, 40]",0,0.14285714285714288,0
newsqa,901,7d7537366071415381b140fc2d6bd90b,5,top_heavy_shuffled,"[80, 30, 40, 50, 150]",0,0.0,1
newsqa,902,46f896a31c254fb2bf5b68c060edb437,5,top_heavy_shuffled,"[80, 30, 50, 150, 40]",0,0.0,1
newsqa,903,2cda8c267a624be184e87b1d2cd0b05c,5,top_heavy_shuffled,"[40, 30, 150, 80, 50]",0,0.0,0
newsqa,904,3febc40bd3ee4d4e9226aa424b60123c,5,top_heavy_shuffled,"[50, 30, 150, 40, 80]",0,0.6666666666666666,1
newsqa,905,dfc54f2afa2849f4a1d9d7095fa37f8d,5,top_heavy_shuffled,"[50, 80, 40, 150, 30]",0,0.0,0
newsqa,906,57f26f2947864f429083b603d80000aa,5,top_heavy_shuffled,"[50, 40, 80, 150, 30]",0,0.0,1
newsqa,907,3e1bed5b98f248738744f4c55f0e6d06,5,top_heavy_shuffled,"[150, 40, 30, 80, 50]",0,0.0,1
newsqa,908,6d36da6f7d6c4ae898960241cc99cd4c,5,top_heavy_shuffled,"[30, 40, 150, 80, 50]",0,0.0,1
newsqa,909,82f2a270b951424e82df7540c14072d3,5,top_heavy_shuffled,"[80, 150, 40, 50, 30]",0,0.0,0
newsqa,910,059055bc2ed24376a2667ee2496aeb0c,5,top_heavy_shuffled,"[80, 40, 50, 150, 30]",1,1.0,1
newsqa,911,328dfae8a432499e91c71bad92e2bd79,5,top_heavy_shuffled,"[50, 80, 30, 40, 150]",0,0.0,1
newsqa,912,3555cf721db54ce6a35be172f4f0213c,5,top_heavy_shuffled,"[150, 30, 40, 50, 80]",1,1.0,1
newsqa,913,6905efa62e924f7c9960bc701d1025bb,5,top_heavy_shuffled,"[30, 50, 40, 150, 80]",1,1.0,1
newsqa,914,edd8922fe3ec43be851dee74c97ea861,5,top_heavy_shuffled,"[150, 50, 40, 80, 30]",0,0.0,0
newsqa,915,3f5b923f78d642ebb61f535595115ceb,5,top_heavy_shuffled,"[40, 150, 80, 50, 30]",0,0.0,1
newsqa,916,644155df8e7446718cc1d9ca4d2f4c05,5,top_heavy_shuffled,"[150, 40, 30, 80, 50]",1,1.0,1
newsqa,917,f1cd28d437e44ac586e3494371c55ff1,5,top_heavy_shuffled,"[40, 80, 150, 30, 50]",0,0.2222222222222222,1
newsqa,918,b8b75f189ac042c9a664c7bc13bcb936,5,top_heavy_shuffled,"[30, 40, 150, 80, 50]",0,0.0,0
newsqa,919,1cdeb2b345c247bfb083ab363bebd64c,5,top_heavy_shuffled,"[30, 50, 40, 150, 80]",0,0.0,1
newsqa,920,930d23fe662b49d4bb01a291e8a6ad98,5,top_heavy_shuffled,"[80, 50, 40, 150, 30]",0,0.0,1
newsqa,921,46414d4b1b7a4838987e3ee887a448bb,5,top_heavy_shuffled,"[150, 80, 40, 50, 30]",0,0.0,0
newsqa,922,fdc90f6593464af6b65c2f38b2c814c6,5,top_heavy_shuffled,"[80, 40, 150, 30, 50]",1,1.0,1
newsqa,923,e6cad506fcab4d979e90f4a9176b1408,5,top_heavy_shuffled,"[50, 30, 80, 150, 40]",1,1.0,1
newsqa,924,72a4722fda5f436e81437aea9042aaa8,5,top_heavy_shuffled,"[30, 150, 40, 50, 80]",0,0.5,1
newsqa,925,76ed5aaaa5bb47d7923d45360b3332ec,5,top_heavy_shuffled,"[50, 150, 30, 40, 80]",0,0.0,1
newsqa,926,33d1e51367a3481086b0b8206010e16c,5,top_heavy_shuffled,"[40, 150, 30, 50, 80]",0,0.0,1
newsqa,927,d1f6974f4b8f4a189e64cdf36c986df7,5,top_heavy_shuffled,"[30, 80, 50, 40, 150]",0,0.28571428571428575,1
newsqa,928,57351304b16347d58b309e84d19b79aa,5,top_heavy_shuffled,"[80, 50, 30, 150, 40]",0,0.7499999999999999,1
newsqa,929,7f022ca089d74d51a4be4625cb6191d5,5,top_heavy_shuffled,"[80, 30, 40, 150, 50]",0,0.0,0
newsqa,930,3c5e3c93b4f04892a42057005a46caaa,5,top_heavy_shuffled,"[40, 80, 50, 30, 150]",0,0.0,0
newsqa,931,f7b2f89be1724a9c86cbcc347b0c4425,5,top_heavy_shuffled,"[80, 50, 150, 30, 40]",0,0.0,1
newsqa,932,2af6e73ac32145e9bb843506ce6c6a61,5,top_heavy_shuffled,"[80, 30, 50, 150, 40]",1,1.0,1
newsqa,933,c4c1471da58b4cf087e179b9b71adef4,5,top_heavy_shuffled,"[40, 150, 80, 30, 50]",1,1.0,1
newsqa,934,1854615c2d334e5aa3a608b90f0547b5,5,top_heavy_shuffled,"[80, 50, 30, 150, 40]",1,1.0,1
newsqa,935,402f5f93e4a04d998cb41298d57b8115,5,top_heavy_shuffled,"[30, 50, 150, 80, 40]",1,1.0,1
newsqa,936,531226f1c86f49a3bee6638692fedd34,5,top_heavy_shuffled,"[50, 150, 30, 40, 80]",0,0.0,1
newsqa,937,23d9c3e938cd4e54a2917488a719b832,5,top_heavy_shuffled,"[150, 40, 50, 30, 80]",0,0.0,0
newsqa,938,d5012bef02214f0c9698b7a828959e39,5,top_heavy_shuffled,"[150, 40, 30, 80, 50]",1,1.0,1
newsqa,939,79d983f421ab4c3e92364b83b7186e99,5,top_heavy_shuffled,"[80, 50, 30, 150, 40]",1,1.0,1
newsqa,940,2e71514053a447d5bbd3f9625420ca43,5,top_heavy_shuffled,"[50, 40, 80, 30, 150]",0,0.29629629629629634,1
newsqa,941,6a420f8f42204d968a137faeb1d73784,5,top_heavy_shuffled,"[50, 30, 40, 80, 150]",0,0.0,0
newsqa,942,2f56933ee8024412b6ef05faf87e7a46,5,top_heavy_shuffled,"[30, 150, 40, 50, 80]",0,0.1515151515151515,1
newsqa,943,ccb81b6865484234ab334d34412a6b35,5,top_heavy_shuffled,"[30, 50, 40, 150, 80]",1,1.0,1
newsqa,944,e33b52e8485c41518aaf76f1048c35e4,5,top_heavy_shuffled,"[150, 40, 80, 50, 30]",0,0.0,1
newsqa,945,29544317d3ab466d8b13e1eac4463c10,5,top_heavy_shuffled,"[40, 150, 80, 50, 30]",0,0.6666666666666666,1
newsqa,946,b5736ba3b8574e3388b2a5ebccb15b09,5,top_heavy_shuffled,"[30, 150, 80, 50, 40]",0,0.0,0
newsqa,947,7e4328290edf4f2aac9f8988b5079fe1,5,top_heavy_shuffled,"[40, 30, 80, 150, 50]",0,0.7000000000000001,1
newsqa,948,8bff718944c84becbf657952138356fd,5,top_heavy_shuffled,"[30, 150, 40, 80, 50]",0,0.7499999999999999,1
newsqa,949,c411868fbe054e80b90a12463b2beddd,5,top_heavy_shuffled,"[80, 40, 50, 150, 30]",0,0.0,1
newsqa,950,ead58bae18d04b9c89be6f0bbe3f155f,5,top_heavy_shuffled,"[40, 80, 30, 150, 50]",0,0.0,0
newsqa,951,319e4521a8454f6a908b91d874ce2e08,5,top_heavy_shuffled,"[40, 150, 80, 50, 30]",0,0.05128205128205128,0
newsqa,952,bc947534038744198b74eab0dc89a6fe,5,top_heavy_shuffled,"[50, 30, 80, 40, 150]",0,0.6666666666666666,1
newsqa,953,aece58a299d84cd88579bca72c73da46,5,top_heavy_shuffled,"[50, 150, 80, 30, 40]",0,0.0,0
newsqa,954,61727044bdac4760964296c822ea1ffa,5,top_heavy_shuffled,"[30, 150, 80, 40, 50]",0,0.6666666666666666,1
newsqa,955,bc61a95b6c25463db3459cd626a11ad0,5,top_heavy_shuffled,"[80, 30, 50, 40, 150]",0,0.9090909090909091,1
newsqa,956,e45fbf36c6d64467b16f13324d22a4c2,5,top_heavy_shuffled,"[50, 150, 80, 40, 30]",0,0.3636363636363636,1
newsqa,957,1e1eb993a1ca4265978c2db209a671b7,5,top_heavy_shuffled,"[40, 150, 80, 50, 30]",0,0.0,1
newsqa,958,f74b173f48654bc9832934834956c10f,5,top_heavy_shuffled,"[50, 30, 40, 80, 150]",0,0.0,1
newsqa,959,30913ce681084f3f8357bef6147fe049,5,top_heavy_shuffled,"[30, 80, 50, 40, 150]",0,0.0,1
newsqa,960,359f8256bb2b4d5589fa81885ef48257,5,top_heavy_shuffled,"[40, 80, 30, 150, 50]",0,0.6666666666666666,1
newsqa,961,3d531ea0078248ebb3dd503bb338071f,5,top_heavy_shuffled,"[30, 80, 50, 40, 150]",0,0.0,1
newsqa,962,a9dff945426841f8b37069eefd82297b,5,top_heavy_shuffled,"[40, 50, 80, 150, 30]",0,0.0,1
newsqa,963,aa9daba7638b4fa9b1472bb648fe964e,5,top_heavy_shuffled,"[80, 30, 150, 40, 50]",0,0.6666666666666666,1
newsqa,964,dd66178403e8487382fdc1b84bb2881c,5,top_heavy_shuffled,"[150, 40, 80, 30, 50]",0,0.0,0
newsqa,965,c9bcb9b8a8ba42f5bfd2538b4925a3ac,5,top_heavy_shuffled,"[150, 80, 30, 50, 40]",0,0.0,1
newsqa,966,a14a2ea82a1544a19f7c45cbf7f82f6e,5,top_heavy_shuffled,"[80, 30, 40, 50, 150]",0,0.8,1
newsqa,967,fb2d1f54601e4f89be70d07393db45f4,5,top_heavy_shuffled,"[50, 80, 40, 30, 150]",0,0.5714285714285715,1
newsqa,968,b83b50ae80c3463aa27b05bb0bf4b493,5,top_heavy_shuffled,"[150, 30, 50, 80, 40]",0,0.0,0
newsqa,969,26c180c03a734a1aaee4138be308a078,5,top_heavy_shuffled,"[30, 50, 80, 40, 150]",0,0.06451612903225806,1
newsqa,970,273733b869b741a7b9667927ea701789,5,top_heavy_shuffled,"[80, 150, 40, 30, 50]",0,0.0,0
newsqa,971,97cb3c77ddba4ab9ae6bfdc00eb09c42,5,top_heavy_shuffled,"[50, 150, 30, 80, 40]",0,0.0,1
newsqa,972,08473edda228492e9cfe9b6583977e50,5,top_heavy_shuffled,"[80, 30, 40, 150, 50]",0,0.0,1
newsqa,973,6d5eb886bc37490aa1854938f9b36903,5,top_heavy_shuffled,"[50, 30, 150, 40, 80]",0,0.0,0
newsqa,974,e0ce4da6cbfe4f26b945f5555901e5c5,5,top_heavy_shuffled,"[50, 150, 30, 40, 80]",0,0.0,0
newsqa,975,f002078c2ea2435db1e405606b820e19,5,top_heavy_shuffled,"[80, 30, 50, 150, 40]",1,1.0,1
newsqa,976,441f524567e9477a9b0d07f4a0907622,5,top_heavy_shuffled,"[40, 150, 30, 80, 50]",1,1.0,1
newsqa,977,60dd6a100f3b42598ab0d32f254b1662,5,top_heavy_shuffled,"[30, 50, 40, 80, 150]",0,0.0,0
newsqa,978,873ea1af23e548efb10a54c97edcdb6b,5,top_heavy_shuffled,"[30, 50, 150, 40, 80]",0,0.0,1
newsqa,979,3e1d564bb5eb4b1ba37db917c472a566,5,top_heavy_shuffled,"[150, 30, 50, 40, 80]",0,0.42857142857142855,1
newsqa,980,04676862004644f18aa94ff54107047c,5,top_heavy_shuffled,"[150, 40, 50, 80, 30]",0,0.0,0
newsqa,981,116e002d700e4d349581f1a4937dfba8,5,top_heavy_shuffled,"[150, 40, 80, 30, 50]",0,0.0,0
newsqa,982,283c5867606b46258127fa5fed7cf62d,5,top_heavy_shuffled,"[30, 150, 80, 40, 50]",0,0.0,1
newsqa,983,171414c078ce452d9374be8989aa0147,5,top_heavy_shuffled,"[40, 30, 80, 150, 50]",0,0.0,0
newsqa,984,a2643b6d7fe94e54bb74da276f0a4646,5,top_heavy_shuffled,"[30, 50, 40, 80, 150]",0,0.0,1
newsqa,985,342cb6f69f6449318f4c4e5385f954fd,5,top_heavy_shuffled,"[50, 150, 80, 40, 30]",0,0.0,1
newsqa,986,e3fe3ef5daa6485a8a3f91dfccc9d797,5,top_heavy_shuffled,"[30, 50, 80, 150, 40]",0,0.12903225806451613,1
newsqa,987,6071cc99d5744a17814ad38e72b53f3b,5,top_heavy_shuffled,"[150, 30, 80, 40, 50]",0,0.0,0
newsqa,988,d5f0273d41ad45ab9a9819cb49e29b02,5,top_heavy_shuffled,"[30, 80, 150, 50, 40]",0,0.0,1
newsqa,989,d1b4f5f6d643456aad1526324d39c259,5,top_heavy_shuffled,"[50, 150, 80, 40, 30]",0,0.0,1
newsqa,990,62747a42a9074e7da75c495cc4daca38,5,top_heavy_shuffled,"[80, 150, 50, 30, 40]",0,0.6666666666666666,1
newsqa,991,5d464ecc16894c0cbc33ed95ac502289,5,top_heavy_shuffled,"[150, 30, 40, 80, 50]",0,0.7499999999999999,1
newsqa,992,e5fb043f8b0245f2acc78136af1bb5dd,5,top_heavy_shuffled,"[40, 80, 30, 150, 50]",0,0.6666666666666666,1
newsqa,993,53278976c290499ab7f1decb9f7bf6a2,5,top_heavy_shuffled,"[80, 40, 150, 50, 30]",0,0.041666666666666664,1
newsqa,994,7889488ae4d3460bafe900d6917b650e,5,top_heavy_shuffled,"[40, 50, 80, 30, 150]",0,0.0,1
newsqa,995,91ef74a5a47a442aaa5af41b3d564051,5,top_heavy_shuffled,"[30, 150, 50, 40, 80]",0,0.32,1
newsqa,996,3e83d3398a8a4e26a98fab7f85c8cb59,5,top_heavy_shuffled,"[30, 50, 40, 150, 80]",0,0.0,1
newsqa,997,20e0dcefdff242ebb51ce89c34182814,5,top_heavy_shuffled,"[30, 40, 80, 50, 150]",0,0.03921568627450981,0
newsqa,998,7e7a5a32f59b49ccacc7c1408799a32a,5,top_heavy_shuffled,"[150, 50, 30, 80, 40]",0,0.0,1
newsqa,999,a3ac333098d74ad7acf2d20bbc261c9b,5,top_heavy_shuffled,"[30, 40, 50, 150, 80]",0,0.3333333333333333,1
newsqa,0,728220fe1b5f4ce886273ec524c6972b,7,top_heavy_shuffled,"[20, 25, 70, 15, 35, 45, 140]",1,1.0,1
newsqa,1,c89d1c366c274f6e8d233be688759386,7,top_heavy_shuffled,"[15, 35, 140, 20, 70, 25, 45]",0,0.0,1
newsqa,2,644d4774db194bb0b491e58deff0fe6c,7,top_heavy_shuffled,"[35, 20, 45, 15, 70, 25, 140]",0,0.0,1
newsqa,3,b7648c8b476e4482a7fa9a8d4584c551,7,top_heavy_shuffled,"[70, 35, 140, 45, 20, 15, 25]",0,0.5,1
newsqa,4,362b90d2f2de47e1a0d9be76d1383cd5,7,top_heavy_shuffled,"[20, 140, 45, 25, 15, 70, 35]",0,0.10526315789473685,1
newsqa,5,e365fba82bca48ad8b9ec4fbac8bd3b7,7,top_heavy_shuffled,"[15, 45, 35, 140, 20, 25, 70]",0,0.4444444444444445,1
newsqa,6,56a527cc368e4b10ac88117b33ab6370,7,top_heavy_shuffled,"[20, 25, 15, 140, 45, 70, 35]",0,0.09090909090909091,0
newsqa,7,ef7ff14fda8347479995319185ade05f,7,top_heavy_shuffled,"[45, 70, 20, 140, 15, 35, 25]",1,1.0,1
newsqa,8,e7abf6763c7d425c8577ed893a0cd182,7,top_heavy_shuffled,"[70, 35, 20, 15, 140, 45, 25]",0,0.0,1
newsqa,9,08b8fd7f109845eda0ffb6868479f8c2,7,top_heavy_shuffled,"[45, 140, 70, 20, 25, 35, 15]",0,0.0,0
newsqa,10,ddc318071f01453ab87ceebe18062971,7,top_heavy_shuffled,"[140, 45, 20, 35, 25, 15, 70]",0,0.0,1
newsqa,11,b33e0d818b364b87878b747b09987f28,7,top_heavy_shuffled,"[15, 45, 70, 25, 20, 140, 35]",0,0.0,1
newsqa,12,629ca0ba60d84e678789916c527e5e74,7,top_heavy_shuffled,"[70, 25, 35, 45, 140, 20, 15]",0,0.0,1
newsqa,13,dc5438680eeb4547b962a6d05a58125d,7,top_heavy_shuffled,"[20, 45, 35, 70, 25, 140, 15]",0,0.0,1
newsqa,14,2ea97cfbe22340cdabec8b67b75b0f0e,7,top_heavy_shuffled,"[15, 45, 140, 25, 20, 70, 35]",1,1.0,1
newsqa,15,dc27edf1253345dabb1ae19ef7d8a829,7,top_heavy_shuffled,"[70, 25, 140, 45, 35, 20, 15]",1,1.0,1
newsqa,16,c3ec8eaa57d0418da0c66d7ad83761b3,7,top_heavy_shuffled,"[25, 70, 20, 45, 140, 15, 35]",0,0.0,1
newsqa,17,f22c94617c404f388ea469654e9a580f,7,top_heavy_shuffled,"[25, 70, 15, 20, 140, 35, 45]",0,0.2857142857142857,1
newsqa,18,2c9d87584b86413d86f28eb40a1af7cf,7,top_heavy_shuffled,"[45, 25, 15, 70, 20, 140, 35]",1,1.0,1
newsqa,19,49af423e020444c999bdbdaa7cc573bd,7,top_heavy_shuffled,"[20, 45, 25, 15, 70, 35, 140]",0,0.0,1
newsqa,20,a2f796f7536947518cb11c541c564c83,7,top_heavy_shuffled,"[25, 45, 15, 20, 140, 35, 70]",0,0.0,1
newsqa,21,70ff5cd057104a24a7de546f6a0a93e2,7,top_heavy_shuffled,"[140, 20, 15, 35, 25, 70, 45]",0,0.5714285714285715,1
newsqa,22,bb0bceec8bca491db5c90c3962960eea,7,top_heavy_shuffled,"[70, 25, 35, 20, 15, 45, 140]",0,0.0,1
newsqa,23,4790b60660da497bb390ed9bc5996973,7,top_heavy_shuffled,"[70, 45, 140, 20, 15, 35, 25]",0,0.0,1
newsqa,24,092f821b8fd243efb2bfd2f200cb99ee,7,top_heavy_shuffled,"[25, 70, 140, 35, 45, 15, 20]",0,0.0,1
newsqa,25,e21128d6906243a58807600c9e0744b4,7,top_heavy_shuffled,"[140, 70, 45, 20, 35, 25, 15]",0,0.10526315789473684,1
newsqa,26,b612d7f272cd452dab8379571e41f3dd,7,top_heavy_shuffled,"[35, 45, 25, 70, 140, 20, 15]",1,1.0,1
newsqa,27,40f708bf9a744a90b62edfb3b44ad9cf,7,top_heavy_shuffled,"[20, 15, 45, 35, 25, 70, 140]",0,0.0,0
newsqa,28,b5b3c4c6f37c4de3907df3b82c13a2d7,7,top_heavy_shuffled,"[15, 45, 35, 20, 140, 70, 25]",0,0.0,1
newsqa,29,ebe6da22787d42bab5690387505c2674,7,top_heavy_shuffled,"[70, 20, 25, 45, 15, 140, 35]",0,0.0,0
newsqa,30,74953752801446a2abe6b330ce63c179,7,top_heavy_shuffled,"[140, 20, 25, 45, 70, 15, 35]",0,0.0,0
newsqa,31,ed2ba8953b6a49bb8f961969603a956f,7,top_heavy_shuffled,"[70, 25, 20, 35, 45, 15, 140]",1,1.0,1
newsqa,32,d468e9a904314a5a92582bcfcc7b7635,7,top_heavy_shuffled,"[45, 20, 35, 70, 25, 140, 15]",0,0.0,1
newsqa,33,59c97e698fe0492890ba2dec20b8ff97,7,top_heavy_shuffled,"[25, 20, 35, 15, 70, 140, 45]",0,0.0,0
newsqa,34,c00bac5c39534761b85d1adeea7bdd23,7,top_heavy_shuffled,"[15, 25, 45, 20, 70, 140, 35]",1,1.0,1
newsqa,35,625274d8050f451ebd131104306237c1,7,top_heavy_shuffled,"[140, 35, 45, 20, 70, 25, 15]",0,0.03278688524590164,1
newsqa,36,64215d84427e4d709e2914e76df055c5,7,top_heavy_shuffled,"[25, 70, 20, 140, 45, 15, 35]",0,0.0,1
newsqa,37,5464eecea5074ee49a1f281e3855f2d1,7,top_heavy_shuffled,"[140, 15, 45, 20, 70, 25, 35]",0,0.888888888888889,1
newsqa,38,f4e61efd586744d9941da1aea777b7d7,7,top_heavy_shuffled,"[45, 35, 70, 140, 20, 25, 15]",0,0.6666666666666666,1
newsqa,39,e89b8741115d4a248603dde70032bccd,7,top_heavy_shuffled,"[25, 45, 35, 20, 70, 140, 15]",0,0.06666666666666667,1
newsqa,40,4dd31c6180e64c4eb59983819779cf2c,7,top_heavy_shuffled,"[20, 35, 45, 70, 15, 25, 140]",0,0.6666666666666666,1
newsqa,41,1bf26f3035ec45e5874eb0de76a8d903,7,top_heavy_shuffled,"[70, 20, 25, 35, 140, 15, 45]",0,0.14285714285714288,1
newsqa,42,f86df4ac102d4a058ac5a346fed44de9,7,top_heavy_shuffled,"[70, 45, 35, 25, 20, 140, 15]",0,0.0,1
newsqa,43,ace17f51ddc44d7db28c05c44bc5d658,7,top_heavy_shuffled,"[20, 140, 45, 15, 25, 70, 35]",1,1.0,1
newsqa,44,e2c278dfb89b444389ac7fa574c14697,7,top_heavy_shuffled,"[25, 70, 35, 140, 15, 20, 45]",0,0.0,1
newsqa,45,9b01a7aac7fb40979eccbed5da004372,7,top_heavy_shuffled,"[25, 35, 15, 140, 70, 20, 45]",0,0.0,0
newsqa,46,6778d6c630a84294a6dd81fbfabf9177,7,top_heavy_shuffled,"[35, 140, 70, 20, 45, 25, 15]",0,0.0,0
newsqa,47,35190f405eb4417497a797f137fb3f1b,7,top_heavy_shuffled,"[35, 25, 15, 70, 140, 20, 45]",1,1.0,1
newsqa,48,a5d866dd01974343ba3475ba0ca2387c,7,top_heavy_shuffled,"[45, 70, 140, 25, 15, 35, 20]",0,0.0,1
newsqa,49,34a877cef8f4456197484f09d1643e87,7,top_heavy_shuffled,"[140, 70, 15, 45, 20, 35, 25]",0,0.6666666666666666,1
newsqa,50,f87ac51d4db74ff7b51a4c5ea00723e8,7,top_heavy_shuffled,"[25, 20, 35, 15, 70, 140, 45]",0,0.0,0
newsqa,51,9bb1b01620ea4ed28be3d13447145272,7,top_heavy_shuffled,"[25, 140, 45, 70, 20, 35, 15]",0,0.0,1
newsqa,52,68b7a9d693f84289b1d8cca76c5daf3b,7,top_heavy_shuffled,"[140, 15, 20, 35, 70, 45, 25]",1,1.0,1
newsqa,53,413339d30cc447a884eb601571769b06,7,top_heavy_shuffled,"[140, 20, 70, 45, 35, 25, 15]",0,0.0,1
newsqa,54,b0d97074e304423bab66769456c4890d,7,top_heavy_shuffled,"[20, 45, 70, 35, 140, 25, 15]",0,0.0,1
newsqa,55,9827d6f7626d46c188fc893ff0e12fd9,7,top_heavy_shuffled,"[35, 15, 20, 25, 140, 45, 70]",0,0.1904761904761905,1
newsqa,56,3750487af26c40af96cb49550876a52a,7,top_heavy_shuffled,"[140, 35, 25, 15, 70, 20, 45]",0,0.0,0
newsqa,57,5010c8ecc7584e2d86bbb2ab8acfa878,7,top_heavy_shuffled,"[15, 25, 140, 70, 35, 20, 45]",1,1.0,1
newsqa,58,c5b80b9f943d4bd3b11c84700bff495f,7,top_heavy_shuffled,"[25, 20, 45, 70, 35, 140, 15]",1,1.0,1
newsqa,59,7bfe3ee0862a4bdbb5e06b894cfefd29,7,top_heavy_shuffled,"[25, 70, 20, 140, 35, 15, 45]",0,0.0,1
newsqa,60,d7f9ec97994d42c3bf9dfc7e853a3d66,7,top_heavy_shuffled,"[25, 35, 70, 20, 15, 45, 140]",0,0.0,1
newsqa,61,dc530a1b42fc45af9b9112f391db3504,7,top_heavy_shuffled,"[25, 15, 140, 45, 20, 70, 35]",0,0.5,1
newsqa,62,6d8f6111e0f2484f961308f6dc5270b3,7,top_heavy_shuffled,"[70, 25, 15, 45, 20, 140, 35]",0,0.0,1
newsqa,63,ef32addb3b9b4c8ab122fd787122a657,7,top_heavy_shuffled,"[45, 35, 70, 25, 20, 15, 140]",0,0.0,1
newsqa,64,79e87ee729dd4f40b1492c9d24d26541,7,top_heavy_shuffled,"[70, 140, 45, 20, 15, 25, 35]",0,0.0,1
newsqa,65,94b8ba1c855e4789a90cd5692ee3e710,7,top_heavy_shuffled,"[140, 35, 70, 25, 15, 20, 45]",0,0.0,1
newsqa,66,7de2c568942c4160a93c7c80f264030f,7,top_heavy_shuffled,"[70, 35, 25, 140, 45, 20, 15]",0,0.0,0
newsqa,67,eeef45fe8f664128b6f49991e5695c3e,7,top_heavy_shuffled,"[45, 70, 35, 20, 15, 140, 25]",0,0.0,0
newsqa,68,fb575e95e21843f9bc7ab8acdde72ee7,7,top_heavy_shuffled,"[45, 20, 70, 25, 35, 140, 15]",0,0.0,1
newsqa,69,0ae51cad51b340cb9ce156a667e11a5e,7,top_heavy_shuffled,"[15, 35, 25, 70, 20, 140, 45]",0,0.0,0
newsqa,70,2e3e4e90adb64e86bf0e6ccf5499126b,7,top_heavy_shuffled,"[70, 45, 25, 15, 35, 140, 20]",0,0.0,1
newsqa,71,8b49dc87c93b45c48eb62e4a0b8ac604,7,top_heavy_shuffled,"[25, 45, 20, 140, 35, 15, 70]",0,0.2857142857142857,1
newsqa,72,dafae23b13b148619784124572b26008,7,top_heavy_shuffled,"[70, 140, 15, 45, 20, 25, 35]",0,0.0,1
newsqa,73,054d98807bed447f896aaa343005bb89,7,top_heavy_shuffled,"[140, 25, 20, 35, 70, 45, 15]",0,0.6666666666666666,1
newsqa,74,fee6642b071a46e9b1a005d63b58a98c,7,top_heavy_shuffled,"[45, 70, 15, 20, 35, 140, 25]",0,0.0,1
newsqa,75,ae35f52b8069416da505e192383e1cab,7,top_heavy_shuffled,"[35, 20, 70, 140, 25, 45, 15]",0,0.0,1
newsqa,76,21976ca866684313b86aa9450c61406c,7,top_heavy_shuffled,"[25, 15, 20, 140, 70, 35, 45]",0,0.0,1
newsqa,77,bfa3a133f4fc48eda18b7464dddc5e70,7,top_heavy_shuffled,"[140, 25, 45, 70, 20, 15, 35]",0,0.0,1
newsqa,78,8809bd64552f4f7aa8f53f493602ceae,7,top_heavy_shuffled,"[15, 20, 25, 45, 70, 35, 140]",1,1.0,1
newsqa,79,4e6de19d338a44b6bd4bbaec2c3c0635,7,top_heavy_shuffled,"[45, 70, 35, 140, 25, 20, 15]",1,1.0,1
newsqa,80,121d9ead9e87477baedf4605be92bbf7,7,top_heavy_shuffled,"[35, 20, 70, 15, 45, 25, 140]",1,1.0,1
newsqa,81,96478949a8214ae4bd74130d64466203,7,top_heavy_shuffled,"[35, 25, 45, 20, 70, 140, 15]",0,0.07142857142857142,1
newsqa,82,e2bc1abc94f141399b0b004676f84171,7,top_heavy_shuffled,"[45, 20, 35, 25, 140, 70, 15]",0,0.8,1
newsqa,83,a018ca4c1e8e4a44b48188655383c8a5,7,top_heavy_shuffled,"[15, 25, 140, 45, 70, 35, 20]",0,0.25,1
newsqa,84,2c175bdf51494ae1a97be4ed1a365825,7,top_heavy_shuffled,"[25, 45, 35, 70, 15, 20, 140]",1,1.0,1
newsqa,85,916d57f6183b4c52999933fe394cae6e,7,top_heavy_shuffled,"[70, 140, 35, 15, 25, 45, 20]",0,0.0,1
newsqa,86,2324b8d221fa41d58267b515b1a1109a,7,top_heavy_shuffled,"[25, 140, 20, 45, 15, 35, 70]",0,0.0,1
newsqa,87,c0d3770ca41e4463958dca0c88ce3979,7,top_heavy_shuffled,"[140, 35, 20, 15, 70, 25, 45]",0,0.0,1
newsqa,88,68ac44d7d9e24aee8fcaa91e0f364062,7,top_heavy_shuffled,"[45, 70, 15, 20, 140, 35, 25]",0,0.06666666666666668,1
newsqa,89,f6ea20f22a394788814a7b4374246cf9,7,top_heavy_shuffled,"[70, 20, 45, 15, 35, 25, 140]",0,0.4444444444444445,1
newsqa,90,5f53831743434c24b29ed9b858d87e4b,7,top_heavy_shuffled,"[45, 70, 25, 20, 15, 35, 140]",0,0.8571428571428571,1
newsqa,91,20c6639f94d24a91ac79c15024fcd5f7,7,top_heavy_shuffled,"[35, 25, 140, 20, 45, 70, 15]",0,0.4,1
newsqa,92,6c6f0f2b83e546e39bc40d37b0ee9975,7,top_heavy_shuffled,"[20, 45, 35, 15, 70, 140, 25]",1,1.0,1
newsqa,93,a1b8855de6ff4bf2b8afc5942486e88c,7,top_heavy_shuffled,"[45, 140, 15, 25, 70, 35, 20]",0,0.0,0
newsqa,94,986fec610e0e4bf9bb3de6be1fa0356e,7,top_heavy_shuffled,"[70, 20, 15, 45, 25, 35, 140]",0,0.0,0
newsqa,95,ce5d0f11b9664510a27bf3c483792f13,7,top_heavy_shuffled,"[20, 140, 35, 45, 25, 15, 70]",1,1.0,1
newsqa,96,3f092922c6854e3f8bdf22cc50cf71a9,7,top_heavy_shuffled,"[15, 20, 45, 70, 25, 140, 35]",1,1.0,1
newsqa,97,811785fb9d684ccd9577541cd4c94555,7,top_heavy_shuffled,"[70, 20, 35, 140, 15, 45, 25]",0,0.0,1
newsqa,98,66d0e7da123d49fd8f8016dc27775052,7,top_heavy_shuffled,"[35, 45, 140, 25, 15, 70, 20]",1,1.0,1
newsqa,99,1646e87aca7b4f078ae816044f0f5955,7,top_heavy_shuffled,"[45, 140, 35, 20, 15, 70, 25]",1,1.0,1
newsqa,100,d2747da8e1e1416cb057ee8651131dd8,7,top_heavy_shuffled,"[20, 15, 140, 45, 35, 70, 25]",0,0.09756097560975609,1
newsqa,101,8834ade537ca4faca9fb3bdd7efcb88b,7,top_heavy_shuffled,"[45, 15, 20, 35, 140, 25, 70]",1,1.0,1
newsqa,102,81a06cc7f0ed45fba03d40062246bf0f,7,top_heavy_shuffled,"[70, 35, 45, 15, 25, 140, 20]",0,0.2857142857142857,1
newsqa,103,9f8bb4dd263246dbac8f331f745d2e5a,7,top_heavy_shuffled,"[140, 25, 35, 45, 70, 15, 20]",0,0.22222222222222224,1
newsqa,104,d0940d4e2f8b4c23817a178bf3f2ee85,7,top_heavy_shuffled,"[25, 45, 140, 15, 35, 20, 70]",0,0.0,0
newsqa,105,62b2d8702439498197acee357c30a8bd,7,top_heavy_shuffled,"[140, 35, 70, 20, 25, 15, 45]",0,0.05405405405405406,0
newsqa,106,1fcf01709c0b404da2b3024ac0a02eb0,7,top_heavy_shuffled,"[25, 35, 45, 15, 70, 140, 20]",0,0.22222222222222224,0
newsqa,107,f299e2d5b4264decb2fd2ab4d6a53c2d,7,top_heavy_shuffled,"[20, 25, 45, 35, 70, 140, 15]",0,0.0,0
newsqa,108,ecba8f966e03447a940cfff69f9ba8e1,7,top_heavy_shuffled,"[25, 15, 45, 35, 20, 140, 70]",1,1.0,1
newsqa,109,077524326f6a4e53a728f5341e89f79c,7,top_heavy_shuffled,"[35, 15, 70, 25, 20, 140, 45]",0,0.5,1
newsqa,110,18cbdcbef93544acac9407596569a64f,7,top_heavy_shuffled,"[70, 20, 25, 45, 140, 15, 35]",0,0.0,1
newsqa,111,afc8672a21f441369ab4b0ffb8532c21,7,top_heavy_shuffled,"[35, 70, 15, 140, 25, 20, 45]",0,0.6666666666666666,1
newsqa,112,c64f2789544c45c8bf9dceebb35cfa53,7,top_heavy_shuffled,"[25, 45, 140, 20, 15, 35, 70]",0,0.0,0
newsqa,113,c2bf5fa95d404050b8f86692d9100be0,7,top_heavy_shuffled,"[15, 45, 25, 70, 35, 20, 140]",0,0.0,1
newsqa,114,ff5f25fc4c9b4354b49fc603df373ee0,7,top_heavy_shuffled,"[15, 25, 45, 20, 70, 35, 140]",0,0.0,1
newsqa,115,d83aff530fd447b49138953308883ac2,7,top_heavy_shuffled,"[70, 20, 15, 35, 25, 140, 45]",0,0.0,0
newsqa,116,5b7387ec945d47b8b624c2b55b6a80c1,7,top_heavy_shuffled,"[20, 35, 140, 25, 70, 15, 45]",0,0.0,1
newsqa,117,987b4118a9304f2f8193ab27a36b0489,7,top_heavy_shuffled,"[140, 45, 70, 35, 25, 15, 20]",0,0.0,1
newsqa,118,da630eb21dea4abe920e8253d4fd6a34,7,top_heavy_shuffled,"[20, 140, 25, 45, 35, 70, 15]",0,0.3,1
newsqa,119,1cfc4441a86445fab7952656df2d64a0,7,top_heavy_shuffled,"[70, 20, 35, 45, 25, 140, 15]",0,0.0,1
newsqa,120,5cac964bb57446e39b0f58d6043c12d7,7,top_heavy_shuffled,"[15, 20, 45, 25, 70, 140, 35]",1,1.0,1
newsqa,121,30cbead889fc4c0783a1afd652cfb163,7,top_heavy_shuffled,"[20, 140, 25, 35, 15, 70, 45]",0,0.6666666666666666,1
newsqa,122,d7eb4ea422a0440ab1a2ea0d9a313198,7,top_heavy_shuffled,"[25, 45, 70, 20, 35, 140, 15]",0,0.0,1
newsqa,123,c8c3c9f350c5469da18f367a6a250097,7,top_heavy_shuffled,"[15, 140, 25, 20, 70, 35, 45]",0,0.0,0
newsqa,124,b47d1c59552a453ba57c2121f029242d,7,top_heavy_shuffled,"[70, 15, 140, 20, 45, 35, 25]",0,0.0,1
newsqa,125,29b82a59344f4d38854c476a31827ba7,7,top_heavy_shuffled,"[15, 25, 35, 20, 140, 45, 70]",0,0.0,0
newsqa,126,9a0b3de216b6498699f9a1745ef51447,7,top_heavy_shuffled,"[35, 45, 25, 140, 20, 70, 15]",0,0.41379310344827586,1
newsqa,127,f126e81901054b3ba5fb4ce920b1df38,7,top_heavy_shuffled,"[25, 45, 140, 70, 20, 35, 15]",1,1.0,1
newsqa,128,0a8eff0d1b134de888817e44d2e889b1,7,top_heavy_shuffled,"[35, 45, 70, 15, 20, 25, 140]",0,0.0,1
newsqa,129,054b7315353146d4b0ad624514005ef2,7,top_heavy_shuffled,"[70, 25, 140, 15, 35, 20, 45]",0,0.0,1
newsqa,130,f4ef4313787d49d7851ad2a6c66cf163,7,top_heavy_shuffled,"[25, 45, 70, 20, 140, 15, 35]",0,0.5,1
newsqa,131,e3602ad5a2864891955a696e59594e76,7,top_heavy_shuffled,"[35, 25, 20, 45, 140, 15, 70]",0,0.0,1
newsqa,132,2a9c56b5a5ae43b78f7f7d9dccdca491,7,top_heavy_shuffled,"[35, 25, 140, 70, 45, 20, 15]",1,1.0,1
newsqa,133,4fc9afe35d8c4cdf8115fe9faf6ac96a,7,top_heavy_shuffled,"[70, 25, 140, 15, 20, 35, 45]",1,1.0,1
newsqa,134,065ce886fe8c41088ba6b71c82ab6229,7,top_heavy_shuffled,"[140, 15, 45, 35, 70, 25, 20]",0,0.0,1
newsqa,135,928063d9906145b6b83392f5068efb4f,7,top_heavy_shuffled,"[70, 25, 20, 35, 45, 15, 140]",0,0.0,0
newsqa,136,455324ce37fa42c8af627f9f832cfb24,7,top_heavy_shuffled,"[20, 45, 140, 70, 25, 35, 15]",0,0.0,0
newsqa,137,1af7aafeb2e24d348d72b7559a2ce754,7,top_heavy_shuffled,"[20, 35, 140, 70, 15, 25, 45]",0,0.0,1
newsqa,138,c4c3e45a17884ef78442ed584e442741,7,top_heavy_shuffled,"[45, 20, 25, 70, 140, 15, 35]",1,1.0,1
newsqa,139,2e7792c3711b4a139cf99e7dec1b7e26,7,top_heavy_shuffled,"[35, 25, 45, 70, 15, 20, 140]",0,0.0,1
newsqa,140,8d3d4915ed104234bca2e7e8eb591d6e,7,top_heavy_shuffled,"[15, 70, 20, 25, 35, 45, 140]",0,0.2666666666666667,1
newsqa,141,7876cd87c6e845f484f841d243a021a0,7,top_heavy_shuffled,"[15, 35, 140, 20, 45, 25, 70]",0,0.2857142857142857,1
newsqa,142,faca8fa5d6724e3f95ea8550bbb1a3c8,7,top_heavy_shuffled,"[70, 15, 25, 140, 20, 45, 35]",0,0.0,1
newsqa,143,76c6e9ef00884f509bc625e25b15cc85,7,top_heavy_shuffled,"[35, 15, 140, 25, 20, 45, 70]",1,1.0,1
newsqa,144,0db9e6fa3f21435996d0bf1e3b3f8adb,7,top_heavy_shuffled,"[25, 15, 35, 20, 70, 45, 140]",1,1.0,1
newsqa,145,ca61917ae999408c84f855c26dc48c68,7,top_heavy_shuffled,"[140, 70, 20, 35, 25, 15, 45]",1,1.0,1
newsqa,146,c6d27c29d4774501b4f046af3bb83dfd,7,top_heavy_shuffled,"[45, 20, 35, 70, 140, 15, 25]",0,0.0,0
newsqa,147,8da0d6902cab4114b140672981c41ece,7,top_heavy_shuffled,"[70, 25, 45, 35, 140, 20, 15]",0,0.0,1
newsqa,148,d809c82de0cc41a391a8476fbedc4638,7,top_heavy_shuffled,"[140, 25, 15, 70, 35, 45, 20]",1,1.0,1
newsqa,149,6a9dae85ef8448b88947f67b7368cd84,7,top_heavy_shuffled,"[70, 20, 45, 25, 35, 15, 140]",0,0.0,1
newsqa,150,62ccc3554230408fb85b346dedaeffa9,7,top_heavy_shuffled,"[140, 70, 35, 25, 20, 45, 15]",0,0.0,1
newsqa,151,9724aa5ceb194973a23f99d088987015,7,top_heavy_shuffled,"[20, 45, 25, 70, 15, 35, 140]",1,1.0,1
newsqa,152,8c513011d82543469328cb90f190d67c,7,top_heavy_shuffled,"[20, 70, 45, 35, 25, 15, 140]",0,0.0,0
newsqa,153,352bbdac5d414a65a714e30a0fd97f42,7,top_heavy_shuffled,"[45, 70, 35, 20, 140, 15, 25]",0,0.14285714285714288,1
newsqa,154,c46c0d1751554ccea747cb3825bdbe66,7,top_heavy_shuffled,"[45, 70, 140, 20, 35, 25, 15]",0,0.0,0
newsqa,155,1b99dffb92c14a838fdb91967645cbf0,7,top_heavy_shuffled,"[15, 25, 45, 140, 70, 35, 20]",1,1.0,1
newsqa,156,fe231269e136464c857e4cedaa8a523e,7,top_heavy_shuffled,"[15, 70, 20, 140, 25, 45, 35]",1,1.0,0
newsqa,157,b7ccf71e49054da2a836cbd7dcca51ae,7,top_heavy_shuffled,"[20, 140, 25, 70, 45, 15, 35]",0,0.0,0
newsqa,158,c5d1601dece84ce895260d42931118c3,7,top_heavy_shuffled,"[25, 20, 70, 45, 15, 35, 140]",0,0.0,0
newsqa,159,c6e9bca537a64d47a1f219d04aa484cf,7,top_heavy_shuffled,"[15, 20, 45, 25, 35, 70, 140]",0,0.0,0
newsqa,160,19174950ad6b4759929f41cb2aa6b979,7,top_heavy_shuffled,"[140, 45, 20, 15, 35, 70, 25]",0,0.0,1
newsqa,161,08e1f398fc554a2b9cc745c89b8ddd1c,7,top_heavy_shuffled,"[45, 140, 15, 25, 20, 35, 70]",0,0.05128205128205128,1
newsqa,162,4e8ac0b2d2c448099dea09b0b88032b6,7,top_heavy_shuffled,"[140, 20, 45, 15, 70, 25, 35]",0,0.33333333333333337,1
newsqa,163,ba68aac128784f47a20eafdb4fa84627,7,top_heavy_shuffled,"[45, 35, 70, 15, 140, 25, 20]",1,1.0,1
newsqa,164,9b6a4b25c0cf41d89f69fab7e636d836,7,top_heavy_shuffled,"[140, 35, 25, 70, 20, 45, 15]",1,1.0,1
newsqa,165,851dc215cd4f478ea5bc5be433bb650b,7,top_heavy_shuffled,"[35, 140, 15, 70, 20, 45, 25]",0,0.32,1
newsqa,166,73df4341944b4832a7110492fec95939,7,top_heavy_shuffled,"[45, 15, 25, 70, 35, 20, 140]",1,1.0,1
newsqa,167,82498b7e764c4a77ae54de9e49a211ce,7,top_heavy_shuffled,"[140, 25, 15, 20, 35, 45, 70]",0,0.0,1
newsqa,168,d12c3c9ff7254b76a83a3c702e0f1411,7,top_heavy_shuffled,"[25, 20, 35, 15, 140, 70, 45]",0,0.0,1
newsqa,169,9b5c249c46644e04a2d28d98bac5f951,7,top_heavy_shuffled,"[70, 20, 140, 15, 25, 35, 45]",0,0.0,0
newsqa,170,b31c60bda086454a900948cde75eb053,7,top_heavy_shuffled,"[70, 35, 20, 15, 140, 45, 25]",1,1.0,1
newsqa,171,68ea789496074f56878ceddf5f0bb6c0,7,top_heavy_shuffled,"[25, 140, 20, 35, 45, 70, 15]",0,0.07692307692307691,0
newsqa,172,2fbb04100c444abda7f972b3c7ca55b9,7,top_heavy_shuffled,"[35, 20, 25, 45, 15, 70, 140]",0,0.7142857142857143,1
newsqa,173,ff83ee0ffed94025b218bc5444b14880,7,top_heavy_shuffled,"[25, 140, 20, 15, 70, 35, 45]",0,0.0,0
newsqa,174,811443af769846bd88db9031899cf838,7,top_heavy_shuffled,"[15, 70, 25, 35, 45, 20, 140]",0,0.0,1
newsqa,175,2737e76f68ed4c889e75300d5d707fbb,7,top_heavy_shuffled,"[25, 45, 70, 15, 20, 140, 35]",0,0.1111111111111111,1
newsqa,176,5c48b89357aa48fd8a1aafaeabe73c4c,7,top_heavy_shuffled,"[20, 45, 70, 140, 15, 35, 25]",0,0.823529411764706,1
newsqa,177,57b5639ab5b441d9956c8bb4d17cf3e2,7,top_heavy_shuffled,"[70, 35, 20, 140, 25, 15, 45]",1,1.0,1
newsqa,178,b7f2e1ae39b54396b93b90189b8ef3da,7,top_heavy_shuffled,"[45, 70, 140, 35, 25, 15, 20]",0,0.0,1
newsqa,179,ed32ea00d52a492b93ce00ce06b93f4a,7,top_heavy_shuffled,"[15, 25, 140, 20, 45, 70, 35]",1,1.0,1
newsqa,180,45e285d6497d478b835ec6f97fe0edb8,7,top_heavy_shuffled,"[25, 45, 70, 20, 35, 15, 140]",1,1.0,1
newsqa,181,287086d87ca540629ea9a5d1f3e42827,7,top_heavy_shuffled,"[140, 15, 35, 70, 20, 45, 25]",0,0.0,0
newsqa,182,66671cea0dee4e95ace4c4ccbdcc094b,7,top_heavy_shuffled,"[140, 45, 20, 70, 25, 15, 35]",0,0.05714285714285715,0
newsqa,183,1c3202898a2340d8b9ee33b3d2feb483,7,top_heavy_shuffled,"[25, 45, 70, 140, 15, 20, 35]",1,1.0,1
newsqa,184,b91f7ce859194bf3a952f9948618cfaf,7,top_heavy_shuffled,"[70, 45, 140, 35, 15, 25, 20]",0,0.0,0
newsqa,185,8da9a487491d4861815c860882b46f1b,7,top_heavy_shuffled,"[70, 15, 140, 25, 45, 20, 35]",1,1.0,1
newsqa,186,b0bc5b996f8c43a4a27f7a0a92100227,7,top_heavy_shuffled,"[140, 35, 25, 70, 45, 15, 20]",0,0.0,0
newsqa,187,b3d3a7f3fd00419c896e03a2dd70c2eb,7,top_heavy_shuffled,"[25, 140, 15, 45, 35, 70, 20]",0,0.0,0
newsqa,188,9723fcbfda3b41f1a2928a72b5614b05,7,top_heavy_shuffled,"[140, 45, 35, 25, 20, 15, 70]",0,0.0,0
newsqa,189,354948edd4c94ed49d3c744a8213b0e4,7,top_heavy_shuffled,"[140, 70, 45, 20, 25, 35, 15]",0,0.0,0
newsqa,190,06ad4f09434a47e7a9563d96bde0e71f,7,top_heavy_shuffled,"[45, 20, 25, 15, 35, 70, 140]",0,0.11428571428571428,1
newsqa,191,9ed3661a6d2945fbb92425ece8bc177e,7,top_heavy_shuffled,"[25, 70, 45, 15, 140, 20, 35]",0,0.0,0
newsqa,192,ef60d03b67d34a1190d04693fee8767f,7,top_heavy_shuffled,"[15, 35, 45, 70, 20, 140, 25]",0,0.0,0
newsqa,193,63fc6e7a70aa4d60a8cab579a90afb9e,7,top_heavy_shuffled,"[25, 45, 140, 35, 20, 70, 15]",0,0.0,1
newsqa,194,8c780963994f44c7835580cb22bc2fdc,7,top_heavy_shuffled,"[20, 70, 25, 35, 15, 45, 140]",0,0.6923076923076924,1
newsqa,195,60f332bc68e64d8680e179e359b0d6fa,7,top_heavy_shuffled,"[15, 25, 45, 140, 35, 70, 20]",0,0.0,1
newsqa,196,69e712f057644faf86a9688a85a2deee,7,top_heavy_shuffled,"[15, 20, 45, 35, 25, 140, 70]",1,1.0,1
newsqa,197,1a4a586dd10143f3a68247ae4c535713,7,top_heavy_shuffled,"[25, 140, 15, 20, 45, 70, 35]",1,1.0,1
newsqa,198,ba52569b388b4b339129a0277c7eb2e8,7,top_heavy_shuffled,"[45, 140, 25, 70, 35, 20, 15]",1,1.0,1
newsqa,199,a5c81a5e5d3c42d089cd98f0b556de2f,7,top_heavy_shuffled,"[45, 25, 140, 15, 35, 20, 70]",0,0.0,0
newsqa,200,0af880e8558a4fc3afbc9a8a25d081fd,7,top_heavy_shuffled,"[35, 70, 25, 20, 140, 45, 15]",0,0.4,1
newsqa,201,073515a682484ceaac87a83d1ab38a06,7,top_heavy_shuffled,"[45, 35, 20, 25, 140, 70, 15]",0,0.06666666666666667,1
newsqa,202,36ab12ff07cf46ed9af03891964f20de,7,top_heavy_shuffled,"[20, 140, 45, 70, 15, 35, 25]",0,0.0,1
newsqa,203,b189954307e7414b9d81ad99c7b730bf,7,top_heavy_shuffled,"[70, 25, 35, 140, 45, 15, 20]",0,0.8387096774193549,1
newsqa,204,37c0ef1f9eb3412594ff30f21611b882,7,top_heavy_shuffled,"[20, 35, 15, 140, 45, 70, 25]",0,0.0,0
newsqa,205,dc27c4c56b014020bd9e8a799860b06e,7,top_heavy_shuffled,"[70, 20, 15, 35, 45, 25, 140]",1,1.0,1
newsqa,206,aa9da743626a453780aaaf56e7816508,7,top_heavy_shuffled,"[70, 15, 45, 140, 20, 35, 25]",0,0.0,0
newsqa,207,5b94852dff984b19bf8264cd8bc1caa3,7,top_heavy_shuffled,"[45, 20, 35, 15, 70, 25, 140]",0,0.0,1
newsqa,208,980522a80742433e96b144a86fd2ddce,7,top_heavy_shuffled,"[25, 70, 15, 140, 45, 35, 20]",0,0.0,0
newsqa,209,c5fc7fc4522b43b7a0802acbd3963efd,7,top_heavy_shuffled,"[70, 20, 140, 35, 15, 45, 25]",1,1.0,1
newsqa,210,7374f521a2854922b8f6f8890ecda23d,7,top_heavy_shuffled,"[35, 25, 20, 70, 140, 15, 45]",0,0.2666666666666667,1
newsqa,211,29cd58ae62e94dc4b7315ce4b50010ef,7,top_heavy_shuffled,"[140, 70, 20, 45, 15, 35, 25]",0,0.3636363636363636,1
newsqa,212,5fcc6fb126e14d65ba4d0d86bb28a8be,7,top_heavy_shuffled,"[25, 70, 45, 15, 20, 35, 140]",0,0.0,1
newsqa,213,2b41e95bcc554f69b8d594bc3d05bf1a,7,top_heavy_shuffled,"[35, 15, 140, 70, 25, 45, 20]",0,0.07692307692307693,1
newsqa,214,8ae5ae5b607b4dbc86f7da5147a095c7,7,top_heavy_shuffled,"[20, 140, 70, 25, 45, 15, 35]",0,0.0,0
newsqa,215,fc7d87cd43814b8db5d9bcc43cba1da3,7,top_heavy_shuffled,"[20, 15, 70, 45, 140, 25, 35]",1,1.0,1
newsqa,216,0338d7711b1646d6be2b815c279cff54,7,top_heavy_shuffled,"[140, 70, 35, 20, 15, 45, 25]",0,0.0,1
newsqa,217,dcb53cda7e6144fca04963ac7581bcdd,7,top_heavy_shuffled,"[25, 70, 15, 35, 140, 20, 45]",0,0.1904761904761905,1
newsqa,218,ecccb9b15eb3413d8f3a5ad8d8983716,7,top_heavy_shuffled,"[45, 25, 35, 20, 70, 140, 15]",0,0.0,1
newsqa,219,fa3b764edd7a4c44be5b8921112e8bf6,7,top_heavy_shuffled,"[15, 45, 20, 140, 70, 35, 25]",0,0.0,0
newsqa,220,493624c8263b40ec97c127e45b45d5c1,7,top_heavy_shuffled,"[70, 35, 45, 15, 140, 25, 20]",0,0.0,0
newsqa,221,ebee9fdad5b64bab83267a364ea4d10b,7,top_heavy_shuffled,"[15, 45, 35, 70, 140, 20, 25]",0,0.5714285714285715,1
newsqa,222,1fd96469f9a24b37814917f25f8060f2,7,top_heavy_shuffled,"[45, 70, 140, 20, 35, 25, 15]",1,1.0,1
newsqa,223,f97696deb9704d2f8ae5834f9fcdd88c,7,top_heavy_shuffled,"[140, 70, 35, 20, 45, 25, 15]",0,0.4,1
newsqa,224,da54c67b92b74a2c91d2227d09a41438,7,top_heavy_shuffled,"[35, 70, 140, 45, 15, 20, 25]",0,0.0,1
newsqa,225,1416c66b2eb543aea04972d5780b31d6,7,top_heavy_shuffled,"[70, 25, 15, 45, 20, 35, 140]",0,0.0,0
newsqa,226,ec0a4212a5df47f682fbba53188e7af8,7,top_heavy_shuffled,"[35, 70, 15, 25, 20, 45, 140]",0,0.0,0
newsqa,227,856b14030ac342bb979ca5091377cff0,7,top_heavy_shuffled,"[20, 70, 45, 15, 25, 140, 35]",0,0.0,0
newsqa,228,58c9a110235b4879950e679babb53318,7,top_heavy_shuffled,"[35, 45, 25, 15, 140, 70, 20]",0,0.0,1
newsqa,229,eff7102be794409081a5e3b3ef3c9518,7,top_heavy_shuffled,"[25, 70, 140, 15, 20, 35, 45]",0,0.0,1
newsqa,230,99331d54ed084ccf98837531ede526e3,7,top_heavy_shuffled,"[20, 140, 25, 15, 70, 45, 35]",0,0.0,0
newsqa,231,400ab40069334ea6a12b1085941a9880,7,top_heavy_shuffled,"[140, 25, 15, 70, 20, 35, 45]",0,0.0,1
newsqa,232,9f1d761a46c64578849ff7408c6351b2,7,top_heavy_shuffled,"[70, 140, 45, 20, 35, 25, 15]",1,1.0,1
newsqa,233,241f5227a1124be591341cf33b2ecb2f,7,top_heavy_shuffled,"[45, 20, 140, 70, 35, 25, 15]",0,0.8571428571428571,1
newsqa,234,4f05dc53dcc24ed1a59fdd5d950966d0,7,top_heavy_shuffled,"[70, 140, 35, 25, 45, 20, 15]",0,0.0,1
newsqa,235,e1dac33266d048c89894eab0b0dc1c2a,7,top_heavy_shuffled,"[45, 140, 25, 15, 70, 20, 35]",0,0.16666666666666669,1
newsqa,236,ce3ecd44941f4597ae927b61841b860a,7,top_heavy_shuffled,"[35, 25, 20, 140, 45, 70, 15]",0,0.0,1
newsqa,237,d031593cc6f142f6bba7e64ea9224dea,7,top_heavy_shuffled,"[15, 35, 25, 70, 140, 20, 45]",1,1.0,1
newsqa,238,5b5d465a7ab2427485a00f3638543996,7,top_heavy_shuffled,"[20, 25, 15, 140, 70, 35, 45]",0,0.0,1
newsqa,239,53fe1484646648969f42e40f550ab7ef,7,top_heavy_shuffled,"[45, 140, 15, 70, 35, 25, 20]",0,0.6666666666666666,1
newsqa,240,d86c4a3e9c944a5595ffd076817380c9,7,top_heavy_shuffled,"[25, 45, 20, 70, 15, 140, 35]",0,0.8,1
newsqa,241,d847d59c18884a8eaddd5fc55d047799,7,top_heavy_shuffled,"[35, 20, 140, 25, 70, 15, 45]",0,0.0,1
newsqa,242,b5e7dc56ca2e4d68bc9b59696bca7f75,7,top_heavy_shuffled,"[15, 20, 70, 140, 35, 45, 25]",0,0.14814814814814814,1
newsqa,243,bd356a60992b44f7840f99ffc390382c,7,top_heavy_shuffled,"[25, 45, 20, 15, 35, 70, 140]",1,1.0,1
newsqa,244,f8c03f10b27045d89e068c461ea3d69c,7,top_heavy_shuffled,"[70, 35, 20, 15, 45, 140, 25]",0,0.0,1
newsqa,245,f57595f77502405fbe6baf093d8baea0,7,top_heavy_shuffled,"[25, 20, 70, 15, 45, 35, 140]",0,0.0,1
newsqa,246,a697c765c3e74e0cb48088ea3ecdcdb1,7,top_heavy_shuffled,"[140, 35, 15, 25, 20, 70, 45]",0,0.0,1
newsqa,247,57e62137793b4537bb7eb95d44481eb3,7,top_heavy_shuffled,"[45, 70, 35, 140, 15, 20, 25]",1,1.0,1
newsqa,248,7cb53bae73d64900a63fde04f93eceea,7,top_heavy_shuffled,"[70, 140, 35, 45, 25, 20, 15]",0,0.0,0
newsqa,249,a8ff7b13f4b943d89f09cf03cbde580a,7,top_heavy_shuffled,"[45, 35, 25, 15, 140, 20, 70]",0,0.0,0
newsqa,250,547765c1158b4a5a8100d6a300aa88b1,7,top_heavy_shuffled,"[45, 70, 20, 25, 35, 140, 15]",0,0.5,1
newsqa,251,31d748672420422aa724d2b6db6b1d18,7,top_heavy_shuffled,"[35, 15, 140, 70, 20, 25, 45]",0,0.0,1
newsqa,252,f8542bff725c4264aaf360ad929a1807,7,top_heavy_shuffled,"[15, 140, 45, 35, 70, 20, 25]",0,0.0,0
newsqa,253,0d56e8c7e4b6449696113a82ec0da19e,7,top_heavy_shuffled,"[35, 20, 15, 140, 45, 25, 70]",0,0.0,1
newsqa,254,0ad40f362389498382471e1f6171f996,7,top_heavy_shuffled,"[25, 70, 15, 35, 45, 140, 20]",0,0.0,1
newsqa,255,9adfdf882a9a4f8bb69b96506ce7471c,7,top_heavy_shuffled,"[45, 25, 15, 20, 35, 140, 70]",1,1.0,1
newsqa,256,63b89182644f454c92026c4ca6747140,7,top_heavy_shuffled,"[15, 140, 45, 70, 20, 25, 35]",0,0.0,0
newsqa,257,62c441cc36584729bc6608d4f56ca4d6,7,top_heavy_shuffled,"[140, 45, 20, 70, 35, 15, 25]",1,1.0,1
newsqa,258,480a34c34b094ac6b071bc658c0da810,7,top_heavy_shuffled,"[15, 70, 20, 45, 25, 35, 140]",0,0.05,0
newsqa,259,db571ac79d34404b9a59b62c7fd38c56,7,top_heavy_shuffled,"[15, 25, 35, 70, 140, 45, 20]",0,0.0,1
newsqa,260,9e3b57d9763d4f1da04cc784d5944be2,7,top_heavy_shuffled,"[45, 15, 70, 20, 140, 25, 35]",0,0.0,0
newsqa,261,7594504b380443f6920beb03b1379bd7,7,top_heavy_shuffled,"[15, 45, 25, 20, 35, 140, 70]",0,0.05555555555555555,1
newsqa,262,d0a7880cce6f4bce95aaaf322c41355f,7,top_heavy_shuffled,"[45, 15, 25, 70, 35, 20, 140]",0,0.0,1
newsqa,263,bdc7cf3241594e52a3164b489f50370d,7,top_heavy_shuffled,"[70, 35, 25, 140, 20, 45, 15]",0,0.0,1
newsqa,264,d5500a7bfa4d4b1683dc90808707e306,7,top_heavy_shuffled,"[25, 20, 140, 70, 45, 15, 35]",0,0.0,1
newsqa,265,8bf4e9d3157446bd95bbea12227c100b,7,top_heavy_shuffled,"[25, 45, 35, 15, 20, 70, 140]",0,0.5,1
newsqa,266,487cd2a2f5ee49bb96d33d0d56ea6a2b,7,top_heavy_shuffled,"[35, 70, 25, 20, 140, 15, 45]",1,1.0,1
newsqa,267,8fcc1e39bba146a08300eef42c641e71,7,top_heavy_shuffled,"[20, 25, 70, 45, 15, 140, 35]",0,0.0,0
newsqa,268,383db81acf1f476d8aa21be94cc9daa7,7,top_heavy_shuffled,"[70, 35, 25, 15, 45, 140, 20]",1,1.0,1
newsqa,269,3ded2ac8aff04250896711bfc070cd39,7,top_heavy_shuffled,"[20, 25, 70, 35, 15, 140, 45]",0,0.0,0
newsqa,270,fcccb4baf6314a589f6725cf1dc37979,7,top_heavy_shuffled,"[20, 140, 25, 15, 35, 70, 45]",0,0.06896551724137931,0
newsqa,271,3365b3e46e9240dca893042f6f34486f,7,top_heavy_shuffled,"[140, 25, 15, 45, 20, 35, 70]",0,0.18181818181818182,1
newsqa,272,7f764f3b545744048cf82108c4bb5157,7,top_heavy_shuffled,"[70, 15, 20, 25, 140, 35, 45]",0,0.0,0
newsqa,273,ad0e4b1a103d400f9ef4dd6827e215b9,7,top_heavy_shuffled,"[45, 20, 35, 15, 70, 25, 140]",0,0.0,1
newsqa,274,198f769edd5c4bd7b829ffeaa6d595c1,7,top_heavy_shuffled,"[35, 20, 25, 70, 140, 45, 15]",0,0.0,1
newsqa,275,e296d418c6614640b45afe738e0fe7ce,7,top_heavy_shuffled,"[35, 15, 20, 25, 70, 45, 140]",0,0.0,1
newsqa,276,489edeed2f20435b9fc8ab429d160239,7,top_heavy_shuffled,"[20, 70, 25, 35, 140, 45, 15]",1,1.0,1
newsqa,277,b39eac495217430ebe3cfb37878882ee,7,top_heavy_shuffled,"[35, 45, 140, 20, 70, 25, 15]",0,0.0,1
newsqa,278,e772ff7304f54b78a3280763cf427221,7,top_heavy_shuffled,"[70, 15, 20, 140, 45, 35, 25]",0,0.0,0
newsqa,279,d16db94dc08840cb930ce9cf59151bef,7,top_heavy_shuffled,"[20, 140, 25, 70, 45, 35, 15]",0,0.0,1
newsqa,280,92100c8dcef141f69ab22ef3ad13d9d5,7,top_heavy_shuffled,"[20, 35, 45, 70, 25, 140, 15]",0,0.0,1
newsqa,281,11452fbd4fdb40d8bd8f10d24a8087e2,7,top_heavy_shuffled,"[35, 45, 15, 20, 25, 70, 140]",0,0.0,0
newsqa,282,3b8f128366fb4a669715a4b6cfc166cd,7,top_heavy_shuffled,"[25, 20, 45, 70, 140, 35, 15]",0,0.04545454545454545,0
newsqa,283,3dd9a7133b594635ac914a6abccf0e46,7,top_heavy_shuffled,"[20, 70, 140, 35, 45, 15, 25]",0,0.0,1
newsqa,284,f2f07af9f9874dc992ca32c22063ffd4,7,top_heavy_shuffled,"[20, 70, 45, 15, 25, 35, 140]",0,0.0,1
newsqa,285,5ff5d8f1083b442cbf759f1980f8cd15,7,top_heavy_shuffled,"[70, 20, 35, 25, 140, 15, 45]",0,0.0,0
newsqa,286,8047bb5d810b4c2f967c45b876ff4bb8,7,top_heavy_shuffled,"[15, 20, 35, 140, 45, 25, 70]",1,1.0,1
newsqa,287,1e7aa41fe6ff4d048cf6c314eaae526a,7,top_heavy_shuffled,"[140, 25, 15, 35, 70, 45, 20]",0,0.0,0
newsqa,288,32e5e53144904525bdd91c2346ecdc21,7,top_heavy_shuffled,"[45, 15, 70, 20, 25, 140, 35]",0,0.0,1
newsqa,289,3645db7e841f4242ae0b3be674e8bc8a,7,top_heavy_shuffled,"[15, 140, 35, 20, 70, 25, 45]",0,0.4,1
newsqa,290,b344f9c87e2d4e5498338ea56023892c,7,top_heavy_shuffled,"[15, 35, 70, 20, 140, 45, 25]",0,0.4,1
newsqa,291,cae1c72a196e41c0919e17bc003a3a5f,7,top_heavy_shuffled,"[20, 45, 25, 15, 140, 35, 70]",0,0.0,0
newsqa,292,d21a2587e9e64ae08a9243d3f950521b,7,top_heavy_shuffled,"[15, 140, 35, 70, 25, 20, 45]",0,0.0,0
newsqa,293,f8657886cea34216b10630e96b7a2932,7,top_heavy_shuffled,"[20, 15, 25, 45, 70, 140, 35]",0,0.13793103448275862,1
newsqa,294,14c07142ff80440483ee9fdc0f2d8b06,7,top_heavy_shuffled,"[70, 35, 25, 20, 140, 45, 15]",0,0.0,1
newsqa,295,c1028f19198147868af85aa60943519d,7,top_heavy_shuffled,"[45, 35, 20, 15, 140, 70, 25]",0,0.060606060606060615,0
newsqa,296,c5e69a8c19ec4fadb153de7ed8d06b9f,7,top_heavy_shuffled,"[35, 70, 140, 45, 15, 25, 20]",0,0.6666666666666666,1
newsqa,297,b476d07cc2e747d0bad28a795661540d,7,top_heavy_shuffled,"[45, 15, 35, 140, 20, 70, 25]",0,0.0,0
newsqa,298,ce3ef968a0704a3fa36f7f605ed0031a,7,top_heavy_shuffled,"[25, 45, 20, 70, 35, 140, 15]",0,0.0,0
newsqa,299,5d6dc2b279594850a8ffce1f1b7892aa,7,top_heavy_shuffled,"[25, 20, 45, 140, 70, 15, 35]",0,0.6666666666666666,1
newsqa,300,74518b730d2941859c8fc206f74de46a,7,top_heavy_shuffled,"[140, 25, 70, 35, 45, 20, 15]",0,0.3333333333333333,0
newsqa,301,679586e746bf437fb4372790a38aaa81,7,top_heavy_shuffled,"[140, 35, 25, 20, 70, 45, 15]",0,0.0,1
newsqa,302,5aaeceef16f34275b07bef56b93edddc,7,top_heavy_shuffled,"[20, 70, 140, 35, 25, 45, 15]",0,0.0,1
newsqa,303,cf3bbf5197224180b1a20f44bba8ff58,7,top_heavy_shuffled,"[15, 45, 35, 70, 140, 25, 20]",1,1.0,1
newsqa,304,77581c9e1c504eb6a88f1cc8693a1f7b,7,top_heavy_shuffled,"[25, 140, 20, 15, 70, 35, 45]",0,0.2857142857142857,1
newsqa,305,57c251b6218b4c1094f9dfb9f53f2a21,7,top_heavy_shuffled,"[20, 15, 140, 45, 70, 35, 25]",0,0.0,1
newsqa,306,786e56a75654431f8335c0a57f0e3d3e,7,top_heavy_shuffled,"[20, 140, 25, 45, 70, 35, 15]",1,1.0,1
newsqa,307,e3ece1d381234fa9a9402f702b38c5b5,7,top_heavy_shuffled,"[70, 35, 15, 25, 20, 45, 140]",1,1.0,1
newsqa,308,f5627bd7cf9545e78204161253ca2e8e,7,top_heavy_shuffled,"[15, 70, 25, 140, 45, 20, 35]",0,0.3,1
newsqa,309,4f1dcb1b8e9745ddb92444ccacb4b1b8,7,top_heavy_shuffled,"[45, 25, 70, 20, 15, 140, 35]",0,0.6666666666666666,1
newsqa,310,98bbd1deff4143b780e5d123925bdbee,7,top_heavy_shuffled,"[45, 25, 15, 140, 35, 70, 20]",1,1.0,1
newsqa,311,f510e4b92495473db9b86dd2d5b6eb18,7,top_heavy_shuffled,"[15, 140, 70, 35, 25, 45, 20]",1,1.0,1
newsqa,312,7baaa5545ac44114b79c5420d561d85e,7,top_heavy_shuffled,"[70, 35, 20, 15, 25, 140, 45]",0,0.0,1
newsqa,313,143a0df7e66a473ba5804b1c75f56c86,7,top_heavy_shuffled,"[35, 20, 45, 70, 25, 140, 15]",0,0.0,0
newsqa,314,bd0f2b0fc40146edb228ac6be2fd9e5a,7,top_heavy_shuffled,"[15, 140, 25, 35, 45, 70, 20]",0,0.3333333333333333,1
newsqa,315,06bff66d3af04edd808a81c4b0a106a7,7,top_heavy_shuffled,"[25, 70, 20, 15, 45, 35, 140]",1,1.0,1
newsqa,316,cbb5d9c625b74ae1b3426d2a185549c4,7,top_heavy_shuffled,"[15, 20, 35, 25, 70, 45, 140]",0,0.06451612903225806,0
newsqa,317,3bb0f77a9cbc44fab12fdc8005e69f91,7,top_heavy_shuffled,"[35, 140, 20, 45, 15, 25, 70]",0,0.0,0
newsqa,318,5f24d26d866b410da298cec18f321605,7,top_heavy_shuffled,"[20, 140, 70, 25, 35, 15, 45]",0,0.0,1
newsqa,319,e6bd79cae1cb472c990b5226f2a87152,7,top_heavy_shuffled,"[15, 35, 70, 20, 45, 140, 25]",0,0.33333333333333337,1
newsqa,320,e111ffbe05e4468c85bfaeceec2ea821,7,top_heavy_shuffled,"[35, 25, 140, 20, 45, 70, 15]",1,1.0,1
newsqa,321,8caeb3cde3074e66af2795f258908f69,7,top_heavy_shuffled,"[35, 70, 25, 45, 15, 140, 20]",0,0.0,1
newsqa,322,f8b5c43adc974d82aaab3f81649ca754,7,top_heavy_shuffled,"[140, 15, 20, 70, 35, 45, 25]",1,1.0,1
newsqa,323,574519a5dbfc4727bd68c1f4f0ad92b0,7,top_heavy_shuffled,"[35, 45, 15, 25, 140, 20, 70]",1,1.0,1
newsqa,324,842b90f71d4142229534788a21189892,7,top_heavy_shuffled,"[25, 70, 20, 15, 45, 35, 140]",1,1.0,1
newsqa,325,09a4f669c3ce4432954d3b5348ffde56,7,top_heavy_shuffled,"[25, 45, 20, 35, 140, 15, 70]",1,1.0,1
newsqa,326,b2a92b434a344e49b3a6911bfd86e98f,7,top_heavy_shuffled,"[15, 25, 35, 45, 140, 20, 70]",0,0.0,1
newsqa,327,6029989106ef4c32bc7eb342670dc8c1,7,top_heavy_shuffled,"[70, 35, 20, 140, 15, 45, 25]",0,0.2857142857142857,1
newsqa,328,e412730b37274c11bad105b38ed9e196,7,top_heavy_shuffled,"[20, 70, 25, 35, 45, 15, 140]",1,1.0,1
newsqa,329,c5c6d814143a4f1eb7cc7546d9654173,7,top_heavy_shuffled,"[25, 140, 70, 20, 15, 45, 35]",1,1.0,1
newsqa,330,0633af8dabeb4925bf0fb0110cc54247,7,top_heavy_shuffled,"[20, 140, 35, 70, 45, 15, 25]",0,0.05,1
newsqa,331,044418fd6fd646ec89a54a7013712c9d,7,top_heavy_shuffled,"[35, 140, 45, 25, 20, 15, 70]",0,0.923076923076923,1
newsqa,332,8b9a2f29b35b41e38cb94347237d59d7,7,top_heavy_shuffled,"[70, 45, 35, 20, 15, 140, 25]",0,0.0,1
newsqa,333,26782a326a394d688dda2441308bf00a,7,top_heavy_shuffled,"[45, 20, 25, 15, 140, 70, 35]",0,0.0,1
newsqa,334,f9bf09905dc249e69f69c4db9b323d0f,7,top_heavy_shuffled,"[45, 25, 35, 15, 140, 70, 20]",0,0.1818181818181818,1
newsqa,335,07f2d15033cf4fb6916bed5d56dcb8f5,7,top_heavy_shuffled,"[70, 20, 140, 45, 25, 35, 15]",0,0.0,1
newsqa,336,a045cbc6199c4b9e8dbb8545febda365,7,top_heavy_shuffled,"[25, 70, 45, 20, 15, 35, 140]",0,0.0,0
newsqa,337,af446346d828479ca02c375ec2973773,7,top_heavy_shuffled,"[20, 45, 70, 25, 140, 15, 35]",0,0.0,0
newsqa,338,8447a26148c9454da18385e3d9fa4a3c,7,top_heavy_shuffled,"[25, 15, 45, 35, 70, 20, 140]",0,0.0,0
newsqa,339,2a7071c8d8c74dac901956228d59fdfb,7,top_heavy_shuffled,"[15, 140, 70, 20, 35, 25, 45]",0,0.0,0
newsqa,340,55bc45f2e63149869e4d0e52da6cb421,7,top_heavy_shuffled,"[15, 140, 45, 25, 70, 35, 20]",0,0.1,1
newsqa,341,bb2c93be295348eb933e57a16325af76,7,top_heavy_shuffled,"[25, 20, 45, 140, 35, 15, 70]",1,1.0,1
newsqa,342,cff18af0aed84c39ab0d156de7f507f8,7,top_heavy_shuffled,"[45, 15, 140, 70, 35, 20, 25]",0,0.0,1
newsqa,343,423f76b5864047f480599c7946546eb1,7,top_heavy_shuffled,"[45, 15, 25, 70, 35, 140, 20]",0,0.0,0
newsqa,344,0754e951855e46df80b0269253e4acf7,7,top_heavy_shuffled,"[25, 45, 35, 20, 15, 140, 70]",0,0.0,0
newsqa,345,5bdc71bbfc6e4934aa337ab24559eb6c,7,top_heavy_shuffled,"[25, 70, 35, 45, 140, 15, 20]",0,0.0,0
newsqa,346,b71eed014a8c4e51ba0bb48aeb1939ae,7,top_heavy_shuffled,"[20, 35, 140, 45, 25, 15, 70]",1,1.0,1
newsqa,347,d09f358431284dea95dec8e61590dbf4,7,top_heavy_shuffled,"[15, 20, 70, 25, 140, 35, 45]",0,0.0,1
newsqa,348,5bbab85f5ac243a9b98914f8c7af6eb4,7,top_heavy_shuffled,"[20, 15, 25, 45, 35, 70, 140]",0,0.0,0
newsqa,349,18cc95b228434b23a3969ac0d65687fa,7,top_heavy_shuffled,"[25, 140, 70, 15, 20, 35, 45]",0,0.0,0
newsqa,350,b322fdc7819546138582ebc07e8aa7a8,7,top_heavy_shuffled,"[15, 25, 20, 45, 140, 70, 35]",1,1.0,1
newsqa,351,f955cb3e7bda4a93a867b361b7b96327,7,top_heavy_shuffled,"[15, 140, 20, 25, 35, 45, 70]",0,0.0,1
newsqa,352,62e9113dcca84b61af8304429b1570da,7,top_heavy_shuffled,"[20, 70, 45, 140, 35, 15, 25]",0,0.0,0
newsqa,353,f3fc1b6ee3b24e47856d9fe7730350a2,7,top_heavy_shuffled,"[15, 70, 140, 25, 45, 35, 20]",0,0.04347826086956522,0
newsqa,354,8f0cfcb0d46d43eeb6c7ee04cd29c027,7,top_heavy_shuffled,"[20, 35, 70, 25, 45, 15, 140]",0,0.0,1
newsqa,355,82eb7d4504834ceabad83742c2d0ab5c,7,top_heavy_shuffled,"[35, 70, 20, 25, 45, 140, 15]",0,0.6666666666666666,1
newsqa,356,bf16d51b5b9540ec83fba053bc26a8a9,7,top_heavy_shuffled,"[15, 35, 45, 70, 25, 20, 140]",0,0.0975609756097561,1
newsqa,357,e62ce90267b149f7a65dc0901c614317,7,top_heavy_shuffled,"[140, 70, 15, 45, 20, 25, 35]",0,0.0,1
newsqa,358,8e376a7767224f8381c8ee661c43ad16,7,top_heavy_shuffled,"[35, 45, 15, 70, 20, 140, 25]",0,0.0,1
newsqa,359,435fd88dd9034cf1bd211e03bab2bed5,7,top_heavy_shuffled,"[45, 140, 20, 15, 70, 35, 25]",1,1.0,1
newsqa,360,109740b4edfa49c5961632436d1df48c,7,top_heavy_shuffled,"[20, 140, 25, 35, 45, 15, 70]",0,0.0,1
newsqa,361,a4c31c16dd1a4cf493b8c20500a88539,7,top_heavy_shuffled,"[70, 45, 35, 15, 140, 25, 20]",1,1.0,1
newsqa,362,721498d8723844d5b1ab0d15eb8e7699,7,top_heavy_shuffled,"[25, 140, 15, 35, 20, 70, 45]",0,0.0,0
newsqa,363,1699130630f2472cacfcbfe214d40416,7,top_heavy_shuffled,"[140, 35, 15, 25, 45, 20, 70]",0,0.0,0
newsqa,364,cceb8fa1b2a84757932a6f7ae86b3653,7,top_heavy_shuffled,"[15, 70, 35, 45, 25, 20, 140]",1,1.0,1
newsqa,365,147cef44c6e64257a962d7ed7e7df893,7,top_heavy_shuffled,"[140, 35, 70, 45, 15, 20, 25]",0,0.0,0
newsqa,366,afdf5764dddf4d858cff8be47f91fba7,7,top_heavy_shuffled,"[15, 45, 25, 70, 35, 140, 20]",1,1.0,1
newsqa,367,77dc5fcd3f654630a9a8ec90c9375b45,7,top_heavy_shuffled,"[25, 35, 45, 70, 15, 20, 140]",1,1.0,1
newsqa,368,3a33ecb066b9443e85b68c446f45b287,7,top_heavy_shuffled,"[25, 20, 70, 45, 15, 35, 140]",0,0.08695652173913045,1
newsqa,369,43204be4d77d421990db36f2d9951e63,7,top_heavy_shuffled,"[25, 140, 15, 35, 70, 20, 45]",0,0.0,1
newsqa,370,4c961dd89b054526b342c921486477a6,7,top_heavy_shuffled,"[15, 25, 140, 35, 20, 70, 45]",0,0.0,1
newsqa,371,89b7733b0a994df7b4250953ccff9c24,7,top_heavy_shuffled,"[35, 140, 25, 45, 70, 15, 20]",0,0.0,1
newsqa,372,8b627a95012d4f65a70aff1249d43d64,7,top_heavy_shuffled,"[25, 45, 15, 140, 35, 20, 70]",0,0.8,1
newsqa,373,b99c50bfd5f849afb601bd8ac95b0bf4,7,top_heavy_shuffled,"[70, 25, 15, 140, 20, 45, 35]",1,1.0,1
newsqa,374,ff383ab32c9942908db5946a8fe654d3,7,top_heavy_shuffled,"[20, 70, 25, 35, 140, 45, 15]",0,0.0,0
newsqa,375,89abc7236e6941ee88a263d88d6d299a,7,top_heavy_shuffled,"[15, 70, 20, 45, 25, 35, 140]",0,0.34782608695652173,1
newsqa,376,fadd2528784f4a9fa3b391626e69ffc0,7,top_heavy_shuffled,"[70, 140, 20, 35, 15, 25, 45]",0,0.0,0
newsqa,377,1958d14b7db54bffbbdd57e3677c08e7,7,top_heavy_shuffled,"[20, 140, 25, 15, 45, 70, 35]",1,1.0,1
newsqa,378,9966c7735a6649d88366224ff6552c68,7,top_heavy_shuffled,"[70, 25, 45, 15, 35, 20, 140]",0,0.0,0
newsqa,379,2818d5e47a844bc9831496e2f587a803,7,top_heavy_shuffled,"[35, 140, 15, 25, 70, 20, 45]",0,0.0,1
newsqa,380,74f114ab49744e608eafab899371d913,7,top_heavy_shuffled,"[140, 35, 25, 15, 45, 70, 20]",1,1.0,1
newsqa,381,f724593e7f4842569187dae70a2560d9,7,top_heavy_shuffled,"[45, 15, 140, 35, 20, 70, 25]",0,0.0,1
newsqa,382,3e46e0220a18483fb0fd448bcc36815e,7,top_heavy_shuffled,"[35, 20, 15, 140, 25, 70, 45]",1,1.0,1
newsqa,383,ec9dedf313ba4f90883a2b01909553b3,7,top_heavy_shuffled,"[70, 20, 35, 45, 15, 25, 140]",0,0.0,1
newsqa,384,2e9b048c06dc45be97da6116056f74f6,7,top_heavy_shuffled,"[45, 20, 25, 35, 140, 70, 15]",0,0.0,1
newsqa,385,efc438e4fd18417daa0e662499fbe956,7,top_heavy_shuffled,"[20, 45, 15, 140, 25, 70, 35]",0,0.5,0
newsqa,386,33313f986ec740f3b824bc3accb9111e,7,top_heavy_shuffled,"[70, 15, 25, 140, 45, 20, 35]",1,1.0,1
newsqa,387,8eacd2be836f472a83d7008f33ed8506,7,top_heavy_shuffled,"[70, 15, 20, 25, 140, 35, 45]",0,0.0,1
newsqa,388,6cb904d598ce4f7ebb4e4283a24a2f63,7,top_heavy_shuffled,"[20, 70, 45, 25, 140, 15, 35]",1,1.0,1
newsqa,389,194bd503229c46c3b308896e770e1eb1,7,top_heavy_shuffled,"[45, 140, 70, 35, 25, 15, 20]",1,1.0,1
newsqa,390,0c1c6f6b44e3466eac1a68dadefd06ab,7,top_heavy_shuffled,"[15, 140, 35, 25, 20, 70, 45]",0,0.0,1
newsqa,391,c5559fa0b9a0438a9b843d4207061a3d,7,top_heavy_shuffled,"[45, 35, 70, 25, 140, 20, 15]",0,0.0,1
newsqa,392,a168c89e395546be9605e969f682e554,7,top_heavy_shuffled,"[70, 20, 140, 25, 15, 45, 35]",0,0.0,1
newsqa,393,849240180c584f71bc56c0c92c5df5fd,7,top_heavy_shuffled,"[15, 70, 20, 25, 35, 140, 45]",0,0.0,0
newsqa,394,d69a7141ec1c4110ac124dd58d19b8b4,7,top_heavy_shuffled,"[25, 45, 140, 15, 70, 35, 20]",0,0.16129032258064516,0
newsqa,395,d94300f7464c401db93e557fec221320,7,top_heavy_shuffled,"[20, 45, 70, 15, 35, 25, 140]",0,0.0,0
newsqa,396,fa44913cfa244faa88e773dcc3045012,7,top_heavy_shuffled,"[35, 140, 20, 15, 45, 25, 70]",0,0.0,1
newsqa,397,e98ac3de59a646c69b6eb17d3e3a4d0d,7,top_heavy_shuffled,"[35, 140, 45, 20, 15, 25, 70]",0,0.0,0
newsqa,398,d745bee67227422b824140f2734b0621,7,top_heavy_shuffled,"[35, 70, 20, 15, 25, 45, 140]",0,0.06896551724137931,0
newsqa,399,25eec8384d9d45b8b75affcc9f164be3,7,top_heavy_shuffled,"[25, 45, 15, 20, 35, 140, 70]",0,0.0,1
newsqa,400,912cb6aecbec4dc2b44ee22a076c3e2a,7,top_heavy_shuffled,"[70, 45, 25, 20, 35, 140, 15]",0,0.0,0
newsqa,401,f523ba87f5714a108e9bae698f676063,7,top_heavy_shuffled,"[140, 15, 35, 45, 25, 20, 70]",0,0.0,1
newsqa,402,3f28f7be13ad43cda7681b7fa874843c,7,top_heavy_shuffled,"[35, 15, 140, 25, 70, 45, 20]",0,0.0,1
newsqa,403,51ff7cdf97074a07862234487477ef4a,7,top_heavy_shuffled,"[15, 35, 140, 25, 45, 70, 20]",0,0.0,1
newsqa,404,6e1780414deb4cf9b49568f07b3bdc26,7,top_heavy_shuffled,"[70, 25, 20, 140, 15, 45, 35]",0,0.0,0
newsqa,405,f61206d61cf94401b8fbb566b0b67ec7,7,top_heavy_shuffled,"[15, 45, 70, 20, 35, 25, 140]",0,0.0,1
newsqa,406,12859cbba89f494b98e6b7be8b4c88ff,7,top_heavy_shuffled,"[25, 70, 35, 15, 45, 140, 20]",0,0.0,0
newsqa,407,1e326f32613a417fb55b23337862c62b,7,top_heavy_shuffled,"[45, 15, 70, 20, 25, 35, 140]",0,0.8,1
newsqa,408,4ff0076b7fe74648806429e78621f265,7,top_heavy_shuffled,"[35, 25, 15, 20, 140, 45, 70]",0,0.0,0
newsqa,409,531b64eef1bd44568360b3ab40da40da,7,top_heavy_shuffled,"[140, 35, 70, 45, 15, 25, 20]",0,0.08000000000000002,0
newsqa,410,ef15b705b7c54e77b276f22c804ce15d,7,top_heavy_shuffled,"[15, 25, 140, 35, 70, 20, 45]",0,0.6666666666666666,1
newsqa,411,bf9d67fa8b3849ceb410c4dfd7947e5f,7,top_heavy_shuffled,"[140, 45, 20, 70, 25, 35, 15]",0,0.0,0
newsqa,412,8b256cf4c08f4507b8b2f96d7289b585,7,top_heavy_shuffled,"[45, 25, 20, 15, 140, 35, 70]",0,0.0,1
newsqa,413,ab65135d9fc94f16a97555b6b3c54832,7,top_heavy_shuffled,"[70, 45, 20, 35, 140, 15, 25]",0,0.0,1
newsqa,414,21c894485b7a4cb0b66313dd1802a3c2,7,top_heavy_shuffled,"[15, 35, 45, 70, 20, 140, 25]",0,0.0,1
newsqa,415,23f3abb43b8f4f74bffb018bb3943125,7,top_heavy_shuffled,"[15, 70, 45, 25, 35, 20, 140]",0,0.0,1
newsqa,416,cdec7a0d975642d38b3b2d449bffc3e8,7,top_heavy_shuffled,"[70, 15, 35, 140, 45, 20, 25]",0,0.0,0
newsqa,417,803441a3a59d42b293810212bf2d6ced,7,top_heavy_shuffled,"[140, 25, 45, 15, 20, 35, 70]",0,0.0,1
newsqa,418,738dc2a651c7477abe2efc0e5547054a,7,top_heavy_shuffled,"[45, 15, 140, 70, 35, 25, 20]",1,1.0,1
newsqa,419,2fcf533dede444f2a0296b3bf112e0bd,7,top_heavy_shuffled,"[15, 35, 70, 25, 140, 45, 20]",1,1.0,1
newsqa,420,a1747749a3904c53b124b17ba86b1df6,7,top_heavy_shuffled,"[140, 70, 15, 45, 25, 20, 35]",0,0.0,1
newsqa,421,95a04d9fc49441cd901191b2390f05cd,7,top_heavy_shuffled,"[20, 45, 35, 140, 15, 70, 25]",0,0.0,1
newsqa,422,1a82de30a1e546bbaf099a05d79a6230,7,top_heavy_shuffled,"[25, 140, 20, 35, 15, 45, 70]",0,0.0,1
newsqa,423,bc20c452e45644e4beb92b0f35859105,7,top_heavy_shuffled,"[15, 20, 140, 25, 45, 70, 35]",1,1.0,1
newsqa,424,1f2ee8a4ce5d448e8ed30e7ca27b2b32,7,top_heavy_shuffled,"[35, 25, 15, 20, 70, 45, 140]",0,0.0,1
newsqa,425,3f1a03dd30304609a4e646069b0deffd,7,top_heavy_shuffled,"[70, 35, 140, 20, 25, 45, 15]",0,0.0,0
newsqa,426,a256f8f1dbd644c98a3bc79d072405fc,7,top_heavy_shuffled,"[35, 25, 45, 15, 140, 70, 20]",1,1.0,1
newsqa,427,35d000cd64d14585bd474322dc4f4f70,7,top_heavy_shuffled,"[25, 35, 20, 45, 140, 15, 70]",0,0.06451612903225805,1
newsqa,428,7e9ac1c4bf0845eab105c8b1b9265db2,7,top_heavy_shuffled,"[35, 20, 140, 70, 45, 15, 25]",0,0.0,0
newsqa,429,652962af37ce4c5799789678fa661553,7,top_heavy_shuffled,"[20, 15, 70, 140, 25, 45, 35]",0,0.39999999999999997,1
newsqa,430,f5894ccfbf314a63baaca983e208a43b,7,top_heavy_shuffled,"[35, 20, 15, 140, 45, 70, 25]",1,1.0,1
newsqa,431,8a3561154a454ca597d3a9a636a95a93,7,top_heavy_shuffled,"[20, 140, 45, 35, 15, 25, 70]",0,0.0,1
newsqa,432,6fe2385a3a1f4e7c8b1982cad82c939d,7,top_heavy_shuffled,"[20, 140, 35, 45, 25, 15, 70]",0,0.8571428571428571,1
newsqa,433,6f8f3d49dd8845de8307ad2d9fabf269,7,top_heavy_shuffled,"[140, 15, 20, 35, 45, 70, 25]",0,0.0,1
newsqa,434,a36a9969dee14e6f90fc1785e4d8151a,7,top_heavy_shuffled,"[25, 45, 20, 15, 140, 35, 70]",0,0.0,1
newsqa,435,1d1a6ab35fe14fdd8bbe88f884d82ce6,7,top_heavy_shuffled,"[140, 35, 45, 70, 25, 15, 20]",0,0.0909090909090909,1
newsqa,436,fb776aaae451464692b974373b39e4c5,7,top_heavy_shuffled,"[45, 70, 25, 20, 140, 15, 35]",1,1.0,1
newsqa,437,6616d9ae236f46acb990d2a879bf346f,7,top_heavy_shuffled,"[25, 70, 140, 35, 15, 20, 45]",1,1.0,1
newsqa,438,374bacece7a6435484e32852ba73f4a8,7,top_heavy_shuffled,"[35, 20, 25, 15, 140, 70, 45]",0,0.6666666666666666,1
newsqa,439,527a875dd5504c12b1e26cec3ff31fb6,7,top_heavy_shuffled,"[25, 70, 45, 140, 15, 35, 20]",0,0.0,1
newsqa,440,3b6bbfa360e14c8ea4997b82981bf6f7,7,top_heavy_shuffled,"[20, 45, 70, 15, 25, 35, 140]",1,1.0,1
newsqa,441,4f66952eeb534a109a11044fcfecf033,7,top_heavy_shuffled,"[25, 45, 140, 20, 15, 70, 35]",0,0.0,0
newsqa,442,dcd06efd15d8483f9ae99008aae4b8e6,7,top_heavy_shuffled,"[140, 70, 20, 35, 15, 25, 45]",0,0.0,1
newsqa,443,c452c1a025c44bdab1694894c2799e64,7,top_heavy_shuffled,"[140, 15, 25, 45, 35, 70, 20]",0,0.0,1
newsqa,444,2efef198621244dc8f660e49bcb0b54e,7,top_heavy_shuffled,"[20, 70, 15, 35, 45, 25, 140]",0,0.4,1
newsqa,445,0b9b15aa02b54f8e82a61c149799963b,7,top_heavy_shuffled,"[20, 45, 25, 35, 70, 140, 15]",0,0.0,1
newsqa,446,a77bad2720ec43aba758a5c99624b6c3,7,top_heavy_shuffled,"[25, 20, 35, 140, 70, 15, 45]",0,0.0,1
newsqa,447,42c9c8fe7ee843dbbe578fdc4dbba39a,7,top_heavy_shuffled,"[140, 45, 20, 15, 25, 35, 70]",0,0.0,1
newsqa,448,500e35b80a13424c8eb9c6e6a0b9af15,7,top_heavy_shuffled,"[25, 20, 45, 140, 35, 70, 15]",0,0.0,1
newsqa,449,490da89fb4c743858167b5b75af14ddd,7,top_heavy_shuffled,"[70, 20, 45, 35, 25, 140, 15]",0,0.0,1
newsqa,450,03905a27a5b841e59153c2e3de3c99f4,7,top_heavy_shuffled,"[15, 140, 45, 20, 35, 25, 70]",0,0.0,0
newsqa,451,bb334d8819054ded95d25bd214397832,7,top_heavy_shuffled,"[20, 140, 45, 25, 70, 35, 15]",0,0.0,1
newsqa,452,ccf8e9a161124b058363c911f27cc4bf,7,top_heavy_shuffled,"[35, 20, 45, 25, 140, 70, 15]",0,0.6666666666666666,1
newsqa,453,d83d3eda31c14835877587e71ae8f858,7,top_heavy_shuffled,"[140, 70, 15, 20, 35, 45, 25]",1,1.0,1
newsqa,454,4b7de03eac3642c5aad653d3fe1600dc,7,top_heavy_shuffled,"[35, 140, 20, 25, 45, 15, 70]",0,0.08000000000000002,1
newsqa,455,574737b3f4284419a8e2bcf43167e253,7,top_heavy_shuffled,"[35, 45, 140, 70, 20, 15, 25]",0,0.6666666666666666,1
newsqa,456,4e8d8610abde45809ece08144c48d9e7,7,top_heavy_shuffled,"[25, 70, 35, 15, 45, 20, 140]",0,0.6666666666666666,1
newsqa,457,80f8912075b14d1a91b62f0c2d06ca84,7,top_heavy_shuffled,"[35, 20, 70, 15, 25, 140, 45]",1,1.0,1
newsqa,458,6401157d496747a092bf97a5f430d281,7,top_heavy_shuffled,"[25, 20, 15, 45, 70, 140, 35]",0,0.0,1
newsqa,459,614b047fc1144246af208be2a508d5ce,7,top_heavy_shuffled,"[140, 25, 35, 15, 20, 70, 45]",0,0.0,0
newsqa,460,0dfeb9e7d43747bcac4e5ac700caec79,7,top_heavy_shuffled,"[20, 35, 45, 140, 25, 70, 15]",1,1.0,1
newsqa,461,edb3d5b64911443798e8e83b07ae5b99,7,top_heavy_shuffled,"[45, 70, 15, 35, 25, 140, 20]",0,0.06666666666666668,1
newsqa,462,d54a2fd059b54e2d80b503109524db0a,7,top_heavy_shuffled,"[140, 70, 20, 15, 25, 45, 35]",0,0.0,1
newsqa,463,c564493e2442402ebb6d4a5af51f7c25,7,top_heavy_shuffled,"[35, 15, 70, 20, 45, 140, 25]",0,0.5454545454545454,1
newsqa,464,b32d5172d0b3451b83352d24deab59e6,7,top_heavy_shuffled,"[70, 25, 35, 140, 20, 45, 15]",0,0.0,1
newsqa,465,19d523d3a0824aed8cc62eed5e24f1e4,7,top_heavy_shuffled,"[140, 45, 25, 20, 35, 15, 70]",0,0.0,1
newsqa,466,4cff857ac2f74c6094f26f596ba0cb1f,7,top_heavy_shuffled,"[15, 140, 35, 45, 20, 70, 25]",0,0.5,1
newsqa,467,af77d75481ae4b0391017dfd394050f4,7,top_heavy_shuffled,"[45, 70, 140, 20, 35, 25, 15]",1,1.0,1
newsqa,468,2784aee1dd324e3f8945b73963b7785f,7,top_heavy_shuffled,"[140, 70, 20, 15, 35, 25, 45]",0,0.5,1
newsqa,469,d89807b1fdda40c2bebb55edf64c3938,7,top_heavy_shuffled,"[140, 15, 35, 20, 25, 70, 45]",0,0.6,1
newsqa,470,af5369c41cba4379978174fe353ddff6,7,top_heavy_shuffled,"[140, 70, 15, 20, 45, 25, 35]",1,1.0,1
newsqa,471,6bf1ecc9589d4447b31afde347505919,7,top_heavy_shuffled,"[20, 25, 15, 140, 45, 70, 35]",0,0.0,0
newsqa,472,ba2b3c2aeb464d8f8a949fc75944bcbd,7,top_heavy_shuffled,"[70, 140, 25, 35, 15, 45, 20]",1,1.0,1
newsqa,473,112542d377134435a5e6e79b2e9a5c1a,7,top_heavy_shuffled,"[70, 15, 25, 35, 140, 20, 45]",0,0.0,1
newsqa,474,80a9457351e14111aaf3fb84d3528092,7,top_heavy_shuffled,"[25, 45, 70, 15, 35, 140, 20]",1,1.0,1
newsqa,475,f2894e10d02a42c2b91b26caefadfbc9,7,top_heavy_shuffled,"[35, 140, 25, 70, 20, 15, 45]",1,1.0,1
newsqa,476,daccc4268b874f63a33873b7171ba8ff,7,top_heavy_shuffled,"[20, 45, 35, 15, 140, 70, 25]",0,0.0,1
newsqa,477,540ee9edf9fd4bfc981390d172704bbc,7,top_heavy_shuffled,"[70, 20, 25, 140, 15, 45, 35]",0,0.0,1
newsqa,478,116602c25c3e4b33b7a5a111f9174cbe,7,top_heavy_shuffled,"[20, 25, 35, 15, 70, 140, 45]",0,0.5,1
newsqa,479,66225a9def6a45ddaac68462170b34b7,7,top_heavy_shuffled,"[35, 70, 45, 140, 20, 15, 25]",0,0.0,0
newsqa,480,b75b64ca513e4ae3be64ff5d71a9b652,7,top_heavy_shuffled,"[35, 15, 70, 45, 25, 140, 20]",0,0.0,0
newsqa,481,1aa0b7493d9b47bbb4625d39922576b6,7,top_heavy_shuffled,"[140, 70, 15, 35, 45, 25, 20]",0,0.0,0
newsqa,482,ce867b37ae1d4bc6b35988966e721575,7,top_heavy_shuffled,"[15, 140, 70, 45, 20, 35, 25]",1,1.0,1
newsqa,483,ab351f57bcf34ad6a535ed69e1eed04b,7,top_heavy_shuffled,"[15, 25, 20, 70, 140, 45, 35]",0,0.0,1
newsqa,484,f8d21ecd07db4b0888ea7c2c91f9135c,7,top_heavy_shuffled,"[25, 20, 15, 45, 70, 140, 35]",0,0.0,0
newsqa,485,66ccd850630b4a069b80af81f0d8fa0c,7,top_heavy_shuffled,"[70, 15, 20, 35, 45, 25, 140]",1,1.0,1
newsqa,486,fccd16a6079343e5ad862a07f82e3f42,7,top_heavy_shuffled,"[140, 15, 25, 20, 45, 35, 70]",0,0.888888888888889,1
newsqa,487,5372bffd269e45f5b80bfa12e294af8f,7,top_heavy_shuffled,"[45, 25, 15, 35, 20, 70, 140]",1,1.0,1
newsqa,488,1e52126edb5a499381fb1f064dd4377c,7,top_heavy_shuffled,"[45, 140, 20, 15, 25, 35, 70]",0,0.0,0
newsqa,489,ddf8070fbf124b54bfdca93791ef2056,7,top_heavy_shuffled,"[15, 25, 70, 140, 35, 20, 45]",0,0.0,1
newsqa,490,ec552a3b81734f36ae2a031fc34b7519,7,top_heavy_shuffled,"[20, 25, 140, 70, 45, 15, 35]",0,0.0,1
newsqa,491,23d1c9c515f3417ab70aba3c3bc43ec8,7,top_heavy_shuffled,"[45, 70, 25, 140, 15, 20, 35]",0,0.0,1
newsqa,492,af91062c61d0431fa90edb3cffc48da0,7,top_heavy_shuffled,"[45, 15, 25, 35, 20, 140, 70]",0,0.0,1
newsqa,493,9a9db144769c4ce29c4cdb431d756043,7,top_heavy_shuffled,"[140, 70, 35, 45, 25, 20, 15]",0,0.0,0
newsqa,494,3e4038716e3948b4b94243cad4cbfd1e,7,top_heavy_shuffled,"[35, 45, 70, 25, 20, 15, 140]",0,0.0,0
newsqa,495,dab26af5192549f1a07bed7fa63bf47e,7,top_heavy_shuffled,"[35, 15, 70, 140, 25, 45, 20]",0,0.0,0
newsqa,496,d58a27153bc74f08bfa857c4a80b1c90,7,top_heavy_shuffled,"[20, 15, 35, 25, 45, 140, 70]",0,0.0,1
newsqa,497,dd5a9212340046e2a340103c45fd7f17,7,top_heavy_shuffled,"[20, 45, 140, 70, 15, 35, 25]",0,0.6666666666666666,1
newsqa,498,8b0fb3b8cfee4daba5b93311dbe5c5b5,7,top_heavy_shuffled,"[25, 20, 35, 140, 45, 70, 15]",1,1.0,1
newsqa,499,822d82601bda4b509b180096346c1885,7,top_heavy_shuffled,"[20, 140, 70, 45, 35, 25, 15]",0,0.0,0
newsqa,500,cff10f8297c64447bf388d45ed577e95,7,top_heavy_shuffled,"[35, 20, 25, 45, 15, 140, 70]",1,1.0,1
newsqa,501,ecb8eb62bc3d4ae280ea3151211089a3,7,top_heavy_shuffled,"[25, 35, 15, 45, 20, 140, 70]",1,1.0,1
newsqa,502,787d235e4c2b4d89b4d9aebff5779cf6,7,top_heavy_shuffled,"[25, 140, 15, 70, 45, 20, 35]",0,0.0,0
newsqa,503,bfb2c3311c5d45789500d104b3965147,7,top_heavy_shuffled,"[15, 70, 20, 25, 140, 35, 45]",0,0.0,1
newsqa,504,c754c326486641409687edae575f81ee,7,top_heavy_shuffled,"[140, 20, 70, 35, 15, 45, 25]",0,0.0,1
newsqa,505,fe0d714e8be546d994f3469fbc3bd068,7,top_heavy_shuffled,"[70, 25, 35, 20, 15, 45, 140]",1,1.0,1
newsqa,506,cac7bd69b3e546a8aeccaeabc394f172,7,top_heavy_shuffled,"[15, 70, 140, 20, 25, 45, 35]",0,0.0,1
newsqa,507,8a6ced88638f4bf68c6bb3d7a979d48e,7,top_heavy_shuffled,"[45, 70, 140, 35, 15, 20, 25]",0,0.0,1
newsqa,508,9186ab50536b4241b5033a6f1bfa8c9b,7,top_heavy_shuffled,"[25, 140, 70, 35, 15, 20, 45]",1,1.0,1
newsqa,509,4166369ecf494ae998597cee8f2be647,7,top_heavy_shuffled,"[70, 25, 35, 140, 45, 15, 20]",0,0.15384615384615385,1
newsqa,510,78112e7810214d80b8fab5fa51c61200,7,top_heavy_shuffled,"[25, 15, 20, 140, 70, 35, 45]",0,0.0,0
newsqa,511,38ec897108f245b19aeba0e93e304360,7,top_heavy_shuffled,"[25, 140, 45, 20, 15, 70, 35]",1,1.0,1
newsqa,512,b26cac2e25c243dd93e2ac30801d55c9,7,top_heavy_shuffled,"[45, 35, 25, 140, 15, 20, 70]",0,0.2857142857142857,1
newsqa,513,dda0f54af5084a31a2746f72210b0bd4,7,top_heavy_shuffled,"[25, 140, 15, 45, 35, 20, 70]",0,0.0,1
newsqa,514,8444096a84e9455287180d0b1a928142,7,top_heavy_shuffled,"[35, 20, 70, 140, 15, 45, 25]",0,0.054054054054054064,1
newsqa,515,22f46485365f4209a992b2f67feb0440,7,top_heavy_shuffled,"[25, 70, 45, 35, 140, 15, 20]",0,0.5,1
newsqa,516,de36cde140ee4ceda620f1518dd104bc,7,top_heavy_shuffled,"[15, 140, 35, 25, 20, 45, 70]",1,1.0,1
newsqa,517,08183378ccb3472d903fd95b3b82e132,7,top_heavy_shuffled,"[45, 25, 35, 15, 70, 140, 20]",0,0.2857142857142857,1
newsqa,518,cb08cc75e99a4ec9807321f51dd40566,7,top_heavy_shuffled,"[15, 45, 70, 140, 35, 20, 25]",0,0.0,1
newsqa,519,1667240d3dd740ffa3c317106730a441,7,top_heavy_shuffled,"[25, 35, 45, 140, 20, 15, 70]",0,0.0,0
newsqa,520,b1de8025e01448dcabb96c7e5fab0186,7,top_heavy_shuffled,"[140, 15, 25, 45, 35, 70, 20]",0,0.0,1
newsqa,521,4c3cfd857b01453f9d193ba70e0f2257,7,top_heavy_shuffled,"[25, 140, 70, 45, 20, 15, 35]",1,1.0,1
newsqa,522,bcdd509239274509afc8ae77cb5df604,7,top_heavy_shuffled,"[15, 45, 20, 140, 35, 70, 25]",0,0.5,1
newsqa,523,f7776c027aca468e87d60716cfe3c1c3,7,top_heavy_shuffled,"[140, 20, 15, 25, 35, 70, 45]",0,0.6666666666666666,1
newsqa,524,2242d2a664df4bf1967d3689e8b069d0,7,top_heavy_shuffled,"[45, 15, 25, 35, 20, 140, 70]",1,1.0,1
newsqa,525,420222ccc3794c10a9750e897a4532e0,7,top_heavy_shuffled,"[70, 45, 25, 15, 140, 35, 20]",0,0.0,0
newsqa,526,fe94d55d37024a71afeebcce19c9779c,7,top_heavy_shuffled,"[15, 35, 45, 140, 20, 25, 70]",0,0.0,0
newsqa,527,16083c1098654497a127f77ea191c127,7,top_heavy_shuffled,"[15, 140, 20, 35, 25, 45, 70]",0,0.0,1
newsqa,528,427c5359e1bd4e2ca065c379a9c5d227,7,top_heavy_shuffled,"[140, 20, 25, 35, 45, 70, 15]",0,0.8,1
newsqa,529,6b25cbff83ef403ba7c2ee3b03a1d8be,7,top_heavy_shuffled,"[25, 35, 15, 70, 45, 140, 20]",0,0.0,0
newsqa,530,d23a30ecc5b8469c8e6324ff5d42409b,7,top_heavy_shuffled,"[20, 45, 140, 35, 15, 70, 25]",0,0.0,1
newsqa,531,c4eb8e9e88a64fa49128ad4e99776c91,7,top_heavy_shuffled,"[70, 20, 140, 25, 45, 35, 15]",0,0.0,1
newsqa,532,0e497d4f0b4642248a1e1e4b25960ce0,7,top_heavy_shuffled,"[70, 45, 35, 140, 15, 20, 25]",1,1.0,1
newsqa,533,02a006ec43e94d8a8fec1ab448fa5e00,7,top_heavy_shuffled,"[140, 70, 25, 35, 45, 15, 20]",0,0.4,1
newsqa,534,6bdd81ddfa4d41f9a8dac2c1ce206945,7,top_heavy_shuffled,"[35, 25, 140, 15, 20, 70, 45]",0,0.0,1
newsqa,535,bd35d7a651974bb181849a4486692264,7,top_heavy_shuffled,"[15, 20, 45, 70, 140, 35, 25]",1,1.0,1
newsqa,536,7992ef8a5e8f4d9da5a3f75f157136a0,7,top_heavy_shuffled,"[70, 35, 140, 45, 25, 20, 15]",0,0.0,1
newsqa,537,10e96facf13e4091ba5c8cee71226ff0,7,top_heavy_shuffled,"[140, 15, 20, 45, 35, 25, 70]",1,1.0,1
newsqa,538,e854d8deb6cf4af4ac58d44cb3c027c3,7,top_heavy_shuffled,"[140, 25, 20, 45, 70, 15, 35]",1,1.0,1
newsqa,539,80109609b1f24dc0859af11d2bf33ca9,7,top_heavy_shuffled,"[70, 20, 45, 35, 15, 140, 25]",1,1.0,1
newsqa,540,1cc25c3729ab4627a29f3f11172af372,7,top_heavy_shuffled,"[25, 70, 20, 45, 15, 140, 35]",0,0.0,1
newsqa,541,805a6afa477c45d18a26ebba495ac1b7,7,top_heavy_shuffled,"[15, 35, 140, 70, 20, 45, 25]",1,1.0,1
newsqa,542,8dcf91cc88c7478fb336f2b856b1f9b8,7,top_heavy_shuffled,"[70, 20, 35, 140, 25, 15, 45]",0,0.0,0
newsqa,543,34532b23c4624e6e92c4faf30085297d,7,top_heavy_shuffled,"[70, 35, 140, 25, 15, 20, 45]",0,0.1702127659574468,1
newsqa,544,ab7f7e70dde447fcaa29fdc20ba659db,7,top_heavy_shuffled,"[35, 140, 45, 70, 25, 20, 15]",0,0.0,0
newsqa,545,7904eba267c04097b63fb228937b62bb,7,top_heavy_shuffled,"[35, 15, 70, 20, 140, 25, 45]",0,0.0,1
newsqa,546,27ed5ffe8231443985b27f0d9d605774,7,top_heavy_shuffled,"[45, 20, 140, 70, 25, 35, 15]",0,0.0,1
newsqa,547,cdec18921af845c694384dea037eb6ec,7,top_heavy_shuffled,"[15, 25, 20, 70, 45, 140, 35]",0,0.0,0
newsqa,548,e5d6b99f2e6d4efea5d77b6e01aa98a3,7,top_heavy_shuffled,"[45, 140, 20, 15, 35, 70, 25]",0,0.0,1
newsqa,549,52e75f8056964c38b2a325a45841c089,7,top_heavy_shuffled,"[15, 20, 140, 45, 25, 35, 70]",0,0.0,1
newsqa,550,241ae106b1f7409d82a03f8296c8a6ab,7,top_heavy_shuffled,"[35, 20, 15, 45, 25, 140, 70]",0,0.09523809523809523,1
newsqa,551,374f14d949354e9aa9bdcfdc090433d7,7,top_heavy_shuffled,"[45, 140, 25, 35, 15, 70, 20]",1,1.0,1
newsqa,552,051e0cb33cb64409bbf8e8e79165bacf,7,top_heavy_shuffled,"[35, 20, 25, 140, 70, 15, 45]",0,0.0,1
newsqa,553,cfc8297fe16243e68fd7df070d7bd587,7,top_heavy_shuffled,"[20, 15, 70, 140, 25, 35, 45]",0,0.5217391304347826,1
newsqa,554,7df3df70d1c74ae9a1255fbee295ef62,7,top_heavy_shuffled,"[20, 70, 15, 35, 25, 140, 45]",0,0.13333333333333333,1
newsqa,555,9238d14529524f97a206ee0d51f157b8,7,top_heavy_shuffled,"[35, 25, 20, 15, 70, 45, 140]",0,0.2105263157894737,0
newsqa,556,0c9774b9297641e39224f703c4e13ec6,7,top_heavy_shuffled,"[15, 35, 70, 20, 25, 140, 45]",0,0.0,1
newsqa,557,5837e1a0fc834500856bc94d81b68ac2,7,top_heavy_shuffled,"[140, 35, 20, 70, 25, 45, 15]",0,0.0,0
newsqa,558,95e677b8475e40e3a6abedec6fe17104,7,top_heavy_shuffled,"[35, 25, 15, 45, 20, 140, 70]",0,0.0,0
newsqa,559,04aa223c25b44b43ba9c2cc94fb5ccc1,7,top_heavy_shuffled,"[70, 140, 35, 15, 25, 20, 45]",0,0.0,1
newsqa,560,b18ad0a41f164debb57278760e011fd1,7,top_heavy_shuffled,"[45, 25, 70, 15, 35, 20, 140]",0,0.0,0
newsqa,561,2ff5deeb56834423b46cb59226137c85,7,top_heavy_shuffled,"[35, 15, 70, 140, 20, 45, 25]",1,1.0,1
newsqa,562,fc754599d5c048639de9864adbce649a,7,top_heavy_shuffled,"[140, 20, 25, 70, 35, 45, 15]",0,0.0,1
newsqa,563,962454a456cc4bbb9a8d5bfba6abf79c,7,top_heavy_shuffled,"[45, 25, 15, 70, 140, 20, 35]",1,1.0,1
newsqa,564,902f161fe57f4998b07fd0de6d95270d,7,top_heavy_shuffled,"[45, 35, 140, 70, 25, 15, 20]",0,0.888888888888889,1
newsqa,565,386263cd9738415982f8a63c4d30c2c5,7,top_heavy_shuffled,"[15, 70, 20, 25, 45, 35, 140]",0,0.13333333333333336,0
newsqa,566,7fa327c5d6d443e8b5528c521db7bf65,7,top_heavy_shuffled,"[140, 35, 45, 20, 25, 70, 15]",0,0.0,0
newsqa,567,a3350d80e3c94368aed1d9a34577d519,7,top_heavy_shuffled,"[70, 35, 140, 25, 45, 20, 15]",0,0.0,1
newsqa,568,0cecc7cafa884126923093cb39466c96,7,top_heavy_shuffled,"[45, 140, 25, 15, 70, 20, 35]",1,1.0,1
newsqa,569,e23472157c0d4ebe81a0fa5c027b3359,7,top_heavy_shuffled,"[25, 140, 20, 35, 70, 15, 45]",0,0.0,0
newsqa,570,0d5bc4fc6f0c425b98565b8f80bb6e43,7,top_heavy_shuffled,"[25, 70, 20, 140, 35, 15, 45]",0,0.0,0
newsqa,571,0104a4f929b64f0e84d574262a285e30,7,top_heavy_shuffled,"[70, 20, 15, 35, 25, 140, 45]",1,1.0,1
newsqa,572,c5dc840ded554956be6daa4c6631deb3,7,top_heavy_shuffled,"[70, 35, 20, 25, 140, 15, 45]",1,1.0,1
newsqa,573,6254496b903a42e680fd882f3283fb49,7,top_heavy_shuffled,"[45, 20, 25, 35, 15, 70, 140]",1,1.0,1
newsqa,574,1f73b3ea836548d496ef68c08f4369f4,7,top_heavy_shuffled,"[45, 25, 15, 20, 140, 70, 35]",1,1.0,1
newsqa,575,6c170e4dcb7d4be0a567d55d531ba222,7,top_heavy_shuffled,"[15, 70, 20, 35, 25, 140, 45]",0,0.4,1
newsqa,576,64ca162a7daf4ca0b747b8b3d75eca51,7,top_heavy_shuffled,"[35, 25, 140, 15, 45, 20, 70]",0,0.07142857142857144,0
newsqa,577,a73cab123714432c9731e0568fd9d43c,7,top_heavy_shuffled,"[35, 20, 70, 15, 140, 25, 45]",0,0.33333333333333337,1
newsqa,578,e504aa46a10248e8b18cb4639dce0467,7,top_heavy_shuffled,"[20, 35, 15, 140, 45, 25, 70]",0,0.0,1
newsqa,579,8e5c3c1a2b514ea2b0d9eb06879364c2,7,top_heavy_shuffled,"[20, 15, 140, 35, 25, 70, 45]",1,1.0,1
newsqa,580,843521ec385d4ca797c3a37842424dae,7,top_heavy_shuffled,"[25, 35, 20, 70, 140, 45, 15]",0,0.0,0
newsqa,581,1554e7b389d54ff7904f0bf2d82e269c,7,top_heavy_shuffled,"[25, 20, 140, 15, 70, 35, 45]",0,0.0,0
newsqa,582,0c64ef2bbeb543bf87efbb0b2617f2b1,7,top_heavy_shuffled,"[15, 140, 20, 45, 25, 70, 35]",1,1.0,1
newsqa,583,ffc6152628c540ecae6e6bab7f420f28,7,top_heavy_shuffled,"[25, 20, 140, 35, 70, 45, 15]",0,0.888888888888889,1
newsqa,584,c7c63ad1a040451eaf13ad8160295ba0,7,top_heavy_shuffled,"[15, 70, 35, 25, 140, 45, 20]",0,0.0,0
newsqa,585,e6a17a43379a40d1a0388edd679e1fc3,7,top_heavy_shuffled,"[25, 45, 20, 70, 15, 140, 35]",0,0.0,1
newsqa,586,808b1f032cab4da587ca8837b7ee6686,7,top_heavy_shuffled,"[20, 35, 70, 15, 25, 140, 45]",0,0.6666666666666666,1
newsqa,587,28ae4259c5bd485a899ec68af2eb4264,7,top_heavy_shuffled,"[35, 25, 140, 20, 15, 45, 70]",0,0.0,0
newsqa,588,62179d55c8ab4178bb0450eafda198cf,7,top_heavy_shuffled,"[70, 20, 15, 140, 25, 35, 45]",0,0.0,0
newsqa,589,157c103f7f3942c8be2ee84825ff7f32,7,top_heavy_shuffled,"[35, 20, 70, 140, 45, 25, 15]",0,0.14285714285714288,1
newsqa,590,c551f0e759174fbc80c4d851c51c31fd,7,top_heavy_shuffled,"[35, 45, 70, 140, 25, 15, 20]",1,1.0,1
newsqa,591,8a34a18a13e9487984c1d6839fed053e,7,top_heavy_shuffled,"[25, 140, 45, 70, 15, 35, 20]",0,0.5,0
newsqa,592,d4b5dfb2769d4208804f62b71b6e71c3,7,top_heavy_shuffled,"[70, 140, 15, 35, 25, 20, 45]",0,0.0,0
newsqa,593,77eaa1d176e14eb092f85c51020850ff,7,top_heavy_shuffled,"[70, 25, 140, 20, 35, 45, 15]",0,0.0,0
newsqa,594,8dbad2970e8945f0a4595ccae78e57e9,7,top_heavy_shuffled,"[45, 35, 25, 15, 20, 140, 70]",0,0.0,0
newsqa,595,01649970ebdc4958a48c133492620c31,7,top_heavy_shuffled,"[70, 45, 35, 15, 140, 20, 25]",0,0.0,1
newsqa,596,695bcb8dd90046bba77ed4fe322db935,7,top_heavy_shuffled,"[20, 70, 45, 25, 140, 15, 35]",0,0.0,1
newsqa,597,ce37bce116da48499f15b84b3c158692,7,top_heavy_shuffled,"[25, 140, 35, 45, 15, 70, 20]",1,1.0,1
newsqa,598,e88a0c1244b5484b830b44a6139bec80,7,top_heavy_shuffled,"[15, 25, 140, 45, 35, 70, 20]",0,0.0,0
newsqa,599,60b894ff9c6c43c58bc90fcc2aa78e43,7,top_heavy_shuffled,"[15, 140, 45, 25, 35, 20, 70]",0,0.0,0
newsqa,600,3ffa9e00578043369a677dc8661bfc96,7,top_heavy_shuffled,"[35, 45, 140, 15, 25, 20, 70]",1,1.0,1
newsqa,601,22389bcc734d49d98fdccaf2c36e5c7f,7,top_heavy_shuffled,"[25, 35, 70, 140, 20, 45, 15]",0,0.0,1
newsqa,602,2d006592676144faac44e16423bfb178,7,top_heavy_shuffled,"[20, 15, 70, 25, 140, 35, 45]",0,0.8,1
newsqa,603,b20e7a05673a4b3c8ee29beaba23f73a,7,top_heavy_shuffled,"[70, 35, 15, 45, 140, 20, 25]",1,1.0,1
newsqa,604,299726f939f0420aaeb6e5f33a325d39,7,top_heavy_shuffled,"[15, 70, 140, 35, 20, 25, 45]",0,0.0,0
newsqa,605,4740a5c55c1f47bf93a59c65525f43e9,7,top_heavy_shuffled,"[20, 15, 25, 70, 35, 45, 140]",1,1.0,1
newsqa,606,c01e2730fd0544988a6e4c5dc11e0734,7,top_heavy_shuffled,"[45, 20, 70, 35, 140, 15, 25]",0,0.0,0
newsqa,607,02e40f5399fb4b2386f784865610ff5a,7,top_heavy_shuffled,"[70, 45, 140, 35, 20, 15, 25]",1,1.0,1
newsqa,608,d9f2855c8621457fb68bac161b7f811b,7,top_heavy_shuffled,"[140, 25, 70, 20, 45, 35, 15]",0,0.0,1
newsqa,609,4d2ab04164304690b5bbc05618e82a59,7,top_heavy_shuffled,"[140, 70, 25, 45, 15, 20, 35]",0,0.0,1
newsqa,610,0c1be19d610b4fa59930cc5cc930c9d2,7,top_heavy_shuffled,"[70, 15, 45, 25, 20, 140, 35]",0,0.0,0
newsqa,611,9d3dd78635084be1bb29a74d6ae963f6,7,top_heavy_shuffled,"[20, 45, 140, 15, 35, 70, 25]",1,1.0,1
newsqa,612,c992708e6d004bedb81d57b076e33286,7,top_heavy_shuffled,"[45, 35, 20, 70, 25, 140, 15]",0,0.0,1
newsqa,613,cf40be104bfe45338fb4e03c699a2f7f,7,top_heavy_shuffled,"[15, 70, 45, 35, 140, 25, 20]",0,0.0,0
newsqa,614,07ebc87534e64dfca8d40500fe2ecd3b,7,top_heavy_shuffled,"[15, 70, 25, 45, 20, 140, 35]",0,0.0,1
newsqa,615,7d4f644a529f41c4b257f9ffb9ce9c87,7,top_heavy_shuffled,"[20, 70, 35, 25, 15, 45, 140]",0,0.0,1
newsqa,616,18fa422e1baf476fbce6d230e0858000,7,top_heavy_shuffled,"[20, 35, 25, 15, 140, 70, 45]",0,0.0,1
newsqa,617,0178feda5ef74636ba6e5ba11135ceb6,7,top_heavy_shuffled,"[35, 70, 15, 20, 25, 140, 45]",0,0.0,1
newsqa,618,4a93c5ba8a9f4632b9fd8768d008ea73,7,top_heavy_shuffled,"[25, 70, 20, 140, 35, 15, 45]",0,0.0,0
newsqa,619,a0cdfbc45b3f4641b64a2dfd3bde4c2b,7,top_heavy_shuffled,"[70, 45, 35, 20, 25, 15, 140]",0,0.0,0
newsqa,620,79668b02828141b4bc20fd9faba0e2d9,7,top_heavy_shuffled,"[25, 140, 15, 20, 70, 35, 45]",1,1.0,1
newsqa,621,ebf5e6a8dd1742b68312c2c6ada5aad0,7,top_heavy_shuffled,"[70, 35, 140, 45, 20, 15, 25]",0,0.0,0
newsqa,622,599f7e94db9a48019f887451a66c4e1d,7,top_heavy_shuffled,"[45, 35, 20, 25, 140, 15, 70]",0,0.0,1
newsqa,623,00388805ff934f4a9f6c374dd50be557,7,top_heavy_shuffled,"[20, 35, 140, 70, 25, 45, 15]",0,0.0,1
newsqa,624,8067ee0ec3df4208924631047ae0c537,7,top_heavy_shuffled,"[20, 70, 35, 140, 45, 15, 25]",0,0.05405405405405406,1
newsqa,625,654cd3a33c974ab989777ea8cd69c130,7,top_heavy_shuffled,"[20, 35, 25, 140, 45, 70, 15]",0,0.0,1
newsqa,626,ed981c4aeb414002ad995530646965da,7,top_heavy_shuffled,"[15, 140, 35, 25, 45, 20, 70]",0,0.0,0
newsqa,627,23f830d9e6c24104852473a27360624c,7,top_heavy_shuffled,"[140, 70, 20, 45, 35, 15, 25]",0,0.0,1
newsqa,628,90f5064a214f4e05b9a65eb206d773ea,7,top_heavy_shuffled,"[20, 35, 70, 25, 15, 45, 140]",0,0.0,1
newsqa,629,47e690d71a1648aba0e8ee4f18ede013,7,top_heavy_shuffled,"[25, 35, 15, 20, 45, 70, 140]",0,0.0,0
newsqa,630,5dc68d2932bb4b0f861bd4642c674c43,7,top_heavy_shuffled,"[70, 45, 35, 15, 20, 140, 25]",0,0.0,1
newsqa,631,e04f0cda81094300afaba328511581fe,7,top_heavy_shuffled,"[45, 25, 140, 35, 20, 70, 15]",0,0.0,0
newsqa,632,f540c016913344238538408d0b3ac731,7,top_heavy_shuffled,"[20, 70, 35, 15, 140, 25, 45]",0,0.6875000000000001,1
newsqa,633,2cdea969eb1441afb20bee7330453eac,7,top_heavy_shuffled,"[20, 140, 45, 70, 25, 35, 15]",0,0.0,0
newsqa,634,d7a9a5bd73444bfd8f0d54e0ee743304,7,top_heavy_shuffled,"[140, 70, 20, 45, 35, 25, 15]",0,0.6666666666666666,1
newsqa,635,1cf1d0fdb27f4ba6a2399a4a86b09b8e,7,top_heavy_shuffled,"[45, 15, 70, 20, 25, 35, 140]",0,0.0,1
newsqa,636,807640dab41142919b0c0452a24b2e79,7,top_heavy_shuffled,"[20, 15, 35, 25, 45, 70, 140]",0,0.0,1
newsqa,637,61bcc7e8df9841939729131fba4cd039,7,top_heavy_shuffled,"[20, 15, 35, 70, 45, 25, 140]",0,0.0,1
newsqa,638,d6270ad7fc144895abf4552a2e0f8fc4,7,top_heavy_shuffled,"[70, 20, 140, 15, 45, 25, 35]",0,0.5,1
newsqa,639,06752c5554924c339e8cc99f3e4776aa,7,top_heavy_shuffled,"[35, 45, 140, 15, 25, 70, 20]",0,0.2857142857142857,1
newsqa,640,60df89b8d9d34129982e9438443b7d96,7,top_heavy_shuffled,"[70, 20, 45, 140, 25, 35, 15]",0,0.0,0
newsqa,641,c90c0b26990c48c3b78097fd570a807b,7,top_heavy_shuffled,"[15, 20, 25, 70, 140, 35, 45]",0,0.11764705882352942,1
newsqa,642,c5c6a6a15e594958ba61f8231ad1c9d0,7,top_heavy_shuffled,"[140, 45, 70, 15, 20, 35, 25]",0,0.0,1
newsqa,643,eb2fd89fd658434d97ecf961b12aed59,7,top_heavy_shuffled,"[35, 140, 20, 25, 70, 45, 15]",0,0.0,1
newsqa,644,f380a5932d4b4a43969a84c3338edae0,7,top_heavy_shuffled,"[70, 25, 15, 35, 45, 140, 20]",0,0.0,1
newsqa,645,a65e6461f74c47c9a5ffee9366dea0a4,7,top_heavy_shuffled,"[20, 35, 15, 70, 45, 25, 140]",0,0.0,1
newsqa,646,8f3827c3491247c7ab4d7706cbb8ef6d,7,top_heavy_shuffled,"[15, 70, 140, 20, 35, 45, 25]",0,0.0,0
newsqa,647,3f70de0169eb42c3a4b40cd1e5f1be61,7,top_heavy_shuffled,"[140, 15, 70, 25, 45, 20, 35]",1,1.0,1
newsqa,648,f5855e26ffa944fab475fd077cb06a43,7,top_heavy_shuffled,"[20, 35, 45, 15, 140, 25, 70]",0,0.0,0
newsqa,649,db63ac356f6a4df8b59087b055a45357,7,top_heavy_shuffled,"[25, 15, 70, 45, 35, 20, 140]",0,0.0,0
newsqa,650,9c03696110b94d56bbfbc83746f79a94,7,top_heavy_shuffled,"[25, 15, 140, 70, 35, 20, 45]",0,0.0,1
newsqa,651,c4b8fa26b7e741fd8b4b8e4120d39d41,7,top_heavy_shuffled,"[140, 20, 45, 70, 15, 25, 35]",0,0.7499999999999999,1
newsqa,652,5a1d3756a44c4a5ba9b30237dd1c807f,7,top_heavy_shuffled,"[70, 35, 25, 45, 140, 15, 20]",0,0.0,1
newsqa,653,50e8ae7a28b347edbef6a9604da6802a,7,top_heavy_shuffled,"[35, 25, 70, 140, 15, 20, 45]",0,0.09523809523809523,1
newsqa,654,29cf64bece6c424f80f4a55c46fc523f,7,top_heavy_shuffled,"[70, 25, 20, 45, 140, 15, 35]",0,0.0,0
newsqa,655,e17e9f25a202485c8d14b354a92e101d,7,top_heavy_shuffled,"[45, 70, 20, 25, 35, 15, 140]",0,0.0,0
newsqa,656,17ca78d8ef664047ad404f91d1f62c4b,7,top_heavy_shuffled,"[20, 140, 15, 70, 25, 45, 35]",0,0.0,1
newsqa,657,0af0869096df4dff8325c3f2ff584087,7,top_heavy_shuffled,"[45, 15, 70, 25, 20, 35, 140]",0,0.12903225806451613,1
newsqa,658,580cfb51fef84f5e9cb2de0be76eaa61,7,top_heavy_shuffled,"[35, 70, 140, 25, 15, 45, 20]",0,0.6666666666666666,1
newsqa,659,c0d5e844424d4d9bb84902a8ce411cc2,7,top_heavy_shuffled,"[20, 140, 25, 70, 35, 15, 45]",0,0.0,1
newsqa,660,c24d3c06799444db84d703cd715d2979,7,top_heavy_shuffled,"[45, 70, 15, 35, 20, 25, 140]",0,0.1111111111111111,1
newsqa,661,ef29092974ce40b980f963ac746247ec,7,top_heavy_shuffled,"[35, 140, 15, 70, 45, 20, 25]",0,0.0,1
newsqa,662,b7e11924f8a34063ba5445261471e552,7,top_heavy_shuffled,"[140, 35, 25, 15, 70, 20, 45]",1,1.0,1
newsqa,663,a25ba84fca504b2aa4e126007a22a14f,7,top_heavy_shuffled,"[70, 25, 20, 140, 15, 45, 35]",0,0.5,1
newsqa,664,0134a374dcf1451a820c7fd997862851,7,top_heavy_shuffled,"[35, 140, 15, 45, 70, 25, 20]",0,0.0,0
newsqa,665,72fa80f3ffa24cadbc2df7c806b0b59b,7,top_heavy_shuffled,"[20, 15, 45, 140, 25, 70, 35]",0,0.0,0
newsqa,666,692352f2fd7d4a389c1f1ca96570be32,7,top_heavy_shuffled,"[70, 35, 45, 25, 20, 140, 15]",0,0.0,0
newsqa,667,e9e6e952876b4c2b864f9c5fd00a3d8a,7,top_heavy_shuffled,"[140, 45, 25, 15, 70, 35, 20]",0,0.0,0
newsqa,668,fe0121ef5b874df0bfca5369f2253f03,7,top_heavy_shuffled,"[140, 25, 15, 45, 70, 35, 20]",0,0.125,1
newsqa,669,4453276e770a4ed7b7051d9d65d40975,7,top_heavy_shuffled,"[20, 70, 140, 35, 45, 25, 15]",1,1.0,1
newsqa,670,ea6918ad41e84412b642d9ac01b6d839,7,top_heavy_shuffled,"[15, 70, 20, 45, 140, 25, 35]",0,0.0,1
newsqa,671,99429dc4d1044cb49e70ceb6f3914e07,7,top_heavy_shuffled,"[35, 20, 70, 140, 25, 15, 45]",0,0.0,1
newsqa,672,7def903743ac43748483019d8b62d815,7,top_heavy_shuffled,"[25, 70, 35, 15, 20, 140, 45]",0,0.0,0
newsqa,673,8a018a8b09d14b4cb164c0abfd1594bb,7,top_heavy_shuffled,"[140, 20, 15, 45, 25, 35, 70]",1,1.0,1
newsqa,674,8907b0e8c2e142a395a35b0c5560fe6a,7,top_heavy_shuffled,"[45, 70, 35, 20, 140, 25, 15]",0,0.0,0
newsqa,675,1ae4333af7ca4c33953c8030c3aed22f,7,top_heavy_shuffled,"[15, 20, 35, 25, 140, 70, 45]",0,0.18181818181818182,0
newsqa,676,989fede52bf840609bb69d7ba143301b,7,top_heavy_shuffled,"[20, 45, 35, 70, 140, 15, 25]",0,0.0,0
newsqa,677,368647e758554203bcd6310b0cb41a9f,7,top_heavy_shuffled,"[140, 45, 20, 35, 25, 15, 70]",0,0.0,0
newsqa,678,2662231ec6934df58d84e851aaff80fc,7,top_heavy_shuffled,"[70, 25, 45, 35, 15, 20, 140]",0,0.0,1
newsqa,679,aa4169b3de364c318562b0b09308caa0,7,top_heavy_shuffled,"[25, 45, 35, 20, 70, 15, 140]",0,0.0,1
newsqa,680,a71f1a9b718241dd890fd8feb1be3ab8,7,top_heavy_shuffled,"[70, 15, 140, 45, 25, 35, 20]",0,0.06666666666666667,0
newsqa,681,4d50fbdd13184f64aa70b8e68ea872d8,7,top_heavy_shuffled,"[20, 35, 70, 45, 25, 15, 140]",0,0.0,1
newsqa,682,914623f6bde244cab5e20f01a6d2560b,7,top_heavy_shuffled,"[25, 15, 70, 35, 20, 45, 140]",1,1.0,1
newsqa,683,6a80ae4b171345c3ba541b8aa343b1be,7,top_heavy_shuffled,"[140, 70, 20, 15, 35, 25, 45]",0,0.0,0
newsqa,684,055162a66045404b8d06e59773ef2e49,7,top_heavy_shuffled,"[140, 25, 70, 35, 15, 20, 45]",1,1.0,1
newsqa,685,6e0186a28acb4427aedaee03db16e623,7,top_heavy_shuffled,"[70, 140, 15, 25, 45, 35, 20]",0,0.0,1
newsqa,686,7f5733184c134247ad79a6d2bc6f0081,7,top_heavy_shuffled,"[25, 70, 140, 35, 20, 45, 15]",0,0.4,1
newsqa,687,831bd2a4a96f4496947a5656ac12135d,7,top_heavy_shuffled,"[20, 35, 45, 25, 140, 15, 70]",0,0.12000000000000001,0
newsqa,688,1d5e987319ba4158a12cab23543a04aa,7,top_heavy_shuffled,"[140, 70, 15, 25, 45, 35, 20]",0,0.0,0
newsqa,689,c9a9b912b07b4c91a98f4134fbc3c6f5,7,top_heavy_shuffled,"[45, 20, 140, 70, 15, 25, 35]",0,0.0,1
newsqa,690,a7fafb4013664c78a931293de688bedb,7,top_heavy_shuffled,"[15, 35, 20, 45, 140, 25, 70]",0,0.0,1
newsqa,691,0099081da3eb4d36bc020201d4f97a27,7,top_heavy_shuffled,"[15, 45, 25, 140, 20, 70, 35]",0,0.0,0
newsqa,692,b33f0ec8e82f44baa01e6b09f9e69104,7,top_heavy_shuffled,"[70, 20, 140, 35, 45, 15, 25]",0,0.0,1
newsqa,693,e62ec634d4b44a50842d1913910877a5,7,top_heavy_shuffled,"[20, 25, 15, 140, 45, 70, 35]",0,0.08888888888888888,1
newsqa,694,c78e0c2903384595af84d1f0cf51a54f,7,top_heavy_shuffled,"[70, 15, 25, 45, 35, 20, 140]",0,0.0,0
newsqa,695,d313b671236c48f3b029c72fbc46971b,7,top_heavy_shuffled,"[35, 140, 20, 45, 15, 25, 70]",0,0.0,0
newsqa,696,3d674d0b82684e87bdc226d9d614e6e4,7,top_heavy_shuffled,"[140, 15, 70, 35, 20, 25, 45]",0,0.0,0
newsqa,697,4054abd26fcb4958b130fe94dda895ee,7,top_heavy_shuffled,"[25, 15, 45, 70, 140, 35, 20]",1,1.0,1
newsqa,698,65e2cb72034947f0ad2e4fbae41a103e,7,top_heavy_shuffled,"[45, 20, 25, 35, 15, 70, 140]",0,0.5384615384615385,1
newsqa,699,c1b2178b59534886b5fab6b21bb11662,7,top_heavy_shuffled,"[20, 45, 140, 35, 70, 25, 15]",1,1.0,1
newsqa,700,ca8d39a6862e49b58a03a0da02a7bede,7,top_heavy_shuffled,"[45, 35, 140, 20, 15, 70, 25]",0,0.0,0
newsqa,701,daa68770d88b4dbabfc2955ecc647750,7,top_heavy_shuffled,"[140, 35, 20, 25, 45, 70, 15]",0,0.0,0
newsqa,702,504074fdd18a4bfdb3c4d8b3d6a4b589,7,top_heavy_shuffled,"[35, 140, 70, 15, 25, 20, 45]",0,0.0,0
newsqa,703,ba3edfff481042f2a104ffdc278727c0,7,top_heavy_shuffled,"[45, 25, 20, 70, 35, 15, 140]",0,0.0,0
newsqa,704,08b635995bc64aefba8d3fdb405e1b4b,7,top_heavy_shuffled,"[15, 20, 35, 45, 140, 70, 25]",0,0.0,0
newsqa,705,775656e96e4747f5a17cc2b57edd12b7,7,top_heavy_shuffled,"[20, 15, 70, 45, 35, 25, 140]",0,0.0,1
newsqa,706,b2726529c0374da2bcb670a3c89f58a4,7,top_heavy_shuffled,"[25, 15, 45, 35, 20, 140, 70]",0,0.0,0
newsqa,707,7951ebb574024ca7958ac8e4f56cc046,7,top_heavy_shuffled,"[45, 15, 25, 20, 140, 70, 35]",0,0.0,1
newsqa,708,a0eed9d8178c4928b016bdf106f59e9e,7,top_heavy_shuffled,"[35, 15, 140, 70, 20, 45, 25]",0,0.07843137254901962,0
newsqa,709,ed28bccab4dc46f0a12e98fd366f2a83,7,top_heavy_shuffled,"[35, 15, 140, 45, 25, 20, 70]",0,0.0,0
newsqa,710,1329f988ad3845129c304b54501c934c,7,top_heavy_shuffled,"[20, 15, 140, 70, 25, 35, 45]",0,0.6666666666666666,1
newsqa,711,bccab12e798e428b8869c19eb4feac2c,7,top_heavy_shuffled,"[45, 70, 15, 140, 35, 20, 25]",0,0.0,0
newsqa,712,692084604fa74539aa32ec6abec75341,7,top_heavy_shuffled,"[140, 45, 15, 20, 35, 25, 70]",0,0.34285714285714286,1
newsqa,713,3e4aa100c744486d883502dd35d3569c,7,top_heavy_shuffled,"[45, 140, 35, 25, 70, 15, 20]",0,0.0,0
newsqa,714,aa7ddfbb8f3c403ba5b0a0ded76f2bff,7,top_heavy_shuffled,"[70, 20, 15, 25, 35, 140, 45]",0,0.0,0
newsqa,715,ba1325c4040040a0b7809a32536da5fe,7,top_heavy_shuffled,"[70, 25, 45, 140, 15, 20, 35]",0,0.0,0
newsqa,716,3257fb95269946feab9eeec2ebcd3522,7,top_heavy_shuffled,"[45, 140, 20, 35, 70, 25, 15]",1,1.0,1
newsqa,717,fea7e77ef2364dcdb4bbfa5d69b0c0ef,7,top_heavy_shuffled,"[45, 15, 20, 35, 25, 70, 140]",0,0.6666666666666666,1
newsqa,718,60438978506949e79645c14afd3a21dd,7,top_heavy_shuffled,"[20, 140, 15, 35, 70, 45, 25]",0,0.6666666666666666,1
newsqa,719,5d6123571c4f4e5cb365ed1f2f6453f6,7,top_heavy_shuffled,"[25, 15, 140, 45, 70, 20, 35]",0,0.0,1
newsqa,720,f888582a9e324a639852992392b5a0cf,7,top_heavy_shuffled,"[35, 15, 140, 25, 70, 45, 20]",0,0.0,0
newsqa,721,6eeccb736c5f4d72944f4c46e4859c9d,7,top_heavy_shuffled,"[45, 15, 20, 70, 35, 25, 140]",0,0.6666666666666666,1
newsqa,722,8cd035648dd64edb912f01d1b01e6b89,7,top_heavy_shuffled,"[35, 15, 20, 140, 45, 70, 25]",0,0.0,0
newsqa,723,7b190c41b59249bcab29c887d579bb26,7,top_heavy_shuffled,"[15, 20, 35, 140, 45, 25, 70]",1,1.0,1
newsqa,724,aee9e1f69d5048c2a687b4a5acc056be,7,top_heavy_shuffled,"[25, 20, 35, 45, 70, 140, 15]",0,0.0,1
newsqa,725,3e5332718ede4bcb99b7c336ff05b9dd,7,top_heavy_shuffled,"[15, 45, 25, 70, 35, 20, 140]",1,1.0,1
newsqa,726,d974393cef5d43e791127eaed8ddb259,7,top_heavy_shuffled,"[35, 15, 140, 20, 70, 45, 25]",1,1.0,1
newsqa,727,1cc48ae35d6a4676a0823fdf2550f2ea,7,top_heavy_shuffled,"[35, 15, 25, 140, 45, 20, 70]",0,0.0,0
newsqa,728,21532189e740426194a08808390eb2b4,7,top_heavy_shuffled,"[15, 140, 70, 45, 35, 25, 20]",0,0.0,0
newsqa,729,64fee0d345024f42864a361022475420,7,top_heavy_shuffled,"[70, 20, 25, 15, 45, 140, 35]",1,1.0,1
newsqa,730,e4533ea2a1404bc285933f7355d58203,7,top_heavy_shuffled,"[70, 45, 35, 25, 20, 140, 15]",0,0.0,0
newsqa,731,a23bfc2ed0ea4b19b736c30f73f7e406,7,top_heavy_shuffled,"[25, 20, 70, 35, 45, 15, 140]",0,0.0,0
newsqa,732,7ca689bb9bd94572af15fb45f2257266,7,top_heavy_shuffled,"[15, 25, 140, 20, 35, 70, 45]",0,0.0,1
newsqa,733,311ea5e6c28d46ecb378b855eb0ffe59,7,top_heavy_shuffled,"[25, 70, 35, 140, 15, 45, 20]",0,0.0,1
newsqa,734,12cc92d88fd24d6697009b061d1769c2,7,top_heavy_shuffled,"[25, 70, 20, 35, 140, 45, 15]",1,1.0,1
newsqa,735,beefda6210c047899b54a61290a9837c,7,top_heavy_shuffled,"[15, 45, 70, 140, 35, 20, 25]",0,0.25,1
newsqa,736,928e2cc022da44a4893b47a7fa37e1c6,7,top_heavy_shuffled,"[20, 45, 140, 15, 35, 25, 70]",0,0.11428571428571427,1
newsqa,737,241efa1cac394ac983b144420a13a162,7,top_heavy_shuffled,"[45, 15, 140, 25, 35, 70, 20]",1,1.0,1
newsqa,738,1c67f7f0037b4ab1bb510cba499d11a4,7,top_heavy_shuffled,"[35, 20, 15, 45, 25, 140, 70]",0,0.0,1
newsqa,739,f687cfbb7bec408799b8b6f8285b5608,7,top_heavy_shuffled,"[140, 70, 25, 20, 15, 35, 45]",0,0.0,1
newsqa,740,2e613fb291864bdd8a0198c5df5ae238,7,top_heavy_shuffled,"[140, 45, 20, 35, 70, 25, 15]",0,0.0,0
newsqa,741,f5b7236c16734b2388cf37cfd5cbf27b,7,top_heavy_shuffled,"[70, 20, 45, 35, 25, 15, 140]",0,0.0,1
newsqa,742,3a1ba8b914d141eaac80d5de56ed0114,7,top_heavy_shuffled,"[140, 70, 35, 15, 20, 45, 25]",0,0.0,0
newsqa,743,671b2208301e460ba1fa588e350b82d6,7,top_heavy_shuffled,"[15, 20, 45, 70, 35, 25, 140]",0,0.0,1
newsqa,744,388dcae5aa9248318cd8d493a4c3519b,7,top_heavy_shuffled,"[25, 70, 20, 35, 140, 45, 15]",1,1.0,1
newsqa,745,2fcab3f4f6484d8992a6c2aa67aeec69,7,top_heavy_shuffled,"[20, 35, 70, 45, 140, 15, 25]",0,0.0588235294117647,1
newsqa,746,d0bae44433814b2da5d10519d7ea3695,7,top_heavy_shuffled,"[70, 140, 15, 25, 45, 35, 20]",0,0.0,1
newsqa,747,6c60d0e46b4a49068acd95570c520c6f,7,top_heavy_shuffled,"[35, 70, 140, 45, 20, 25, 15]",1,1.0,1
newsqa,748,2a8e2d0e16d64cc2a03180e7dfb8d745,7,top_heavy_shuffled,"[20, 140, 35, 15, 45, 25, 70]",0,0.6666666666666666,0
newsqa,749,6489bd7df2d04a8aa23561eaed38c793,7,top_heavy_shuffled,"[15, 20, 70, 35, 140, 25, 45]",0,0.0,1
newsqa,750,6082452e7aeb4e828079e15ab4e7a9a9,7,top_heavy_shuffled,"[70, 25, 20, 140, 35, 45, 15]",0,0.0,0
newsqa,751,fc16e9799a154e94b2bcade2e9eacd72,7,top_heavy_shuffled,"[20, 140, 45, 70, 25, 35, 15]",0,0.0,1
newsqa,752,17a72d69d7fd4e2fb9c562451e5434ef,7,top_heavy_shuffled,"[15, 70, 25, 45, 140, 20, 35]",0,0.5714285714285715,1
newsqa,753,755056d3d07940929387e2e7e76f4acf,7,top_heavy_shuffled,"[70, 25, 35, 45, 140, 20, 15]",0,0.0,0
newsqa,754,cbef062d89b944c5acd16f892a79611c,7,top_heavy_shuffled,"[15, 140, 45, 70, 35, 20, 25]",1,1.0,1
newsqa,755,a8ec79c66e284a45a63c7dcdcf4f9064,7,top_heavy_shuffled,"[70, 25, 35, 45, 20, 140, 15]",0,0.0,1
newsqa,756,6803dc0693214791b3058a87480b15d6,7,top_heavy_shuffled,"[35, 140, 45, 70, 20, 15, 25]",0,0.6666666666666666,1
newsqa,757,733d2fd24b0b40f7ba5f0edaed20cca9,7,top_heavy_shuffled,"[140, 20, 15, 35, 25, 45, 70]",0,0.09090909090909091,1
newsqa,758,5a154a6b5c364e79b30a1bd2c9e47e0c,7,top_heavy_shuffled,"[140, 45, 25, 35, 20, 15, 70]",0,0.0,0
newsqa,759,dc1fb48848df419fba9692dffef22844,7,top_heavy_shuffled,"[20, 70, 35, 25, 45, 140, 15]",0,0.0,0
newsqa,760,581d677951c7404d922d56e144504b82,7,top_heavy_shuffled,"[45, 15, 20, 70, 25, 35, 140]",1,1.0,1
newsqa,761,3f24c1ba50b04f8493f8663fd779846e,7,top_heavy_shuffled,"[70, 35, 140, 45, 20, 25, 15]",0,0.0,0
newsqa,762,a10d412bc874427b9f8df9a729c686a8,7,top_heavy_shuffled,"[25, 35, 45, 140, 70, 15, 20]",0,0.0,0
newsqa,763,99a7d09d04634cc08435d1e4bde155b5,7,top_heavy_shuffled,"[45, 15, 140, 35, 20, 70, 25]",0,0.0,0
newsqa,764,5544aab55fe744fab13706c13fcb4f96,7,top_heavy_shuffled,"[140, 35, 70, 20, 45, 15, 25]",0,0.0,1
newsqa,765,412a163387474317b4eb02196506d1f4,7,top_heavy_shuffled,"[35, 25, 20, 70, 15, 140, 45]",0,0.0,1
newsqa,766,a1c71fcc9f6a468c9468d13d69e711a7,7,top_heavy_shuffled,"[15, 35, 140, 20, 45, 70, 25]",0,0.0,0
newsqa,767,3287651f8746453ba1943191b85095a9,7,top_heavy_shuffled,"[45, 35, 25, 70, 20, 140, 15]",0,0.0,1
newsqa,768,e2d0189ba8fd449889044fecb68c28b2,7,top_heavy_shuffled,"[20, 25, 35, 70, 45, 15, 140]",0,0.0,1
newsqa,769,567c70fec2634f439e055ef5fb30135d,7,top_heavy_shuffled,"[70, 20, 35, 15, 140, 45, 25]",0,0.0,0
newsqa,770,febb62323b274b678dc47bb096688f4c,7,top_heavy_shuffled,"[20, 25, 70, 35, 140, 45, 15]",0,0.0,1
newsqa,771,e08b24a8d41544e38f2489b4e32e2764,7,top_heavy_shuffled,"[15, 20, 70, 35, 45, 25, 140]",0,0.0,1
newsqa,772,ecd82d14cb3e4e28b8307e44f4784ff5,7,top_heavy_shuffled,"[25, 140, 70, 35, 20, 15, 45]",0,0.0,1
newsqa,773,a0b2f384132d475d9b375afdc5343fb2,7,top_heavy_shuffled,"[35, 45, 20, 70, 25, 15, 140]",0,0.0,1
newsqa,774,1703025033a448048d6f688f9321e2a2,7,top_heavy_shuffled,"[140, 70, 20, 15, 25, 45, 35]",0,0.0,1
newsqa,775,6c8c2af2e7b14a84acf550c9253961d8,7,top_heavy_shuffled,"[25, 70, 140, 20, 45, 15, 35]",0,0.0,1
newsqa,776,6368dd06f186478dae5ba3271569ef66,7,top_heavy_shuffled,"[45, 140, 20, 25, 70, 15, 35]",0,0.08888888888888888,0
newsqa,777,019a54c5394847ec81325e8bdaf8355f,7,top_heavy_shuffled,"[45, 70, 25, 35, 140, 20, 15]",0,0.0,0
newsqa,778,4ae06e8228ca4ca89224a8598de5e6d9,7,top_heavy_shuffled,"[70, 45, 15, 35, 20, 25, 140]",0,0.0,0
newsqa,779,8ff3ddfe7f3a41e294a831e452189dd5,7,top_heavy_shuffled,"[20, 140, 45, 25, 70, 35, 15]",0,0.0,0
newsqa,780,52f45355af90482cb6a950e995783d4b,7,top_heavy_shuffled,"[70, 20, 45, 140, 15, 25, 35]",0,0.0,0
newsqa,781,b455ff336ebe403e896b9be3465811f7,7,top_heavy_shuffled,"[15, 45, 70, 20, 35, 140, 25]",1,1.0,1
newsqa,782,fef91dcc799042b59201fc0f963a8b17,7,top_heavy_shuffled,"[35, 20, 45, 140, 15, 70, 25]",0,0.0,0
newsqa,783,a2374c9022504b94b1a832c91ab535fe,7,top_heavy_shuffled,"[20, 45, 15, 25, 70, 140, 35]",0,0.5,1
newsqa,784,f1fca269781c4454a9fbcf23844c79dd,7,top_heavy_shuffled,"[15, 140, 20, 70, 35, 25, 45]",0,0.8,1
newsqa,785,828c73b72b124615b8ccc1cf1ab1014b,7,top_heavy_shuffled,"[20, 140, 25, 15, 45, 35, 70]",1,1.0,1
newsqa,786,ba9e926ece6b4b6e844f51d0b7b0f056,7,top_heavy_shuffled,"[140, 35, 45, 20, 25, 70, 15]",1,1.0,1
newsqa,787,b6ae22e3a9d04cfbaf6206a39dd062da,7,top_heavy_shuffled,"[20, 70, 25, 35, 140, 15, 45]",0,0.18181818181818182,1
newsqa,788,1b9decbc39c949e8bf28c759dfe4baa2,7,top_heavy_shuffled,"[35, 15, 45, 70, 20, 25, 140]",0,0.0,1
newsqa,789,f5b0c1a6b5824201baa94cf53c56f0c5,7,top_heavy_shuffled,"[35, 140, 15, 20, 25, 70, 45]",1,1.0,1
newsqa,790,1fe12d7bff7a46d79f76ccc655caf66c,7,top_heavy_shuffled,"[20, 45, 25, 140, 70, 35, 15]",1,1.0,1
newsqa,791,3ca19860d31d40d58c3d6018498bbc5e,7,top_heavy_shuffled,"[70, 45, 20, 140, 15, 25, 35]",1,1.0,1
newsqa,792,de7fae20ac624dc9af5949d97f30a79a,7,top_heavy_shuffled,"[20, 45, 15, 25, 140, 35, 70]",0,0.28571428571428575,1
newsqa,793,d9d30d695b524637976deff70f6a7afd,7,top_heavy_shuffled,"[20, 45, 140, 25, 35, 70, 15]",0,0.0,1
newsqa,794,8be91aa0873e4a4bb89703628089432a,7,top_heavy_shuffled,"[25, 45, 35, 20, 140, 15, 70]",1,1.0,1
newsqa,795,a3ff08899c474fcdaaae2dd2409ec7a0,7,top_heavy_shuffled,"[15, 45, 70, 35, 25, 20, 140]",0,0.07692307692307691,1
newsqa,796,bb1589db33fa4309b9b3f7fb5e4b3480,7,top_heavy_shuffled,"[25, 35, 70, 45, 20, 140, 15]",0,0.0,1
newsqa,797,2d6a236fd6104736bfb0ae4404ee6ea9,7,top_heavy_shuffled,"[140, 25, 35, 45, 15, 70, 20]",0,0.6666666666666666,1
newsqa,798,9c4719555e46425496a22559eff66115,7,top_heavy_shuffled,"[25, 140, 20, 45, 15, 70, 35]",0,0.08888888888888888,0
newsqa,799,3a63e60b8ef140d28f31325f8211cb10,7,top_heavy_shuffled,"[35, 25, 20, 45, 70, 15, 140]",0,0.0,0
newsqa,800,93447ee40a954604bc8e1c926079b785,7,top_heavy_shuffled,"[45, 25, 20, 35, 70, 15, 140]",0,0.0,1
newsqa,801,aa55b1829c9c41e28f3998d32da669ec,7,top_heavy_shuffled,"[140, 35, 70, 20, 15, 25, 45]",0,0.0909090909090909,1
newsqa,802,6eb7f187d8aa4f319e63ad269404dab2,7,top_heavy_shuffled,"[35, 140, 15, 20, 45, 70, 25]",0,0.5,1
newsqa,803,67a58f5e2ff7455f8807463f414f9b99,7,top_heavy_shuffled,"[45, 25, 20, 15, 70, 140, 35]",0,0.0,1
newsqa,804,d62824da543e474da60ae07308009055,7,top_heavy_shuffled,"[25, 45, 35, 140, 70, 20, 15]",0,0.0,0
newsqa,805,b3d58c3cb86044e1ac53ac99a0246d3b,7,top_heavy_shuffled,"[45, 70, 20, 15, 25, 35, 140]",0,0.0,1
newsqa,806,6973eb89fb1441328fc7a79248c2a0ec,7,top_heavy_shuffled,"[25, 20, 35, 140, 45, 70, 15]",0,0.0,0
newsqa,807,dca240ce71894a9798451f919b5d9df0,7,top_heavy_shuffled,"[15, 25, 45, 140, 20, 70, 35]",0,0.0,1
newsqa,808,b0d95637bcb44afb96457d3053631d5f,7,top_heavy_shuffled,"[70, 15, 25, 140, 45, 35, 20]",0,0.08333333333333333,1
newsqa,809,8de2ee8d56464a9d971fdae65ae0f72b,7,top_heavy_shuffled,"[70, 35, 15, 45, 20, 140, 25]",0,0.0,1
newsqa,810,83966e58471549e2adc73c25f58c846b,7,top_heavy_shuffled,"[70, 25, 20, 15, 140, 45, 35]",0,0.0,0
newsqa,811,bb0d3b5086f845df8acfbf503fa4c2ff,7,top_heavy_shuffled,"[25, 35, 20, 70, 45, 140, 15]",0,0.0,1
newsqa,812,706ce26401d54a5d94687fb541f7350c,7,top_heavy_shuffled,"[20, 25, 70, 35, 140, 15, 45]",0,0.05405405405405406,1
newsqa,813,bf72c01037194351b8d906e8e8c4c0cc,7,top_heavy_shuffled,"[35, 20, 45, 70, 140, 15, 25]",0,0.0,0
newsqa,814,afa333ac95d848f0a60cde4f10d6e261,7,top_heavy_shuffled,"[140, 45, 15, 25, 70, 35, 20]",0,0.0,0
newsqa,815,41d5a6d229964b50b3c73d5bc9a5d1fa,7,top_heavy_shuffled,"[25, 45, 35, 15, 140, 20, 70]",1,1.0,1
newsqa,816,b94b8e734c3b40eaba7291c227e2edb7,7,top_heavy_shuffled,"[20, 25, 140, 70, 15, 45, 35]",0,0.0,1
newsqa,817,786765cfe8b44449af887152402aaa29,7,top_heavy_shuffled,"[140, 20, 25, 70, 35, 45, 15]",0,0.0,1
newsqa,818,031cc546d2904282a49ea01dcfa886c8,7,top_heavy_shuffled,"[20, 70, 25, 15, 140, 45, 35]",0,0.0,0
newsqa,819,9759378e0cc44a1c839214bdaa26612d,7,top_heavy_shuffled,"[35, 70, 45, 140, 25, 20, 15]",0,0.0,1
newsqa,820,963f7654e83b425bbeadf56527740ba0,7,top_heavy_shuffled,"[45, 20, 140, 25, 15, 70, 35]",0,0.0,0
newsqa,821,4fed7ee44ec9407ebf2f05e33d2f6d54,7,top_heavy_shuffled,"[140, 70, 15, 45, 20, 25, 35]",0,0.0,0
newsqa,822,e75dd8d226914bd9b9070a34d57ff0c9,7,top_heavy_shuffled,"[15, 70, 45, 140, 35, 20, 25]",0,0.0,1
newsqa,823,92216f1e211c4ddf968b958588255feb,7,top_heavy_shuffled,"[25, 35, 15, 140, 45, 20, 70]",0,0.21052631578947367,0
newsqa,824,fc9ff2ab888d45b79fa4959911c65e59,7,top_heavy_shuffled,"[35, 140, 45, 15, 70, 20, 25]",0,0.0,1
newsqa,825,dadbf5853ac746239f484a0c7ff02245,7,top_heavy_shuffled,"[70, 15, 25, 20, 45, 35, 140]",0,0.5,1
newsqa,826,b4e39f9e15734b6a82739950c34aa8ee,7,top_heavy_shuffled,"[45, 140, 35, 20, 25, 70, 15]",0,0.0,1
newsqa,827,5ed1ab8a035e44ec9200692431509884,7,top_heavy_shuffled,"[140, 20, 15, 45, 25, 70, 35]",0,0.0,0
newsqa,828,2bffb804aab041ee9605adbff83fe141,7,top_heavy_shuffled,"[140, 20, 25, 45, 70, 35, 15]",0,0.0,0
newsqa,829,ba4602ee540d4fcfb52af541b3e7dfd8,7,top_heavy_shuffled,"[70, 20, 35, 25, 45, 140, 15]",0,0.0,1
newsqa,830,45a6d0b6364d49129a59f0a062a2f9a8,7,top_heavy_shuffled,"[70, 15, 25, 45, 140, 20, 35]",0,0.0,1
newsqa,831,199178bd55f849279f0e163c691d0903,7,top_heavy_shuffled,"[45, 15, 70, 20, 35, 25, 140]",1,1.0,1
newsqa,832,745c742fa8d94abe88d1330cd4cdae1d,7,top_heavy_shuffled,"[70, 140, 25, 35, 20, 15, 45]",0,0.1818181818181818,1
newsqa,833,13c7ec87c0324be5bee05d51772027c5,7,top_heavy_shuffled,"[25, 20, 45, 15, 70, 35, 140]",0,0.4,1
newsqa,834,2f82125c096845fc8b5fc65418c486aa,7,top_heavy_shuffled,"[70, 35, 45, 140, 15, 20, 25]",0,0.5,1
newsqa,835,6c8e1e1b56bc4eb5b99b83ce6c5f3afd,7,top_heavy_shuffled,"[70, 35, 45, 20, 140, 25, 15]",1,1.0,1
newsqa,836,d37cc022c8344772b7d7261033a37c29,7,top_heavy_shuffled,"[70, 45, 25, 140, 20, 35, 15]",0,0.4827586206896552,1
newsqa,837,c034e68af36c41d79e0782c060d7acbd,7,top_heavy_shuffled,"[140, 35, 15, 70, 45, 25, 20]",0,0.8,1
newsqa,838,0986a62e4b4b48be90e2c9172a5b9617,7,top_heavy_shuffled,"[20, 140, 45, 15, 70, 35, 25]",0,0.0,1
newsqa,839,69bda7a3b8cb4e2baecd4fedbe7458ce,7,top_heavy_shuffled,"[15, 45, 140, 25, 35, 70, 20]",0,0.0,1
newsqa,840,144e38b6eea047c99e7ec1d8dbb6cbbc,7,top_heavy_shuffled,"[140, 25, 20, 35, 45, 70, 15]",0,0.0,1
newsqa,841,3cb0174eaaf54d35878f92077740136c,7,top_heavy_shuffled,"[25, 35, 20, 15, 70, 140, 45]",0,0.0,0
newsqa,842,e53753e6f784486091c8dce069d90994,7,top_heavy_shuffled,"[45, 25, 140, 35, 20, 15, 70]",0,0.0,1
newsqa,843,6d34f597fdc54dd2aa1a8a9e32e596cb,7,top_heavy_shuffled,"[140, 25, 20, 15, 70, 45, 35]",0,0.0,1
newsqa,844,dbc0bbc541124ed0843db76f2e3a1581,7,top_heavy_shuffled,"[45, 70, 35, 140, 15, 20, 25]",0,0.0,1
newsqa,845,7f00e9c077324f689c8b0746c6381e0e,7,top_heavy_shuffled,"[15, 35, 140, 70, 25, 20, 45]",0,0.1951219512195122,1
newsqa,846,bb720c2091ee4a94a85eb81aa5a7acc3,7,top_heavy_shuffled,"[20, 70, 15, 25, 140, 35, 45]",0,0.0,0
newsqa,847,aecbba5c017943a79d643d0cc71e57b7,7,top_heavy_shuffled,"[25, 20, 15, 140, 35, 45, 70]",1,1.0,1
newsqa,848,a04a4431e605471480fb64662b38504d,7,top_heavy_shuffled,"[45, 140, 25, 15, 70, 20, 35]",0,0.0,0
newsqa,849,60bbae0fbec24bf2a8de8ac0b7076b24,7,top_heavy_shuffled,"[25, 70, 140, 15, 35, 20, 45]",0,0.0,1
newsqa,850,f20bdc9681624087af1dda063b3a6945,7,top_heavy_shuffled,"[35, 70, 140, 45, 20, 25, 15]",1,1.0,1
newsqa,851,0161b1de8e9944f58ba3663305c9759a,7,top_heavy_shuffled,"[35, 20, 70, 140, 45, 25, 15]",0,0.6666666666666666,1
newsqa,852,33ad75a283674ce5a8178438d8739810,7,top_heavy_shuffled,"[45, 35, 20, 25, 70, 140, 15]",0,0.45161290322580644,1
newsqa,853,3de977d9d8c142c79231c332dad7cfdf,7,top_heavy_shuffled,"[35, 70, 25, 20, 140, 15, 45]",0,0.0,1
newsqa,854,42fb458e399b41f9b78a83d4b30d27b0,7,top_heavy_shuffled,"[25, 140, 15, 70, 35, 20, 45]",0,0.11428571428571428,0
newsqa,855,96b2b16f84e8465d9de71f9fa9718941,7,top_heavy_shuffled,"[15, 25, 35, 140, 45, 20, 70]",0,0.0,1
newsqa,856,68d323c49f9740abbda05876aebfd5d7,7,top_heavy_shuffled,"[70, 15, 35, 25, 20, 140, 45]",1,1.0,1
newsqa,857,415c375731994f69a116e415444abd99,7,top_heavy_shuffled,"[20, 15, 45, 70, 140, 35, 25]",1,1.0,1
newsqa,858,9fb85b5dcad34ba497f04a41616f6d0c,7,top_heavy_shuffled,"[45, 15, 140, 70, 25, 35, 20]",0,0.0,0
newsqa,859,40d56efbcf5041ff9ab958e865e63171,7,top_heavy_shuffled,"[25, 35, 20, 70, 15, 140, 45]",1,1.0,1
newsqa,860,16d87b6d44b74c9d9c705b0471dcb4b2,7,top_heavy_shuffled,"[140, 15, 70, 25, 20, 45, 35]",0,0.0,1
newsqa,861,1082fd6599c245bba88c6c46ce86eef8,7,top_heavy_shuffled,"[20, 45, 140, 25, 35, 70, 15]",0,0.0,0
newsqa,862,d316c97abd1e4815a14a66b9b76df881,7,top_heavy_shuffled,"[140, 45, 35, 70, 20, 15, 25]",1,1.0,1
newsqa,863,160bd2f1f99b4697a5945323087874cb,7,top_heavy_shuffled,"[35, 70, 15, 25, 140, 20, 45]",0,0.6666666666666666,1
newsqa,864,703c1f0b768d4732afa9e6a5a2d05091,7,top_heavy_shuffled,"[25, 35, 20, 140, 15, 45, 70]",0,0.0,0
newsqa,865,85ff90e4fd9c4c8790b6414520150e51,7,top_heavy_shuffled,"[70, 15, 140, 35, 25, 45, 20]",0,0.0,1
newsqa,866,7c34ec6a706d4aaf96e4f3356fe2da7c,7,top_heavy_shuffled,"[45, 70, 140, 20, 35, 15, 25]",0,0.0,1
newsqa,867,6f811a0a4db94a648917355fabbd40ae,7,top_heavy_shuffled,"[45, 35, 140, 25, 15, 70, 20]",1,1.0,1
newsqa,868,48e5d37aaea9404a891d01584e699f18,7,top_heavy_shuffled,"[20, 70, 140, 25, 45, 35, 15]",1,1.0,1
newsqa,869,3e8a38a0b3e64f809e791704ac768b95,7,top_heavy_shuffled,"[25, 45, 140, 70, 15, 20, 35]",0,0.0,0
newsqa,870,1b454ee0cee8452986cf0b57342e8534,7,top_heavy_shuffled,"[45, 70, 20, 140, 35, 25, 15]",0,0.0,1
newsqa,871,893449002d894f7695b2a32aa7713cb5,7,top_heavy_shuffled,"[35, 70, 45, 20, 15, 25, 140]",0,0.13333333333333333,1
newsqa,872,1405700ba6ce4058a4fa68e3c3d680e3,7,top_heavy_shuffled,"[20, 70, 15, 140, 45, 25, 35]",1,1.0,1
newsqa,873,5579074640614bacbdd03ed34a3ddf08,7,top_heavy_shuffled,"[20, 25, 35, 70, 140, 45, 15]",0,0.7000000000000001,1
newsqa,874,09553563f3b94bfd88d2887043744b77,7,top_heavy_shuffled,"[25, 20, 140, 45, 70, 35, 15]",1,1.0,1
newsqa,875,ed00bbd0da8841fa9bb15f15859a9876,7,top_heavy_shuffled,"[25, 45, 35, 20, 15, 70, 140]",1,1.0,1
newsqa,876,6dd10f33c4f8423080bdcf84c8a01ef1,7,top_heavy_shuffled,"[20, 140, 15, 35, 45, 70, 25]",0,0.0,0
newsqa,877,959464bf0c7c44ba8f2b21448867e4ad,7,top_heavy_shuffled,"[35, 25, 140, 20, 15, 45, 70]",0,0.0,0
newsqa,878,bf7fc80bf1024d73b6f5cea672696789,7,top_heavy_shuffled,"[25, 140, 35, 15, 20, 70, 45]",0,0.0,1
newsqa,879,06631314756e4d9fa7eb5f040d4d9da4,7,top_heavy_shuffled,"[45, 70, 15, 25, 140, 35, 20]",0,0.2608695652173913,1
newsqa,880,1d9dc72255774f95b5e274139d8ea9bd,7,top_heavy_shuffled,"[35, 25, 70, 45, 20, 140, 15]",0,0.03571428571428571,1
newsqa,881,eb0682a6d1694acf886b84a407d68416,7,top_heavy_shuffled,"[35, 45, 25, 140, 15, 20, 70]",0,0.0,1
newsqa,882,94b1187d3e5c4282983df4ab44d3d46b,7,top_heavy_shuffled,"[20, 15, 25, 140, 45, 70, 35]",0,0.0,1
newsqa,883,50b4c8f6f61a48c289fff1e90d3c1c68,7,top_heavy_shuffled,"[35, 25, 45, 15, 140, 70, 20]",0,0.0,1
newsqa,884,8c5e2893db634635891ae6afd30261c4,7,top_heavy_shuffled,"[140, 70, 35, 15, 45, 20, 25]",0,0.0,0
newsqa,885,9eecb36f5cb44bb18d24b6efe6824a06,7,top_heavy_shuffled,"[45, 35, 25, 70, 140, 20, 15]",0,0.0,1
newsqa,886,25223706065646aebcebc831d267c30d,7,top_heavy_shuffled,"[140, 70, 25, 20, 35, 15, 45]",0,0.0,0
newsqa,887,f97a45e3576644eda7c95849e50babef,7,top_heavy_shuffled,"[140, 15, 20, 25, 70, 45, 35]",1,1.0,1
newsqa,888,08aee7c44c404089b766cbe0fa2d55f5,7,top_heavy_shuffled,"[70, 25, 35, 20, 15, 140, 45]",0,0.0,1
newsqa,889,6d1b542705c74dfcb9ca889be8fc5c82,7,top_heavy_shuffled,"[20, 70, 140, 15, 45, 35, 25]",0,0.08,0
newsqa,890,8ce493334e064c2f97343909d7ddb91e,7,top_heavy_shuffled,"[35, 15, 45, 25, 20, 70, 140]",0,0.3846153846153846,1
newsqa,891,eb6590ce2f134b889d853696a1519eca,7,top_heavy_shuffled,"[70, 35, 25, 20, 140, 45, 15]",0,0.04761904761904762,1
newsqa,892,b5ada864c0934f8b98d919dae0bcec35,7,top_heavy_shuffled,"[35, 70, 25, 20, 140, 15, 45]",1,1.0,1
newsqa,893,73d58decb36a470e91d5491834972a95,7,top_heavy_shuffled,"[20, 35, 140, 15, 25, 70, 45]",0,0.0,1
newsqa,894,7d08f62337054caa8e0104c19a653158,7,top_heavy_shuffled,"[140, 70, 25, 15, 45, 20, 35]",0,0.0,1
newsqa,895,7a24d5cc2a8f44819ca35879d229e8bc,7,top_heavy_shuffled,"[20, 45, 35, 15, 70, 25, 140]",0,0.0,1
newsqa,896,97034e6a207f4a238a49bf7babb932e9,7,top_heavy_shuffled,"[20, 25, 45, 35, 70, 140, 15]",0,0.15384615384615385,1
newsqa,897,d0ef3a30427c4d66a516feb413c6b262,7,top_heavy_shuffled,"[35, 15, 140, 20, 25, 70, 45]",0,0.0,1
newsqa,898,59cca53e121949e39742ee34a89cffab,7,top_heavy_shuffled,"[70, 35, 25, 140, 15, 45, 20]",0,0.0,1
newsqa,899,a645bb94c6194b119832d8e395b47a0c,7,top_heavy_shuffled,"[15, 45, 35, 25, 20, 140, 70]",0,0.0,0
newsqa,900,9e32a1d3fd11455280d3aecde908c2e6,7,top_heavy_shuffled,"[35, 140, 70, 45, 20, 15, 25]",0,0.14285714285714288,0
newsqa,901,7d7537366071415381b140fc2d6bd90b,7,top_heavy_shuffled,"[70, 140, 20, 45, 35, 25, 15]",0,0.0,1
newsqa,902,46f896a31c254fb2bf5b68c060edb437,7,top_heavy_shuffled,"[70, 45, 140, 35, 15, 20, 25]",0,0.0,1
newsqa,903,2cda8c267a624be184e87b1d2cd0b05c,7,top_heavy_shuffled,"[15, 70, 20, 25, 35, 45, 140]",1,1.0,1
newsqa,904,3febc40bd3ee4d4e9226aa424b60123c,7,top_heavy_shuffled,"[15, 35, 20, 45, 140, 25, 70]",0,0.6666666666666666,1
newsqa,905,dfc54f2afa2849f4a1d9d7095fa37f8d,7,top_heavy_shuffled,"[70, 15, 35, 25, 20, 140, 45]",0,0.0,0
newsqa,906,57f26f2947864f429083b603d80000aa,7,top_heavy_shuffled,"[35, 25, 15, 45, 20, 140, 70]",0,0.0,1
newsqa,907,3e1bed5b98f248738744f4c55f0e6d06,7,top_heavy_shuffled,"[25, 45, 70, 35, 15, 20, 140]",0,0.0,1
newsqa,908,6d36da6f7d6c4ae898960241cc99cd4c,7,top_heavy_shuffled,"[35, 15, 45, 25, 20, 70, 140]",1,1.0,1
newsqa,909,82f2a270b951424e82df7540c14072d3,7,top_heavy_shuffled,"[45, 70, 35, 140, 15, 25, 20]",0,0.0,1
newsqa,910,059055bc2ed24376a2667ee2496aeb0c,7,top_heavy_shuffled,"[70, 20, 15, 140, 35, 45, 25]",1,1.0,1
newsqa,911,328dfae8a432499e91c71bad92e2bd79,7,top_heavy_shuffled,"[25, 70, 20, 35, 140, 15, 45]",0,0.0,1
newsqa,912,3555cf721db54ce6a35be172f4f0213c,7,top_heavy_shuffled,"[20, 35, 15, 25, 45, 140, 70]",1,1.0,1
newsqa,913,6905efa62e924f7c9960bc701d1025bb,7,top_heavy_shuffled,"[35, 20, 140, 45, 70, 25, 15]",1,1.0,1
newsqa,914,edd8922fe3ec43be851dee74c97ea861,7,top_heavy_shuffled,"[70, 35, 15, 25, 45, 140, 20]",0,0.0,0
newsqa,915,3f5b923f78d642ebb61f535595115ceb,7,top_heavy_shuffled,"[25, 70, 20, 140, 15, 35, 45]",0,0.0,1
newsqa,916,644155df8e7446718cc1d9ca4d2f4c05,7,top_heavy_shuffled,"[70, 25, 20, 35, 45, 15, 140]",0,0.0,1
newsqa,917,f1cd28d437e44ac586e3494371c55ff1,7,top_heavy_shuffled,"[15, 70, 45, 140, 20, 35, 25]",0,0.2222222222222222,1
newsqa,918,b8b75f189ac042c9a664c7bc13bcb936,7,top_heavy_shuffled,"[35, 20, 25, 15, 45, 140, 70]",0,0.0,0
newsqa,919,1cdeb2b345c247bfb083ab363bebd64c,7,top_heavy_shuffled,"[140, 15, 35, 25, 70, 45, 20]",1,1.0,1
newsqa,920,930d23fe662b49d4bb01a291e8a6ad98,7,top_heavy_shuffled,"[70, 140, 25, 20, 15, 35, 45]",0,0.0,1
newsqa,921,46414d4b1b7a4838987e3ee887a448bb,7,top_heavy_shuffled,"[25, 70, 140, 35, 15, 45, 20]",0,0.0,0
newsqa,922,fdc90f6593464af6b65c2f38b2c814c6,7,top_heavy_shuffled,"[140, 70, 45, 35, 25, 15, 20]",1,1.0,1
newsqa,923,e6cad506fcab4d979e90f4a9176b1408,7,top_heavy_shuffled,"[20, 15, 45, 140, 70, 35, 25]",1,1.0,1
newsqa,924,72a4722fda5f436e81437aea9042aaa8,7,top_heavy_shuffled,"[140, 35, 45, 70, 25, 20, 15]",1,1.0,1
newsqa,925,76ed5aaaa5bb47d7923d45360b3332ec,7,top_heavy_shuffled,"[25, 45, 70, 35, 15, 20, 140]",0,0.0,1
newsqa,926,33d1e51367a3481086b0b8206010e16c,7,top_heavy_shuffled,"[45, 140, 15, 20, 35, 25, 70]",0,0.0,1
newsqa,927,d1f6974f4b8f4a189e64cdf36c986df7,7,top_heavy_shuffled,"[45, 35, 25, 15, 70, 140, 20]",0,0.28571428571428575,1
newsqa,928,57351304b16347d58b309e84d19b79aa,7,top_heavy_shuffled,"[35, 20, 25, 15, 140, 45, 70]",0,0.7499999999999999,1
newsqa,929,7f022ca089d74d51a4be4625cb6191d5,7,top_heavy_shuffled,"[20, 140, 70, 15, 35, 45, 25]",0,0.0,0
newsqa,930,3c5e3c93b4f04892a42057005a46caaa,7,top_heavy_shuffled,"[70, 35, 140, 25, 20, 45, 15]",0,0.0,0
newsqa,931,f7b2f89be1724a9c86cbcc347b0c4425,7,top_heavy_shuffled,"[15, 25, 35, 70, 20, 45, 140]",0,0.0,1
newsqa,932,2af6e73ac32145e9bb843506ce6c6a61,7,top_heavy_shuffled,"[20, 140, 35, 45, 70, 15, 25]",1,1.0,1
newsqa,933,c4c1471da58b4cf087e179b9b71adef4,7,top_heavy_shuffled,"[15, 70, 35, 140, 25, 20, 45]",1,1.0,1
newsqa,934,1854615c2d334e5aa3a608b90f0547b5,7,top_heavy_shuffled,"[20, 70, 140, 15, 35, 45, 25]",1,1.0,1
newsqa,935,402f5f93e4a04d998cb41298d57b8115,7,top_heavy_shuffled,"[15, 35, 25, 45, 70, 140, 20]",1,1.0,1
newsqa,936,531226f1c86f49a3bee6638692fedd34,7,top_heavy_shuffled,"[140, 25, 20, 70, 45, 35, 15]",0,0.0,1
newsqa,937,23d9c3e938cd4e54a2917488a719b832,7,top_heavy_shuffled,"[35, 25, 140, 45, 20, 70, 15]",0,0.0,0
newsqa,938,d5012bef02214f0c9698b7a828959e39,7,top_heavy_shuffled,"[20, 70, 15, 45, 25, 35, 140]",1,1.0,1
newsqa,939,79d983f421ab4c3e92364b83b7186e99,7,top_heavy_shuffled,"[45, 35, 20, 70, 15, 140, 25]",0,0.6666666666666666,1
newsqa,940,2e71514053a447d5bbd3f9625420ca43,7,top_heavy_shuffled,"[20, 70, 25, 35, 15, 140, 45]",0,0.2857142857142857,1
newsqa,941,6a420f8f42204d968a137faeb1d73784,7,top_heavy_shuffled,"[25, 35, 45, 15, 140, 20, 70]",0,0.0,0
newsqa,942,2f56933ee8024412b6ef05faf87e7a46,7,top_heavy_shuffled,"[15, 45, 140, 35, 25, 70, 20]",0,0.0,1
newsqa,943,ccb81b6865484234ab334d34412a6b35,7,top_heavy_shuffled,"[35, 140, 70, 20, 15, 25, 45]",1,1.0,1
newsqa,944,e33b52e8485c41518aaf76f1048c35e4,7,top_heavy_shuffled,"[20, 140, 35, 70, 45, 15, 25]",0,0.0,1
newsqa,945,29544317d3ab466d8b13e1eac4463c10,7,top_heavy_shuffled,"[35, 45, 25, 15, 70, 20, 140]",0,0.6666666666666666,1
newsqa,946,b5736ba3b8574e3388b2a5ebccb15b09,7,top_heavy_shuffled,"[45, 140, 20, 70, 25, 15, 35]",0,0.0,0
newsqa,947,7e4328290edf4f2aac9f8988b5079fe1,7,top_heavy_shuffled,"[140, 35, 20, 70, 15, 25, 45]",0,0.2857142857142857,1
newsqa,948,8bff718944c84becbf657952138356fd,7,top_heavy_shuffled,"[20, 140, 45, 70, 35, 25, 15]",0,0.0,1
newsqa,949,c411868fbe054e80b90a12463b2beddd,7,top_heavy_shuffled,"[70, 20, 35, 25, 140, 15, 45]",0,0.0,1
newsqa,950,ead58bae18d04b9c89be6f0bbe3f155f,7,top_heavy_shuffled,"[140, 70, 25, 15, 20, 35, 45]",0,0.0,0
newsqa,951,319e4521a8454f6a908b91d874ce2e08,7,top_heavy_shuffled,"[20, 35, 45, 15, 70, 140, 25]",0,0.05128205128205128,0
newsqa,952,bc947534038744198b74eab0dc89a6fe,7,top_heavy_shuffled,"[140, 70, 20, 25, 45, 15, 35]",0,0.0,1
newsqa,953,aece58a299d84cd88579bca72c73da46,7,top_heavy_shuffled,"[25, 35, 140, 20, 70, 45, 15]",0,0.0,0
newsqa,954,61727044bdac4760964296c822ea1ffa,7,top_heavy_shuffled,"[140, 20, 35, 25, 15, 45, 70]",0,0.6666666666666666,1
newsqa,955,bc61a95b6c25463db3459cd626a11ad0,7,top_heavy_shuffled,"[140, 45, 15, 35, 25, 20, 70]",0,0.9090909090909091,1
newsqa,956,e45fbf36c6d64467b16f13324d22a4c2,7,top_heavy_shuffled,"[140, 70, 25, 15, 35, 20, 45]",0,0.3636363636363636,1
newsqa,957,1e1eb993a1ca4265978c2db209a671b7,7,top_heavy_shuffled,"[45, 20, 25, 140, 35, 70, 15]",0,0.0,1
newsqa,958,f74b173f48654bc9832934834956c10f,7,top_heavy_shuffled,"[35, 15, 20, 140, 45, 70, 25]",0,0.0,1
newsqa,959,30913ce681084f3f8357bef6147fe049,7,top_heavy_shuffled,"[25, 140, 45, 15, 20, 70, 35]",0,0.0,1
newsqa,960,359f8256bb2b4d5589fa81885ef48257,7,top_heavy_shuffled,"[25, 20, 70, 35, 45, 140, 15]",0,0.6666666666666666,1
newsqa,961,3d531ea0078248ebb3dd503bb338071f,7,top_heavy_shuffled,"[140, 70, 25, 45, 35, 20, 15]",0,0.03921568627450981,1
newsqa,962,a9dff945426841f8b37069eefd82297b,7,top_heavy_shuffled,"[25, 140, 70, 20, 15, 45, 35]",0,0.0,1
newsqa,963,aa9daba7638b4fa9b1472bb648fe964e,7,top_heavy_shuffled,"[140, 70, 35, 25, 15, 45, 20]",0,0.6666666666666666,1
newsqa,964,dd66178403e8487382fdc1b84bb2881c,7,top_heavy_shuffled,"[15, 20, 25, 70, 140, 35, 45]",0,0.0,0
newsqa,965,c9bcb9b8a8ba42f5bfd2538b4925a3ac,7,top_heavy_shuffled,"[25, 35, 15, 20, 140, 45, 70]",0,0.0,1
newsqa,966,a14a2ea82a1544a19f7c45cbf7f82f6e,7,top_heavy_shuffled,"[25, 140, 35, 20, 15, 70, 45]",0,0.8,1
newsqa,967,fb2d1f54601e4f89be70d07393db45f4,7,top_heavy_shuffled,"[25, 140, 15, 35, 70, 45, 20]",0,0.0,1
newsqa,968,b83b50ae80c3463aa27b05bb0bf4b493,7,top_heavy_shuffled,"[15, 35, 70, 25, 20, 140, 45]",0,0.0,0
newsqa,969,26c180c03a734a1aaee4138be308a078,7,top_heavy_shuffled,"[35, 45, 20, 140, 25, 70, 15]",0,0.06451612903225806,1
newsqa,970,273733b869b741a7b9667927ea701789,7,top_heavy_shuffled,"[20, 140, 70, 15, 25, 45, 35]",0,0.0,0
newsqa,971,97cb3c77ddba4ab9ae6bfdc00eb09c42,7,top_heavy_shuffled,"[25, 20, 15, 70, 35, 45, 140]",0,0.0,1
newsqa,972,08473edda228492e9cfe9b6583977e50,7,top_heavy_shuffled,"[35, 70, 140, 20, 45, 25, 15]",0,0.0,1
newsqa,973,6d5eb886bc37490aa1854938f9b36903,7,top_heavy_shuffled,"[15, 70, 25, 140, 45, 20, 35]",0,0.0,0
newsqa,974,e0ce4da6cbfe4f26b945f5555901e5c5,7,top_heavy_shuffled,"[25, 15, 140, 70, 45, 20, 35]",0,0.0,0
newsqa,975,f002078c2ea2435db1e405606b820e19,7,top_heavy_shuffled,"[35, 45, 25, 70, 140, 15, 20]",1,1.0,1
newsqa,976,441f524567e9477a9b0d07f4a0907622,7,top_heavy_shuffled,"[15, 70, 140, 25, 45, 35, 20]",1,1.0,1
newsqa,977,60dd6a100f3b42598ab0d32f254b1662,7,top_heavy_shuffled,"[20, 35, 25, 140, 45, 15, 70]",0,0.0,0
newsqa,978,873ea1af23e548efb10a54c97edcdb6b,7,top_heavy_shuffled,"[15, 45, 140, 35, 70, 25, 20]",0,0.0,1
newsqa,979,3e1d564bb5eb4b1ba37db917c472a566,7,top_heavy_shuffled,"[25, 15, 20, 140, 35, 70, 45]",1,1.0,1
newsqa,980,04676862004644f18aa94ff54107047c,7,top_heavy_shuffled,"[20, 45, 70, 35, 25, 15, 140]",0,0.09090909090909093,0
newsqa,981,116e002d700e4d349581f1a4937dfba8,7,top_heavy_shuffled,"[45, 25, 140, 70, 15, 20, 35]",0,0.0,0
newsqa,982,283c5867606b46258127fa5fed7cf62d,7,top_heavy_shuffled,"[45, 140, 20, 15, 35, 70, 25]",0,0.0,1
newsqa,983,171414c078ce452d9374be8989aa0147,7,top_heavy_shuffled,"[140, 45, 20, 35, 70, 25, 15]",0,0.0,0
newsqa,984,a2643b6d7fe94e54bb74da276f0a4646,7,top_heavy_shuffled,"[70, 140, 20, 45, 25, 15, 35]",0,0.07407407407407407,1
newsqa,985,342cb6f69f6449318f4c4e5385f954fd,7,top_heavy_shuffled,"[20, 15, 70, 35, 140, 45, 25]",0,0.0,1
newsqa,986,e3fe3ef5daa6485a8a3f91dfccc9d797,7,top_heavy_shuffled,"[25, 35, 140, 20, 15, 45, 70]",0,0.0,1
newsqa,987,6071cc99d5744a17814ad38e72b53f3b,7,top_heavy_shuffled,"[20, 70, 45, 15, 35, 25, 140]",0,0.0,0
newsqa,988,d5f0273d41ad45ab9a9819cb49e29b02,7,top_heavy_shuffled,"[45, 20, 15, 35, 140, 70, 25]",0,0.0,1
newsqa,989,d1b4f5f6d643456aad1526324d39c259,7,top_heavy_shuffled,"[20, 45, 70, 15, 25, 35, 140]",0,0.0909090909090909,1
newsqa,990,62747a42a9074e7da75c495cc4daca38,7,top_heavy_shuffled,"[20, 25, 45, 140, 15, 35, 70]",0,0.6666666666666666,1
newsqa,991,5d464ecc16894c0cbc33ed95ac502289,7,top_heavy_shuffled,"[140, 20, 45, 25, 70, 35, 15]",1,1.0,1
newsqa,992,e5fb043f8b0245f2acc78136af1bb5dd,7,top_heavy_shuffled,"[70, 25, 140, 20, 35, 45, 15]",0,0.6666666666666666,1
newsqa,993,53278976c290499ab7f1decb9f7bf6a2,7,top_heavy_shuffled,"[140, 25, 45, 15, 20, 35, 70]",0,0.041666666666666664,1
newsqa,994,7889488ae4d3460bafe900d6917b650e,7,top_heavy_shuffled,"[35, 20, 140, 15, 70, 25, 45]",0,0.0,1
newsqa,995,91ef74a5a47a442aaa5af41b3d564051,7,top_heavy_shuffled,"[20, 25, 35, 45, 70, 140, 15]",0,0.32,1
newsqa,996,3e83d3398a8a4e26a98fab7f85c8cb59,7,top_heavy_shuffled,"[35, 25, 15, 45, 20, 140, 70]",0,0.4,1
newsqa,997,20e0dcefdff242ebb51ce89c34182814,7,top_heavy_shuffled,"[140, 20, 25, 15, 70, 45, 35]",0,0.13333333333333333,1
newsqa,998,7e7a5a32f59b49ccacc7c1408799a32a,7,top_heavy_shuffled,"[140, 45, 35, 15, 25, 70, 20]",0,0.0,1
newsqa,999,a3ac333098d74ad7acf2d20bbc261c9b,7,top_heavy_shuffled,"[140, 35, 20, 25, 15, 45, 70]",0,0.8,1
