dataset,top_k,document_budgets,exact_match,f1,retrieval_recall
newsqa,3,"[190, 70, 90]",0.21637426900584794,0.3150477623906871,0.7017543859649122
newsqa,3,"[190, 90, 70]",0.21232876712328766,0.32814302342923696,0.7054794520547946
newsqa,3,"[70, 190, 90]",0.23369565217391305,0.3354254816463502,0.6521739130434783
newsqa,3,"[70, 90, 190]",0.25555555555555554,0.37004356719147824,0.75
newsqa,3,"[90, 190, 70]",0.19078947368421054,0.3023217567773092,0.6710526315789473
newsqa,3,"[90, 70, 190]",0.23353293413173654,0.3224164996154708,0.6946107784431138
newsqa,5,"[150, 30, 40, 50, 80]",0.4,0.5714285714285714,1.0
newsqa,5,"[150, 30, 40, 80, 50]",0.14285714285714285,0.29081632653061223,0.8571428571428571
newsqa,5,"[150, 30, 50, 40, 80]",0.16666666666666666,0.3829365079365079,0.8333333333333334
newsqa,5,"[150, 30, 50, 80, 40]",0.0,0.18760064412238325,0.5555555555555556
newsqa,5,"[150, 30, 80, 40, 50]",0.25,0.2631578947368421,0.5
newsqa,5,"[150, 30, 80, 50, 40]",0.5,0.5370370370370371,0.6666666666666666
newsqa,5,"[150, 40, 30, 50, 80]",0.2,0.25015873015873014,0.5
newsqa,5,"[150, 40, 30, 80, 50]",0.3333333333333333,0.4074074074074074,0.8888888888888888
newsqa,5,"[150, 40, 50, 30, 80]",0.18181818181818182,0.3052525252525253,0.8181818181818182
newsqa,5,"[150, 40, 50, 80, 30]",0.16666666666666666,0.16666666666666666,0.5
newsqa,5,"[150, 40, 80, 30, 50]",0.0,0.12499999999999999,0.375
newsqa,5,"[150, 40, 80, 50, 30]",0.16666666666666666,0.37777777777777777,0.6666666666666666
newsqa,5,"[150, 50, 30, 40, 80]",0.25,0.2727272727272727,0.75
newsqa,5,"[150, 50, 30, 80, 40]",0.0,0.11857142857142855,0.5714285714285714
newsqa,5,"[150, 50, 40, 30, 80]",0.42857142857142855,0.43915343915343913,0.42857142857142855
newsqa,5,"[150, 50, 40, 80, 30]",0.125,0.24195402298850574,0.625
newsqa,5,"[150, 50, 80, 30, 40]",0.18181818181818182,0.29186602870813394,0.7272727272727273
newsqa,5,"[150, 50, 80, 40, 30]",0.0,0.07142857142857142,0.75
newsqa,5,"[150, 80, 30, 40, 50]",0.5454545454545454,0.5678775065667243,0.8181818181818182
newsqa,5,"[150, 80, 30, 50, 40]",0.125,0.23732267100388543,0.875
newsqa,5,"[150, 80, 40, 30, 50]",0.25,0.32407407407407407,0.6666666666666666
newsqa,5,"[150, 80, 40, 50, 30]",0.1111111111111111,0.15575105897686545,0.3333333333333333
newsqa,5,"[150, 80, 50, 30, 40]",0.09090909090909091,0.26406926406926406,0.6363636363636364
newsqa,5,"[150, 80, 50, 40, 30]",0.0,0.0,0.42857142857142855
newsqa,5,"[30, 150, 40, 50, 80]",0.4375,0.4878350815850816,0.875
newsqa,5,"[30, 150, 40, 80, 50]",0.3333333333333333,0.5833333333333334,1.0
newsqa,5,"[30, 150, 50, 40, 80]",0.2,0.3211428571428571,1.0
newsqa,5,"[30, 150, 50, 80, 40]",0.3333333333333333,0.4592592592592593,0.8888888888888888
newsqa,5,"[30, 150, 80, 40, 50]",0.5,0.6666666666666666,1.0
newsqa,5,"[30, 150, 80, 50, 40]",0.0,0.0,0.0
newsqa,5,"[30, 40, 150, 50, 80]",0.3333333333333333,0.3714703425229741,0.75
newsqa,5,"[30, 40, 150, 80, 50]",0.07692307692307693,0.15897435897435896,0.6923076923076923
newsqa,5,"[30, 40, 50, 150, 80]",0.2727272727272727,0.30707070707070705,0.8181818181818182
newsqa,5,"[30, 40, 50, 80, 150]",0.21428571428571427,0.27448979591836736,0.6428571428571429
newsqa,5,"[30, 40, 80, 150, 50]",0.16666666666666666,0.18627450980392157,0.5
newsqa,5,"[30, 40, 80, 50, 150]",0.09090909090909091,0.22900124237022632,0.7272727272727273
newsqa,5,"[30, 50, 150, 40, 80]",0.3,0.36666666666666664,0.7
newsqa,5,"[30, 50, 150, 80, 40]",0.1,0.26348061805367307,0.8
newsqa,5,"[30, 50, 40, 150, 80]",0.3333333333333333,0.4222222222222222,0.8888888888888888
newsqa,5,"[30, 50, 40, 80, 150]",0.14285714285714285,0.21284271284271283,0.6428571428571429
newsqa,5,"[30, 50, 80, 150, 40]",0.14285714285714285,0.28827444956477216,0.5714285714285714
newsqa,5,"[30, 50, 80, 40, 150]",0.4444444444444444,0.4939409455538487,0.7777777777777778
newsqa,5,"[30, 80, 150, 40, 50]",0.25,0.25,0.5
newsqa,5,"[30, 80, 150, 50, 40]",0.0,0.09722222222222222,0.5
newsqa,5,"[30, 80, 40, 150, 50]",0.0,0.375,1.0
newsqa,5,"[30, 80, 40, 50, 150]",0.0,0.16957671957671958,0.8888888888888888
newsqa,5,"[30, 80, 50, 150, 40]",0.1111111111111111,0.26617826617826623,0.5555555555555556
newsqa,5,"[30, 80, 50, 40, 150]",0.25,0.30071192027713767,0.9166666666666666
newsqa,5,"[40, 150, 30, 50, 80]",0.5,0.5,0.6666666666666666
newsqa,5,"[40, 150, 30, 80, 50]",0.25,0.29551989878076834,0.75
newsqa,5,"[40, 150, 50, 30, 80]",0.1,0.2116883116883117,0.7
newsqa,5,"[40, 150, 50, 80, 30]",0.3333333333333333,0.3333333333333333,0.6666666666666666
newsqa,5,"[40, 150, 80, 30, 50]",0.2,0.2571428571428571,0.8
newsqa,5,"[40, 150, 80, 50, 30]",0.15384615384615385,0.26822417193769976,0.6923076923076923
newsqa,5,"[40, 30, 150, 50, 80]",0.16666666666666666,0.2866666666666667,0.8333333333333334
newsqa,5,"[40, 30, 150, 80, 50]",0.0,0.22285714285714286,0.7
newsqa,5,"[40, 30, 50, 150, 80]",0.3,0.44333333333333336,0.6
newsqa,5,"[40, 30, 50, 80, 150]",0.0,0.21428571428571427,0.7142857142857143
newsqa,5,"[40, 30, 80, 150, 50]",0.2222222222222222,0.4728395061728395,0.6666666666666666
newsqa,5,"[40, 30, 80, 50, 150]",0.6,0.664,1.0
newsqa,5,"[40, 50, 150, 30, 80]",0.0,0.2618840579710145,0.5
newsqa,5,"[40, 50, 150, 80, 30]",0.5714285714285714,0.6428571428571429,0.8571428571428571
newsqa,5,"[40, 50, 30, 150, 80]",0.25,0.3333333333333333,1.0
newsqa,5,"[40, 50, 30, 80, 150]",0.25,0.30654761904761907,0.5833333333333334
newsqa,5,"[40, 50, 80, 150, 30]",0.3333333333333333,0.3888888888888889,1.0
newsqa,5,"[40, 50, 80, 30, 150]",0.4,0.4,1.0
newsqa,5,"[40, 80, 150, 30, 50]",0.16666666666666666,0.22275132275132273,0.6666666666666666
newsqa,5,"[40, 80, 150, 50, 30]",0.16666666666666666,0.25,0.3333333333333333
newsqa,5,"[40, 80, 30, 150, 50]",0.08333333333333333,0.4151770451770451,0.8333333333333334
newsqa,5,"[40, 80, 30, 50, 150]",0.3333333333333333,0.5065527065527066,0.5555555555555556
newsqa,5,"[40, 80, 50, 150, 30]",0.25,0.39270152505446626,0.5
newsqa,5,"[40, 80, 50, 30, 150]",0.42857142857142855,0.4865116279069768,0.7142857142857143
newsqa,5,"[50, 150, 30, 40, 80]",0.36363636363636365,0.4121212121212121,0.8181818181818182
newsqa,5,"[50, 150, 30, 80, 40]",0.3333333333333333,0.4635241301907968,1.0
newsqa,5,"[50, 150, 40, 30, 80]",0.0,0.00790513833992095,0.36363636363636365
newsqa,5,"[50, 150, 40, 80, 30]",0.3333333333333333,0.7606837606837606,1.0
newsqa,5,"[50, 150, 80, 30, 40]",0.2222222222222222,0.3093681917211329,0.6666666666666666
newsqa,5,"[50, 150, 80, 40, 30]",0.0,0.1648698629011722,0.8823529411764706
newsqa,5,"[50, 30, 150, 40, 80]",0.16666666666666666,0.2923133776792313,0.6666666666666666
newsqa,5,"[50, 30, 150, 80, 40]",0.45454545454545453,0.6181519629795492,0.8181818181818182
newsqa,5,"[50, 30, 40, 150, 80]",0.15384615384615385,0.4049506049506049,0.7692307692307693
newsqa,5,"[50, 30, 40, 80, 150]",0.0,0.07142857142857142,0.7142857142857143
newsqa,5,"[50, 30, 80, 150, 40]",0.5,0.5266666666666666,0.6
newsqa,5,"[50, 30, 80, 40, 150]",0.0,0.16964285714285715,0.75
newsqa,5,"[50, 40, 150, 30, 80]",0.1,0.16142857142857142,0.7
newsqa,5,"[50, 40, 150, 80, 30]",0.3333333333333333,0.5571428571428572,1.0
newsqa,5,"[50, 40, 30, 150, 80]",0.0,0.3111111111111111,1.0
newsqa,5,"[50, 40, 30, 80, 150]",0.16666666666666666,0.2777777777777778,0.5
newsqa,5,"[50, 40, 80, 150, 30]",0.0,0.011627906976744186,0.5
newsqa,5,"[50, 40, 80, 30, 150]",0.4,0.4640740740740741,0.7
newsqa,5,"[50, 80, 150, 30, 40]",0.1,0.10606060606060605,0.7
newsqa,5,"[50, 80, 150, 40, 30]",0.25,0.3685185185185185,0.75
newsqa,5,"[50, 80, 30, 150, 40]",0.1,0.20623376623376624,0.5
newsqa,5,"[50, 80, 30, 40, 150]",0.0,0.08333333333333333,0.625
newsqa,5,"[50, 80, 40, 150, 30]",0.14285714285714285,0.24581724581724582,0.5714285714285714
newsqa,5,"[50, 80, 40, 30, 150]",0.14285714285714285,0.24036281179138322,0.8571428571428571
newsqa,5,"[80, 150, 30, 40, 50]",0.0,0.22095238095238098,0.8571428571428571
newsqa,5,"[80, 150, 30, 50, 40]",0.125,0.2133116883116883,0.625
newsqa,5,"[80, 150, 40, 30, 50]",0.5,0.5,0.5
newsqa,5,"[80, 150, 40, 50, 30]",0.0,0.08333333333333333,0.625
newsqa,5,"[80, 150, 50, 30, 40]",0.125,0.27840909090909094,0.75
newsqa,5,"[80, 150, 50, 40, 30]",0.2222222222222222,0.3079922027290448,0.4444444444444444
newsqa,5,"[80, 30, 150, 40, 50]",0.0,0.17543859649122806,0.4
newsqa,5,"[80, 30, 150, 50, 40]",0.14285714285714285,0.15555555555555553,0.5714285714285714
newsqa,5,"[80, 30, 40, 150, 50]",0.0,0.012987012987012988,0.8571428571428571
newsqa,5,"[80, 30, 40, 50, 150]",0.375,0.4916666666666667,0.875
newsqa,5,"[80, 30, 50, 150, 40]",0.4166666666666667,0.46428571428571425,0.8333333333333334
newsqa,5,"[80, 30, 50, 40, 150]",0.0,0.45454545454545453,0.5
newsqa,5,"[80, 40, 150, 30, 50]",0.16666666666666666,0.17500000000000002,0.3333333333333333
newsqa,5,"[80, 40, 150, 50, 30]",0.0,0.05520833333333334,0.5
newsqa,5,"[80, 40, 30, 150, 50]",0.3333333333333333,0.3891737891737892,0.6666666666666666
newsqa,5,"[80, 40, 30, 50, 150]",0.23076923076923078,0.30409912667977185,0.5384615384615384
newsqa,5,"[80, 40, 50, 150, 30]",0.16666666666666666,0.1851851851851852,0.8333333333333334
newsqa,5,"[80, 40, 50, 30, 150]",0.125,0.353030303030303,0.875
newsqa,5,"[80, 50, 150, 30, 40]",0.125,0.17261904761904762,0.875
newsqa,5,"[80, 50, 150, 40, 30]",0.0,0.09523809523809523,0.5714285714285714
newsqa,5,"[80, 50, 30, 150, 40]",0.2727272727272727,0.3495670995670995,0.8181818181818182
newsqa,5,"[80, 50, 30, 40, 150]",0.08333333333333333,0.13888888888888887,0.5833333333333334
newsqa,5,"[80, 50, 40, 150, 30]",0.14285714285714285,0.14285714285714285,0.5714285714285714
newsqa,5,"[80, 50, 40, 30, 150]",0.5,0.5,0.6666666666666666
newsqa,7,"[140, 15, 20, 25, 70, 45, 35]",1.0,1.0,1.0
newsqa,7,"[140, 15, 20, 35, 45, 70, 25]",0.0,0.0,1.0
newsqa,7,"[140, 15, 20, 35, 70, 45, 25]",1.0,1.0,1.0
newsqa,7,"[140, 15, 20, 45, 35, 25, 70]",1.0,1.0,1.0
newsqa,7,"[140, 15, 20, 70, 35, 45, 25]",1.0,1.0,1.0
newsqa,7,"[140, 15, 25, 20, 45, 35, 70]",0.0,0.888888888888889,1.0
newsqa,7,"[140, 15, 25, 45, 35, 70, 20]",0.0,0.0,1.0
newsqa,7,"[140, 15, 35, 20, 25, 70, 45]",0.0,0.6,1.0
newsqa,7,"[140, 15, 35, 25, 70, 45, 20]",1.0,1.0,1.0
newsqa,7,"[140, 15, 35, 45, 25, 20, 70]",0.0,0.0,1.0
newsqa,7,"[140, 15, 35, 70, 20, 45, 25]",0.0,0.0,0.0
newsqa,7,"[140, 15, 45, 20, 70, 25, 35]",0.0,0.888888888888889,1.0
newsqa,7,"[140, 15, 45, 35, 70, 25, 20]",0.0,0.0,1.0
newsqa,7,"[140, 15, 70, 25, 20, 45, 35]",0.0,0.0,1.0
newsqa,7,"[140, 15, 70, 25, 45, 20, 35]",1.0,1.0,1.0
newsqa,7,"[140, 15, 70, 35, 20, 25, 45]",0.0,0.0,0.0
newsqa,7,"[140, 20, 15, 25, 35, 70, 45]",0.0,0.6666666666666666,1.0
newsqa,7,"[140, 20, 15, 35, 25, 45, 70]",0.0,0.09090909090909091,1.0
newsqa,7,"[140, 20, 15, 35, 25, 70, 45]",0.0,0.5714285714285715,1.0
newsqa,7,"[140, 20, 15, 45, 25, 35, 70]",1.0,1.0,1.0
newsqa,7,"[140, 20, 15, 45, 25, 70, 35]",0.0,0.0,0.0
newsqa,7,"[140, 20, 25, 15, 70, 45, 35]",0.0,0.13333333333333333,1.0
newsqa,7,"[140, 20, 25, 35, 45, 70, 15]",0.0,0.8,1.0
newsqa,7,"[140, 20, 25, 45, 70, 15, 35]",0.0,0.0,0.0
newsqa,7,"[140, 20, 25, 45, 70, 35, 15]",0.0,0.0,0.0
newsqa,7,"[140, 20, 25, 70, 35, 45, 15]",0.0,0.0,1.0
newsqa,7,"[140, 20, 35, 25, 15, 45, 70]",0.0,0.6666666666666666,1.0
newsqa,7,"[140, 20, 45, 15, 70, 25, 35]",0.0,0.33333333333333337,1.0
newsqa,7,"[140, 20, 45, 25, 70, 35, 15]",1.0,1.0,1.0
newsqa,7,"[140, 20, 45, 70, 15, 25, 35]",0.0,0.7499999999999999,1.0
newsqa,7,"[140, 20, 70, 35, 15, 45, 25]",0.0,0.0,1.0
newsqa,7,"[140, 20, 70, 45, 35, 25, 15]",0.0,0.0,1.0
newsqa,7,"[140, 25, 15, 20, 35, 45, 70]",0.0,0.0,1.0
newsqa,7,"[140, 25, 15, 35, 70, 45, 20]",0.0,0.0,0.0
newsqa,7,"[140, 25, 15, 45, 20, 35, 70]",0.0,0.18181818181818182,1.0
newsqa,7,"[140, 25, 15, 45, 70, 35, 20]",0.0,0.125,1.0
newsqa,7,"[140, 25, 15, 70, 20, 35, 45]",0.0,0.0,1.0
newsqa,7,"[140, 25, 15, 70, 35, 45, 20]",1.0,1.0,1.0
newsqa,7,"[140, 25, 20, 15, 70, 45, 35]",0.0,0.0,1.0
newsqa,7,"[140, 25, 20, 35, 45, 70, 15]",0.0,0.0,1.0
newsqa,7,"[140, 25, 20, 35, 70, 45, 15]",0.0,0.6666666666666666,1.0
newsqa,7,"[140, 25, 20, 45, 70, 15, 35]",1.0,1.0,1.0
newsqa,7,"[140, 25, 20, 70, 45, 35, 15]",0.0,0.0,1.0
newsqa,7,"[140, 25, 35, 15, 20, 70, 45]",0.0,0.0,0.0
newsqa,7,"[140, 25, 35, 45, 15, 70, 20]",0.0,0.6666666666666666,1.0
newsqa,7,"[140, 25, 35, 45, 70, 15, 20]",0.0,0.22222222222222224,1.0
newsqa,7,"[140, 25, 45, 15, 20, 35, 70]",0.0,0.020833333333333332,1.0
newsqa,7,"[140, 25, 45, 70, 20, 15, 35]",0.0,0.0,1.0
newsqa,7,"[140, 25, 70, 20, 45, 35, 15]",0.0,0.0,1.0
newsqa,7,"[140, 25, 70, 35, 15, 20, 45]",1.0,1.0,1.0
newsqa,7,"[140, 25, 70, 35, 45, 20, 15]",0.0,0.3333333333333333,0.0
newsqa,7,"[140, 35, 15, 25, 20, 70, 45]",0.0,0.0,1.0
newsqa,7,"[140, 35, 15, 25, 45, 20, 70]",0.0,0.0,0.0
newsqa,7,"[140, 35, 15, 70, 45, 25, 20]",0.0,0.8,1.0
newsqa,7,"[140, 35, 20, 15, 70, 25, 45]",0.0,0.0,1.0
newsqa,7,"[140, 35, 20, 25, 15, 45, 70]",0.0,0.8,1.0
newsqa,7,"[140, 35, 20, 25, 45, 70, 15]",0.0,0.0,0.0
newsqa,7,"[140, 35, 20, 70, 15, 25, 45]",0.0,0.2857142857142857,1.0
newsqa,7,"[140, 35, 20, 70, 25, 45, 15]",0.0,0.0,0.0
newsqa,7,"[140, 35, 25, 15, 45, 70, 20]",1.0,1.0,1.0
newsqa,7,"[140, 35, 25, 15, 70, 20, 45]",0.5,0.5,0.5
newsqa,7,"[140, 35, 25, 20, 70, 45, 15]",0.0,0.0,1.0
newsqa,7,"[140, 35, 25, 70, 20, 45, 15]",1.0,1.0,1.0
newsqa,7,"[140, 35, 25, 70, 45, 15, 20]",0.0,0.0,0.0
newsqa,7,"[140, 35, 45, 20, 25, 70, 15]",0.5,0.5,0.5
newsqa,7,"[140, 35, 45, 20, 70, 25, 15]",0.0,0.03278688524590164,1.0
newsqa,7,"[140, 35, 45, 70, 25, 15, 20]",0.0,0.0909090909090909,1.0
newsqa,7,"[140, 35, 45, 70, 25, 20, 15]",1.0,1.0,1.0
newsqa,7,"[140, 35, 70, 20, 15, 25, 45]",0.0,0.0909090909090909,1.0
newsqa,7,"[140, 35, 70, 20, 25, 15, 45]",0.0,0.05405405405405406,0.0
newsqa,7,"[140, 35, 70, 20, 45, 15, 25]",0.0,0.0,1.0
newsqa,7,"[140, 35, 70, 25, 15, 20, 45]",0.0,0.0,1.0
newsqa,7,"[140, 35, 70, 45, 15, 20, 25]",0.0,0.0,0.0
newsqa,7,"[140, 35, 70, 45, 15, 25, 20]",0.0,0.08000000000000002,0.0
newsqa,7,"[140, 45, 15, 20, 35, 25, 70]",0.0,0.34285714285714286,1.0
newsqa,7,"[140, 45, 15, 25, 70, 35, 20]",0.0,0.0,0.0
newsqa,7,"[140, 45, 15, 35, 25, 20, 70]",0.0,0.9090909090909091,1.0
newsqa,7,"[140, 45, 20, 15, 25, 35, 70]",0.0,0.0,1.0
newsqa,7,"[140, 45, 20, 15, 35, 70, 25]",0.0,0.0,1.0
newsqa,7,"[140, 45, 20, 35, 25, 15, 70]",0.0,0.0,0.5
newsqa,7,"[140, 45, 20, 35, 70, 25, 15]",0.0,0.0,0.0
newsqa,7,"[140, 45, 20, 70, 25, 15, 35]",0.0,0.05714285714285715,0.0
newsqa,7,"[140, 45, 20, 70, 25, 35, 15]",0.0,0.0,0.0
newsqa,7,"[140, 45, 20, 70, 35, 15, 25]",1.0,1.0,1.0
newsqa,7,"[140, 45, 25, 15, 70, 35, 20]",0.0,0.0,0.0
newsqa,7,"[140, 45, 25, 20, 35, 15, 70]",0.0,0.0,1.0
newsqa,7,"[140, 45, 25, 35, 20, 15, 70]",0.0,0.0,0.0
newsqa,7,"[140, 45, 35, 15, 25, 70, 20]",0.0,0.0,1.0
newsqa,7,"[140, 45, 35, 25, 20, 15, 70]",0.0,0.0,0.0
newsqa,7,"[140, 45, 35, 70, 20, 15, 25]",1.0,1.0,1.0
newsqa,7,"[140, 45, 70, 15, 20, 35, 25]",0.0,0.0,1.0
newsqa,7,"[140, 45, 70, 35, 25, 15, 20]",0.0,0.0,1.0
newsqa,7,"[140, 70, 15, 20, 35, 45, 25]",1.0,1.0,1.0
newsqa,7,"[140, 70, 15, 20, 45, 25, 35]",1.0,1.0,1.0
newsqa,7,"[140, 70, 15, 25, 45, 35, 20]",0.0,0.0,0.0
newsqa,7,"[140, 70, 15, 35, 45, 25, 20]",0.0,0.0,0.0
newsqa,7,"[140, 70, 15, 45, 20, 25, 35]",0.0,0.0,0.5
newsqa,7,"[140, 70, 15, 45, 20, 35, 25]",0.0,0.6666666666666666,1.0
newsqa,7,"[140, 70, 15, 45, 25, 20, 35]",0.0,0.0,1.0
newsqa,7,"[140, 70, 20, 15, 25, 45, 35]",0.0,0.0,1.0
newsqa,7,"[140, 70, 20, 15, 35, 25, 45]",0.0,0.25,0.5
newsqa,7,"[140, 70, 20, 25, 45, 15, 35]",0.0,0.0,1.0
newsqa,7,"[140, 70, 20, 35, 15, 25, 45]",0.0,0.0,1.0
newsqa,7,"[140, 70, 20, 35, 25, 15, 45]",1.0,1.0,1.0
newsqa,7,"[140, 70, 20, 45, 15, 35, 25]",0.0,0.3636363636363636,1.0
newsqa,7,"[140, 70, 20, 45, 35, 15, 25]",0.0,0.0,1.0
newsqa,7,"[140, 70, 20, 45, 35, 25, 15]",0.0,0.6666666666666666,1.0
newsqa,7,"[140, 70, 25, 15, 20, 35, 45]",0.0,0.0,0.0
newsqa,7,"[140, 70, 25, 15, 35, 20, 45]",0.0,0.3636363636363636,1.0
newsqa,7,"[140, 70, 25, 15, 45, 20, 35]",0.0,0.0,1.0
newsqa,7,"[140, 70, 25, 20, 15, 35, 45]",0.0,0.0,1.0
newsqa,7,"[140, 70, 25, 20, 35, 15, 45]",0.0,0.0,0.0
newsqa,7,"[140, 70, 25, 35, 45, 15, 20]",0.0,0.4,1.0
newsqa,7,"[140, 70, 25, 45, 15, 20, 35]",0.0,0.0,1.0
newsqa,7,"[140, 70, 25, 45, 35, 20, 15]",0.0,0.03921568627450981,1.0
newsqa,7,"[140, 70, 35, 15, 20, 45, 25]",0.0,0.0,0.0
newsqa,7,"[140, 70, 35, 15, 45, 20, 25]",0.0,0.0,0.0
newsqa,7,"[140, 70, 35, 20, 15, 45, 25]",0.0,0.0,1.0
newsqa,7,"[140, 70, 35, 20, 45, 25, 15]",0.0,0.4,1.0
newsqa,7,"[140, 70, 35, 25, 15, 45, 20]",0.0,0.6666666666666666,1.0
newsqa,7,"[140, 70, 35, 25, 20, 45, 15]",0.0,0.0,1.0
newsqa,7,"[140, 70, 35, 45, 25, 20, 15]",0.0,0.0,0.0
newsqa,7,"[140, 70, 45, 20, 25, 35, 15]",0.0,0.0,0.0
newsqa,7,"[140, 70, 45, 20, 35, 25, 15]",0.0,0.10526315789473684,1.0
newsqa,7,"[140, 70, 45, 35, 25, 15, 20]",1.0,1.0,1.0
newsqa,7,"[15, 140, 20, 25, 35, 45, 70]",0.0,0.0,1.0
newsqa,7,"[15, 140, 20, 35, 25, 45, 70]",0.0,0.0,1.0
newsqa,7,"[15, 140, 20, 45, 25, 70, 35]",1.0,1.0,1.0
newsqa,7,"[15, 140, 20, 70, 35, 25, 45]",0.0,0.8,1.0
newsqa,7,"[15, 140, 25, 20, 70, 35, 45]",0.0,0.0,0.0
newsqa,7,"[15, 140, 25, 35, 45, 70, 20]",0.0,0.3333333333333333,1.0
newsqa,7,"[15, 140, 35, 20, 70, 25, 45]",0.0,0.4,1.0
newsqa,7,"[15, 140, 35, 25, 20, 45, 70]",1.0,1.0,1.0
newsqa,7,"[15, 140, 35, 25, 20, 70, 45]",0.0,0.0,1.0
newsqa,7,"[15, 140, 35, 25, 45, 20, 70]",0.0,0.0,0.0
newsqa,7,"[15, 140, 35, 45, 20, 70, 25]",0.0,0.5,1.0
newsqa,7,"[15, 140, 35, 70, 25, 20, 45]",0.0,0.0,0.0
newsqa,7,"[15, 140, 45, 20, 35, 25, 70]",0.0,0.0,0.0
newsqa,7,"[15, 140, 45, 25, 35, 20, 70]",0.0,0.0,0.0
newsqa,7,"[15, 140, 45, 25, 70, 35, 20]",0.0,0.1,1.0
newsqa,7,"[15, 140, 45, 35, 70, 20, 25]",0.0,0.0,0.0
newsqa,7,"[15, 140, 45, 70, 20, 25, 35]",0.0,0.0,0.0
newsqa,7,"[15, 140, 45, 70, 35, 20, 25]",1.0,1.0,1.0
newsqa,7,"[15, 140, 70, 20, 35, 25, 45]",0.0,0.0,0.0
newsqa,7,"[15, 140, 70, 35, 25, 45, 20]",1.0,1.0,1.0
newsqa,7,"[15, 140, 70, 45, 20, 35, 25]",1.0,1.0,1.0
newsqa,7,"[15, 140, 70, 45, 35, 25, 20]",0.0,0.0,0.0
newsqa,7,"[15, 20, 140, 25, 45, 70, 35]",1.0,1.0,1.0
newsqa,7,"[15, 20, 140, 45, 25, 35, 70]",0.0,0.0,1.0
newsqa,7,"[15, 20, 25, 45, 70, 35, 140]",1.0,1.0,1.0
newsqa,7,"[15, 20, 25, 70, 140, 35, 45]",0.0,0.05882352941176471,0.5
newsqa,7,"[15, 20, 35, 140, 45, 25, 70]",1.0,1.0,1.0
newsqa,7,"[15, 20, 35, 25, 140, 70, 45]",0.0,0.18181818181818182,0.0
newsqa,7,"[15, 20, 35, 25, 70, 45, 140]",0.0,0.06451612903225806,0.0
newsqa,7,"[15, 20, 35, 45, 140, 70, 25]",0.0,0.0,0.0
newsqa,7,"[15, 20, 45, 25, 35, 70, 140]",0.0,0.0,0.0
newsqa,7,"[15, 20, 45, 25, 70, 140, 35]",1.0,1.0,1.0
newsqa,7,"[15, 20, 45, 35, 25, 140, 70]",1.0,1.0,1.0
newsqa,7,"[15, 20, 45, 70, 140, 35, 25]",1.0,1.0,1.0
newsqa,7,"[15, 20, 45, 70, 25, 140, 35]",1.0,1.0,1.0
newsqa,7,"[15, 20, 45, 70, 35, 25, 140]",0.0,0.0,1.0
newsqa,7,"[15, 20, 70, 140, 35, 45, 25]",0.0,0.14814814814814814,1.0
newsqa,7,"[15, 20, 70, 25, 140, 35, 45]",0.0,0.0,1.0
newsqa,7,"[15, 20, 70, 35, 140, 25, 45]",0.0,0.0,1.0
newsqa,7,"[15, 20, 70, 35, 45, 25, 140]",0.0,0.0,1.0
newsqa,7,"[15, 25, 140, 20, 35, 70, 45]",0.0,0.0,1.0
newsqa,7,"[15, 25, 140, 20, 45, 70, 35]",1.0,1.0,1.0
newsqa,7,"[15, 25, 140, 35, 20, 70, 45]",0.0,0.0,1.0
newsqa,7,"[15, 25, 140, 35, 70, 20, 45]",0.0,0.6666666666666666,1.0
newsqa,7,"[15, 25, 140, 45, 35, 70, 20]",0.0,0.0,0.0
newsqa,7,"[15, 25, 140, 45, 70, 35, 20]",0.0,0.25,1.0
newsqa,7,"[15, 25, 140, 70, 35, 20, 45]",1.0,1.0,1.0
newsqa,7,"[15, 25, 20, 45, 140, 70, 35]",1.0,1.0,1.0
newsqa,7,"[15, 25, 20, 70, 140, 45, 35]",0.0,0.0,1.0
newsqa,7,"[15, 25, 20, 70, 45, 140, 35]",0.0,0.0,0.0
newsqa,7,"[15, 25, 35, 140, 45, 20, 70]",0.0,0.0,1.0
newsqa,7,"[15, 25, 35, 20, 140, 45, 70]",0.0,0.0,0.0
newsqa,7,"[15, 25, 35, 45, 140, 20, 70]",0.0,0.0,1.0
newsqa,7,"[15, 25, 35, 70, 140, 45, 20]",0.0,0.0,1.0
newsqa,7,"[15, 25, 35, 70, 20, 45, 140]",0.0,0.0,1.0
newsqa,7,"[15, 25, 45, 140, 20, 70, 35]",0.0,0.0,1.0
newsqa,7,"[15, 25, 45, 140, 35, 70, 20]",0.0,0.0,1.0
newsqa,7,"[15, 25, 45, 140, 70, 35, 20]",1.0,1.0,1.0
newsqa,7,"[15, 25, 45, 20, 70, 140, 35]",1.0,1.0,1.0
newsqa,7,"[15, 25, 45, 20, 70, 35, 140]",0.0,0.0,1.0
newsqa,7,"[15, 25, 70, 140, 35, 20, 45]",0.0,0.0,1.0
newsqa,7,"[15, 35, 140, 20, 45, 25, 70]",0.0,0.2857142857142857,1.0
newsqa,7,"[15, 35, 140, 20, 45, 70, 25]",0.0,0.0,0.0
newsqa,7,"[15, 35, 140, 20, 70, 25, 45]",0.0,0.0,1.0
newsqa,7,"[15, 35, 140, 25, 45, 70, 20]",0.0,0.0,1.0
newsqa,7,"[15, 35, 140, 70, 20, 45, 25]",1.0,1.0,1.0
newsqa,7,"[15, 35, 140, 70, 25, 20, 45]",0.0,0.1951219512195122,1.0
newsqa,7,"[15, 35, 20, 45, 140, 25, 70]",0.0,0.3333333333333333,1.0
newsqa,7,"[15, 35, 25, 45, 70, 140, 20]",1.0,1.0,1.0
newsqa,7,"[15, 35, 25, 70, 140, 20, 45]",1.0,1.0,1.0
newsqa,7,"[15, 35, 25, 70, 20, 140, 45]",0.0,0.0,0.0
newsqa,7,"[15, 35, 45, 140, 20, 25, 70]",0.0,0.0,0.0
newsqa,7,"[15, 35, 45, 70, 20, 140, 25]",0.0,0.0,0.5
newsqa,7,"[15, 35, 45, 70, 25, 20, 140]",0.0,0.0975609756097561,1.0
newsqa,7,"[15, 35, 70, 20, 140, 45, 25]",0.0,0.4,1.0
newsqa,7,"[15, 35, 70, 20, 25, 140, 45]",0.0,0.0,1.0
newsqa,7,"[15, 35, 70, 20, 45, 140, 25]",0.0,0.33333333333333337,1.0
newsqa,7,"[15, 35, 70, 25, 140, 45, 20]",1.0,1.0,1.0
newsqa,7,"[15, 35, 70, 25, 20, 140, 45]",0.0,0.0,0.0
newsqa,7,"[15, 45, 140, 25, 20, 70, 35]",1.0,1.0,1.0
newsqa,7,"[15, 45, 140, 25, 35, 70, 20]",0.0,0.0,1.0
newsqa,7,"[15, 45, 140, 35, 25, 70, 20]",0.0,0.0,1.0
newsqa,7,"[15, 45, 140, 35, 70, 25, 20]",0.0,0.0,1.0
newsqa,7,"[15, 45, 20, 140, 35, 70, 25]",0.0,0.5,1.0
newsqa,7,"[15, 45, 20, 140, 70, 35, 25]",0.0,0.0,0.0
newsqa,7,"[15, 45, 25, 140, 20, 70, 35]",0.0,0.0,0.0
newsqa,7,"[15, 45, 25, 20, 35, 140, 70]",0.0,0.05555555555555555,1.0
newsqa,7,"[15, 45, 25, 70, 35, 140, 20]",1.0,1.0,1.0
newsqa,7,"[15, 45, 25, 70, 35, 20, 140]",0.5,0.5,1.0
newsqa,7,"[15, 45, 35, 140, 20, 25, 70]",0.0,0.4444444444444445,1.0
newsqa,7,"[15, 45, 35, 20, 140, 70, 25]",0.0,0.0,1.0
newsqa,7,"[15, 45, 35, 25, 20, 140, 70]",0.0,0.0,0.0
newsqa,7,"[15, 45, 35, 70, 140, 20, 25]",0.0,0.5714285714285715,1.0
newsqa,7,"[15, 45, 35, 70, 140, 25, 20]",1.0,1.0,1.0
newsqa,7,"[15, 45, 70, 140, 35, 20, 25]",0.0,0.125,1.0
newsqa,7,"[15, 45, 70, 20, 35, 140, 25]",1.0,1.0,1.0
newsqa,7,"[15, 45, 70, 20, 35, 25, 140]",0.0,0.0,1.0
newsqa,7,"[15, 45, 70, 25, 20, 140, 35]",0.0,0.0,1.0
newsqa,7,"[15, 45, 70, 35, 25, 20, 140]",0.0,0.07692307692307691,1.0
newsqa,7,"[15, 70, 140, 20, 25, 45, 35]",0.0,0.0,1.0
newsqa,7,"[15, 70, 140, 20, 35, 45, 25]",0.0,0.0,0.0
newsqa,7,"[15, 70, 140, 25, 45, 35, 20]",0.5,0.5217391304347826,0.5
newsqa,7,"[15, 70, 140, 35, 20, 25, 45]",0.0,0.0,0.0
newsqa,7,"[15, 70, 20, 140, 25, 45, 35]",1.0,1.0,0.0
newsqa,7,"[15, 70, 20, 25, 140, 35, 45]",0.0,0.0,1.0
newsqa,7,"[15, 70, 20, 25, 35, 140, 45]",0.0,0.0,0.0
newsqa,7,"[15, 70, 20, 25, 35, 45, 140]",0.5,0.6333333333333333,1.0
newsqa,7,"[15, 70, 20, 25, 45, 35, 140]",0.0,0.13333333333333336,0.0
newsqa,7,"[15, 70, 20, 35, 25, 140, 45]",0.0,0.4,1.0
newsqa,7,"[15, 70, 20, 45, 140, 25, 35]",0.0,0.0,1.0
newsqa,7,"[15, 70, 20, 45, 25, 35, 140]",0.0,0.19891304347826086,0.5
newsqa,7,"[15, 70, 25, 140, 45, 20, 35]",0.0,0.15,0.5
newsqa,7,"[15, 70, 25, 35, 45, 20, 140]",0.0,0.0,1.0
newsqa,7,"[15, 70, 25, 45, 140, 20, 35]",0.0,0.5714285714285715,1.0
newsqa,7,"[15, 70, 25, 45, 20, 140, 35]",0.0,0.0,1.0
newsqa,7,"[15, 70, 35, 140, 25, 20, 45]",1.0,1.0,1.0
newsqa,7,"[15, 70, 35, 25, 140, 45, 20]",0.0,0.0,0.0
newsqa,7,"[15, 70, 35, 45, 25, 20, 140]",1.0,1.0,1.0
newsqa,7,"[15, 70, 45, 140, 20, 35, 25]",0.0,0.2222222222222222,1.0
newsqa,7,"[15, 70, 45, 140, 35, 20, 25]",0.0,0.0,1.0
newsqa,7,"[15, 70, 45, 25, 35, 20, 140]",0.0,0.0,1.0
newsqa,7,"[15, 70, 45, 35, 140, 25, 20]",0.0,0.0,0.0
newsqa,7,"[20, 140, 15, 35, 45, 70, 25]",0.0,0.0,0.0
newsqa,7,"[20, 140, 15, 35, 70, 45, 25]",0.0,0.6666666666666666,1.0
newsqa,7,"[20, 140, 15, 70, 25, 45, 35]",0.0,0.0,1.0
newsqa,7,"[20, 140, 25, 15, 35, 70, 45]",0.0,0.06896551724137931,0.0
newsqa,7,"[20, 140, 25, 15, 45, 35, 70]",1.0,1.0,1.0
newsqa,7,"[20, 140, 25, 15, 45, 70, 35]",1.0,1.0,1.0
newsqa,7,"[20, 140, 25, 15, 70, 45, 35]",0.0,0.0,0.0
newsqa,7,"[20, 140, 25, 35, 15, 70, 45]",0.0,0.6666666666666666,1.0
newsqa,7,"[20, 140, 25, 35, 45, 15, 70]",0.0,0.0,1.0
newsqa,7,"[20, 140, 25, 45, 35, 70, 15]",0.0,0.3,1.0
newsqa,7,"[20, 140, 25, 45, 70, 35, 15]",1.0,1.0,1.0
newsqa,7,"[20, 140, 25, 70, 35, 15, 45]",0.0,0.0,1.0
newsqa,7,"[20, 140, 25, 70, 45, 15, 35]",0.0,0.0,0.0
newsqa,7,"[20, 140, 25, 70, 45, 35, 15]",0.0,0.0,1.0
newsqa,7,"[20, 140, 35, 15, 45, 25, 70]",0.0,0.6666666666666666,0.0
newsqa,7,"[20, 140, 35, 45, 25, 15, 70]",0.5,0.9285714285714286,1.0
newsqa,7,"[20, 140, 35, 45, 70, 15, 25]",1.0,1.0,1.0
newsqa,7,"[20, 140, 35, 70, 45, 15, 25]",0.0,0.025,1.0
newsqa,7,"[20, 140, 45, 15, 25, 70, 35]",1.0,1.0,1.0
newsqa,7,"[20, 140, 45, 15, 70, 35, 25]",0.0,0.0,1.0
newsqa,7,"[20, 140, 45, 25, 15, 70, 35]",0.0,0.10526315789473685,1.0
newsqa,7,"[20, 140, 45, 25, 70, 35, 15]",0.0,0.0,0.5
newsqa,7,"[20, 140, 45, 35, 15, 25, 70]",0.0,0.0,1.0
newsqa,7,"[20, 140, 45, 70, 15, 35, 25]",0.0,0.0,1.0
newsqa,7,"[20, 140, 45, 70, 25, 35, 15]",0.0,0.0,0.5
newsqa,7,"[20, 140, 45, 70, 35, 25, 15]",0.0,0.0,1.0
newsqa,7,"[20, 140, 70, 15, 25, 45, 35]",0.0,0.0,0.0
newsqa,7,"[20, 140, 70, 15, 35, 45, 25]",0.0,0.0,0.0
newsqa,7,"[20, 140, 70, 25, 35, 15, 45]",0.0,0.0,1.0
newsqa,7,"[20, 140, 70, 25, 45, 15, 35]",0.0,0.0,0.0
newsqa,7,"[20, 140, 70, 45, 35, 25, 15]",0.0,0.0,0.0
newsqa,7,"[20, 15, 140, 35, 25, 70, 45]",1.0,1.0,1.0
newsqa,7,"[20, 15, 140, 45, 35, 70, 25]",0.0,0.09756097560975609,1.0
newsqa,7,"[20, 15, 140, 45, 70, 35, 25]",0.0,0.0,1.0
newsqa,7,"[20, 15, 140, 70, 25, 35, 45]",0.0,0.6666666666666666,1.0
newsqa,7,"[20, 15, 25, 140, 45, 70, 35]",0.0,0.0,1.0
newsqa,7,"[20, 15, 25, 45, 35, 70, 140]",0.0,0.0,0.0
newsqa,7,"[20, 15, 25, 45, 70, 140, 35]",0.0,0.13793103448275862,1.0
newsqa,7,"[20, 15, 25, 70, 35, 45, 140]",1.0,1.0,1.0
newsqa,7,"[20, 15, 35, 25, 45, 140, 70]",0.0,0.0,1.0
newsqa,7,"[20, 15, 35, 25, 45, 70, 140]",0.0,0.0,1.0
newsqa,7,"[20, 15, 35, 70, 45, 25, 140]",0.0,0.0,1.0
newsqa,7,"[20, 15, 45, 140, 25, 70, 35]",0.0,0.0,0.0
newsqa,7,"[20, 15, 45, 140, 70, 35, 25]",1.0,1.0,1.0
newsqa,7,"[20, 15, 45, 35, 25, 70, 140]",0.0,0.0,0.0
newsqa,7,"[20, 15, 45, 70, 140, 35, 25]",1.0,1.0,1.0
newsqa,7,"[20, 15, 70, 140, 25, 35, 45]",0.0,0.5217391304347826,1.0
newsqa,7,"[20, 15, 70, 140, 25, 45, 35]",0.0,0.39999999999999997,1.0
newsqa,7,"[20, 15, 70, 25, 140, 35, 45]",0.0,0.8,1.0
newsqa,7,"[20, 15, 70, 35, 140, 45, 25]",0.0,0.0,1.0
newsqa,7,"[20, 15, 70, 45, 140, 25, 35]",1.0,1.0,1.0
newsqa,7,"[20, 15, 70, 45, 35, 25, 140]",0.0,0.0,1.0
newsqa,7,"[20, 25, 140, 70, 15, 45, 35]",0.0,0.0,1.0
newsqa,7,"[20, 25, 140, 70, 45, 15, 35]",0.0,0.0,1.0
newsqa,7,"[20, 25, 15, 140, 45, 70, 35]",0.0,0.05993265993265993,0.3333333333333333
newsqa,7,"[20, 25, 15, 140, 70, 35, 45]",0.0,0.0,1.0
newsqa,7,"[20, 25, 35, 15, 70, 140, 45]",0.0,0.5,1.0
newsqa,7,"[20, 25, 35, 45, 70, 140, 15]",0.0,0.32,1.0
newsqa,7,"[20, 25, 35, 70, 140, 45, 15]",0.0,0.7000000000000001,1.0
newsqa,7,"[20, 25, 35, 70, 45, 15, 140]",0.0,0.0,1.0
newsqa,7,"[20, 25, 45, 140, 15, 35, 70]",0.0,0.6666666666666666,1.0
newsqa,7,"[20, 25, 45, 35, 70, 140, 15]",0.0,0.07692307692307693,0.5
newsqa,7,"[20, 25, 70, 15, 35, 45, 140]",1.0,1.0,1.0
newsqa,7,"[20, 25, 70, 35, 140, 15, 45]",0.0,0.05405405405405406,1.0
newsqa,7,"[20, 25, 70, 35, 140, 45, 15]",0.0,0.0,1.0
newsqa,7,"[20, 25, 70, 35, 15, 140, 45]",0.0,0.0,0.0
newsqa,7,"[20, 25, 70, 45, 15, 140, 35]",0.0,0.0,0.0
newsqa,7,"[20, 35, 140, 15, 25, 70, 45]",0.0,0.0,1.0
newsqa,7,"[20, 35, 140, 25, 70, 15, 45]",0.0,0.0,1.0
newsqa,7,"[20, 35, 140, 45, 25, 15, 70]",1.0,1.0,1.0
newsqa,7,"[20, 35, 140, 70, 15, 25, 45]",0.0,0.0,1.0
newsqa,7,"[20, 35, 140, 70, 25, 45, 15]",0.0,0.0,1.0
newsqa,7,"[20, 35, 15, 140, 45, 25, 70]",0.0,0.0,1.0
newsqa,7,"[20, 35, 15, 140, 45, 70, 25]",0.0,0.0,0.0
newsqa,7,"[20, 35, 15, 25, 45, 140, 70]",1.0,1.0,1.0
newsqa,7,"[20, 35, 15, 70, 45, 25, 140]",0.0,0.0,1.0
newsqa,7,"[20, 35, 25, 140, 45, 15, 70]",0.0,0.0,0.0
newsqa,7,"[20, 35, 25, 140, 45, 70, 15]",0.0,0.0,1.0
newsqa,7,"[20, 35, 25, 15, 140, 70, 45]",0.0,0.0,1.0
newsqa,7,"[20, 35, 45, 140, 25, 70, 15]",1.0,1.0,1.0
newsqa,7,"[20, 35, 45, 15, 140, 25, 70]",0.0,0.0,0.0
newsqa,7,"[20, 35, 45, 15, 70, 140, 25]",0.0,0.05128205128205128,0.0
newsqa,7,"[20, 35, 45, 25, 140, 15, 70]",0.0,0.12000000000000001,0.0
newsqa,7,"[20, 35, 45, 70, 15, 25, 140]",0.0,0.6666666666666666,1.0
newsqa,7,"[20, 35, 45, 70, 25, 140, 15]",0.0,0.0,1.0
newsqa,7,"[20, 35, 70, 15, 25, 140, 45]",0.0,0.6666666666666666,1.0
newsqa,7,"[20, 35, 70, 25, 15, 45, 140]",0.0,0.0,1.0
newsqa,7,"[20, 35, 70, 25, 45, 15, 140]",0.0,0.0,1.0
newsqa,7,"[20, 35, 70, 45, 140, 15, 25]",0.0,0.0588235294117647,1.0
newsqa,7,"[20, 35, 70, 45, 25, 15, 140]",0.0,0.0,1.0
newsqa,7,"[20, 45, 140, 15, 35, 25, 70]",0.0,0.11428571428571427,1.0
newsqa,7,"[20, 45, 140, 15, 35, 70, 25]",1.0,1.0,1.0
newsqa,7,"[20, 45, 140, 25, 35, 70, 15]",0.0,0.0,0.5
newsqa,7,"[20, 45, 140, 35, 15, 70, 25]",0.0,0.0,1.0
newsqa,7,"[20, 45, 140, 35, 70, 25, 15]",1.0,1.0,1.0
newsqa,7,"[20, 45, 140, 70, 15, 35, 25]",0.0,0.6666666666666666,1.0
newsqa,7,"[20, 45, 140, 70, 25, 35, 15]",0.0,0.0,0.0
newsqa,7,"[20, 45, 15, 140, 25, 70, 35]",0.0,0.5,0.0
newsqa,7,"[20, 45, 15, 25, 140, 35, 70]",0.0,0.28571428571428575,1.0
newsqa,7,"[20, 45, 15, 25, 70, 140, 35]",0.0,0.5,1.0
newsqa,7,"[20, 45, 25, 140, 70, 35, 15]",1.0,1.0,1.0
newsqa,7,"[20, 45, 25, 15, 140, 35, 70]",0.0,0.0,0.0
newsqa,7,"[20, 45, 25, 15, 70, 35, 140]",0.0,0.0,1.0
newsqa,7,"[20, 45, 25, 35, 70, 140, 15]",0.0,0.0,1.0
newsqa,7,"[20, 45, 25, 70, 15, 35, 140]",1.0,1.0,1.0
newsqa,7,"[20, 45, 35, 140, 15, 70, 25]",0.0,0.0,1.0
newsqa,7,"[20, 45, 35, 15, 140, 70, 25]",0.0,0.0,1.0
newsqa,7,"[20, 45, 35, 15, 70, 140, 25]",1.0,1.0,1.0
newsqa,7,"[20, 45, 35, 15, 70, 25, 140]",0.0,0.0,1.0
newsqa,7,"[20, 45, 35, 70, 140, 15, 25]",0.0,0.0,0.0
newsqa,7,"[20, 45, 35, 70, 25, 140, 15]",0.0,0.0,1.0
newsqa,7,"[20, 45, 70, 140, 15, 35, 25]",0.0,0.823529411764706,1.0
newsqa,7,"[20, 45, 70, 15, 25, 35, 140]",0.5,0.5454545454545454,1.0
newsqa,7,"[20, 45, 70, 15, 35, 25, 140]",0.0,0.0,0.0
newsqa,7,"[20, 45, 70, 25, 140, 15, 35]",0.0,0.0,0.0
newsqa,7,"[20, 45, 70, 35, 140, 25, 15]",0.0,0.0,1.0
newsqa,7,"[20, 45, 70, 35, 25, 15, 140]",0.0,0.09090909090909093,0.0
newsqa,7,"[20, 70, 140, 15, 35, 45, 25]",1.0,1.0,1.0
newsqa,7,"[20, 70, 140, 15, 45, 35, 25]",0.0,0.08,0.0
newsqa,7,"[20, 70, 140, 25, 45, 35, 15]",1.0,1.0,1.0
newsqa,7,"[20, 70, 140, 35, 25, 45, 15]",0.0,0.0,1.0
newsqa,7,"[20, 70, 140, 35, 45, 15, 25]",0.0,0.0,1.0
newsqa,7,"[20, 70, 140, 35, 45, 25, 15]",1.0,1.0,1.0
newsqa,7,"[20, 70, 15, 140, 45, 25, 35]",1.0,1.0,1.0
newsqa,7,"[20, 70, 15, 25, 140, 35, 45]",0.0,0.0,0.0
newsqa,7,"[20, 70, 15, 35, 25, 140, 45]",0.0,0.13333333333333333,1.0
newsqa,7,"[20, 70, 15, 35, 45, 25, 140]",0.0,0.4,1.0
newsqa,7,"[20, 70, 15, 45, 25, 35, 140]",1.0,1.0,1.0
newsqa,7,"[20, 70, 25, 15, 140, 45, 35]",0.0,0.0,0.0
newsqa,7,"[20, 70, 25, 35, 140, 15, 45]",0.0,0.18181818181818182,1.0
newsqa,7,"[20, 70, 25, 35, 140, 45, 15]",0.5,0.5,0.5
newsqa,7,"[20, 70, 25, 35, 15, 140, 45]",0.0,0.2857142857142857,1.0
newsqa,7,"[20, 70, 25, 35, 15, 45, 140]",0.0,0.6923076923076924,1.0
newsqa,7,"[20, 70, 25, 35, 45, 15, 140]",1.0,1.0,1.0
newsqa,7,"[20, 70, 35, 140, 45, 15, 25]",0.0,0.05405405405405406,1.0
newsqa,7,"[20, 70, 35, 15, 140, 25, 45]",0.0,0.6875000000000001,1.0
newsqa,7,"[20, 70, 35, 25, 15, 45, 140]",0.0,0.0,1.0
newsqa,7,"[20, 70, 35, 25, 45, 140, 15]",0.0,0.0,0.0
newsqa,7,"[20, 70, 45, 140, 35, 15, 25]",0.0,0.0,0.0
newsqa,7,"[20, 70, 45, 15, 25, 140, 35]",0.0,0.0,0.0
newsqa,7,"[20, 70, 45, 15, 25, 35, 140]",0.0,0.0,1.0
newsqa,7,"[20, 70, 45, 15, 35, 25, 140]",0.0,0.0,0.0
newsqa,7,"[20, 70, 45, 25, 140, 15, 35]",0.5,0.5,1.0
newsqa,7,"[20, 70, 45, 35, 25, 15, 140]",0.0,0.0,0.0
newsqa,7,"[25, 140, 15, 20, 45, 70, 35]",1.0,1.0,1.0
newsqa,7,"[25, 140, 15, 20, 70, 35, 45]",1.0,1.0,1.0
newsqa,7,"[25, 140, 15, 35, 20, 70, 45]",0.0,0.0,0.0
newsqa,7,"[25, 140, 15, 35, 70, 20, 45]",0.0,0.0,1.0
newsqa,7,"[25, 140, 15, 35, 70, 45, 20]",0.0,0.0,1.0
newsqa,7,"[25, 140, 15, 45, 35, 20, 70]",0.0,0.0,1.0
newsqa,7,"[25, 140, 15, 45, 35, 70, 20]",0.0,0.0,0.0
newsqa,7,"[25, 140, 15, 70, 35, 20, 45]",0.0,0.11428571428571428,0.0
newsqa,7,"[25, 140, 15, 70, 45, 20, 35]",0.0,0.0,0.0
newsqa,7,"[25, 140, 20, 15, 70, 35, 45]",0.0,0.14285714285714285,0.5
newsqa,7,"[25, 140, 20, 35, 15, 45, 70]",0.0,0.0,1.0
newsqa,7,"[25, 140, 20, 35, 45, 70, 15]",0.0,0.07692307692307691,0.0
newsqa,7,"[25, 140, 20, 35, 70, 15, 45]",0.0,0.0,0.0
newsqa,7,"[25, 140, 20, 45, 15, 35, 70]",0.0,0.0,1.0
newsqa,7,"[25, 140, 20, 45, 15, 70, 35]",0.0,0.08888888888888888,0.0
newsqa,7,"[25, 140, 35, 15, 20, 70, 45]",0.0,0.0,1.0
newsqa,7,"[25, 140, 35, 20, 15, 70, 45]",0.0,0.8,1.0
newsqa,7,"[25, 140, 35, 45, 15, 70, 20]",1.0,1.0,1.0
newsqa,7,"[25, 140, 45, 15, 20, 70, 35]",0.0,0.0,1.0
newsqa,7,"[25, 140, 45, 20, 15, 70, 35]",1.0,1.0,1.0
newsqa,7,"[25, 140, 45, 70, 15, 35, 20]",0.0,0.5,0.0
newsqa,7,"[25, 140, 45, 70, 20, 35, 15]",0.0,0.0,1.0
newsqa,7,"[25, 140, 70, 15, 20, 35, 45]",0.0,0.0,0.0
newsqa,7,"[25, 140, 70, 20, 15, 45, 35]",0.5,0.5,1.0
newsqa,7,"[25, 140, 70, 35, 15, 20, 45]",1.0,1.0,1.0
newsqa,7,"[25, 140, 70, 35, 20, 15, 45]",0.0,0.0,1.0
newsqa,7,"[25, 140, 70, 45, 20, 15, 35]",1.0,1.0,1.0
newsqa,7,"[25, 15, 140, 45, 20, 70, 35]",0.0,0.5,1.0
newsqa,7,"[25, 15, 140, 45, 70, 20, 35]",0.0,0.0,1.0
newsqa,7,"[25, 15, 140, 70, 35, 20, 45]",0.0,0.0,1.0
newsqa,7,"[25, 15, 140, 70, 45, 20, 35]",0.0,0.0,0.0
newsqa,7,"[25, 15, 20, 140, 35, 70, 45]",1.0,1.0,1.0
newsqa,7,"[25, 15, 20, 140, 70, 35, 45]",0.0,0.0,0.5
newsqa,7,"[25, 15, 35, 20, 70, 45, 140]",1.0,1.0,1.0
newsqa,7,"[25, 15, 45, 35, 20, 140, 70]",0.5,0.5,0.5
newsqa,7,"[25, 15, 45, 35, 70, 20, 140]",0.0,0.0,0.0
newsqa,7,"[25, 15, 45, 70, 140, 35, 20]",1.0,1.0,1.0
newsqa,7,"[25, 15, 70, 35, 20, 45, 140]",1.0,1.0,1.0
newsqa,7,"[25, 15, 70, 45, 35, 20, 140]",0.0,0.0,0.0
newsqa,7,"[25, 20, 140, 15, 70, 35, 45]",0.0,0.0,0.0
newsqa,7,"[25, 20, 140, 35, 70, 45, 15]",0.0,0.888888888888889,1.0
newsqa,7,"[25, 20, 140, 45, 70, 35, 15]",1.0,1.0,1.0
newsqa,7,"[25, 20, 140, 70, 45, 15, 35]",0.0,0.0,1.0
newsqa,7,"[25, 20, 15, 140, 35, 45, 70]",1.0,1.0,1.0
newsqa,7,"[25, 20, 15, 45, 70, 140, 35]",0.0,0.0,0.5
newsqa,7,"[25, 20, 15, 70, 35, 45, 140]",0.0,0.0,1.0
newsqa,7,"[25, 20, 35, 140, 45, 70, 15]",0.5,0.5,0.5
newsqa,7,"[25, 20, 35, 140, 70, 15, 45]",0.0,0.0,1.0
newsqa,7,"[25, 20, 35, 15, 140, 70, 45]",0.0,0.0,1.0
newsqa,7,"[25, 20, 35, 15, 70, 140, 45]",0.0,0.0,0.0
newsqa,7,"[25, 20, 35, 45, 70, 140, 15]",0.0,0.0,1.0
newsqa,7,"[25, 20, 45, 140, 35, 15, 70]",1.0,1.0,1.0
newsqa,7,"[25, 20, 45, 140, 35, 70, 15]",0.0,0.0,1.0
newsqa,7,"[25, 20, 45, 140, 70, 15, 35]",0.0,0.6666666666666666,1.0
newsqa,7,"[25, 20, 45, 15, 70, 35, 140]",0.0,0.4,1.0
newsqa,7,"[25, 20, 45, 70, 140, 35, 15]",0.0,0.04545454545454545,0.0
newsqa,7,"[25, 20, 45, 70, 35, 140, 15]",1.0,1.0,1.0
newsqa,7,"[25, 20, 70, 15, 45, 35, 140]",0.0,0.0,1.0
newsqa,7,"[25, 20, 70, 35, 45, 140, 15]",0.0,0.6666666666666666,1.0
newsqa,7,"[25, 20, 70, 35, 45, 15, 140]",0.0,0.0,0.0
newsqa,7,"[25, 20, 70, 45, 15, 35, 140]",0.0,0.04347826086956522,0.5
newsqa,7,"[25, 35, 140, 20, 15, 45, 70]",0.0,0.0,1.0
newsqa,7,"[25, 35, 140, 20, 70, 45, 15]",0.0,0.0,0.0
newsqa,7,"[25, 35, 15, 140, 45, 20, 70]",0.0,0.21052631578947367,0.0
newsqa,7,"[25, 35, 15, 140, 70, 20, 45]",0.0,0.0,0.0
newsqa,7,"[25, 35, 15, 20, 140, 45, 70]",0.0,0.0,1.0
newsqa,7,"[25, 35, 15, 20, 45, 70, 140]",0.0,0.0,0.0
newsqa,7,"[25, 35, 15, 45, 20, 140, 70]",1.0,1.0,1.0
newsqa,7,"[25, 35, 15, 70, 45, 140, 20]",0.0,0.0,0.0
newsqa,7,"[25, 35, 20, 140, 15, 45, 70]",0.0,0.0,0.0
newsqa,7,"[25, 35, 20, 15, 70, 140, 45]",0.0,0.0,0.0
newsqa,7,"[25, 35, 20, 45, 140, 15, 70]",0.0,0.06451612903225805,1.0
newsqa,7,"[25, 35, 20, 70, 140, 45, 15]",0.0,0.0,0.0
newsqa,7,"[25, 35, 20, 70, 15, 140, 45]",1.0,1.0,1.0
newsqa,7,"[25, 35, 20, 70, 45, 140, 15]",0.0,0.0,1.0
newsqa,7,"[25, 35, 45, 140, 20, 15, 70]",0.0,0.0,0.0
newsqa,7,"[25, 35, 45, 140, 70, 15, 20]",0.0,0.0,0.0
newsqa,7,"[25, 35, 45, 15, 140, 20, 70]",0.0,0.0,0.0
newsqa,7,"[25, 35, 45, 15, 70, 140, 20]",0.0,0.22222222222222224,0.0
newsqa,7,"[25, 35, 45, 70, 15, 20, 140]",1.0,1.0,1.0
newsqa,7,"[25, 35, 70, 140, 20, 45, 15]",0.0,0.0,1.0
newsqa,7,"[25, 35, 70, 20, 15, 45, 140]",0.0,0.0,1.0
newsqa,7,"[25, 35, 70, 45, 20, 140, 15]",0.0,0.0,1.0
newsqa,7,"[25, 45, 140, 15, 35, 20, 70]",0.0,0.0,0.0
newsqa,7,"[25, 45, 140, 15, 70, 35, 20]",0.0,0.16129032258064516,0.0
newsqa,7,"[25, 45, 140, 20, 15, 35, 70]",0.0,0.0,0.0
newsqa,7,"[25, 45, 140, 20, 15, 70, 35]",0.0,0.0,0.0
newsqa,7,"[25, 45, 140, 35, 20, 70, 15]",0.0,0.0,1.0
newsqa,7,"[25, 45, 140, 70, 15, 20, 35]",0.0,0.0,0.0
newsqa,7,"[25, 45, 140, 70, 20, 35, 15]",1.0,1.0,1.0
newsqa,7,"[25, 45, 15, 140, 35, 20, 70]",0.0,0.8,1.0
newsqa,7,"[25, 45, 15, 20, 140, 35, 70]",0.0,0.0,1.0
newsqa,7,"[25, 45, 15, 20, 35, 140, 70]",0.0,0.0,1.0
newsqa,7,"[25, 45, 20, 140, 35, 15, 70]",0.0,0.2857142857142857,1.0
newsqa,7,"[25, 45, 20, 15, 140, 35, 70]",0.0,0.0,1.0
newsqa,7,"[25, 45, 20, 15, 35, 70, 140]",1.0,1.0,1.0
newsqa,7,"[25, 45, 20, 35, 140, 15, 70]",1.0,1.0,1.0
newsqa,7,"[25, 45, 20, 70, 15, 140, 35]",0.0,0.4,1.0
newsqa,7,"[25, 45, 20, 70, 35, 140, 15]",0.0,0.0,0.0
newsqa,7,"[25, 45, 35, 140, 70, 20, 15]",0.0,0.0,0.0
newsqa,7,"[25, 45, 35, 15, 140, 20, 70]",1.0,1.0,1.0
newsqa,7,"[25, 45, 35, 15, 20, 70, 140]",0.0,0.5,1.0
newsqa,7,"[25, 45, 35, 20, 140, 15, 70]",1.0,1.0,1.0
newsqa,7,"[25, 45, 35, 20, 15, 140, 70]",0.0,0.0,0.0
newsqa,7,"[25, 45, 35, 20, 15, 70, 140]",1.0,1.0,1.0
newsqa,7,"[25, 45, 35, 20, 70, 140, 15]",0.0,0.06666666666666667,1.0
newsqa,7,"[25, 45, 35, 20, 70, 15, 140]",0.0,0.0,1.0
newsqa,7,"[25, 45, 35, 70, 15, 20, 140]",1.0,1.0,1.0
newsqa,7,"[25, 45, 70, 140, 15, 20, 35]",1.0,1.0,1.0
newsqa,7,"[25, 45, 70, 15, 20, 140, 35]",0.0,0.1111111111111111,1.0
newsqa,7,"[25, 45, 70, 15, 35, 140, 20]",1.0,1.0,1.0
newsqa,7,"[25, 45, 70, 20, 140, 15, 35]",0.0,0.5,1.0
newsqa,7,"[25, 45, 70, 20, 35, 140, 15]",0.0,0.0,1.0
newsqa,7,"[25, 45, 70, 20, 35, 15, 140]",1.0,1.0,1.0
newsqa,7,"[25, 45, 70, 35, 15, 20, 140]",0.0,0.0,1.0
newsqa,7,"[25, 70, 140, 15, 20, 35, 45]",0.0,0.0,1.0
newsqa,7,"[25, 70, 140, 15, 35, 20, 45]",0.0,0.0,1.0
newsqa,7,"[25, 70, 140, 20, 45, 15, 35]",0.0,0.0,1.0
newsqa,7,"[25, 70, 140, 35, 15, 20, 45]",1.0,1.0,1.0
newsqa,7,"[25, 70, 140, 35, 15, 45, 20]",0.0,0.0,0.0
newsqa,7,"[25, 70, 140, 35, 20, 45, 15]",0.0,0.4,1.0
newsqa,7,"[25, 70, 140, 35, 45, 15, 20]",0.0,0.0,1.0
newsqa,7,"[25, 70, 15, 140, 45, 35, 20]",0.0,0.0,0.0
newsqa,7,"[25, 70, 15, 20, 140, 35, 45]",0.0,0.2857142857142857,1.0
newsqa,7,"[25, 70, 15, 35, 140, 20, 45]",0.0,0.1904761904761905,1.0
newsqa,7,"[25, 70, 15, 35, 45, 140, 20]",0.0,0.0,1.0
newsqa,7,"[25, 70, 20, 140, 15, 35, 45]",0.0,0.0,1.0
newsqa,7,"[25, 70, 20, 140, 35, 15, 45]",0.0,0.0,0.3333333333333333
newsqa,7,"[25, 70, 20, 140, 45, 15, 35]",0.0,0.0,1.0
newsqa,7,"[25, 70, 20, 15, 45, 35, 140]",1.0,1.0,1.0
newsqa,7,"[25, 70, 20, 35, 140, 15, 45]",0.0,0.0,1.0
newsqa,7,"[25, 70, 20, 35, 140, 45, 15]",1.0,1.0,1.0
newsqa,7,"[25, 70, 20, 45, 140, 15, 35]",0.0,0.0,1.0
newsqa,7,"[25, 70, 20, 45, 15, 140, 35]",0.0,0.0,1.0
newsqa,7,"[25, 70, 35, 140, 15, 20, 45]",0.0,0.0,1.0
newsqa,7,"[25, 70, 35, 140, 15, 45, 20]",0.0,0.0,1.0
newsqa,7,"[25, 70, 35, 15, 20, 140, 45]",0.0,0.0,0.0
newsqa,7,"[25, 70, 35, 15, 45, 140, 20]",0.0,0.0,0.0
newsqa,7,"[25, 70, 35, 15, 45, 20, 140]",0.0,0.6666666666666666,1.0
newsqa,7,"[25, 70, 35, 45, 140, 15, 20]",0.0,0.0,0.0
newsqa,7,"[25, 70, 45, 140, 15, 35, 20]",0.0,0.0,1.0
newsqa,7,"[25, 70, 45, 15, 140, 20, 35]",0.0,0.0,0.0
newsqa,7,"[25, 70, 45, 15, 20, 35, 140]",0.0,0.0,1.0
newsqa,7,"[25, 70, 45, 20, 15, 35, 140]",0.0,0.0,0.0
newsqa,7,"[25, 70, 45, 35, 140, 15, 20]",0.0,0.5,1.0
newsqa,7,"[35, 140, 15, 20, 25, 70, 45]",1.0,1.0,1.0
newsqa,7,"[35, 140, 15, 20, 45, 70, 25]",0.0,0.5,1.0
newsqa,7,"[35, 140, 15, 25, 70, 20, 45]",0.0,0.0,1.0
newsqa,7,"[35, 140, 15, 45, 70, 25, 20]",0.0,0.0,0.0
newsqa,7,"[35, 140, 15, 70, 20, 45, 25]",0.0,0.32,1.0
newsqa,7,"[35, 140, 15, 70, 45, 20, 25]",0.0,0.0,1.0
newsqa,7,"[35, 140, 20, 15, 45, 25, 70]",0.0,0.0,1.0
newsqa,7,"[35, 140, 20, 25, 45, 15, 70]",0.0,0.08000000000000002,1.0
newsqa,7,"[35, 140, 20, 25, 70, 45, 15]",0.0,0.0,1.0
newsqa,7,"[35, 140, 20, 45, 15, 25, 70]",0.0,0.0,0.0
newsqa,7,"[35, 140, 25, 45, 70, 15, 20]",0.0,0.0,1.0
newsqa,7,"[35, 140, 25, 70, 20, 15, 45]",1.0,1.0,1.0
newsqa,7,"[35, 140, 45, 15, 70, 20, 25]",0.0,0.0,1.0
newsqa,7,"[35, 140, 45, 20, 15, 25, 70]",0.0,0.0,0.0
newsqa,7,"[35, 140, 45, 25, 20, 15, 70]",0.0,0.923076923076923,1.0
newsqa,7,"[35, 140, 45, 70, 20, 15, 25]",0.0,0.6666666666666666,1.0
newsqa,7,"[35, 140, 45, 70, 25, 20, 15]",0.0,0.0,0.0
newsqa,7,"[35, 140, 70, 15, 25, 20, 45]",0.0,0.0,0.0
newsqa,7,"[35, 140, 70, 20, 15, 25, 45]",1.0,1.0,1.0
newsqa,7,"[35, 140, 70, 20, 45, 25, 15]",0.0,0.0,0.0
newsqa,7,"[35, 140, 70, 45, 20, 15, 25]",0.0,0.14285714285714288,0.0
newsqa,7,"[35, 15, 140, 20, 25, 70, 45]",0.0,0.0,1.0
newsqa,7,"[35, 15, 140, 20, 70, 45, 25]",1.0,1.0,1.0
newsqa,7,"[35, 15, 140, 25, 20, 45, 70]",1.0,1.0,1.0
newsqa,7,"[35, 15, 140, 25, 70, 45, 20]",0.0,0.0,0.5
newsqa,7,"[35, 15, 140, 45, 25, 20, 70]",0.0,0.0,0.0
newsqa,7,"[35, 15, 140, 70, 20, 25, 45]",0.0,0.0,1.0
newsqa,7,"[35, 15, 140, 70, 20, 45, 25]",0.0,0.07843137254901962,0.0
newsqa,7,"[35, 15, 140, 70, 25, 45, 20]",0.0,0.07692307692307693,1.0
newsqa,7,"[35, 15, 20, 140, 45, 70, 25]",0.0,0.0,0.5
newsqa,7,"[35, 15, 20, 25, 140, 45, 70]",0.0,0.1904761904761905,1.0
newsqa,7,"[35, 15, 20, 25, 70, 45, 140]",0.0,0.0,1.0
newsqa,7,"[35, 15, 25, 140, 45, 20, 70]",0.0,0.0,0.0
newsqa,7,"[35, 15, 45, 25, 20, 70, 140]",0.5,0.6923076923076923,1.0
newsqa,7,"[35, 15, 45, 70, 20, 25, 140]",0.0,0.0,1.0
newsqa,7,"[35, 15, 70, 140, 20, 45, 25]",1.0,1.0,1.0
newsqa,7,"[35, 15, 70, 140, 25, 45, 20]",0.0,0.0,0.0
newsqa,7,"[35, 15, 70, 20, 140, 25, 45]",0.0,0.0,1.0
newsqa,7,"[35, 15, 70, 20, 45, 140, 25]",0.0,0.5454545454545454,1.0
newsqa,7,"[35, 15, 70, 25, 20, 140, 45]",0.0,0.5,1.0
newsqa,7,"[35, 15, 70, 45, 25, 140, 20]",0.0,0.0,0.0
newsqa,7,"[35, 20, 140, 15, 70, 25, 45]",0.0,0.0,1.0
newsqa,7,"[35, 20, 140, 25, 70, 15, 45]",0.0,0.0,1.0
newsqa,7,"[35, 20, 140, 45, 70, 25, 15]",1.0,1.0,1.0
newsqa,7,"[35, 20, 140, 70, 45, 15, 25]",0.0,0.0,0.0
newsqa,7,"[35, 20, 15, 140, 25, 70, 45]",1.0,1.0,1.0
newsqa,7,"[35, 20, 15, 140, 45, 25, 70]",0.0,0.0,1.0
newsqa,7,"[35, 20, 15, 140, 45, 70, 25]",1.0,1.0,1.0
newsqa,7,"[35, 20, 15, 45, 25, 140, 70]",0.0,0.047619047619047616,1.0
newsqa,7,"[35, 20, 25, 140, 70, 15, 45]",0.0,0.0,1.0
newsqa,7,"[35, 20, 25, 15, 140, 45, 70]",0.0,0.7499999999999999,1.0
newsqa,7,"[35, 20, 25, 15, 140, 70, 45]",0.0,0.6666666666666666,1.0
newsqa,7,"[35, 20, 25, 15, 45, 140, 70]",0.0,0.0,0.0
newsqa,7,"[35, 20, 25, 45, 15, 140, 70]",1.0,1.0,1.0
newsqa,7,"[35, 20, 25, 45, 15, 70, 140]",0.0,0.7142857142857143,1.0
newsqa,7,"[35, 20, 25, 70, 140, 45, 15]",0.0,0.0,1.0
newsqa,7,"[35, 20, 45, 140, 15, 70, 25]",0.0,0.0,0.0
newsqa,7,"[35, 20, 45, 15, 70, 25, 140]",0.0,0.0,1.0
newsqa,7,"[35, 20, 45, 25, 140, 70, 15]",0.0,0.6666666666666666,1.0
newsqa,7,"[35, 20, 45, 70, 140, 15, 25]",0.0,0.0,0.0
newsqa,7,"[35, 20, 45, 70, 25, 140, 15]",0.0,0.0,0.0
newsqa,7,"[35, 20, 70, 140, 15, 45, 25]",0.0,0.054054054054054064,1.0
newsqa,7,"[35, 20, 70, 140, 25, 15, 45]",0.0,0.0,1.0
newsqa,7,"[35, 20, 70, 140, 25, 45, 15]",0.0,0.0,1.0
newsqa,7,"[35, 20, 70, 140, 45, 25, 15]",0.0,0.40476190476190477,1.0
newsqa,7,"[35, 20, 70, 15, 140, 25, 45]",0.0,0.33333333333333337,1.0
newsqa,7,"[35, 20, 70, 15, 25, 140, 45]",1.0,1.0,1.0
newsqa,7,"[35, 20, 70, 15, 45, 25, 140]",1.0,1.0,1.0
newsqa,7,"[35, 25, 140, 15, 20, 70, 45]",0.0,0.0,1.0
newsqa,7,"[35, 25, 140, 15, 45, 20, 70]",0.0,0.07142857142857144,0.0
newsqa,7,"[35, 25, 140, 20, 15, 45, 70]",0.0,0.0,0.0
newsqa,7,"[35, 25, 140, 20, 45, 70, 15]",0.5,0.7,1.0
newsqa,7,"[35, 25, 140, 45, 20, 70, 15]",0.0,0.0,0.0
newsqa,7,"[35, 25, 140, 70, 45, 20, 15]",1.0,1.0,1.0
newsqa,7,"[35, 25, 15, 20, 140, 45, 70]",0.0,0.0,0.0
newsqa,7,"[35, 25, 15, 20, 70, 45, 140]",0.0,0.0,1.0
newsqa,7,"[35, 25, 15, 45, 20, 140, 70]",0.0,0.13333333333333333,0.6666666666666666
newsqa,7,"[35, 25, 15, 70, 140, 20, 45]",1.0,1.0,1.0
newsqa,7,"[35, 25, 20, 140, 45, 70, 15]",0.0,0.0,1.0
newsqa,7,"[35, 25, 20, 15, 70, 45, 140]",0.0,0.2105263157894737,0.0
newsqa,7,"[35, 25, 20, 45, 140, 15, 70]",0.0,0.0,1.0
newsqa,7,"[35, 25, 20, 45, 70, 15, 140]",0.0,0.0,0.0
newsqa,7,"[35, 25, 20, 70, 140, 15, 45]",0.0,0.2666666666666667,1.0
newsqa,7,"[35, 25, 20, 70, 15, 140, 45]",0.0,0.0,1.0
newsqa,7,"[35, 25, 45, 15, 140, 70, 20]",0.5,0.5,1.0
newsqa,7,"[35, 25, 45, 20, 70, 140, 15]",0.0,0.07142857142857142,1.0
newsqa,7,"[35, 25, 45, 70, 15, 20, 140]",0.0,0.0,1.0
newsqa,7,"[35, 25, 70, 140, 15, 20, 45]",0.0,0.09523809523809523,1.0
newsqa,7,"[35, 25, 70, 45, 20, 140, 15]",0.0,0.03571428571428571,1.0
newsqa,7,"[35, 45, 140, 15, 25, 20, 70]",1.0,1.0,1.0
newsqa,7,"[35, 45, 140, 15, 25, 70, 20]",0.0,0.2857142857142857,1.0
newsqa,7,"[35, 45, 140, 20, 70, 25, 15]",0.0,0.0,1.0
newsqa,7,"[35, 45, 140, 25, 15, 70, 20]",1.0,1.0,1.0
newsqa,7,"[35, 45, 140, 70, 20, 15, 25]",0.0,0.6666666666666666,1.0
newsqa,7,"[35, 45, 15, 20, 25, 70, 140]",0.0,0.0,0.0
newsqa,7,"[35, 45, 15, 25, 140, 20, 70]",1.0,1.0,1.0
newsqa,7,"[35, 45, 15, 70, 20, 140, 25]",0.0,0.0,1.0
newsqa,7,"[35, 45, 20, 140, 25, 70, 15]",0.0,0.06451612903225806,1.0
newsqa,7,"[35, 45, 20, 70, 25, 15, 140]",0.0,0.0,1.0
newsqa,7,"[35, 45, 25, 140, 15, 20, 70]",0.0,0.0,1.0
newsqa,7,"[35, 45, 25, 140, 20, 70, 15]",0.0,0.41379310344827586,1.0
newsqa,7,"[35, 45, 25, 15, 140, 70, 20]",0.0,0.0,1.0
newsqa,7,"[35, 45, 25, 15, 70, 20, 140]",0.0,0.6666666666666666,1.0
newsqa,7,"[35, 45, 25, 70, 140, 15, 20]",1.0,1.0,1.0
newsqa,7,"[35, 45, 25, 70, 140, 20, 15]",1.0,1.0,1.0
newsqa,7,"[35, 45, 70, 140, 25, 15, 20]",1.0,1.0,1.0
newsqa,7,"[35, 45, 70, 15, 20, 25, 140]",0.0,0.0,1.0
newsqa,7,"[35, 45, 70, 25, 20, 15, 140]",0.0,0.0,0.0
newsqa,7,"[35, 70, 140, 20, 45, 25, 15]",0.0,0.0,1.0
newsqa,7,"[35, 70, 140, 25, 15, 45, 20]",0.0,0.6666666666666666,1.0
newsqa,7,"[35, 70, 140, 45, 15, 20, 25]",0.0,0.0,1.0
newsqa,7,"[35, 70, 140, 45, 15, 25, 20]",0.0,0.6666666666666666,1.0
newsqa,7,"[35, 70, 140, 45, 20, 25, 15]",1.0,1.0,1.0
newsqa,7,"[35, 70, 15, 140, 25, 20, 45]",0.0,0.6666666666666666,1.0
newsqa,7,"[35, 70, 15, 20, 25, 140, 45]",0.0,0.0,1.0
newsqa,7,"[35, 70, 15, 25, 140, 20, 45]",0.0,0.6666666666666666,1.0
newsqa,7,"[35, 70, 15, 25, 20, 45, 140]",0.0,0.0,0.0
newsqa,7,"[35, 70, 20, 15, 25, 45, 140]",0.0,0.06896551724137931,0.0
newsqa,7,"[35, 70, 20, 25, 45, 140, 15]",0.0,0.6666666666666666,1.0
newsqa,7,"[35, 70, 25, 20, 140, 15, 45]",0.6666666666666666,0.6666666666666666,1.0
newsqa,7,"[35, 70, 25, 20, 140, 45, 15]",0.0,0.4,1.0
newsqa,7,"[35, 70, 25, 45, 15, 140, 20]",0.0,0.0,1.0
newsqa,7,"[35, 70, 45, 140, 20, 15, 25]",0.0,0.0,0.0
newsqa,7,"[35, 70, 45, 140, 25, 20, 15]",0.0,0.0,1.0
newsqa,7,"[35, 70, 45, 20, 15, 25, 140]",0.0,0.13333333333333333,1.0
newsqa,7,"[45, 140, 15, 20, 35, 25, 70]",0.0,0.0,1.0
newsqa,7,"[45, 140, 15, 25, 20, 35, 70]",0.0,0.05128205128205128,1.0
newsqa,7,"[45, 140, 15, 25, 70, 35, 20]",0.0,0.0,0.0
newsqa,7,"[45, 140, 15, 70, 35, 25, 20]",0.0,0.6666666666666666,1.0
newsqa,7,"[45, 140, 20, 15, 25, 35, 70]",0.0,0.0,0.0
newsqa,7,"[45, 140, 20, 15, 35, 70, 25]",0.0,0.0,1.0
newsqa,7,"[45, 140, 20, 15, 70, 35, 25]",1.0,1.0,1.0
newsqa,7,"[45, 140, 20, 25, 70, 15, 35]",0.0,0.08888888888888888,0.0
newsqa,7,"[45, 140, 20, 35, 70, 25, 15]",1.0,1.0,1.0
newsqa,7,"[45, 140, 20, 70, 25, 15, 35]",0.0,0.0,0.0
newsqa,7,"[45, 140, 25, 15, 70, 20, 35]",0.3333333333333333,0.3888888888888889,0.6666666666666666
newsqa,7,"[45, 140, 25, 35, 15, 70, 20]",1.0,1.0,1.0
newsqa,7,"[45, 140, 25, 70, 35, 20, 15]",1.0,1.0,1.0
newsqa,7,"[45, 140, 35, 20, 15, 70, 25]",1.0,1.0,1.0
newsqa,7,"[45, 140, 35, 20, 25, 70, 15]",0.0,0.0,1.0
newsqa,7,"[45, 140, 35, 25, 70, 15, 20]",0.0,0.0,0.0
newsqa,7,"[45, 140, 70, 20, 25, 35, 15]",0.0,0.0,0.0
newsqa,7,"[45, 140, 70, 35, 25, 15, 20]",1.0,1.0,1.0
newsqa,7,"[45, 15, 140, 25, 35, 70, 20]",1.0,1.0,1.0
newsqa,7,"[45, 15, 140, 35, 20, 70, 25]",0.0,0.0,0.5
newsqa,7,"[45, 15, 140, 70, 25, 35, 20]",0.0,0.0,0.0
newsqa,7,"[45, 15, 140, 70, 35, 20, 25]",0.0,0.0,1.0
newsqa,7,"[45, 15, 140, 70, 35, 25, 20]",1.0,1.0,1.0
newsqa,7,"[45, 15, 20, 35, 140, 25, 70]",1.0,1.0,1.0
newsqa,7,"[45, 15, 20, 35, 25, 70, 140]",0.0,0.6666666666666666,1.0
newsqa,7,"[45, 15, 20, 70, 25, 35, 140]",1.0,1.0,1.0
newsqa,7,"[45, 15, 20, 70, 35, 25, 140]",0.0,0.6666666666666666,1.0
newsqa,7,"[45, 15, 25, 20, 140, 70, 35]",0.0,0.0,1.0
newsqa,7,"[45, 15, 25, 35, 20, 140, 70]",0.5,0.5,1.0
newsqa,7,"[45, 15, 25, 70, 35, 140, 20]",0.0,0.0,0.0
newsqa,7,"[45, 15, 25, 70, 35, 20, 140]",0.5,0.5,1.0
newsqa,7,"[45, 15, 35, 140, 20, 70, 25]",0.0,0.0,0.0
newsqa,7,"[45, 15, 70, 20, 140, 25, 35]",0.0,0.0,0.0
newsqa,7,"[45, 15, 70, 20, 25, 140, 35]",0.0,0.0,1.0
newsqa,7,"[45, 15, 70, 20, 25, 35, 140]",0.0,0.4,1.0
newsqa,7,"[45, 15, 70, 20, 35, 25, 140]",1.0,1.0,1.0
newsqa,7,"[45, 15, 70, 25, 20, 35, 140]",0.0,0.12903225806451613,1.0
newsqa,7,"[45, 20, 140, 25, 15, 70, 35]",0.0,0.0,0.0
newsqa,7,"[45, 20, 140, 70, 15, 25, 35]",0.0,0.0,1.0
newsqa,7,"[45, 20, 140, 70, 25, 35, 15]",0.0,0.0,1.0
newsqa,7,"[45, 20, 140, 70, 35, 25, 15]",0.0,0.8571428571428571,1.0
newsqa,7,"[45, 20, 15, 35, 140, 70, 25]",0.0,0.0,1.0
newsqa,7,"[45, 20, 25, 140, 35, 70, 15]",0.0,0.0,1.0
newsqa,7,"[45, 20, 25, 15, 140, 70, 35]",0.0,0.0,1.0
newsqa,7,"[45, 20, 25, 15, 35, 70, 140]",0.0,0.11428571428571428,1.0
newsqa,7,"[45, 20, 25, 35, 140, 70, 15]",0.0,0.0,1.0
newsqa,7,"[45, 20, 25, 35, 15, 70, 140]",0.5,0.7692307692307693,1.0
newsqa,7,"[45, 20, 25, 70, 140, 15, 35]",1.0,1.0,1.0
newsqa,7,"[45, 20, 35, 15, 70, 25, 140]",0.0,0.0,1.0
newsqa,7,"[45, 20, 35, 25, 140, 70, 15]",0.0,0.8,1.0
newsqa,7,"[45, 20, 35, 70, 140, 15, 25]",0.0,0.0,0.0
newsqa,7,"[45, 20, 35, 70, 25, 140, 15]",0.0,0.0,1.0
newsqa,7,"[45, 20, 70, 25, 35, 140, 15]",0.0,0.0,1.0
newsqa,7,"[45, 20, 70, 35, 140, 15, 25]",0.0,0.0,0.0
newsqa,7,"[45, 25, 140, 15, 35, 20, 70]",0.0,0.0,0.0
newsqa,7,"[45, 25, 140, 35, 20, 15, 70]",0.0,0.0,1.0
newsqa,7,"[45, 25, 140, 35, 20, 70, 15]",0.0,0.0,0.0
newsqa,7,"[45, 25, 140, 70, 15, 20, 35]",0.0,0.0,0.0
newsqa,7,"[45, 25, 15, 140, 35, 70, 20]",1.0,1.0,1.0
newsqa,7,"[45, 25, 15, 20, 140, 70, 35]",1.0,1.0,1.0
newsqa,7,"[45, 25, 15, 20, 35, 140, 70]",1.0,1.0,1.0
newsqa,7,"[45, 25, 15, 35, 20, 70, 140]",1.0,1.0,1.0
newsqa,7,"[45, 25, 15, 70, 140, 20, 35]",1.0,1.0,1.0
newsqa,7,"[45, 25, 15, 70, 20, 140, 35]",1.0,1.0,1.0
newsqa,7,"[45, 25, 20, 15, 140, 35, 70]",0.0,0.0,1.0
newsqa,7,"[45, 25, 20, 15, 70, 140, 35]",0.0,0.0,1.0
newsqa,7,"[45, 25, 20, 35, 70, 15, 140]",0.0,0.0,1.0
newsqa,7,"[45, 25, 20, 70, 35, 15, 140]",0.0,0.0,0.0
newsqa,7,"[45, 25, 35, 15, 140, 70, 20]",0.0,0.1818181818181818,1.0
newsqa,7,"[45, 25, 35, 15, 70, 140, 20]",0.0,0.2857142857142857,1.0
newsqa,7,"[45, 25, 35, 20, 70, 140, 15]",0.0,0.0,1.0
newsqa,7,"[45, 25, 70, 15, 35, 20, 140]",0.0,0.0,0.0
newsqa,7,"[45, 25, 70, 20, 15, 140, 35]",0.0,0.6666666666666666,1.0
newsqa,7,"[45, 35, 140, 20, 15, 70, 25]",0.0,0.0,0.0
newsqa,7,"[45, 35, 140, 25, 15, 70, 20]",1.0,1.0,1.0
newsqa,7,"[45, 35, 140, 70, 25, 15, 20]",0.0,0.888888888888889,1.0
newsqa,7,"[45, 35, 20, 15, 140, 70, 25]",0.0,0.060606060606060615,0.0
newsqa,7,"[45, 35, 20, 25, 140, 15, 70]",0.0,0.0,1.0
newsqa,7,"[45, 35, 20, 25, 140, 70, 15]",0.0,0.06666666666666667,1.0
newsqa,7,"[45, 35, 20, 25, 70, 140, 15]",0.0,0.45161290322580644,1.0
newsqa,7,"[45, 35, 20, 70, 15, 140, 25]",0.0,0.6666666666666666,1.0
newsqa,7,"[45, 35, 20, 70, 25, 140, 15]",0.0,0.0,1.0
newsqa,7,"[45, 35, 25, 140, 15, 20, 70]",0.0,0.2857142857142857,1.0
newsqa,7,"[45, 35, 25, 15, 140, 20, 70]",0.0,0.0,0.0
newsqa,7,"[45, 35, 25, 15, 20, 140, 70]",0.0,0.0,0.0
newsqa,7,"[45, 35, 25, 15, 70, 140, 20]",0.0,0.28571428571428575,1.0
newsqa,7,"[45, 35, 25, 70, 140, 20, 15]",0.0,0.0,1.0
newsqa,7,"[45, 35, 25, 70, 20, 140, 15]",0.0,0.0,1.0
newsqa,7,"[45, 35, 70, 140, 20, 25, 15]",0.0,0.6666666666666666,1.0
newsqa,7,"[45, 35, 70, 15, 140, 25, 20]",1.0,1.0,1.0
newsqa,7,"[45, 35, 70, 25, 140, 20, 15]",0.0,0.0,1.0
newsqa,7,"[45, 35, 70, 25, 20, 15, 140]",0.0,0.0,1.0
newsqa,7,"[45, 70, 140, 20, 35, 15, 25]",0.0,0.0,1.0
newsqa,7,"[45, 70, 140, 20, 35, 25, 15]",0.6666666666666666,0.6666666666666666,0.6666666666666666
newsqa,7,"[45, 70, 140, 25, 15, 35, 20]",0.0,0.0,1.0
newsqa,7,"[45, 70, 140, 35, 15, 20, 25]",0.0,0.0,1.0
newsqa,7,"[45, 70, 140, 35, 25, 15, 20]",0.0,0.0,1.0
newsqa,7,"[45, 70, 15, 140, 35, 20, 25]",0.0,0.0,0.0
newsqa,7,"[45, 70, 15, 20, 140, 35, 25]",0.0,0.06666666666666668,1.0
newsqa,7,"[45, 70, 15, 20, 35, 140, 25]",0.0,0.0,1.0
newsqa,7,"[45, 70, 15, 25, 140, 35, 20]",0.0,0.2608695652173913,1.0
newsqa,7,"[45, 70, 15, 35, 20, 25, 140]",0.0,0.1111111111111111,1.0
newsqa,7,"[45, 70, 15, 35, 25, 140, 20]",0.0,0.06666666666666668,1.0
newsqa,7,"[45, 70, 20, 140, 15, 35, 25]",1.0,1.0,1.0
newsqa,7,"[45, 70, 20, 140, 35, 25, 15]",0.0,0.0,1.0
newsqa,7,"[45, 70, 20, 15, 25, 35, 140]",0.0,0.0,1.0
newsqa,7,"[45, 70, 20, 25, 35, 140, 15]",0.0,0.5,1.0
newsqa,7,"[45, 70, 20, 25, 35, 15, 140]",0.0,0.0,0.0
newsqa,7,"[45, 70, 25, 140, 15, 20, 35]",0.0,0.0,1.0
newsqa,7,"[45, 70, 25, 20, 140, 15, 35]",1.0,1.0,1.0
newsqa,7,"[45, 70, 25, 20, 15, 35, 140]",0.0,0.8571428571428571,1.0
newsqa,7,"[45, 70, 25, 35, 140, 20, 15]",0.0,0.0,0.0
newsqa,7,"[45, 70, 35, 140, 15, 20, 25]",0.5,0.5,1.0
newsqa,7,"[45, 70, 35, 140, 15, 25, 20]",0.0,0.0,1.0
newsqa,7,"[45, 70, 35, 140, 25, 20, 15]",1.0,1.0,1.0
newsqa,7,"[45, 70, 35, 20, 140, 15, 25]",0.0,0.14285714285714288,1.0
newsqa,7,"[45, 70, 35, 20, 140, 25, 15]",0.0,0.0,0.0
newsqa,7,"[45, 70, 35, 20, 15, 140, 25]",0.0,0.0,0.0
newsqa,7,"[70, 140, 15, 25, 45, 35, 20]",0.0,0.0,1.0
newsqa,7,"[70, 140, 15, 35, 25, 20, 45]",0.0,0.0,0.0
newsqa,7,"[70, 140, 15, 45, 20, 25, 35]",0.0,0.0,1.0
newsqa,7,"[70, 140, 20, 35, 15, 25, 45]",0.0,0.0,0.0
newsqa,7,"[70, 140, 20, 45, 25, 15, 35]",0.0,0.07407407407407407,1.0
newsqa,7,"[70, 140, 20, 45, 35, 25, 15]",0.0,0.0,1.0
newsqa,7,"[70, 140, 25, 20, 15, 35, 45]",0.0,0.0,1.0
newsqa,7,"[70, 140, 25, 35, 15, 45, 20]",1.0,1.0,1.0
newsqa,7,"[70, 140, 25, 35, 20, 15, 45]",0.0,0.1818181818181818,1.0
newsqa,7,"[70, 140, 35, 15, 25, 20, 45]",0.0,0.0,1.0
newsqa,7,"[70, 140, 35, 15, 25, 45, 20]",0.0,0.0,1.0
newsqa,7,"[70, 140, 35, 25, 45, 20, 15]",0.0,0.0,1.0
newsqa,7,"[70, 140, 35, 45, 25, 20, 15]",0.0,0.0,0.0
newsqa,7,"[70, 140, 45, 20, 15, 25, 35]",0.0,0.0,1.0
newsqa,7,"[70, 140, 45, 20, 35, 25, 15]",1.0,1.0,1.0
newsqa,7,"[70, 15, 140, 20, 45, 35, 25]",0.0,0.0,1.0
newsqa,7,"[70, 15, 140, 25, 45, 20, 35]",1.0,1.0,1.0
newsqa,7,"[70, 15, 140, 35, 25, 45, 20]",0.0,0.0,1.0
newsqa,7,"[70, 15, 140, 45, 25, 35, 20]",0.0,0.06666666666666667,0.0
newsqa,7,"[70, 15, 20, 140, 45, 35, 25]",0.0,0.0,0.0
newsqa,7,"[70, 15, 20, 25, 140, 35, 45]",0.0,0.0,0.5
newsqa,7,"[70, 15, 20, 35, 45, 25, 140]",1.0,1.0,1.0
newsqa,7,"[70, 15, 25, 140, 20, 45, 35]",0.0,0.0,1.0
newsqa,7,"[70, 15, 25, 140, 45, 20, 35]",1.0,1.0,1.0
newsqa,7,"[70, 15, 25, 140, 45, 35, 20]",0.0,0.08333333333333333,1.0
newsqa,7,"[70, 15, 25, 20, 45, 35, 140]",0.0,0.5,1.0
newsqa,7,"[70, 15, 25, 35, 140, 20, 45]",0.0,0.0,1.0
newsqa,7,"[70, 15, 25, 45, 140, 20, 35]",0.0,0.0,1.0
newsqa,7,"[70, 15, 25, 45, 35, 20, 140]",0.0,0.0,0.0
newsqa,7,"[70, 15, 35, 140, 45, 20, 25]",0.0,0.0,0.0
newsqa,7,"[70, 15, 35, 25, 20, 140, 45]",0.5,0.5,0.5
newsqa,7,"[70, 15, 45, 140, 20, 35, 25]",0.0,0.0,0.0
newsqa,7,"[70, 15, 45, 25, 20, 140, 35]",0.0,0.0,0.0
newsqa,7,"[70, 20, 140, 15, 25, 35, 45]",0.0,0.0,0.0
newsqa,7,"[70, 20, 140, 15, 45, 25, 35]",0.0,0.5,1.0
newsqa,7,"[70, 20, 140, 25, 15, 45, 35]",0.0,0.0,1.0
newsqa,7,"[70, 20, 140, 25, 45, 35, 15]",0.0,0.0,1.0
newsqa,7,"[70, 20, 140, 35, 15, 45, 25]",1.0,1.0,1.0
newsqa,7,"[70, 20, 140, 35, 45, 15, 25]",0.0,0.0,1.0
newsqa,7,"[70, 20, 140, 45, 25, 35, 15]",0.0,0.0,1.0
newsqa,7,"[70, 20, 15, 140, 25, 35, 45]",0.0,0.0,0.0
newsqa,7,"[70, 20, 15, 140, 35, 45, 25]",1.0,1.0,1.0
newsqa,7,"[70, 20, 15, 25, 35, 140, 45]",0.0,0.0,0.0
newsqa,7,"[70, 20, 15, 35, 25, 140, 45]",0.5,0.5,0.5
newsqa,7,"[70, 20, 15, 35, 45, 25, 140]",1.0,1.0,1.0
newsqa,7,"[70, 20, 15, 45, 25, 35, 140]",0.0,0.0,0.0
newsqa,7,"[70, 20, 25, 140, 15, 45, 35]",0.0,0.0,1.0
newsqa,7,"[70, 20, 25, 15, 45, 140, 35]",1.0,1.0,1.0
newsqa,7,"[70, 20, 25, 35, 140, 15, 45]",0.0,0.14285714285714288,1.0
newsqa,7,"[70, 20, 25, 45, 140, 15, 35]",0.0,0.0,1.0
newsqa,7,"[70, 20, 25, 45, 15, 140, 35]",0.0,0.0,0.0
newsqa,7,"[70, 20, 35, 140, 15, 45, 25]",0.0,0.0,1.0
newsqa,7,"[70, 20, 35, 140, 25, 15, 45]",0.0,0.0,0.0
newsqa,7,"[70, 20, 35, 15, 140, 45, 25]",0.0,0.0,0.0
newsqa,7,"[70, 20, 35, 25, 140, 15, 45]",0.0,0.0,0.5
newsqa,7,"[70, 20, 35, 25, 45, 140, 15]",0.0,0.0,1.0
newsqa,7,"[70, 20, 35, 45, 15, 25, 140]",0.0,0.0,1.0
newsqa,7,"[70, 20, 35, 45, 25, 140, 15]",0.0,0.0,1.0
newsqa,7,"[70, 20, 45, 140, 15, 25, 35]",0.0,0.0,0.0
newsqa,7,"[70, 20, 45, 140, 25, 35, 15]",0.0,0.0,0.0
newsqa,7,"[70, 20, 45, 15, 35, 25, 140]",0.0,0.4444444444444445,1.0
newsqa,7,"[70, 20, 45, 25, 35, 15, 140]",0.0,0.0,1.0
newsqa,7,"[70, 20, 45, 35, 15, 140, 25]",1.0,1.0,1.0
newsqa,7,"[70, 20, 45, 35, 25, 140, 15]",0.0,0.0,1.0
newsqa,7,"[70, 20, 45, 35, 25, 15, 140]",0.0,0.0,1.0
newsqa,7,"[70, 25, 140, 15, 20, 35, 45]",1.0,1.0,1.0
newsqa,7,"[70, 25, 140, 15, 35, 20, 45]",0.0,0.0,1.0
newsqa,7,"[70, 25, 140, 20, 35, 45, 15]",0.0,0.3333333333333333,0.5
newsqa,7,"[70, 25, 140, 45, 35, 20, 15]",1.0,1.0,1.0
newsqa,7,"[70, 25, 15, 140, 20, 45, 35]",1.0,1.0,1.0
newsqa,7,"[70, 25, 15, 35, 45, 140, 20]",0.0,0.0,1.0
newsqa,7,"[70, 25, 15, 45, 20, 140, 35]",0.0,0.0,1.0
newsqa,7,"[70, 25, 15, 45, 20, 35, 140]",0.0,0.0,0.0
newsqa,7,"[70, 25, 20, 140, 15, 45, 35]",0.0,0.25,0.5
newsqa,7,"[70, 25, 20, 140, 35, 45, 15]",0.0,0.0,0.0
newsqa,7,"[70, 25, 20, 15, 140, 45, 35]",0.0,0.0,0.0
newsqa,7,"[70, 25, 20, 35, 45, 15, 140]",0.3333333333333333,0.3333333333333333,0.6666666666666666
newsqa,7,"[70, 25, 20, 45, 140, 15, 35]",0.0,0.0,0.0
newsqa,7,"[70, 25, 35, 140, 20, 45, 15]",0.0,0.0,1.0
newsqa,7,"[70, 25, 35, 140, 45, 15, 20]",0.0,0.49627791563275436,1.0
newsqa,7,"[70, 25, 35, 20, 15, 140, 45]",0.0,0.0,1.0
newsqa,7,"[70, 25, 35, 20, 15, 45, 140]",0.5,0.5,1.0
newsqa,7,"[70, 25, 35, 45, 140, 20, 15]",0.0,0.0,0.5
newsqa,7,"[70, 25, 35, 45, 20, 140, 15]",0.0,0.0,1.0
newsqa,7,"[70, 25, 45, 140, 15, 20, 35]",0.0,0.0,0.0
newsqa,7,"[70, 25, 45, 15, 35, 20, 140]",0.0,0.0,0.0
newsqa,7,"[70, 25, 45, 35, 140, 20, 15]",0.0,0.0,1.0
newsqa,7,"[70, 25, 45, 35, 15, 20, 140]",0.0,0.0,1.0
newsqa,7,"[70, 35, 140, 20, 25, 45, 15]",0.0,0.0,0.0
newsqa,7,"[70, 35, 140, 25, 15, 20, 45]",0.0,0.1702127659574468,1.0
newsqa,7,"[70, 35, 140, 25, 20, 45, 15]",0.0,0.0,0.0
newsqa,7,"[70, 35, 140, 25, 45, 20, 15]",0.0,0.0,1.0
newsqa,7,"[70, 35, 140, 45, 20, 15, 25]",0.0,0.25,0.5
newsqa,7,"[70, 35, 140, 45, 20, 25, 15]",0.0,0.0,0.0
newsqa,7,"[70, 35, 140, 45, 25, 20, 15]",0.0,0.0,1.0
newsqa,7,"[70, 35, 15, 25, 20, 45, 140]",1.0,1.0,1.0
newsqa,7,"[70, 35, 15, 25, 45, 140, 20]",0.0,0.0,0.0
newsqa,7,"[70, 35, 15, 45, 140, 20, 25]",1.0,1.0,1.0
newsqa,7,"[70, 35, 15, 45, 20, 140, 25]",0.0,0.0,1.0
newsqa,7,"[70, 35, 20, 140, 15, 45, 25]",0.0,0.2857142857142857,1.0
newsqa,7,"[70, 35, 20, 140, 25, 15, 45]",1.0,1.0,1.0
newsqa,7,"[70, 35, 20, 15, 140, 45, 25]",0.5,0.5,1.0
newsqa,7,"[70, 35, 20, 15, 25, 140, 45]",0.0,0.0,1.0
newsqa,7,"[70, 35, 20, 15, 45, 140, 25]",0.0,0.0,1.0
newsqa,7,"[70, 35, 20, 25, 140, 15, 45]",1.0,1.0,1.0
newsqa,7,"[70, 35, 25, 140, 15, 45, 20]",0.0,0.0,1.0
newsqa,7,"[70, 35, 25, 140, 20, 45, 15]",0.0,0.0,1.0
newsqa,7,"[70, 35, 25, 140, 45, 20, 15]",0.0,0.0,0.0
newsqa,7,"[70, 35, 25, 15, 45, 140, 20]",1.0,1.0,1.0
newsqa,7,"[70, 35, 25, 20, 140, 45, 15]",0.0,0.02380952380952381,1.0
newsqa,7,"[70, 35, 25, 45, 140, 15, 20]",0.0,0.0,1.0
newsqa,7,"[70, 35, 45, 140, 15, 20, 25]",0.0,0.5,1.0
newsqa,7,"[70, 35, 45, 15, 140, 25, 20]",0.0,0.0,0.0
newsqa,7,"[70, 35, 45, 15, 25, 140, 20]",0.0,0.2857142857142857,1.0
newsqa,7,"[70, 35, 45, 20, 140, 25, 15]",1.0,1.0,1.0
newsqa,7,"[70, 35, 45, 25, 20, 140, 15]",0.0,0.0,0.0
newsqa,7,"[70, 45, 140, 20, 15, 35, 25]",0.0,0.0,1.0
newsqa,7,"[70, 45, 140, 35, 15, 20, 25]",0.0,0.0,1.0
newsqa,7,"[70, 45, 140, 35, 15, 25, 20]",0.0,0.0,0.0
newsqa,7,"[70, 45, 140, 35, 20, 15, 25]",1.0,1.0,1.0
newsqa,7,"[70, 45, 15, 35, 20, 25, 140]",0.0,0.0,0.0
newsqa,7,"[70, 45, 20, 140, 15, 25, 35]",1.0,1.0,1.0
newsqa,7,"[70, 45, 20, 35, 140, 15, 25]",0.0,0.0,1.0
newsqa,7,"[70, 45, 25, 140, 20, 35, 15]",0.0,0.4827586206896552,1.0
newsqa,7,"[70, 45, 25, 15, 140, 35, 20]",0.0,0.0,0.0
newsqa,7,"[70, 45, 25, 15, 35, 140, 20]",0.0,0.0,1.0
newsqa,7,"[70, 45, 25, 20, 35, 140, 15]",0.0,0.0,0.0
newsqa,7,"[70, 45, 35, 140, 15, 20, 25]",1.0,1.0,1.0
newsqa,7,"[70, 45, 35, 15, 140, 20, 25]",0.0,0.0,1.0
newsqa,7,"[70, 45, 35, 15, 140, 25, 20]",1.0,1.0,1.0
newsqa,7,"[70, 45, 35, 15, 20, 140, 25]",0.0,0.0,1.0
newsqa,7,"[70, 45, 35, 20, 15, 140, 25]",0.0,0.0,1.0
newsqa,7,"[70, 45, 35, 20, 25, 15, 140]",0.0,0.0,0.0
newsqa,7,"[70, 45, 35, 25, 20, 140, 15]",0.0,0.0,0.5
squad,3,"[190, 70, 90]",0.5555555555555556,0.6179005205320995,0.8421052631578947
squad,3,"[190, 90, 70]",0.5136986301369864,0.5678768839907989,0.821917808219178
squad,3,"[70, 190, 90]",0.44021739130434784,0.49559035735506324,0.8532608695652174
squad,3,"[70, 90, 190]",0.4166666666666667,0.48248837582170917,0.8555555555555555
squad,3,"[90, 190, 70]",0.4276315789473684,0.4890414648280781,0.875
squad,3,"[90, 70, 190]",0.4311377245508982,0.4954074307525301,0.8502994011976048
squad,5,"[150, 30, 40, 50, 80]",0.4,0.4,0.8
squad,5,"[150, 30, 40, 80, 50]",0.5714285714285714,0.6428571428571429,1.0
squad,5,"[150, 30, 50, 40, 80]",0.5833333333333334,0.6583333333333333,0.9166666666666666
squad,5,"[150, 30, 50, 80, 40]",0.3333333333333333,0.537037037037037,1.0
squad,5,"[150, 30, 80, 40, 50]",0.875,0.875,0.875
squad,5,"[150, 30, 80, 50, 40]",0.3333333333333333,0.3333333333333333,0.8333333333333334
squad,5,"[150, 40, 30, 50, 80]",0.3,0.4333333333333333,0.8
squad,5,"[150, 40, 30, 80, 50]",0.5555555555555556,0.6349206349206349,0.8888888888888888
squad,5,"[150, 40, 50, 30, 80]",0.5454545454545454,0.6242424242424242,0.7272727272727273
squad,5,"[150, 40, 50, 80, 30]",0.5,0.5,1.0
squad,5,"[150, 40, 80, 30, 50]",0.375,0.475,0.875
squad,5,"[150, 40, 80, 50, 30]",0.8333333333333334,0.8333333333333334,1.0
squad,5,"[150, 50, 30, 40, 80]",0.25,0.25,1.0
squad,5,"[150, 50, 30, 80, 40]",0.42857142857142855,0.44155844155844154,0.7142857142857143
squad,5,"[150, 50, 40, 30, 80]",0.5714285714285714,0.6571428571428571,0.8571428571428571
squad,5,"[150, 50, 40, 80, 30]",0.25,0.40476190476190477,1.0
squad,5,"[150, 50, 80, 30, 40]",0.45454545454545453,0.5064935064935064,0.9090909090909091
squad,5,"[150, 50, 80, 40, 30]",0.5,0.5,0.75
squad,5,"[150, 80, 30, 40, 50]",0.6363636363636364,0.8303030303030302,0.8181818181818182
squad,5,"[150, 80, 30, 50, 40]",0.25,0.3333333333333333,0.875
squad,5,"[150, 80, 40, 30, 50]",0.6666666666666666,0.717948717948718,0.9166666666666666
squad,5,"[150, 80, 40, 50, 30]",0.4444444444444444,0.5333333333333333,1.0
squad,5,"[150, 80, 50, 30, 40]",0.45454545454545453,0.45454545454545453,0.9090909090909091
squad,5,"[150, 80, 50, 40, 30]",0.8571428571428571,0.9142857142857144,1.0
squad,5,"[30, 150, 40, 50, 80]",0.375,0.3875,0.9375
squad,5,"[30, 150, 40, 80, 50]",0.3333333333333333,0.3333333333333333,1.0
squad,5,"[30, 150, 50, 40, 80]",0.4,0.4666666666666666,0.6
squad,5,"[30, 150, 50, 80, 40]",0.3333333333333333,0.3333333333333333,0.7777777777777778
squad,5,"[30, 150, 80, 40, 50]",0.375,0.375,1.0
squad,5,"[30, 150, 80, 50, 40]",0.0,0.08333333333333333,1.0
squad,5,"[30, 40, 150, 50, 80]",0.25,0.32936507936507936,0.8333333333333334
squad,5,"[30, 40, 150, 80, 50]",0.23076923076923078,0.3333333333333333,0.6923076923076923
squad,5,"[30, 40, 50, 150, 80]",0.18181818181818182,0.32887700534759357,0.9090909090909091
squad,5,"[30, 40, 50, 80, 150]",0.2857142857142857,0.38095238095238093,0.9285714285714286
squad,5,"[30, 40, 80, 150, 50]",0.16666666666666666,0.24242424242424243,0.6666666666666666
squad,5,"[30, 40, 80, 50, 150]",0.45454545454545453,0.5878787878787879,1.0
squad,5,"[30, 50, 150, 40, 80]",0.1,0.2,0.9
squad,5,"[30, 50, 150, 80, 40]",0.0,0.0,0.7
squad,5,"[30, 50, 40, 150, 80]",0.1111111111111111,0.15555555555555556,1.0
squad,5,"[30, 50, 40, 80, 150]",0.42857142857142855,0.4630952380952381,0.9285714285714286
squad,5,"[30, 50, 80, 150, 40]",0.2857142857142857,0.2857142857142857,0.8571428571428571
squad,5,"[30, 50, 80, 40, 150]",0.1111111111111111,0.2619047619047619,0.7777777777777778
squad,5,"[30, 80, 150, 40, 50]",0.25,0.25,1.0
squad,5,"[30, 80, 150, 50, 40]",0.3333333333333333,0.4166666666666667,0.8333333333333334
squad,5,"[30, 80, 40, 150, 50]",0.0,0.0,1.0
squad,5,"[30, 80, 40, 50, 150]",0.4444444444444444,0.4444444444444444,0.8888888888888888
squad,5,"[30, 80, 50, 150, 40]",0.4444444444444444,0.5,1.0
squad,5,"[30, 80, 50, 40, 150]",0.3333333333333333,0.3796296296296296,0.8333333333333334
squad,5,"[40, 150, 30, 50, 80]",0.3333333333333333,0.4166666666666667,0.8333333333333334
squad,5,"[40, 150, 30, 80, 50]",0.0,0.07777777777777778,0.8333333333333334
squad,5,"[40, 150, 50, 30, 80]",0.3,0.3,1.0
squad,5,"[40, 150, 50, 80, 30]",0.0,0.0,0.6666666666666666
squad,5,"[40, 150, 80, 30, 50]",0.8,0.8,1.0
squad,5,"[40, 150, 80, 50, 30]",0.3076923076923077,0.33247863247863246,0.9230769230769231
squad,5,"[40, 30, 150, 50, 80]",0.3333333333333333,0.3333333333333333,1.0
squad,5,"[40, 30, 150, 80, 50]",0.3,0.36666666666666664,1.0
squad,5,"[40, 30, 50, 150, 80]",0.2,0.25,0.6
squad,5,"[40, 30, 50, 80, 150]",0.14285714285714285,0.3333333333333333,0.8571428571428571
squad,5,"[40, 30, 80, 150, 50]",0.3333333333333333,0.4074074074074074,1.0
squad,5,"[40, 30, 80, 50, 150]",0.4,0.4,1.0
squad,5,"[40, 50, 150, 30, 80]",0.75,0.75,1.0
squad,5,"[40, 50, 150, 80, 30]",0.5714285714285714,0.5714285714285714,1.0
squad,5,"[40, 50, 30, 150, 80]",0.5,0.5,1.0
squad,5,"[40, 50, 30, 80, 150]",0.4166666666666667,0.4166666666666667,0.9166666666666666
squad,5,"[40, 50, 80, 150, 30]",0.3333333333333333,0.3333333333333333,1.0
squad,5,"[40, 50, 80, 30, 150]",0.0,0.0,0.8
squad,5,"[40, 80, 150, 30, 50]",0.16666666666666666,0.16666666666666666,0.6666666666666666
squad,5,"[40, 80, 150, 50, 30]",0.3333333333333333,0.3333333333333333,0.6666666666666666
squad,5,"[40, 80, 30, 150, 50]",0.3333333333333333,0.34,1.0
squad,5,"[40, 80, 30, 50, 150]",0.1111111111111111,0.1111111111111111,0.8888888888888888
squad,5,"[40, 80, 50, 150, 30]",0.5,0.5128205128205128,1.0
squad,5,"[40, 80, 50, 30, 150]",0.2857142857142857,0.2857142857142857,1.0
squad,5,"[50, 150, 30, 40, 80]",0.45454545454545453,0.5064935064935064,0.8181818181818182
squad,5,"[50, 150, 30, 80, 40]",0.2222222222222222,0.2777777777777778,1.0
squad,5,"[50, 150, 40, 30, 80]",0.5454545454545454,0.5454545454545454,0.9090909090909091
squad,5,"[50, 150, 40, 80, 30]",0.3333333333333333,0.3333333333333333,0.6666666666666666
squad,5,"[50, 150, 80, 30, 40]",0.2222222222222222,0.28571428571428575,0.7777777777777778
squad,5,"[50, 150, 80, 40, 30]",0.35294117647058826,0.42156862745098034,0.8235294117647058
squad,5,"[50, 30, 150, 40, 80]",0.4166666666666667,0.43333333333333335,0.9166666666666666
squad,5,"[50, 30, 150, 80, 40]",0.2727272727272727,0.39999999999999997,0.7272727272727273
squad,5,"[50, 30, 40, 150, 80]",0.23076923076923078,0.2742914979757085,0.9230769230769231
squad,5,"[50, 30, 40, 80, 150]",0.14285714285714285,0.14285714285714285,0.8571428571428571
squad,5,"[50, 30, 80, 150, 40]",0.0,0.06666666666666667,0.7
squad,5,"[50, 30, 80, 40, 150]",0.125,0.15,0.875
squad,5,"[50, 40, 150, 30, 80]",0.2,0.26666666666666666,0.9
squad,5,"[50, 40, 150, 80, 30]",0.6666666666666666,0.7037037037037037,1.0
squad,5,"[50, 40, 30, 150, 80]",0.25,0.25,1.0
squad,5,"[50, 40, 30, 80, 150]",0.5,0.7454212454212454,1.0
squad,5,"[50, 40, 80, 150, 30]",0.25,0.25,1.0
squad,5,"[50, 40, 80, 30, 150]",0.2,0.26666666666666666,0.8
squad,5,"[50, 80, 150, 30, 40]",0.3,0.36666666666666664,0.9
squad,5,"[50, 80, 150, 40, 30]",0.125,0.3194444444444444,1.0
squad,5,"[50, 80, 30, 150, 40]",0.3,0.38571428571428573,0.9
squad,5,"[50, 80, 30, 40, 150]",0.125,0.18541666666666667,0.875
squad,5,"[50, 80, 40, 150, 30]",0.42857142857142855,0.42857142857142855,1.0
squad,5,"[50, 80, 40, 30, 150]",0.42857142857142855,0.42857142857142855,1.0
squad,5,"[80, 150, 30, 40, 50]",0.5714285714285714,0.6285714285714287,0.8571428571428571
squad,5,"[80, 150, 30, 50, 40]",0.25,0.3333333333333333,0.875
squad,5,"[80, 150, 40, 30, 50]",0.5,0.5,1.0
squad,5,"[80, 150, 40, 50, 30]",0.375,0.375,0.75
squad,5,"[80, 150, 50, 30, 40]",0.5,0.5760869565217391,1.0
squad,5,"[80, 150, 50, 40, 30]",0.2222222222222222,0.2888888888888889,0.7777777777777778
squad,5,"[80, 30, 150, 40, 50]",0.6,0.6,1.0
squad,5,"[80, 30, 150, 50, 40]",0.2857142857142857,0.4523809523809524,0.7142857142857143
squad,5,"[80, 30, 40, 150, 50]",0.14285714285714285,0.3333333333333333,1.0
squad,5,"[80, 30, 40, 50, 150]",0.375,0.48333333333333334,1.0
squad,5,"[80, 30, 50, 150, 40]",0.5,0.5833333333333334,0.9166666666666666
squad,5,"[80, 30, 50, 40, 150]",0.5,0.5,0.5
squad,5,"[80, 40, 150, 30, 50]",0.16666666666666666,0.39814814814814814,1.0
squad,5,"[80, 40, 150, 50, 30]",0.25,0.25,1.0
squad,5,"[80, 40, 30, 150, 50]",0.6666666666666666,0.7818930041152263,1.0
squad,5,"[80, 40, 30, 50, 150]",0.3076923076923077,0.3076923076923077,0.8461538461538461
squad,5,"[80, 40, 50, 150, 30]",0.16666666666666666,0.3511904761904762,0.8333333333333334
squad,5,"[80, 40, 50, 30, 150]",0.5,0.5,1.0
squad,5,"[80, 50, 150, 30, 40]",0.5,0.5,1.0
squad,5,"[80, 50, 150, 40, 30]",0.2857142857142857,0.2857142857142857,0.8571428571428571
squad,5,"[80, 50, 30, 150, 40]",0.2727272727272727,0.2727272727272727,0.9090909090909091
squad,5,"[80, 50, 30, 40, 150]",0.5833333333333334,0.5961538461538461,1.0
squad,5,"[80, 50, 40, 150, 30]",0.2857142857142857,0.2976190476190476,0.8571428571428571
squad,5,"[80, 50, 40, 30, 150]",0.5,0.5,1.0
squad,7,"[140, 15, 20, 25, 70, 45, 35]",1.0,1.0,1.0
squad,7,"[140, 15, 20, 35, 45, 70, 25]",0.0,0.6666666666666666,1.0
squad,7,"[140, 15, 20, 35, 70, 45, 25]",0.0,0.0,1.0
squad,7,"[140, 15, 20, 45, 35, 25, 70]",1.0,1.0,1.0
squad,7,"[140, 15, 20, 70, 35, 45, 25]",1.0,1.0,1.0
squad,7,"[140, 15, 25, 20, 45, 35, 70]",0.0,0.6666666666666666,1.0
squad,7,"[140, 15, 25, 45, 35, 70, 20]",0.0,0.5277777777777778,1.0
squad,7,"[140, 15, 35, 20, 25, 70, 45]",1.0,1.0,1.0
squad,7,"[140, 15, 35, 25, 70, 45, 20]",1.0,1.0,1.0
squad,7,"[140, 15, 35, 45, 25, 20, 70]",1.0,1.0,1.0
squad,7,"[140, 15, 35, 70, 20, 45, 25]",0.0,0.0,1.0
squad,7,"[140, 15, 45, 20, 70, 25, 35]",0.0,0.0,0.0
squad,7,"[140, 15, 45, 35, 70, 25, 20]",1.0,1.0,1.0
squad,7,"[140, 15, 70, 25, 20, 45, 35]",1.0,1.0,1.0
squad,7,"[140, 15, 70, 25, 45, 20, 35]",0.0,0.0,1.0
squad,7,"[140, 15, 70, 35, 20, 25, 45]",1.0,1.0,1.0
squad,7,"[140, 20, 15, 25, 35, 70, 45]",0.0,0.28571428571428575,1.0
squad,7,"[140, 20, 15, 35, 25, 45, 70]",0.0,0.6666666666666666,1.0
squad,7,"[140, 20, 15, 35, 25, 70, 45]",0.0,0.0,1.0
squad,7,"[140, 20, 15, 45, 25, 35, 70]",1.0,1.0,1.0
squad,7,"[140, 20, 15, 45, 25, 70, 35]",1.0,1.0,1.0
squad,7,"[140, 20, 25, 15, 70, 45, 35]",0.0,0.8421052631578948,1.0
squad,7,"[140, 20, 25, 35, 45, 70, 15]",1.0,1.0,1.0
squad,7,"[140, 20, 25, 45, 70, 15, 35]",1.0,1.0,1.0
squad,7,"[140, 20, 25, 45, 70, 35, 15]",0.0,0.0,1.0
squad,7,"[140, 20, 25, 70, 35, 45, 15]",1.0,1.0,1.0
squad,7,"[140, 20, 35, 25, 15, 45, 70]",1.0,1.0,1.0
squad,7,"[140, 20, 45, 15, 70, 25, 35]",0.0,0.0,1.0
squad,7,"[140, 20, 45, 25, 70, 35, 15]",1.0,1.0,1.0
squad,7,"[140, 20, 45, 70, 15, 25, 35]",0.0,0.0,1.0
squad,7,"[140, 20, 70, 35, 15, 45, 25]",0.0,0.0,1.0
squad,7,"[140, 20, 70, 45, 35, 25, 15]",0.0,0.0,1.0
squad,7,"[140, 25, 15, 20, 35, 45, 70]",0.0,0.0,1.0
squad,7,"[140, 25, 15, 35, 70, 45, 20]",0.0,0.0,1.0
squad,7,"[140, 25, 15, 45, 20, 35, 70]",0.0,0.0,0.0
squad,7,"[140, 25, 15, 45, 70, 35, 20]",1.0,1.0,1.0
squad,7,"[140, 25, 15, 70, 20, 35, 45]",0.0,0.0,1.0
squad,7,"[140, 25, 15, 70, 35, 45, 20]",1.0,1.0,1.0
squad,7,"[140, 25, 20, 15, 70, 45, 35]",1.0,1.0,1.0
squad,7,"[140, 25, 20, 35, 45, 70, 15]",1.0,1.0,1.0
squad,7,"[140, 25, 20, 35, 70, 45, 15]",0.0,0.0,1.0
squad,7,"[140, 25, 20, 45, 70, 15, 35]",0.0,0.0,1.0
squad,7,"[140, 25, 20, 70, 45, 35, 15]",1.0,1.0,1.0
squad,7,"[140, 25, 35, 15, 20, 70, 45]",1.0,1.0,1.0
squad,7,"[140, 25, 35, 45, 15, 70, 20]",0.0,0.0,1.0
squad,7,"[140, 25, 35, 45, 70, 15, 20]",0.0,0.0,1.0
squad,7,"[140, 25, 45, 15, 20, 35, 70]",0.5,0.5,1.0
squad,7,"[140, 25, 45, 70, 20, 15, 35]",1.0,1.0,1.0
squad,7,"[140, 25, 70, 20, 45, 35, 15]",1.0,1.0,1.0
squad,7,"[140, 25, 70, 35, 15, 20, 45]",1.0,1.0,1.0
squad,7,"[140, 25, 70, 35, 45, 20, 15]",0.0,0.0,1.0
squad,7,"[140, 35, 15, 25, 20, 70, 45]",0.0,0.0,1.0
squad,7,"[140, 35, 15, 25, 45, 20, 70]",1.0,1.0,1.0
squad,7,"[140, 35, 15, 70, 45, 25, 20]",0.0,0.0,1.0
squad,7,"[140, 35, 20, 15, 70, 25, 45]",1.0,1.0,1.0
squad,7,"[140, 35, 20, 25, 15, 45, 70]",1.0,1.0,1.0
squad,7,"[140, 35, 20, 25, 45, 70, 15]",1.0,1.0,1.0
squad,7,"[140, 35, 20, 70, 15, 25, 45]",1.0,1.0,1.0
squad,7,"[140, 35, 20, 70, 25, 45, 15]",1.0,1.0,1.0
squad,7,"[140, 35, 25, 15, 45, 70, 20]",1.0,1.0,1.0
squad,7,"[140, 35, 25, 15, 70, 20, 45]",1.0,1.0,1.0
squad,7,"[140, 35, 25, 20, 70, 45, 15]",0.0,0.0,0.0
squad,7,"[140, 35, 25, 70, 20, 45, 15]",0.0,0.5,1.0
squad,7,"[140, 35, 25, 70, 45, 15, 20]",0.0,0.6666666666666666,1.0
squad,7,"[140, 35, 45, 20, 25, 70, 15]",0.0,0.0,0.5
squad,7,"[140, 35, 45, 20, 70, 25, 15]",1.0,1.0,1.0
squad,7,"[140, 35, 45, 70, 25, 15, 20]",1.0,1.0,1.0
squad,7,"[140, 35, 45, 70, 25, 20, 15]",1.0,1.0,1.0
squad,7,"[140, 35, 70, 20, 15, 25, 45]",0.0,0.5,1.0
squad,7,"[140, 35, 70, 20, 25, 15, 45]",0.0,0.0,1.0
squad,7,"[140, 35, 70, 20, 45, 15, 25]",1.0,1.0,1.0
squad,7,"[140, 35, 70, 25, 15, 20, 45]",1.0,1.0,1.0
squad,7,"[140, 35, 70, 45, 15, 20, 25]",0.0,0.0,1.0
squad,7,"[140, 35, 70, 45, 15, 25, 20]",1.0,1.0,1.0
squad,7,"[140, 45, 15, 20, 35, 25, 70]",1.0,1.0,1.0
squad,7,"[140, 45, 15, 25, 70, 35, 20]",1.0,1.0,1.0
squad,7,"[140, 45, 15, 35, 25, 20, 70]",1.0,1.0,1.0
squad,7,"[140, 45, 20, 15, 25, 35, 70]",0.0,0.0,1.0
squad,7,"[140, 45, 20, 15, 35, 70, 25]",1.0,1.0,1.0
squad,7,"[140, 45, 20, 35, 25, 15, 70]",0.5,0.5,1.0
squad,7,"[140, 45, 20, 35, 70, 25, 15]",0.0,0.0,1.0
squad,7,"[140, 45, 20, 70, 25, 15, 35]",0.0,0.6666666666666666,1.0
squad,7,"[140, 45, 20, 70, 25, 35, 15]",0.0,0.0,1.0
squad,7,"[140, 45, 20, 70, 35, 15, 25]",0.0,0.0,1.0
squad,7,"[140, 45, 25, 15, 70, 35, 20]",0.0,0.8571428571428571,1.0
squad,7,"[140, 45, 25, 20, 35, 15, 70]",1.0,1.0,1.0
squad,7,"[140, 45, 25, 35, 20, 15, 70]",0.0,0.6666666666666666,1.0
squad,7,"[140, 45, 35, 15, 25, 70, 20]",0.0,0.0,1.0
squad,7,"[140, 45, 35, 25, 20, 15, 70]",0.0,0.8,1.0
squad,7,"[140, 45, 35, 70, 20, 15, 25]",1.0,1.0,1.0
squad,7,"[140, 45, 70, 15, 20, 35, 25]",1.0,1.0,1.0
squad,7,"[140, 45, 70, 35, 25, 15, 20]",0.0,0.0,0.0
squad,7,"[140, 70, 15, 20, 35, 45, 25]",0.0,0.6666666666666666,1.0
squad,7,"[140, 70, 15, 20, 45, 25, 35]",1.0,1.0,1.0
squad,7,"[140, 70, 15, 25, 45, 35, 20]",0.0,0.0,1.0
squad,7,"[140, 70, 15, 35, 45, 25, 20]",1.0,1.0,1.0
squad,7,"[140, 70, 15, 45, 20, 25, 35]",1.0,1.0,1.0
squad,7,"[140, 70, 15, 45, 20, 35, 25]",1.0,1.0,1.0
squad,7,"[140, 70, 15, 45, 25, 20, 35]",0.0,0.0,0.0
squad,7,"[140, 70, 20, 15, 25, 45, 35]",0.0,0.0,1.0
squad,7,"[140, 70, 20, 15, 35, 25, 45]",0.5,0.7,1.0
squad,7,"[140, 70, 20, 25, 45, 15, 35]",1.0,1.0,1.0
squad,7,"[140, 70, 20, 35, 15, 25, 45]",0.0,0.0,1.0
squad,7,"[140, 70, 20, 35, 25, 15, 45]",1.0,1.0,1.0
squad,7,"[140, 70, 20, 45, 15, 35, 25]",0.0,0.0,1.0
squad,7,"[140, 70, 20, 45, 35, 15, 25]",0.0,0.0,1.0
squad,7,"[140, 70, 20, 45, 35, 25, 15]",1.0,1.0,1.0
squad,7,"[140, 70, 25, 15, 20, 35, 45]",0.0,0.5,1.0
squad,7,"[140, 70, 25, 15, 35, 20, 45]",1.0,1.0,1.0
squad,7,"[140, 70, 25, 15, 45, 20, 35]",1.0,1.0,1.0
squad,7,"[140, 70, 25, 20, 15, 35, 45]",0.0,0.0,1.0
squad,7,"[140, 70, 25, 20, 35, 15, 45]",1.0,1.0,1.0
squad,7,"[140, 70, 25, 35, 45, 15, 20]",1.0,1.0,1.0
squad,7,"[140, 70, 25, 45, 15, 20, 35]",0.0,0.0,1.0
squad,7,"[140, 70, 25, 45, 35, 20, 15]",1.0,1.0,1.0
squad,7,"[140, 70, 35, 15, 20, 45, 25]",1.0,1.0,1.0
squad,7,"[140, 70, 35, 15, 45, 20, 25]",0.0,0.0,0.0
squad,7,"[140, 70, 35, 20, 15, 45, 25]",0.0,0.0,1.0
squad,7,"[140, 70, 35, 20, 45, 25, 15]",0.0,0.0,1.0
squad,7,"[140, 70, 35, 25, 15, 45, 20]",0.0,0.25,1.0
squad,7,"[140, 70, 35, 25, 20, 45, 15]",1.0,1.0,1.0
squad,7,"[140, 70, 35, 45, 25, 20, 15]",0.0,0.0,1.0
squad,7,"[140, 70, 45, 20, 25, 35, 15]",0.0,0.0,1.0
squad,7,"[140, 70, 45, 20, 35, 25, 15]",1.0,1.0,1.0
squad,7,"[140, 70, 45, 35, 25, 15, 20]",0.0,0.0,1.0
squad,7,"[15, 140, 20, 25, 35, 45, 70]",1.0,1.0,1.0
squad,7,"[15, 140, 20, 35, 25, 45, 70]",0.0,0.0,1.0
squad,7,"[15, 140, 20, 45, 25, 70, 35]",0.0,0.0,1.0
squad,7,"[15, 140, 20, 70, 35, 25, 45]",0.0,0.0,0.0
squad,7,"[15, 140, 25, 20, 70, 35, 45]",0.0,0.0,0.0
squad,7,"[15, 140, 25, 35, 45, 70, 20]",1.0,1.0,1.0
squad,7,"[15, 140, 35, 20, 70, 25, 45]",0.0,0.0,1.0
squad,7,"[15, 140, 35, 25, 20, 45, 70]",0.0,0.28571428571428575,1.0
squad,7,"[15, 140, 35, 25, 20, 70, 45]",0.0,0.0,1.0
squad,7,"[15, 140, 35, 25, 45, 20, 70]",1.0,1.0,1.0
squad,7,"[15, 140, 35, 45, 20, 70, 25]",0.0,0.5714285714285715,1.0
squad,7,"[15, 140, 35, 70, 25, 20, 45]",0.0,0.0,1.0
squad,7,"[15, 140, 45, 20, 35, 25, 70]",0.0,0.0,1.0
squad,7,"[15, 140, 45, 25, 35, 20, 70]",0.0,0.0,1.0
squad,7,"[15, 140, 45, 25, 70, 35, 20]",1.0,1.0,1.0
squad,7,"[15, 140, 45, 35, 70, 20, 25]",0.0,0.0,1.0
squad,7,"[15, 140, 45, 70, 20, 25, 35]",0.0,0.0,1.0
squad,7,"[15, 140, 45, 70, 35, 20, 25]",0.0,0.0,1.0
squad,7,"[15, 140, 70, 20, 35, 25, 45]",0.0,0.0,1.0
squad,7,"[15, 140, 70, 35, 25, 45, 20]",1.0,1.0,1.0
squad,7,"[15, 140, 70, 45, 20, 35, 25]",0.0,0.0,1.0
squad,7,"[15, 140, 70, 45, 35, 25, 20]",1.0,1.0,1.0
squad,7,"[15, 20, 140, 25, 45, 70, 35]",0.0,0.14285714285714288,0.0
squad,7,"[15, 20, 140, 45, 25, 35, 70]",0.0,0.0,1.0
squad,7,"[15, 20, 25, 45, 70, 35, 140]",0.0,0.0,1.0
squad,7,"[15, 20, 25, 70, 140, 35, 45]",0.5,0.5,1.0
squad,7,"[15, 20, 35, 140, 45, 25, 70]",0.0,0.0,0.5
squad,7,"[15, 20, 35, 25, 140, 70, 45]",0.0,0.0,1.0
squad,7,"[15, 20, 35, 25, 70, 45, 140]",0.0,0.0,1.0
squad,7,"[15, 20, 35, 45, 140, 70, 25]",0.0,0.0,1.0
squad,7,"[15, 20, 45, 25, 35, 70, 140]",0.0,0.0,1.0
squad,7,"[15, 20, 45, 25, 70, 140, 35]",1.0,1.0,0.0
squad,7,"[15, 20, 45, 35, 25, 140, 70]",1.0,1.0,1.0
squad,7,"[15, 20, 45, 70, 140, 35, 25]",0.0,0.0,1.0
squad,7,"[15, 20, 45, 70, 25, 140, 35]",0.0,0.0,1.0
squad,7,"[15, 20, 45, 70, 35, 25, 140]",0.0,0.0,1.0
squad,7,"[15, 20, 70, 140, 35, 45, 25]",0.0,0.0,1.0
squad,7,"[15, 20, 70, 25, 140, 35, 45]",0.0,0.0,1.0
squad,7,"[15, 20, 70, 35, 140, 25, 45]",0.0,0.6666666666666666,1.0
squad,7,"[15, 20, 70, 35, 45, 25, 140]",0.0,0.0,1.0
squad,7,"[15, 25, 140, 20, 35, 70, 45]",0.0,0.0,1.0
squad,7,"[15, 25, 140, 20, 45, 70, 35]",0.0,0.0,1.0
squad,7,"[15, 25, 140, 35, 20, 70, 45]",0.0,0.0,1.0
squad,7,"[15, 25, 140, 35, 70, 20, 45]",0.0,0.0,1.0
squad,7,"[15, 25, 140, 45, 35, 70, 20]",0.0,0.0,1.0
squad,7,"[15, 25, 140, 45, 70, 35, 20]",0.0,0.0,1.0
squad,7,"[15, 25, 140, 70, 35, 20, 45]",1.0,1.0,0.0
squad,7,"[15, 25, 20, 45, 140, 70, 35]",1.0,1.0,1.0
squad,7,"[15, 25, 20, 70, 140, 45, 35]",0.0,0.0,0.0
squad,7,"[15, 25, 20, 70, 45, 140, 35]",0.0,0.0909090909090909,0.0
squad,7,"[15, 25, 35, 140, 45, 20, 70]",0.0,0.5,1.0
squad,7,"[15, 25, 35, 20, 140, 45, 70]",0.0,0.3846153846153846,0.0
squad,7,"[15, 25, 35, 45, 140, 20, 70]",0.0,0.0,1.0
squad,7,"[15, 25, 35, 70, 140, 45, 20]",0.0,0.0,1.0
squad,7,"[15, 25, 35, 70, 20, 45, 140]",0.0,0.0,1.0
squad,7,"[15, 25, 45, 140, 20, 70, 35]",0.0,0.6666666666666666,1.0
squad,7,"[15, 25, 45, 140, 35, 70, 20]",0.0,0.0,1.0
squad,7,"[15, 25, 45, 140, 70, 35, 20]",0.0,0.0,1.0
squad,7,"[15, 25, 45, 20, 70, 140, 35]",0.0,0.0,1.0
squad,7,"[15, 25, 45, 20, 70, 35, 140]",0.0,0.1276595744680851,1.0
squad,7,"[15, 25, 70, 140, 35, 20, 45]",0.0,0.0,1.0
squad,7,"[15, 35, 140, 20, 45, 25, 70]",0.0,0.4,1.0
squad,7,"[15, 35, 140, 20, 45, 70, 25]",0.0,0.0,1.0
squad,7,"[15, 35, 140, 20, 70, 25, 45]",0.0,0.0,1.0
squad,7,"[15, 35, 140, 25, 45, 70, 20]",0.0,0.0,1.0
squad,7,"[15, 35, 140, 70, 20, 45, 25]",0.0,0.0,1.0
squad,7,"[15, 35, 140, 70, 25, 20, 45]",0.0,0.0,1.0
squad,7,"[15, 35, 20, 45, 140, 25, 70]",0.5,0.5,1.0
squad,7,"[15, 35, 25, 45, 70, 140, 20]",0.0,0.0,1.0
squad,7,"[15, 35, 25, 70, 140, 20, 45]",0.0,0.0,1.0
squad,7,"[15, 35, 25, 70, 20, 140, 45]",0.0,0.0,1.0
squad,7,"[15, 35, 45, 140, 20, 25, 70]",0.0,0.0,1.0
squad,7,"[15, 35, 45, 70, 20, 140, 25]",0.0,0.0,1.0
squad,7,"[15, 35, 45, 70, 25, 20, 140]",0.0,0.0,1.0
squad,7,"[15, 35, 70, 20, 140, 45, 25]",0.0,0.0,1.0
squad,7,"[15, 35, 70, 20, 25, 140, 45]",1.0,1.0,0.0
squad,7,"[15, 35, 70, 20, 45, 140, 25]",0.0,0.0,1.0
squad,7,"[15, 35, 70, 25, 140, 45, 20]",0.0,0.0,1.0
squad,7,"[15, 35, 70, 25, 20, 140, 45]",0.0,0.0,1.0
squad,7,"[15, 45, 140, 25, 20, 70, 35]",0.0,0.6666666666666666,1.0
squad,7,"[15, 45, 140, 25, 35, 70, 20]",0.0,0.0,1.0
squad,7,"[15, 45, 140, 35, 25, 70, 20]",0.0,0.0,1.0
squad,7,"[15, 45, 140, 35, 70, 25, 20]",0.0,0.0,1.0
squad,7,"[15, 45, 20, 140, 35, 70, 25]",1.0,1.0,1.0
squad,7,"[15, 45, 20, 140, 70, 35, 25]",0.0,0.0,1.0
squad,7,"[15, 45, 25, 140, 20, 70, 35]",1.0,1.0,1.0
squad,7,"[15, 45, 25, 20, 35, 140, 70]",1.0,1.0,1.0
squad,7,"[15, 45, 25, 70, 35, 140, 20]",0.0,0.0,1.0
squad,7,"[15, 45, 25, 70, 35, 20, 140]",0.5,0.5,1.0
squad,7,"[15, 45, 35, 140, 20, 25, 70]",0.0,0.0,1.0
squad,7,"[15, 45, 35, 20, 140, 70, 25]",0.0,0.8,1.0
squad,7,"[15, 45, 35, 25, 20, 140, 70]",1.0,1.0,1.0
squad,7,"[15, 45, 35, 70, 140, 20, 25]",0.0,0.0,1.0
squad,7,"[15, 45, 35, 70, 140, 25, 20]",1.0,1.0,1.0
squad,7,"[15, 45, 70, 140, 35, 20, 25]",0.0,0.2,1.0
squad,7,"[15, 45, 70, 20, 35, 140, 25]",0.0,0.0,1.0
squad,7,"[15, 45, 70, 20, 35, 25, 140]",0.0,0.6666666666666666,1.0
squad,7,"[15, 45, 70, 25, 20, 140, 35]",0.0,0.6666666666666666,1.0
squad,7,"[15, 45, 70, 35, 25, 20, 140]",0.0,0.0,1.0
squad,7,"[15, 70, 140, 20, 25, 45, 35]",0.0,0.3636363636363636,1.0
squad,7,"[15, 70, 140, 20, 35, 45, 25]",0.0,0.0,1.0
squad,7,"[15, 70, 140, 25, 45, 35, 20]",0.5,0.5,0.5
squad,7,"[15, 70, 140, 35, 20, 25, 45]",0.0,0.0,1.0
squad,7,"[15, 70, 20, 140, 25, 45, 35]",0.0,0.0,0.0
squad,7,"[15, 70, 20, 25, 140, 35, 45]",0.0,0.0,1.0
squad,7,"[15, 70, 20, 25, 35, 140, 45]",0.0,0.0,1.0
squad,7,"[15, 70, 20, 25, 35, 45, 140]",0.5,0.5,1.0
squad,7,"[15, 70, 20, 25, 45, 35, 140]",0.0,0.0,1.0
squad,7,"[15, 70, 20, 35, 25, 140, 45]",0.0,0.0,1.0
squad,7,"[15, 70, 20, 45, 140, 25, 35]",0.0,0.0,0.0
squad,7,"[15, 70, 20, 45, 25, 35, 140]",0.5,0.5,1.0
squad,7,"[15, 70, 25, 140, 45, 20, 35]",0.0,0.0,1.0
squad,7,"[15, 70, 25, 35, 45, 20, 140]",1.0,1.0,1.0
squad,7,"[15, 70, 25, 45, 140, 20, 35]",0.0,0.0,1.0
squad,7,"[15, 70, 25, 45, 20, 140, 35]",0.0,0.0,1.0
squad,7,"[15, 70, 35, 140, 25, 20, 45]",1.0,1.0,1.0
squad,7,"[15, 70, 35, 25, 140, 45, 20]",0.0,0.0,1.0
squad,7,"[15, 70, 35, 45, 25, 20, 140]",0.0,0.0,1.0
squad,7,"[15, 70, 45, 140, 20, 35, 25]",0.0,0.0,1.0
squad,7,"[15, 70, 45, 140, 35, 20, 25]",1.0,1.0,1.0
squad,7,"[15, 70, 45, 25, 35, 20, 140]",0.0,0.0,1.0
squad,7,"[15, 70, 45, 35, 140, 25, 20]",0.0,0.0,1.0
squad,7,"[20, 140, 15, 35, 45, 70, 25]",0.0,0.0,1.0
squad,7,"[20, 140, 15, 35, 70, 45, 25]",0.0,0.0,1.0
squad,7,"[20, 140, 15, 70, 25, 45, 35]",0.0,0.0,1.0
squad,7,"[20, 140, 25, 15, 35, 70, 45]",1.0,1.0,1.0
squad,7,"[20, 140, 25, 15, 45, 35, 70]",0.0,0.0,0.0
squad,7,"[20, 140, 25, 15, 45, 70, 35]",0.0,0.0,1.0
squad,7,"[20, 140, 25, 15, 70, 45, 35]",0.0,0.0,1.0
squad,7,"[20, 140, 25, 35, 15, 70, 45]",0.0,0.0,1.0
squad,7,"[20, 140, 25, 35, 45, 15, 70]",1.0,1.0,1.0
squad,7,"[20, 140, 25, 45, 35, 70, 15]",0.0,0.4,0.0
squad,7,"[20, 140, 25, 45, 70, 35, 15]",0.0,0.0,1.0
squad,7,"[20, 140, 25, 70, 35, 15, 45]",0.0,0.0,1.0
squad,7,"[20, 140, 25, 70, 45, 15, 35]",1.0,1.0,1.0
squad,7,"[20, 140, 25, 70, 45, 35, 15]",0.0,0.6666666666666666,1.0
squad,7,"[20, 140, 35, 15, 45, 25, 70]",0.0,0.0,1.0
squad,7,"[20, 140, 35, 45, 25, 15, 70]",0.5,0.5,0.5
squad,7,"[20, 140, 35, 45, 70, 15, 25]",0.0,0.0,1.0
squad,7,"[20, 140, 35, 70, 45, 15, 25]",0.5,0.5,1.0
squad,7,"[20, 140, 45, 15, 25, 70, 35]",1.0,1.0,1.0
squad,7,"[20, 140, 45, 15, 70, 35, 25]",0.0,0.0,1.0
squad,7,"[20, 140, 45, 25, 15, 70, 35]",0.0,0.0,1.0
squad,7,"[20, 140, 45, 25, 70, 35, 15]",0.0,0.0,1.0
squad,7,"[20, 140, 45, 35, 15, 25, 70]",0.0,0.0,0.0
squad,7,"[20, 140, 45, 70, 15, 35, 25]",0.0,0.0,1.0
squad,7,"[20, 140, 45, 70, 25, 35, 15]",0.0,0.0,1.0
squad,7,"[20, 140, 45, 70, 35, 25, 15]",0.0,0.0,1.0
squad,7,"[20, 140, 70, 15, 25, 45, 35]",0.0,0.5,1.0
squad,7,"[20, 140, 70, 15, 35, 45, 25]",0.0,0.6666666666666666,1.0
squad,7,"[20, 140, 70, 25, 35, 15, 45]",1.0,1.0,1.0
squad,7,"[20, 140, 70, 25, 45, 15, 35]",0.0,0.0,1.0
squad,7,"[20, 140, 70, 45, 35, 25, 15]",0.0,0.0,1.0
squad,7,"[20, 15, 140, 35, 25, 70, 45]",0.0,0.0,1.0
squad,7,"[20, 15, 140, 45, 35, 70, 25]",0.0,0.0,1.0
squad,7,"[20, 15, 140, 45, 70, 35, 25]",0.0,0.0,1.0
squad,7,"[20, 15, 140, 70, 25, 35, 45]",0.0,0.0,1.0
squad,7,"[20, 15, 25, 140, 45, 70, 35]",0.0,0.0,1.0
squad,7,"[20, 15, 25, 45, 35, 70, 140]",0.0,0.0,1.0
squad,7,"[20, 15, 25, 45, 70, 140, 35]",0.0,0.0,1.0
squad,7,"[20, 15, 25, 70, 35, 45, 140]",0.0,0.0,1.0
squad,7,"[20, 15, 35, 25, 45, 140, 70]",0.0,0.0,1.0
squad,7,"[20, 15, 35, 25, 45, 70, 140]",0.0,0.0,1.0
squad,7,"[20, 15, 35, 70, 45, 25, 140]",0.0,0.0,1.0
squad,7,"[20, 15, 45, 140, 25, 70, 35]",0.0,0.0,1.0
squad,7,"[20, 15, 45, 140, 70, 35, 25]",0.0,0.0,1.0
squad,7,"[20, 15, 45, 35, 25, 70, 140]",0.0,0.0,1.0
squad,7,"[20, 15, 45, 70, 140, 35, 25]",0.0,0.0,1.0
squad,7,"[20, 15, 70, 140, 25, 35, 45]",0.0,0.0,1.0
squad,7,"[20, 15, 70, 140, 25, 45, 35]",0.0,0.5,1.0
squad,7,"[20, 15, 70, 25, 140, 35, 45]",0.0,0.0,1.0
squad,7,"[20, 15, 70, 35, 140, 45, 25]",0.0,0.0,1.0
squad,7,"[20, 15, 70, 45, 140, 25, 35]",0.0,0.0,1.0
squad,7,"[20, 15, 70, 45, 35, 25, 140]",0.0,0.6666666666666666,1.0
squad,7,"[20, 25, 140, 70, 15, 45, 35]",0.0,0.0,1.0
squad,7,"[20, 25, 140, 70, 45, 15, 35]",1.0,1.0,1.0
squad,7,"[20, 25, 15, 140, 45, 70, 35]",0.0,0.0,1.0
squad,7,"[20, 25, 15, 140, 70, 35, 45]",0.0,0.0,1.0
squad,7,"[20, 25, 35, 15, 70, 140, 45]",0.0,0.5,1.0
squad,7,"[20, 25, 35, 45, 70, 140, 15]",0.0,0.0,1.0
squad,7,"[20, 25, 35, 70, 140, 45, 15]",0.0,0.0,1.0
squad,7,"[20, 25, 35, 70, 45, 15, 140]",0.0,0.0,1.0
squad,7,"[20, 25, 45, 140, 15, 35, 70]",0.0,0.2916666666666667,1.0
squad,7,"[20, 25, 45, 35, 70, 140, 15]",0.0,0.3333333333333333,1.0
squad,7,"[20, 25, 70, 15, 35, 45, 140]",0.0,0.0,1.0
squad,7,"[20, 25, 70, 35, 140, 15, 45]",0.0,0.5,1.0
squad,7,"[20, 25, 70, 35, 140, 45, 15]",0.0,0.0,1.0
squad,7,"[20, 25, 70, 35, 15, 140, 45]",0.0,0.0,1.0
squad,7,"[20, 25, 70, 45, 15, 140, 35]",0.0,0.0,0.0
squad,7,"[20, 35, 140, 15, 25, 70, 45]",0.0,0.0,1.0
squad,7,"[20, 35, 140, 25, 70, 15, 45]",1.0,1.0,1.0
squad,7,"[20, 35, 140, 45, 25, 15, 70]",0.0,0.0,1.0
squad,7,"[20, 35, 140, 70, 15, 25, 45]",0.0,0.0,1.0
squad,7,"[20, 35, 140, 70, 25, 45, 15]",0.0,0.0,1.0
squad,7,"[20, 35, 15, 140, 45, 25, 70]",0.0,0.0,1.0
squad,7,"[20, 35, 15, 140, 45, 70, 25]",0.0,0.0,1.0
squad,7,"[20, 35, 15, 25, 45, 140, 70]",0.0,0.0,1.0
squad,7,"[20, 35, 15, 70, 45, 25, 140]",0.0,0.0,1.0
squad,7,"[20, 35, 25, 140, 45, 15, 70]",0.0,0.0,1.0
squad,7,"[20, 35, 25, 140, 45, 70, 15]",0.0,0.0,0.0
squad,7,"[20, 35, 25, 15, 140, 70, 45]",0.0,0.0,1.0
squad,7,"[20, 35, 45, 140, 25, 70, 15]",0.0,0.0,1.0
squad,7,"[20, 35, 45, 15, 140, 25, 70]",1.0,1.0,1.0
squad,7,"[20, 35, 45, 15, 70, 140, 25]",0.0,0.0,1.0
squad,7,"[20, 35, 45, 25, 140, 15, 70]",1.0,1.0,1.0
squad,7,"[20, 35, 45, 70, 15, 25, 140]",1.0,1.0,1.0
squad,7,"[20, 35, 45, 70, 25, 140, 15]",1.0,1.0,1.0
squad,7,"[20, 35, 70, 15, 25, 140, 45]",0.0,0.0,1.0
squad,7,"[20, 35, 70, 25, 15, 45, 140]",0.0,0.0,1.0
squad,7,"[20, 35, 70, 25, 45, 15, 140]",1.0,1.0,1.0
squad,7,"[20, 35, 70, 45, 140, 15, 25]",0.0,0.0,1.0
squad,7,"[20, 35, 70, 45, 25, 15, 140]",0.0,0.0,1.0
squad,7,"[20, 45, 140, 15, 35, 25, 70]",1.0,1.0,1.0
squad,7,"[20, 45, 140, 15, 35, 70, 25]",0.0,0.0,1.0
squad,7,"[20, 45, 140, 25, 35, 70, 15]",0.0,0.0,0.5
squad,7,"[20, 45, 140, 35, 15, 70, 25]",0.0,0.0,1.0
squad,7,"[20, 45, 140, 35, 70, 25, 15]",0.0,0.0,1.0
squad,7,"[20, 45, 140, 70, 15, 35, 25]",0.0,0.0,1.0
squad,7,"[20, 45, 140, 70, 25, 35, 15]",0.0,0.6666666666666666,1.0
squad,7,"[20, 45, 15, 140, 25, 70, 35]",0.0,0.0,0.0
squad,7,"[20, 45, 15, 25, 140, 35, 70]",0.0,0.0,0.0
squad,7,"[20, 45, 15, 25, 70, 140, 35]",0.0,0.0,1.0
squad,7,"[20, 45, 25, 140, 70, 35, 15]",0.0,0.0,0.0
squad,7,"[20, 45, 25, 15, 140, 35, 70]",0.0,0.0,1.0
squad,7,"[20, 45, 25, 15, 70, 35, 140]",0.0,0.0,1.0
squad,7,"[20, 45, 25, 35, 70, 140, 15]",0.0,0.0,1.0
squad,7,"[20, 45, 25, 70, 15, 35, 140]",0.0,0.0,1.0
squad,7,"[20, 45, 35, 140, 15, 70, 25]",0.0,0.0,0.0
squad,7,"[20, 45, 35, 15, 140, 70, 25]",0.0,0.0,1.0
squad,7,"[20, 45, 35, 15, 70, 140, 25]",0.0,0.0,1.0
squad,7,"[20, 45, 35, 15, 70, 25, 140]",0.0,0.0,1.0
squad,7,"[20, 45, 35, 70, 140, 15, 25]",1.0,1.0,1.0
squad,7,"[20, 45, 35, 70, 25, 140, 15]",0.0,0.0,1.0
squad,7,"[20, 45, 70, 140, 15, 35, 25]",1.0,1.0,1.0
squad,7,"[20, 45, 70, 15, 25, 35, 140]",0.5,0.5,1.0
squad,7,"[20, 45, 70, 15, 35, 25, 140]",0.0,0.0,1.0
squad,7,"[20, 45, 70, 25, 140, 15, 35]",1.0,1.0,1.0
squad,7,"[20, 45, 70, 35, 140, 25, 15]",0.0,0.0,0.0
squad,7,"[20, 45, 70, 35, 25, 15, 140]",1.0,1.0,1.0
squad,7,"[20, 70, 140, 15, 35, 45, 25]",1.0,1.0,1.0
squad,7,"[20, 70, 140, 15, 45, 35, 25]",0.0,0.0,1.0
squad,7,"[20, 70, 140, 25, 45, 35, 15]",0.0,0.0,1.0
squad,7,"[20, 70, 140, 35, 25, 45, 15]",0.0,0.0,1.0
squad,7,"[20, 70, 140, 35, 45, 15, 25]",0.0,0.0,1.0
squad,7,"[20, 70, 140, 35, 45, 25, 15]",0.0,0.0,1.0
squad,7,"[20, 70, 15, 140, 45, 25, 35]",0.0,0.0,1.0
squad,7,"[20, 70, 15, 25, 140, 35, 45]",0.0,0.22222222222222224,1.0
squad,7,"[20, 70, 15, 35, 25, 140, 45]",1.0,1.0,1.0
squad,7,"[20, 70, 15, 35, 45, 25, 140]",1.0,1.0,1.0
squad,7,"[20, 70, 15, 45, 25, 35, 140]",1.0,1.0,1.0
squad,7,"[20, 70, 25, 15, 140, 45, 35]",0.0,0.0,1.0
squad,7,"[20, 70, 25, 35, 140, 15, 45]",0.0,0.0,1.0
squad,7,"[20, 70, 25, 35, 140, 45, 15]",0.0,0.0,1.0
squad,7,"[20, 70, 25, 35, 15, 140, 45]",0.0,0.0,1.0
squad,7,"[20, 70, 25, 35, 15, 45, 140]",0.0,0.0,1.0
squad,7,"[20, 70, 25, 35, 45, 15, 140]",1.0,1.0,1.0
squad,7,"[20, 70, 35, 140, 45, 15, 25]",0.0,0.0,0.0
squad,7,"[20, 70, 35, 15, 140, 25, 45]",0.0,0.0,1.0
squad,7,"[20, 70, 35, 25, 15, 45, 140]",0.0,0.0,1.0
squad,7,"[20, 70, 35, 25, 45, 140, 15]",0.0,0.6666666666666666,1.0
squad,7,"[20, 70, 45, 140, 35, 15, 25]",0.0,0.0,1.0
squad,7,"[20, 70, 45, 15, 25, 140, 35]",0.0,0.0,1.0
squad,7,"[20, 70, 45, 15, 25, 35, 140]",1.0,1.0,1.0
squad,7,"[20, 70, 45, 15, 35, 25, 140]",0.0,0.0,1.0
squad,7,"[20, 70, 45, 25, 140, 15, 35]",0.0,0.3333333333333333,1.0
squad,7,"[20, 70, 45, 35, 25, 15, 140]",0.0,0.0,1.0
squad,7,"[25, 140, 15, 20, 45, 70, 35]",0.0,0.0,1.0
squad,7,"[25, 140, 15, 20, 70, 35, 45]",1.0,1.0,1.0
squad,7,"[25, 140, 15, 35, 20, 70, 45]",0.0,0.0,1.0
squad,7,"[25, 140, 15, 35, 70, 20, 45]",0.0,0.6666666666666666,1.0
squad,7,"[25, 140, 15, 35, 70, 45, 20]",0.0,0.0,1.0
squad,7,"[25, 140, 15, 45, 35, 20, 70]",0.0,0.0,1.0
squad,7,"[25, 140, 15, 45, 35, 70, 20]",0.0,0.0,1.0
squad,7,"[25, 140, 15, 70, 35, 20, 45]",1.0,1.0,1.0
squad,7,"[25, 140, 15, 70, 45, 20, 35]",0.0,0.0,1.0
squad,7,"[25, 140, 20, 15, 70, 35, 45]",0.5,0.5,1.0
squad,7,"[25, 140, 20, 35, 15, 45, 70]",0.0,0.0,0.0
squad,7,"[25, 140, 20, 35, 45, 70, 15]",1.0,1.0,1.0
squad,7,"[25, 140, 20, 35, 70, 15, 45]",0.0,0.0,1.0
squad,7,"[25, 140, 20, 45, 15, 35, 70]",1.0,1.0,1.0
squad,7,"[25, 140, 20, 45, 15, 70, 35]",0.0,0.0,1.0
squad,7,"[25, 140, 35, 15, 20, 70, 45]",0.0,0.0,1.0
squad,7,"[25, 140, 35, 20, 15, 70, 45]",0.0,0.0,1.0
squad,7,"[25, 140, 35, 45, 15, 70, 20]",1.0,1.0,1.0
squad,7,"[25, 140, 45, 15, 20, 70, 35]",1.0,1.0,1.0
squad,7,"[25, 140, 45, 20, 15, 70, 35]",0.0,0.0,0.0
squad,7,"[25, 140, 45, 70, 15, 35, 20]",0.0,0.0,1.0
squad,7,"[25, 140, 45, 70, 20, 35, 15]",0.0,0.0,1.0
squad,7,"[25, 140, 70, 15, 20, 35, 45]",0.0,0.0,1.0
squad,7,"[25, 140, 70, 20, 15, 45, 35]",0.0,0.0,1.0
squad,7,"[25, 140, 70, 35, 15, 20, 45]",0.0,0.0,0.0
squad,7,"[25, 140, 70, 35, 20, 15, 45]",1.0,1.0,1.0
squad,7,"[25, 140, 70, 45, 20, 15, 35]",0.0,0.4,1.0
squad,7,"[25, 15, 140, 45, 20, 70, 35]",0.0,0.0,1.0
squad,7,"[25, 15, 140, 45, 70, 20, 35]",0.0,0.0,1.0
squad,7,"[25, 15, 140, 70, 35, 20, 45]",0.0,0.0,1.0
squad,7,"[25, 15, 140, 70, 45, 20, 35]",1.0,1.0,1.0
squad,7,"[25, 15, 20, 140, 35, 70, 45]",1.0,1.0,1.0
squad,7,"[25, 15, 20, 140, 70, 35, 45]",0.5,0.5,0.5
squad,7,"[25, 15, 35, 20, 70, 45, 140]",0.0,0.0,1.0
squad,7,"[25, 15, 45, 35, 20, 140, 70]",0.5,0.5,1.0
squad,7,"[25, 15, 45, 35, 70, 20, 140]",1.0,1.0,1.0
squad,7,"[25, 15, 45, 70, 140, 35, 20]",0.0,0.0,1.0
squad,7,"[25, 15, 70, 35, 20, 45, 140]",0.0,0.0,1.0
squad,7,"[25, 15, 70, 45, 35, 20, 140]",0.0,0.0,1.0
squad,7,"[25, 20, 140, 15, 70, 35, 45]",0.0,0.0,1.0
squad,7,"[25, 20, 140, 35, 70, 45, 15]",1.0,1.0,1.0
squad,7,"[25, 20, 140, 45, 70, 35, 15]",1.0,1.0,1.0
squad,7,"[25, 20, 140, 70, 45, 15, 35]",0.0,0.0,1.0
squad,7,"[25, 20, 15, 140, 35, 45, 70]",0.0,0.0,1.0
squad,7,"[25, 20, 15, 45, 70, 140, 35]",0.5,0.5,1.0
squad,7,"[25, 20, 15, 70, 35, 45, 140]",0.0,0.13333333333333333,1.0
squad,7,"[25, 20, 35, 140, 45, 70, 15]",0.0,0.0,1.0
squad,7,"[25, 20, 35, 140, 70, 15, 45]",0.0,0.0,1.0
squad,7,"[25, 20, 35, 15, 140, 70, 45]",0.0,0.0,1.0
squad,7,"[25, 20, 35, 15, 70, 140, 45]",0.0,0.0,0.5
squad,7,"[25, 20, 35, 45, 70, 140, 15]",0.0,0.0,1.0
squad,7,"[25, 20, 45, 140, 35, 15, 70]",0.0,0.0,1.0
squad,7,"[25, 20, 45, 140, 35, 70, 15]",0.0,0.0,1.0
squad,7,"[25, 20, 45, 140, 70, 15, 35]",0.0,0.0,1.0
squad,7,"[25, 20, 45, 15, 70, 35, 140]",1.0,1.0,1.0
squad,7,"[25, 20, 45, 70, 140, 35, 15]",0.0,0.0,1.0
squad,7,"[25, 20, 45, 70, 35, 140, 15]",0.0,0.0,1.0
squad,7,"[25, 20, 70, 15, 45, 35, 140]",0.0,0.0,1.0
squad,7,"[25, 20, 70, 35, 45, 140, 15]",0.0,0.0,1.0
squad,7,"[25, 20, 70, 35, 45, 15, 140]",0.0,0.0,1.0
squad,7,"[25, 20, 70, 45, 15, 35, 140]",0.0,0.0,1.0
squad,7,"[25, 35, 140, 20, 15, 45, 70]",0.0,0.0,1.0
squad,7,"[25, 35, 140, 20, 70, 45, 15]",0.0,0.0,1.0
squad,7,"[25, 35, 15, 140, 45, 20, 70]",0.0,0.0,1.0
squad,7,"[25, 35, 15, 140, 70, 20, 45]",1.0,1.0,1.0
squad,7,"[25, 35, 15, 20, 140, 45, 70]",0.0,0.0,1.0
squad,7,"[25, 35, 15, 20, 45, 70, 140]",1.0,1.0,1.0
squad,7,"[25, 35, 15, 45, 20, 140, 70]",0.0,0.0,1.0
squad,7,"[25, 35, 15, 70, 45, 140, 20]",1.0,1.0,1.0
squad,7,"[25, 35, 20, 140, 15, 45, 70]",0.0,0.0,1.0
squad,7,"[25, 35, 20, 15, 70, 140, 45]",0.0,0.0,1.0
squad,7,"[25, 35, 20, 45, 140, 15, 70]",0.0,0.0,0.0
squad,7,"[25, 35, 20, 70, 140, 45, 15]",0.0,0.0,1.0
squad,7,"[25, 35, 20, 70, 15, 140, 45]",0.0,0.0,1.0
squad,7,"[25, 35, 20, 70, 45, 140, 15]",0.0,0.0,1.0
squad,7,"[25, 35, 45, 140, 20, 15, 70]",0.0,0.888888888888889,1.0
squad,7,"[25, 35, 45, 140, 70, 15, 20]",1.0,1.0,1.0
squad,7,"[25, 35, 45, 15, 140, 20, 70]",0.0,0.0,1.0
squad,7,"[25, 35, 45, 15, 70, 140, 20]",1.0,1.0,1.0
squad,7,"[25, 35, 45, 70, 15, 20, 140]",0.0,0.0,1.0
squad,7,"[25, 35, 70, 140, 20, 45, 15]",0.0,0.0,0.0
squad,7,"[25, 35, 70, 20, 15, 45, 140]",1.0,1.0,1.0
squad,7,"[25, 35, 70, 45, 20, 140, 15]",0.0,0.0,1.0
squad,7,"[25, 45, 140, 15, 35, 20, 70]",0.0,0.22222222222222224,1.0
squad,7,"[25, 45, 140, 15, 70, 35, 20]",0.0,0.0,1.0
squad,7,"[25, 45, 140, 20, 15, 35, 70]",1.0,1.0,1.0
squad,7,"[25, 45, 140, 20, 15, 70, 35]",1.0,1.0,1.0
squad,7,"[25, 45, 140, 35, 20, 70, 15]",0.0,0.0,1.0
squad,7,"[25, 45, 140, 70, 15, 20, 35]",1.0,1.0,1.0
squad,7,"[25, 45, 140, 70, 20, 35, 15]",0.0,0.0,1.0
squad,7,"[25, 45, 15, 140, 35, 20, 70]",0.0,0.0,1.0
squad,7,"[25, 45, 15, 20, 140, 35, 70]",0.0,0.0,0.0
squad,7,"[25, 45, 15, 20, 35, 140, 70]",0.0,0.0,1.0
squad,7,"[25, 45, 20, 140, 35, 15, 70]",0.0,0.0,1.0
squad,7,"[25, 45, 20, 15, 140, 35, 70]",0.0,0.0,1.0
squad,7,"[25, 45, 20, 15, 35, 70, 140]",0.0,0.0,1.0
squad,7,"[25, 45, 20, 35, 140, 15, 70]",1.0,1.0,1.0
squad,7,"[25, 45, 20, 70, 15, 140, 35]",0.0,0.0,1.0
squad,7,"[25, 45, 20, 70, 35, 140, 15]",0.0,0.0,1.0
squad,7,"[25, 45, 35, 140, 70, 20, 15]",1.0,1.0,1.0
squad,7,"[25, 45, 35, 15, 140, 20, 70]",0.0,0.0,1.0
squad,7,"[25, 45, 35, 15, 20, 70, 140]",1.0,1.0,1.0
squad,7,"[25, 45, 35, 20, 140, 15, 70]",0.0,0.0,0.0
squad,7,"[25, 45, 35, 20, 15, 140, 70]",0.0,0.0,1.0
squad,7,"[25, 45, 35, 20, 15, 70, 140]",0.0,0.0,1.0
squad,7,"[25, 45, 35, 20, 70, 140, 15]",1.0,1.0,1.0
squad,7,"[25, 45, 35, 20, 70, 15, 140]",0.0,0.0,1.0
squad,7,"[25, 45, 35, 70, 15, 20, 140]",0.0,0.6666666666666666,1.0
squad,7,"[25, 45, 70, 140, 15, 20, 35]",0.0,0.0,1.0
squad,7,"[25, 45, 70, 15, 20, 140, 35]",1.0,1.0,1.0
squad,7,"[25, 45, 70, 15, 35, 140, 20]",0.0,0.3333333333333333,1.0
squad,7,"[25, 45, 70, 20, 140, 15, 35]",1.0,1.0,1.0
squad,7,"[25, 45, 70, 20, 35, 140, 15]",1.0,1.0,0.0
squad,7,"[25, 45, 70, 20, 35, 15, 140]",0.0,0.0,1.0
squad,7,"[25, 45, 70, 35, 15, 20, 140]",0.5,0.5,1.0
squad,7,"[25, 70, 140, 15, 20, 35, 45]",0.0,0.0,1.0
squad,7,"[25, 70, 140, 15, 35, 20, 45]",1.0,1.0,1.0
squad,7,"[25, 70, 140, 20, 45, 15, 35]",0.0,0.0,1.0
squad,7,"[25, 70, 140, 35, 15, 20, 45]",0.0,0.0,1.0
squad,7,"[25, 70, 140, 35, 15, 45, 20]",0.0,0.0,1.0
squad,7,"[25, 70, 140, 35, 20, 45, 15]",0.0,0.0,1.0
squad,7,"[25, 70, 140, 35, 45, 15, 20]",1.0,1.0,1.0
squad,7,"[25, 70, 15, 140, 45, 35, 20]",1.0,1.0,1.0
squad,7,"[25, 70, 15, 20, 140, 35, 45]",0.0,0.0,1.0
squad,7,"[25, 70, 15, 35, 140, 20, 45]",0.0,0.0,1.0
squad,7,"[25, 70, 15, 35, 45, 140, 20]",0.0,0.0,1.0
squad,7,"[25, 70, 20, 140, 15, 35, 45]",0.0,0.0,1.0
squad,7,"[25, 70, 20, 140, 35, 15, 45]",0.0,0.317948717948718,1.0
squad,7,"[25, 70, 20, 140, 45, 15, 35]",0.0,0.0,1.0
squad,7,"[25, 70, 20, 15, 45, 35, 140]",0.0,0.0,1.0
squad,7,"[25, 70, 20, 35, 140, 15, 45]",0.0,0.0,1.0
squad,7,"[25, 70, 20, 35, 140, 45, 15]",0.0,0.0,1.0
squad,7,"[25, 70, 20, 45, 140, 15, 35]",1.0,1.0,1.0
squad,7,"[25, 70, 20, 45, 15, 140, 35]",0.0,0.0,1.0
squad,7,"[25, 70, 35, 140, 15, 20, 45]",0.0,0.0,1.0
squad,7,"[25, 70, 35, 140, 15, 45, 20]",0.0,0.0,1.0
squad,7,"[25, 70, 35, 15, 20, 140, 45]",0.0,0.0,0.0
squad,7,"[25, 70, 35, 15, 45, 140, 20]",0.0,0.6666666666666666,1.0
squad,7,"[25, 70, 35, 15, 45, 20, 140]",0.0,0.0,0.0
squad,7,"[25, 70, 35, 45, 140, 15, 20]",0.0,0.0,1.0
squad,7,"[25, 70, 45, 140, 15, 35, 20]",0.0,0.0,1.0
squad,7,"[25, 70, 45, 15, 140, 20, 35]",0.0,0.0,1.0
squad,7,"[25, 70, 45, 15, 20, 35, 140]",0.0,0.0,1.0
squad,7,"[25, 70, 45, 20, 15, 35, 140]",0.0,0.0,1.0
squad,7,"[25, 70, 45, 35, 140, 15, 20]",0.0,0.0,1.0
squad,7,"[35, 140, 15, 20, 25, 70, 45]",1.0,1.0,1.0
squad,7,"[35, 140, 15, 20, 45, 70, 25]",0.0,0.0,1.0
squad,7,"[35, 140, 15, 25, 70, 20, 45]",1.0,1.0,1.0
squad,7,"[35, 140, 15, 45, 70, 25, 20]",1.0,1.0,1.0
squad,7,"[35, 140, 15, 70, 20, 45, 25]",0.0,0.0,1.0
squad,7,"[35, 140, 15, 70, 45, 20, 25]",0.0,0.0,1.0
squad,7,"[35, 140, 20, 15, 45, 25, 70]",0.0,0.0,1.0
squad,7,"[35, 140, 20, 25, 45, 15, 70]",0.0,0.0,1.0
squad,7,"[35, 140, 20, 25, 70, 45, 15]",0.0,0.2,0.0
squad,7,"[35, 140, 20, 45, 15, 25, 70]",0.5,0.5,0.5
squad,7,"[35, 140, 25, 45, 70, 15, 20]",0.0,0.0,1.0
squad,7,"[35, 140, 25, 70, 20, 15, 45]",0.0,0.5,0.0
squad,7,"[35, 140, 45, 15, 70, 20, 25]",0.0,0.0,1.0
squad,7,"[35, 140, 45, 20, 15, 25, 70]",0.0,0.0,1.0
squad,7,"[35, 140, 45, 25, 20, 15, 70]",1.0,1.0,1.0
squad,7,"[35, 140, 45, 70, 20, 15, 25]",1.0,1.0,1.0
squad,7,"[35, 140, 45, 70, 25, 20, 15]",1.0,1.0,1.0
squad,7,"[35, 140, 70, 15, 25, 20, 45]",1.0,1.0,1.0
squad,7,"[35, 140, 70, 20, 15, 25, 45]",0.0,0.0,1.0
squad,7,"[35, 140, 70, 20, 45, 25, 15]",1.0,1.0,1.0
squad,7,"[35, 140, 70, 45, 20, 15, 25]",1.0,1.0,1.0
squad,7,"[35, 15, 140, 20, 25, 70, 45]",0.0,0.0,1.0
squad,7,"[35, 15, 140, 20, 70, 45, 25]",0.0,0.0,1.0
squad,7,"[35, 15, 140, 25, 20, 45, 70]",0.0,0.0,1.0
squad,7,"[35, 15, 140, 25, 70, 45, 20]",0.5,0.5,1.0
squad,7,"[35, 15, 140, 45, 25, 20, 70]",0.0,0.0,1.0
squad,7,"[35, 15, 140, 70, 20, 25, 45]",0.0,0.0,1.0
squad,7,"[35, 15, 140, 70, 20, 45, 25]",0.0,0.0,1.0
squad,7,"[35, 15, 140, 70, 25, 45, 20]",0.0,0.0,1.0
squad,7,"[35, 15, 20, 140, 45, 70, 25]",0.0,0.0,1.0
squad,7,"[35, 15, 20, 25, 140, 45, 70]",0.0,0.0,1.0
squad,7,"[35, 15, 20, 25, 70, 45, 140]",1.0,1.0,1.0
squad,7,"[35, 15, 25, 140, 45, 20, 70]",1.0,1.0,1.0
squad,7,"[35, 15, 45, 25, 20, 70, 140]",0.0,0.0,1.0
squad,7,"[35, 15, 45, 70, 20, 25, 140]",0.0,0.0,1.0
squad,7,"[35, 15, 70, 140, 20, 45, 25]",0.0,0.0,1.0
squad,7,"[35, 15, 70, 140, 25, 45, 20]",0.0,0.6666666666666666,1.0
squad,7,"[35, 15, 70, 20, 140, 25, 45]",1.0,1.0,1.0
squad,7,"[35, 15, 70, 20, 45, 140, 25]",0.0,0.0,1.0
squad,7,"[35, 15, 70, 25, 20, 140, 45]",1.0,1.0,1.0
squad,7,"[35, 15, 70, 45, 25, 140, 20]",1.0,1.0,1.0
squad,7,"[35, 20, 140, 15, 70, 25, 45]",0.0,0.0,1.0
squad,7,"[35, 20, 140, 25, 70, 15, 45]",1.0,1.0,1.0
squad,7,"[35, 20, 140, 45, 70, 25, 15]",0.0,0.0,1.0
squad,7,"[35, 20, 140, 70, 45, 15, 25]",0.0,0.3333333333333333,0.0
squad,7,"[35, 20, 15, 140, 25, 70, 45]",0.0,0.0,1.0
squad,7,"[35, 20, 15, 140, 45, 25, 70]",0.0,0.0,1.0
squad,7,"[35, 20, 15, 140, 45, 70, 25]",0.0,0.0,0.0
squad,7,"[35, 20, 15, 45, 25, 140, 70]",0.0,0.0,0.5
squad,7,"[35, 20, 25, 140, 70, 15, 45]",0.0,0.0,1.0
squad,7,"[35, 20, 25, 15, 140, 45, 70]",0.0,0.0,1.0
squad,7,"[35, 20, 25, 15, 140, 70, 45]",0.0,0.6666666666666666,1.0
squad,7,"[35, 20, 25, 15, 45, 140, 70]",0.0,0.0,1.0
squad,7,"[35, 20, 25, 45, 15, 140, 70]",0.0,0.5714285714285715,0.0
squad,7,"[35, 20, 25, 45, 15, 70, 140]",0.0,0.0,1.0
squad,7,"[35, 20, 25, 70, 140, 45, 15]",0.0,0.0,1.0
squad,7,"[35, 20, 45, 140, 15, 70, 25]",0.0,0.0,1.0
squad,7,"[35, 20, 45, 15, 70, 25, 140]",0.0,0.0,1.0
squad,7,"[35, 20, 45, 25, 140, 70, 15]",0.0,0.0,1.0
squad,7,"[35, 20, 45, 70, 140, 15, 25]",0.0,0.0,1.0
squad,7,"[35, 20, 45, 70, 25, 140, 15]",0.0,0.0,1.0
squad,7,"[35, 20, 70, 140, 15, 45, 25]",1.0,1.0,1.0
squad,7,"[35, 20, 70, 140, 25, 15, 45]",1.0,1.0,1.0
squad,7,"[35, 20, 70, 140, 25, 45, 15]",1.0,1.0,1.0
squad,7,"[35, 20, 70, 140, 45, 25, 15]",0.0,0.0,1.0
squad,7,"[35, 20, 70, 15, 140, 25, 45]",0.0,0.0,1.0
squad,7,"[35, 20, 70, 15, 25, 140, 45]",1.0,1.0,1.0
squad,7,"[35, 20, 70, 15, 45, 25, 140]",1.0,1.0,1.0
squad,7,"[35, 25, 140, 15, 20, 70, 45]",0.0,0.0,0.0
squad,7,"[35, 25, 140, 15, 45, 20, 70]",0.0,0.0,1.0
squad,7,"[35, 25, 140, 20, 15, 45, 70]",0.0,0.0,1.0
squad,7,"[35, 25, 140, 20, 45, 70, 15]",0.5,0.5,1.0
squad,7,"[35, 25, 140, 45, 20, 70, 15]",0.0,0.0,1.0
squad,7,"[35, 25, 140, 70, 45, 20, 15]",0.0,0.0,0.0
squad,7,"[35, 25, 15, 20, 140, 45, 70]",0.0,0.0,1.0
squad,7,"[35, 25, 15, 20, 70, 45, 140]",0.0,0.0,0.0
squad,7,"[35, 25, 15, 45, 20, 140, 70]",0.0,0.0,1.0
squad,7,"[35, 25, 15, 70, 140, 20, 45]",0.0,0.0,1.0
squad,7,"[35, 25, 20, 140, 45, 70, 15]",1.0,1.0,1.0
squad,7,"[35, 25, 20, 15, 70, 45, 140]",1.0,1.0,1.0
squad,7,"[35, 25, 20, 45, 140, 15, 70]",0.0,0.4,0.0
squad,7,"[35, 25, 20, 45, 70, 15, 140]",0.0,0.0,1.0
squad,7,"[35, 25, 20, 70, 140, 15, 45]",0.0,0.0,1.0
squad,7,"[35, 25, 20, 70, 15, 140, 45]",0.0,0.0,1.0
squad,7,"[35, 25, 45, 15, 140, 70, 20]",0.0,0.07142857142857144,0.5
squad,7,"[35, 25, 45, 20, 70, 140, 15]",1.0,1.0,1.0
squad,7,"[35, 25, 45, 70, 15, 20, 140]",1.0,1.0,1.0
squad,7,"[35, 25, 70, 140, 15, 20, 45]",0.0,0.0,1.0
squad,7,"[35, 25, 70, 45, 20, 140, 15]",0.0,0.0,1.0
squad,7,"[35, 45, 140, 15, 25, 20, 70]",0.0,0.0,1.0
squad,7,"[35, 45, 140, 15, 25, 70, 20]",0.0,0.0,1.0
squad,7,"[35, 45, 140, 20, 70, 25, 15]",1.0,1.0,1.0
squad,7,"[35, 45, 140, 25, 15, 70, 20]",1.0,1.0,1.0
squad,7,"[35, 45, 140, 70, 20, 15, 25]",0.0,0.0,1.0
squad,7,"[35, 45, 15, 20, 25, 70, 140]",0.0,0.0,0.0
squad,7,"[35, 45, 15, 25, 140, 20, 70]",0.0,0.0,1.0
squad,7,"[35, 45, 15, 70, 20, 140, 25]",0.0,0.0,1.0
squad,7,"[35, 45, 20, 140, 25, 70, 15]",0.0,0.5,1.0
squad,7,"[35, 45, 20, 70, 25, 15, 140]",0.0,0.0,1.0
squad,7,"[35, 45, 25, 140, 15, 20, 70]",0.0,0.0,1.0
squad,7,"[35, 45, 25, 140, 20, 70, 15]",0.0,0.0,0.0
squad,7,"[35, 45, 25, 15, 140, 70, 20]",0.0,0.0,1.0
squad,7,"[35, 45, 25, 15, 70, 20, 140]",0.0,0.11764705882352941,1.0
squad,7,"[35, 45, 25, 70, 140, 15, 20]",0.0,0.21052631578947367,1.0
squad,7,"[35, 45, 25, 70, 140, 20, 15]",1.0,1.0,1.0
squad,7,"[35, 45, 70, 140, 25, 15, 20]",0.0,0.0,1.0
squad,7,"[35, 45, 70, 15, 20, 25, 140]",1.0,1.0,1.0
squad,7,"[35, 45, 70, 25, 20, 15, 140]",0.0,0.0,1.0
squad,7,"[35, 70, 140, 20, 45, 25, 15]",0.0,0.0,1.0
squad,7,"[35, 70, 140, 25, 15, 45, 20]",0.0,0.0,1.0
squad,7,"[35, 70, 140, 45, 15, 20, 25]",0.0,0.0,1.0
squad,7,"[35, 70, 140, 45, 15, 25, 20]",0.0,0.0,1.0
squad,7,"[35, 70, 140, 45, 20, 25, 15]",0.0,0.07692307692307691,0.5
squad,7,"[35, 70, 15, 140, 25, 20, 45]",1.0,1.0,1.0
squad,7,"[35, 70, 15, 20, 25, 140, 45]",0.0,0.15384615384615385,1.0
squad,7,"[35, 70, 15, 25, 140, 20, 45]",0.0,0.0,1.0
squad,7,"[35, 70, 15, 25, 20, 45, 140]",0.0,0.0,1.0
squad,7,"[35, 70, 20, 15, 25, 45, 140]",0.0,0.0,1.0
squad,7,"[35, 70, 20, 25, 45, 140, 15]",0.0,0.0,1.0
squad,7,"[35, 70, 25, 20, 140, 15, 45]",0.0,0.0,1.0
squad,7,"[35, 70, 25, 20, 140, 45, 15]",1.0,1.0,1.0
squad,7,"[35, 70, 25, 45, 15, 140, 20]",0.0,0.0,1.0
squad,7,"[35, 70, 45, 140, 20, 15, 25]",0.0,0.0,0.0
squad,7,"[35, 70, 45, 140, 25, 20, 15]",0.0,0.0,1.0
squad,7,"[35, 70, 45, 20, 15, 25, 140]",0.0,0.6666666666666666,1.0
squad,7,"[45, 140, 15, 20, 35, 25, 70]",0.0,0.0,1.0
squad,7,"[45, 140, 15, 25, 20, 35, 70]",1.0,1.0,1.0
squad,7,"[45, 140, 15, 25, 70, 35, 20]",0.0,0.0,1.0
squad,7,"[45, 140, 15, 70, 35, 25, 20]",0.0,0.0,1.0
squad,7,"[45, 140, 20, 15, 25, 35, 70]",0.0,0.0,1.0
squad,7,"[45, 140, 20, 15, 35, 70, 25]",0.0,0.11111111111111112,0.5
squad,7,"[45, 140, 20, 15, 70, 35, 25]",1.0,1.0,1.0
squad,7,"[45, 140, 20, 25, 70, 15, 35]",1.0,1.0,1.0
squad,7,"[45, 140, 20, 35, 70, 25, 15]",0.0,0.0,0.0
squad,7,"[45, 140, 20, 70, 25, 15, 35]",0.0,0.3333333333333333,1.0
squad,7,"[45, 140, 25, 15, 70, 20, 35]",0.0,0.0,0.6666666666666666
squad,7,"[45, 140, 25, 35, 15, 70, 20]",0.0,0.0,1.0
squad,7,"[45, 140, 25, 70, 35, 20, 15]",0.0,0.0,1.0
squad,7,"[45, 140, 35, 20, 15, 70, 25]",0.0,0.0,1.0
squad,7,"[45, 140, 35, 20, 25, 70, 15]",0.0,0.0,1.0
squad,7,"[45, 140, 35, 25, 70, 15, 20]",0.0,0.0,1.0
squad,7,"[45, 140, 70, 20, 25, 35, 15]",0.0,0.0,0.0
squad,7,"[45, 140, 70, 35, 25, 15, 20]",0.0,0.0,1.0
squad,7,"[45, 15, 140, 25, 35, 70, 20]",1.0,1.0,1.0
squad,7,"[45, 15, 140, 35, 20, 70, 25]",0.5,0.5,1.0
squad,7,"[45, 15, 140, 70, 25, 35, 20]",0.0,0.0,1.0
squad,7,"[45, 15, 140, 70, 35, 20, 25]",0.0,0.0,1.0
squad,7,"[45, 15, 140, 70, 35, 25, 20]",1.0,1.0,1.0
squad,7,"[45, 15, 20, 35, 140, 25, 70]",0.0,0.6666666666666666,1.0
squad,7,"[45, 15, 20, 35, 25, 70, 140]",0.0,0.0,1.0
squad,7,"[45, 15, 20, 70, 25, 35, 140]",0.0,0.3333333333333333,1.0
squad,7,"[45, 15, 20, 70, 35, 25, 140]",0.0,0.0,1.0
squad,7,"[45, 15, 25, 20, 140, 70, 35]",0.0,0.0,1.0
squad,7,"[45, 15, 25, 35, 20, 140, 70]",0.5,0.5,1.0
squad,7,"[45, 15, 25, 70, 35, 140, 20]",0.0,0.0,1.0
squad,7,"[45, 15, 25, 70, 35, 20, 140]",0.0,0.0,1.0
squad,7,"[45, 15, 35, 140, 20, 70, 25]",1.0,1.0,1.0
squad,7,"[45, 15, 70, 20, 140, 25, 35]",0.0,0.0,1.0
squad,7,"[45, 15, 70, 20, 25, 140, 35]",0.0,0.0,1.0
squad,7,"[45, 15, 70, 20, 25, 35, 140]",0.5,0.5,1.0
squad,7,"[45, 15, 70, 20, 35, 25, 140]",0.0,0.0,1.0
squad,7,"[45, 15, 70, 25, 20, 35, 140]",0.0,0.0,1.0
squad,7,"[45, 20, 140, 25, 15, 70, 35]",0.0,0.0,1.0
squad,7,"[45, 20, 140, 70, 15, 25, 35]",0.0,0.0,1.0
squad,7,"[45, 20, 140, 70, 25, 35, 15]",1.0,1.0,0.0
squad,7,"[45, 20, 140, 70, 35, 25, 15]",0.0,0.0,1.0
squad,7,"[45, 20, 15, 35, 140, 70, 25]",0.0,0.0,1.0
squad,7,"[45, 20, 25, 140, 35, 70, 15]",0.0,0.0,1.0
squad,7,"[45, 20, 25, 15, 140, 70, 35]",0.0,0.0,1.0
squad,7,"[45, 20, 25, 15, 35, 70, 140]",0.0,0.6666666666666666,1.0
squad,7,"[45, 20, 25, 35, 140, 70, 15]",0.0,0.0,1.0
squad,7,"[45, 20, 25, 35, 15, 70, 140]",0.5,0.5,1.0
squad,7,"[45, 20, 25, 70, 140, 15, 35]",0.0,0.0,1.0
squad,7,"[45, 20, 35, 15, 70, 25, 140]",0.5,0.8333333333333333,0.5
squad,7,"[45, 20, 35, 25, 140, 70, 15]",0.0,0.0,1.0
squad,7,"[45, 20, 35, 70, 140, 15, 25]",0.0,0.0,1.0
squad,7,"[45, 20, 35, 70, 25, 140, 15]",0.0,0.0,1.0
squad,7,"[45, 20, 70, 25, 35, 140, 15]",0.0,0.0,1.0
squad,7,"[45, 20, 70, 35, 140, 15, 25]",0.0,0.0,1.0
squad,7,"[45, 25, 140, 15, 35, 20, 70]",0.0,0.0,1.0
squad,7,"[45, 25, 140, 35, 20, 15, 70]",0.0,0.0,1.0
squad,7,"[45, 25, 140, 35, 20, 70, 15]",0.0,0.3478260869565218,1.0
squad,7,"[45, 25, 140, 70, 15, 20, 35]",1.0,1.0,1.0
squad,7,"[45, 25, 15, 140, 35, 70, 20]",0.0,0.0,1.0
squad,7,"[45, 25, 15, 20, 140, 70, 35]",0.0,0.0,0.0
squad,7,"[45, 25, 15, 20, 35, 140, 70]",0.0,0.0,1.0
squad,7,"[45, 25, 15, 35, 20, 70, 140]",0.0,0.0,1.0
squad,7,"[45, 25, 15, 70, 140, 20, 35]",0.0,0.0,1.0
squad,7,"[45, 25, 15, 70, 20, 140, 35]",1.0,1.0,1.0
squad,7,"[45, 25, 20, 15, 140, 35, 70]",0.0,0.6666666666666666,1.0
squad,7,"[45, 25, 20, 15, 70, 140, 35]",0.0,0.0,1.0
squad,7,"[45, 25, 20, 35, 70, 15, 140]",0.0,0.0,1.0
squad,7,"[45, 25, 20, 70, 35, 15, 140]",0.0,0.0,1.0
squad,7,"[45, 25, 35, 15, 140, 70, 20]",1.0,1.0,1.0
squad,7,"[45, 25, 35, 15, 70, 140, 20]",0.0,0.0,0.0
squad,7,"[45, 25, 35, 20, 70, 140, 15]",0.0,0.0,1.0
squad,7,"[45, 25, 70, 15, 35, 20, 140]",0.0,0.25,1.0
squad,7,"[45, 25, 70, 20, 15, 140, 35]",0.0,0.0,1.0
squad,7,"[45, 35, 140, 20, 15, 70, 25]",0.0,0.0,1.0
squad,7,"[45, 35, 140, 25, 15, 70, 20]",0.0,0.0,1.0
squad,7,"[45, 35, 140, 70, 25, 15, 20]",1.0,1.0,1.0
squad,7,"[45, 35, 20, 15, 140, 70, 25]",0.0,0.0,1.0
squad,7,"[45, 35, 20, 25, 140, 15, 70]",1.0,1.0,1.0
squad,7,"[45, 35, 20, 25, 140, 70, 15]",0.0,0.0,1.0
squad,7,"[45, 35, 20, 25, 70, 140, 15]",0.0,0.0,1.0
squad,7,"[45, 35, 20, 70, 15, 140, 25]",0.0,0.0,0.0
squad,7,"[45, 35, 20, 70, 25, 140, 15]",0.0,0.0,1.0
squad,7,"[45, 35, 25, 140, 15, 20, 70]",1.0,1.0,1.0
squad,7,"[45, 35, 25, 15, 140, 20, 70]",0.0,0.0,1.0
squad,7,"[45, 35, 25, 15, 20, 140, 70]",0.0,0.0,1.0
squad,7,"[45, 35, 25, 15, 70, 140, 20]",0.0,0.1,1.0
squad,7,"[45, 35, 25, 70, 140, 20, 15]",1.0,1.0,1.0
squad,7,"[45, 35, 25, 70, 20, 140, 15]",0.0,0.0,1.0
squad,7,"[45, 35, 70, 140, 20, 25, 15]",0.0,0.0,1.0
squad,7,"[45, 35, 70, 15, 140, 25, 20]",1.0,1.0,1.0
squad,7,"[45, 35, 70, 25, 140, 20, 15]",0.0,0.0,1.0
squad,7,"[45, 35, 70, 25, 20, 15, 140]",0.0,0.0,1.0
squad,7,"[45, 70, 140, 20, 35, 15, 25]",0.0,0.6666666666666666,1.0
squad,7,"[45, 70, 140, 20, 35, 25, 15]",0.3333333333333333,0.3333333333333333,1.0
squad,7,"[45, 70, 140, 25, 15, 35, 20]",0.0,0.0,1.0
squad,7,"[45, 70, 140, 35, 15, 20, 25]",0.0,0.0,0.0
squad,7,"[45, 70, 140, 35, 25, 15, 20]",0.0,0.0,1.0
squad,7,"[45, 70, 15, 140, 35, 20, 25]",0.0,0.0,1.0
squad,7,"[45, 70, 15, 20, 140, 35, 25]",0.0,0.0,1.0
squad,7,"[45, 70, 15, 20, 35, 140, 25]",0.0,0.0,0.0
squad,7,"[45, 70, 15, 25, 140, 35, 20]",1.0,1.0,1.0
squad,7,"[45, 70, 15, 35, 20, 25, 140]",0.0,0.0,1.0
squad,7,"[45, 70, 15, 35, 25, 140, 20]",0.0,0.0,1.0
squad,7,"[45, 70, 20, 140, 15, 35, 25]",0.0,0.3333333333333333,1.0
squad,7,"[45, 70, 20, 140, 35, 25, 15]",1.0,1.0,1.0
squad,7,"[45, 70, 20, 15, 25, 35, 140]",0.0,0.0,1.0
squad,7,"[45, 70, 20, 25, 35, 140, 15]",0.0,0.0,1.0
squad,7,"[45, 70, 20, 25, 35, 15, 140]",1.0,1.0,1.0
squad,7,"[45, 70, 25, 140, 15, 20, 35]",0.0,0.0,1.0
squad,7,"[45, 70, 25, 20, 140, 15, 35]",1.0,1.0,1.0
squad,7,"[45, 70, 25, 20, 15, 35, 140]",1.0,1.0,1.0
squad,7,"[45, 70, 25, 35, 140, 20, 15]",0.0,0.0,1.0
squad,7,"[45, 70, 35, 140, 15, 20, 25]",0.5,0.5,1.0
squad,7,"[45, 70, 35, 140, 15, 25, 20]",1.0,1.0,1.0
squad,7,"[45, 70, 35, 140, 25, 20, 15]",0.0,0.0,1.0
squad,7,"[45, 70, 35, 20, 140, 15, 25]",0.0,0.0,1.0
squad,7,"[45, 70, 35, 20, 140, 25, 15]",1.0,1.0,1.0
squad,7,"[45, 70, 35, 20, 15, 140, 25]",0.0,0.0,1.0
squad,7,"[70, 140, 15, 25, 45, 35, 20]",0.5,0.5,1.0
squad,7,"[70, 140, 15, 35, 25, 20, 45]",0.0,0.0,1.0
squad,7,"[70, 140, 15, 45, 20, 25, 35]",0.0,0.0,1.0
squad,7,"[70, 140, 20, 35, 15, 25, 45]",0.0,0.0,1.0
squad,7,"[70, 140, 20, 45, 25, 15, 35]",1.0,1.0,1.0
squad,7,"[70, 140, 20, 45, 35, 25, 15]",0.0,0.0,1.0
squad,7,"[70, 140, 25, 20, 15, 35, 45]",0.0,0.25,1.0
squad,7,"[70, 140, 25, 35, 15, 45, 20]",0.0,0.0,1.0
squad,7,"[70, 140, 25, 35, 20, 15, 45]",0.0,0.0,1.0
squad,7,"[70, 140, 35, 15, 25, 20, 45]",0.0,0.0,1.0
squad,7,"[70, 140, 35, 15, 25, 45, 20]",1.0,1.0,1.0
squad,7,"[70, 140, 35, 25, 45, 20, 15]",0.0,0.0,1.0
squad,7,"[70, 140, 35, 45, 25, 20, 15]",0.0,0.6666666666666666,1.0
squad,7,"[70, 140, 45, 20, 15, 25, 35]",0.0,0.0,1.0
squad,7,"[70, 140, 45, 20, 35, 25, 15]",1.0,1.0,1.0
squad,7,"[70, 15, 140, 20, 45, 35, 25]",1.0,1.0,0.0
squad,7,"[70, 15, 140, 25, 45, 20, 35]",0.0,0.0,1.0
squad,7,"[70, 15, 140, 35, 25, 45, 20]",1.0,1.0,1.0
squad,7,"[70, 15, 140, 45, 25, 35, 20]",0.0,0.19999999999999998,1.0
squad,7,"[70, 15, 20, 140, 45, 35, 25]",0.0,0.0,1.0
squad,7,"[70, 15, 20, 25, 140, 35, 45]",0.5,0.5,1.0
squad,7,"[70, 15, 20, 35, 45, 25, 140]",0.0,0.0,1.0
squad,7,"[70, 15, 25, 140, 20, 45, 35]",0.0,0.0,1.0
squad,7,"[70, 15, 25, 140, 45, 20, 35]",1.0,1.0,1.0
squad,7,"[70, 15, 25, 140, 45, 35, 20]",0.0,0.0,1.0
squad,7,"[70, 15, 25, 20, 45, 35, 140]",1.0,1.0,1.0
squad,7,"[70, 15, 25, 35, 140, 20, 45]",1.0,1.0,1.0
squad,7,"[70, 15, 25, 45, 140, 20, 35]",1.0,1.0,1.0
squad,7,"[70, 15, 25, 45, 35, 20, 140]",0.0,0.0,0.0
squad,7,"[70, 15, 35, 140, 45, 20, 25]",0.0,0.0,1.0
squad,7,"[70, 15, 35, 25, 20, 140, 45]",1.0,1.0,1.0
squad,7,"[70, 15, 45, 140, 20, 35, 25]",0.0,0.0,1.0
squad,7,"[70, 15, 45, 25, 20, 140, 35]",0.0,0.0,1.0
squad,7,"[70, 20, 140, 15, 25, 35, 45]",0.0,0.6666666666666666,1.0
squad,7,"[70, 20, 140, 15, 45, 25, 35]",0.0,0.0,1.0
squad,7,"[70, 20, 140, 25, 15, 45, 35]",0.0,0.0,1.0
squad,7,"[70, 20, 140, 25, 45, 35, 15]",1.0,1.0,1.0
squad,7,"[70, 20, 140, 35, 15, 45, 25]",1.0,1.0,1.0
squad,7,"[70, 20, 140, 35, 45, 15, 25]",0.0,0.0,1.0
squad,7,"[70, 20, 140, 45, 25, 35, 15]",1.0,1.0,1.0
squad,7,"[70, 20, 15, 140, 25, 35, 45]",0.0,0.0,1.0
squad,7,"[70, 20, 15, 140, 35, 45, 25]",0.0,0.25,0.0
squad,7,"[70, 20, 15, 25, 35, 140, 45]",0.0,0.6666666666666666,1.0
squad,7,"[70, 20, 15, 35, 25, 140, 45]",0.0,0.3333333333333333,1.0
squad,7,"[70, 20, 15, 35, 45, 25, 140]",0.0,0.0,1.0
squad,7,"[70, 20, 15, 45, 25, 35, 140]",1.0,1.0,1.0
squad,7,"[70, 20, 25, 140, 15, 45, 35]",0.0,0.0,0.0
squad,7,"[70, 20, 25, 15, 45, 140, 35]",1.0,1.0,1.0
squad,7,"[70, 20, 25, 35, 140, 15, 45]",0.0,0.0,0.0
squad,7,"[70, 20, 25, 45, 140, 15, 35]",0.0,0.0,0.0
squad,7,"[70, 20, 25, 45, 15, 140, 35]",1.0,1.0,1.0
squad,7,"[70, 20, 35, 140, 15, 45, 25]",0.0,0.07692307692307693,1.0
squad,7,"[70, 20, 35, 140, 25, 15, 45]",0.0,0.0,1.0
squad,7,"[70, 20, 35, 15, 140, 45, 25]",0.0,0.0,1.0
squad,7,"[70, 20, 35, 25, 140, 15, 45]",0.0,0.42857142857142855,1.0
squad,7,"[70, 20, 35, 25, 45, 140, 15]",0.0,0.0,1.0
squad,7,"[70, 20, 35, 45, 15, 25, 140]",1.0,1.0,1.0
squad,7,"[70, 20, 35, 45, 25, 140, 15]",0.0,0.4444444444444444,0.0
squad,7,"[70, 20, 45, 140, 15, 25, 35]",0.0,0.0,1.0
squad,7,"[70, 20, 45, 140, 25, 35, 15]",1.0,1.0,1.0
squad,7,"[70, 20, 45, 15, 35, 25, 140]",0.0,0.0,1.0
squad,7,"[70, 20, 45, 25, 35, 15, 140]",0.0,0.0,1.0
squad,7,"[70, 20, 45, 35, 15, 140, 25]",1.0,1.0,1.0
squad,7,"[70, 20, 45, 35, 25, 140, 15]",1.0,1.0,1.0
squad,7,"[70, 20, 45, 35, 25, 15, 140]",0.0,0.0,1.0
squad,7,"[70, 25, 140, 15, 20, 35, 45]",1.0,1.0,0.0
squad,7,"[70, 25, 140, 15, 35, 20, 45]",0.0,0.0,0.0
squad,7,"[70, 25, 140, 20, 35, 45, 15]",0.0,0.0,1.0
squad,7,"[70, 25, 140, 45, 35, 20, 15]",1.0,1.0,1.0
squad,7,"[70, 25, 15, 140, 20, 45, 35]",0.0,0.0,1.0
squad,7,"[70, 25, 15, 35, 45, 140, 20]",0.0,0.0,1.0
squad,7,"[70, 25, 15, 45, 20, 140, 35]",0.0,0.0,1.0
squad,7,"[70, 25, 15, 45, 20, 35, 140]",0.0,0.0,0.0
squad,7,"[70, 25, 20, 140, 15, 45, 35]",1.0,1.0,1.0
squad,7,"[70, 25, 20, 140, 35, 45, 15]",0.0,0.0,0.0
squad,7,"[70, 25, 20, 15, 140, 45, 35]",1.0,1.0,1.0
squad,7,"[70, 25, 20, 35, 45, 15, 140]",0.3333333333333333,0.38095238095238093,1.0
squad,7,"[70, 25, 20, 45, 140, 15, 35]",0.0,0.0,1.0
squad,7,"[70, 25, 35, 140, 20, 45, 15]",1.0,1.0,1.0
squad,7,"[70, 25, 35, 140, 45, 15, 20]",1.0,1.0,1.0
squad,7,"[70, 25, 35, 20, 15, 140, 45]",0.0,0.0,1.0
squad,7,"[70, 25, 35, 20, 15, 45, 140]",0.5,0.8333333333333333,1.0
squad,7,"[70, 25, 35, 45, 140, 20, 15]",0.5,0.5,1.0
squad,7,"[70, 25, 35, 45, 20, 140, 15]",0.0,0.0,1.0
squad,7,"[70, 25, 45, 140, 15, 20, 35]",1.0,1.0,1.0
squad,7,"[70, 25, 45, 15, 35, 20, 140]",1.0,1.0,1.0
squad,7,"[70, 25, 45, 35, 140, 20, 15]",0.0,0.0,1.0
squad,7,"[70, 25, 45, 35, 15, 20, 140]",0.0,0.0,1.0
squad,7,"[70, 35, 140, 20, 25, 45, 15]",0.0,0.0,0.0
squad,7,"[70, 35, 140, 25, 15, 20, 45]",0.0,0.0,1.0
squad,7,"[70, 35, 140, 25, 20, 45, 15]",1.0,1.0,1.0
squad,7,"[70, 35, 140, 25, 45, 20, 15]",0.0,0.0,0.0
squad,7,"[70, 35, 140, 45, 20, 15, 25]",1.0,1.0,1.0
squad,7,"[70, 35, 140, 45, 20, 25, 15]",0.0,0.0,1.0
squad,7,"[70, 35, 140, 45, 25, 20, 15]",1.0,1.0,1.0
squad,7,"[70, 35, 15, 25, 20, 45, 140]",0.0,0.0,1.0
squad,7,"[70, 35, 15, 25, 45, 140, 20]",1.0,1.0,1.0
squad,7,"[70, 35, 15, 45, 140, 20, 25]",1.0,1.0,1.0
squad,7,"[70, 35, 15, 45, 20, 140, 25]",0.0,0.0,1.0
squad,7,"[70, 35, 20, 140, 15, 45, 25]",0.0,0.0,1.0
squad,7,"[70, 35, 20, 140, 25, 15, 45]",0.0,0.0,1.0
squad,7,"[70, 35, 20, 15, 140, 45, 25]",0.5,0.5,1.0
squad,7,"[70, 35, 20, 15, 25, 140, 45]",0.0,0.0,0.0
squad,7,"[70, 35, 20, 15, 45, 140, 25]",0.0,0.0,1.0
squad,7,"[70, 35, 20, 25, 140, 15, 45]",1.0,1.0,1.0
squad,7,"[70, 35, 25, 140, 15, 45, 20]",0.0,0.0,1.0
squad,7,"[70, 35, 25, 140, 20, 45, 15]",0.0,0.0,1.0
squad,7,"[70, 35, 25, 140, 45, 20, 15]",1.0,1.0,1.0
squad,7,"[70, 35, 25, 15, 45, 140, 20]",0.0,0.0,1.0
squad,7,"[70, 35, 25, 20, 140, 45, 15]",0.5,0.5,1.0
squad,7,"[70, 35, 25, 45, 140, 15, 20]",0.0,0.0,1.0
squad,7,"[70, 35, 45, 140, 15, 20, 25]",0.0,0.4444444444444445,1.0
squad,7,"[70, 35, 45, 15, 140, 25, 20]",0.0,0.0,1.0
squad,7,"[70, 35, 45, 15, 25, 140, 20]",0.0,0.0,0.0
squad,7,"[70, 35, 45, 20, 140, 25, 15]",1.0,1.0,1.0
squad,7,"[70, 35, 45, 25, 20, 140, 15]",0.0,0.0,1.0
squad,7,"[70, 45, 140, 20, 15, 35, 25]",0.0,0.0,1.0
squad,7,"[70, 45, 140, 35, 15, 20, 25]",0.0,0.0,1.0
squad,7,"[70, 45, 140, 35, 15, 25, 20]",0.0,0.0,1.0
squad,7,"[70, 45, 140, 35, 20, 15, 25]",0.0,0.0,1.0
squad,7,"[70, 45, 15, 35, 20, 25, 140]",0.0,0.0,1.0
squad,7,"[70, 45, 20, 140, 15, 25, 35]",0.0,0.0,0.0
squad,7,"[70, 45, 20, 35, 140, 15, 25]",1.0,1.0,1.0
squad,7,"[70, 45, 25, 140, 20, 35, 15]",1.0,1.0,1.0
squad,7,"[70, 45, 25, 15, 140, 35, 20]",1.0,1.0,1.0
squad,7,"[70, 45, 25, 15, 35, 140, 20]",0.0,0.0,1.0
squad,7,"[70, 45, 25, 20, 35, 140, 15]",0.0,0.0,1.0
squad,7,"[70, 45, 35, 140, 15, 20, 25]",1.0,1.0,1.0
squad,7,"[70, 45, 35, 15, 140, 20, 25]",0.0,0.0,1.0
squad,7,"[70, 45, 35, 15, 140, 25, 20]",0.0,0.0,1.0
squad,7,"[70, 45, 35, 15, 20, 140, 25]",1.0,1.0,1.0
squad,7,"[70, 45, 35, 20, 15, 140, 25]",1.0,1.0,1.0
squad,7,"[70, 45, 35, 20, 25, 15, 140]",0.0,0.0,0.0
squad,7,"[70, 45, 35, 25, 20, 140, 15]",0.0,0.0,1.0
