sample_index,question_id,top_k,allocation,document_budgets,exact_match,f1,retrieval_recall
0,56be4db0acb8001400a502ec,1,uniform,[350],1,1.0,1
1,56be4db0acb8001400a502ed,1,uniform,[350],0,0.0,1
2,56be4db0acb8001400a502ee,1,uniform,[350],0,0.0,0
3,56be4db0acb8001400a502ef,1,uniform,[350],1,1.0,1
4,56be4db0acb8001400a502f0,1,uniform,[350],1,1.0,1
5,56be8e613aeaaa14008c90d1,1,uniform,[350],0,0.0,0
6,56be8e613aeaaa14008c90d2,1,uniform,[350],1,1.0,1
7,56be8e613aeaaa14008c90d3,1,uniform,[350],0,0.0,0
8,56bea9923aeaaa14008c91b9,1,uniform,[350],0,0.0,0
9,56bea9923aeaaa14008c91ba,1,uniform,[350],0,0.0,0
10,56bea9923aeaaa14008c91bb,1,uniform,[350],0,0.0,0
11,56beace93aeaaa14008c91df,1,uniform,[350],0,0.0,0
12,56beace93aeaaa14008c91e0,1,uniform,[350],0,0.5,0
13,56beace93aeaaa14008c91e1,1,uniform,[350],0,0.0,0
14,56beace93aeaaa14008c91e2,1,uniform,[350],1,1.0,0
15,56beace93aeaaa14008c91e3,1,uniform,[350],1,1.0,1
16,56bf10f43aeaaa14008c94fd,1,uniform,[350],0,0.0,0
17,56bf10f43aeaaa14008c94fe,1,uniform,[350],0,0.0,0
18,56bf10f43aeaaa14008c94ff,1,uniform,[350],1,1.0,0
19,56bf10f43aeaaa14008c9500,1,uniform,[350],0,0.0,0
20,56bf10f43aeaaa14008c9501,1,uniform,[350],0,0.5,0
21,56d20362e7d4791d009025e8,1,uniform,[350],0,0.0,0
22,56d20362e7d4791d009025e9,1,uniform,[350],0,0.0,0
23,56d20362e7d4791d009025ea,1,uniform,[350],0,0.0,0
24,56d20362e7d4791d009025eb,1,uniform,[350],0,0.0,0
25,56d600e31c85041400946eae,1,uniform,[350],1,1.0,1
26,56d600e31c85041400946eb0,1,uniform,[350],0,0.6666666666666666,0
27,56d600e31c85041400946eb1,1,uniform,[350],0,0.0,0
28,56d9895ddc89441400fdb50e,1,uniform,[350],0,0.0,0
29,56d9895ddc89441400fdb510,1,uniform,[350],1,1.0,0
30,56be4e1facb8001400a502f6,1,uniform,[350],1,1.0,1
31,56be4e1facb8001400a502f9,1,uniform,[350],1,1.0,0
32,56be4e1facb8001400a502fa,1,uniform,[350],0,0.0,0
33,56beaa4a3aeaaa14008c91c2,1,uniform,[350],0,0.0,0
34,56beaa4a3aeaaa14008c91c3,1,uniform,[350],0,0.0,0
35,56bead5a3aeaaa14008c91e9,1,uniform,[350],1,1.0,0
36,56bead5a3aeaaa14008c91ea,1,uniform,[350],1,1.0,1
37,56bead5a3aeaaa14008c91eb,1,uniform,[350],0,0.0,0
38,56bead5a3aeaaa14008c91ec,1,uniform,[350],0,0.0,0
39,56bead5a3aeaaa14008c91ed,1,uniform,[350],1,1.0,1
40,56bf159b3aeaaa14008c9507,1,uniform,[350],1,1.0,0
41,56bf159b3aeaaa14008c9508,1,uniform,[350],0,0.0,0
42,56bf159b3aeaaa14008c9509,1,uniform,[350],0,0.0,0
43,56bf159b3aeaaa14008c950a,1,uniform,[350],1,1.0,0
44,56bf159b3aeaaa14008c950b,1,uniform,[350],0,0.0,1
45,56d2045de7d4791d009025f3,1,uniform,[350],1,1.0,0
46,56d2045de7d4791d009025f4,1,uniform,[350],0,0.0,0
47,56d2045de7d4791d009025f5,1,uniform,[350],0,0.0,0
48,56d2045de7d4791d009025f6,1,uniform,[350],1,1.0,0
49,56d6017d1c85041400946ebe,1,uniform,[350],1,1.0,1
50,56d6017d1c85041400946ec1,1,uniform,[350],1,1.0,0
51,56d6017d1c85041400946ec2,1,uniform,[350],1,1.0,0
52,56d98a59dc89441400fdb52a,1,uniform,[350],0,0.0,0
53,56d98a59dc89441400fdb52b,1,uniform,[350],0,0.0,0
54,56d98a59dc89441400fdb52e,1,uniform,[350],0,0.0,0
55,56be4eafacb8001400a50302,1,uniform,[350],0,0.0,0
56,56be4eafacb8001400a50303,1,uniform,[350],1,1.0,1
57,56be4eafacb8001400a50304,1,uniform,[350],0,0.0,0
58,56beab833aeaaa14008c91d2,1,uniform,[350],1,1.0,1
59,56beab833aeaaa14008c91d3,1,uniform,[350],0,0.0,1
60,56beab833aeaaa14008c91d4,1,uniform,[350],1,1.0,1
61,56beae423aeaaa14008c91f4,1,uniform,[350],1,1.0,1
62,56beae423aeaaa14008c91f5,1,uniform,[350],0,0.0,0
63,56beae423aeaaa14008c91f6,1,uniform,[350],0,0.0,1
64,56beae423aeaaa14008c91f7,1,uniform,[350],0,0.0,1
65,56bf17653aeaaa14008c9511,1,uniform,[350],0,0.0,0
66,56bf17653aeaaa14008c9513,1,uniform,[350],1,1.0,1
67,56bf17653aeaaa14008c9514,1,uniform,[350],1,1.0,1
68,56bf17653aeaaa14008c9515,1,uniform,[350],1,1.0,1
69,56d204ade7d4791d00902603,1,uniform,[350],0,0.0,0
70,56d204ade7d4791d00902604,1,uniform,[350],1,1.0,0
71,56d601e41c85041400946ece,1,uniform,[350],1,1.0,1
72,56d601e41c85041400946ecf,1,uniform,[350],0,0.0,1
73,56d601e41c85041400946ed0,1,uniform,[350],1,1.0,1
74,56d601e41c85041400946ed1,1,uniform,[350],0,0.0,0
75,56d601e41c85041400946ed2,1,uniform,[350],1,1.0,0
76,56d98b33dc89441400fdb53b,1,uniform,[350],0,0.0,0
77,56d98b33dc89441400fdb53c,1,uniform,[350],0,0.0,1
78,56d98b33dc89441400fdb53d,1,uniform,[350],0,0.0,0
79,56d98b33dc89441400fdb53e,1,uniform,[350],0,0.0,1
80,56be5333acb8001400a5030a,1,uniform,[350],1,1.0,1
81,56be5333acb8001400a5030b,1,uniform,[350],1,1.0,1
82,56be5333acb8001400a5030c,1,uniform,[350],1,1.0,1
83,56be5333acb8001400a5030d,1,uniform,[350],1,1.0,1
84,56be5333acb8001400a5030e,1,uniform,[350],1,1.0,0
85,56beaf5e3aeaaa14008c91fd,1,uniform,[350],1,1.0,1
86,56beaf5e3aeaaa14008c91fe,1,uniform,[350],1,1.0,1
87,56beaf5e3aeaaa14008c91ff,1,uniform,[350],1,1.0,1
88,56beaf5e3aeaaa14008c9200,1,uniform,[350],0,0.0,1
89,56beaf5e3aeaaa14008c9201,1,uniform,[350],0,0.0,0
90,56bf1ae93aeaaa14008c951b,1,uniform,[350],0,0.0,0
91,56bf1ae93aeaaa14008c951c,1,uniform,[350],1,1.0,1
92,56bf1ae93aeaaa14008c951e,1,uniform,[350],0,0.0,1
93,56bf1ae93aeaaa14008c951f,1,uniform,[350],0,0.0,1
94,56d2051ce7d4791d00902608,1,uniform,[350],0,0.0,0
95,56d2051ce7d4791d00902609,1,uniform,[350],0,0.0,0
96,56d2051ce7d4791d0090260a,1,uniform,[350],1,1.0,1
97,56d2051ce7d4791d0090260b,1,uniform,[350],0,0.8,0
98,56d602631c85041400946ed8,1,uniform,[350],1,1.0,1
99,56d602631c85041400946eda,1,uniform,[350],1,1.0,1
100,56d602631c85041400946edb,1,uniform,[350],1,1.0,1
101,56d602631c85041400946edc,1,uniform,[350],0,0.6666666666666666,1
102,56d98c53dc89441400fdb544,1,uniform,[350],0,0.0,0
103,56d98c53dc89441400fdb545,1,uniform,[350],0,0.0,1
104,56d98c53dc89441400fdb546,1,uniform,[350],1,1.0,1
105,56d98c53dc89441400fdb548,1,uniform,[350],0,0.0,1
106,56be53b8acb8001400a50314,1,uniform,[350],1,1.0,1
107,56be53b8acb8001400a50315,1,uniform,[350],1,1.0,1
108,56be53b8acb8001400a50316,1,uniform,[350],1,1.0,1
109,56beafca3aeaaa14008c9207,1,uniform,[350],0,0.0,0
110,56beafca3aeaaa14008c9208,1,uniform,[350],0,0.09090909090909091,0
111,56bf42f53aeaaa14008c95a3,1,uniform,[350],1,1.0,1
112,56d2053ae7d4791d00902610,1,uniform,[350],1,1.0,1
113,56d6edd00d65d21400198250,1,uniform,[350],1,1.0,1
114,56d6edd00d65d21400198251,1,uniform,[350],1,1.0,1
115,56d98d0adc89441400fdb54e,1,uniform,[350],1,1.0,1
116,56d98d0adc89441400fdb54f,1,uniform,[350],1,1.0,1
117,56be5438acb8001400a5031a,1,uniform,[350],0,0.0,0
118,56be5438acb8001400a5031b,1,uniform,[350],0,0.3333333333333333,0
119,56be5438acb8001400a5031c,1,uniform,[350],0,0.4,0
120,56beb03c3aeaaa14008c920b,1,uniform,[350],0,0.0,0
121,56beb03c3aeaaa14008c920d,1,uniform,[350],0,0.0,0
122,56bf3c633aeaaa14008c9580,1,uniform,[350],1,1.0,0
123,56bf3c633aeaaa14008c9581,1,uniform,[350],0,0.0,0
124,56bf3c633aeaaa14008c9582,1,uniform,[350],1,1.0,0
125,56d20564e7d4791d00902612,1,uniform,[350],0,0.1,0
126,56d6ee6e0d65d21400198254,1,uniform,[350],0,0.0,0
127,56d6ee6e0d65d21400198255,1,uniform,[350],1,1.0,1
128,56d6ee6e0d65d21400198256,1,uniform,[350],1,1.0,0
129,56d6ee6e0d65d21400198257,1,uniform,[350],0,0.0,0
130,56d6ee6e0d65d21400198258,1,uniform,[350],1,1.0,0
131,56d98db6dc89441400fdb552,1,uniform,[350],1,1.0,0
132,56d98db6dc89441400fdb553,1,uniform,[350],0,0.0,0
133,56d98db6dc89441400fdb554,1,uniform,[350],1,1.0,0
134,56be54bdacb8001400a50322,1,uniform,[350],1,1.0,1
135,56be54bdacb8001400a50323,1,uniform,[350],1,1.0,1
136,56be54bdacb8001400a50324,1,uniform,[350],1,1.0,1
137,56be54bdacb8001400a50325,1,uniform,[350],1,1.0,1
138,56be54bdacb8001400a50326,1,uniform,[350],0,0.0,0
139,56beb0f43aeaaa14008c921b,1,uniform,[350],0,0.8571428571428571,0
140,56beb0f43aeaaa14008c921c,1,uniform,[350],1,1.0,1
141,56beb0f43aeaaa14008c921d,1,uniform,[350],0,0.5,0
142,56beb0f43aeaaa14008c921e,1,uniform,[350],1,1.0,1
143,56beb0f43aeaaa14008c921f,1,uniform,[350],1,1.0,1
144,56bf21b43aeaaa14008c9525,1,uniform,[350],1,1.0,1
145,56bf21b43aeaaa14008c9526,1,uniform,[350],0,0.6666666666666666,1
146,56bf21b43aeaaa14008c9528,1,uniform,[350],0,0.0,1
147,56bf21b43aeaaa14008c9529,1,uniform,[350],0,0.0,1
148,56d6ef6a0d65d21400198260,1,uniform,[350],0,0.0,0
149,56d6ef6a0d65d21400198262,1,uniform,[350],0,0.0,1
150,56d98f0ddc89441400fdb558,1,uniform,[350],1,1.0,1
151,56d98f0ddc89441400fdb559,1,uniform,[350],1,1.0,1
152,56d98f0ddc89441400fdb55a,1,uniform,[350],0,0.0,1
153,56d98f0ddc89441400fdb55b,1,uniform,[350],1,1.0,1
154,56d98f0ddc89441400fdb55c,1,uniform,[350],1,1.0,1
155,56be5523acb8001400a5032c,1,uniform,[350],1,1.0,1
156,56be5523acb8001400a5032d,1,uniform,[350],0,0.0,0
157,56be5523acb8001400a5032e,1,uniform,[350],0,0.0,0
158,56be5523acb8001400a5032f,1,uniform,[350],0,0.0,0
159,56be5523acb8001400a50330,1,uniform,[350],0,0.3333333333333333,0
160,56beb2153aeaaa14008c9225,1,uniform,[350],1,1.0,1
161,56beb2153aeaaa14008c9226,1,uniform,[350],0,0.0,0
162,56beb2153aeaaa14008c9227,1,uniform,[350],0,0.0,0
163,56beb2153aeaaa14008c9228,1,uniform,[350],0,0.6666666666666666,0
164,56beb2153aeaaa14008c9229,1,uniform,[350],0,0.0,0
165,56bf23363aeaaa14008c952f,1,uniform,[350],0,0.0,0
166,56bf23363aeaaa14008c9530,1,uniform,[350],0,0.0,0
167,56bf23363aeaaa14008c9531,1,uniform,[350],0,0.0,0
168,56bf23363aeaaa14008c9532,1,uniform,[350],1,1.0,1
169,56bf23363aeaaa14008c9533,1,uniform,[350],1,1.0,1
170,56d6f0770d65d21400198268,1,uniform,[350],1,1.0,1
171,56d6f0770d65d21400198269,1,uniform,[350],0,0.0,0
172,56d6f0770d65d2140019826a,1,uniform,[350],0,0.0,0
173,56d6f0770d65d2140019826c,1,uniform,[350],1,1.0,1
174,56d98fbfdc89441400fdb562,1,uniform,[350],0,0.0,0
175,56d98fbfdc89441400fdb563,1,uniform,[350],0,0.0,0
176,56d98fbfdc89441400fdb564,1,uniform,[350],0,0.0,0
177,56d98fbfdc89441400fdb565,1,uniform,[350],0,0.0,0
178,56be572b3aeaaa14008c9052,1,uniform,[350],1,1.0,1
179,56beb2a03aeaaa14008c922f,1,uniform,[350],0,0.0,0
180,56beb2a03aeaaa14008c9230,1,uniform,[350],0,0.0,0
181,56beb2a03aeaaa14008c9231,1,uniform,[350],0,0.0,0
182,56beb2a03aeaaa14008c9232,1,uniform,[350],0,0.6666666666666666,0
183,56beb2a03aeaaa14008c9233,1,uniform,[350],1,1.0,1
184,56bf28c73aeaaa14008c9539,1,uniform,[350],1,1.0,1
185,56bf28c73aeaaa14008c953a,1,uniform,[350],0,0.0,1
186,56bf28c73aeaaa14008c953c,1,uniform,[350],0,0.6666666666666666,0
187,56bf28c73aeaaa14008c953d,1,uniform,[350],0,0.0,0
188,56d6f1190d65d21400198272,1,uniform,[350],0,0.0,0
189,56d6f1190d65d21400198273,1,uniform,[350],0,0.0,0
190,56d6f1190d65d21400198274,1,uniform,[350],0,0.6666666666666666,1
191,56d6f1190d65d21400198275,1,uniform,[350],1,1.0,1
192,56d6f1190d65d21400198276,1,uniform,[350],0,0.0,0
193,56d99179dc89441400fdb56c,1,uniform,[350],1,1.0,1
194,56d99179dc89441400fdb56d,1,uniform,[350],0,0.0,0
195,56d99179dc89441400fdb570,1,uniform,[350],1,1.0,1
196,56be59683aeaaa14008c9058,1,uniform,[350],1,1.0,1
197,56be59683aeaaa14008c9059,1,uniform,[350],1,1.0,1
198,56be59683aeaaa14008c905a,1,uniform,[350],0,0.0,1
199,56beb3083aeaaa14008c923d,1,uniform,[350],1,1.0,1
200,56beb3083aeaaa14008c923e,1,uniform,[350],1,1.0,1
201,56beb3083aeaaa14008c923f,1,uniform,[350],0,0.0,0
202,56beb3083aeaaa14008c9240,1,uniform,[350],0,0.0,0
203,56beb3083aeaaa14008c9241,1,uniform,[350],1,1.0,1
204,56bf2afe3aeaaa14008c9543,1,uniform,[350],0,0.0,0
205,56bf2afe3aeaaa14008c9544,1,uniform,[350],1,1.0,1
206,56bf2afe3aeaaa14008c9545,1,uniform,[350],1,1.0,1
207,56bf2afe3aeaaa14008c9547,1,uniform,[350],0,0.6666666666666666,1
208,56d6f2000d65d2140019827c,1,uniform,[350],1,1.0,1
209,56d6f2000d65d2140019827d,1,uniform,[350],0,0.0,0
210,56d6f2000d65d2140019827e,1,uniform,[350],1,1.0,1
211,56d6f2000d65d2140019827f,1,uniform,[350],1,1.0,1
212,56d9943fdc89441400fdb576,1,uniform,[350],1,1.0,1
213,56d9943fdc89441400fdb577,1,uniform,[350],1,1.0,1
214,56d9943fdc89441400fdb578,1,uniform,[350],1,1.0,1
215,56d9943fdc89441400fdb57a,1,uniform,[350],0,0.0,1
216,56beb3a03aeaaa14008c9247,1,uniform,[350],0,0.0,1
217,56beb3a03aeaaa14008c9248,1,uniform,[350],0,0.0,1
218,56beb3a03aeaaa14008c9249,1,uniform,[350],1,1.0,1
219,56beb3a03aeaaa14008c924a,1,uniform,[350],0,0.0,0
220,56beb3a03aeaaa14008c924b,1,uniform,[350],0,0.0,0
221,56bf6b303aeaaa14008c960b,1,uniform,[350],1,1.0,1
222,56bf6b303aeaaa14008c960c,1,uniform,[350],1,1.0,1
223,56bf6b303aeaaa14008c960d,1,uniform,[350],0,0.0,1
224,56bf6b303aeaaa14008c960e,1,uniform,[350],0,0.0,0
225,56bf6b303aeaaa14008c960f,1,uniform,[350],0,0.0,0
226,56d6f2960d65d21400198286,1,uniform,[350],0,0.0,0
227,56d6f2960d65d21400198287,1,uniform,[350],1,1.0,1
228,56d6f2960d65d21400198288,1,uniform,[350],1,1.0,1
229,56d6f2960d65d21400198289,1,uniform,[350],0,0.0,1
230,56d6f2960d65d2140019828a,1,uniform,[350],0,0.0,1
231,56d997cddc89441400fdb586,1,uniform,[350],0,0.0,1
232,56d997cddc89441400fdb587,1,uniform,[350],1,1.0,1
233,56d997cddc89441400fdb588,1,uniform,[350],0,0.0,1
234,56d997cddc89441400fdb589,1,uniform,[350],1,1.0,1
235,56d997cddc89441400fdb58a,1,uniform,[350],0,0.0,1
236,56beb4343aeaaa14008c925b,1,uniform,[350],1,1.0,1
237,56beb4343aeaaa14008c925c,1,uniform,[350],0,0.0,1
238,56beb4343aeaaa14008c925d,1,uniform,[350],0,0.0,0
239,56beb4343aeaaa14008c925e,1,uniform,[350],0,0.0,0
240,56beb4343aeaaa14008c925f,1,uniform,[350],1,1.0,1
241,56d6f3500d65d21400198290,1,uniform,[350],1,1.0,1
242,56d6f3500d65d21400198291,1,uniform,[350],1,1.0,1
243,56d6f3500d65d21400198292,1,uniform,[350],0,0.0,1
244,56d6f3500d65d21400198293,1,uniform,[350],0,0.0,1
245,56d6f3500d65d21400198294,1,uniform,[350],0,0.0,0
246,56d9992fdc89441400fdb59c,1,uniform,[350],0,0.0,1
247,56d9992fdc89441400fdb59e,1,uniform,[350],1,1.0,1
248,56d9992fdc89441400fdb59f,1,uniform,[350],0,0.6666666666666666,1
249,56d9992fdc89441400fdb5a0,1,uniform,[350],0,0.0,1
250,56beb4e43aeaaa14008c9265,1,uniform,[350],0,0.0,1
251,56beb4e43aeaaa14008c9266,1,uniform,[350],1,1.0,1
252,56beb4e43aeaaa14008c9267,1,uniform,[350],0,0.0,0
253,56beb4e43aeaaa14008c9268,1,uniform,[350],1,1.0,1
254,56beb4e43aeaaa14008c9269,1,uniform,[350],0,0.0,0
255,56bf301c3aeaaa14008c954d,1,uniform,[350],0,0.0,1
256,56bf301c3aeaaa14008c954e,1,uniform,[350],1,1.0,1
257,56bf301c3aeaaa14008c954f,1,uniform,[350],0,0.0,1
258,56bf301c3aeaaa14008c9550,1,uniform,[350],1,1.0,1
259,56bf301c3aeaaa14008c9551,1,uniform,[350],1,1.0,1
260,56d6f4030d65d2140019829a,1,uniform,[350],1,1.0,1
261,56d6f4030d65d2140019829b,1,uniform,[350],1,1.0,1
262,56d6f4030d65d2140019829c,1,uniform,[350],1,1.0,1
263,56d6f4030d65d2140019829d,1,uniform,[350],1,1.0,1
264,56d6f4030d65d2140019829e,1,uniform,[350],0,0.0,1
265,56d99b7bdc89441400fdb5c8,1,uniform,[350],1,1.0,0
266,56d99b7bdc89441400fdb5c9,1,uniform,[350],0,0.0,0
267,56d99b7bdc89441400fdb5ca,1,uniform,[350],1,1.0,0
268,56d99b7bdc89441400fdb5cb,1,uniform,[350],1,1.0,1
269,56d99b7bdc89441400fdb5cc,1,uniform,[350],0,0.0,1
270,56beb57b3aeaaa14008c9279,1,uniform,[350],1,1.0,1
271,56beb57b3aeaaa14008c927a,1,uniform,[350],0,0.0,0
272,56beb57b3aeaaa14008c927b,1,uniform,[350],0,0.0,0
273,56beb57b3aeaaa14008c927c,1,uniform,[350],0,0.0,0
274,56beb57b3aeaaa14008c927d,1,uniform,[350],0,0.0,1
275,56bf38383aeaaa14008c956b,1,uniform,[350],0,0.0,0
276,56bf38383aeaaa14008c956c,1,uniform,[350],0,0.0,0
277,56bf38383aeaaa14008c956d,1,uniform,[350],0,0.0,0
278,56bf38383aeaaa14008c956e,1,uniform,[350],0,0.0,0
279,56bf38383aeaaa14008c956f,1,uniform,[350],0,0.0,0
280,56d6fe0b0d65d214001982a4,1,uniform,[350],1,1.0,1
281,56d6fe0b0d65d214001982a5,1,uniform,[350],0,0.0,0
282,56d6fe0b0d65d214001982a6,1,uniform,[350],1,1.0,1
283,56d6fe0b0d65d214001982a7,1,uniform,[350],0,0.0,1
284,56d99c44dc89441400fdb5d6,1,uniform,[350],1,1.0,1
285,56d99c44dc89441400fdb5d7,1,uniform,[350],0,0.0,0
286,56d99c44dc89441400fdb5d8,1,uniform,[350],0,0.0,0
287,56d99c44dc89441400fdb5d9,1,uniform,[350],0,0.0,0
288,56d99c44dc89441400fdb5da,1,uniform,[350],1,1.0,1
289,56beb6533aeaaa14008c928d,1,uniform,[350],0,0.0,0
290,56beb6533aeaaa14008c928e,1,uniform,[350],0,0.0,1
291,56beb6533aeaaa14008c9290,1,uniform,[350],1,1.0,1
292,56beb6533aeaaa14008c9291,1,uniform,[350],0,0.0,1
293,56bf3e803aeaaa14008c9588,1,uniform,[350],1,1.0,1
294,56bf3e803aeaaa14008c9589,1,uniform,[350],1,1.0,1
295,56bf3e803aeaaa14008c958b,1,uniform,[350],1,1.0,1
296,56d6fea90d65d214001982ae,1,uniform,[350],0,0.0,0
297,56d6fea90d65d214001982af,1,uniform,[350],1,1.0,1
298,56d6fea90d65d214001982b0,1,uniform,[350],1,1.0,1
299,56d6fea90d65d214001982b2,1,uniform,[350],0,0.0,1
300,56d99da8dc89441400fdb5fd,1,uniform,[350],0,0.0,0
301,56d99da8dc89441400fdb5ff,1,uniform,[350],0,0.0,0
302,56d99da8dc89441400fdb600,1,uniform,[350],1,1.0,1
303,56beb6f23aeaaa14008c92a1,1,uniform,[350],1,1.0,1
304,56beb6f23aeaaa14008c92a2,1,uniform,[350],1,1.0,1
305,56beb6f23aeaaa14008c92a3,1,uniform,[350],1,1.0,1
306,56beb6f23aeaaa14008c92a4,1,uniform,[350],0,0.0,1
307,56beb6f23aeaaa14008c92a5,1,uniform,[350],0,0.0,1
308,56bf34293aeaaa14008c9559,1,uniform,[350],0,0.0,0
309,56bf34293aeaaa14008c955a,1,uniform,[350],0,0.0,0
310,56bf34293aeaaa14008c955b,1,uniform,[350],0,0.0,1
311,56d701280d65d214001982b8,1,uniform,[350],1,1.0,1
312,56d701280d65d214001982ba,1,uniform,[350],0,0.0,0
313,56d701280d65d214001982bc,1,uniform,[350],0,0.0,1
314,56d99e78dc89441400fdb616,1,uniform,[350],1,1.0,1
315,56d99e78dc89441400fdb618,1,uniform,[350],1,1.0,0
316,56d99e78dc89441400fdb619,1,uniform,[350],1,1.0,1
317,56d99e78dc89441400fdb61a,1,uniform,[350],0,0.0,0
318,56beb7953aeaaa14008c92ab,1,uniform,[350],0,0.0,0
319,56beb7953aeaaa14008c92ac,1,uniform,[350],1,1.0,1
320,56beb7953aeaaa14008c92ad,1,uniform,[350],1,1.0,0
321,56beb7953aeaaa14008c92ae,1,uniform,[350],1,1.0,1
322,56beb7953aeaaa14008c92af,1,uniform,[350],1,1.0,1
323,56bf36b93aeaaa14008c9561,1,uniform,[350],0,0.0,1
324,56bf36b93aeaaa14008c9562,1,uniform,[350],1,1.0,1
325,56bf36b93aeaaa14008c9563,1,uniform,[350],1,1.0,0
326,56bf36b93aeaaa14008c9564,1,uniform,[350],1,1.0,1
327,56bf36b93aeaaa14008c9565,1,uniform,[350],1,1.0,1
328,56d7018a0d65d214001982c2,1,uniform,[350],1,1.0,1
329,56d7018a0d65d214001982c3,1,uniform,[350],1,1.0,1
330,56d7018a0d65d214001982c5,1,uniform,[350],0,0.0,1
331,56d99f99dc89441400fdb628,1,uniform,[350],0,0.0,0
332,56d99f99dc89441400fdb629,1,uniform,[350],1,1.0,1
333,56d99f99dc89441400fdb62c,1,uniform,[350],1,1.0,1
334,56beb7fd3aeaaa14008c92b5,1,uniform,[350],0,0.0,0
335,56beb7fd3aeaaa14008c92b6,1,uniform,[350],1,1.0,1
336,56beb7fd3aeaaa14008c92b7,1,uniform,[350],0,0.0,1
337,56beb7fd3aeaaa14008c92b8,1,uniform,[350],0,0.0,0
338,56bf3a223aeaaa14008c9575,1,uniform,[350],0,0.0,1
339,56bf3a223aeaaa14008c9576,1,uniform,[350],1,1.0,1
340,56bf3a223aeaaa14008c9577,1,uniform,[350],0,0.0,0
341,56bf3a223aeaaa14008c9579,1,uniform,[350],1,1.0,1
342,56d703d10d65d214001982d6,1,uniform,[350],0,0.0,1
343,56d703d10d65d214001982d7,1,uniform,[350],0,0.0,0
344,56d703d10d65d214001982d8,1,uniform,[350],0,0.0,1
345,56d9a026dc89441400fdb632,1,uniform,[350],1,1.0,1
346,56beb86b3aeaaa14008c92bd,1,uniform,[350],1,1.0,1
347,56beb86b3aeaaa14008c92be,1,uniform,[350],1,1.0,1
348,56beb86b3aeaaa14008c92bf,1,uniform,[350],1,1.0,1
349,56beb86b3aeaaa14008c92c0,1,uniform,[350],1,1.0,1
350,56beb86b3aeaaa14008c92c1,1,uniform,[350],1,1.0,1
351,56bf3fd53aeaaa14008c9591,1,uniform,[350],0,0.0,0
352,56bf3fd53aeaaa14008c9592,1,uniform,[350],1,1.0,1
353,56bf3fd53aeaaa14008c9593,1,uniform,[350],0,0.0,0
354,56bf3fd53aeaaa14008c9594,1,uniform,[350],1,1.0,0
355,56bf3fd53aeaaa14008c9595,1,uniform,[350],0,0.0,0
356,56d704430d65d214001982de,1,uniform,[350],1,1.0,1
357,56d704430d65d214001982e0,1,uniform,[350],1,1.0,1
358,56d704430d65d214001982e1,1,uniform,[350],0,0.0,1
359,56d704430d65d214001982e2,1,uniform,[350],1,1.0,1
360,56d9a0eadc89441400fdb63e,1,uniform,[350],1,1.0,1
361,56d9a0eadc89441400fdb63f,1,uniform,[350],1,1.0,0
362,56d9a0eadc89441400fdb640,1,uniform,[350],1,1.0,1
363,56beb90c3aeaaa14008c92c7,1,uniform,[350],1,1.0,1
364,56beb90c3aeaaa14008c92c8,1,uniform,[350],1,1.0,1
365,56beb90c3aeaaa14008c92c9,1,uniform,[350],0,0.0,0
366,56beb90c3aeaaa14008c92ca,1,uniform,[350],0,0.0,1
367,56beb90c3aeaaa14008c92cb,1,uniform,[350],0,0.0,1
368,56bf41013aeaaa14008c959b,1,uniform,[350],1,1.0,1
369,56bf41013aeaaa14008c959c,1,uniform,[350],1,1.0,1
370,56bf41013aeaaa14008c959d,1,uniform,[350],0,0.0,0
371,56bf41013aeaaa14008c959e,1,uniform,[350],0,0.0,0
372,56d7096b0d65d214001982fc,1,uniform,[350],0,0.5,1
373,56d7096b0d65d214001982fd,1,uniform,[350],0,0.0,1
374,56d7096b0d65d214001982fe,1,uniform,[350],0,0.0,1
375,56d9a199dc89441400fdb647,1,uniform,[350],1,1.0,1
376,56d9a199dc89441400fdb648,1,uniform,[350],0,0.0,0
377,56d9a199dc89441400fdb649,1,uniform,[350],0,0.0,1
378,56beb97c3aeaaa14008c92db,1,uniform,[350],1,1.0,1
379,56beb97c3aeaaa14008c92dc,1,uniform,[350],1,1.0,1
380,56beb97c3aeaaa14008c92dd,1,uniform,[350],1,1.0,1
381,56beb97c3aeaaa14008c92de,1,uniform,[350],1,1.0,1
382,56beb97c3aeaaa14008c92df,1,uniform,[350],0,0.0,1
383,56bf6c3e3aeaaa14008c9615,1,uniform,[350],1,1.0,1
384,56bf6c3e3aeaaa14008c9617,1,uniform,[350],1,1.0,1
385,56d709ef0d65d21400198306,1,uniform,[350],0,0.0,0
386,56d709ef0d65d21400198307,1,uniform,[350],1,1.0,1
387,56beba103aeaaa14008c92e5,1,uniform,[350],0,0.33333333333333337,1
388,56beba103aeaaa14008c92e6,1,uniform,[350],1,1.0,1
389,56beba103aeaaa14008c92e7,1,uniform,[350],1,1.0,1
390,56beba103aeaaa14008c92e8,1,uniform,[350],1,1.0,1
391,56beba103aeaaa14008c92e9,1,uniform,[350],1,1.0,1
392,56bf467d3aeaaa14008c95a5,1,uniform,[350],1,1.0,1
393,56bf467d3aeaaa14008c95a6,1,uniform,[350],1,1.0,1
394,56bf467d3aeaaa14008c95a7,1,uniform,[350],0,0.0,0
395,56d70adc0d65d21400198311,1,uniform,[350],1,1.0,1
396,56d70adc0d65d21400198312,1,uniform,[350],0,0.4615384615384615,1
397,56d70adc0d65d21400198313,1,uniform,[350],0,0.0,0
398,56d70adc0d65d21400198314,1,uniform,[350],1,1.0,1
399,56d9a419dc89441400fdb678,1,uniform,[350],1,1.0,1
400,56d9a419dc89441400fdb679,1,uniform,[350],0,0.0,1
401,56bebad93aeaaa14008c92f9,1,uniform,[350],0,0.0,1
402,56bebad93aeaaa14008c92fa,1,uniform,[350],0,0.0,0
403,56bebad93aeaaa14008c92fb,1,uniform,[350],0,0.0,1
404,56bebad93aeaaa14008c92fc,1,uniform,[350],0,0.0,1
405,56bebad93aeaaa14008c92fd,1,uniform,[350],1,1.0,0
406,56bf48cc3aeaaa14008c95ab,1,uniform,[350],1,1.0,0
407,56bf48cc3aeaaa14008c95ac,1,uniform,[350],0,0.0,0
408,56bf48cc3aeaaa14008c95ae,1,uniform,[350],1,1.0,1
409,56bf48cc3aeaaa14008c95af,1,uniform,[350],0,0.25,1
410,56d70ccc0d65d2140019831d,1,uniform,[350],0,0.6,1
411,56d70ccc0d65d2140019831f,1,uniform,[350],1,1.0,1
412,56d9a637dc89441400fdb697,1,uniform,[350],1,1.0,1
413,56d9a637dc89441400fdb698,1,uniform,[350],0,0.6666666666666666,1
414,56d9a637dc89441400fdb699,1,uniform,[350],0,0.0,1
415,56d9a637dc89441400fdb69a,1,uniform,[350],0,0.28571428571428575,1
416,56bebb293aeaaa14008c9303,1,uniform,[350],0,0.0,1
417,56bebb293aeaaa14008c9304,1,uniform,[350],1,1.0,1
418,56bebb293aeaaa14008c9305,1,uniform,[350],1,1.0,1
419,56bebb293aeaaa14008c9306,1,uniform,[350],0,0.0,1
420,56bf49993aeaaa14008c95b5,1,uniform,[350],0,0.0,0
421,56bf49993aeaaa14008c95b6,1,uniform,[350],0,0.0,0
422,56bf49993aeaaa14008c95b7,1,uniform,[350],0,0.0,0
423,56bf49993aeaaa14008c95b8,1,uniform,[350],0,0.0,0
424,56d70d240d65d21400198326,1,uniform,[350],0,0.0,0
425,56d70d240d65d21400198327,1,uniform,[350],0,0.0,0
426,56d70d240d65d21400198328,1,uniform,[350],0,0.0,0
427,56d70d240d65d21400198329,1,uniform,[350],0,0.0,0
428,56d9a6b4dc89441400fdb6a0,1,uniform,[350],0,0.0,0
429,56d9a6b4dc89441400fdb6a1,1,uniform,[350],0,0.0,0
430,56d9a6b4dc89441400fdb6a2,1,uniform,[350],0,0.0,0
431,56d9a6b4dc89441400fdb6a3,1,uniform,[350],0,0.0,0
432,56bebbbf3aeaaa14008c9315,1,uniform,[350],1,1.0,1
433,56bebbbf3aeaaa14008c9316,1,uniform,[350],0,0.6666666666666666,1
434,56bebbbf3aeaaa14008c9317,1,uniform,[350],1,1.0,1
435,56bebbbf3aeaaa14008c9318,1,uniform,[350],1,1.0,1
436,56bebbbf3aeaaa14008c9319,1,uniform,[350],1,1.0,1
437,56bf4e1b3aeaaa14008c95bd,1,uniform,[350],1,1.0,1
438,56bf4e1b3aeaaa14008c95be,1,uniform,[350],0,0.6666666666666666,0
439,56bf4e1b3aeaaa14008c95c0,1,uniform,[350],0,0.5,0
440,56bf4e1b3aeaaa14008c95c1,1,uniform,[350],0,0.0,1
441,56d70daa0d65d21400198332,1,uniform,[350],1,1.0,1
442,56d70daa0d65d21400198333,1,uniform,[350],1,1.0,1
443,56d70daa0d65d21400198334,1,uniform,[350],0,0.5,1
444,56d70daa0d65d21400198335,1,uniform,[350],0,0.0,0
445,56d70daa0d65d21400198336,1,uniform,[350],1,1.0,1
446,56d9a7addc89441400fdb6a8,1,uniform,[350],0,0.5,0
447,56d9a7addc89441400fdb6ab,1,uniform,[350],0,0.0,1
448,56bebc383aeaaa14008c931f,1,uniform,[350],1,1.0,1
449,56bebc383aeaaa14008c9320,1,uniform,[350],1,1.0,1
450,56bebc383aeaaa14008c9321,1,uniform,[350],1,1.0,1
451,56bf52483aeaaa14008c95c7,1,uniform,[350],0,0.0,0
452,56bf52483aeaaa14008c95c8,1,uniform,[350],1,1.0,1
453,56d70e570d65d2140019833c,1,uniform,[350],0,0.6666666666666666,0
454,56d70e570d65d2140019833e,1,uniform,[350],1,1.0,1
455,56d70e570d65d2140019833f,1,uniform,[350],1,1.0,1
456,56d9b01fdc89441400fdb6d4,1,uniform,[350],0,0.0,0
457,56bebcbe3aeaaa14008c9325,1,uniform,[350],1,1.0,1
458,56bebcbe3aeaaa14008c9326,1,uniform,[350],1,1.0,1
459,56bebcbe3aeaaa14008c9327,1,uniform,[350],1,1.0,1
460,56bebcbe3aeaaa14008c9328,1,uniform,[350],1,1.0,1
461,56bebcbe3aeaaa14008c9329,1,uniform,[350],0,0.0,0
462,56bf53e73aeaaa14008c95cb,1,uniform,[350],0,0.0,0
463,56bf53e73aeaaa14008c95cc,1,uniform,[350],1,1.0,1
464,56bf53e73aeaaa14008c95cd,1,uniform,[350],0,0.0,0
465,56bf53e73aeaaa14008c95ce,1,uniform,[350],1,1.0,1
466,56d7145c0d65d2140019834c,1,uniform,[350],0,0.0,0
467,56d7145c0d65d2140019834d,1,uniform,[350],1,1.0,1
468,56d7145c0d65d2140019834f,1,uniform,[350],1,1.0,1
469,56d9b389dc89441400fdb6ec,1,uniform,[350],1,1.0,1
470,56d9b389dc89441400fdb6ed,1,uniform,[350],1,1.0,1
471,56d9b389dc89441400fdb6ee,1,uniform,[350],1,1.0,1
472,56d9b389dc89441400fdb6ef,1,uniform,[350],1,1.0,1
473,56d9b389dc89441400fdb6f0,1,uniform,[350],1,1.0,1
474,56bebd713aeaaa14008c932f,1,uniform,[350],1,1.0,1
475,56bebd713aeaaa14008c9330,1,uniform,[350],0,0.0,0
476,56bebd713aeaaa14008c9331,1,uniform,[350],0,0.0,1
477,56bf555e3aeaaa14008c95d3,1,uniform,[350],0,0.0,0
478,56bf555e3aeaaa14008c95d4,1,uniform,[350],0,0.5,0
479,56bf555e3aeaaa14008c95d5,1,uniform,[350],0,0.0,0
480,56d714cd0d65d21400198356,1,uniform,[350],0,0.5,1
481,56d714cd0d65d21400198358,1,uniform,[350],1,1.0,1
482,56d714cd0d65d21400198359,1,uniform,[350],1,1.0,1
483,56d9b43edc89441400fdb700,1,uniform,[350],0,0.10526315789473684,0
484,56d9b43edc89441400fdb701,1,uniform,[350],1,1.0,1
485,56bebde53aeaaa14008c9335,1,uniform,[350],1,1.0,1
486,56bebde53aeaaa14008c9336,1,uniform,[350],0,0.6666666666666666,1
487,56bebde53aeaaa14008c9337,1,uniform,[350],1,1.0,1
488,56bebde53aeaaa14008c9338,1,uniform,[350],1,1.0,1
489,56bebde53aeaaa14008c9339,1,uniform,[350],1,1.0,1
490,56bf57043aeaaa14008c95d9,1,uniform,[350],1,1.0,1
491,56bf57043aeaaa14008c95da,1,uniform,[350],0,0.0,1
492,56bf57043aeaaa14008c95db,1,uniform,[350],1,1.0,1
493,56bf57043aeaaa14008c95dc,1,uniform,[350],1,1.0,1
494,56bf57043aeaaa14008c95dd,1,uniform,[350],1,1.0,1
495,56d71bd80d65d2140019835e,1,uniform,[350],1,1.0,1
496,56d71bd80d65d21400198360,1,uniform,[350],1,1.0,1
497,56d71bd80d65d21400198361,1,uniform,[350],1,1.0,1
498,56d71bd80d65d21400198362,1,uniform,[350],1,1.0,1
499,56d9b4ebdc89441400fdb708,1,uniform,[350],0,0.6666666666666666,1
500,56d9b4ebdc89441400fdb709,1,uniform,[350],0,0.5714285714285715,0
501,56d9b4ebdc89441400fdb70a,1,uniform,[350],1,1.0,1
502,56d9b4ebdc89441400fdb70b,1,uniform,[350],1,1.0,1
503,56d9b4ebdc89441400fdb70c,1,uniform,[350],1,1.0,1
504,56bebe873aeaaa14008c933f,1,uniform,[350],0,0.0,1
505,56bebe873aeaaa14008c9340,1,uniform,[350],1,1.0,1
506,56bebe873aeaaa14008c9341,1,uniform,[350],0,0.0,0
507,56bebe873aeaaa14008c9342,1,uniform,[350],0,0.0,0
508,56bebe873aeaaa14008c9343,1,uniform,[350],0,0.0,0
509,56bf59523aeaaa14008c95e3,1,uniform,[350],1,1.0,1
510,56bf59523aeaaa14008c95e4,1,uniform,[350],0,0.0,0
511,56bf59523aeaaa14008c95e5,1,uniform,[350],0,0.0,0
512,56d71cb60d65d21400198368,1,uniform,[350],1,1.0,1
513,56d9b5ffdc89441400fdb720,1,uniform,[350],1,1.0,1
514,56d9b5ffdc89441400fdb721,1,uniform,[350],0,0.0,0
515,56bebec43aeaaa14008c9349,1,uniform,[350],1,1.0,1
516,56bebec43aeaaa14008c934a,1,uniform,[350],0,0.4,1
517,56bf5abc3aeaaa14008c95e9,1,uniform,[350],0,0.0,0
518,56bf5abc3aeaaa14008c95ea,1,uniform,[350],0,0.28571428571428575,1
519,56d71d150d65d2140019836e,1,uniform,[350],0,0.888888888888889,1
520,56d71d150d65d2140019836f,1,uniform,[350],0,0.5555555555555556,1
521,56d71d150d65d21400198370,1,uniform,[350],0,0.28571428571428575,1
522,56d9b6a3dc89441400fdb72f,1,uniform,[350],0,0.0,0
523,56d9b6a3dc89441400fdb730,1,uniform,[350],0,0.28571428571428575,1
524,56bec0353aeaaa14008c934d,1,uniform,[350],0,0.8,0
525,56bec0353aeaaa14008c934e,1,uniform,[350],1,1.0,1
526,56bec0353aeaaa14008c934f,1,uniform,[350],0,0.4,1
527,56bec0353aeaaa14008c9350,1,uniform,[350],1,1.0,1
528,56bec0353aeaaa14008c9351,1,uniform,[350],1,1.0,1
529,56bf5b933aeaaa14008c95ed,1,uniform,[350],1,1.0,1
530,56bf5b933aeaaa14008c95ef,1,uniform,[350],1,1.0,1
531,56bf5b933aeaaa14008c95f1,1,uniform,[350],0,0.0,0
532,56d71d9d0d65d21400198374,1,uniform,[350],1,1.0,1
533,56d71d9d0d65d21400198377,1,uniform,[350],1,1.0,1
534,56bec0dd3aeaaa14008c9357,1,uniform,[350],0,0.0,0
535,56bec0dd3aeaaa14008c9358,1,uniform,[350],1,1.0,1
536,56bec0dd3aeaaa14008c9359,1,uniform,[350],1,1.0,1
537,56bec0dd3aeaaa14008c935a,1,uniform,[350],1,1.0,1
538,56bec0dd3aeaaa14008c935b,1,uniform,[350],1,1.0,1
539,56bf5e7b3aeaaa14008c95f7,1,uniform,[350],0,0.0,0
540,56bf5e7b3aeaaa14008c95f8,1,uniform,[350],0,0.0,1
541,56bf5e7b3aeaaa14008c95f9,1,uniform,[350],1,1.0,1
542,56bf5e7b3aeaaa14008c95fa,1,uniform,[350],1,1.0,1
543,56bf5e7b3aeaaa14008c95fb,1,uniform,[350],0,0.6666666666666666,1
544,56d71ed50d65d2140019837c,1,uniform,[350],1,1.0,0
545,56d71ed50d65d2140019837d,1,uniform,[350],1,1.0,1
546,56d9b7dcdc89441400fdb740,1,uniform,[350],1,1.0,0
547,56d9b7dcdc89441400fdb741,1,uniform,[350],0,0.22222222222222224,0
548,56d9b7dcdc89441400fdb742,1,uniform,[350],0,0.0,0
549,56d9b7dcdc89441400fdb743,1,uniform,[350],1,1.0,1
550,56d9b7dcdc89441400fdb744,1,uniform,[350],0,0.0,0
551,56bec1823aeaaa14008c9361,1,uniform,[350],0,0.0,1
552,56bec1823aeaaa14008c9362,1,uniform,[350],1,1.0,1
553,56bec1823aeaaa14008c9363,1,uniform,[350],0,0.0,1
554,56bec1823aeaaa14008c9364,1,uniform,[350],1,1.0,1
555,56bec1823aeaaa14008c9365,1,uniform,[350],1,1.0,1
556,56bf6d343aeaaa14008c961b,1,uniform,[350],1,1.0,0
557,56d71fc00d65d21400198386,1,uniform,[350],1,1.0,1
558,56d71fc00d65d21400198389,1,uniform,[350],1,1.0,1
559,56d9ba95dc89441400fdb754,1,uniform,[350],0,0.0,0
560,56d9ba95dc89441400fdb757,1,uniform,[350],0,0.0,1
561,56d9ba95dc89441400fdb758,1,uniform,[350],1,1.0,1
562,56bec2013aeaaa14008c9371,1,uniform,[350],1,1.0,1
563,56bec2013aeaaa14008c9372,1,uniform,[350],0,0.0,0
564,56bec2013aeaaa14008c9373,1,uniform,[350],1,1.0,1
565,56bec2013aeaaa14008c9374,1,uniform,[350],0,0.6666666666666666,1
566,56bec2013aeaaa14008c9375,1,uniform,[350],0,0.0,1
567,56bf6e7a3aeaaa14008c961f,1,uniform,[350],0,0.0,0
568,56bf6e7a3aeaaa14008c9620,1,uniform,[350],0,0.0,0
569,56bf6e7a3aeaaa14008c9621,1,uniform,[350],1,1.0,1
570,56bf6e7a3aeaaa14008c9622,1,uniform,[350],0,0.0,0
571,56d7205e0d65d21400198391,1,uniform,[350],0,0.6666666666666666,1
572,56d7205e0d65d21400198392,1,uniform,[350],1,1.0,1
573,56d9bc13dc89441400fdb75e,1,uniform,[350],0,0.0,0
574,56d9bc13dc89441400fdb75f,1,uniform,[350],0,0.0,0
575,56d9bc13dc89441400fdb760,1,uniform,[350],0,0.0,0
576,56bec2573aeaaa14008c937b,1,uniform,[350],1,1.0,1
577,56bec2573aeaaa14008c937c,1,uniform,[350],1,1.0,1
578,56bf6f743aeaaa14008c9631,1,uniform,[350],0,0.5,1
579,56bf6f743aeaaa14008c9632,1,uniform,[350],1,1.0,1
580,56d720c70d65d21400198396,1,uniform,[350],0,0.0,0
581,56d720c70d65d21400198397,1,uniform,[350],0,0.18181818181818182,1
582,56d720c70d65d21400198398,1,uniform,[350],0,0.42857142857142855,1
583,56bec3153aeaaa14008c9389,1,uniform,[350],1,1.0,1
584,56bec3153aeaaa14008c938a,1,uniform,[350],1,1.0,1
585,56bec3153aeaaa14008c938b,1,uniform,[350],1,1.0,1
586,56bec3153aeaaa14008c938c,1,uniform,[350],1,1.0,1
587,56bf717d3aeaaa14008c9635,1,uniform,[350],0,0.0,0
588,56bf717d3aeaaa14008c9637,1,uniform,[350],1,1.0,1
589,56bf717d3aeaaa14008c9638,1,uniform,[350],1,1.0,1
590,56bf717d3aeaaa14008c9639,1,uniform,[350],0,0.4,1
591,56d721af0d65d2140019839e,1,uniform,[350],0,0.6666666666666666,1
592,56d721af0d65d2140019839f,1,uniform,[350],1,1.0,1
593,56d721af0d65d214001983a0,1,uniform,[350],1,1.0,1
594,56d9bdc1dc89441400fdb768,1,uniform,[350],1,1.0,1
595,56d9bdc1dc89441400fdb769,1,uniform,[350],0,0.0,0
596,56d9bdc1dc89441400fdb76a,1,uniform,[350],1,1.0,1
597,56bec38b3aeaaa14008c9397,1,uniform,[350],1,1.0,1
598,56bec38b3aeaaa14008c9398,1,uniform,[350],1,1.0,1
599,56bec38b3aeaaa14008c9399,1,uniform,[350],0,0.0,1
600,56bec38b3aeaaa14008c939a,1,uniform,[350],1,1.0,1
601,56bf71e73aeaaa14008c963f,1,uniform,[350],0,0.0,0
602,56bf71e73aeaaa14008c9640,1,uniform,[350],1,1.0,1
603,56d722330d65d214001983a6,1,uniform,[350],1,1.0,1
604,56d722330d65d214001983a7,1,uniform,[350],1,1.0,1
605,56d722330d65d214001983a8,1,uniform,[350],0,0.0,1
606,56d9be16dc89441400fdb770,1,uniform,[350],0,0.0,0
607,56d9be16dc89441400fdb771,1,uniform,[350],0,0.0,0
608,56bec4343aeaaa14008c93a9,1,uniform,[350],1,1.0,1
609,56bec4343aeaaa14008c93aa,1,uniform,[350],0,0.0,1
610,56bec4343aeaaa14008c93ab,1,uniform,[350],1,1.0,1
611,56bec4343aeaaa14008c93ac,1,uniform,[350],0,0.0,1
612,56d723560d65d214001983ac,1,uniform,[350],0,0.0,1
613,56d723560d65d214001983ad,1,uniform,[350],0,0.0,1
614,56d723560d65d214001983ae,1,uniform,[350],0,0.21052631578947367,1
615,56d723560d65d214001983af,1,uniform,[350],1,1.0,1
616,56d9bf70dc89441400fdb77b,1,uniform,[350],0,0.0,0
617,56d9bf70dc89441400fdb77c,1,uniform,[350],0,0.0,1
618,56d9bf70dc89441400fdb77d,1,uniform,[350],1,1.0,1
619,56bec4a33aeaaa14008c93b1,1,uniform,[350],0,0.0,0
620,56bec4a33aeaaa14008c93b2,1,uniform,[350],1,1.0,1
621,56bec4a33aeaaa14008c93b3,1,uniform,[350],1,1.0,1
622,56bec4a33aeaaa14008c93b4,1,uniform,[350],1,1.0,1
623,56bec4a33aeaaa14008c93b5,1,uniform,[350],1,1.0,1
624,56bf738b3aeaaa14008c9655,1,uniform,[350],0,0.0,0
625,56bf738b3aeaaa14008c9656,1,uniform,[350],0,0.0,0
626,56d723ad0d65d214001983b4,1,uniform,[350],1,1.0,1
627,56d723ad0d65d214001983b5,1,uniform,[350],1,1.0,1
628,56d723ad0d65d214001983b8,1,uniform,[350],1,1.0,1
629,56d9c049dc89441400fdb78e,1,uniform,[350],1,1.0,1
630,56d9c049dc89441400fdb78f,1,uniform,[350],1,1.0,1
631,56d9c049dc89441400fdb790,1,uniform,[350],0,0.37037037037037035,1
632,56d9c049dc89441400fdb791,1,uniform,[350],1,1.0,1
633,56d9c049dc89441400fdb792,1,uniform,[350],0,0.0,0
634,56bec5233aeaaa14008c93cf,1,uniform,[350],1,1.0,1
635,56bec5233aeaaa14008c93d0,1,uniform,[350],1,1.0,1
636,56bec5233aeaaa14008c93d1,1,uniform,[350],1,1.0,1
637,56bec5233aeaaa14008c93d2,1,uniform,[350],1,1.0,1
638,56bec5233aeaaa14008c93d3,1,uniform,[350],0,0.2666666666666667,1
639,56d724620d65d214001983be,1,uniform,[350],1,1.0,1
640,56d724620d65d214001983bf,1,uniform,[350],1,1.0,1
641,56d724620d65d214001983c0,1,uniform,[350],1,1.0,1
642,56d724620d65d214001983c1,1,uniform,[350],1,1.0,1
643,56d9c203dc89441400fdb7a0,1,uniform,[350],0,0.125,0
644,56d9c203dc89441400fdb7a3,1,uniform,[350],0,0.0,0
645,56bec5ff3aeaaa14008c93e3,1,uniform,[350],0,0.6153846153846153,1
646,56bec5ff3aeaaa14008c93e4,1,uniform,[350],0,0.6153846153846153,1
647,56bec5ff3aeaaa14008c93e5,1,uniform,[350],1,1.0,1
648,56d724ea0d65d214001983c8,1,uniform,[350],0,0.0,0
649,56d724ea0d65d214001983c9,1,uniform,[350],1,1.0,1
650,56bec6573aeaaa14008c93e9,1,uniform,[350],1,1.0,1
651,56bec6573aeaaa14008c93ea,1,uniform,[350],1,1.0,1
652,56bec6573aeaaa14008c93eb,1,uniform,[350],1,1.0,1
653,56bec6573aeaaa14008c93ec,1,uniform,[350],1,1.0,1
654,56bec6573aeaaa14008c93ed,1,uniform,[350],0,0.0,0
655,56d7251d0d65d214001983cc,1,uniform,[350],1,1.0,1
656,56d7251d0d65d214001983cd,1,uniform,[350],1,1.0,1
657,56d7251d0d65d214001983cf,1,uniform,[350],1,1.0,1
658,56d9c3a6dc89441400fdb7b4,1,uniform,[350],1,1.0,1
659,56d9c3a6dc89441400fdb7b5,1,uniform,[350],0,0.0,1
660,56d9c3a6dc89441400fdb7b6,1,uniform,[350],1,1.0,1
661,56d9c3a6dc89441400fdb7b7,1,uniform,[350],1,1.0,1
662,56d9c3a6dc89441400fdb7b8,1,uniform,[350],1,1.0,1
663,56bec6ac3aeaaa14008c93fd,1,uniform,[350],0,0.0,1
664,56bec6ac3aeaaa14008c93fe,1,uniform,[350],1,1.0,1
665,56bec6ac3aeaaa14008c93ff,1,uniform,[350],1,1.0,1
666,56bec6ac3aeaaa14008c9400,1,uniform,[350],0,0.0,1
667,56bec6ac3aeaaa14008c9401,1,uniform,[350],0,0.8571428571428571,1
668,56d20650e7d4791d00902614,1,uniform,[350],1,1.0,1
669,56d20650e7d4791d00902615,1,uniform,[350],1,1.0,1
670,56d7253b0d65d214001983d4,1,uniform,[350],0,0.0,0
671,56d7253b0d65d214001983d5,1,uniform,[350],1,1.0,1
672,56d9c455dc89441400fdb7c4,1,uniform,[350],0,0.0,0
673,56d9c455dc89441400fdb7c5,1,uniform,[350],1,1.0,1
674,56d9c455dc89441400fdb7c6,1,uniform,[350],0,0.0,0
675,56bec7353aeaaa14008c940d,1,uniform,[350],1,1.0,1
676,56bec7353aeaaa14008c940e,1,uniform,[350],1,1.0,1
677,56bec7353aeaaa14008c940f,1,uniform,[350],1,1.0,0
678,56bec7353aeaaa14008c9410,1,uniform,[350],1,1.0,1
679,56bec7353aeaaa14008c9411,1,uniform,[350],0,0.6666666666666666,0
680,56d725790d65d214001983d8,1,uniform,[350],1,1.0,0
681,56d725790d65d214001983da,1,uniform,[350],1,1.0,1
682,56d725790d65d214001983db,1,uniform,[350],0,0.0,0
683,56d9c551dc89441400fdb7d0,1,uniform,[350],1,1.0,0
684,56d9c551dc89441400fdb7d1,1,uniform,[350],1,1.0,1
685,56d9c551dc89441400fdb7d2,1,uniform,[350],1,1.0,1
686,56d9c551dc89441400fdb7d3,1,uniform,[350],1,1.0,0
687,56bec7a63aeaaa14008c9417,1,uniform,[350],1,1.0,1
688,56bec7a63aeaaa14008c9418,1,uniform,[350],0,0.0,1
689,56bec7a63aeaaa14008c9419,1,uniform,[350],1,1.0,1
690,56bec7a63aeaaa14008c941a,1,uniform,[350],1,1.0,0
691,56bec7a63aeaaa14008c941b,1,uniform,[350],0,0.0,0
692,56d728a10d65d21400198413,1,uniform,[350],0,0.0,0
693,56d728a10d65d21400198414,1,uniform,[350],1,1.0,1
694,56d728a10d65d21400198415,1,uniform,[350],1,1.0,0
695,56d728a10d65d21400198416,1,uniform,[350],0,0.0,0
696,56d9c5e7dc89441400fdb7d8,1,uniform,[350],0,0.0,0
697,56d9c5e7dc89441400fdb7d9,1,uniform,[350],1,1.0,1
698,56d9c5e7dc89441400fdb7da,1,uniform,[350],0,0.0,0
699,56d9c5e7dc89441400fdb7db,1,uniform,[350],0,0.0,0
700,56d9c5e7dc89441400fdb7dc,1,uniform,[350],1,1.0,1
701,56bec8243aeaaa14008c942b,1,uniform,[350],1,1.0,1
702,56bec8243aeaaa14008c942c,1,uniform,[350],1,1.0,1
703,56bec8243aeaaa14008c942d,1,uniform,[350],1,1.0,1
704,56bec8243aeaaa14008c942e,1,uniform,[350],0,0.0,0
705,56bec8243aeaaa14008c942f,1,uniform,[350],0,0.6666666666666666,0
706,56d728e00d65d2140019841c,1,uniform,[350],0,0.0,1
707,56d728e00d65d2140019841d,1,uniform,[350],1,1.0,1
708,56d728e00d65d2140019841e,1,uniform,[350],1,1.0,1
709,56d728e00d65d2140019841f,1,uniform,[350],0,0.0,0
710,56d728e00d65d21400198420,1,uniform,[350],1,1.0,1
711,56d9c660dc89441400fdb7e7,1,uniform,[350],1,1.0,1
712,56d9c660dc89441400fdb7e8,1,uniform,[350],1,1.0,1
713,56d9c660dc89441400fdb7e9,1,uniform,[350],1,1.0,1
714,56d9c660dc89441400fdb7ea,1,uniform,[350],1,1.0,1
715,56bec8a13aeaaa14008c9435,1,uniform,[350],1,1.0,1
716,56bec8a13aeaaa14008c9436,1,uniform,[350],0,0.0,0
717,56bec8a13aeaaa14008c9437,1,uniform,[350],1,1.0,1
718,56bec8a13aeaaa14008c9438,1,uniform,[350],1,1.0,0
719,56bec8a13aeaaa14008c9439,1,uniform,[350],1,1.0,1
720,56d729180d65d21400198426,1,uniform,[350],0,0.0,0
721,56d729180d65d21400198427,1,uniform,[350],1,1.0,1
722,56d729180d65d21400198428,1,uniform,[350],1,1.0,1
723,56d729180d65d21400198429,1,uniform,[350],0,0.6666666666666666,1
724,56d729180d65d2140019842a,1,uniform,[350],1,1.0,1
725,56d9c6e0dc89441400fdb7f0,1,uniform,[350],0,0.0,0
726,56d9c6e0dc89441400fdb7f4,1,uniform,[350],0,0.0,0
727,56bec9133aeaaa14008c9445,1,uniform,[350],1,1.0,1
728,56bec9133aeaaa14008c9446,1,uniform,[350],1,1.0,0
729,56bec9133aeaaa14008c9447,1,uniform,[350],1,1.0,1
730,56bec9133aeaaa14008c9448,1,uniform,[350],1,1.0,1
731,56bec9133aeaaa14008c9449,1,uniform,[350],0,0.0,0
732,56d729ec0d65d21400198430,1,uniform,[350],1,1.0,1
733,56d729ec0d65d21400198431,1,uniform,[350],1,1.0,0
734,56d729ec0d65d21400198432,1,uniform,[350],1,1.0,1
735,56d729ec0d65d21400198434,1,uniform,[350],0,0.0,1
736,56d9c79edc89441400fdb804,1,uniform,[350],0,0.0,1
737,56d9c79edc89441400fdb805,1,uniform,[350],0,0.6666666666666666,1
738,56d9c79edc89441400fdb806,1,uniform,[350],1,1.0,1
739,56d9c79edc89441400fdb807,1,uniform,[350],0,0.14285714285714288,0
740,56d9c79edc89441400fdb808,1,uniform,[350],1,1.0,1
741,56bec98e3aeaaa14008c9455,1,uniform,[350],0,0.0,0
742,56bec98e3aeaaa14008c9456,1,uniform,[350],1,1.0,0
743,56bec98e3aeaaa14008c9457,1,uniform,[350],0,0.0,0
744,56bec98e3aeaaa14008c9458,1,uniform,[350],0,0.0,1
745,56bec98e3aeaaa14008c9459,1,uniform,[350],1,1.0,1
746,56d7282f0d65d21400198408,1,uniform,[350],1,1.0,1
747,56d7282f0d65d21400198409,1,uniform,[350],1,1.0,1
748,56d7282f0d65d2140019840a,1,uniform,[350],0,0.0,0
749,56d7282f0d65d2140019840c,1,uniform,[350],0,0.0,0
750,56d9c92bdc89441400fdb80e,1,uniform,[350],0,0.0,0
751,56d9c92bdc89441400fdb80f,1,uniform,[350],0,0.0,0
752,56d9c92bdc89441400fdb810,1,uniform,[350],1,1.0,1
753,56d9c92bdc89441400fdb811,1,uniform,[350],0,0.0,1
754,56bec9e83aeaaa14008c945f,1,uniform,[350],0,0.0,0
755,56bec9e83aeaaa14008c9460,1,uniform,[350],0,0.0,0
756,56bec9e83aeaaa14008c9461,1,uniform,[350],0,0.0,0
757,56bec9e83aeaaa14008c9462,1,uniform,[350],0,0.6666666666666666,0
758,56d7261e0d65d214001983e0,1,uniform,[350],0,0.6666666666666666,1
759,56d7261e0d65d214001983e1,1,uniform,[350],1,1.0,1
760,56d7261e0d65d214001983e2,1,uniform,[350],0,0.5714285714285715,0
761,56d7261e0d65d214001983e4,1,uniform,[350],1,1.0,1
762,56d9ca0adc89441400fdb820,1,uniform,[350],0,0.0,0
763,56d9ca0adc89441400fdb821,1,uniform,[350],0,0.6666666666666666,1
764,56d9ca0adc89441400fdb822,1,uniform,[350],1,1.0,1
765,56d9ca0adc89441400fdb823,1,uniform,[350],0,0.0,1
766,56beca913aeaaa14008c946d,1,uniform,[350],0,0.0,1
767,56beca913aeaaa14008c946e,1,uniform,[350],0,0.0,1
768,56beca913aeaaa14008c946f,1,uniform,[350],0,0.0,0
769,56beca913aeaaa14008c9470,1,uniform,[350],0,0.0,0
770,56beca913aeaaa14008c9471,1,uniform,[350],0,0.0,0
771,56d726b60d65d214001983ea,1,uniform,[350],1,1.0,1
772,56d726b60d65d214001983eb,1,uniform,[350],0,0.0,0
773,56d726b60d65d214001983ec,1,uniform,[350],1,1.0,1
774,56d726b60d65d214001983ed,1,uniform,[350],1,1.0,1
775,56d726b60d65d214001983ee,1,uniform,[350],1,1.0,1
776,56d9cb47dc89441400fdb832,1,uniform,[350],0,0.0,0
777,56d9cb47dc89441400fdb833,1,uniform,[350],1,1.0,1
778,56d9cb47dc89441400fdb834,1,uniform,[350],0,0.0,0
779,56d9cb47dc89441400fdb835,1,uniform,[350],0,0.0,1
780,56d9cb47dc89441400fdb836,1,uniform,[350],1,1.0,1
781,56becaf93aeaaa14008c9481,1,uniform,[350],0,0.0,0
782,56becaf93aeaaa14008c9482,1,uniform,[350],0,0.0,0
783,56becaf93aeaaa14008c9483,1,uniform,[350],0,0.0,1
784,56becaf93aeaaa14008c9484,1,uniform,[350],0,0.0,0
785,56becaf93aeaaa14008c9485,1,uniform,[350],0,0.0,0
786,56d7270c0d65d214001983f4,1,uniform,[350],0,0.0,0
787,56d7270c0d65d214001983f5,1,uniform,[350],0,0.0,0
788,56d7270c0d65d214001983f6,1,uniform,[350],1,1.0,1
789,56d7270c0d65d214001983f7,1,uniform,[350],1,1.0,1
790,56d7270c0d65d214001983f8,1,uniform,[350],0,0.0,0
791,56d9ccacdc89441400fdb842,1,uniform,[350],0,0.0,0
792,56d9ccacdc89441400fdb843,1,uniform,[350],0,0.0,0
793,56d9ccacdc89441400fdb844,1,uniform,[350],0,0.0,0
794,56d9ccacdc89441400fdb845,1,uniform,[350],0,0.0,0
795,56d9ccacdc89441400fdb846,1,uniform,[350],0,0.0,0
796,56becb823aeaaa14008c948b,1,uniform,[350],0,0.0,0
797,56becb823aeaaa14008c948c,1,uniform,[350],0,0.0,0
798,56becb823aeaaa14008c948d,1,uniform,[350],1,1.0,1
799,56becb823aeaaa14008c948e,1,uniform,[350],1,1.0,1
800,56becb823aeaaa14008c948f,1,uniform,[350],1,1.0,1
801,56d7277c0d65d214001983fe,1,uniform,[350],0,0.5,1
802,56d7277c0d65d214001983ff,1,uniform,[350],0,0.0,1
803,56d7277c0d65d21400198401,1,uniform,[350],0,0.0,1
804,56d7277c0d65d21400198402,1,uniform,[350],1,1.0,1
805,56d9cd9adc89441400fdb84c,1,uniform,[350],0,0.0,0
806,56d9cd9adc89441400fdb84d,1,uniform,[350],1,1.0,1
807,56d9cd9adc89441400fdb84e,1,uniform,[350],1,1.0,1
808,56d9cd9adc89441400fdb84f,1,uniform,[350],1,1.0,1
809,56d9cd9adc89441400fdb850,1,uniform,[350],0,0.0,1
810,5733a5f54776f41900660f45,1,uniform,[350],1,1.0,1
811,5733a5f54776f41900660f48,1,uniform,[350],1,1.0,1
812,5733a5f54776f41900660f44,1,uniform,[350],1,1.0,1
813,5733a5f54776f41900660f46,1,uniform,[350],0,0.0,1
814,5733a5f54776f41900660f47,1,uniform,[350],1,1.0,1
815,57336755d058e614000b5a3d,1,uniform,[350],1,1.0,1
816,57336755d058e614000b5a3f,1,uniform,[350],1,1.0,1
817,57336755d058e614000b5a3c,1,uniform,[350],1,1.0,1
818,57336755d058e614000b5a3e,1,uniform,[350],1,1.0,1
819,57336755d058e614000b5a40,1,uniform,[350],1,1.0,1
820,57337ddc4776f41900660bbb,1,uniform,[350],0,0.7499999999999999,1
821,57337ddc4776f41900660bbc,1,uniform,[350],1,1.0,1
822,57337ddc4776f41900660bba,1,uniform,[350],1,1.0,1
823,57337ddc4776f41900660bbd,1,uniform,[350],0,0.0,1
824,57337ddc4776f41900660bbe,1,uniform,[350],1,1.0,1
825,57337ea24776f41900660bd0,1,uniform,[350],0,0.0,0
826,57337ea24776f41900660bd3,1,uniform,[350],0,0.0,1
827,57337ea24776f41900660bd2,1,uniform,[350],1,1.0,1
828,57337ea24776f41900660bd1,1,uniform,[350],0,0.0,1
829,57337ea24776f41900660bd4,1,uniform,[350],1,1.0,1
830,57339555d058e614000b5df4,1,uniform,[350],1,1.0,1
831,57339555d058e614000b5df5,1,uniform,[350],1,1.0,1
832,57339555d058e614000b5df6,1,uniform,[350],1,1.0,1
833,57339555d058e614000b5df3,1,uniform,[350],1,1.0,1
834,57339555d058e614000b5df7,1,uniform,[350],0,0.22222222222222224,1
835,57339902d058e614000b5e70,1,uniform,[350],1,1.0,1
836,57339902d058e614000b5e71,1,uniform,[350],1,1.0,1
837,57339902d058e614000b5e72,1,uniform,[350],1,1.0,1
838,57339902d058e614000b5e73,1,uniform,[350],1,1.0,1
839,57339902d058e614000b5e74,1,uniform,[350],0,0.4210526315789474,1
840,573399b54776f41900660e64,1,uniform,[350],1,1.0,1
841,573399b54776f41900660e65,1,uniform,[350],0,0.5,1
842,573399b54776f41900660e66,1,uniform,[350],0,0.35294117647058826,1
843,573399b54776f41900660e67,1,uniform,[350],1,1.0,1
844,57339a554776f41900660e74,1,uniform,[350],1,1.0,1
845,57339a554776f41900660e75,1,uniform,[350],0,0.888888888888889,1
846,57339a554776f41900660e76,1,uniform,[350],1,1.0,1
847,57339a554776f41900660e77,1,uniform,[350],1,1.0,1
848,57339a554776f41900660e78,1,uniform,[350],0,0.0,1
849,57339ad74776f41900660e86,1,uniform,[350],1,1.0,1
850,57339ad74776f41900660e87,1,uniform,[350],0,0.0,0
851,57339ad74776f41900660e88,1,uniform,[350],1,1.0,1
852,57339ad74776f41900660e89,1,uniform,[350],1,1.0,1
853,57339ad74776f41900660e8a,1,uniform,[350],0,0.0,1
854,57339c16d058e614000b5ec5,1,uniform,[350],1,1.0,1
855,57339c16d058e614000b5ec6,1,uniform,[350],0,0.0,0
856,57339c16d058e614000b5ec7,1,uniform,[350],1,1.0,1
857,57339c16d058e614000b5ec8,1,uniform,[350],1,1.0,1
858,57339c16d058e614000b5ec9,1,uniform,[350],1,1.0,1
859,57339dd94776f41900660ecc,1,uniform,[350],1,1.0,1
860,57339dd94776f41900660ecd,1,uniform,[350],0,0.5,1
861,57339dd94776f41900660ece,1,uniform,[350],1,1.0,1
862,57339dd94776f41900660ecf,1,uniform,[350],1,1.0,1
863,57339dd94776f41900660ed0,1,uniform,[350],1,1.0,1
864,57339eb9d058e614000b5ef6,1,uniform,[350],1,1.0,1
865,57339eb9d058e614000b5ef7,1,uniform,[350],0,0.0,0
866,57339eb9d058e614000b5ef8,1,uniform,[350],1,1.0,1
867,57339eb9d058e614000b5ef9,1,uniform,[350],0,0.2222222222222222,1
868,57339eb9d058e614000b5efa,1,uniform,[350],1,1.0,1
869,5733a1854776f41900660f0a,1,uniform,[350],0,0.6,1
870,5733a1854776f41900660f0b,1,uniform,[350],1,1.0,1
871,5733a1854776f41900660f0c,1,uniform,[350],0,0.8,1
872,5733a1854776f41900660f0d,1,uniform,[350],1,1.0,1
873,5733a1854776f41900660f0e,1,uniform,[350],1,1.0,1
874,5733a2a9d058e614000b5f28,1,uniform,[350],1,1.0,1
875,5733a2a9d058e614000b5f29,1,uniform,[350],1,1.0,1
876,5733a2a9d058e614000b5f2a,1,uniform,[350],1,1.0,1
877,5733a2a9d058e614000b5f2b,1,uniform,[350],1,1.0,1
878,5733a2a9d058e614000b5f2c,1,uniform,[350],0,0.0,1
879,5733a32bd058e614000b5f32,1,uniform,[350],1,1.0,1
880,5733a32bd058e614000b5f33,1,uniform,[350],1,1.0,1
881,5733a32bd058e614000b5f34,1,uniform,[350],1,1.0,1
882,5733a32bd058e614000b5f35,1,uniform,[350],1,1.0,1
883,5733a32bd058e614000b5f36,1,uniform,[350],0,0.8,1
884,5733a45d4776f41900660f23,1,uniform,[350],0,0.0,0
885,5733a45d4776f41900660f24,1,uniform,[350],1,1.0,1
886,5733a45d4776f41900660f25,1,uniform,[350],1,1.0,1
887,5733a45d4776f41900660f26,1,uniform,[350],1,1.0,1
888,5733a45d4776f41900660f27,1,uniform,[350],1,1.0,1
889,5733a560d058e614000b5f77,1,uniform,[350],1,1.0,1
890,5733a560d058e614000b5f78,1,uniform,[350],1,1.0,1
891,5733a560d058e614000b5f79,1,uniform,[350],1,1.0,1
892,5733a560d058e614000b5f7a,1,uniform,[350],1,1.0,1
893,5733a560d058e614000b5f7b,1,uniform,[350],0,0.5,1
894,5733a6ac4776f41900660f58,1,uniform,[350],1,1.0,1
895,5733a6ac4776f41900660f59,1,uniform,[350],1,1.0,1
896,5733a6ac4776f41900660f5a,1,uniform,[350],1,1.0,1
897,5733a6ac4776f41900660f5b,1,uniform,[350],0,0.6666666666666666,1
898,5733a6ac4776f41900660f5c,1,uniform,[350],1,1.0,1
899,573312fcd058e614000b56e6,1,uniform,[350],1,1.0,1
900,573312fcd058e614000b56e7,1,uniform,[350],1,1.0,1
901,573312fcd058e614000b56e8,1,uniform,[350],0,0.0,0
902,573312fcd058e614000b56e9,1,uniform,[350],1,1.0,1
903,573312fcd058e614000b56ea,1,uniform,[350],1,1.0,1
904,5733140a4776f419006606e0,1,uniform,[350],1,1.0,1
905,5733140a4776f419006606e1,1,uniform,[350],1,1.0,1
906,5733140a4776f419006606e2,1,uniform,[350],0,0.0,0
907,5733140a4776f419006606e3,1,uniform,[350],1,1.0,0
908,5733140a4776f419006606e4,1,uniform,[350],0,0.9600000000000001,1
909,573314e3d058e614000b56f0,1,uniform,[350],1,1.0,1
910,573314e3d058e614000b56f1,1,uniform,[350],0,0.4444444444444445,0
911,573314e3d058e614000b56f2,1,uniform,[350],1,1.0,1
912,573314e3d058e614000b56f3,1,uniform,[350],0,0.0,1
913,573314e3d058e614000b56f4,1,uniform,[350],1,1.0,1
914,57332442d058e614000b5720,1,uniform,[350],1,1.0,1
915,57332442d058e614000b5721,1,uniform,[350],1,1.0,1
916,57332442d058e614000b5722,1,uniform,[350],0,0.2857142857142857,1
917,57332442d058e614000b5723,1,uniform,[350],1,1.0,1
918,57332442d058e614000b5724,1,uniform,[350],1,1.0,1
919,57332562d058e614000b5730,1,uniform,[350],1,1.0,1
920,57332562d058e614000b5731,1,uniform,[350],1,1.0,1
921,57332562d058e614000b5732,1,uniform,[350],0,0.0,0
922,57332562d058e614000b5733,1,uniform,[350],1,1.0,1
923,57332562d058e614000b5734,1,uniform,[350],1,1.0,1
924,5733266d4776f41900660712,1,uniform,[350],1,1.0,1
925,5733266d4776f41900660713,1,uniform,[350],1,1.0,1
926,5733266d4776f41900660714,1,uniform,[350],1,1.0,1
927,5733266d4776f41900660715,1,uniform,[350],0,0.1,0
928,5733266d4776f41900660716,1,uniform,[350],1,1.0,1
929,57332a734776f41900660726,1,uniform,[350],0,0.6666666666666666,1
930,57332a734776f41900660727,1,uniform,[350],1,1.0,1
931,57332a734776f41900660728,1,uniform,[350],1,1.0,1
932,57332a734776f41900660729,1,uniform,[350],0,0.2857142857142857,1
933,57332a734776f4190066072a,1,uniform,[350],1,1.0,1
934,57332b66d058e614000b5758,1,uniform,[350],1,1.0,1
935,57332b66d058e614000b5759,1,uniform,[350],1,1.0,1
936,57332b66d058e614000b575a,1,uniform,[350],1,1.0,1
937,57332b66d058e614000b575b,1,uniform,[350],1,1.0,1
938,57332b66d058e614000b575c,1,uniform,[350],1,1.0,1
939,57332c1e4776f4190066073a,1,uniform,[350],0,0.0,0
940,57332c1e4776f4190066073b,1,uniform,[350],0,0.0,1
941,57332c1e4776f4190066073c,1,uniform,[350],0,0.0,0
942,57332c1e4776f4190066073d,1,uniform,[350],1,1.0,1
943,57332c1e4776f4190066073e,1,uniform,[350],1,1.0,1
944,57332e48d058e614000b5762,1,uniform,[350],1,1.0,1
945,57332e48d058e614000b5763,1,uniform,[350],1,1.0,1
946,57332e48d058e614000b5764,1,uniform,[350],0,0.6666666666666666,0
947,57332e48d058e614000b5765,1,uniform,[350],1,1.0,1
948,57332e48d058e614000b5766,1,uniform,[350],1,1.0,1
949,57332f81d058e614000b5776,1,uniform,[350],0,0.8571428571428571,1
950,57332f81d058e614000b5777,1,uniform,[350],0,0.5,1
951,57332f81d058e614000b5778,1,uniform,[350],0,0.0,1
952,57332f81d058e614000b5779,1,uniform,[350],1,1.0,1
953,57332f81d058e614000b577a,1,uniform,[350],1,1.0,1
954,573330444776f41900660758,1,uniform,[350],1,1.0,1
955,573330444776f41900660759,1,uniform,[350],1,1.0,1
956,573330444776f4190066075a,1,uniform,[350],1,1.0,1
957,573330444776f4190066075b,1,uniform,[350],1,1.0,1
958,573330444776f4190066075c,1,uniform,[350],1,1.0,1
959,5733314e4776f4190066076a,1,uniform,[350],1,1.0,0
960,5733314e4776f4190066076b,1,uniform,[350],1,1.0,1
961,5733314e4776f4190066076c,1,uniform,[350],0,0.0,0
962,5733314e4776f4190066076d,1,uniform,[350],0,0.6666666666666666,1
963,5733314e4776f4190066076e,1,uniform,[350],1,1.0,1
964,57335c20d058e614000b58f9,1,uniform,[350],1,1.0,1
965,57335c20d058e614000b58fa,1,uniform,[350],0,0.0,0
966,57335c20d058e614000b58fc,1,uniform,[350],0,0.6666666666666666,1
967,57335c20d058e614000b58fb,1,uniform,[350],1,1.0,1
968,57335c20d058e614000b58fd,1,uniform,[350],1,1.0,1
969,57335ddbd058e614000b592f,1,uniform,[350],0,0.6666666666666666,1
970,57335ddbd058e614000b5930,1,uniform,[350],0,0.0,0
971,57335ddbd058e614000b5931,1,uniform,[350],0,0.5,1
972,57335ddbd058e614000b5932,1,uniform,[350],0,0.0,1
973,57335ddbd058e614000b5933,1,uniform,[350],0,0.0,1
974,57335fcad058e614000b5970,1,uniform,[350],1,1.0,1
975,57335fcad058e614000b5971,1,uniform,[350],1,1.0,1
976,57335fcad058e614000b5972,1,uniform,[350],0,0.0,0
977,57335fcad058e614000b5973,1,uniform,[350],1,1.0,1
978,57335fcad058e614000b5974,1,uniform,[350],0,0.7499999999999999,1
979,573361404776f4190066093c,1,uniform,[350],1,1.0,1
980,573361404776f4190066093d,1,uniform,[350],0,0.0,0
981,573361404776f4190066093e,1,uniform,[350],0,0.8,1
982,573361404776f4190066093f,1,uniform,[350],0,0.6666666666666666,1
983,573361404776f41900660940,1,uniform,[350],1,1.0,1
984,573362b94776f41900660974,1,uniform,[350],1,1.0,1
985,573362b94776f41900660975,1,uniform,[350],1,1.0,1
986,573362b94776f41900660976,1,uniform,[350],0,0.6666666666666666,1
987,573362b94776f41900660977,1,uniform,[350],1,1.0,1
988,573362b94776f41900660978,1,uniform,[350],1,1.0,1
989,5733638fd058e614000b59e8,1,uniform,[350],0,0.0,1
990,5733638fd058e614000b59e9,1,uniform,[350],0,0.0,0
991,5733638fd058e614000b59ea,1,uniform,[350],1,1.0,1
992,5733638fd058e614000b59eb,1,uniform,[350],1,1.0,1
993,5733638fd058e614000b59ec,1,uniform,[350],1,1.0,1
994,5733647e4776f419006609ae,1,uniform,[350],0,0.0,1
995,5733647e4776f419006609af,1,uniform,[350],1,1.0,1
996,5733647e4776f419006609b0,1,uniform,[350],1,1.0,1
997,5733647e4776f419006609b1,1,uniform,[350],1,1.0,1
998,5733647e4776f419006609b2,1,uniform,[350],0,0.6666666666666666,1
999,573368044776f41900660a29,1,uniform,[350],0,0.6666666666666666,1
0,56be4db0acb8001400a502ec,1,weighted,[350],1,1.0,1
1,56be4db0acb8001400a502ed,1,weighted,[350],0,0.0,1
2,56be4db0acb8001400a502ee,1,weighted,[350],0,0.0,0
3,56be4db0acb8001400a502ef,1,weighted,[350],1,1.0,1
4,56be4db0acb8001400a502f0,1,weighted,[350],1,1.0,1
5,56be8e613aeaaa14008c90d1,1,weighted,[350],0,0.0,0
6,56be8e613aeaaa14008c90d2,1,weighted,[350],1,1.0,1
7,56be8e613aeaaa14008c90d3,1,weighted,[350],0,0.0,0
8,56bea9923aeaaa14008c91b9,1,weighted,[350],0,0.0,0
9,56bea9923aeaaa14008c91ba,1,weighted,[350],0,0.0,0
10,56bea9923aeaaa14008c91bb,1,weighted,[350],0,0.0,0
11,56beace93aeaaa14008c91df,1,weighted,[350],0,0.0,0
12,56beace93aeaaa14008c91e0,1,weighted,[350],0,0.5,0
13,56beace93aeaaa14008c91e1,1,weighted,[350],0,0.0,0
14,56beace93aeaaa14008c91e2,1,weighted,[350],1,1.0,0
15,56beace93aeaaa14008c91e3,1,weighted,[350],1,1.0,1
16,56bf10f43aeaaa14008c94fd,1,weighted,[350],0,0.0,0
17,56bf10f43aeaaa14008c94fe,1,weighted,[350],0,0.0,0
18,56bf10f43aeaaa14008c94ff,1,weighted,[350],1,1.0,0
19,56bf10f43aeaaa14008c9500,1,weighted,[350],0,0.0,0
20,56bf10f43aeaaa14008c9501,1,weighted,[350],0,0.5,0
21,56d20362e7d4791d009025e8,1,weighted,[350],0,0.0,0
22,56d20362e7d4791d009025e9,1,weighted,[350],0,0.0,0
23,56d20362e7d4791d009025ea,1,weighted,[350],0,0.0,0
24,56d20362e7d4791d009025eb,1,weighted,[350],0,0.0,0
25,56d600e31c85041400946eae,1,weighted,[350],1,1.0,1
26,56d600e31c85041400946eb0,1,weighted,[350],0,0.6666666666666666,0
27,56d600e31c85041400946eb1,1,weighted,[350],0,0.0,0
28,56d9895ddc89441400fdb50e,1,weighted,[350],0,0.0,0
29,56d9895ddc89441400fdb510,1,weighted,[350],1,1.0,0
30,56be4e1facb8001400a502f6,1,weighted,[350],1,1.0,1
31,56be4e1facb8001400a502f9,1,weighted,[350],1,1.0,0
32,56be4e1facb8001400a502fa,1,weighted,[350],0,0.0,0
33,56beaa4a3aeaaa14008c91c2,1,weighted,[350],0,0.0,0
34,56beaa4a3aeaaa14008c91c3,1,weighted,[350],0,0.0,0
35,56bead5a3aeaaa14008c91e9,1,weighted,[350],1,1.0,0
36,56bead5a3aeaaa14008c91ea,1,weighted,[350],1,1.0,1
37,56bead5a3aeaaa14008c91eb,1,weighted,[350],0,0.0,0
38,56bead5a3aeaaa14008c91ec,1,weighted,[350],0,0.0,0
39,56bead5a3aeaaa14008c91ed,1,weighted,[350],1,1.0,1
40,56bf159b3aeaaa14008c9507,1,weighted,[350],1,1.0,0
41,56bf159b3aeaaa14008c9508,1,weighted,[350],0,0.0,0
42,56bf159b3aeaaa14008c9509,1,weighted,[350],0,0.0,0
43,56bf159b3aeaaa14008c950a,1,weighted,[350],1,1.0,0
44,56bf159b3aeaaa14008c950b,1,weighted,[350],0,0.0,1
45,56d2045de7d4791d009025f3,1,weighted,[350],1,1.0,0
46,56d2045de7d4791d009025f4,1,weighted,[350],0,0.0,0
47,56d2045de7d4791d009025f5,1,weighted,[350],0,0.0,0
48,56d2045de7d4791d009025f6,1,weighted,[350],1,1.0,0
49,56d6017d1c85041400946ebe,1,weighted,[350],1,1.0,1
50,56d6017d1c85041400946ec1,1,weighted,[350],1,1.0,0
51,56d6017d1c85041400946ec2,1,weighted,[350],1,1.0,0
52,56d98a59dc89441400fdb52a,1,weighted,[350],0,0.0,0
53,56d98a59dc89441400fdb52b,1,weighted,[350],0,0.0,0
54,56d98a59dc89441400fdb52e,1,weighted,[350],0,0.0,0
55,56be4eafacb8001400a50302,1,weighted,[350],0,0.0,0
56,56be4eafacb8001400a50303,1,weighted,[350],1,1.0,1
57,56be4eafacb8001400a50304,1,weighted,[350],0,0.0,0
58,56beab833aeaaa14008c91d2,1,weighted,[350],1,1.0,1
59,56beab833aeaaa14008c91d3,1,weighted,[350],0,0.0,1
60,56beab833aeaaa14008c91d4,1,weighted,[350],1,1.0,1
61,56beae423aeaaa14008c91f4,1,weighted,[350],1,1.0,1
62,56beae423aeaaa14008c91f5,1,weighted,[350],0,0.0,0
63,56beae423aeaaa14008c91f6,1,weighted,[350],0,0.0,1
64,56beae423aeaaa14008c91f7,1,weighted,[350],0,0.0,1
65,56bf17653aeaaa14008c9511,1,weighted,[350],0,0.0,0
66,56bf17653aeaaa14008c9513,1,weighted,[350],1,1.0,1
67,56bf17653aeaaa14008c9514,1,weighted,[350],1,1.0,1
68,56bf17653aeaaa14008c9515,1,weighted,[350],1,1.0,1
69,56d204ade7d4791d00902603,1,weighted,[350],0,0.0,0
70,56d204ade7d4791d00902604,1,weighted,[350],1,1.0,0
71,56d601e41c85041400946ece,1,weighted,[350],1,1.0,1
72,56d601e41c85041400946ecf,1,weighted,[350],0,0.0,1
73,56d601e41c85041400946ed0,1,weighted,[350],1,1.0,1
74,56d601e41c85041400946ed1,1,weighted,[350],0,0.0,0
75,56d601e41c85041400946ed2,1,weighted,[350],1,1.0,0
76,56d98b33dc89441400fdb53b,1,weighted,[350],0,0.0,0
77,56d98b33dc89441400fdb53c,1,weighted,[350],0,0.0,1
78,56d98b33dc89441400fdb53d,1,weighted,[350],0,0.0,0
79,56d98b33dc89441400fdb53e,1,weighted,[350],0,0.0,1
80,56be5333acb8001400a5030a,1,weighted,[350],1,1.0,1
81,56be5333acb8001400a5030b,1,weighted,[350],1,1.0,1
82,56be5333acb8001400a5030c,1,weighted,[350],1,1.0,1
83,56be5333acb8001400a5030d,1,weighted,[350],1,1.0,1
84,56be5333acb8001400a5030e,1,weighted,[350],1,1.0,0
85,56beaf5e3aeaaa14008c91fd,1,weighted,[350],1,1.0,1
86,56beaf5e3aeaaa14008c91fe,1,weighted,[350],1,1.0,1
87,56beaf5e3aeaaa14008c91ff,1,weighted,[350],1,1.0,1
88,56beaf5e3aeaaa14008c9200,1,weighted,[350],0,0.0,1
89,56beaf5e3aeaaa14008c9201,1,weighted,[350],0,0.0,0
90,56bf1ae93aeaaa14008c951b,1,weighted,[350],0,0.0,0
91,56bf1ae93aeaaa14008c951c,1,weighted,[350],1,1.0,1
92,56bf1ae93aeaaa14008c951e,1,weighted,[350],0,0.0,1
93,56bf1ae93aeaaa14008c951f,1,weighted,[350],0,0.0,1
94,56d2051ce7d4791d00902608,1,weighted,[350],0,0.0,0
95,56d2051ce7d4791d00902609,1,weighted,[350],0,0.0,0
96,56d2051ce7d4791d0090260a,1,weighted,[350],1,1.0,1
97,56d2051ce7d4791d0090260b,1,weighted,[350],0,0.8,0
98,56d602631c85041400946ed8,1,weighted,[350],1,1.0,1
99,56d602631c85041400946eda,1,weighted,[350],1,1.0,1
100,56d602631c85041400946edb,1,weighted,[350],1,1.0,1
101,56d602631c85041400946edc,1,weighted,[350],0,0.6666666666666666,1
102,56d98c53dc89441400fdb544,1,weighted,[350],0,0.0,0
103,56d98c53dc89441400fdb545,1,weighted,[350],0,0.0,1
104,56d98c53dc89441400fdb546,1,weighted,[350],1,1.0,1
105,56d98c53dc89441400fdb548,1,weighted,[350],0,0.0,1
106,56be53b8acb8001400a50314,1,weighted,[350],1,1.0,1
107,56be53b8acb8001400a50315,1,weighted,[350],1,1.0,1
108,56be53b8acb8001400a50316,1,weighted,[350],1,1.0,1
109,56beafca3aeaaa14008c9207,1,weighted,[350],0,0.0,0
110,56beafca3aeaaa14008c9208,1,weighted,[350],0,0.09090909090909091,0
111,56bf42f53aeaaa14008c95a3,1,weighted,[350],1,1.0,1
112,56d2053ae7d4791d00902610,1,weighted,[350],1,1.0,1
113,56d6edd00d65d21400198250,1,weighted,[350],1,1.0,1
114,56d6edd00d65d21400198251,1,weighted,[350],1,1.0,1
115,56d98d0adc89441400fdb54e,1,weighted,[350],1,1.0,1
116,56d98d0adc89441400fdb54f,1,weighted,[350],1,1.0,1
117,56be5438acb8001400a5031a,1,weighted,[350],0,0.0,0
118,56be5438acb8001400a5031b,1,weighted,[350],0,0.3333333333333333,0
119,56be5438acb8001400a5031c,1,weighted,[350],0,0.4,0
120,56beb03c3aeaaa14008c920b,1,weighted,[350],0,0.0,0
121,56beb03c3aeaaa14008c920d,1,weighted,[350],0,0.0,0
122,56bf3c633aeaaa14008c9580,1,weighted,[350],1,1.0,0
123,56bf3c633aeaaa14008c9581,1,weighted,[350],0,0.0,0
124,56bf3c633aeaaa14008c9582,1,weighted,[350],1,1.0,0
125,56d20564e7d4791d00902612,1,weighted,[350],0,0.1,0
126,56d6ee6e0d65d21400198254,1,weighted,[350],0,0.0,0
127,56d6ee6e0d65d21400198255,1,weighted,[350],1,1.0,1
128,56d6ee6e0d65d21400198256,1,weighted,[350],1,1.0,0
129,56d6ee6e0d65d21400198257,1,weighted,[350],0,0.0,0
130,56d6ee6e0d65d21400198258,1,weighted,[350],1,1.0,0
131,56d98db6dc89441400fdb552,1,weighted,[350],1,1.0,0
132,56d98db6dc89441400fdb553,1,weighted,[350],0,0.0,0
133,56d98db6dc89441400fdb554,1,weighted,[350],1,1.0,0
134,56be54bdacb8001400a50322,1,weighted,[350],1,1.0,1
135,56be54bdacb8001400a50323,1,weighted,[350],1,1.0,1
136,56be54bdacb8001400a50324,1,weighted,[350],1,1.0,1
137,56be54bdacb8001400a50325,1,weighted,[350],1,1.0,1
138,56be54bdacb8001400a50326,1,weighted,[350],0,0.0,0
139,56beb0f43aeaaa14008c921b,1,weighted,[350],0,0.8571428571428571,0
140,56beb0f43aeaaa14008c921c,1,weighted,[350],1,1.0,1
141,56beb0f43aeaaa14008c921d,1,weighted,[350],0,0.5,0
142,56beb0f43aeaaa14008c921e,1,weighted,[350],1,1.0,1
143,56beb0f43aeaaa14008c921f,1,weighted,[350],1,1.0,1
144,56bf21b43aeaaa14008c9525,1,weighted,[350],1,1.0,1
145,56bf21b43aeaaa14008c9526,1,weighted,[350],0,0.6666666666666666,1
146,56bf21b43aeaaa14008c9528,1,weighted,[350],0,0.0,1
147,56bf21b43aeaaa14008c9529,1,weighted,[350],0,0.0,1
148,56d6ef6a0d65d21400198260,1,weighted,[350],0,0.0,0
149,56d6ef6a0d65d21400198262,1,weighted,[350],0,0.0,1
150,56d98f0ddc89441400fdb558,1,weighted,[350],1,1.0,1
151,56d98f0ddc89441400fdb559,1,weighted,[350],1,1.0,1
152,56d98f0ddc89441400fdb55a,1,weighted,[350],0,0.0,1
153,56d98f0ddc89441400fdb55b,1,weighted,[350],1,1.0,1
154,56d98f0ddc89441400fdb55c,1,weighted,[350],1,1.0,1
155,56be5523acb8001400a5032c,1,weighted,[350],1,1.0,1
156,56be5523acb8001400a5032d,1,weighted,[350],0,0.0,0
157,56be5523acb8001400a5032e,1,weighted,[350],0,0.0,0
158,56be5523acb8001400a5032f,1,weighted,[350],0,0.0,0
159,56be5523acb8001400a50330,1,weighted,[350],0,0.3333333333333333,0
160,56beb2153aeaaa14008c9225,1,weighted,[350],1,1.0,1
161,56beb2153aeaaa14008c9226,1,weighted,[350],0,0.0,0
162,56beb2153aeaaa14008c9227,1,weighted,[350],0,0.0,0
163,56beb2153aeaaa14008c9228,1,weighted,[350],0,0.6666666666666666,0
164,56beb2153aeaaa14008c9229,1,weighted,[350],0,0.0,0
165,56bf23363aeaaa14008c952f,1,weighted,[350],0,0.0,0
166,56bf23363aeaaa14008c9530,1,weighted,[350],0,0.0,0
167,56bf23363aeaaa14008c9531,1,weighted,[350],0,0.0,0
168,56bf23363aeaaa14008c9532,1,weighted,[350],1,1.0,1
169,56bf23363aeaaa14008c9533,1,weighted,[350],1,1.0,1
170,56d6f0770d65d21400198268,1,weighted,[350],1,1.0,1
171,56d6f0770d65d21400198269,1,weighted,[350],0,0.0,0
172,56d6f0770d65d2140019826a,1,weighted,[350],0,0.0,0
173,56d6f0770d65d2140019826c,1,weighted,[350],1,1.0,1
174,56d98fbfdc89441400fdb562,1,weighted,[350],0,0.0,0
175,56d98fbfdc89441400fdb563,1,weighted,[350],0,0.0,0
176,56d98fbfdc89441400fdb564,1,weighted,[350],0,0.0,0
177,56d98fbfdc89441400fdb565,1,weighted,[350],0,0.0,0
178,56be572b3aeaaa14008c9052,1,weighted,[350],1,1.0,1
179,56beb2a03aeaaa14008c922f,1,weighted,[350],0,0.0,0
180,56beb2a03aeaaa14008c9230,1,weighted,[350],0,0.0,0
181,56beb2a03aeaaa14008c9231,1,weighted,[350],0,0.0,0
182,56beb2a03aeaaa14008c9232,1,weighted,[350],0,0.6666666666666666,0
183,56beb2a03aeaaa14008c9233,1,weighted,[350],1,1.0,1
184,56bf28c73aeaaa14008c9539,1,weighted,[350],1,1.0,1
185,56bf28c73aeaaa14008c953a,1,weighted,[350],0,0.0,1
186,56bf28c73aeaaa14008c953c,1,weighted,[350],0,0.6666666666666666,0
187,56bf28c73aeaaa14008c953d,1,weighted,[350],0,0.0,0
188,56d6f1190d65d21400198272,1,weighted,[350],0,0.0,0
189,56d6f1190d65d21400198273,1,weighted,[350],0,0.0,0
190,56d6f1190d65d21400198274,1,weighted,[350],0,0.6666666666666666,1
191,56d6f1190d65d21400198275,1,weighted,[350],1,1.0,1
192,56d6f1190d65d21400198276,1,weighted,[350],0,0.0,0
193,56d99179dc89441400fdb56c,1,weighted,[350],1,1.0,1
194,56d99179dc89441400fdb56d,1,weighted,[350],0,0.0,0
195,56d99179dc89441400fdb570,1,weighted,[350],1,1.0,1
196,56be59683aeaaa14008c9058,1,weighted,[350],1,1.0,1
197,56be59683aeaaa14008c9059,1,weighted,[350],1,1.0,1
198,56be59683aeaaa14008c905a,1,weighted,[350],0,0.0,1
199,56beb3083aeaaa14008c923d,1,weighted,[350],1,1.0,1
200,56beb3083aeaaa14008c923e,1,weighted,[350],1,1.0,1
201,56beb3083aeaaa14008c923f,1,weighted,[350],0,0.0,0
202,56beb3083aeaaa14008c9240,1,weighted,[350],0,0.0,0
203,56beb3083aeaaa14008c9241,1,weighted,[350],1,1.0,1
204,56bf2afe3aeaaa14008c9543,1,weighted,[350],0,0.0,0
205,56bf2afe3aeaaa14008c9544,1,weighted,[350],1,1.0,1
206,56bf2afe3aeaaa14008c9545,1,weighted,[350],1,1.0,1
207,56bf2afe3aeaaa14008c9547,1,weighted,[350],0,0.6666666666666666,1
208,56d6f2000d65d2140019827c,1,weighted,[350],1,1.0,1
209,56d6f2000d65d2140019827d,1,weighted,[350],0,0.0,0
210,56d6f2000d65d2140019827e,1,weighted,[350],1,1.0,1
211,56d6f2000d65d2140019827f,1,weighted,[350],1,1.0,1
212,56d9943fdc89441400fdb576,1,weighted,[350],1,1.0,1
213,56d9943fdc89441400fdb577,1,weighted,[350],1,1.0,1
214,56d9943fdc89441400fdb578,1,weighted,[350],1,1.0,1
215,56d9943fdc89441400fdb57a,1,weighted,[350],0,0.0,1
216,56beb3a03aeaaa14008c9247,1,weighted,[350],0,0.0,1
217,56beb3a03aeaaa14008c9248,1,weighted,[350],0,0.0,1
218,56beb3a03aeaaa14008c9249,1,weighted,[350],1,1.0,1
219,56beb3a03aeaaa14008c924a,1,weighted,[350],0,0.0,0
220,56beb3a03aeaaa14008c924b,1,weighted,[350],0,0.0,0
221,56bf6b303aeaaa14008c960b,1,weighted,[350],1,1.0,1
222,56bf6b303aeaaa14008c960c,1,weighted,[350],1,1.0,1
223,56bf6b303aeaaa14008c960d,1,weighted,[350],0,0.0,1
224,56bf6b303aeaaa14008c960e,1,weighted,[350],0,0.0,0
225,56bf6b303aeaaa14008c960f,1,weighted,[350],0,0.0,0
226,56d6f2960d65d21400198286,1,weighted,[350],0,0.0,0
227,56d6f2960d65d21400198287,1,weighted,[350],1,1.0,1
228,56d6f2960d65d21400198288,1,weighted,[350],1,1.0,1
229,56d6f2960d65d21400198289,1,weighted,[350],0,0.0,1
230,56d6f2960d65d2140019828a,1,weighted,[350],0,0.0,1
231,56d997cddc89441400fdb586,1,weighted,[350],0,0.0,1
232,56d997cddc89441400fdb587,1,weighted,[350],1,1.0,1
233,56d997cddc89441400fdb588,1,weighted,[350],0,0.0,1
234,56d997cddc89441400fdb589,1,weighted,[350],1,1.0,1
235,56d997cddc89441400fdb58a,1,weighted,[350],0,0.0,1
236,56beb4343aeaaa14008c925b,1,weighted,[350],1,1.0,1
237,56beb4343aeaaa14008c925c,1,weighted,[350],0,0.0,1
238,56beb4343aeaaa14008c925d,1,weighted,[350],0,0.0,0
239,56beb4343aeaaa14008c925e,1,weighted,[350],0,0.0,0
240,56beb4343aeaaa14008c925f,1,weighted,[350],1,1.0,1
241,56d6f3500d65d21400198290,1,weighted,[350],1,1.0,1
242,56d6f3500d65d21400198291,1,weighted,[350],1,1.0,1
243,56d6f3500d65d21400198292,1,weighted,[350],0,0.0,1
244,56d6f3500d65d21400198293,1,weighted,[350],0,0.0,1
245,56d6f3500d65d21400198294,1,weighted,[350],0,0.0,0
246,56d9992fdc89441400fdb59c,1,weighted,[350],0,0.0,1
247,56d9992fdc89441400fdb59e,1,weighted,[350],1,1.0,1
248,56d9992fdc89441400fdb59f,1,weighted,[350],0,0.6666666666666666,1
249,56d9992fdc89441400fdb5a0,1,weighted,[350],0,0.0,1
250,56beb4e43aeaaa14008c9265,1,weighted,[350],0,0.0,1
251,56beb4e43aeaaa14008c9266,1,weighted,[350],1,1.0,1
252,56beb4e43aeaaa14008c9267,1,weighted,[350],0,0.0,0
253,56beb4e43aeaaa14008c9268,1,weighted,[350],1,1.0,1
254,56beb4e43aeaaa14008c9269,1,weighted,[350],0,0.0,0
255,56bf301c3aeaaa14008c954d,1,weighted,[350],0,0.0,1
256,56bf301c3aeaaa14008c954e,1,weighted,[350],1,1.0,1
257,56bf301c3aeaaa14008c954f,1,weighted,[350],0,0.0,1
258,56bf301c3aeaaa14008c9550,1,weighted,[350],1,1.0,1
259,56bf301c3aeaaa14008c9551,1,weighted,[350],1,1.0,1
260,56d6f4030d65d2140019829a,1,weighted,[350],1,1.0,1
261,56d6f4030d65d2140019829b,1,weighted,[350],1,1.0,1
262,56d6f4030d65d2140019829c,1,weighted,[350],1,1.0,1
263,56d6f4030d65d2140019829d,1,weighted,[350],1,1.0,1
264,56d6f4030d65d2140019829e,1,weighted,[350],0,0.0,1
265,56d99b7bdc89441400fdb5c8,1,weighted,[350],1,1.0,0
266,56d99b7bdc89441400fdb5c9,1,weighted,[350],0,0.0,0
267,56d99b7bdc89441400fdb5ca,1,weighted,[350],1,1.0,0
268,56d99b7bdc89441400fdb5cb,1,weighted,[350],1,1.0,1
269,56d99b7bdc89441400fdb5cc,1,weighted,[350],0,0.0,1
270,56beb57b3aeaaa14008c9279,1,weighted,[350],1,1.0,1
271,56beb57b3aeaaa14008c927a,1,weighted,[350],0,0.0,0
272,56beb57b3aeaaa14008c927b,1,weighted,[350],0,0.0,0
273,56beb57b3aeaaa14008c927c,1,weighted,[350],0,0.0,0
274,56beb57b3aeaaa14008c927d,1,weighted,[350],0,0.0,1
275,56bf38383aeaaa14008c956b,1,weighted,[350],0,0.0,0
276,56bf38383aeaaa14008c956c,1,weighted,[350],0,0.0,0
277,56bf38383aeaaa14008c956d,1,weighted,[350],0,0.0,0
278,56bf38383aeaaa14008c956e,1,weighted,[350],0,0.0,0
279,56bf38383aeaaa14008c956f,1,weighted,[350],0,0.0,0
280,56d6fe0b0d65d214001982a4,1,weighted,[350],1,1.0,1
281,56d6fe0b0d65d214001982a5,1,weighted,[350],0,0.0,0
282,56d6fe0b0d65d214001982a6,1,weighted,[350],1,1.0,1
283,56d6fe0b0d65d214001982a7,1,weighted,[350],0,0.0,1
284,56d99c44dc89441400fdb5d6,1,weighted,[350],1,1.0,1
285,56d99c44dc89441400fdb5d7,1,weighted,[350],0,0.0,0
286,56d99c44dc89441400fdb5d8,1,weighted,[350],0,0.0,0
287,56d99c44dc89441400fdb5d9,1,weighted,[350],0,0.0,0
288,56d99c44dc89441400fdb5da,1,weighted,[350],1,1.0,1
289,56beb6533aeaaa14008c928d,1,weighted,[350],0,0.0,0
290,56beb6533aeaaa14008c928e,1,weighted,[350],0,0.0,1
291,56beb6533aeaaa14008c9290,1,weighted,[350],1,1.0,1
292,56beb6533aeaaa14008c9291,1,weighted,[350],0,0.0,1
293,56bf3e803aeaaa14008c9588,1,weighted,[350],1,1.0,1
294,56bf3e803aeaaa14008c9589,1,weighted,[350],1,1.0,1
295,56bf3e803aeaaa14008c958b,1,weighted,[350],1,1.0,1
296,56d6fea90d65d214001982ae,1,weighted,[350],0,0.0,0
297,56d6fea90d65d214001982af,1,weighted,[350],1,1.0,1
298,56d6fea90d65d214001982b0,1,weighted,[350],1,1.0,1
299,56d6fea90d65d214001982b2,1,weighted,[350],0,0.0,1
300,56d99da8dc89441400fdb5fd,1,weighted,[350],0,0.0,0
301,56d99da8dc89441400fdb5ff,1,weighted,[350],0,0.0,0
302,56d99da8dc89441400fdb600,1,weighted,[350],1,1.0,1
303,56beb6f23aeaaa14008c92a1,1,weighted,[350],1,1.0,1
304,56beb6f23aeaaa14008c92a2,1,weighted,[350],1,1.0,1
305,56beb6f23aeaaa14008c92a3,1,weighted,[350],1,1.0,1
306,56beb6f23aeaaa14008c92a4,1,weighted,[350],0,0.0,1
307,56beb6f23aeaaa14008c92a5,1,weighted,[350],0,0.0,1
308,56bf34293aeaaa14008c9559,1,weighted,[350],0,0.0,0
309,56bf34293aeaaa14008c955a,1,weighted,[350],0,0.0,0
310,56bf34293aeaaa14008c955b,1,weighted,[350],0,0.0,1
311,56d701280d65d214001982b8,1,weighted,[350],1,1.0,1
312,56d701280d65d214001982ba,1,weighted,[350],0,0.0,0
313,56d701280d65d214001982bc,1,weighted,[350],0,0.0,1
314,56d99e78dc89441400fdb616,1,weighted,[350],1,1.0,1
315,56d99e78dc89441400fdb618,1,weighted,[350],1,1.0,0
316,56d99e78dc89441400fdb619,1,weighted,[350],1,1.0,1
317,56d99e78dc89441400fdb61a,1,weighted,[350],0,0.0,0
318,56beb7953aeaaa14008c92ab,1,weighted,[350],0,0.0,0
319,56beb7953aeaaa14008c92ac,1,weighted,[350],1,1.0,1
320,56beb7953aeaaa14008c92ad,1,weighted,[350],1,1.0,0
321,56beb7953aeaaa14008c92ae,1,weighted,[350],1,1.0,1
322,56beb7953aeaaa14008c92af,1,weighted,[350],1,1.0,1
323,56bf36b93aeaaa14008c9561,1,weighted,[350],0,0.0,1
324,56bf36b93aeaaa14008c9562,1,weighted,[350],1,1.0,1
325,56bf36b93aeaaa14008c9563,1,weighted,[350],1,1.0,0
326,56bf36b93aeaaa14008c9564,1,weighted,[350],1,1.0,1
327,56bf36b93aeaaa14008c9565,1,weighted,[350],1,1.0,1
328,56d7018a0d65d214001982c2,1,weighted,[350],1,1.0,1
329,56d7018a0d65d214001982c3,1,weighted,[350],1,1.0,1
330,56d7018a0d65d214001982c5,1,weighted,[350],0,0.0,1
331,56d99f99dc89441400fdb628,1,weighted,[350],0,0.0,0
332,56d99f99dc89441400fdb629,1,weighted,[350],1,1.0,1
333,56d99f99dc89441400fdb62c,1,weighted,[350],1,1.0,1
334,56beb7fd3aeaaa14008c92b5,1,weighted,[350],0,0.0,0
335,56beb7fd3aeaaa14008c92b6,1,weighted,[350],1,1.0,1
336,56beb7fd3aeaaa14008c92b7,1,weighted,[350],0,0.0,1
337,56beb7fd3aeaaa14008c92b8,1,weighted,[350],0,0.0,0
338,56bf3a223aeaaa14008c9575,1,weighted,[350],0,0.0,1
339,56bf3a223aeaaa14008c9576,1,weighted,[350],1,1.0,1
340,56bf3a223aeaaa14008c9577,1,weighted,[350],0,0.0,0
341,56bf3a223aeaaa14008c9579,1,weighted,[350],1,1.0,1
342,56d703d10d65d214001982d6,1,weighted,[350],0,0.0,1
343,56d703d10d65d214001982d7,1,weighted,[350],0,0.0,0
344,56d703d10d65d214001982d8,1,weighted,[350],0,0.0,1
345,56d9a026dc89441400fdb632,1,weighted,[350],1,1.0,1
346,56beb86b3aeaaa14008c92bd,1,weighted,[350],1,1.0,1
347,56beb86b3aeaaa14008c92be,1,weighted,[350],1,1.0,1
348,56beb86b3aeaaa14008c92bf,1,weighted,[350],1,1.0,1
349,56beb86b3aeaaa14008c92c0,1,weighted,[350],1,1.0,1
350,56beb86b3aeaaa14008c92c1,1,weighted,[350],1,1.0,1
351,56bf3fd53aeaaa14008c9591,1,weighted,[350],0,0.0,0
352,56bf3fd53aeaaa14008c9592,1,weighted,[350],1,1.0,1
353,56bf3fd53aeaaa14008c9593,1,weighted,[350],0,0.0,0
354,56bf3fd53aeaaa14008c9594,1,weighted,[350],1,1.0,0
355,56bf3fd53aeaaa14008c9595,1,weighted,[350],0,0.0,0
356,56d704430d65d214001982de,1,weighted,[350],1,1.0,1
357,56d704430d65d214001982e0,1,weighted,[350],1,1.0,1
358,56d704430d65d214001982e1,1,weighted,[350],0,0.0,1
359,56d704430d65d214001982e2,1,weighted,[350],1,1.0,1
360,56d9a0eadc89441400fdb63e,1,weighted,[350],1,1.0,1
361,56d9a0eadc89441400fdb63f,1,weighted,[350],1,1.0,0
362,56d9a0eadc89441400fdb640,1,weighted,[350],1,1.0,1
363,56beb90c3aeaaa14008c92c7,1,weighted,[350],1,1.0,1
364,56beb90c3aeaaa14008c92c8,1,weighted,[350],1,1.0,1
365,56beb90c3aeaaa14008c92c9,1,weighted,[350],0,0.0,0
366,56beb90c3aeaaa14008c92ca,1,weighted,[350],0,0.0,1
367,56beb90c3aeaaa14008c92cb,1,weighted,[350],0,0.0,1
368,56bf41013aeaaa14008c959b,1,weighted,[350],1,1.0,1
369,56bf41013aeaaa14008c959c,1,weighted,[350],1,1.0,1
370,56bf41013aeaaa14008c959d,1,weighted,[350],0,0.0,0
371,56bf41013aeaaa14008c959e,1,weighted,[350],0,0.0,0
372,56d7096b0d65d214001982fc,1,weighted,[350],0,0.5,1
373,56d7096b0d65d214001982fd,1,weighted,[350],0,0.0,1
374,56d7096b0d65d214001982fe,1,weighted,[350],0,0.0,1
375,56d9a199dc89441400fdb647,1,weighted,[350],1,1.0,1
376,56d9a199dc89441400fdb648,1,weighted,[350],0,0.0,0
377,56d9a199dc89441400fdb649,1,weighted,[350],0,0.0,1
378,56beb97c3aeaaa14008c92db,1,weighted,[350],1,1.0,1
379,56beb97c3aeaaa14008c92dc,1,weighted,[350],1,1.0,1
380,56beb97c3aeaaa14008c92dd,1,weighted,[350],1,1.0,1
381,56beb97c3aeaaa14008c92de,1,weighted,[350],1,1.0,1
382,56beb97c3aeaaa14008c92df,1,weighted,[350],0,0.0,1
383,56bf6c3e3aeaaa14008c9615,1,weighted,[350],1,1.0,1
384,56bf6c3e3aeaaa14008c9617,1,weighted,[350],1,1.0,1
385,56d709ef0d65d21400198306,1,weighted,[350],0,0.0,0
386,56d709ef0d65d21400198307,1,weighted,[350],1,1.0,1
387,56beba103aeaaa14008c92e5,1,weighted,[350],0,0.33333333333333337,1
388,56beba103aeaaa14008c92e6,1,weighted,[350],1,1.0,1
389,56beba103aeaaa14008c92e7,1,weighted,[350],1,1.0,1
390,56beba103aeaaa14008c92e8,1,weighted,[350],1,1.0,1
391,56beba103aeaaa14008c92e9,1,weighted,[350],1,1.0,1
392,56bf467d3aeaaa14008c95a5,1,weighted,[350],1,1.0,1
393,56bf467d3aeaaa14008c95a6,1,weighted,[350],1,1.0,1
394,56bf467d3aeaaa14008c95a7,1,weighted,[350],0,0.0,0
395,56d70adc0d65d21400198311,1,weighted,[350],1,1.0,1
396,56d70adc0d65d21400198312,1,weighted,[350],0,0.4615384615384615,1
397,56d70adc0d65d21400198313,1,weighted,[350],0,0.0,0
398,56d70adc0d65d21400198314,1,weighted,[350],1,1.0,1
399,56d9a419dc89441400fdb678,1,weighted,[350],1,1.0,1
400,56d9a419dc89441400fdb679,1,weighted,[350],0,0.0,1
401,56bebad93aeaaa14008c92f9,1,weighted,[350],0,0.0,1
402,56bebad93aeaaa14008c92fa,1,weighted,[350],0,0.0,0
403,56bebad93aeaaa14008c92fb,1,weighted,[350],0,0.0,1
404,56bebad93aeaaa14008c92fc,1,weighted,[350],0,0.0,1
405,56bebad93aeaaa14008c92fd,1,weighted,[350],1,1.0,0
406,56bf48cc3aeaaa14008c95ab,1,weighted,[350],1,1.0,0
407,56bf48cc3aeaaa14008c95ac,1,weighted,[350],0,0.0,0
408,56bf48cc3aeaaa14008c95ae,1,weighted,[350],1,1.0,1
409,56bf48cc3aeaaa14008c95af,1,weighted,[350],0,0.25,1
410,56d70ccc0d65d2140019831d,1,weighted,[350],0,0.6,1
411,56d70ccc0d65d2140019831f,1,weighted,[350],1,1.0,1
412,56d9a637dc89441400fdb697,1,weighted,[350],1,1.0,1
413,56d9a637dc89441400fdb698,1,weighted,[350],0,0.6666666666666666,1
414,56d9a637dc89441400fdb699,1,weighted,[350],0,0.0,1
415,56d9a637dc89441400fdb69a,1,weighted,[350],0,0.28571428571428575,1
416,56bebb293aeaaa14008c9303,1,weighted,[350],0,0.0,1
417,56bebb293aeaaa14008c9304,1,weighted,[350],1,1.0,1
418,56bebb293aeaaa14008c9305,1,weighted,[350],1,1.0,1
419,56bebb293aeaaa14008c9306,1,weighted,[350],0,0.0,1
420,56bf49993aeaaa14008c95b5,1,weighted,[350],0,0.0,0
421,56bf49993aeaaa14008c95b6,1,weighted,[350],0,0.0,0
422,56bf49993aeaaa14008c95b7,1,weighted,[350],0,0.0,0
423,56bf49993aeaaa14008c95b8,1,weighted,[350],0,0.0,0
424,56d70d240d65d21400198326,1,weighted,[350],0,0.0,0
425,56d70d240d65d21400198327,1,weighted,[350],0,0.0,0
426,56d70d240d65d21400198328,1,weighted,[350],0,0.0,0
427,56d70d240d65d21400198329,1,weighted,[350],0,0.0,0
428,56d9a6b4dc89441400fdb6a0,1,weighted,[350],0,0.0,0
429,56d9a6b4dc89441400fdb6a1,1,weighted,[350],0,0.0,0
430,56d9a6b4dc89441400fdb6a2,1,weighted,[350],0,0.0,0
431,56d9a6b4dc89441400fdb6a3,1,weighted,[350],0,0.0,0
432,56bebbbf3aeaaa14008c9315,1,weighted,[350],1,1.0,1
433,56bebbbf3aeaaa14008c9316,1,weighted,[350],0,0.6666666666666666,1
434,56bebbbf3aeaaa14008c9317,1,weighted,[350],1,1.0,1
435,56bebbbf3aeaaa14008c9318,1,weighted,[350],1,1.0,1
436,56bebbbf3aeaaa14008c9319,1,weighted,[350],1,1.0,1
437,56bf4e1b3aeaaa14008c95bd,1,weighted,[350],1,1.0,1
438,56bf4e1b3aeaaa14008c95be,1,weighted,[350],0,0.6666666666666666,0
439,56bf4e1b3aeaaa14008c95c0,1,weighted,[350],0,0.5,0
440,56bf4e1b3aeaaa14008c95c1,1,weighted,[350],0,0.0,1
441,56d70daa0d65d21400198332,1,weighted,[350],1,1.0,1
442,56d70daa0d65d21400198333,1,weighted,[350],1,1.0,1
443,56d70daa0d65d21400198334,1,weighted,[350],0,0.5,1
444,56d70daa0d65d21400198335,1,weighted,[350],0,0.0,0
445,56d70daa0d65d21400198336,1,weighted,[350],1,1.0,1
446,56d9a7addc89441400fdb6a8,1,weighted,[350],0,0.5,0
447,56d9a7addc89441400fdb6ab,1,weighted,[350],0,0.0,1
448,56bebc383aeaaa14008c931f,1,weighted,[350],1,1.0,1
449,56bebc383aeaaa14008c9320,1,weighted,[350],1,1.0,1
450,56bebc383aeaaa14008c9321,1,weighted,[350],1,1.0,1
451,56bf52483aeaaa14008c95c7,1,weighted,[350],0,0.0,0
452,56bf52483aeaaa14008c95c8,1,weighted,[350],1,1.0,1
453,56d70e570d65d2140019833c,1,weighted,[350],0,0.6666666666666666,0
454,56d70e570d65d2140019833e,1,weighted,[350],1,1.0,1
455,56d70e570d65d2140019833f,1,weighted,[350],1,1.0,1
456,56d9b01fdc89441400fdb6d4,1,weighted,[350],0,0.0,0
457,56bebcbe3aeaaa14008c9325,1,weighted,[350],1,1.0,1
458,56bebcbe3aeaaa14008c9326,1,weighted,[350],1,1.0,1
459,56bebcbe3aeaaa14008c9327,1,weighted,[350],1,1.0,1
460,56bebcbe3aeaaa14008c9328,1,weighted,[350],1,1.0,1
461,56bebcbe3aeaaa14008c9329,1,weighted,[350],0,0.0,0
462,56bf53e73aeaaa14008c95cb,1,weighted,[350],0,0.0,0
463,56bf53e73aeaaa14008c95cc,1,weighted,[350],1,1.0,1
464,56bf53e73aeaaa14008c95cd,1,weighted,[350],0,0.0,0
465,56bf53e73aeaaa14008c95ce,1,weighted,[350],1,1.0,1
466,56d7145c0d65d2140019834c,1,weighted,[350],0,0.0,0
467,56d7145c0d65d2140019834d,1,weighted,[350],1,1.0,1
468,56d7145c0d65d2140019834f,1,weighted,[350],1,1.0,1
469,56d9b389dc89441400fdb6ec,1,weighted,[350],1,1.0,1
470,56d9b389dc89441400fdb6ed,1,weighted,[350],1,1.0,1
471,56d9b389dc89441400fdb6ee,1,weighted,[350],1,1.0,1
472,56d9b389dc89441400fdb6ef,1,weighted,[350],1,1.0,1
473,56d9b389dc89441400fdb6f0,1,weighted,[350],1,1.0,1
474,56bebd713aeaaa14008c932f,1,weighted,[350],1,1.0,1
475,56bebd713aeaaa14008c9330,1,weighted,[350],0,0.0,0
476,56bebd713aeaaa14008c9331,1,weighted,[350],0,0.0,1
477,56bf555e3aeaaa14008c95d3,1,weighted,[350],0,0.0,0
478,56bf555e3aeaaa14008c95d4,1,weighted,[350],0,0.5,0
479,56bf555e3aeaaa14008c95d5,1,weighted,[350],0,0.0,0
480,56d714cd0d65d21400198356,1,weighted,[350],0,0.5,1
481,56d714cd0d65d21400198358,1,weighted,[350],1,1.0,1
482,56d714cd0d65d21400198359,1,weighted,[350],1,1.0,1
483,56d9b43edc89441400fdb700,1,weighted,[350],0,0.10526315789473684,0
484,56d9b43edc89441400fdb701,1,weighted,[350],1,1.0,1
485,56bebde53aeaaa14008c9335,1,weighted,[350],1,1.0,1
486,56bebde53aeaaa14008c9336,1,weighted,[350],0,0.6666666666666666,1
487,56bebde53aeaaa14008c9337,1,weighted,[350],1,1.0,1
488,56bebde53aeaaa14008c9338,1,weighted,[350],1,1.0,1
489,56bebde53aeaaa14008c9339,1,weighted,[350],1,1.0,1
490,56bf57043aeaaa14008c95d9,1,weighted,[350],1,1.0,1
491,56bf57043aeaaa14008c95da,1,weighted,[350],0,0.0,1
492,56bf57043aeaaa14008c95db,1,weighted,[350],1,1.0,1
493,56bf57043aeaaa14008c95dc,1,weighted,[350],1,1.0,1
494,56bf57043aeaaa14008c95dd,1,weighted,[350],1,1.0,1
495,56d71bd80d65d2140019835e,1,weighted,[350],1,1.0,1
496,56d71bd80d65d21400198360,1,weighted,[350],1,1.0,1
497,56d71bd80d65d21400198361,1,weighted,[350],1,1.0,1
498,56d71bd80d65d21400198362,1,weighted,[350],1,1.0,1
499,56d9b4ebdc89441400fdb708,1,weighted,[350],0,0.6666666666666666,1
500,56d9b4ebdc89441400fdb709,1,weighted,[350],0,0.5714285714285715,0
501,56d9b4ebdc89441400fdb70a,1,weighted,[350],1,1.0,1
502,56d9b4ebdc89441400fdb70b,1,weighted,[350],1,1.0,1
503,56d9b4ebdc89441400fdb70c,1,weighted,[350],1,1.0,1
504,56bebe873aeaaa14008c933f,1,weighted,[350],0,0.0,1
505,56bebe873aeaaa14008c9340,1,weighted,[350],1,1.0,1
506,56bebe873aeaaa14008c9341,1,weighted,[350],0,0.0,0
507,56bebe873aeaaa14008c9342,1,weighted,[350],0,0.0,0
508,56bebe873aeaaa14008c9343,1,weighted,[350],0,0.0,0
509,56bf59523aeaaa14008c95e3,1,weighted,[350],1,1.0,1
510,56bf59523aeaaa14008c95e4,1,weighted,[350],0,0.0,0
511,56bf59523aeaaa14008c95e5,1,weighted,[350],0,0.0,0
512,56d71cb60d65d21400198368,1,weighted,[350],1,1.0,1
513,56d9b5ffdc89441400fdb720,1,weighted,[350],1,1.0,1
514,56d9b5ffdc89441400fdb721,1,weighted,[350],0,0.0,0
515,56bebec43aeaaa14008c9349,1,weighted,[350],1,1.0,1
516,56bebec43aeaaa14008c934a,1,weighted,[350],0,0.4,1
517,56bf5abc3aeaaa14008c95e9,1,weighted,[350],0,0.0,0
518,56bf5abc3aeaaa14008c95ea,1,weighted,[350],0,0.28571428571428575,1
519,56d71d150d65d2140019836e,1,weighted,[350],0,0.888888888888889,1
520,56d71d150d65d2140019836f,1,weighted,[350],0,0.5555555555555556,1
521,56d71d150d65d21400198370,1,weighted,[350],0,0.28571428571428575,1
522,56d9b6a3dc89441400fdb72f,1,weighted,[350],0,0.0,0
523,56d9b6a3dc89441400fdb730,1,weighted,[350],0,0.28571428571428575,1
524,56bec0353aeaaa14008c934d,1,weighted,[350],0,0.8,0
525,56bec0353aeaaa14008c934e,1,weighted,[350],1,1.0,1
526,56bec0353aeaaa14008c934f,1,weighted,[350],0,0.4,1
527,56bec0353aeaaa14008c9350,1,weighted,[350],1,1.0,1
528,56bec0353aeaaa14008c9351,1,weighted,[350],1,1.0,1
529,56bf5b933aeaaa14008c95ed,1,weighted,[350],1,1.0,1
530,56bf5b933aeaaa14008c95ef,1,weighted,[350],1,1.0,1
531,56bf5b933aeaaa14008c95f1,1,weighted,[350],0,0.0,0
532,56d71d9d0d65d21400198374,1,weighted,[350],1,1.0,1
533,56d71d9d0d65d21400198377,1,weighted,[350],1,1.0,1
534,56bec0dd3aeaaa14008c9357,1,weighted,[350],0,0.0,0
535,56bec0dd3aeaaa14008c9358,1,weighted,[350],1,1.0,1
536,56bec0dd3aeaaa14008c9359,1,weighted,[350],1,1.0,1
537,56bec0dd3aeaaa14008c935a,1,weighted,[350],1,1.0,1
538,56bec0dd3aeaaa14008c935b,1,weighted,[350],1,1.0,1
539,56bf5e7b3aeaaa14008c95f7,1,weighted,[350],0,0.0,0
540,56bf5e7b3aeaaa14008c95f8,1,weighted,[350],0,0.0,1
541,56bf5e7b3aeaaa14008c95f9,1,weighted,[350],1,1.0,1
542,56bf5e7b3aeaaa14008c95fa,1,weighted,[350],1,1.0,1
543,56bf5e7b3aeaaa14008c95fb,1,weighted,[350],0,0.6666666666666666,1
544,56d71ed50d65d2140019837c,1,weighted,[350],1,1.0,0
545,56d71ed50d65d2140019837d,1,weighted,[350],1,1.0,1
546,56d9b7dcdc89441400fdb740,1,weighted,[350],1,1.0,0
547,56d9b7dcdc89441400fdb741,1,weighted,[350],0,0.22222222222222224,0
548,56d9b7dcdc89441400fdb742,1,weighted,[350],0,0.0,0
549,56d9b7dcdc89441400fdb743,1,weighted,[350],1,1.0,1
550,56d9b7dcdc89441400fdb744,1,weighted,[350],0,0.0,0
551,56bec1823aeaaa14008c9361,1,weighted,[350],0,0.0,1
552,56bec1823aeaaa14008c9362,1,weighted,[350],1,1.0,1
553,56bec1823aeaaa14008c9363,1,weighted,[350],0,0.0,1
554,56bec1823aeaaa14008c9364,1,weighted,[350],1,1.0,1
555,56bec1823aeaaa14008c9365,1,weighted,[350],1,1.0,1
556,56bf6d343aeaaa14008c961b,1,weighted,[350],1,1.0,0
557,56d71fc00d65d21400198386,1,weighted,[350],1,1.0,1
558,56d71fc00d65d21400198389,1,weighted,[350],1,1.0,1
559,56d9ba95dc89441400fdb754,1,weighted,[350],0,0.0,0
560,56d9ba95dc89441400fdb757,1,weighted,[350],0,0.0,1
561,56d9ba95dc89441400fdb758,1,weighted,[350],1,1.0,1
562,56bec2013aeaaa14008c9371,1,weighted,[350],1,1.0,1
563,56bec2013aeaaa14008c9372,1,weighted,[350],0,0.0,0
564,56bec2013aeaaa14008c9373,1,weighted,[350],1,1.0,1
565,56bec2013aeaaa14008c9374,1,weighted,[350],0,0.6666666666666666,1
566,56bec2013aeaaa14008c9375,1,weighted,[350],0,0.0,1
567,56bf6e7a3aeaaa14008c961f,1,weighted,[350],0,0.0,0
568,56bf6e7a3aeaaa14008c9620,1,weighted,[350],0,0.0,0
569,56bf6e7a3aeaaa14008c9621,1,weighted,[350],1,1.0,1
570,56bf6e7a3aeaaa14008c9622,1,weighted,[350],0,0.0,0
571,56d7205e0d65d21400198391,1,weighted,[350],0,0.6666666666666666,1
572,56d7205e0d65d21400198392,1,weighted,[350],1,1.0,1
573,56d9bc13dc89441400fdb75e,1,weighted,[350],0,0.0,0
574,56d9bc13dc89441400fdb75f,1,weighted,[350],0,0.0,0
575,56d9bc13dc89441400fdb760,1,weighted,[350],0,0.0,0
576,56bec2573aeaaa14008c937b,1,weighted,[350],1,1.0,1
577,56bec2573aeaaa14008c937c,1,weighted,[350],1,1.0,1
578,56bf6f743aeaaa14008c9631,1,weighted,[350],0,0.5,1
579,56bf6f743aeaaa14008c9632,1,weighted,[350],1,1.0,1
580,56d720c70d65d21400198396,1,weighted,[350],0,0.0,0
581,56d720c70d65d21400198397,1,weighted,[350],0,0.18181818181818182,1
582,56d720c70d65d21400198398,1,weighted,[350],0,0.42857142857142855,1
583,56bec3153aeaaa14008c9389,1,weighted,[350],1,1.0,1
584,56bec3153aeaaa14008c938a,1,weighted,[350],1,1.0,1
585,56bec3153aeaaa14008c938b,1,weighted,[350],1,1.0,1
586,56bec3153aeaaa14008c938c,1,weighted,[350],1,1.0,1
587,56bf717d3aeaaa14008c9635,1,weighted,[350],0,0.0,0
588,56bf717d3aeaaa14008c9637,1,weighted,[350],1,1.0,1
589,56bf717d3aeaaa14008c9638,1,weighted,[350],1,1.0,1
590,56bf717d3aeaaa14008c9639,1,weighted,[350],0,0.4,1
591,56d721af0d65d2140019839e,1,weighted,[350],0,0.6666666666666666,1
592,56d721af0d65d2140019839f,1,weighted,[350],1,1.0,1
593,56d721af0d65d214001983a0,1,weighted,[350],1,1.0,1
594,56d9bdc1dc89441400fdb768,1,weighted,[350],1,1.0,1
595,56d9bdc1dc89441400fdb769,1,weighted,[350],0,0.0,0
596,56d9bdc1dc89441400fdb76a,1,weighted,[350],1,1.0,1
597,56bec38b3aeaaa14008c9397,1,weighted,[350],1,1.0,1
598,56bec38b3aeaaa14008c9398,1,weighted,[350],1,1.0,1
599,56bec38b3aeaaa14008c9399,1,weighted,[350],0,0.0,1
600,56bec38b3aeaaa14008c939a,1,weighted,[350],1,1.0,1
601,56bf71e73aeaaa14008c963f,1,weighted,[350],0,0.0,0
602,56bf71e73aeaaa14008c9640,1,weighted,[350],1,1.0,1
603,56d722330d65d214001983a6,1,weighted,[350],1,1.0,1
604,56d722330d65d214001983a7,1,weighted,[350],1,1.0,1
605,56d722330d65d214001983a8,1,weighted,[350],0,0.0,1
606,56d9be16dc89441400fdb770,1,weighted,[350],0,0.0,0
607,56d9be16dc89441400fdb771,1,weighted,[350],0,0.0,0
608,56bec4343aeaaa14008c93a9,1,weighted,[350],1,1.0,1
609,56bec4343aeaaa14008c93aa,1,weighted,[350],0,0.0,1
610,56bec4343aeaaa14008c93ab,1,weighted,[350],1,1.0,1
611,56bec4343aeaaa14008c93ac,1,weighted,[350],0,0.0,1
612,56d723560d65d214001983ac,1,weighted,[350],0,0.0,1
613,56d723560d65d214001983ad,1,weighted,[350],0,0.0,1
614,56d723560d65d214001983ae,1,weighted,[350],0,0.21052631578947367,1
615,56d723560d65d214001983af,1,weighted,[350],1,1.0,1
616,56d9bf70dc89441400fdb77b,1,weighted,[350],0,0.0,0
617,56d9bf70dc89441400fdb77c,1,weighted,[350],0,0.0,1
618,56d9bf70dc89441400fdb77d,1,weighted,[350],1,1.0,1
619,56bec4a33aeaaa14008c93b1,1,weighted,[350],0,0.0,0
620,56bec4a33aeaaa14008c93b2,1,weighted,[350],1,1.0,1
621,56bec4a33aeaaa14008c93b3,1,weighted,[350],1,1.0,1
622,56bec4a33aeaaa14008c93b4,1,weighted,[350],1,1.0,1
623,56bec4a33aeaaa14008c93b5,1,weighted,[350],1,1.0,1
624,56bf738b3aeaaa14008c9655,1,weighted,[350],0,0.0,0
625,56bf738b3aeaaa14008c9656,1,weighted,[350],0,0.0,0
626,56d723ad0d65d214001983b4,1,weighted,[350],1,1.0,1
627,56d723ad0d65d214001983b5,1,weighted,[350],1,1.0,1
628,56d723ad0d65d214001983b8,1,weighted,[350],1,1.0,1
629,56d9c049dc89441400fdb78e,1,weighted,[350],1,1.0,1
630,56d9c049dc89441400fdb78f,1,weighted,[350],1,1.0,1
631,56d9c049dc89441400fdb790,1,weighted,[350],0,0.37037037037037035,1
632,56d9c049dc89441400fdb791,1,weighted,[350],1,1.0,1
633,56d9c049dc89441400fdb792,1,weighted,[350],0,0.0,0
634,56bec5233aeaaa14008c93cf,1,weighted,[350],1,1.0,1
635,56bec5233aeaaa14008c93d0,1,weighted,[350],1,1.0,1
636,56bec5233aeaaa14008c93d1,1,weighted,[350],1,1.0,1
637,56bec5233aeaaa14008c93d2,1,weighted,[350],1,1.0,1
638,56bec5233aeaaa14008c93d3,1,weighted,[350],0,0.2666666666666667,1
639,56d724620d65d214001983be,1,weighted,[350],1,1.0,1
640,56d724620d65d214001983bf,1,weighted,[350],1,1.0,1
641,56d724620d65d214001983c0,1,weighted,[350],1,1.0,1
642,56d724620d65d214001983c1,1,weighted,[350],1,1.0,1
643,56d9c203dc89441400fdb7a0,1,weighted,[350],0,0.125,0
644,56d9c203dc89441400fdb7a3,1,weighted,[350],0,0.0,0
645,56bec5ff3aeaaa14008c93e3,1,weighted,[350],0,0.6153846153846153,1
646,56bec5ff3aeaaa14008c93e4,1,weighted,[350],0,0.6153846153846153,1
647,56bec5ff3aeaaa14008c93e5,1,weighted,[350],1,1.0,1
648,56d724ea0d65d214001983c8,1,weighted,[350],0,0.0,0
649,56d724ea0d65d214001983c9,1,weighted,[350],1,1.0,1
650,56bec6573aeaaa14008c93e9,1,weighted,[350],1,1.0,1
651,56bec6573aeaaa14008c93ea,1,weighted,[350],1,1.0,1
652,56bec6573aeaaa14008c93eb,1,weighted,[350],1,1.0,1
653,56bec6573aeaaa14008c93ec,1,weighted,[350],1,1.0,1
654,56bec6573aeaaa14008c93ed,1,weighted,[350],0,0.0,0
655,56d7251d0d65d214001983cc,1,weighted,[350],1,1.0,1
656,56d7251d0d65d214001983cd,1,weighted,[350],1,1.0,1
657,56d7251d0d65d214001983cf,1,weighted,[350],1,1.0,1
658,56d9c3a6dc89441400fdb7b4,1,weighted,[350],1,1.0,1
659,56d9c3a6dc89441400fdb7b5,1,weighted,[350],0,0.0,1
660,56d9c3a6dc89441400fdb7b6,1,weighted,[350],1,1.0,1
661,56d9c3a6dc89441400fdb7b7,1,weighted,[350],1,1.0,1
662,56d9c3a6dc89441400fdb7b8,1,weighted,[350],1,1.0,1
663,56bec6ac3aeaaa14008c93fd,1,weighted,[350],0,0.0,1
664,56bec6ac3aeaaa14008c93fe,1,weighted,[350],1,1.0,1
665,56bec6ac3aeaaa14008c93ff,1,weighted,[350],1,1.0,1
666,56bec6ac3aeaaa14008c9400,1,weighted,[350],0,0.0,1
667,56bec6ac3aeaaa14008c9401,1,weighted,[350],0,0.8571428571428571,1
668,56d20650e7d4791d00902614,1,weighted,[350],1,1.0,1
669,56d20650e7d4791d00902615,1,weighted,[350],1,1.0,1
670,56d7253b0d65d214001983d4,1,weighted,[350],0,0.0,0
671,56d7253b0d65d214001983d5,1,weighted,[350],1,1.0,1
672,56d9c455dc89441400fdb7c4,1,weighted,[350],0,0.0,0
673,56d9c455dc89441400fdb7c5,1,weighted,[350],1,1.0,1
674,56d9c455dc89441400fdb7c6,1,weighted,[350],0,0.0,0
675,56bec7353aeaaa14008c940d,1,weighted,[350],1,1.0,1
676,56bec7353aeaaa14008c940e,1,weighted,[350],1,1.0,1
677,56bec7353aeaaa14008c940f,1,weighted,[350],1,1.0,0
678,56bec7353aeaaa14008c9410,1,weighted,[350],1,1.0,1
679,56bec7353aeaaa14008c9411,1,weighted,[350],0,0.6666666666666666,0
680,56d725790d65d214001983d8,1,weighted,[350],1,1.0,0
681,56d725790d65d214001983da,1,weighted,[350],1,1.0,1
682,56d725790d65d214001983db,1,weighted,[350],0,0.0,0
683,56d9c551dc89441400fdb7d0,1,weighted,[350],1,1.0,0
684,56d9c551dc89441400fdb7d1,1,weighted,[350],1,1.0,1
685,56d9c551dc89441400fdb7d2,1,weighted,[350],1,1.0,1
686,56d9c551dc89441400fdb7d3,1,weighted,[350],1,1.0,0
687,56bec7a63aeaaa14008c9417,1,weighted,[350],1,1.0,1
688,56bec7a63aeaaa14008c9418,1,weighted,[350],0,0.0,1
689,56bec7a63aeaaa14008c9419,1,weighted,[350],1,1.0,1
690,56bec7a63aeaaa14008c941a,1,weighted,[350],1,1.0,0
691,56bec7a63aeaaa14008c941b,1,weighted,[350],0,0.0,0
692,56d728a10d65d21400198413,1,weighted,[350],0,0.0,0
693,56d728a10d65d21400198414,1,weighted,[350],1,1.0,1
694,56d728a10d65d21400198415,1,weighted,[350],1,1.0,0
695,56d728a10d65d21400198416,1,weighted,[350],0,0.0,0
696,56d9c5e7dc89441400fdb7d8,1,weighted,[350],0,0.0,0
697,56d9c5e7dc89441400fdb7d9,1,weighted,[350],1,1.0,1
698,56d9c5e7dc89441400fdb7da,1,weighted,[350],0,0.0,0
699,56d9c5e7dc89441400fdb7db,1,weighted,[350],0,0.0,0
700,56d9c5e7dc89441400fdb7dc,1,weighted,[350],1,1.0,1
701,56bec8243aeaaa14008c942b,1,weighted,[350],1,1.0,1
702,56bec8243aeaaa14008c942c,1,weighted,[350],1,1.0,1
703,56bec8243aeaaa14008c942d,1,weighted,[350],1,1.0,1
704,56bec8243aeaaa14008c942e,1,weighted,[350],0,0.0,0
705,56bec8243aeaaa14008c942f,1,weighted,[350],0,0.6666666666666666,0
706,56d728e00d65d2140019841c,1,weighted,[350],0,0.0,1
707,56d728e00d65d2140019841d,1,weighted,[350],1,1.0,1
708,56d728e00d65d2140019841e,1,weighted,[350],1,1.0,1
709,56d728e00d65d2140019841f,1,weighted,[350],0,0.0,0
710,56d728e00d65d21400198420,1,weighted,[350],1,1.0,1
711,56d9c660dc89441400fdb7e7,1,weighted,[350],1,1.0,1
712,56d9c660dc89441400fdb7e8,1,weighted,[350],1,1.0,1
713,56d9c660dc89441400fdb7e9,1,weighted,[350],1,1.0,1
714,56d9c660dc89441400fdb7ea,1,weighted,[350],1,1.0,1
715,56bec8a13aeaaa14008c9435,1,weighted,[350],1,1.0,1
716,56bec8a13aeaaa14008c9436,1,weighted,[350],0,0.0,0
717,56bec8a13aeaaa14008c9437,1,weighted,[350],1,1.0,1
718,56bec8a13aeaaa14008c9438,1,weighted,[350],1,1.0,0
719,56bec8a13aeaaa14008c9439,1,weighted,[350],1,1.0,1
720,56d729180d65d21400198426,1,weighted,[350],0,0.0,0
721,56d729180d65d21400198427,1,weighted,[350],1,1.0,1
722,56d729180d65d21400198428,1,weighted,[350],1,1.0,1
723,56d729180d65d21400198429,1,weighted,[350],0,0.6666666666666666,1
724,56d729180d65d2140019842a,1,weighted,[350],1,1.0,1
725,56d9c6e0dc89441400fdb7f0,1,weighted,[350],0,0.0,0
726,56d9c6e0dc89441400fdb7f4,1,weighted,[350],0,0.0,0
727,56bec9133aeaaa14008c9445,1,weighted,[350],1,1.0,1
728,56bec9133aeaaa14008c9446,1,weighted,[350],1,1.0,0
729,56bec9133aeaaa14008c9447,1,weighted,[350],1,1.0,1
730,56bec9133aeaaa14008c9448,1,weighted,[350],1,1.0,1
731,56bec9133aeaaa14008c9449,1,weighted,[350],0,0.0,0
732,56d729ec0d65d21400198430,1,weighted,[350],1,1.0,1
733,56d729ec0d65d21400198431,1,weighted,[350],1,1.0,0
734,56d729ec0d65d21400198432,1,weighted,[350],1,1.0,1
735,56d729ec0d65d21400198434,1,weighted,[350],0,0.0,1
736,56d9c79edc89441400fdb804,1,weighted,[350],0,0.0,1
737,56d9c79edc89441400fdb805,1,weighted,[350],0,0.6666666666666666,1
738,56d9c79edc89441400fdb806,1,weighted,[350],1,1.0,1
739,56d9c79edc89441400fdb807,1,weighted,[350],0,0.14285714285714288,0
740,56d9c79edc89441400fdb808,1,weighted,[350],1,1.0,1
741,56bec98e3aeaaa14008c9455,1,weighted,[350],0,0.0,0
742,56bec98e3aeaaa14008c9456,1,weighted,[350],1,1.0,0
743,56bec98e3aeaaa14008c9457,1,weighted,[350],0,0.0,0
744,56bec98e3aeaaa14008c9458,1,weighted,[350],0,0.0,1
745,56bec98e3aeaaa14008c9459,1,weighted,[350],1,1.0,1
746,56d7282f0d65d21400198408,1,weighted,[350],1,1.0,1
747,56d7282f0d65d21400198409,1,weighted,[350],1,1.0,1
748,56d7282f0d65d2140019840a,1,weighted,[350],0,0.0,0
749,56d7282f0d65d2140019840c,1,weighted,[350],0,0.0,0
750,56d9c92bdc89441400fdb80e,1,weighted,[350],0,0.0,0
751,56d9c92bdc89441400fdb80f,1,weighted,[350],0,0.0,0
752,56d9c92bdc89441400fdb810,1,weighted,[350],1,1.0,1
753,56d9c92bdc89441400fdb811,1,weighted,[350],0,0.0,1
754,56bec9e83aeaaa14008c945f,1,weighted,[350],0,0.0,0
755,56bec9e83aeaaa14008c9460,1,weighted,[350],0,0.0,0
756,56bec9e83aeaaa14008c9461,1,weighted,[350],0,0.0,0
757,56bec9e83aeaaa14008c9462,1,weighted,[350],0,0.6666666666666666,0
758,56d7261e0d65d214001983e0,1,weighted,[350],0,0.6666666666666666,1
759,56d7261e0d65d214001983e1,1,weighted,[350],1,1.0,1
760,56d7261e0d65d214001983e2,1,weighted,[350],0,0.5714285714285715,0
761,56d7261e0d65d214001983e4,1,weighted,[350],1,1.0,1
762,56d9ca0adc89441400fdb820,1,weighted,[350],0,0.0,0
763,56d9ca0adc89441400fdb821,1,weighted,[350],0,0.6666666666666666,1
764,56d9ca0adc89441400fdb822,1,weighted,[350],1,1.0,1
765,56d9ca0adc89441400fdb823,1,weighted,[350],0,0.0,1
766,56beca913aeaaa14008c946d,1,weighted,[350],0,0.0,1
767,56beca913aeaaa14008c946e,1,weighted,[350],0,0.0,1
768,56beca913aeaaa14008c946f,1,weighted,[350],0,0.0,0
769,56beca913aeaaa14008c9470,1,weighted,[350],0,0.0,0
770,56beca913aeaaa14008c9471,1,weighted,[350],0,0.0,0
771,56d726b60d65d214001983ea,1,weighted,[350],1,1.0,1
772,56d726b60d65d214001983eb,1,weighted,[350],0,0.0,0
773,56d726b60d65d214001983ec,1,weighted,[350],1,1.0,1
774,56d726b60d65d214001983ed,1,weighted,[350],1,1.0,1
775,56d726b60d65d214001983ee,1,weighted,[350],1,1.0,1
776,56d9cb47dc89441400fdb832,1,weighted,[350],0,0.0,0
777,56d9cb47dc89441400fdb833,1,weighted,[350],1,1.0,1
778,56d9cb47dc89441400fdb834,1,weighted,[350],0,0.0,0
779,56d9cb47dc89441400fdb835,1,weighted,[350],0,0.0,1
780,56d9cb47dc89441400fdb836,1,weighted,[350],1,1.0,1
781,56becaf93aeaaa14008c9481,1,weighted,[350],0,0.0,0
782,56becaf93aeaaa14008c9482,1,weighted,[350],0,0.0,0
783,56becaf93aeaaa14008c9483,1,weighted,[350],0,0.0,1
784,56becaf93aeaaa14008c9484,1,weighted,[350],0,0.0,0
785,56becaf93aeaaa14008c9485,1,weighted,[350],0,0.0,0
786,56d7270c0d65d214001983f4,1,weighted,[350],0,0.0,0
787,56d7270c0d65d214001983f5,1,weighted,[350],0,0.0,0
788,56d7270c0d65d214001983f6,1,weighted,[350],1,1.0,1
789,56d7270c0d65d214001983f7,1,weighted,[350],1,1.0,1
790,56d7270c0d65d214001983f8,1,weighted,[350],0,0.0,0
791,56d9ccacdc89441400fdb842,1,weighted,[350],0,0.0,0
792,56d9ccacdc89441400fdb843,1,weighted,[350],0,0.0,0
793,56d9ccacdc89441400fdb844,1,weighted,[350],0,0.0,0
794,56d9ccacdc89441400fdb845,1,weighted,[350],0,0.0,0
795,56d9ccacdc89441400fdb846,1,weighted,[350],0,0.0,0
796,56becb823aeaaa14008c948b,1,weighted,[350],0,0.0,0
797,56becb823aeaaa14008c948c,1,weighted,[350],0,0.0,0
798,56becb823aeaaa14008c948d,1,weighted,[350],1,1.0,1
799,56becb823aeaaa14008c948e,1,weighted,[350],1,1.0,1
800,56becb823aeaaa14008c948f,1,weighted,[350],1,1.0,1
801,56d7277c0d65d214001983fe,1,weighted,[350],0,0.5,1
802,56d7277c0d65d214001983ff,1,weighted,[350],0,0.0,1
803,56d7277c0d65d21400198401,1,weighted,[350],0,0.0,1
804,56d7277c0d65d21400198402,1,weighted,[350],1,1.0,1
805,56d9cd9adc89441400fdb84c,1,weighted,[350],0,0.0,0
806,56d9cd9adc89441400fdb84d,1,weighted,[350],1,1.0,1
807,56d9cd9adc89441400fdb84e,1,weighted,[350],1,1.0,1
808,56d9cd9adc89441400fdb84f,1,weighted,[350],1,1.0,1
809,56d9cd9adc89441400fdb850,1,weighted,[350],0,0.0,1
810,5733a5f54776f41900660f45,1,weighted,[350],1,1.0,1
811,5733a5f54776f41900660f48,1,weighted,[350],1,1.0,1
812,5733a5f54776f41900660f44,1,weighted,[350],1,1.0,1
813,5733a5f54776f41900660f46,1,weighted,[350],0,0.0,1
814,5733a5f54776f41900660f47,1,weighted,[350],1,1.0,1
815,57336755d058e614000b5a3d,1,weighted,[350],1,1.0,1
816,57336755d058e614000b5a3f,1,weighted,[350],1,1.0,1
817,57336755d058e614000b5a3c,1,weighted,[350],1,1.0,1
818,57336755d058e614000b5a3e,1,weighted,[350],1,1.0,1
819,57336755d058e614000b5a40,1,weighted,[350],1,1.0,1
820,57337ddc4776f41900660bbb,1,weighted,[350],0,0.7499999999999999,1
821,57337ddc4776f41900660bbc,1,weighted,[350],1,1.0,1
822,57337ddc4776f41900660bba,1,weighted,[350],1,1.0,1
823,57337ddc4776f41900660bbd,1,weighted,[350],0,0.0,1
824,57337ddc4776f41900660bbe,1,weighted,[350],1,1.0,1
825,57337ea24776f41900660bd0,1,weighted,[350],0,0.0,0
826,57337ea24776f41900660bd3,1,weighted,[350],0,0.0,1
827,57337ea24776f41900660bd2,1,weighted,[350],1,1.0,1
828,57337ea24776f41900660bd1,1,weighted,[350],0,0.0,1
829,57337ea24776f41900660bd4,1,weighted,[350],1,1.0,1
830,57339555d058e614000b5df4,1,weighted,[350],1,1.0,1
831,57339555d058e614000b5df5,1,weighted,[350],1,1.0,1
832,57339555d058e614000b5df6,1,weighted,[350],1,1.0,1
833,57339555d058e614000b5df3,1,weighted,[350],1,1.0,1
834,57339555d058e614000b5df7,1,weighted,[350],0,0.22222222222222224,1
835,57339902d058e614000b5e70,1,weighted,[350],1,1.0,1
836,57339902d058e614000b5e71,1,weighted,[350],1,1.0,1
837,57339902d058e614000b5e72,1,weighted,[350],1,1.0,1
838,57339902d058e614000b5e73,1,weighted,[350],1,1.0,1
839,57339902d058e614000b5e74,1,weighted,[350],0,0.4210526315789474,1
840,573399b54776f41900660e64,1,weighted,[350],1,1.0,1
841,573399b54776f41900660e65,1,weighted,[350],0,0.5,1
842,573399b54776f41900660e66,1,weighted,[350],0,0.35294117647058826,1
843,573399b54776f41900660e67,1,weighted,[350],1,1.0,1
844,57339a554776f41900660e74,1,weighted,[350],1,1.0,1
845,57339a554776f41900660e75,1,weighted,[350],0,0.888888888888889,1
846,57339a554776f41900660e76,1,weighted,[350],1,1.0,1
847,57339a554776f41900660e77,1,weighted,[350],1,1.0,1
848,57339a554776f41900660e78,1,weighted,[350],0,0.0,1
849,57339ad74776f41900660e86,1,weighted,[350],1,1.0,1
850,57339ad74776f41900660e87,1,weighted,[350],0,0.0,0
851,57339ad74776f41900660e88,1,weighted,[350],1,1.0,1
852,57339ad74776f41900660e89,1,weighted,[350],1,1.0,1
853,57339ad74776f41900660e8a,1,weighted,[350],0,0.0,1
854,57339c16d058e614000b5ec5,1,weighted,[350],1,1.0,1
855,57339c16d058e614000b5ec6,1,weighted,[350],0,0.0,0
856,57339c16d058e614000b5ec7,1,weighted,[350],1,1.0,1
857,57339c16d058e614000b5ec8,1,weighted,[350],1,1.0,1
858,57339c16d058e614000b5ec9,1,weighted,[350],1,1.0,1
859,57339dd94776f41900660ecc,1,weighted,[350],1,1.0,1
860,57339dd94776f41900660ecd,1,weighted,[350],0,0.5,1
861,57339dd94776f41900660ece,1,weighted,[350],1,1.0,1
862,57339dd94776f41900660ecf,1,weighted,[350],1,1.0,1
863,57339dd94776f41900660ed0,1,weighted,[350],1,1.0,1
864,57339eb9d058e614000b5ef6,1,weighted,[350],1,1.0,1
865,57339eb9d058e614000b5ef7,1,weighted,[350],0,0.0,0
866,57339eb9d058e614000b5ef8,1,weighted,[350],1,1.0,1
867,57339eb9d058e614000b5ef9,1,weighted,[350],0,0.2222222222222222,1
868,57339eb9d058e614000b5efa,1,weighted,[350],1,1.0,1
869,5733a1854776f41900660f0a,1,weighted,[350],0,0.6,1
870,5733a1854776f41900660f0b,1,weighted,[350],1,1.0,1
871,5733a1854776f41900660f0c,1,weighted,[350],0,0.8,1
872,5733a1854776f41900660f0d,1,weighted,[350],1,1.0,1
873,5733a1854776f41900660f0e,1,weighted,[350],1,1.0,1
874,5733a2a9d058e614000b5f28,1,weighted,[350],1,1.0,1
875,5733a2a9d058e614000b5f29,1,weighted,[350],1,1.0,1
876,5733a2a9d058e614000b5f2a,1,weighted,[350],1,1.0,1
877,5733a2a9d058e614000b5f2b,1,weighted,[350],1,1.0,1
878,5733a2a9d058e614000b5f2c,1,weighted,[350],0,0.0,1
879,5733a32bd058e614000b5f32,1,weighted,[350],1,1.0,1
880,5733a32bd058e614000b5f33,1,weighted,[350],1,1.0,1
881,5733a32bd058e614000b5f34,1,weighted,[350],1,1.0,1
882,5733a32bd058e614000b5f35,1,weighted,[350],1,1.0,1
883,5733a32bd058e614000b5f36,1,weighted,[350],0,0.8,1
884,5733a45d4776f41900660f23,1,weighted,[350],0,0.0,0
885,5733a45d4776f41900660f24,1,weighted,[350],1,1.0,1
886,5733a45d4776f41900660f25,1,weighted,[350],1,1.0,1
887,5733a45d4776f41900660f26,1,weighted,[350],1,1.0,1
888,5733a45d4776f41900660f27,1,weighted,[350],1,1.0,1
889,5733a560d058e614000b5f77,1,weighted,[350],1,1.0,1
890,5733a560d058e614000b5f78,1,weighted,[350],1,1.0,1
891,5733a560d058e614000b5f79,1,weighted,[350],1,1.0,1
892,5733a560d058e614000b5f7a,1,weighted,[350],1,1.0,1
893,5733a560d058e614000b5f7b,1,weighted,[350],0,0.5,1
894,5733a6ac4776f41900660f58,1,weighted,[350],1,1.0,1
895,5733a6ac4776f41900660f59,1,weighted,[350],1,1.0,1
896,5733a6ac4776f41900660f5a,1,weighted,[350],1,1.0,1
897,5733a6ac4776f41900660f5b,1,weighted,[350],0,0.6666666666666666,1
898,5733a6ac4776f41900660f5c,1,weighted,[350],1,1.0,1
899,573312fcd058e614000b56e6,1,weighted,[350],1,1.0,1
900,573312fcd058e614000b56e7,1,weighted,[350],1,1.0,1
901,573312fcd058e614000b56e8,1,weighted,[350],0,0.0,0
902,573312fcd058e614000b56e9,1,weighted,[350],1,1.0,1
903,573312fcd058e614000b56ea,1,weighted,[350],1,1.0,1
904,5733140a4776f419006606e0,1,weighted,[350],1,1.0,1
905,5733140a4776f419006606e1,1,weighted,[350],1,1.0,1
906,5733140a4776f419006606e2,1,weighted,[350],0,0.0,0
907,5733140a4776f419006606e3,1,weighted,[350],1,1.0,0
908,5733140a4776f419006606e4,1,weighted,[350],0,0.9600000000000001,1
909,573314e3d058e614000b56f0,1,weighted,[350],1,1.0,1
910,573314e3d058e614000b56f1,1,weighted,[350],0,0.4444444444444445,0
911,573314e3d058e614000b56f2,1,weighted,[350],1,1.0,1
912,573314e3d058e614000b56f3,1,weighted,[350],0,0.0,1
913,573314e3d058e614000b56f4,1,weighted,[350],1,1.0,1
914,57332442d058e614000b5720,1,weighted,[350],1,1.0,1
915,57332442d058e614000b5721,1,weighted,[350],1,1.0,1
916,57332442d058e614000b5722,1,weighted,[350],0,0.2857142857142857,1
917,57332442d058e614000b5723,1,weighted,[350],1,1.0,1
918,57332442d058e614000b5724,1,weighted,[350],1,1.0,1
919,57332562d058e614000b5730,1,weighted,[350],1,1.0,1
920,57332562d058e614000b5731,1,weighted,[350],1,1.0,1
921,57332562d058e614000b5732,1,weighted,[350],0,0.0,0
922,57332562d058e614000b5733,1,weighted,[350],1,1.0,1
923,57332562d058e614000b5734,1,weighted,[350],1,1.0,1
924,5733266d4776f41900660712,1,weighted,[350],1,1.0,1
925,5733266d4776f41900660713,1,weighted,[350],1,1.0,1
926,5733266d4776f41900660714,1,weighted,[350],1,1.0,1
927,5733266d4776f41900660715,1,weighted,[350],0,0.1,0
928,5733266d4776f41900660716,1,weighted,[350],1,1.0,1
929,57332a734776f41900660726,1,weighted,[350],0,0.6666666666666666,1
930,57332a734776f41900660727,1,weighted,[350],1,1.0,1
931,57332a734776f41900660728,1,weighted,[350],1,1.0,1
932,57332a734776f41900660729,1,weighted,[350],0,0.2857142857142857,1
933,57332a734776f4190066072a,1,weighted,[350],1,1.0,1
934,57332b66d058e614000b5758,1,weighted,[350],1,1.0,1
935,57332b66d058e614000b5759,1,weighted,[350],1,1.0,1
936,57332b66d058e614000b575a,1,weighted,[350],1,1.0,1
937,57332b66d058e614000b575b,1,weighted,[350],1,1.0,1
938,57332b66d058e614000b575c,1,weighted,[350],1,1.0,1
939,57332c1e4776f4190066073a,1,weighted,[350],0,0.0,0
940,57332c1e4776f4190066073b,1,weighted,[350],0,0.0,1
941,57332c1e4776f4190066073c,1,weighted,[350],0,0.0,0
942,57332c1e4776f4190066073d,1,weighted,[350],1,1.0,1
943,57332c1e4776f4190066073e,1,weighted,[350],1,1.0,1
944,57332e48d058e614000b5762,1,weighted,[350],1,1.0,1
945,57332e48d058e614000b5763,1,weighted,[350],1,1.0,1
946,57332e48d058e614000b5764,1,weighted,[350],0,0.6666666666666666,0
947,57332e48d058e614000b5765,1,weighted,[350],1,1.0,1
948,57332e48d058e614000b5766,1,weighted,[350],1,1.0,1
949,57332f81d058e614000b5776,1,weighted,[350],0,0.8571428571428571,1
950,57332f81d058e614000b5777,1,weighted,[350],0,0.5,1
951,57332f81d058e614000b5778,1,weighted,[350],0,0.0,1
952,57332f81d058e614000b5779,1,weighted,[350],1,1.0,1
953,57332f81d058e614000b577a,1,weighted,[350],1,1.0,1
954,573330444776f41900660758,1,weighted,[350],1,1.0,1
955,573330444776f41900660759,1,weighted,[350],1,1.0,1
956,573330444776f4190066075a,1,weighted,[350],1,1.0,1
957,573330444776f4190066075b,1,weighted,[350],1,1.0,1
958,573330444776f4190066075c,1,weighted,[350],1,1.0,1
959,5733314e4776f4190066076a,1,weighted,[350],1,1.0,0
960,5733314e4776f4190066076b,1,weighted,[350],1,1.0,1
961,5733314e4776f4190066076c,1,weighted,[350],0,0.0,0
962,5733314e4776f4190066076d,1,weighted,[350],0,0.6666666666666666,1
963,5733314e4776f4190066076e,1,weighted,[350],1,1.0,1
964,57335c20d058e614000b58f9,1,weighted,[350],1,1.0,1
965,57335c20d058e614000b58fa,1,weighted,[350],0,0.0,0
966,57335c20d058e614000b58fc,1,weighted,[350],0,0.6666666666666666,1
967,57335c20d058e614000b58fb,1,weighted,[350],1,1.0,1
968,57335c20d058e614000b58fd,1,weighted,[350],1,1.0,1
969,57335ddbd058e614000b592f,1,weighted,[350],0,0.6666666666666666,1
970,57335ddbd058e614000b5930,1,weighted,[350],0,0.0,0
971,57335ddbd058e614000b5931,1,weighted,[350],0,0.5,1
972,57335ddbd058e614000b5932,1,weighted,[350],0,0.0,1
973,57335ddbd058e614000b5933,1,weighted,[350],0,0.0,1
974,57335fcad058e614000b5970,1,weighted,[350],1,1.0,1
975,57335fcad058e614000b5971,1,weighted,[350],1,1.0,1
976,57335fcad058e614000b5972,1,weighted,[350],0,0.0,0
977,57335fcad058e614000b5973,1,weighted,[350],1,1.0,1
978,57335fcad058e614000b5974,1,weighted,[350],0,0.7499999999999999,1
979,573361404776f4190066093c,1,weighted,[350],1,1.0,1
980,573361404776f4190066093d,1,weighted,[350],0,0.0,0
981,573361404776f4190066093e,1,weighted,[350],0,0.8,1
982,573361404776f4190066093f,1,weighted,[350],0,0.6666666666666666,1
983,573361404776f41900660940,1,weighted,[350],1,1.0,1
984,573362b94776f41900660974,1,weighted,[350],1,1.0,1
985,573362b94776f41900660975,1,weighted,[350],1,1.0,1
986,573362b94776f41900660976,1,weighted,[350],0,0.6666666666666666,1
987,573362b94776f41900660977,1,weighted,[350],1,1.0,1
988,573362b94776f41900660978,1,weighted,[350],1,1.0,1
989,5733638fd058e614000b59e8,1,weighted,[350],0,0.0,1
990,5733638fd058e614000b59e9,1,weighted,[350],0,0.0,0
991,5733638fd058e614000b59ea,1,weighted,[350],1,1.0,1
992,5733638fd058e614000b59eb,1,weighted,[350],1,1.0,1
993,5733638fd058e614000b59ec,1,weighted,[350],1,1.0,1
994,5733647e4776f419006609ae,1,weighted,[350],0,0.0,1
995,5733647e4776f419006609af,1,weighted,[350],1,1.0,1
996,5733647e4776f419006609b0,1,weighted,[350],1,1.0,1
997,5733647e4776f419006609b1,1,weighted,[350],1,1.0,1
998,5733647e4776f419006609b2,1,weighted,[350],0,0.6666666666666666,1
999,573368044776f41900660a29,1,weighted,[350],0,0.6666666666666666,1
0,56be4db0acb8001400a502ec,1,top_heavy,[350],1,1.0,1
1,56be4db0acb8001400a502ed,1,top_heavy,[350],0,0.0,1
2,56be4db0acb8001400a502ee,1,top_heavy,[350],0,0.0,0
3,56be4db0acb8001400a502ef,1,top_heavy,[350],1,1.0,1
4,56be4db0acb8001400a502f0,1,top_heavy,[350],1,1.0,1
5,56be8e613aeaaa14008c90d1,1,top_heavy,[350],0,0.0,0
6,56be8e613aeaaa14008c90d2,1,top_heavy,[350],1,1.0,1
7,56be8e613aeaaa14008c90d3,1,top_heavy,[350],0,0.0,0
8,56bea9923aeaaa14008c91b9,1,top_heavy,[350],0,0.0,0
9,56bea9923aeaaa14008c91ba,1,top_heavy,[350],0,0.0,0
10,56bea9923aeaaa14008c91bb,1,top_heavy,[350],0,0.0,0
11,56beace93aeaaa14008c91df,1,top_heavy,[350],0,0.0,0
12,56beace93aeaaa14008c91e0,1,top_heavy,[350],0,0.5,0
13,56beace93aeaaa14008c91e1,1,top_heavy,[350],0,0.0,0
14,56beace93aeaaa14008c91e2,1,top_heavy,[350],1,1.0,0
15,56beace93aeaaa14008c91e3,1,top_heavy,[350],1,1.0,1
16,56bf10f43aeaaa14008c94fd,1,top_heavy,[350],0,0.0,0
17,56bf10f43aeaaa14008c94fe,1,top_heavy,[350],0,0.0,0
18,56bf10f43aeaaa14008c94ff,1,top_heavy,[350],1,1.0,0
19,56bf10f43aeaaa14008c9500,1,top_heavy,[350],0,0.0,0
20,56bf10f43aeaaa14008c9501,1,top_heavy,[350],0,0.5,0
21,56d20362e7d4791d009025e8,1,top_heavy,[350],0,0.0,0
22,56d20362e7d4791d009025e9,1,top_heavy,[350],0,0.0,0
23,56d20362e7d4791d009025ea,1,top_heavy,[350],0,0.0,0
24,56d20362e7d4791d009025eb,1,top_heavy,[350],0,0.0,0
25,56d600e31c85041400946eae,1,top_heavy,[350],1,1.0,1
26,56d600e31c85041400946eb0,1,top_heavy,[350],0,0.6666666666666666,0
27,56d600e31c85041400946eb1,1,top_heavy,[350],0,0.0,0
28,56d9895ddc89441400fdb50e,1,top_heavy,[350],0,0.0,0
29,56d9895ddc89441400fdb510,1,top_heavy,[350],1,1.0,0
30,56be4e1facb8001400a502f6,1,top_heavy,[350],1,1.0,1
31,56be4e1facb8001400a502f9,1,top_heavy,[350],1,1.0,0
32,56be4e1facb8001400a502fa,1,top_heavy,[350],0,0.0,0
33,56beaa4a3aeaaa14008c91c2,1,top_heavy,[350],0,0.0,0
34,56beaa4a3aeaaa14008c91c3,1,top_heavy,[350],0,0.0,0
35,56bead5a3aeaaa14008c91e9,1,top_heavy,[350],1,1.0,0
36,56bead5a3aeaaa14008c91ea,1,top_heavy,[350],1,1.0,1
37,56bead5a3aeaaa14008c91eb,1,top_heavy,[350],0,0.0,0
38,56bead5a3aeaaa14008c91ec,1,top_heavy,[350],0,0.0,0
39,56bead5a3aeaaa14008c91ed,1,top_heavy,[350],1,1.0,1
40,56bf159b3aeaaa14008c9507,1,top_heavy,[350],1,1.0,0
41,56bf159b3aeaaa14008c9508,1,top_heavy,[350],0,0.0,0
42,56bf159b3aeaaa14008c9509,1,top_heavy,[350],0,0.0,0
43,56bf159b3aeaaa14008c950a,1,top_heavy,[350],1,1.0,0
44,56bf159b3aeaaa14008c950b,1,top_heavy,[350],0,0.0,1
45,56d2045de7d4791d009025f3,1,top_heavy,[350],1,1.0,0
46,56d2045de7d4791d009025f4,1,top_heavy,[350],0,0.0,0
47,56d2045de7d4791d009025f5,1,top_heavy,[350],0,0.0,0
48,56d2045de7d4791d009025f6,1,top_heavy,[350],1,1.0,0
49,56d6017d1c85041400946ebe,1,top_heavy,[350],1,1.0,1
50,56d6017d1c85041400946ec1,1,top_heavy,[350],1,1.0,0
51,56d6017d1c85041400946ec2,1,top_heavy,[350],1,1.0,0
52,56d98a59dc89441400fdb52a,1,top_heavy,[350],0,0.0,0
53,56d98a59dc89441400fdb52b,1,top_heavy,[350],0,0.0,0
54,56d98a59dc89441400fdb52e,1,top_heavy,[350],0,0.0,0
55,56be4eafacb8001400a50302,1,top_heavy,[350],0,0.0,0
56,56be4eafacb8001400a50303,1,top_heavy,[350],1,1.0,1
57,56be4eafacb8001400a50304,1,top_heavy,[350],0,0.0,0
58,56beab833aeaaa14008c91d2,1,top_heavy,[350],1,1.0,1
59,56beab833aeaaa14008c91d3,1,top_heavy,[350],0,0.0,1
60,56beab833aeaaa14008c91d4,1,top_heavy,[350],1,1.0,1
61,56beae423aeaaa14008c91f4,1,top_heavy,[350],1,1.0,1
62,56beae423aeaaa14008c91f5,1,top_heavy,[350],0,0.0,0
63,56beae423aeaaa14008c91f6,1,top_heavy,[350],0,0.0,1
64,56beae423aeaaa14008c91f7,1,top_heavy,[350],0,0.0,1
65,56bf17653aeaaa14008c9511,1,top_heavy,[350],0,0.0,0
66,56bf17653aeaaa14008c9513,1,top_heavy,[350],1,1.0,1
67,56bf17653aeaaa14008c9514,1,top_heavy,[350],1,1.0,1
68,56bf17653aeaaa14008c9515,1,top_heavy,[350],1,1.0,1
69,56d204ade7d4791d00902603,1,top_heavy,[350],0,0.0,0
70,56d204ade7d4791d00902604,1,top_heavy,[350],1,1.0,0
71,56d601e41c85041400946ece,1,top_heavy,[350],1,1.0,1
72,56d601e41c85041400946ecf,1,top_heavy,[350],0,0.0,1
73,56d601e41c85041400946ed0,1,top_heavy,[350],1,1.0,1
74,56d601e41c85041400946ed1,1,top_heavy,[350],0,0.0,0
75,56d601e41c85041400946ed2,1,top_heavy,[350],1,1.0,0
76,56d98b33dc89441400fdb53b,1,top_heavy,[350],0,0.0,0
77,56d98b33dc89441400fdb53c,1,top_heavy,[350],0,0.0,1
78,56d98b33dc89441400fdb53d,1,top_heavy,[350],0,0.0,0
79,56d98b33dc89441400fdb53e,1,top_heavy,[350],0,0.0,1
80,56be5333acb8001400a5030a,1,top_heavy,[350],1,1.0,1
81,56be5333acb8001400a5030b,1,top_heavy,[350],1,1.0,1
82,56be5333acb8001400a5030c,1,top_heavy,[350],1,1.0,1
83,56be5333acb8001400a5030d,1,top_heavy,[350],1,1.0,1
84,56be5333acb8001400a5030e,1,top_heavy,[350],1,1.0,0
85,56beaf5e3aeaaa14008c91fd,1,top_heavy,[350],1,1.0,1
86,56beaf5e3aeaaa14008c91fe,1,top_heavy,[350],1,1.0,1
87,56beaf5e3aeaaa14008c91ff,1,top_heavy,[350],1,1.0,1
88,56beaf5e3aeaaa14008c9200,1,top_heavy,[350],0,0.0,1
89,56beaf5e3aeaaa14008c9201,1,top_heavy,[350],0,0.0,0
90,56bf1ae93aeaaa14008c951b,1,top_heavy,[350],0,0.0,0
91,56bf1ae93aeaaa14008c951c,1,top_heavy,[350],1,1.0,1
92,56bf1ae93aeaaa14008c951e,1,top_heavy,[350],0,0.0,1
93,56bf1ae93aeaaa14008c951f,1,top_heavy,[350],0,0.0,1
94,56d2051ce7d4791d00902608,1,top_heavy,[350],0,0.0,0
95,56d2051ce7d4791d00902609,1,top_heavy,[350],0,0.0,0
96,56d2051ce7d4791d0090260a,1,top_heavy,[350],1,1.0,1
97,56d2051ce7d4791d0090260b,1,top_heavy,[350],0,0.8,0
98,56d602631c85041400946ed8,1,top_heavy,[350],1,1.0,1
99,56d602631c85041400946eda,1,top_heavy,[350],1,1.0,1
100,56d602631c85041400946edb,1,top_heavy,[350],1,1.0,1
101,56d602631c85041400946edc,1,top_heavy,[350],0,0.6666666666666666,1
102,56d98c53dc89441400fdb544,1,top_heavy,[350],0,0.0,0
103,56d98c53dc89441400fdb545,1,top_heavy,[350],0,0.0,1
104,56d98c53dc89441400fdb546,1,top_heavy,[350],1,1.0,1
105,56d98c53dc89441400fdb548,1,top_heavy,[350],0,0.0,1
106,56be53b8acb8001400a50314,1,top_heavy,[350],1,1.0,1
107,56be53b8acb8001400a50315,1,top_heavy,[350],1,1.0,1
108,56be53b8acb8001400a50316,1,top_heavy,[350],1,1.0,1
109,56beafca3aeaaa14008c9207,1,top_heavy,[350],0,0.0,0
110,56beafca3aeaaa14008c9208,1,top_heavy,[350],0,0.09090909090909091,0
111,56bf42f53aeaaa14008c95a3,1,top_heavy,[350],1,1.0,1
112,56d2053ae7d4791d00902610,1,top_heavy,[350],1,1.0,1
113,56d6edd00d65d21400198250,1,top_heavy,[350],1,1.0,1
114,56d6edd00d65d21400198251,1,top_heavy,[350],1,1.0,1
115,56d98d0adc89441400fdb54e,1,top_heavy,[350],1,1.0,1
116,56d98d0adc89441400fdb54f,1,top_heavy,[350],1,1.0,1
117,56be5438acb8001400a5031a,1,top_heavy,[350],0,0.0,0
118,56be5438acb8001400a5031b,1,top_heavy,[350],0,0.3333333333333333,0
119,56be5438acb8001400a5031c,1,top_heavy,[350],0,0.4,0
120,56beb03c3aeaaa14008c920b,1,top_heavy,[350],0,0.0,0
121,56beb03c3aeaaa14008c920d,1,top_heavy,[350],0,0.0,0
122,56bf3c633aeaaa14008c9580,1,top_heavy,[350],1,1.0,0
123,56bf3c633aeaaa14008c9581,1,top_heavy,[350],0,0.0,0
124,56bf3c633aeaaa14008c9582,1,top_heavy,[350],1,1.0,0
125,56d20564e7d4791d00902612,1,top_heavy,[350],0,0.1,0
126,56d6ee6e0d65d21400198254,1,top_heavy,[350],0,0.0,0
127,56d6ee6e0d65d21400198255,1,top_heavy,[350],1,1.0,1
128,56d6ee6e0d65d21400198256,1,top_heavy,[350],1,1.0,0
129,56d6ee6e0d65d21400198257,1,top_heavy,[350],0,0.0,0
130,56d6ee6e0d65d21400198258,1,top_heavy,[350],1,1.0,0
131,56d98db6dc89441400fdb552,1,top_heavy,[350],1,1.0,0
132,56d98db6dc89441400fdb553,1,top_heavy,[350],0,0.0,0
133,56d98db6dc89441400fdb554,1,top_heavy,[350],1,1.0,0
134,56be54bdacb8001400a50322,1,top_heavy,[350],1,1.0,1
135,56be54bdacb8001400a50323,1,top_heavy,[350],1,1.0,1
136,56be54bdacb8001400a50324,1,top_heavy,[350],1,1.0,1
137,56be54bdacb8001400a50325,1,top_heavy,[350],1,1.0,1
138,56be54bdacb8001400a50326,1,top_heavy,[350],0,0.0,0
139,56beb0f43aeaaa14008c921b,1,top_heavy,[350],0,0.8571428571428571,0
140,56beb0f43aeaaa14008c921c,1,top_heavy,[350],1,1.0,1
141,56beb0f43aeaaa14008c921d,1,top_heavy,[350],0,0.5,0
142,56beb0f43aeaaa14008c921e,1,top_heavy,[350],1,1.0,1
143,56beb0f43aeaaa14008c921f,1,top_heavy,[350],1,1.0,1
144,56bf21b43aeaaa14008c9525,1,top_heavy,[350],1,1.0,1
145,56bf21b43aeaaa14008c9526,1,top_heavy,[350],0,0.6666666666666666,1
146,56bf21b43aeaaa14008c9528,1,top_heavy,[350],0,0.0,1
147,56bf21b43aeaaa14008c9529,1,top_heavy,[350],0,0.0,1
148,56d6ef6a0d65d21400198260,1,top_heavy,[350],0,0.0,0
149,56d6ef6a0d65d21400198262,1,top_heavy,[350],0,0.0,1
150,56d98f0ddc89441400fdb558,1,top_heavy,[350],1,1.0,1
151,56d98f0ddc89441400fdb559,1,top_heavy,[350],1,1.0,1
152,56d98f0ddc89441400fdb55a,1,top_heavy,[350],0,0.0,1
153,56d98f0ddc89441400fdb55b,1,top_heavy,[350],1,1.0,1
154,56d98f0ddc89441400fdb55c,1,top_heavy,[350],1,1.0,1
155,56be5523acb8001400a5032c,1,top_heavy,[350],1,1.0,1
156,56be5523acb8001400a5032d,1,top_heavy,[350],0,0.0,0
157,56be5523acb8001400a5032e,1,top_heavy,[350],0,0.0,0
158,56be5523acb8001400a5032f,1,top_heavy,[350],0,0.0,0
159,56be5523acb8001400a50330,1,top_heavy,[350],0,0.3333333333333333,0
160,56beb2153aeaaa14008c9225,1,top_heavy,[350],1,1.0,1
161,56beb2153aeaaa14008c9226,1,top_heavy,[350],0,0.0,0
162,56beb2153aeaaa14008c9227,1,top_heavy,[350],0,0.0,0
163,56beb2153aeaaa14008c9228,1,top_heavy,[350],0,0.6666666666666666,0
164,56beb2153aeaaa14008c9229,1,top_heavy,[350],0,0.0,0
165,56bf23363aeaaa14008c952f,1,top_heavy,[350],0,0.0,0
166,56bf23363aeaaa14008c9530,1,top_heavy,[350],0,0.0,0
167,56bf23363aeaaa14008c9531,1,top_heavy,[350],0,0.0,0
168,56bf23363aeaaa14008c9532,1,top_heavy,[350],1,1.0,1
169,56bf23363aeaaa14008c9533,1,top_heavy,[350],1,1.0,1
170,56d6f0770d65d21400198268,1,top_heavy,[350],1,1.0,1
171,56d6f0770d65d21400198269,1,top_heavy,[350],0,0.0,0
172,56d6f0770d65d2140019826a,1,top_heavy,[350],0,0.0,0
173,56d6f0770d65d2140019826c,1,top_heavy,[350],1,1.0,1
174,56d98fbfdc89441400fdb562,1,top_heavy,[350],0,0.0,0
175,56d98fbfdc89441400fdb563,1,top_heavy,[350],0,0.0,0
176,56d98fbfdc89441400fdb564,1,top_heavy,[350],0,0.0,0
177,56d98fbfdc89441400fdb565,1,top_heavy,[350],0,0.0,0
178,56be572b3aeaaa14008c9052,1,top_heavy,[350],1,1.0,1
179,56beb2a03aeaaa14008c922f,1,top_heavy,[350],0,0.0,0
180,56beb2a03aeaaa14008c9230,1,top_heavy,[350],0,0.0,0
181,56beb2a03aeaaa14008c9231,1,top_heavy,[350],0,0.0,0
182,56beb2a03aeaaa14008c9232,1,top_heavy,[350],0,0.6666666666666666,0
183,56beb2a03aeaaa14008c9233,1,top_heavy,[350],1,1.0,1
184,56bf28c73aeaaa14008c9539,1,top_heavy,[350],1,1.0,1
185,56bf28c73aeaaa14008c953a,1,top_heavy,[350],0,0.0,1
186,56bf28c73aeaaa14008c953c,1,top_heavy,[350],0,0.6666666666666666,0
187,56bf28c73aeaaa14008c953d,1,top_heavy,[350],0,0.0,0
188,56d6f1190d65d21400198272,1,top_heavy,[350],0,0.0,0
189,56d6f1190d65d21400198273,1,top_heavy,[350],0,0.0,0
190,56d6f1190d65d21400198274,1,top_heavy,[350],0,0.6666666666666666,1
191,56d6f1190d65d21400198275,1,top_heavy,[350],1,1.0,1
192,56d6f1190d65d21400198276,1,top_heavy,[350],0,0.0,0
193,56d99179dc89441400fdb56c,1,top_heavy,[350],1,1.0,1
194,56d99179dc89441400fdb56d,1,top_heavy,[350],0,0.0,0
195,56d99179dc89441400fdb570,1,top_heavy,[350],1,1.0,1
196,56be59683aeaaa14008c9058,1,top_heavy,[350],1,1.0,1
197,56be59683aeaaa14008c9059,1,top_heavy,[350],1,1.0,1
198,56be59683aeaaa14008c905a,1,top_heavy,[350],0,0.0,1
199,56beb3083aeaaa14008c923d,1,top_heavy,[350],1,1.0,1
200,56beb3083aeaaa14008c923e,1,top_heavy,[350],1,1.0,1
201,56beb3083aeaaa14008c923f,1,top_heavy,[350],0,0.0,0
202,56beb3083aeaaa14008c9240,1,top_heavy,[350],0,0.0,0
203,56beb3083aeaaa14008c9241,1,top_heavy,[350],1,1.0,1
204,56bf2afe3aeaaa14008c9543,1,top_heavy,[350],0,0.0,0
205,56bf2afe3aeaaa14008c9544,1,top_heavy,[350],1,1.0,1
206,56bf2afe3aeaaa14008c9545,1,top_heavy,[350],1,1.0,1
207,56bf2afe3aeaaa14008c9547,1,top_heavy,[350],0,0.6666666666666666,1
208,56d6f2000d65d2140019827c,1,top_heavy,[350],1,1.0,1
209,56d6f2000d65d2140019827d,1,top_heavy,[350],0,0.0,0
210,56d6f2000d65d2140019827e,1,top_heavy,[350],1,1.0,1
211,56d6f2000d65d2140019827f,1,top_heavy,[350],1,1.0,1
212,56d9943fdc89441400fdb576,1,top_heavy,[350],1,1.0,1
213,56d9943fdc89441400fdb577,1,top_heavy,[350],1,1.0,1
214,56d9943fdc89441400fdb578,1,top_heavy,[350],1,1.0,1
215,56d9943fdc89441400fdb57a,1,top_heavy,[350],0,0.0,1
216,56beb3a03aeaaa14008c9247,1,top_heavy,[350],0,0.0,1
217,56beb3a03aeaaa14008c9248,1,top_heavy,[350],0,0.0,1
218,56beb3a03aeaaa14008c9249,1,top_heavy,[350],1,1.0,1
219,56beb3a03aeaaa14008c924a,1,top_heavy,[350],0,0.0,0
220,56beb3a03aeaaa14008c924b,1,top_heavy,[350],0,0.0,0
221,56bf6b303aeaaa14008c960b,1,top_heavy,[350],1,1.0,1
222,56bf6b303aeaaa14008c960c,1,top_heavy,[350],1,1.0,1
223,56bf6b303aeaaa14008c960d,1,top_heavy,[350],0,0.0,1
224,56bf6b303aeaaa14008c960e,1,top_heavy,[350],0,0.0,0
225,56bf6b303aeaaa14008c960f,1,top_heavy,[350],0,0.0,0
226,56d6f2960d65d21400198286,1,top_heavy,[350],0,0.0,0
227,56d6f2960d65d21400198287,1,top_heavy,[350],1,1.0,1
228,56d6f2960d65d21400198288,1,top_heavy,[350],1,1.0,1
229,56d6f2960d65d21400198289,1,top_heavy,[350],0,0.0,1
230,56d6f2960d65d2140019828a,1,top_heavy,[350],0,0.0,1
231,56d997cddc89441400fdb586,1,top_heavy,[350],0,0.0,1
232,56d997cddc89441400fdb587,1,top_heavy,[350],1,1.0,1
233,56d997cddc89441400fdb588,1,top_heavy,[350],0,0.0,1
234,56d997cddc89441400fdb589,1,top_heavy,[350],1,1.0,1
235,56d997cddc89441400fdb58a,1,top_heavy,[350],0,0.0,1
236,56beb4343aeaaa14008c925b,1,top_heavy,[350],1,1.0,1
237,56beb4343aeaaa14008c925c,1,top_heavy,[350],0,0.0,1
238,56beb4343aeaaa14008c925d,1,top_heavy,[350],0,0.0,0
239,56beb4343aeaaa14008c925e,1,top_heavy,[350],0,0.0,0
240,56beb4343aeaaa14008c925f,1,top_heavy,[350],1,1.0,1
241,56d6f3500d65d21400198290,1,top_heavy,[350],1,1.0,1
242,56d6f3500d65d21400198291,1,top_heavy,[350],1,1.0,1
243,56d6f3500d65d21400198292,1,top_heavy,[350],0,0.0,1
244,56d6f3500d65d21400198293,1,top_heavy,[350],0,0.0,1
245,56d6f3500d65d21400198294,1,top_heavy,[350],0,0.0,0
246,56d9992fdc89441400fdb59c,1,top_heavy,[350],0,0.0,1
247,56d9992fdc89441400fdb59e,1,top_heavy,[350],1,1.0,1
248,56d9992fdc89441400fdb59f,1,top_heavy,[350],0,0.6666666666666666,1
249,56d9992fdc89441400fdb5a0,1,top_heavy,[350],0,0.0,1
250,56beb4e43aeaaa14008c9265,1,top_heavy,[350],0,0.0,1
251,56beb4e43aeaaa14008c9266,1,top_heavy,[350],1,1.0,1
252,56beb4e43aeaaa14008c9267,1,top_heavy,[350],0,0.0,0
253,56beb4e43aeaaa14008c9268,1,top_heavy,[350],1,1.0,1
254,56beb4e43aeaaa14008c9269,1,top_heavy,[350],0,0.0,0
255,56bf301c3aeaaa14008c954d,1,top_heavy,[350],0,0.0,1
256,56bf301c3aeaaa14008c954e,1,top_heavy,[350],1,1.0,1
257,56bf301c3aeaaa14008c954f,1,top_heavy,[350],0,0.0,1
258,56bf301c3aeaaa14008c9550,1,top_heavy,[350],1,1.0,1
259,56bf301c3aeaaa14008c9551,1,top_heavy,[350],1,1.0,1
260,56d6f4030d65d2140019829a,1,top_heavy,[350],1,1.0,1
261,56d6f4030d65d2140019829b,1,top_heavy,[350],1,1.0,1
262,56d6f4030d65d2140019829c,1,top_heavy,[350],1,1.0,1
263,56d6f4030d65d2140019829d,1,top_heavy,[350],1,1.0,1
264,56d6f4030d65d2140019829e,1,top_heavy,[350],0,0.0,1
265,56d99b7bdc89441400fdb5c8,1,top_heavy,[350],1,1.0,0
266,56d99b7bdc89441400fdb5c9,1,top_heavy,[350],0,0.0,0
267,56d99b7bdc89441400fdb5ca,1,top_heavy,[350],1,1.0,0
268,56d99b7bdc89441400fdb5cb,1,top_heavy,[350],1,1.0,1
269,56d99b7bdc89441400fdb5cc,1,top_heavy,[350],0,0.0,1
270,56beb57b3aeaaa14008c9279,1,top_heavy,[350],1,1.0,1
271,56beb57b3aeaaa14008c927a,1,top_heavy,[350],0,0.0,0
272,56beb57b3aeaaa14008c927b,1,top_heavy,[350],0,0.0,0
273,56beb57b3aeaaa14008c927c,1,top_heavy,[350],0,0.0,0
274,56beb57b3aeaaa14008c927d,1,top_heavy,[350],0,0.0,1
275,56bf38383aeaaa14008c956b,1,top_heavy,[350],0,0.0,0
276,56bf38383aeaaa14008c956c,1,top_heavy,[350],0,0.0,0
277,56bf38383aeaaa14008c956d,1,top_heavy,[350],0,0.0,0
278,56bf38383aeaaa14008c956e,1,top_heavy,[350],0,0.0,0
279,56bf38383aeaaa14008c956f,1,top_heavy,[350],0,0.0,0
280,56d6fe0b0d65d214001982a4,1,top_heavy,[350],1,1.0,1
281,56d6fe0b0d65d214001982a5,1,top_heavy,[350],0,0.0,0
282,56d6fe0b0d65d214001982a6,1,top_heavy,[350],1,1.0,1
283,56d6fe0b0d65d214001982a7,1,top_heavy,[350],0,0.0,1
284,56d99c44dc89441400fdb5d6,1,top_heavy,[350],1,1.0,1
285,56d99c44dc89441400fdb5d7,1,top_heavy,[350],0,0.0,0
286,56d99c44dc89441400fdb5d8,1,top_heavy,[350],0,0.0,0
287,56d99c44dc89441400fdb5d9,1,top_heavy,[350],0,0.0,0
288,56d99c44dc89441400fdb5da,1,top_heavy,[350],1,1.0,1
289,56beb6533aeaaa14008c928d,1,top_heavy,[350],0,0.0,0
290,56beb6533aeaaa14008c928e,1,top_heavy,[350],0,0.0,1
291,56beb6533aeaaa14008c9290,1,top_heavy,[350],1,1.0,1
292,56beb6533aeaaa14008c9291,1,top_heavy,[350],0,0.0,1
293,56bf3e803aeaaa14008c9588,1,top_heavy,[350],1,1.0,1
294,56bf3e803aeaaa14008c9589,1,top_heavy,[350],1,1.0,1
295,56bf3e803aeaaa14008c958b,1,top_heavy,[350],1,1.0,1
296,56d6fea90d65d214001982ae,1,top_heavy,[350],0,0.0,0
297,56d6fea90d65d214001982af,1,top_heavy,[350],1,1.0,1
298,56d6fea90d65d214001982b0,1,top_heavy,[350],1,1.0,1
299,56d6fea90d65d214001982b2,1,top_heavy,[350],0,0.0,1
300,56d99da8dc89441400fdb5fd,1,top_heavy,[350],0,0.0,0
301,56d99da8dc89441400fdb5ff,1,top_heavy,[350],0,0.0,0
302,56d99da8dc89441400fdb600,1,top_heavy,[350],1,1.0,1
303,56beb6f23aeaaa14008c92a1,1,top_heavy,[350],1,1.0,1
304,56beb6f23aeaaa14008c92a2,1,top_heavy,[350],1,1.0,1
305,56beb6f23aeaaa14008c92a3,1,top_heavy,[350],1,1.0,1
306,56beb6f23aeaaa14008c92a4,1,top_heavy,[350],0,0.0,1
307,56beb6f23aeaaa14008c92a5,1,top_heavy,[350],0,0.0,1
308,56bf34293aeaaa14008c9559,1,top_heavy,[350],0,0.0,0
309,56bf34293aeaaa14008c955a,1,top_heavy,[350],0,0.0,0
310,56bf34293aeaaa14008c955b,1,top_heavy,[350],0,0.0,1
311,56d701280d65d214001982b8,1,top_heavy,[350],1,1.0,1
312,56d701280d65d214001982ba,1,top_heavy,[350],0,0.0,0
313,56d701280d65d214001982bc,1,top_heavy,[350],0,0.0,1
314,56d99e78dc89441400fdb616,1,top_heavy,[350],1,1.0,1
315,56d99e78dc89441400fdb618,1,top_heavy,[350],1,1.0,0
316,56d99e78dc89441400fdb619,1,top_heavy,[350],1,1.0,1
317,56d99e78dc89441400fdb61a,1,top_heavy,[350],0,0.0,0
318,56beb7953aeaaa14008c92ab,1,top_heavy,[350],0,0.0,0
319,56beb7953aeaaa14008c92ac,1,top_heavy,[350],1,1.0,1
320,56beb7953aeaaa14008c92ad,1,top_heavy,[350],1,1.0,0
321,56beb7953aeaaa14008c92ae,1,top_heavy,[350],1,1.0,1
322,56beb7953aeaaa14008c92af,1,top_heavy,[350],1,1.0,1
323,56bf36b93aeaaa14008c9561,1,top_heavy,[350],0,0.0,1
324,56bf36b93aeaaa14008c9562,1,top_heavy,[350],1,1.0,1
325,56bf36b93aeaaa14008c9563,1,top_heavy,[350],1,1.0,0
326,56bf36b93aeaaa14008c9564,1,top_heavy,[350],1,1.0,1
327,56bf36b93aeaaa14008c9565,1,top_heavy,[350],1,1.0,1
328,56d7018a0d65d214001982c2,1,top_heavy,[350],1,1.0,1
329,56d7018a0d65d214001982c3,1,top_heavy,[350],1,1.0,1
330,56d7018a0d65d214001982c5,1,top_heavy,[350],0,0.0,1
331,56d99f99dc89441400fdb628,1,top_heavy,[350],0,0.0,0
332,56d99f99dc89441400fdb629,1,top_heavy,[350],1,1.0,1
333,56d99f99dc89441400fdb62c,1,top_heavy,[350],1,1.0,1
334,56beb7fd3aeaaa14008c92b5,1,top_heavy,[350],0,0.0,0
335,56beb7fd3aeaaa14008c92b6,1,top_heavy,[350],1,1.0,1
336,56beb7fd3aeaaa14008c92b7,1,top_heavy,[350],0,0.0,1
337,56beb7fd3aeaaa14008c92b8,1,top_heavy,[350],0,0.0,0
338,56bf3a223aeaaa14008c9575,1,top_heavy,[350],0,0.0,1
339,56bf3a223aeaaa14008c9576,1,top_heavy,[350],1,1.0,1
340,56bf3a223aeaaa14008c9577,1,top_heavy,[350],0,0.0,0
341,56bf3a223aeaaa14008c9579,1,top_heavy,[350],1,1.0,1
342,56d703d10d65d214001982d6,1,top_heavy,[350],0,0.0,1
343,56d703d10d65d214001982d7,1,top_heavy,[350],0,0.0,0
344,56d703d10d65d214001982d8,1,top_heavy,[350],0,0.0,1
345,56d9a026dc89441400fdb632,1,top_heavy,[350],1,1.0,1
346,56beb86b3aeaaa14008c92bd,1,top_heavy,[350],1,1.0,1
347,56beb86b3aeaaa14008c92be,1,top_heavy,[350],1,1.0,1
348,56beb86b3aeaaa14008c92bf,1,top_heavy,[350],1,1.0,1
349,56beb86b3aeaaa14008c92c0,1,top_heavy,[350],1,1.0,1
350,56beb86b3aeaaa14008c92c1,1,top_heavy,[350],1,1.0,1
351,56bf3fd53aeaaa14008c9591,1,top_heavy,[350],0,0.0,0
352,56bf3fd53aeaaa14008c9592,1,top_heavy,[350],1,1.0,1
353,56bf3fd53aeaaa14008c9593,1,top_heavy,[350],0,0.0,0
354,56bf3fd53aeaaa14008c9594,1,top_heavy,[350],1,1.0,0
355,56bf3fd53aeaaa14008c9595,1,top_heavy,[350],0,0.0,0
356,56d704430d65d214001982de,1,top_heavy,[350],1,1.0,1
357,56d704430d65d214001982e0,1,top_heavy,[350],1,1.0,1
358,56d704430d65d214001982e1,1,top_heavy,[350],0,0.0,1
359,56d704430d65d214001982e2,1,top_heavy,[350],1,1.0,1
360,56d9a0eadc89441400fdb63e,1,top_heavy,[350],1,1.0,1
361,56d9a0eadc89441400fdb63f,1,top_heavy,[350],1,1.0,0
362,56d9a0eadc89441400fdb640,1,top_heavy,[350],1,1.0,1
363,56beb90c3aeaaa14008c92c7,1,top_heavy,[350],1,1.0,1
364,56beb90c3aeaaa14008c92c8,1,top_heavy,[350],1,1.0,1
365,56beb90c3aeaaa14008c92c9,1,top_heavy,[350],0,0.0,0
366,56beb90c3aeaaa14008c92ca,1,top_heavy,[350],0,0.0,1
367,56beb90c3aeaaa14008c92cb,1,top_heavy,[350],0,0.0,1
368,56bf41013aeaaa14008c959b,1,top_heavy,[350],1,1.0,1
369,56bf41013aeaaa14008c959c,1,top_heavy,[350],1,1.0,1
370,56bf41013aeaaa14008c959d,1,top_heavy,[350],0,0.0,0
371,56bf41013aeaaa14008c959e,1,top_heavy,[350],0,0.0,0
372,56d7096b0d65d214001982fc,1,top_heavy,[350],0,0.5,1
373,56d7096b0d65d214001982fd,1,top_heavy,[350],0,0.0,1
374,56d7096b0d65d214001982fe,1,top_heavy,[350],0,0.0,1
375,56d9a199dc89441400fdb647,1,top_heavy,[350],1,1.0,1
376,56d9a199dc89441400fdb648,1,top_heavy,[350],0,0.0,0
377,56d9a199dc89441400fdb649,1,top_heavy,[350],0,0.0,1
378,56beb97c3aeaaa14008c92db,1,top_heavy,[350],1,1.0,1
379,56beb97c3aeaaa14008c92dc,1,top_heavy,[350],1,1.0,1
380,56beb97c3aeaaa14008c92dd,1,top_heavy,[350],1,1.0,1
381,56beb97c3aeaaa14008c92de,1,top_heavy,[350],1,1.0,1
382,56beb97c3aeaaa14008c92df,1,top_heavy,[350],0,0.0,1
383,56bf6c3e3aeaaa14008c9615,1,top_heavy,[350],1,1.0,1
384,56bf6c3e3aeaaa14008c9617,1,top_heavy,[350],1,1.0,1
385,56d709ef0d65d21400198306,1,top_heavy,[350],0,0.0,0
386,56d709ef0d65d21400198307,1,top_heavy,[350],1,1.0,1
387,56beba103aeaaa14008c92e5,1,top_heavy,[350],0,0.33333333333333337,1
388,56beba103aeaaa14008c92e6,1,top_heavy,[350],1,1.0,1
389,56beba103aeaaa14008c92e7,1,top_heavy,[350],1,1.0,1
390,56beba103aeaaa14008c92e8,1,top_heavy,[350],1,1.0,1
391,56beba103aeaaa14008c92e9,1,top_heavy,[350],1,1.0,1
392,56bf467d3aeaaa14008c95a5,1,top_heavy,[350],1,1.0,1
393,56bf467d3aeaaa14008c95a6,1,top_heavy,[350],1,1.0,1
394,56bf467d3aeaaa14008c95a7,1,top_heavy,[350],0,0.0,0
395,56d70adc0d65d21400198311,1,top_heavy,[350],1,1.0,1
396,56d70adc0d65d21400198312,1,top_heavy,[350],0,0.4615384615384615,1
397,56d70adc0d65d21400198313,1,top_heavy,[350],0,0.0,0
398,56d70adc0d65d21400198314,1,top_heavy,[350],1,1.0,1
399,56d9a419dc89441400fdb678,1,top_heavy,[350],1,1.0,1
400,56d9a419dc89441400fdb679,1,top_heavy,[350],0,0.0,1
401,56bebad93aeaaa14008c92f9,1,top_heavy,[350],0,0.0,1
402,56bebad93aeaaa14008c92fa,1,top_heavy,[350],0,0.0,0
403,56bebad93aeaaa14008c92fb,1,top_heavy,[350],0,0.0,1
404,56bebad93aeaaa14008c92fc,1,top_heavy,[350],0,0.0,1
405,56bebad93aeaaa14008c92fd,1,top_heavy,[350],1,1.0,0
406,56bf48cc3aeaaa14008c95ab,1,top_heavy,[350],1,1.0,0
407,56bf48cc3aeaaa14008c95ac,1,top_heavy,[350],0,0.0,0
408,56bf48cc3aeaaa14008c95ae,1,top_heavy,[350],1,1.0,1
409,56bf48cc3aeaaa14008c95af,1,top_heavy,[350],0,0.25,1
410,56d70ccc0d65d2140019831d,1,top_heavy,[350],0,0.6,1
411,56d70ccc0d65d2140019831f,1,top_heavy,[350],1,1.0,1
412,56d9a637dc89441400fdb697,1,top_heavy,[350],1,1.0,1
413,56d9a637dc89441400fdb698,1,top_heavy,[350],0,0.6666666666666666,1
414,56d9a637dc89441400fdb699,1,top_heavy,[350],0,0.0,1
415,56d9a637dc89441400fdb69a,1,top_heavy,[350],0,0.28571428571428575,1
416,56bebb293aeaaa14008c9303,1,top_heavy,[350],0,0.0,1
417,56bebb293aeaaa14008c9304,1,top_heavy,[350],1,1.0,1
418,56bebb293aeaaa14008c9305,1,top_heavy,[350],1,1.0,1
419,56bebb293aeaaa14008c9306,1,top_heavy,[350],0,0.0,1
420,56bf49993aeaaa14008c95b5,1,top_heavy,[350],0,0.0,0
421,56bf49993aeaaa14008c95b6,1,top_heavy,[350],0,0.0,0
422,56bf49993aeaaa14008c95b7,1,top_heavy,[350],0,0.0,0
423,56bf49993aeaaa14008c95b8,1,top_heavy,[350],0,0.0,0
424,56d70d240d65d21400198326,1,top_heavy,[350],0,0.0,0
425,56d70d240d65d21400198327,1,top_heavy,[350],0,0.0,0
426,56d70d240d65d21400198328,1,top_heavy,[350],0,0.0,0
427,56d70d240d65d21400198329,1,top_heavy,[350],0,0.0,0
428,56d9a6b4dc89441400fdb6a0,1,top_heavy,[350],0,0.0,0
429,56d9a6b4dc89441400fdb6a1,1,top_heavy,[350],0,0.0,0
430,56d9a6b4dc89441400fdb6a2,1,top_heavy,[350],0,0.0,0
431,56d9a6b4dc89441400fdb6a3,1,top_heavy,[350],0,0.0,0
432,56bebbbf3aeaaa14008c9315,1,top_heavy,[350],1,1.0,1
433,56bebbbf3aeaaa14008c9316,1,top_heavy,[350],0,0.6666666666666666,1
434,56bebbbf3aeaaa14008c9317,1,top_heavy,[350],1,1.0,1
435,56bebbbf3aeaaa14008c9318,1,top_heavy,[350],1,1.0,1
436,56bebbbf3aeaaa14008c9319,1,top_heavy,[350],1,1.0,1
437,56bf4e1b3aeaaa14008c95bd,1,top_heavy,[350],1,1.0,1
438,56bf4e1b3aeaaa14008c95be,1,top_heavy,[350],0,0.6666666666666666,0
439,56bf4e1b3aeaaa14008c95c0,1,top_heavy,[350],0,0.5,0
440,56bf4e1b3aeaaa14008c95c1,1,top_heavy,[350],0,0.0,1
441,56d70daa0d65d21400198332,1,top_heavy,[350],1,1.0,1
442,56d70daa0d65d21400198333,1,top_heavy,[350],1,1.0,1
443,56d70daa0d65d21400198334,1,top_heavy,[350],0,0.5,1
444,56d70daa0d65d21400198335,1,top_heavy,[350],0,0.0,0
445,56d70daa0d65d21400198336,1,top_heavy,[350],1,1.0,1
446,56d9a7addc89441400fdb6a8,1,top_heavy,[350],0,0.5,0
447,56d9a7addc89441400fdb6ab,1,top_heavy,[350],0,0.0,1
448,56bebc383aeaaa14008c931f,1,top_heavy,[350],1,1.0,1
449,56bebc383aeaaa14008c9320,1,top_heavy,[350],1,1.0,1
450,56bebc383aeaaa14008c9321,1,top_heavy,[350],1,1.0,1
451,56bf52483aeaaa14008c95c7,1,top_heavy,[350],0,0.0,0
452,56bf52483aeaaa14008c95c8,1,top_heavy,[350],1,1.0,1
453,56d70e570d65d2140019833c,1,top_heavy,[350],0,0.6666666666666666,0
454,56d70e570d65d2140019833e,1,top_heavy,[350],1,1.0,1
455,56d70e570d65d2140019833f,1,top_heavy,[350],1,1.0,1
456,56d9b01fdc89441400fdb6d4,1,top_heavy,[350],0,0.0,0
457,56bebcbe3aeaaa14008c9325,1,top_heavy,[350],1,1.0,1
458,56bebcbe3aeaaa14008c9326,1,top_heavy,[350],1,1.0,1
459,56bebcbe3aeaaa14008c9327,1,top_heavy,[350],1,1.0,1
460,56bebcbe3aeaaa14008c9328,1,top_heavy,[350],1,1.0,1
461,56bebcbe3aeaaa14008c9329,1,top_heavy,[350],0,0.0,0
462,56bf53e73aeaaa14008c95cb,1,top_heavy,[350],0,0.0,0
463,56bf53e73aeaaa14008c95cc,1,top_heavy,[350],1,1.0,1
464,56bf53e73aeaaa14008c95cd,1,top_heavy,[350],0,0.0,0
465,56bf53e73aeaaa14008c95ce,1,top_heavy,[350],1,1.0,1
466,56d7145c0d65d2140019834c,1,top_heavy,[350],0,0.0,0
467,56d7145c0d65d2140019834d,1,top_heavy,[350],1,1.0,1
468,56d7145c0d65d2140019834f,1,top_heavy,[350],1,1.0,1
469,56d9b389dc89441400fdb6ec,1,top_heavy,[350],1,1.0,1
470,56d9b389dc89441400fdb6ed,1,top_heavy,[350],1,1.0,1
471,56d9b389dc89441400fdb6ee,1,top_heavy,[350],1,1.0,1
472,56d9b389dc89441400fdb6ef,1,top_heavy,[350],1,1.0,1
473,56d9b389dc89441400fdb6f0,1,top_heavy,[350],1,1.0,1
474,56bebd713aeaaa14008c932f,1,top_heavy,[350],1,1.0,1
475,56bebd713aeaaa14008c9330,1,top_heavy,[350],0,0.0,0
476,56bebd713aeaaa14008c9331,1,top_heavy,[350],0,0.0,1
477,56bf555e3aeaaa14008c95d3,1,top_heavy,[350],0,0.0,0
478,56bf555e3aeaaa14008c95d4,1,top_heavy,[350],0,0.5,0
479,56bf555e3aeaaa14008c95d5,1,top_heavy,[350],0,0.0,0
480,56d714cd0d65d21400198356,1,top_heavy,[350],0,0.5,1
481,56d714cd0d65d21400198358,1,top_heavy,[350],1,1.0,1
482,56d714cd0d65d21400198359,1,top_heavy,[350],1,1.0,1
483,56d9b43edc89441400fdb700,1,top_heavy,[350],0,0.10526315789473684,0
484,56d9b43edc89441400fdb701,1,top_heavy,[350],1,1.0,1
485,56bebde53aeaaa14008c9335,1,top_heavy,[350],1,1.0,1
486,56bebde53aeaaa14008c9336,1,top_heavy,[350],0,0.6666666666666666,1
487,56bebde53aeaaa14008c9337,1,top_heavy,[350],1,1.0,1
488,56bebde53aeaaa14008c9338,1,top_heavy,[350],1,1.0,1
489,56bebde53aeaaa14008c9339,1,top_heavy,[350],1,1.0,1
490,56bf57043aeaaa14008c95d9,1,top_heavy,[350],1,1.0,1
491,56bf57043aeaaa14008c95da,1,top_heavy,[350],0,0.0,1
492,56bf57043aeaaa14008c95db,1,top_heavy,[350],1,1.0,1
493,56bf57043aeaaa14008c95dc,1,top_heavy,[350],1,1.0,1
494,56bf57043aeaaa14008c95dd,1,top_heavy,[350],1,1.0,1
495,56d71bd80d65d2140019835e,1,top_heavy,[350],1,1.0,1
496,56d71bd80d65d21400198360,1,top_heavy,[350],1,1.0,1
497,56d71bd80d65d21400198361,1,top_heavy,[350],1,1.0,1
498,56d71bd80d65d21400198362,1,top_heavy,[350],1,1.0,1
499,56d9b4ebdc89441400fdb708,1,top_heavy,[350],0,0.6666666666666666,1
500,56d9b4ebdc89441400fdb709,1,top_heavy,[350],0,0.5714285714285715,0
501,56d9b4ebdc89441400fdb70a,1,top_heavy,[350],1,1.0,1
502,56d9b4ebdc89441400fdb70b,1,top_heavy,[350],1,1.0,1
503,56d9b4ebdc89441400fdb70c,1,top_heavy,[350],1,1.0,1
504,56bebe873aeaaa14008c933f,1,top_heavy,[350],0,0.0,1
505,56bebe873aeaaa14008c9340,1,top_heavy,[350],1,1.0,1
506,56bebe873aeaaa14008c9341,1,top_heavy,[350],0,0.0,0
507,56bebe873aeaaa14008c9342,1,top_heavy,[350],0,0.0,0
508,56bebe873aeaaa14008c9343,1,top_heavy,[350],0,0.0,0
509,56bf59523aeaaa14008c95e3,1,top_heavy,[350],1,1.0,1
510,56bf59523aeaaa14008c95e4,1,top_heavy,[350],0,0.0,0
511,56bf59523aeaaa14008c95e5,1,top_heavy,[350],0,0.0,0
512,56d71cb60d65d21400198368,1,top_heavy,[350],1,1.0,1
513,56d9b5ffdc89441400fdb720,1,top_heavy,[350],1,1.0,1
514,56d9b5ffdc89441400fdb721,1,top_heavy,[350],0,0.0,0
515,56bebec43aeaaa14008c9349,1,top_heavy,[350],1,1.0,1
516,56bebec43aeaaa14008c934a,1,top_heavy,[350],0,0.4,1
517,56bf5abc3aeaaa14008c95e9,1,top_heavy,[350],0,0.0,0
518,56bf5abc3aeaaa14008c95ea,1,top_heavy,[350],0,0.28571428571428575,1
519,56d71d150d65d2140019836e,1,top_heavy,[350],0,0.888888888888889,1
520,56d71d150d65d2140019836f,1,top_heavy,[350],0,0.5555555555555556,1
521,56d71d150d65d21400198370,1,top_heavy,[350],0,0.28571428571428575,1
522,56d9b6a3dc89441400fdb72f,1,top_heavy,[350],0,0.0,0
523,56d9b6a3dc89441400fdb730,1,top_heavy,[350],0,0.28571428571428575,1
524,56bec0353aeaaa14008c934d,1,top_heavy,[350],0,0.8,0
525,56bec0353aeaaa14008c934e,1,top_heavy,[350],1,1.0,1
526,56bec0353aeaaa14008c934f,1,top_heavy,[350],0,0.4,1
527,56bec0353aeaaa14008c9350,1,top_heavy,[350],1,1.0,1
528,56bec0353aeaaa14008c9351,1,top_heavy,[350],1,1.0,1
529,56bf5b933aeaaa14008c95ed,1,top_heavy,[350],1,1.0,1
530,56bf5b933aeaaa14008c95ef,1,top_heavy,[350],1,1.0,1
531,56bf5b933aeaaa14008c95f1,1,top_heavy,[350],0,0.0,0
532,56d71d9d0d65d21400198374,1,top_heavy,[350],1,1.0,1
533,56d71d9d0d65d21400198377,1,top_heavy,[350],1,1.0,1
534,56bec0dd3aeaaa14008c9357,1,top_heavy,[350],0,0.0,0
535,56bec0dd3aeaaa14008c9358,1,top_heavy,[350],1,1.0,1
536,56bec0dd3aeaaa14008c9359,1,top_heavy,[350],1,1.0,1
537,56bec0dd3aeaaa14008c935a,1,top_heavy,[350],1,1.0,1
538,56bec0dd3aeaaa14008c935b,1,top_heavy,[350],1,1.0,1
539,56bf5e7b3aeaaa14008c95f7,1,top_heavy,[350],0,0.0,0
540,56bf5e7b3aeaaa14008c95f8,1,top_heavy,[350],0,0.0,1
541,56bf5e7b3aeaaa14008c95f9,1,top_heavy,[350],1,1.0,1
542,56bf5e7b3aeaaa14008c95fa,1,top_heavy,[350],1,1.0,1
543,56bf5e7b3aeaaa14008c95fb,1,top_heavy,[350],0,0.6666666666666666,1
544,56d71ed50d65d2140019837c,1,top_heavy,[350],1,1.0,0
545,56d71ed50d65d2140019837d,1,top_heavy,[350],1,1.0,1
546,56d9b7dcdc89441400fdb740,1,top_heavy,[350],1,1.0,0
547,56d9b7dcdc89441400fdb741,1,top_heavy,[350],0,0.22222222222222224,0
548,56d9b7dcdc89441400fdb742,1,top_heavy,[350],0,0.0,0
549,56d9b7dcdc89441400fdb743,1,top_heavy,[350],1,1.0,1
550,56d9b7dcdc89441400fdb744,1,top_heavy,[350],0,0.0,0
551,56bec1823aeaaa14008c9361,1,top_heavy,[350],0,0.0,1
552,56bec1823aeaaa14008c9362,1,top_heavy,[350],1,1.0,1
553,56bec1823aeaaa14008c9363,1,top_heavy,[350],0,0.0,1
554,56bec1823aeaaa14008c9364,1,top_heavy,[350],1,1.0,1
555,56bec1823aeaaa14008c9365,1,top_heavy,[350],1,1.0,1
556,56bf6d343aeaaa14008c961b,1,top_heavy,[350],1,1.0,0
557,56d71fc00d65d21400198386,1,top_heavy,[350],1,1.0,1
558,56d71fc00d65d21400198389,1,top_heavy,[350],1,1.0,1
559,56d9ba95dc89441400fdb754,1,top_heavy,[350],0,0.0,0
560,56d9ba95dc89441400fdb757,1,top_heavy,[350],0,0.0,1
561,56d9ba95dc89441400fdb758,1,top_heavy,[350],1,1.0,1
562,56bec2013aeaaa14008c9371,1,top_heavy,[350],1,1.0,1
563,56bec2013aeaaa14008c9372,1,top_heavy,[350],0,0.0,0
564,56bec2013aeaaa14008c9373,1,top_heavy,[350],1,1.0,1
565,56bec2013aeaaa14008c9374,1,top_heavy,[350],0,0.6666666666666666,1
566,56bec2013aeaaa14008c9375,1,top_heavy,[350],0,0.0,1
567,56bf6e7a3aeaaa14008c961f,1,top_heavy,[350],0,0.0,0
568,56bf6e7a3aeaaa14008c9620,1,top_heavy,[350],0,0.0,0
569,56bf6e7a3aeaaa14008c9621,1,top_heavy,[350],1,1.0,1
570,56bf6e7a3aeaaa14008c9622,1,top_heavy,[350],0,0.0,0
571,56d7205e0d65d21400198391,1,top_heavy,[350],0,0.6666666666666666,1
572,56d7205e0d65d21400198392,1,top_heavy,[350],1,1.0,1
573,56d9bc13dc89441400fdb75e,1,top_heavy,[350],0,0.0,0
574,56d9bc13dc89441400fdb75f,1,top_heavy,[350],0,0.0,0
575,56d9bc13dc89441400fdb760,1,top_heavy,[350],0,0.0,0
576,56bec2573aeaaa14008c937b,1,top_heavy,[350],1,1.0,1
577,56bec2573aeaaa14008c937c,1,top_heavy,[350],1,1.0,1
578,56bf6f743aeaaa14008c9631,1,top_heavy,[350],0,0.5,1
579,56bf6f743aeaaa14008c9632,1,top_heavy,[350],1,1.0,1
580,56d720c70d65d21400198396,1,top_heavy,[350],0,0.0,0
581,56d720c70d65d21400198397,1,top_heavy,[350],0,0.18181818181818182,1
582,56d720c70d65d21400198398,1,top_heavy,[350],0,0.42857142857142855,1
583,56bec3153aeaaa14008c9389,1,top_heavy,[350],1,1.0,1
584,56bec3153aeaaa14008c938a,1,top_heavy,[350],1,1.0,1
585,56bec3153aeaaa14008c938b,1,top_heavy,[350],1,1.0,1
586,56bec3153aeaaa14008c938c,1,top_heavy,[350],1,1.0,1
587,56bf717d3aeaaa14008c9635,1,top_heavy,[350],0,0.0,0
588,56bf717d3aeaaa14008c9637,1,top_heavy,[350],1,1.0,1
589,56bf717d3aeaaa14008c9638,1,top_heavy,[350],1,1.0,1
590,56bf717d3aeaaa14008c9639,1,top_heavy,[350],0,0.4,1
591,56d721af0d65d2140019839e,1,top_heavy,[350],0,0.6666666666666666,1
592,56d721af0d65d2140019839f,1,top_heavy,[350],1,1.0,1
593,56d721af0d65d214001983a0,1,top_heavy,[350],1,1.0,1
594,56d9bdc1dc89441400fdb768,1,top_heavy,[350],1,1.0,1
595,56d9bdc1dc89441400fdb769,1,top_heavy,[350],0,0.0,0
596,56d9bdc1dc89441400fdb76a,1,top_heavy,[350],1,1.0,1
597,56bec38b3aeaaa14008c9397,1,top_heavy,[350],1,1.0,1
598,56bec38b3aeaaa14008c9398,1,top_heavy,[350],1,1.0,1
599,56bec38b3aeaaa14008c9399,1,top_heavy,[350],0,0.0,1
600,56bec38b3aeaaa14008c939a,1,top_heavy,[350],1,1.0,1
601,56bf71e73aeaaa14008c963f,1,top_heavy,[350],0,0.0,0
602,56bf71e73aeaaa14008c9640,1,top_heavy,[350],1,1.0,1
603,56d722330d65d214001983a6,1,top_heavy,[350],1,1.0,1
604,56d722330d65d214001983a7,1,top_heavy,[350],1,1.0,1
605,56d722330d65d214001983a8,1,top_heavy,[350],0,0.0,1
606,56d9be16dc89441400fdb770,1,top_heavy,[350],0,0.0,0
607,56d9be16dc89441400fdb771,1,top_heavy,[350],0,0.0,0
608,56bec4343aeaaa14008c93a9,1,top_heavy,[350],1,1.0,1
609,56bec4343aeaaa14008c93aa,1,top_heavy,[350],0,0.0,1
610,56bec4343aeaaa14008c93ab,1,top_heavy,[350],1,1.0,1
611,56bec4343aeaaa14008c93ac,1,top_heavy,[350],0,0.0,1
612,56d723560d65d214001983ac,1,top_heavy,[350],0,0.0,1
613,56d723560d65d214001983ad,1,top_heavy,[350],0,0.0,1
614,56d723560d65d214001983ae,1,top_heavy,[350],0,0.21052631578947367,1
615,56d723560d65d214001983af,1,top_heavy,[350],1,1.0,1
616,56d9bf70dc89441400fdb77b,1,top_heavy,[350],0,0.0,0
617,56d9bf70dc89441400fdb77c,1,top_heavy,[350],0,0.0,1
618,56d9bf70dc89441400fdb77d,1,top_heavy,[350],1,1.0,1
619,56bec4a33aeaaa14008c93b1,1,top_heavy,[350],0,0.0,0
620,56bec4a33aeaaa14008c93b2,1,top_heavy,[350],1,1.0,1
621,56bec4a33aeaaa14008c93b3,1,top_heavy,[350],1,1.0,1
622,56bec4a33aeaaa14008c93b4,1,top_heavy,[350],1,1.0,1
623,56bec4a33aeaaa14008c93b5,1,top_heavy,[350],1,1.0,1
624,56bf738b3aeaaa14008c9655,1,top_heavy,[350],0,0.0,0
625,56bf738b3aeaaa14008c9656,1,top_heavy,[350],0,0.0,0
626,56d723ad0d65d214001983b4,1,top_heavy,[350],1,1.0,1
627,56d723ad0d65d214001983b5,1,top_heavy,[350],1,1.0,1
628,56d723ad0d65d214001983b8,1,top_heavy,[350],1,1.0,1
629,56d9c049dc89441400fdb78e,1,top_heavy,[350],1,1.0,1
630,56d9c049dc89441400fdb78f,1,top_heavy,[350],1,1.0,1
631,56d9c049dc89441400fdb790,1,top_heavy,[350],0,0.37037037037037035,1
632,56d9c049dc89441400fdb791,1,top_heavy,[350],1,1.0,1
633,56d9c049dc89441400fdb792,1,top_heavy,[350],0,0.0,0
634,56bec5233aeaaa14008c93cf,1,top_heavy,[350],1,1.0,1
635,56bec5233aeaaa14008c93d0,1,top_heavy,[350],1,1.0,1
636,56bec5233aeaaa14008c93d1,1,top_heavy,[350],1,1.0,1
637,56bec5233aeaaa14008c93d2,1,top_heavy,[350],1,1.0,1
638,56bec5233aeaaa14008c93d3,1,top_heavy,[350],0,0.2666666666666667,1
639,56d724620d65d214001983be,1,top_heavy,[350],1,1.0,1
640,56d724620d65d214001983bf,1,top_heavy,[350],1,1.0,1
641,56d724620d65d214001983c0,1,top_heavy,[350],1,1.0,1
642,56d724620d65d214001983c1,1,top_heavy,[350],1,1.0,1
643,56d9c203dc89441400fdb7a0,1,top_heavy,[350],0,0.125,0
644,56d9c203dc89441400fdb7a3,1,top_heavy,[350],0,0.0,0
645,56bec5ff3aeaaa14008c93e3,1,top_heavy,[350],0,0.6153846153846153,1
646,56bec5ff3aeaaa14008c93e4,1,top_heavy,[350],0,0.6153846153846153,1
647,56bec5ff3aeaaa14008c93e5,1,top_heavy,[350],1,1.0,1
648,56d724ea0d65d214001983c8,1,top_heavy,[350],0,0.0,0
649,56d724ea0d65d214001983c9,1,top_heavy,[350],1,1.0,1
650,56bec6573aeaaa14008c93e9,1,top_heavy,[350],1,1.0,1
651,56bec6573aeaaa14008c93ea,1,top_heavy,[350],1,1.0,1
652,56bec6573aeaaa14008c93eb,1,top_heavy,[350],1,1.0,1
653,56bec6573aeaaa14008c93ec,1,top_heavy,[350],1,1.0,1
654,56bec6573aeaaa14008c93ed,1,top_heavy,[350],0,0.0,0
655,56d7251d0d65d214001983cc,1,top_heavy,[350],1,1.0,1
656,56d7251d0d65d214001983cd,1,top_heavy,[350],1,1.0,1
657,56d7251d0d65d214001983cf,1,top_heavy,[350],1,1.0,1
658,56d9c3a6dc89441400fdb7b4,1,top_heavy,[350],1,1.0,1
659,56d9c3a6dc89441400fdb7b5,1,top_heavy,[350],0,0.0,1
660,56d9c3a6dc89441400fdb7b6,1,top_heavy,[350],1,1.0,1
661,56d9c3a6dc89441400fdb7b7,1,top_heavy,[350],1,1.0,1
662,56d9c3a6dc89441400fdb7b8,1,top_heavy,[350],1,1.0,1
663,56bec6ac3aeaaa14008c93fd,1,top_heavy,[350],0,0.0,1
664,56bec6ac3aeaaa14008c93fe,1,top_heavy,[350],1,1.0,1
665,56bec6ac3aeaaa14008c93ff,1,top_heavy,[350],1,1.0,1
666,56bec6ac3aeaaa14008c9400,1,top_heavy,[350],0,0.0,1
667,56bec6ac3aeaaa14008c9401,1,top_heavy,[350],0,0.8571428571428571,1
668,56d20650e7d4791d00902614,1,top_heavy,[350],1,1.0,1
669,56d20650e7d4791d00902615,1,top_heavy,[350],1,1.0,1
670,56d7253b0d65d214001983d4,1,top_heavy,[350],0,0.0,0
671,56d7253b0d65d214001983d5,1,top_heavy,[350],1,1.0,1
672,56d9c455dc89441400fdb7c4,1,top_heavy,[350],0,0.0,0
673,56d9c455dc89441400fdb7c5,1,top_heavy,[350],1,1.0,1
674,56d9c455dc89441400fdb7c6,1,top_heavy,[350],0,0.0,0
675,56bec7353aeaaa14008c940d,1,top_heavy,[350],1,1.0,1
676,56bec7353aeaaa14008c940e,1,top_heavy,[350],1,1.0,1
677,56bec7353aeaaa14008c940f,1,top_heavy,[350],1,1.0,0
678,56bec7353aeaaa14008c9410,1,top_heavy,[350],1,1.0,1
679,56bec7353aeaaa14008c9411,1,top_heavy,[350],0,0.6666666666666666,0
680,56d725790d65d214001983d8,1,top_heavy,[350],1,1.0,0
681,56d725790d65d214001983da,1,top_heavy,[350],1,1.0,1
682,56d725790d65d214001983db,1,top_heavy,[350],0,0.0,0
683,56d9c551dc89441400fdb7d0,1,top_heavy,[350],1,1.0,0
684,56d9c551dc89441400fdb7d1,1,top_heavy,[350],1,1.0,1
685,56d9c551dc89441400fdb7d2,1,top_heavy,[350],1,1.0,1
686,56d9c551dc89441400fdb7d3,1,top_heavy,[350],1,1.0,0
687,56bec7a63aeaaa14008c9417,1,top_heavy,[350],1,1.0,1
688,56bec7a63aeaaa14008c9418,1,top_heavy,[350],0,0.0,1
689,56bec7a63aeaaa14008c9419,1,top_heavy,[350],1,1.0,1
690,56bec7a63aeaaa14008c941a,1,top_heavy,[350],1,1.0,0
691,56bec7a63aeaaa14008c941b,1,top_heavy,[350],0,0.0,0
692,56d728a10d65d21400198413,1,top_heavy,[350],0,0.0,0
693,56d728a10d65d21400198414,1,top_heavy,[350],1,1.0,1
694,56d728a10d65d21400198415,1,top_heavy,[350],1,1.0,0
695,56d728a10d65d21400198416,1,top_heavy,[350],0,0.0,0
696,56d9c5e7dc89441400fdb7d8,1,top_heavy,[350],0,0.0,0
697,56d9c5e7dc89441400fdb7d9,1,top_heavy,[350],1,1.0,1
698,56d9c5e7dc89441400fdb7da,1,top_heavy,[350],0,0.0,0
699,56d9c5e7dc89441400fdb7db,1,top_heavy,[350],0,0.0,0
700,56d9c5e7dc89441400fdb7dc,1,top_heavy,[350],1,1.0,1
701,56bec8243aeaaa14008c942b,1,top_heavy,[350],1,1.0,1
702,56bec8243aeaaa14008c942c,1,top_heavy,[350],1,1.0,1
703,56bec8243aeaaa14008c942d,1,top_heavy,[350],1,1.0,1
704,56bec8243aeaaa14008c942e,1,top_heavy,[350],0,0.0,0
705,56bec8243aeaaa14008c942f,1,top_heavy,[350],0,0.6666666666666666,0
706,56d728e00d65d2140019841c,1,top_heavy,[350],0,0.0,1
707,56d728e00d65d2140019841d,1,top_heavy,[350],1,1.0,1
708,56d728e00d65d2140019841e,1,top_heavy,[350],1,1.0,1
709,56d728e00d65d2140019841f,1,top_heavy,[350],0,0.0,0
710,56d728e00d65d21400198420,1,top_heavy,[350],1,1.0,1
711,56d9c660dc89441400fdb7e7,1,top_heavy,[350],1,1.0,1
712,56d9c660dc89441400fdb7e8,1,top_heavy,[350],1,1.0,1
713,56d9c660dc89441400fdb7e9,1,top_heavy,[350],1,1.0,1
714,56d9c660dc89441400fdb7ea,1,top_heavy,[350],1,1.0,1
715,56bec8a13aeaaa14008c9435,1,top_heavy,[350],1,1.0,1
716,56bec8a13aeaaa14008c9436,1,top_heavy,[350],0,0.0,0
717,56bec8a13aeaaa14008c9437,1,top_heavy,[350],1,1.0,1
718,56bec8a13aeaaa14008c9438,1,top_heavy,[350],1,1.0,0
719,56bec8a13aeaaa14008c9439,1,top_heavy,[350],1,1.0,1
720,56d729180d65d21400198426,1,top_heavy,[350],0,0.0,0
721,56d729180d65d21400198427,1,top_heavy,[350],1,1.0,1
722,56d729180d65d21400198428,1,top_heavy,[350],1,1.0,1
723,56d729180d65d21400198429,1,top_heavy,[350],0,0.6666666666666666,1
724,56d729180d65d2140019842a,1,top_heavy,[350],1,1.0,1
725,56d9c6e0dc89441400fdb7f0,1,top_heavy,[350],0,0.0,0
726,56d9c6e0dc89441400fdb7f4,1,top_heavy,[350],0,0.0,0
727,56bec9133aeaaa14008c9445,1,top_heavy,[350],1,1.0,1
728,56bec9133aeaaa14008c9446,1,top_heavy,[350],1,1.0,0
729,56bec9133aeaaa14008c9447,1,top_heavy,[350],1,1.0,1
730,56bec9133aeaaa14008c9448,1,top_heavy,[350],1,1.0,1
731,56bec9133aeaaa14008c9449,1,top_heavy,[350],0,0.0,0
732,56d729ec0d65d21400198430,1,top_heavy,[350],1,1.0,1
733,56d729ec0d65d21400198431,1,top_heavy,[350],1,1.0,0
734,56d729ec0d65d21400198432,1,top_heavy,[350],1,1.0,1
735,56d729ec0d65d21400198434,1,top_heavy,[350],0,0.0,1
736,56d9c79edc89441400fdb804,1,top_heavy,[350],0,0.0,1
737,56d9c79edc89441400fdb805,1,top_heavy,[350],0,0.6666666666666666,1
738,56d9c79edc89441400fdb806,1,top_heavy,[350],1,1.0,1
739,56d9c79edc89441400fdb807,1,top_heavy,[350],0,0.14285714285714288,0
740,56d9c79edc89441400fdb808,1,top_heavy,[350],1,1.0,1
741,56bec98e3aeaaa14008c9455,1,top_heavy,[350],0,0.0,0
742,56bec98e3aeaaa14008c9456,1,top_heavy,[350],1,1.0,0
743,56bec98e3aeaaa14008c9457,1,top_heavy,[350],0,0.0,0
744,56bec98e3aeaaa14008c9458,1,top_heavy,[350],0,0.0,1
745,56bec98e3aeaaa14008c9459,1,top_heavy,[350],1,1.0,1
746,56d7282f0d65d21400198408,1,top_heavy,[350],1,1.0,1
747,56d7282f0d65d21400198409,1,top_heavy,[350],1,1.0,1
748,56d7282f0d65d2140019840a,1,top_heavy,[350],0,0.0,0
749,56d7282f0d65d2140019840c,1,top_heavy,[350],0,0.0,0
750,56d9c92bdc89441400fdb80e,1,top_heavy,[350],0,0.0,0
751,56d9c92bdc89441400fdb80f,1,top_heavy,[350],0,0.0,0
752,56d9c92bdc89441400fdb810,1,top_heavy,[350],1,1.0,1
753,56d9c92bdc89441400fdb811,1,top_heavy,[350],0,0.0,1
754,56bec9e83aeaaa14008c945f,1,top_heavy,[350],0,0.0,0
755,56bec9e83aeaaa14008c9460,1,top_heavy,[350],0,0.0,0
756,56bec9e83aeaaa14008c9461,1,top_heavy,[350],0,0.0,0
757,56bec9e83aeaaa14008c9462,1,top_heavy,[350],0,0.6666666666666666,0
758,56d7261e0d65d214001983e0,1,top_heavy,[350],0,0.6666666666666666,1
759,56d7261e0d65d214001983e1,1,top_heavy,[350],1,1.0,1
760,56d7261e0d65d214001983e2,1,top_heavy,[350],0,0.5714285714285715,0
761,56d7261e0d65d214001983e4,1,top_heavy,[350],1,1.0,1
762,56d9ca0adc89441400fdb820,1,top_heavy,[350],0,0.0,0
763,56d9ca0adc89441400fdb821,1,top_heavy,[350],0,0.6666666666666666,1
764,56d9ca0adc89441400fdb822,1,top_heavy,[350],1,1.0,1
765,56d9ca0adc89441400fdb823,1,top_heavy,[350],0,0.0,1
766,56beca913aeaaa14008c946d,1,top_heavy,[350],0,0.0,1
767,56beca913aeaaa14008c946e,1,top_heavy,[350],0,0.0,1
768,56beca913aeaaa14008c946f,1,top_heavy,[350],0,0.0,0
769,56beca913aeaaa14008c9470,1,top_heavy,[350],0,0.0,0
770,56beca913aeaaa14008c9471,1,top_heavy,[350],0,0.0,0
771,56d726b60d65d214001983ea,1,top_heavy,[350],1,1.0,1
772,56d726b60d65d214001983eb,1,top_heavy,[350],0,0.0,0
773,56d726b60d65d214001983ec,1,top_heavy,[350],1,1.0,1
774,56d726b60d65d214001983ed,1,top_heavy,[350],1,1.0,1
775,56d726b60d65d214001983ee,1,top_heavy,[350],1,1.0,1
776,56d9cb47dc89441400fdb832,1,top_heavy,[350],0,0.0,0
777,56d9cb47dc89441400fdb833,1,top_heavy,[350],1,1.0,1
778,56d9cb47dc89441400fdb834,1,top_heavy,[350],0,0.0,0
779,56d9cb47dc89441400fdb835,1,top_heavy,[350],0,0.0,1
780,56d9cb47dc89441400fdb836,1,top_heavy,[350],1,1.0,1
781,56becaf93aeaaa14008c9481,1,top_heavy,[350],0,0.0,0
782,56becaf93aeaaa14008c9482,1,top_heavy,[350],0,0.0,0
783,56becaf93aeaaa14008c9483,1,top_heavy,[350],0,0.0,1
784,56becaf93aeaaa14008c9484,1,top_heavy,[350],0,0.0,0
785,56becaf93aeaaa14008c9485,1,top_heavy,[350],0,0.0,0
786,56d7270c0d65d214001983f4,1,top_heavy,[350],0,0.0,0
787,56d7270c0d65d214001983f5,1,top_heavy,[350],0,0.0,0
788,56d7270c0d65d214001983f6,1,top_heavy,[350],1,1.0,1
789,56d7270c0d65d214001983f7,1,top_heavy,[350],1,1.0,1
790,56d7270c0d65d214001983f8,1,top_heavy,[350],0,0.0,0
791,56d9ccacdc89441400fdb842,1,top_heavy,[350],0,0.0,0
792,56d9ccacdc89441400fdb843,1,top_heavy,[350],0,0.0,0
793,56d9ccacdc89441400fdb844,1,top_heavy,[350],0,0.0,0
794,56d9ccacdc89441400fdb845,1,top_heavy,[350],0,0.0,0
795,56d9ccacdc89441400fdb846,1,top_heavy,[350],0,0.0,0
796,56becb823aeaaa14008c948b,1,top_heavy,[350],0,0.0,0
797,56becb823aeaaa14008c948c,1,top_heavy,[350],0,0.0,0
798,56becb823aeaaa14008c948d,1,top_heavy,[350],1,1.0,1
799,56becb823aeaaa14008c948e,1,top_heavy,[350],1,1.0,1
800,56becb823aeaaa14008c948f,1,top_heavy,[350],1,1.0,1
801,56d7277c0d65d214001983fe,1,top_heavy,[350],0,0.5,1
802,56d7277c0d65d214001983ff,1,top_heavy,[350],0,0.0,1
803,56d7277c0d65d21400198401,1,top_heavy,[350],0,0.0,1
804,56d7277c0d65d21400198402,1,top_heavy,[350],1,1.0,1
805,56d9cd9adc89441400fdb84c,1,top_heavy,[350],0,0.0,0
806,56d9cd9adc89441400fdb84d,1,top_heavy,[350],1,1.0,1
807,56d9cd9adc89441400fdb84e,1,top_heavy,[350],1,1.0,1
808,56d9cd9adc89441400fdb84f,1,top_heavy,[350],1,1.0,1
809,56d9cd9adc89441400fdb850,1,top_heavy,[350],0,0.0,1
810,5733a5f54776f41900660f45,1,top_heavy,[350],1,1.0,1
811,5733a5f54776f41900660f48,1,top_heavy,[350],1,1.0,1
812,5733a5f54776f41900660f44,1,top_heavy,[350],1,1.0,1
813,5733a5f54776f41900660f46,1,top_heavy,[350],0,0.0,1
814,5733a5f54776f41900660f47,1,top_heavy,[350],1,1.0,1
815,57336755d058e614000b5a3d,1,top_heavy,[350],1,1.0,1
816,57336755d058e614000b5a3f,1,top_heavy,[350],1,1.0,1
817,57336755d058e614000b5a3c,1,top_heavy,[350],1,1.0,1
818,57336755d058e614000b5a3e,1,top_heavy,[350],1,1.0,1
819,57336755d058e614000b5a40,1,top_heavy,[350],1,1.0,1
820,57337ddc4776f41900660bbb,1,top_heavy,[350],0,0.7499999999999999,1
821,57337ddc4776f41900660bbc,1,top_heavy,[350],1,1.0,1
822,57337ddc4776f41900660bba,1,top_heavy,[350],1,1.0,1
823,57337ddc4776f41900660bbd,1,top_heavy,[350],0,0.0,1
824,57337ddc4776f41900660bbe,1,top_heavy,[350],1,1.0,1
825,57337ea24776f41900660bd0,1,top_heavy,[350],0,0.0,0
826,57337ea24776f41900660bd3,1,top_heavy,[350],0,0.0,1
827,57337ea24776f41900660bd2,1,top_heavy,[350],1,1.0,1
828,57337ea24776f41900660bd1,1,top_heavy,[350],0,0.0,1
829,57337ea24776f41900660bd4,1,top_heavy,[350],1,1.0,1
830,57339555d058e614000b5df4,1,top_heavy,[350],1,1.0,1
831,57339555d058e614000b5df5,1,top_heavy,[350],1,1.0,1
832,57339555d058e614000b5df6,1,top_heavy,[350],1,1.0,1
833,57339555d058e614000b5df3,1,top_heavy,[350],1,1.0,1
834,57339555d058e614000b5df7,1,top_heavy,[350],0,0.22222222222222224,1
835,57339902d058e614000b5e70,1,top_heavy,[350],1,1.0,1
836,57339902d058e614000b5e71,1,top_heavy,[350],1,1.0,1
837,57339902d058e614000b5e72,1,top_heavy,[350],1,1.0,1
838,57339902d058e614000b5e73,1,top_heavy,[350],1,1.0,1
839,57339902d058e614000b5e74,1,top_heavy,[350],0,0.4210526315789474,1
840,573399b54776f41900660e64,1,top_heavy,[350],1,1.0,1
841,573399b54776f41900660e65,1,top_heavy,[350],0,0.5,1
842,573399b54776f41900660e66,1,top_heavy,[350],0,0.35294117647058826,1
843,573399b54776f41900660e67,1,top_heavy,[350],1,1.0,1
844,57339a554776f41900660e74,1,top_heavy,[350],1,1.0,1
845,57339a554776f41900660e75,1,top_heavy,[350],0,0.888888888888889,1
846,57339a554776f41900660e76,1,top_heavy,[350],1,1.0,1
847,57339a554776f41900660e77,1,top_heavy,[350],1,1.0,1
848,57339a554776f41900660e78,1,top_heavy,[350],0,0.0,1
849,57339ad74776f41900660e86,1,top_heavy,[350],1,1.0,1
850,57339ad74776f41900660e87,1,top_heavy,[350],0,0.0,0
851,57339ad74776f41900660e88,1,top_heavy,[350],1,1.0,1
852,57339ad74776f41900660e89,1,top_heavy,[350],1,1.0,1
853,57339ad74776f41900660e8a,1,top_heavy,[350],0,0.0,1
854,57339c16d058e614000b5ec5,1,top_heavy,[350],1,1.0,1
855,57339c16d058e614000b5ec6,1,top_heavy,[350],0,0.0,0
856,57339c16d058e614000b5ec7,1,top_heavy,[350],1,1.0,1
857,57339c16d058e614000b5ec8,1,top_heavy,[350],1,1.0,1
858,57339c16d058e614000b5ec9,1,top_heavy,[350],1,1.0,1
859,57339dd94776f41900660ecc,1,top_heavy,[350],1,1.0,1
860,57339dd94776f41900660ecd,1,top_heavy,[350],0,0.5,1
861,57339dd94776f41900660ece,1,top_heavy,[350],1,1.0,1
862,57339dd94776f41900660ecf,1,top_heavy,[350],1,1.0,1
863,57339dd94776f41900660ed0,1,top_heavy,[350],1,1.0,1
864,57339eb9d058e614000b5ef6,1,top_heavy,[350],1,1.0,1
865,57339eb9d058e614000b5ef7,1,top_heavy,[350],0,0.0,0
866,57339eb9d058e614000b5ef8,1,top_heavy,[350],1,1.0,1
867,57339eb9d058e614000b5ef9,1,top_heavy,[350],0,0.2222222222222222,1
868,57339eb9d058e614000b5efa,1,top_heavy,[350],1,1.0,1
869,5733a1854776f41900660f0a,1,top_heavy,[350],0,0.6,1
870,5733a1854776f41900660f0b,1,top_heavy,[350],1,1.0,1
871,5733a1854776f41900660f0c,1,top_heavy,[350],0,0.8,1
872,5733a1854776f41900660f0d,1,top_heavy,[350],1,1.0,1
873,5733a1854776f41900660f0e,1,top_heavy,[350],1,1.0,1
874,5733a2a9d058e614000b5f28,1,top_heavy,[350],1,1.0,1
875,5733a2a9d058e614000b5f29,1,top_heavy,[350],1,1.0,1
876,5733a2a9d058e614000b5f2a,1,top_heavy,[350],1,1.0,1
877,5733a2a9d058e614000b5f2b,1,top_heavy,[350],1,1.0,1
878,5733a2a9d058e614000b5f2c,1,top_heavy,[350],0,0.0,1
879,5733a32bd058e614000b5f32,1,top_heavy,[350],1,1.0,1
880,5733a32bd058e614000b5f33,1,top_heavy,[350],1,1.0,1
881,5733a32bd058e614000b5f34,1,top_heavy,[350],1,1.0,1
882,5733a32bd058e614000b5f35,1,top_heavy,[350],1,1.0,1
883,5733a32bd058e614000b5f36,1,top_heavy,[350],0,0.8,1
884,5733a45d4776f41900660f23,1,top_heavy,[350],0,0.0,0
885,5733a45d4776f41900660f24,1,top_heavy,[350],1,1.0,1
886,5733a45d4776f41900660f25,1,top_heavy,[350],1,1.0,1
887,5733a45d4776f41900660f26,1,top_heavy,[350],1,1.0,1
888,5733a45d4776f41900660f27,1,top_heavy,[350],1,1.0,1
889,5733a560d058e614000b5f77,1,top_heavy,[350],1,1.0,1
890,5733a560d058e614000b5f78,1,top_heavy,[350],1,1.0,1
891,5733a560d058e614000b5f79,1,top_heavy,[350],1,1.0,1
892,5733a560d058e614000b5f7a,1,top_heavy,[350],1,1.0,1
893,5733a560d058e614000b5f7b,1,top_heavy,[350],0,0.5,1
894,5733a6ac4776f41900660f58,1,top_heavy,[350],1,1.0,1
895,5733a6ac4776f41900660f59,1,top_heavy,[350],1,1.0,1
896,5733a6ac4776f41900660f5a,1,top_heavy,[350],1,1.0,1
897,5733a6ac4776f41900660f5b,1,top_heavy,[350],0,0.6666666666666666,1
898,5733a6ac4776f41900660f5c,1,top_heavy,[350],1,1.0,1
899,573312fcd058e614000b56e6,1,top_heavy,[350],1,1.0,1
900,573312fcd058e614000b56e7,1,top_heavy,[350],1,1.0,1
901,573312fcd058e614000b56e8,1,top_heavy,[350],0,0.0,0
902,573312fcd058e614000b56e9,1,top_heavy,[350],1,1.0,1
903,573312fcd058e614000b56ea,1,top_heavy,[350],1,1.0,1
904,5733140a4776f419006606e0,1,top_heavy,[350],1,1.0,1
905,5733140a4776f419006606e1,1,top_heavy,[350],1,1.0,1
906,5733140a4776f419006606e2,1,top_heavy,[350],0,0.0,0
907,5733140a4776f419006606e3,1,top_heavy,[350],1,1.0,0
908,5733140a4776f419006606e4,1,top_heavy,[350],0,0.9600000000000001,1
909,573314e3d058e614000b56f0,1,top_heavy,[350],1,1.0,1
910,573314e3d058e614000b56f1,1,top_heavy,[350],0,0.4444444444444445,0
911,573314e3d058e614000b56f2,1,top_heavy,[350],1,1.0,1
912,573314e3d058e614000b56f3,1,top_heavy,[350],0,0.0,1
913,573314e3d058e614000b56f4,1,top_heavy,[350],1,1.0,1
914,57332442d058e614000b5720,1,top_heavy,[350],1,1.0,1
915,57332442d058e614000b5721,1,top_heavy,[350],1,1.0,1
916,57332442d058e614000b5722,1,top_heavy,[350],0,0.2857142857142857,1
917,57332442d058e614000b5723,1,top_heavy,[350],1,1.0,1
918,57332442d058e614000b5724,1,top_heavy,[350],1,1.0,1
919,57332562d058e614000b5730,1,top_heavy,[350],1,1.0,1
920,57332562d058e614000b5731,1,top_heavy,[350],1,1.0,1
921,57332562d058e614000b5732,1,top_heavy,[350],0,0.0,0
922,57332562d058e614000b5733,1,top_heavy,[350],1,1.0,1
923,57332562d058e614000b5734,1,top_heavy,[350],1,1.0,1
924,5733266d4776f41900660712,1,top_heavy,[350],1,1.0,1
925,5733266d4776f41900660713,1,top_heavy,[350],1,1.0,1
926,5733266d4776f41900660714,1,top_heavy,[350],1,1.0,1
927,5733266d4776f41900660715,1,top_heavy,[350],0,0.1,0
928,5733266d4776f41900660716,1,top_heavy,[350],1,1.0,1
929,57332a734776f41900660726,1,top_heavy,[350],0,0.6666666666666666,1
930,57332a734776f41900660727,1,top_heavy,[350],1,1.0,1
931,57332a734776f41900660728,1,top_heavy,[350],1,1.0,1
932,57332a734776f41900660729,1,top_heavy,[350],0,0.2857142857142857,1
933,57332a734776f4190066072a,1,top_heavy,[350],1,1.0,1
934,57332b66d058e614000b5758,1,top_heavy,[350],1,1.0,1
935,57332b66d058e614000b5759,1,top_heavy,[350],1,1.0,1
936,57332b66d058e614000b575a,1,top_heavy,[350],1,1.0,1
937,57332b66d058e614000b575b,1,top_heavy,[350],1,1.0,1
938,57332b66d058e614000b575c,1,top_heavy,[350],1,1.0,1
939,57332c1e4776f4190066073a,1,top_heavy,[350],0,0.0,0
940,57332c1e4776f4190066073b,1,top_heavy,[350],0,0.0,1
941,57332c1e4776f4190066073c,1,top_heavy,[350],0,0.0,0
942,57332c1e4776f4190066073d,1,top_heavy,[350],1,1.0,1
943,57332c1e4776f4190066073e,1,top_heavy,[350],1,1.0,1
944,57332e48d058e614000b5762,1,top_heavy,[350],1,1.0,1
945,57332e48d058e614000b5763,1,top_heavy,[350],1,1.0,1
946,57332e48d058e614000b5764,1,top_heavy,[350],0,0.6666666666666666,0
947,57332e48d058e614000b5765,1,top_heavy,[350],1,1.0,1
948,57332e48d058e614000b5766,1,top_heavy,[350],1,1.0,1
949,57332f81d058e614000b5776,1,top_heavy,[350],0,0.8571428571428571,1
950,57332f81d058e614000b5777,1,top_heavy,[350],0,0.5,1
951,57332f81d058e614000b5778,1,top_heavy,[350],0,0.0,1
952,57332f81d058e614000b5779,1,top_heavy,[350],1,1.0,1
953,57332f81d058e614000b577a,1,top_heavy,[350],1,1.0,1
954,573330444776f41900660758,1,top_heavy,[350],1,1.0,1
955,573330444776f41900660759,1,top_heavy,[350],1,1.0,1
956,573330444776f4190066075a,1,top_heavy,[350],1,1.0,1
957,573330444776f4190066075b,1,top_heavy,[350],1,1.0,1
958,573330444776f4190066075c,1,top_heavy,[350],1,1.0,1
959,5733314e4776f4190066076a,1,top_heavy,[350],1,1.0,0
960,5733314e4776f4190066076b,1,top_heavy,[350],1,1.0,1
961,5733314e4776f4190066076c,1,top_heavy,[350],0,0.0,0
962,5733314e4776f4190066076d,1,top_heavy,[350],0,0.6666666666666666,1
963,5733314e4776f4190066076e,1,top_heavy,[350],1,1.0,1
964,57335c20d058e614000b58f9,1,top_heavy,[350],1,1.0,1
965,57335c20d058e614000b58fa,1,top_heavy,[350],0,0.0,0
966,57335c20d058e614000b58fc,1,top_heavy,[350],0,0.6666666666666666,1
967,57335c20d058e614000b58fb,1,top_heavy,[350],1,1.0,1
968,57335c20d058e614000b58fd,1,top_heavy,[350],1,1.0,1
969,57335ddbd058e614000b592f,1,top_heavy,[350],0,0.6666666666666666,1
970,57335ddbd058e614000b5930,1,top_heavy,[350],0,0.0,0
971,57335ddbd058e614000b5931,1,top_heavy,[350],0,0.5,1
972,57335ddbd058e614000b5932,1,top_heavy,[350],0,0.0,1
973,57335ddbd058e614000b5933,1,top_heavy,[350],0,0.0,1
974,57335fcad058e614000b5970,1,top_heavy,[350],1,1.0,1
975,57335fcad058e614000b5971,1,top_heavy,[350],1,1.0,1
976,57335fcad058e614000b5972,1,top_heavy,[350],0,0.0,0
977,57335fcad058e614000b5973,1,top_heavy,[350],1,1.0,1
978,57335fcad058e614000b5974,1,top_heavy,[350],0,0.7499999999999999,1
979,573361404776f4190066093c,1,top_heavy,[350],1,1.0,1
980,573361404776f4190066093d,1,top_heavy,[350],0,0.0,0
981,573361404776f4190066093e,1,top_heavy,[350],0,0.8,1
982,573361404776f4190066093f,1,top_heavy,[350],0,0.6666666666666666,1
983,573361404776f41900660940,1,top_heavy,[350],1,1.0,1
984,573362b94776f41900660974,1,top_heavy,[350],1,1.0,1
985,573362b94776f41900660975,1,top_heavy,[350],1,1.0,1
986,573362b94776f41900660976,1,top_heavy,[350],0,0.6666666666666666,1
987,573362b94776f41900660977,1,top_heavy,[350],1,1.0,1
988,573362b94776f41900660978,1,top_heavy,[350],1,1.0,1
989,5733638fd058e614000b59e8,1,top_heavy,[350],0,0.0,1
990,5733638fd058e614000b59e9,1,top_heavy,[350],0,0.0,0
991,5733638fd058e614000b59ea,1,top_heavy,[350],1,1.0,1
992,5733638fd058e614000b59eb,1,top_heavy,[350],1,1.0,1
993,5733638fd058e614000b59ec,1,top_heavy,[350],1,1.0,1
994,5733647e4776f419006609ae,1,top_heavy,[350],0,0.0,1
995,5733647e4776f419006609af,1,top_heavy,[350],1,1.0,1
996,5733647e4776f419006609b0,1,top_heavy,[350],1,1.0,1
997,5733647e4776f419006609b1,1,top_heavy,[350],1,1.0,1
998,5733647e4776f419006609b2,1,top_heavy,[350],0,0.6666666666666666,1
999,573368044776f41900660a29,1,top_heavy,[350],0,0.6666666666666666,1
0,56be4db0acb8001400a502ec,3,uniform,"[117, 117, 116]",1,1.0,1
1,56be4db0acb8001400a502ed,3,uniform,"[117, 117, 116]",0,0.0,1
2,56be4db0acb8001400a502ee,3,uniform,"[117, 117, 116]",0,0.0,0
3,56be4db0acb8001400a502ef,3,uniform,"[117, 117, 116]",1,1.0,1
4,56be4db0acb8001400a502f0,3,uniform,"[117, 117, 116]",1,1.0,1
5,56be8e613aeaaa14008c90d1,3,uniform,"[117, 117, 116]",0,0.6666666666666666,1
6,56be8e613aeaaa14008c90d2,3,uniform,"[117, 117, 116]",1,1.0,1
7,56be8e613aeaaa14008c90d3,3,uniform,"[117, 117, 116]",0,0.23076923076923078,1
8,56bea9923aeaaa14008c91b9,3,uniform,"[117, 117, 116]",0,0.6666666666666666,1
9,56bea9923aeaaa14008c91ba,3,uniform,"[117, 117, 116]",0,0.0,0
10,56bea9923aeaaa14008c91bb,3,uniform,"[117, 117, 116]",1,1.0,1
11,56beace93aeaaa14008c91df,3,uniform,"[117, 117, 116]",0,0.6666666666666666,0
12,56beace93aeaaa14008c91e0,3,uniform,"[117, 117, 116]",0,0.5,0
13,56beace93aeaaa14008c91e1,3,uniform,"[117, 117, 116]",0,0.0,0
14,56beace93aeaaa14008c91e2,3,uniform,"[117, 117, 116]",1,1.0,1
15,56beace93aeaaa14008c91e3,3,uniform,"[117, 117, 116]",1,1.0,1
16,56bf10f43aeaaa14008c94fd,3,uniform,"[117, 117, 116]",1,1.0,1
17,56bf10f43aeaaa14008c94fe,3,uniform,"[117, 117, 116]",0,0.0,0
18,56bf10f43aeaaa14008c94ff,3,uniform,"[117, 117, 116]",1,1.0,1
19,56bf10f43aeaaa14008c9500,3,uniform,"[117, 117, 116]",1,1.0,1
20,56bf10f43aeaaa14008c9501,3,uniform,"[117, 117, 116]",0,0.5,0
21,56d20362e7d4791d009025e8,3,uniform,"[117, 117, 116]",1,1.0,1
22,56d20362e7d4791d009025e9,3,uniform,"[117, 117, 116]",0,0.0,1
23,56d20362e7d4791d009025ea,3,uniform,"[117, 117, 116]",0,0.0,1
24,56d20362e7d4791d009025eb,3,uniform,"[117, 117, 116]",0,0.6666666666666666,0
25,56d600e31c85041400946eae,3,uniform,"[117, 117, 116]",1,1.0,1
26,56d600e31c85041400946eb0,3,uniform,"[117, 117, 116]",0,0.6666666666666666,0
27,56d600e31c85041400946eb1,3,uniform,"[117, 117, 116]",0,0.0,0
28,56d9895ddc89441400fdb50e,3,uniform,"[117, 117, 116]",0,0.0,0
29,56d9895ddc89441400fdb510,3,uniform,"[117, 117, 116]",1,1.0,1
30,56be4e1facb8001400a502f6,3,uniform,"[117, 117, 116]",1,1.0,1
31,56be4e1facb8001400a502f9,3,uniform,"[117, 117, 116]",1,1.0,1
32,56be4e1facb8001400a502fa,3,uniform,"[117, 117, 116]",1,1.0,1
33,56beaa4a3aeaaa14008c91c2,3,uniform,"[117, 117, 116]",0,0.0,0
34,56beaa4a3aeaaa14008c91c3,3,uniform,"[117, 117, 116]",0,0.0,0
35,56bead5a3aeaaa14008c91e9,3,uniform,"[117, 117, 116]",1,1.0,1
36,56bead5a3aeaaa14008c91ea,3,uniform,"[117, 117, 116]",1,1.0,1
37,56bead5a3aeaaa14008c91eb,3,uniform,"[117, 117, 116]",0,0.0,0
38,56bead5a3aeaaa14008c91ec,3,uniform,"[117, 117, 116]",0,0.0,1
39,56bead5a3aeaaa14008c91ed,3,uniform,"[117, 117, 116]",1,1.0,1
40,56bf159b3aeaaa14008c9507,3,uniform,"[117, 117, 116]",1,1.0,0
41,56bf159b3aeaaa14008c9508,3,uniform,"[117, 117, 116]",0,0.0,0
42,56bf159b3aeaaa14008c9509,3,uniform,"[117, 117, 116]",0,0.0,0
43,56bf159b3aeaaa14008c950a,3,uniform,"[117, 117, 116]",1,1.0,1
44,56bf159b3aeaaa14008c950b,3,uniform,"[117, 117, 116]",0,0.0,1
45,56d2045de7d4791d009025f3,3,uniform,"[117, 117, 116]",1,1.0,0
46,56d2045de7d4791d009025f4,3,uniform,"[117, 117, 116]",1,1.0,1
47,56d2045de7d4791d009025f5,3,uniform,"[117, 117, 116]",0,0.0,0
48,56d2045de7d4791d009025f6,3,uniform,"[117, 117, 116]",1,1.0,1
49,56d6017d1c85041400946ebe,3,uniform,"[117, 117, 116]",1,1.0,1
50,56d6017d1c85041400946ec1,3,uniform,"[117, 117, 116]",0,0.0,1
51,56d6017d1c85041400946ec2,3,uniform,"[117, 117, 116]",1,1.0,1
52,56d98a59dc89441400fdb52a,3,uniform,"[117, 117, 116]",1,1.0,1
53,56d98a59dc89441400fdb52b,3,uniform,"[117, 117, 116]",0,0.0,1
54,56d98a59dc89441400fdb52e,3,uniform,"[117, 117, 116]",0,0.0,0
55,56be4eafacb8001400a50302,3,uniform,"[117, 117, 116]",1,1.0,1
56,56be4eafacb8001400a50303,3,uniform,"[117, 117, 116]",0,0.0,1
57,56be4eafacb8001400a50304,3,uniform,"[117, 117, 116]",0,0.0,0
58,56beab833aeaaa14008c91d2,3,uniform,"[117, 117, 116]",1,1.0,1
59,56beab833aeaaa14008c91d3,3,uniform,"[117, 117, 116]",0,0.0,1
60,56beab833aeaaa14008c91d4,3,uniform,"[117, 117, 116]",1,1.0,1
61,56beae423aeaaa14008c91f4,3,uniform,"[117, 117, 116]",1,1.0,1
62,56beae423aeaaa14008c91f5,3,uniform,"[117, 117, 116]",0,0.6666666666666666,1
63,56beae423aeaaa14008c91f6,3,uniform,"[117, 117, 116]",0,0.0,1
64,56beae423aeaaa14008c91f7,3,uniform,"[117, 117, 116]",0,0.0,1
65,56bf17653aeaaa14008c9511,3,uniform,"[117, 117, 116]",1,1.0,1
66,56bf17653aeaaa14008c9513,3,uniform,"[117, 117, 116]",1,1.0,1
67,56bf17653aeaaa14008c9514,3,uniform,"[117, 117, 116]",1,1.0,1
68,56bf17653aeaaa14008c9515,3,uniform,"[117, 117, 116]",1,1.0,1
69,56d204ade7d4791d00902603,3,uniform,"[117, 117, 116]",1,1.0,1
70,56d204ade7d4791d00902604,3,uniform,"[117, 117, 116]",1,1.0,1
71,56d601e41c85041400946ece,3,uniform,"[117, 117, 116]",1,1.0,1
72,56d601e41c85041400946ecf,3,uniform,"[117, 117, 116]",0,0.0,1
73,56d601e41c85041400946ed0,3,uniform,"[117, 117, 116]",1,1.0,1
74,56d601e41c85041400946ed1,3,uniform,"[117, 117, 116]",0,0.0,0
75,56d601e41c85041400946ed2,3,uniform,"[117, 117, 116]",1,1.0,1
76,56d98b33dc89441400fdb53b,3,uniform,"[117, 117, 116]",0,0.0,0
77,56d98b33dc89441400fdb53c,3,uniform,"[117, 117, 116]",0,0.0,1
78,56d98b33dc89441400fdb53d,3,uniform,"[117, 117, 116]",1,1.0,1
79,56d98b33dc89441400fdb53e,3,uniform,"[117, 117, 116]",0,0.0,1
80,56be5333acb8001400a5030a,3,uniform,"[117, 117, 116]",1,1.0,1
81,56be5333acb8001400a5030b,3,uniform,"[117, 117, 116]",1,1.0,1
82,56be5333acb8001400a5030c,3,uniform,"[117, 117, 116]",1,1.0,1
83,56be5333acb8001400a5030d,3,uniform,"[117, 117, 116]",1,1.0,1
84,56be5333acb8001400a5030e,3,uniform,"[117, 117, 116]",1,1.0,1
85,56beaf5e3aeaaa14008c91fd,3,uniform,"[117, 117, 116]",1,1.0,1
86,56beaf5e3aeaaa14008c91fe,3,uniform,"[117, 117, 116]",1,1.0,1
87,56beaf5e3aeaaa14008c91ff,3,uniform,"[117, 117, 116]",1,1.0,1
88,56beaf5e3aeaaa14008c9200,3,uniform,"[117, 117, 116]",0,0.0,1
89,56beaf5e3aeaaa14008c9201,3,uniform,"[117, 117, 116]",0,0.0,1
90,56bf1ae93aeaaa14008c951b,3,uniform,"[117, 117, 116]",0,0.0,0
91,56bf1ae93aeaaa14008c951c,3,uniform,"[117, 117, 116]",1,1.0,1
92,56bf1ae93aeaaa14008c951e,3,uniform,"[117, 117, 116]",0,0.0,1
93,56bf1ae93aeaaa14008c951f,3,uniform,"[117, 117, 116]",0,0.0,1
94,56d2051ce7d4791d00902608,3,uniform,"[117, 117, 116]",0,0.0,0
95,56d2051ce7d4791d00902609,3,uniform,"[117, 117, 116]",0,0.0,0
96,56d2051ce7d4791d0090260a,3,uniform,"[117, 117, 116]",1,1.0,1
97,56d2051ce7d4791d0090260b,3,uniform,"[117, 117, 116]",1,1.0,1
98,56d602631c85041400946ed8,3,uniform,"[117, 117, 116]",1,1.0,1
99,56d602631c85041400946eda,3,uniform,"[117, 117, 116]",0,0.4,1
100,56d602631c85041400946edb,3,uniform,"[117, 117, 116]",1,1.0,1
101,56d602631c85041400946edc,3,uniform,"[117, 117, 116]",0,0.6666666666666666,1
102,56d98c53dc89441400fdb544,3,uniform,"[117, 117, 116]",0,0.5,0
103,56d98c53dc89441400fdb545,3,uniform,"[117, 117, 116]",0,0.0,1
104,56d98c53dc89441400fdb546,3,uniform,"[117, 117, 116]",1,1.0,1
105,56d98c53dc89441400fdb548,3,uniform,"[117, 117, 116]",0,0.0,1
106,56be53b8acb8001400a50314,3,uniform,"[117, 117, 116]",1,1.0,1
107,56be53b8acb8001400a50315,3,uniform,"[117, 117, 116]",0,0.6666666666666666,1
108,56be53b8acb8001400a50316,3,uniform,"[117, 117, 116]",1,1.0,1
109,56beafca3aeaaa14008c9207,3,uniform,"[117, 117, 116]",0,0.0,0
110,56beafca3aeaaa14008c9208,3,uniform,"[117, 117, 116]",0,0.0,0
111,56bf42f53aeaaa14008c95a3,3,uniform,"[117, 117, 116]",1,1.0,1
112,56d2053ae7d4791d00902610,3,uniform,"[117, 117, 116]",1,1.0,1
113,56d6edd00d65d21400198250,3,uniform,"[117, 117, 116]",1,1.0,1
114,56d6edd00d65d21400198251,3,uniform,"[117, 117, 116]",1,1.0,1
115,56d98d0adc89441400fdb54e,3,uniform,"[117, 117, 116]",1,1.0,1
116,56d98d0adc89441400fdb54f,3,uniform,"[117, 117, 116]",1,1.0,1
117,56be5438acb8001400a5031a,3,uniform,"[117, 117, 116]",0,0.0,0
118,56be5438acb8001400a5031b,3,uniform,"[117, 117, 116]",0,0.4,0
119,56be5438acb8001400a5031c,3,uniform,"[117, 117, 116]",1,1.0,0
120,56beb03c3aeaaa14008c920b,3,uniform,"[117, 117, 116]",0,0.0,0
121,56beb03c3aeaaa14008c920d,3,uniform,"[117, 117, 116]",0,0.23529411764705882,1
122,56bf3c633aeaaa14008c9580,3,uniform,"[117, 117, 116]",1,1.0,0
123,56bf3c633aeaaa14008c9581,3,uniform,"[117, 117, 116]",0,0.0,0
124,56bf3c633aeaaa14008c9582,3,uniform,"[117, 117, 116]",1,1.0,0
125,56d20564e7d4791d00902612,3,uniform,"[117, 117, 116]",0,0.23529411764705882,0
126,56d6ee6e0d65d21400198254,3,uniform,"[117, 117, 116]",0,0.0,0
127,56d6ee6e0d65d21400198255,3,uniform,"[117, 117, 116]",1,1.0,1
128,56d6ee6e0d65d21400198256,3,uniform,"[117, 117, 116]",1,1.0,1
129,56d6ee6e0d65d21400198257,3,uniform,"[117, 117, 116]",0,0.0,0
130,56d6ee6e0d65d21400198258,3,uniform,"[117, 117, 116]",1,1.0,1
131,56d98db6dc89441400fdb552,3,uniform,"[117, 117, 116]",0,0.4,0
132,56d98db6dc89441400fdb553,3,uniform,"[117, 117, 116]",0,0.0,0
133,56d98db6dc89441400fdb554,3,uniform,"[117, 117, 116]",1,1.0,0
134,56be54bdacb8001400a50322,3,uniform,"[117, 117, 116]",1,1.0,1
135,56be54bdacb8001400a50323,3,uniform,"[117, 117, 116]",1,1.0,1
136,56be54bdacb8001400a50324,3,uniform,"[117, 117, 116]",1,1.0,1
137,56be54bdacb8001400a50325,3,uniform,"[117, 117, 116]",1,1.0,1
138,56be54bdacb8001400a50326,3,uniform,"[117, 117, 116]",1,1.0,1
139,56beb0f43aeaaa14008c921b,3,uniform,"[117, 117, 116]",1,1.0,1
140,56beb0f43aeaaa14008c921c,3,uniform,"[117, 117, 116]",1,1.0,1
141,56beb0f43aeaaa14008c921d,3,uniform,"[117, 117, 116]",0,0.4,1
142,56beb0f43aeaaa14008c921e,3,uniform,"[117, 117, 116]",1,1.0,1
143,56beb0f43aeaaa14008c921f,3,uniform,"[117, 117, 116]",0,0.0,1
144,56bf21b43aeaaa14008c9525,3,uniform,"[117, 117, 116]",1,1.0,1
145,56bf21b43aeaaa14008c9526,3,uniform,"[117, 117, 116]",1,1.0,1
146,56bf21b43aeaaa14008c9528,3,uniform,"[117, 117, 116]",0,0.0,1
147,56bf21b43aeaaa14008c9529,3,uniform,"[117, 117, 116]",0,0.0,1
148,56d6ef6a0d65d21400198260,3,uniform,"[117, 117, 116]",0,0.0,0
149,56d6ef6a0d65d21400198262,3,uniform,"[117, 117, 116]",0,0.0,1
150,56d98f0ddc89441400fdb558,3,uniform,"[117, 117, 116]",1,1.0,1
151,56d98f0ddc89441400fdb559,3,uniform,"[117, 117, 116]",1,1.0,1
152,56d98f0ddc89441400fdb55a,3,uniform,"[117, 117, 116]",0,0.0,1
153,56d98f0ddc89441400fdb55b,3,uniform,"[117, 117, 116]",1,1.0,1
154,56d98f0ddc89441400fdb55c,3,uniform,"[117, 117, 116]",0,0.0,1
155,56be5523acb8001400a5032c,3,uniform,"[117, 117, 116]",0,0.0,1
156,56be5523acb8001400a5032d,3,uniform,"[117, 117, 116]",0,0.0,0
157,56be5523acb8001400a5032e,3,uniform,"[117, 117, 116]",0,0.0,0
158,56be5523acb8001400a5032f,3,uniform,"[117, 117, 116]",1,1.0,1
159,56be5523acb8001400a50330,3,uniform,"[117, 117, 116]",0,0.3333333333333333,0
160,56beb2153aeaaa14008c9225,3,uniform,"[117, 117, 116]",1,1.0,1
161,56beb2153aeaaa14008c9226,3,uniform,"[117, 117, 116]",0,0.0,1
162,56beb2153aeaaa14008c9227,3,uniform,"[117, 117, 116]",1,1.0,1
163,56beb2153aeaaa14008c9228,3,uniform,"[117, 117, 116]",0,0.6666666666666666,0
164,56beb2153aeaaa14008c9229,3,uniform,"[117, 117, 116]",1,1.0,1
165,56bf23363aeaaa14008c952f,3,uniform,"[117, 117, 116]",0,0.0,1
166,56bf23363aeaaa14008c9530,3,uniform,"[117, 117, 116]",1,1.0,1
167,56bf23363aeaaa14008c9531,3,uniform,"[117, 117, 116]",1,1.0,1
168,56bf23363aeaaa14008c9532,3,uniform,"[117, 117, 116]",1,1.0,1
169,56bf23363aeaaa14008c9533,3,uniform,"[117, 117, 116]",1,1.0,1
170,56d6f0770d65d21400198268,3,uniform,"[117, 117, 116]",1,1.0,1
171,56d6f0770d65d21400198269,3,uniform,"[117, 117, 116]",1,1.0,1
172,56d6f0770d65d2140019826a,3,uniform,"[117, 117, 116]",1,1.0,1
173,56d6f0770d65d2140019826c,3,uniform,"[117, 117, 116]",0,0.0,1
174,56d98fbfdc89441400fdb562,3,uniform,"[117, 117, 116]",0,0.0,1
175,56d98fbfdc89441400fdb563,3,uniform,"[117, 117, 116]",1,1.0,1
176,56d98fbfdc89441400fdb564,3,uniform,"[117, 117, 116]",1,1.0,1
177,56d98fbfdc89441400fdb565,3,uniform,"[117, 117, 116]",0,0.0,0
178,56be572b3aeaaa14008c9052,3,uniform,"[117, 117, 116]",0,0.0,1
179,56beb2a03aeaaa14008c922f,3,uniform,"[117, 117, 116]",0,0.0,1
180,56beb2a03aeaaa14008c9230,3,uniform,"[117, 117, 116]",0,0.0,1
181,56beb2a03aeaaa14008c9231,3,uniform,"[117, 117, 116]",1,1.0,1
182,56beb2a03aeaaa14008c9232,3,uniform,"[117, 117, 116]",0,0.6666666666666666,1
183,56beb2a03aeaaa14008c9233,3,uniform,"[117, 117, 116]",0,0.0,1
184,56bf28c73aeaaa14008c9539,3,uniform,"[117, 117, 116]",0,0.0,1
185,56bf28c73aeaaa14008c953a,3,uniform,"[117, 117, 116]",0,0.0,1
186,56bf28c73aeaaa14008c953c,3,uniform,"[117, 117, 116]",0,0.6666666666666666,1
187,56bf28c73aeaaa14008c953d,3,uniform,"[117, 117, 116]",0,0.0,1
188,56d6f1190d65d21400198272,3,uniform,"[117, 117, 116]",0,0.0,0
189,56d6f1190d65d21400198273,3,uniform,"[117, 117, 116]",0,0.0,0
190,56d6f1190d65d21400198274,3,uniform,"[117, 117, 116]",0,0.6666666666666666,1
191,56d6f1190d65d21400198275,3,uniform,"[117, 117, 116]",0,0.0,1
192,56d6f1190d65d21400198276,3,uniform,"[117, 117, 116]",0,0.0,1
193,56d99179dc89441400fdb56c,3,uniform,"[117, 117, 116]",0,0.0,1
194,56d99179dc89441400fdb56d,3,uniform,"[117, 117, 116]",0,0.0,1
195,56d99179dc89441400fdb570,3,uniform,"[117, 117, 116]",0,0.0,1
196,56be59683aeaaa14008c9058,3,uniform,"[117, 117, 116]",1,1.0,1
197,56be59683aeaaa14008c9059,3,uniform,"[117, 117, 116]",1,1.0,1
198,56be59683aeaaa14008c905a,3,uniform,"[117, 117, 116]",0,0.0,1
199,56beb3083aeaaa14008c923d,3,uniform,"[117, 117, 116]",1,1.0,1
200,56beb3083aeaaa14008c923e,3,uniform,"[117, 117, 116]",1,1.0,1
201,56beb3083aeaaa14008c923f,3,uniform,"[117, 117, 116]",0,0.0,1
202,56beb3083aeaaa14008c9240,3,uniform,"[117, 117, 116]",0,0.0,1
203,56beb3083aeaaa14008c9241,3,uniform,"[117, 117, 116]",1,1.0,1
204,56bf2afe3aeaaa14008c9543,3,uniform,"[117, 117, 116]",1,1.0,1
205,56bf2afe3aeaaa14008c9544,3,uniform,"[117, 117, 116]",0,0.0,1
206,56bf2afe3aeaaa14008c9545,3,uniform,"[117, 117, 116]",0,0.0,1
207,56bf2afe3aeaaa14008c9547,3,uniform,"[117, 117, 116]",0,0.6666666666666666,1
208,56d6f2000d65d2140019827c,3,uniform,"[117, 117, 116]",1,1.0,1
209,56d6f2000d65d2140019827d,3,uniform,"[117, 117, 116]",1,1.0,1
210,56d6f2000d65d2140019827e,3,uniform,"[117, 117, 116]",1,1.0,1
211,56d6f2000d65d2140019827f,3,uniform,"[117, 117, 116]",0,0.0,1
212,56d9943fdc89441400fdb576,3,uniform,"[117, 117, 116]",1,1.0,1
213,56d9943fdc89441400fdb577,3,uniform,"[117, 117, 116]",1,1.0,1
214,56d9943fdc89441400fdb578,3,uniform,"[117, 117, 116]",1,1.0,1
215,56d9943fdc89441400fdb57a,3,uniform,"[117, 117, 116]",0,0.0,1
216,56beb3a03aeaaa14008c9247,3,uniform,"[117, 117, 116]",0,0.0,1
217,56beb3a03aeaaa14008c9248,3,uniform,"[117, 117, 116]",0,0.0,1
218,56beb3a03aeaaa14008c9249,3,uniform,"[117, 117, 116]",1,1.0,1
219,56beb3a03aeaaa14008c924a,3,uniform,"[117, 117, 116]",0,0.0,1
220,56beb3a03aeaaa14008c924b,3,uniform,"[117, 117, 116]",0,0.0,1
221,56bf6b303aeaaa14008c960b,3,uniform,"[117, 117, 116]",1,1.0,1
222,56bf6b303aeaaa14008c960c,3,uniform,"[117, 117, 116]",0,0.0,1
223,56bf6b303aeaaa14008c960d,3,uniform,"[117, 117, 116]",0,0.0,1
224,56bf6b303aeaaa14008c960e,3,uniform,"[117, 117, 116]",0,0.0,1
225,56bf6b303aeaaa14008c960f,3,uniform,"[117, 117, 116]",0,0.0,0
226,56d6f2960d65d21400198286,3,uniform,"[117, 117, 116]",0,0.0,0
227,56d6f2960d65d21400198287,3,uniform,"[117, 117, 116]",1,1.0,1
228,56d6f2960d65d21400198288,3,uniform,"[117, 117, 116]",1,1.0,1
229,56d6f2960d65d21400198289,3,uniform,"[117, 117, 116]",0,0.0,1
230,56d6f2960d65d2140019828a,3,uniform,"[117, 117, 116]",0,0.0,1
231,56d997cddc89441400fdb586,3,uniform,"[117, 117, 116]",0,0.0,1
232,56d997cddc89441400fdb587,3,uniform,"[117, 117, 116]",1,1.0,1
233,56d997cddc89441400fdb588,3,uniform,"[117, 117, 116]",0,0.0,1
234,56d997cddc89441400fdb589,3,uniform,"[117, 117, 116]",1,1.0,1
235,56d997cddc89441400fdb58a,3,uniform,"[117, 117, 116]",0,0.0,1
236,56beb4343aeaaa14008c925b,3,uniform,"[117, 117, 116]",1,1.0,1
237,56beb4343aeaaa14008c925c,3,uniform,"[117, 117, 116]",1,1.0,1
238,56beb4343aeaaa14008c925d,3,uniform,"[117, 117, 116]",0,0.0,1
239,56beb4343aeaaa14008c925e,3,uniform,"[117, 117, 116]",0,0.0,0
240,56beb4343aeaaa14008c925f,3,uniform,"[117, 117, 116]",1,1.0,1
241,56d6f3500d65d21400198290,3,uniform,"[117, 117, 116]",1,1.0,1
242,56d6f3500d65d21400198291,3,uniform,"[117, 117, 116]",1,1.0,1
243,56d6f3500d65d21400198292,3,uniform,"[117, 117, 116]",0,0.0,1
244,56d6f3500d65d21400198293,3,uniform,"[117, 117, 116]",0,0.0,1
245,56d6f3500d65d21400198294,3,uniform,"[117, 117, 116]",0,0.0,1
246,56d9992fdc89441400fdb59c,3,uniform,"[117, 117, 116]",0,0.0,1
247,56d9992fdc89441400fdb59e,3,uniform,"[117, 117, 116]",0,0.0,1
248,56d9992fdc89441400fdb59f,3,uniform,"[117, 117, 116]",0,0.6666666666666666,1
249,56d9992fdc89441400fdb5a0,3,uniform,"[117, 117, 116]",0,0.0,1
250,56beb4e43aeaaa14008c9265,3,uniform,"[117, 117, 116]",0,0.0,1
251,56beb4e43aeaaa14008c9266,3,uniform,"[117, 117, 116]",0,0.0,1
252,56beb4e43aeaaa14008c9267,3,uniform,"[117, 117, 116]",0,0.0,1
253,56beb4e43aeaaa14008c9268,3,uniform,"[117, 117, 116]",0,0.0,1
254,56beb4e43aeaaa14008c9269,3,uniform,"[117, 117, 116]",0,0.0,1
255,56bf301c3aeaaa14008c954d,3,uniform,"[117, 117, 116]",0,0.0,1
256,56bf301c3aeaaa14008c954e,3,uniform,"[117, 117, 116]",1,1.0,1
257,56bf301c3aeaaa14008c954f,3,uniform,"[117, 117, 116]",0,0.0,1
258,56bf301c3aeaaa14008c9550,3,uniform,"[117, 117, 116]",1,1.0,1
259,56bf301c3aeaaa14008c9551,3,uniform,"[117, 117, 116]",0,0.08695652173913045,1
260,56d6f4030d65d2140019829a,3,uniform,"[117, 117, 116]",1,1.0,1
261,56d6f4030d65d2140019829b,3,uniform,"[117, 117, 116]",0,0.0,1
262,56d6f4030d65d2140019829c,3,uniform,"[117, 117, 116]",0,0.0,1
263,56d6f4030d65d2140019829d,3,uniform,"[117, 117, 116]",0,0.0,1
264,56d6f4030d65d2140019829e,3,uniform,"[117, 117, 116]",0,0.0,1
265,56d99b7bdc89441400fdb5c8,3,uniform,"[117, 117, 116]",0,0.0,0
266,56d99b7bdc89441400fdb5c9,3,uniform,"[117, 117, 116]",0,0.0,0
267,56d99b7bdc89441400fdb5ca,3,uniform,"[117, 117, 116]",0,0.0,0
268,56d99b7bdc89441400fdb5cb,3,uniform,"[117, 117, 116]",0,0.0,1
269,56d99b7bdc89441400fdb5cc,3,uniform,"[117, 117, 116]",0,0.0,1
270,56beb57b3aeaaa14008c9279,3,uniform,"[117, 117, 116]",1,1.0,1
271,56beb57b3aeaaa14008c927a,3,uniform,"[117, 117, 116]",0,0.0,0
272,56beb57b3aeaaa14008c927b,3,uniform,"[117, 117, 116]",0,0.0,0
273,56beb57b3aeaaa14008c927c,3,uniform,"[117, 117, 116]",0,0.0,0
274,56beb57b3aeaaa14008c927d,3,uniform,"[117, 117, 116]",0,0.0,1
275,56bf38383aeaaa14008c956b,3,uniform,"[117, 117, 116]",1,1.0,1
276,56bf38383aeaaa14008c956c,3,uniform,"[117, 117, 116]",0,0.0,1
277,56bf38383aeaaa14008c956d,3,uniform,"[117, 117, 116]",1,1.0,1
278,56bf38383aeaaa14008c956e,3,uniform,"[117, 117, 116]",1,1.0,1
279,56bf38383aeaaa14008c956f,3,uniform,"[117, 117, 116]",0,0.6666666666666666,1
280,56d6fe0b0d65d214001982a4,3,uniform,"[117, 117, 116]",1,1.0,1
281,56d6fe0b0d65d214001982a5,3,uniform,"[117, 117, 116]",0,0.0,0
282,56d6fe0b0d65d214001982a6,3,uniform,"[117, 117, 116]",1,1.0,1
283,56d6fe0b0d65d214001982a7,3,uniform,"[117, 117, 116]",0,0.0,1
284,56d99c44dc89441400fdb5d6,3,uniform,"[117, 117, 116]",1,1.0,1
285,56d99c44dc89441400fdb5d7,3,uniform,"[117, 117, 116]",1,1.0,1
286,56d99c44dc89441400fdb5d8,3,uniform,"[117, 117, 116]",0,0.0,0
287,56d99c44dc89441400fdb5d9,3,uniform,"[117, 117, 116]",1,1.0,0
288,56d99c44dc89441400fdb5da,3,uniform,"[117, 117, 116]",0,0.0,1
289,56beb6533aeaaa14008c928d,3,uniform,"[117, 117, 116]",0,0.0,1
290,56beb6533aeaaa14008c928e,3,uniform,"[117, 117, 116]",0,0.0,1
291,56beb6533aeaaa14008c9290,3,uniform,"[117, 117, 116]",0,0.0,1
292,56beb6533aeaaa14008c9291,3,uniform,"[117, 117, 116]",0,0.0,1
293,56bf3e803aeaaa14008c9588,3,uniform,"[117, 117, 116]",1,1.0,1
294,56bf3e803aeaaa14008c9589,3,uniform,"[117, 117, 116]",0,0.0,1
295,56bf3e803aeaaa14008c958b,3,uniform,"[117, 117, 116]",1,1.0,1
296,56d6fea90d65d214001982ae,3,uniform,"[117, 117, 116]",0,0.0,1
297,56d6fea90d65d214001982af,3,uniform,"[117, 117, 116]",1,1.0,1
298,56d6fea90d65d214001982b0,3,uniform,"[117, 117, 116]",0,0.0,1
299,56d6fea90d65d214001982b2,3,uniform,"[117, 117, 116]",0,0.0,1
300,56d99da8dc89441400fdb5fd,3,uniform,"[117, 117, 116]",1,1.0,1
301,56d99da8dc89441400fdb5ff,3,uniform,"[117, 117, 116]",0,0.0,0
302,56d99da8dc89441400fdb600,3,uniform,"[117, 117, 116]",1,1.0,1
303,56beb6f23aeaaa14008c92a1,3,uniform,"[117, 117, 116]",1,1.0,1
304,56beb6f23aeaaa14008c92a2,3,uniform,"[117, 117, 116]",1,1.0,1
305,56beb6f23aeaaa14008c92a3,3,uniform,"[117, 117, 116]",1,1.0,1
306,56beb6f23aeaaa14008c92a4,3,uniform,"[117, 117, 116]",0,0.0,1
307,56beb6f23aeaaa14008c92a5,3,uniform,"[117, 117, 116]",0,0.0,1
308,56bf34293aeaaa14008c9559,3,uniform,"[117, 117, 116]",0,0.0,1
309,56bf34293aeaaa14008c955a,3,uniform,"[117, 117, 116]",0,0.0,1
310,56bf34293aeaaa14008c955b,3,uniform,"[117, 117, 116]",0,0.0,1
311,56d701280d65d214001982b8,3,uniform,"[117, 117, 116]",1,1.0,1
312,56d701280d65d214001982ba,3,uniform,"[117, 117, 116]",0,0.0,0
313,56d701280d65d214001982bc,3,uniform,"[117, 117, 116]",0,0.0,1
314,56d99e78dc89441400fdb616,3,uniform,"[117, 117, 116]",1,1.0,1
315,56d99e78dc89441400fdb618,3,uniform,"[117, 117, 116]",1,1.0,1
316,56d99e78dc89441400fdb619,3,uniform,"[117, 117, 116]",1,1.0,1
317,56d99e78dc89441400fdb61a,3,uniform,"[117, 117, 116]",0,0.0,1
318,56beb7953aeaaa14008c92ab,3,uniform,"[117, 117, 116]",1,1.0,1
319,56beb7953aeaaa14008c92ac,3,uniform,"[117, 117, 116]",1,1.0,1
320,56beb7953aeaaa14008c92ad,3,uniform,"[117, 117, 116]",1,1.0,0
321,56beb7953aeaaa14008c92ae,3,uniform,"[117, 117, 116]",1,1.0,1
322,56beb7953aeaaa14008c92af,3,uniform,"[117, 117, 116]",1,1.0,1
323,56bf36b93aeaaa14008c9561,3,uniform,"[117, 117, 116]",0,0.0,1
324,56bf36b93aeaaa14008c9562,3,uniform,"[117, 117, 116]",0,0.0,1
325,56bf36b93aeaaa14008c9563,3,uniform,"[117, 117, 116]",1,1.0,0
326,56bf36b93aeaaa14008c9564,3,uniform,"[117, 117, 116]",1,1.0,1
327,56bf36b93aeaaa14008c9565,3,uniform,"[117, 117, 116]",1,1.0,1
328,56d7018a0d65d214001982c2,3,uniform,"[117, 117, 116]",1,1.0,1
329,56d7018a0d65d214001982c3,3,uniform,"[117, 117, 116]",1,1.0,1
330,56d7018a0d65d214001982c5,3,uniform,"[117, 117, 116]",1,1.0,1
331,56d99f99dc89441400fdb628,3,uniform,"[117, 117, 116]",0,0.0,0
332,56d99f99dc89441400fdb629,3,uniform,"[117, 117, 116]",1,1.0,1
333,56d99f99dc89441400fdb62c,3,uniform,"[117, 117, 116]",1,1.0,1
334,56beb7fd3aeaaa14008c92b5,3,uniform,"[117, 117, 116]",1,1.0,1
335,56beb7fd3aeaaa14008c92b6,3,uniform,"[117, 117, 116]",1,1.0,1
336,56beb7fd3aeaaa14008c92b7,3,uniform,"[117, 117, 116]",0,0.0,1
337,56beb7fd3aeaaa14008c92b8,3,uniform,"[117, 117, 116]",1,1.0,1
338,56bf3a223aeaaa14008c9575,3,uniform,"[117, 117, 116]",0,0.0,1
339,56bf3a223aeaaa14008c9576,3,uniform,"[117, 117, 116]",1,1.0,1
340,56bf3a223aeaaa14008c9577,3,uniform,"[117, 117, 116]",1,1.0,1
341,56bf3a223aeaaa14008c9579,3,uniform,"[117, 117, 116]",1,1.0,1
342,56d703d10d65d214001982d6,3,uniform,"[117, 117, 116]",0,0.0,1
343,56d703d10d65d214001982d7,3,uniform,"[117, 117, 116]",1,1.0,1
344,56d703d10d65d214001982d8,3,uniform,"[117, 117, 116]",0,0.0,1
345,56d9a026dc89441400fdb632,3,uniform,"[117, 117, 116]",1,1.0,1
346,56beb86b3aeaaa14008c92bd,3,uniform,"[117, 117, 116]",1,1.0,1
347,56beb86b3aeaaa14008c92be,3,uniform,"[117, 117, 116]",1,1.0,1
348,56beb86b3aeaaa14008c92bf,3,uniform,"[117, 117, 116]",1,1.0,1
349,56beb86b3aeaaa14008c92c0,3,uniform,"[117, 117, 116]",1,1.0,1
350,56beb86b3aeaaa14008c92c1,3,uniform,"[117, 117, 116]",0,0.0,1
351,56bf3fd53aeaaa14008c9591,3,uniform,"[117, 117, 116]",1,1.0,1
352,56bf3fd53aeaaa14008c9592,3,uniform,"[117, 117, 116]",1,1.0,1
353,56bf3fd53aeaaa14008c9593,3,uniform,"[117, 117, 116]",1,1.0,1
354,56bf3fd53aeaaa14008c9594,3,uniform,"[117, 117, 116]",0,0.0,1
355,56bf3fd53aeaaa14008c9595,3,uniform,"[117, 117, 116]",0,0.0,0
356,56d704430d65d214001982de,3,uniform,"[117, 117, 116]",1,1.0,1
357,56d704430d65d214001982e0,3,uniform,"[117, 117, 116]",1,1.0,1
358,56d704430d65d214001982e1,3,uniform,"[117, 117, 116]",0,0.0,1
359,56d704430d65d214001982e2,3,uniform,"[117, 117, 116]",1,1.0,1
360,56d9a0eadc89441400fdb63e,3,uniform,"[117, 117, 116]",1,1.0,1
361,56d9a0eadc89441400fdb63f,3,uniform,"[117, 117, 116]",1,1.0,1
362,56d9a0eadc89441400fdb640,3,uniform,"[117, 117, 116]",1,1.0,1
363,56beb90c3aeaaa14008c92c7,3,uniform,"[117, 117, 116]",1,1.0,1
364,56beb90c3aeaaa14008c92c8,3,uniform,"[117, 117, 116]",1,1.0,1
365,56beb90c3aeaaa14008c92c9,3,uniform,"[117, 117, 116]",0,0.0,0
366,56beb90c3aeaaa14008c92ca,3,uniform,"[117, 117, 116]",0,0.0,1
367,56beb90c3aeaaa14008c92cb,3,uniform,"[117, 117, 116]",0,0.0,1
368,56bf41013aeaaa14008c959b,3,uniform,"[117, 117, 116]",1,1.0,1
369,56bf41013aeaaa14008c959c,3,uniform,"[117, 117, 116]",1,1.0,1
370,56bf41013aeaaa14008c959d,3,uniform,"[117, 117, 116]",0,0.0,0
371,56bf41013aeaaa14008c959e,3,uniform,"[117, 117, 116]",0,0.0,0
372,56d7096b0d65d214001982fc,3,uniform,"[117, 117, 116]",0,0.5,1
373,56d7096b0d65d214001982fd,3,uniform,"[117, 117, 116]",0,0.0,1
374,56d7096b0d65d214001982fe,3,uniform,"[117, 117, 116]",0,0.0,1
375,56d9a199dc89441400fdb647,3,uniform,"[117, 117, 116]",1,1.0,1
376,56d9a199dc89441400fdb648,3,uniform,"[117, 117, 116]",0,0.0,0
377,56d9a199dc89441400fdb649,3,uniform,"[117, 117, 116]",0,0.0,1
378,56beb97c3aeaaa14008c92db,3,uniform,"[117, 117, 116]",1,1.0,1
379,56beb97c3aeaaa14008c92dc,3,uniform,"[117, 117, 116]",1,1.0,1
380,56beb97c3aeaaa14008c92dd,3,uniform,"[117, 117, 116]",1,1.0,1
381,56beb97c3aeaaa14008c92de,3,uniform,"[117, 117, 116]",1,1.0,1
382,56beb97c3aeaaa14008c92df,3,uniform,"[117, 117, 116]",0,0.0,1
383,56bf6c3e3aeaaa14008c9615,3,uniform,"[117, 117, 116]",1,1.0,1
384,56bf6c3e3aeaaa14008c9617,3,uniform,"[117, 117, 116]",0,0.0,1
385,56d709ef0d65d21400198306,3,uniform,"[117, 117, 116]",0,0.0,0
386,56d709ef0d65d21400198307,3,uniform,"[117, 117, 116]",1,1.0,1
387,56beba103aeaaa14008c92e5,3,uniform,"[117, 117, 116]",0,0.5714285714285715,1
388,56beba103aeaaa14008c92e6,3,uniform,"[117, 117, 116]",0,0.0,1
389,56beba103aeaaa14008c92e7,3,uniform,"[117, 117, 116]",0,0.0,1
390,56beba103aeaaa14008c92e8,3,uniform,"[117, 117, 116]",1,1.0,1
391,56beba103aeaaa14008c92e9,3,uniform,"[117, 117, 116]",1,1.0,1
392,56bf467d3aeaaa14008c95a5,3,uniform,"[117, 117, 116]",1,1.0,1
393,56bf467d3aeaaa14008c95a6,3,uniform,"[117, 117, 116]",1,1.0,1
394,56bf467d3aeaaa14008c95a7,3,uniform,"[117, 117, 116]",0,0.0,0
395,56d70adc0d65d21400198311,3,uniform,"[117, 117, 116]",1,1.0,1
396,56d70adc0d65d21400198312,3,uniform,"[117, 117, 116]",0,0.0,1
397,56d70adc0d65d21400198313,3,uniform,"[117, 117, 116]",0,0.09523809523809525,1
398,56d70adc0d65d21400198314,3,uniform,"[117, 117, 116]",0,0.0,1
399,56d9a419dc89441400fdb678,3,uniform,"[117, 117, 116]",1,1.0,1
400,56d9a419dc89441400fdb679,3,uniform,"[117, 117, 116]",0,0.0,1
401,56bebad93aeaaa14008c92f9,3,uniform,"[117, 117, 116]",1,1.0,1
402,56bebad93aeaaa14008c92fa,3,uniform,"[117, 117, 116]",1,1.0,1
403,56bebad93aeaaa14008c92fb,3,uniform,"[117, 117, 116]",0,0.0,1
404,56bebad93aeaaa14008c92fc,3,uniform,"[117, 117, 116]",0,0.6666666666666666,1
405,56bebad93aeaaa14008c92fd,3,uniform,"[117, 117, 116]",1,1.0,1
406,56bf48cc3aeaaa14008c95ab,3,uniform,"[117, 117, 116]",1,1.0,1
407,56bf48cc3aeaaa14008c95ac,3,uniform,"[117, 117, 116]",1,1.0,1
408,56bf48cc3aeaaa14008c95ae,3,uniform,"[117, 117, 116]",0,0.0,1
409,56bf48cc3aeaaa14008c95af,3,uniform,"[117, 117, 116]",1,1.0,1
410,56d70ccc0d65d2140019831d,3,uniform,"[117, 117, 116]",1,1.0,1
411,56d70ccc0d65d2140019831f,3,uniform,"[117, 117, 116]",0,0.0,1
412,56d9a637dc89441400fdb697,3,uniform,"[117, 117, 116]",1,1.0,1
413,56d9a637dc89441400fdb698,3,uniform,"[117, 117, 116]",1,1.0,1
414,56d9a637dc89441400fdb699,3,uniform,"[117, 117, 116]",0,0.0,1
415,56d9a637dc89441400fdb69a,3,uniform,"[117, 117, 116]",0,0.0,1
416,56bebb293aeaaa14008c9303,3,uniform,"[117, 117, 116]",0,0.0,1
417,56bebb293aeaaa14008c9304,3,uniform,"[117, 117, 116]",1,1.0,1
418,56bebb293aeaaa14008c9305,3,uniform,"[117, 117, 116]",1,1.0,1
419,56bebb293aeaaa14008c9306,3,uniform,"[117, 117, 116]",0,0.0,1
420,56bf49993aeaaa14008c95b5,3,uniform,"[117, 117, 116]",0,0.0,0
421,56bf49993aeaaa14008c95b6,3,uniform,"[117, 117, 116]",0,0.0,0
422,56bf49993aeaaa14008c95b7,3,uniform,"[117, 117, 116]",0,0.14285714285714288,0
423,56bf49993aeaaa14008c95b8,3,uniform,"[117, 117, 116]",0,0.14285714285714288,0
424,56d70d240d65d21400198326,3,uniform,"[117, 117, 116]",0,0.0,0
425,56d70d240d65d21400198327,3,uniform,"[117, 117, 116]",0,0.0,0
426,56d70d240d65d21400198328,3,uniform,"[117, 117, 116]",0,0.0,0
427,56d70d240d65d21400198329,3,uniform,"[117, 117, 116]",0,0.0,0
428,56d9a6b4dc89441400fdb6a0,3,uniform,"[117, 117, 116]",0,0.15384615384615385,0
429,56d9a6b4dc89441400fdb6a1,3,uniform,"[117, 117, 116]",1,1.0,1
430,56d9a6b4dc89441400fdb6a2,3,uniform,"[117, 117, 116]",0,0.0,0
431,56d9a6b4dc89441400fdb6a3,3,uniform,"[117, 117, 116]",0,0.0,0
432,56bebbbf3aeaaa14008c9315,3,uniform,"[117, 117, 116]",1,1.0,1
433,56bebbbf3aeaaa14008c9316,3,uniform,"[117, 117, 116]",0,0.6666666666666666,1
434,56bebbbf3aeaaa14008c9317,3,uniform,"[117, 117, 116]",1,1.0,1
435,56bebbbf3aeaaa14008c9318,3,uniform,"[117, 117, 116]",0,0.6666666666666666,1
436,56bebbbf3aeaaa14008c9319,3,uniform,"[117, 117, 116]",0,0.0,1
437,56bf4e1b3aeaaa14008c95bd,3,uniform,"[117, 117, 116]",1,1.0,1
438,56bf4e1b3aeaaa14008c95be,3,uniform,"[117, 117, 116]",0,0.6666666666666666,1
439,56bf4e1b3aeaaa14008c95c0,3,uniform,"[117, 117, 116]",0,0.0,1
440,56bf4e1b3aeaaa14008c95c1,3,uniform,"[117, 117, 116]",0,0.0,1
441,56d70daa0d65d21400198332,3,uniform,"[117, 117, 116]",1,1.0,1
442,56d70daa0d65d21400198333,3,uniform,"[117, 117, 116]",0,0.0,1
443,56d70daa0d65d21400198334,3,uniform,"[117, 117, 116]",0,0.5,1
444,56d70daa0d65d21400198335,3,uniform,"[117, 117, 116]",0,0.0,1
445,56d70daa0d65d21400198336,3,uniform,"[117, 117, 116]",0,0.0,1
446,56d9a7addc89441400fdb6a8,3,uniform,"[117, 117, 116]",1,1.0,1
447,56d9a7addc89441400fdb6ab,3,uniform,"[117, 117, 116]",0,0.0,1
448,56bebc383aeaaa14008c931f,3,uniform,"[117, 117, 116]",1,1.0,1
449,56bebc383aeaaa14008c9320,3,uniform,"[117, 117, 116]",1,1.0,1
450,56bebc383aeaaa14008c9321,3,uniform,"[117, 117, 116]",1,1.0,1
451,56bf52483aeaaa14008c95c7,3,uniform,"[117, 117, 116]",1,1.0,1
452,56bf52483aeaaa14008c95c8,3,uniform,"[117, 117, 116]",1,1.0,1
453,56d70e570d65d2140019833c,3,uniform,"[117, 117, 116]",0,0.6666666666666666,0
454,56d70e570d65d2140019833e,3,uniform,"[117, 117, 116]",1,1.0,1
455,56d70e570d65d2140019833f,3,uniform,"[117, 117, 116]",1,1.0,1
456,56d9b01fdc89441400fdb6d4,3,uniform,"[117, 117, 116]",1,1.0,0
457,56bebcbe3aeaaa14008c9325,3,uniform,"[117, 117, 116]",1,1.0,1
458,56bebcbe3aeaaa14008c9326,3,uniform,"[117, 117, 116]",1,1.0,1
459,56bebcbe3aeaaa14008c9327,3,uniform,"[117, 117, 116]",1,1.0,1
460,56bebcbe3aeaaa14008c9328,3,uniform,"[117, 117, 116]",1,1.0,1
461,56bebcbe3aeaaa14008c9329,3,uniform,"[117, 117, 116]",0,0.0,0
462,56bf53e73aeaaa14008c95cb,3,uniform,"[117, 117, 116]",1,1.0,1
463,56bf53e73aeaaa14008c95cc,3,uniform,"[117, 117, 116]",1,1.0,1
464,56bf53e73aeaaa14008c95cd,3,uniform,"[117, 117, 116]",1,1.0,1
465,56bf53e73aeaaa14008c95ce,3,uniform,"[117, 117, 116]",1,1.0,1
466,56d7145c0d65d2140019834c,3,uniform,"[117, 117, 116]",1,1.0,1
467,56d7145c0d65d2140019834d,3,uniform,"[117, 117, 116]",1,1.0,1
468,56d7145c0d65d2140019834f,3,uniform,"[117, 117, 116]",1,1.0,1
469,56d9b389dc89441400fdb6ec,3,uniform,"[117, 117, 116]",1,1.0,1
470,56d9b389dc89441400fdb6ed,3,uniform,"[117, 117, 116]",1,1.0,1
471,56d9b389dc89441400fdb6ee,3,uniform,"[117, 117, 116]",1,1.0,1
472,56d9b389dc89441400fdb6ef,3,uniform,"[117, 117, 116]",0,0.0,1
473,56d9b389dc89441400fdb6f0,3,uniform,"[117, 117, 116]",1,1.0,1
474,56bebd713aeaaa14008c932f,3,uniform,"[117, 117, 116]",1,1.0,1
475,56bebd713aeaaa14008c9330,3,uniform,"[117, 117, 116]",0,0.0,0
476,56bebd713aeaaa14008c9331,3,uniform,"[117, 117, 116]",1,1.0,1
477,56bf555e3aeaaa14008c95d3,3,uniform,"[117, 117, 116]",0,0.0,0
478,56bf555e3aeaaa14008c95d4,3,uniform,"[117, 117, 116]",0,0.5,0
479,56bf555e3aeaaa14008c95d5,3,uniform,"[117, 117, 116]",0,0.0,0
480,56d714cd0d65d21400198356,3,uniform,"[117, 117, 116]",0,0.5,1
481,56d714cd0d65d21400198358,3,uniform,"[117, 117, 116]",1,1.0,1
482,56d714cd0d65d21400198359,3,uniform,"[117, 117, 116]",1,1.0,1
483,56d9b43edc89441400fdb700,3,uniform,"[117, 117, 116]",0,0.0,0
484,56d9b43edc89441400fdb701,3,uniform,"[117, 117, 116]",1,1.0,1
485,56bebde53aeaaa14008c9335,3,uniform,"[117, 117, 116]",1,1.0,1
486,56bebde53aeaaa14008c9336,3,uniform,"[117, 117, 116]",0,0.6666666666666666,1
487,56bebde53aeaaa14008c9337,3,uniform,"[117, 117, 116]",1,1.0,1
488,56bebde53aeaaa14008c9338,3,uniform,"[117, 117, 116]",1,1.0,1
489,56bebde53aeaaa14008c9339,3,uniform,"[117, 117, 116]",1,1.0,1
490,56bf57043aeaaa14008c95d9,3,uniform,"[117, 117, 116]",1,1.0,1
491,56bf57043aeaaa14008c95da,3,uniform,"[117, 117, 116]",0,0.0,1
492,56bf57043aeaaa14008c95db,3,uniform,"[117, 117, 116]",1,1.0,1
493,56bf57043aeaaa14008c95dc,3,uniform,"[117, 117, 116]",0,0.0,1
494,56bf57043aeaaa14008c95dd,3,uniform,"[117, 117, 116]",1,1.0,1
495,56d71bd80d65d2140019835e,3,uniform,"[117, 117, 116]",0,0.6666666666666666,1
496,56d71bd80d65d21400198360,3,uniform,"[117, 117, 116]",1,1.0,1
497,56d71bd80d65d21400198361,3,uniform,"[117, 117, 116]",1,1.0,1
498,56d71bd80d65d21400198362,3,uniform,"[117, 117, 116]",1,1.0,1
499,56d9b4ebdc89441400fdb708,3,uniform,"[117, 117, 116]",0,0.6666666666666666,1
500,56d9b4ebdc89441400fdb709,3,uniform,"[117, 117, 116]",0,0.5714285714285715,0
501,56d9b4ebdc89441400fdb70a,3,uniform,"[117, 117, 116]",1,1.0,1
502,56d9b4ebdc89441400fdb70b,3,uniform,"[117, 117, 116]",1,1.0,1
503,56d9b4ebdc89441400fdb70c,3,uniform,"[117, 117, 116]",1,1.0,1
504,56bebe873aeaaa14008c933f,3,uniform,"[117, 117, 116]",0,0.0,1
505,56bebe873aeaaa14008c9340,3,uniform,"[117, 117, 116]",1,1.0,1
506,56bebe873aeaaa14008c9341,3,uniform,"[117, 117, 116]",0,0.0,1
507,56bebe873aeaaa14008c9342,3,uniform,"[117, 117, 116]",0,0.0,0
508,56bebe873aeaaa14008c9343,3,uniform,"[117, 117, 116]",0,0.0,0
509,56bf59523aeaaa14008c95e3,3,uniform,"[117, 117, 116]",1,1.0,1
510,56bf59523aeaaa14008c95e4,3,uniform,"[117, 117, 116]",0,0.0,0
511,56bf59523aeaaa14008c95e5,3,uniform,"[117, 117, 116]",0,0.0,0
512,56d71cb60d65d21400198368,3,uniform,"[117, 117, 116]",0,0.0,1
513,56d9b5ffdc89441400fdb720,3,uniform,"[117, 117, 116]",0,0.0,1
514,56d9b5ffdc89441400fdb721,3,uniform,"[117, 117, 116]",0,0.0,0
515,56bebec43aeaaa14008c9349,3,uniform,"[117, 117, 116]",1,1.0,1
516,56bebec43aeaaa14008c934a,3,uniform,"[117, 117, 116]",0,0.28571428571428575,1
517,56bf5abc3aeaaa14008c95e9,3,uniform,"[117, 117, 116]",0,0.0,0
518,56bf5abc3aeaaa14008c95ea,3,uniform,"[117, 117, 116]",0,0.28571428571428575,1
519,56d71d150d65d2140019836e,3,uniform,"[117, 117, 116]",0,0.888888888888889,1
520,56d71d150d65d2140019836f,3,uniform,"[117, 117, 116]",0,0.5555555555555556,1
521,56d71d150d65d21400198370,3,uniform,"[117, 117, 116]",0,0.28571428571428575,1
522,56d9b6a3dc89441400fdb72f,3,uniform,"[117, 117, 116]",1,1.0,1
523,56d9b6a3dc89441400fdb730,3,uniform,"[117, 117, 116]",0,0.28571428571428575,1
524,56bec0353aeaaa14008c934d,3,uniform,"[117, 117, 116]",0,0.8,1
525,56bec0353aeaaa14008c934e,3,uniform,"[117, 117, 116]",1,1.0,1
526,56bec0353aeaaa14008c934f,3,uniform,"[117, 117, 116]",0,0.0,1
527,56bec0353aeaaa14008c9350,3,uniform,"[117, 117, 116]",1,1.0,1
528,56bec0353aeaaa14008c9351,3,uniform,"[117, 117, 116]",1,1.0,1
529,56bf5b933aeaaa14008c95ed,3,uniform,"[117, 117, 116]",1,1.0,1
530,56bf5b933aeaaa14008c95ef,3,uniform,"[117, 117, 116]",1,1.0,1
531,56bf5b933aeaaa14008c95f1,3,uniform,"[117, 117, 116]",1,1.0,1
532,56d71d9d0d65d21400198374,3,uniform,"[117, 117, 116]",1,1.0,1
533,56d71d9d0d65d21400198377,3,uniform,"[117, 117, 116]",1,1.0,1
534,56bec0dd3aeaaa14008c9357,3,uniform,"[117, 117, 116]",0,0.0,0
535,56bec0dd3aeaaa14008c9358,3,uniform,"[117, 117, 116]",1,1.0,1
536,56bec0dd3aeaaa14008c9359,3,uniform,"[117, 117, 116]",1,1.0,1
537,56bec0dd3aeaaa14008c935a,3,uniform,"[117, 117, 116]",1,1.0,1
538,56bec0dd3aeaaa14008c935b,3,uniform,"[117, 117, 116]",0,0.0,1
539,56bf5e7b3aeaaa14008c95f7,3,uniform,"[117, 117, 116]",0,0.0,0
540,56bf5e7b3aeaaa14008c95f8,3,uniform,"[117, 117, 116]",0,0.0,1
541,56bf5e7b3aeaaa14008c95f9,3,uniform,"[117, 117, 116]",1,1.0,1
542,56bf5e7b3aeaaa14008c95fa,3,uniform,"[117, 117, 116]",0,0.0,1
543,56bf5e7b3aeaaa14008c95fb,3,uniform,"[117, 117, 116]",0,0.6666666666666666,1
544,56d71ed50d65d2140019837c,3,uniform,"[117, 117, 116]",1,1.0,1
545,56d71ed50d65d2140019837d,3,uniform,"[117, 117, 116]",1,1.0,1
546,56d9b7dcdc89441400fdb740,3,uniform,"[117, 117, 116]",1,1.0,0
547,56d9b7dcdc89441400fdb741,3,uniform,"[117, 117, 116]",0,0.22222222222222224,0
548,56d9b7dcdc89441400fdb742,3,uniform,"[117, 117, 116]",0,0.22222222222222224,0
549,56d9b7dcdc89441400fdb743,3,uniform,"[117, 117, 116]",0,0.0,1
550,56d9b7dcdc89441400fdb744,3,uniform,"[117, 117, 116]",0,0.0,0
551,56bec1823aeaaa14008c9361,3,uniform,"[117, 117, 116]",0,0.0,1
552,56bec1823aeaaa14008c9362,3,uniform,"[117, 117, 116]",0,0.0,1
553,56bec1823aeaaa14008c9363,3,uniform,"[117, 117, 116]",0,0.0,1
554,56bec1823aeaaa14008c9364,3,uniform,"[117, 117, 116]",1,1.0,1
555,56bec1823aeaaa14008c9365,3,uniform,"[117, 117, 116]",1,1.0,1
556,56bf6d343aeaaa14008c961b,3,uniform,"[117, 117, 116]",1,1.0,0
557,56d71fc00d65d21400198386,3,uniform,"[117, 117, 116]",1,1.0,1
558,56d71fc00d65d21400198389,3,uniform,"[117, 117, 116]",0,0.0,1
559,56d9ba95dc89441400fdb754,3,uniform,"[117, 117, 116]",0,0.0,0
560,56d9ba95dc89441400fdb757,3,uniform,"[117, 117, 116]",0,0.22222222222222224,1
561,56d9ba95dc89441400fdb758,3,uniform,"[117, 117, 116]",0,0.0,1
562,56bec2013aeaaa14008c9371,3,uniform,"[117, 117, 116]",1,1.0,1
563,56bec2013aeaaa14008c9372,3,uniform,"[117, 117, 116]",1,1.0,1
564,56bec2013aeaaa14008c9373,3,uniform,"[117, 117, 116]",1,1.0,1
565,56bec2013aeaaa14008c9374,3,uniform,"[117, 117, 116]",0,0.6666666666666666,1
566,56bec2013aeaaa14008c9375,3,uniform,"[117, 117, 116]",0,0.0,1
567,56bf6e7a3aeaaa14008c961f,3,uniform,"[117, 117, 116]",0,0.0,0
568,56bf6e7a3aeaaa14008c9620,3,uniform,"[117, 117, 116]",0,0.0,0
569,56bf6e7a3aeaaa14008c9621,3,uniform,"[117, 117, 116]",1,1.0,1
570,56bf6e7a3aeaaa14008c9622,3,uniform,"[117, 117, 116]",0,0.0,1
571,56d7205e0d65d21400198391,3,uniform,"[117, 117, 116]",0,0.6666666666666666,1
572,56d7205e0d65d21400198392,3,uniform,"[117, 117, 116]",1,1.0,1
573,56d9bc13dc89441400fdb75e,3,uniform,"[117, 117, 116]",1,1.0,1
574,56d9bc13dc89441400fdb75f,3,uniform,"[117, 117, 116]",0,0.0,0
575,56d9bc13dc89441400fdb760,3,uniform,"[117, 117, 116]",1,1.0,1
576,56bec2573aeaaa14008c937b,3,uniform,"[117, 117, 116]",0,0.6,1
577,56bec2573aeaaa14008c937c,3,uniform,"[117, 117, 116]",1,1.0,1
578,56bf6f743aeaaa14008c9631,3,uniform,"[117, 117, 116]",0,0.5,1
579,56bf6f743aeaaa14008c9632,3,uniform,"[117, 117, 116]",1,1.0,1
580,56d720c70d65d21400198396,3,uniform,"[117, 117, 116]",1,1.0,1
581,56d720c70d65d21400198397,3,uniform,"[117, 117, 116]",0,0.18181818181818182,1
582,56d720c70d65d21400198398,3,uniform,"[117, 117, 116]",0,0.8,1
583,56bec3153aeaaa14008c9389,3,uniform,"[117, 117, 116]",1,1.0,1
584,56bec3153aeaaa14008c938a,3,uniform,"[117, 117, 116]",1,1.0,1
585,56bec3153aeaaa14008c938b,3,uniform,"[117, 117, 116]",0,0.0,1
586,56bec3153aeaaa14008c938c,3,uniform,"[117, 117, 116]",0,0.0,1
587,56bf717d3aeaaa14008c9635,3,uniform,"[117, 117, 116]",0,0.0,0
588,56bf717d3aeaaa14008c9637,3,uniform,"[117, 117, 116]",0,0.0,1
589,56bf717d3aeaaa14008c9638,3,uniform,"[117, 117, 116]",0,0.0,1
590,56bf717d3aeaaa14008c9639,3,uniform,"[117, 117, 116]",0,0.0,1
591,56d721af0d65d2140019839e,3,uniform,"[117, 117, 116]",0,0.0,1
592,56d721af0d65d2140019839f,3,uniform,"[117, 117, 116]",0,0.0,1
593,56d721af0d65d214001983a0,3,uniform,"[117, 117, 116]",0,0.0,1
594,56d9bdc1dc89441400fdb768,3,uniform,"[117, 117, 116]",1,1.0,1
595,56d9bdc1dc89441400fdb769,3,uniform,"[117, 117, 116]",0,0.0,1
596,56d9bdc1dc89441400fdb76a,3,uniform,"[117, 117, 116]",0,0.6666666666666666,1
597,56bec38b3aeaaa14008c9397,3,uniform,"[117, 117, 116]",1,1.0,1
598,56bec38b3aeaaa14008c9398,3,uniform,"[117, 117, 116]",1,1.0,1
599,56bec38b3aeaaa14008c9399,3,uniform,"[117, 117, 116]",1,1.0,1
600,56bec38b3aeaaa14008c939a,3,uniform,"[117, 117, 116]",1,1.0,1
601,56bf71e73aeaaa14008c963f,3,uniform,"[117, 117, 116]",0,0.0,0
602,56bf71e73aeaaa14008c9640,3,uniform,"[117, 117, 116]",1,1.0,1
603,56d722330d65d214001983a6,3,uniform,"[117, 117, 116]",1,1.0,1
604,56d722330d65d214001983a7,3,uniform,"[117, 117, 116]",1,1.0,1
605,56d722330d65d214001983a8,3,uniform,"[117, 117, 116]",0,0.0,1
606,56d9be16dc89441400fdb770,3,uniform,"[117, 117, 116]",0,0.0,1
607,56d9be16dc89441400fdb771,3,uniform,"[117, 117, 116]",0,0.0,0
608,56bec4343aeaaa14008c93a9,3,uniform,"[117, 117, 116]",1,1.0,1
609,56bec4343aeaaa14008c93aa,3,uniform,"[117, 117, 116]",0,0.0,1
610,56bec4343aeaaa14008c93ab,3,uniform,"[117, 117, 116]",0,0.0,1
611,56bec4343aeaaa14008c93ac,3,uniform,"[117, 117, 116]",0,0.0,1
612,56d723560d65d214001983ac,3,uniform,"[117, 117, 116]",0,0.0,1
613,56d723560d65d214001983ad,3,uniform,"[117, 117, 116]",0,0.0,1
614,56d723560d65d214001983ae,3,uniform,"[117, 117, 116]",1,1.0,1
615,56d723560d65d214001983af,3,uniform,"[117, 117, 116]",0,0.0,1
616,56d9bf70dc89441400fdb77b,3,uniform,"[117, 117, 116]",0,0.6666666666666666,1
617,56d9bf70dc89441400fdb77c,3,uniform,"[117, 117, 116]",0,0.6666666666666666,1
618,56d9bf70dc89441400fdb77d,3,uniform,"[117, 117, 116]",1,1.0,1
619,56bec4a33aeaaa14008c93b1,3,uniform,"[117, 117, 116]",0,0.0,0
620,56bec4a33aeaaa14008c93b2,3,uniform,"[117, 117, 116]",1,1.0,1
621,56bec4a33aeaaa14008c93b3,3,uniform,"[117, 117, 116]",1,1.0,1
622,56bec4a33aeaaa14008c93b4,3,uniform,"[117, 117, 116]",1,1.0,1
623,56bec4a33aeaaa14008c93b5,3,uniform,"[117, 117, 116]",1,1.0,1
624,56bf738b3aeaaa14008c9655,3,uniform,"[117, 117, 116]",0,0.0,0
625,56bf738b3aeaaa14008c9656,3,uniform,"[117, 117, 116]",0,0.0,0
626,56d723ad0d65d214001983b4,3,uniform,"[117, 117, 116]",1,1.0,1
627,56d723ad0d65d214001983b5,3,uniform,"[117, 117, 116]",0,0.0,1
628,56d723ad0d65d214001983b8,3,uniform,"[117, 117, 116]",1,1.0,1
629,56d9c049dc89441400fdb78e,3,uniform,"[117, 117, 116]",0,0.0,1
630,56d9c049dc89441400fdb78f,3,uniform,"[117, 117, 116]",1,1.0,1
631,56d9c049dc89441400fdb790,3,uniform,"[117, 117, 116]",0,0.37037037037037035,1
632,56d9c049dc89441400fdb791,3,uniform,"[117, 117, 116]",1,1.0,1
633,56d9c049dc89441400fdb792,3,uniform,"[117, 117, 116]",0,0.0,1
634,56bec5233aeaaa14008c93cf,3,uniform,"[117, 117, 116]",1,1.0,1
635,56bec5233aeaaa14008c93d0,3,uniform,"[117, 117, 116]",1,1.0,1
636,56bec5233aeaaa14008c93d1,3,uniform,"[117, 117, 116]",1,1.0,1
637,56bec5233aeaaa14008c93d2,3,uniform,"[117, 117, 116]",0,0.4,1
638,56bec5233aeaaa14008c93d3,3,uniform,"[117, 117, 116]",1,1.0,1
639,56d724620d65d214001983be,3,uniform,"[117, 117, 116]",1,1.0,1
640,56d724620d65d214001983bf,3,uniform,"[117, 117, 116]",1,1.0,1
641,56d724620d65d214001983c0,3,uniform,"[117, 117, 116]",1,1.0,1
642,56d724620d65d214001983c1,3,uniform,"[117, 117, 116]",1,1.0,1
643,56d9c203dc89441400fdb7a0,3,uniform,"[117, 117, 116]",0,0.16666666666666666,0
644,56d9c203dc89441400fdb7a3,3,uniform,"[117, 117, 116]",0,0.0,0
645,56bec5ff3aeaaa14008c93e3,3,uniform,"[117, 117, 116]",0,0.6153846153846153,1
646,56bec5ff3aeaaa14008c93e4,3,uniform,"[117, 117, 116]",0,0.6153846153846153,1
647,56bec5ff3aeaaa14008c93e5,3,uniform,"[117, 117, 116]",0,0.0,1
648,56d724ea0d65d214001983c8,3,uniform,"[117, 117, 116]",0,0.0,0
649,56d724ea0d65d214001983c9,3,uniform,"[117, 117, 116]",1,1.0,1
650,56bec6573aeaaa14008c93e9,3,uniform,"[117, 117, 116]",0,0.0,1
651,56bec6573aeaaa14008c93ea,3,uniform,"[117, 117, 116]",0,0.0,1
652,56bec6573aeaaa14008c93eb,3,uniform,"[117, 117, 116]",0,0.0,1
653,56bec6573aeaaa14008c93ec,3,uniform,"[117, 117, 116]",0,0.0,1
654,56bec6573aeaaa14008c93ed,3,uniform,"[117, 117, 116]",1,1.0,1
655,56d7251d0d65d214001983cc,3,uniform,"[117, 117, 116]",0,0.0,1
656,56d7251d0d65d214001983cd,3,uniform,"[117, 117, 116]",1,1.0,1
657,56d7251d0d65d214001983cf,3,uniform,"[117, 117, 116]",0,0.0,1
658,56d9c3a6dc89441400fdb7b4,3,uniform,"[117, 117, 116]",0,0.0,1
659,56d9c3a6dc89441400fdb7b5,3,uniform,"[117, 117, 116]",0,0.0,1
660,56d9c3a6dc89441400fdb7b6,3,uniform,"[117, 117, 116]",0,0.0,1
661,56d9c3a6dc89441400fdb7b7,3,uniform,"[117, 117, 116]",0,0.0,1
662,56d9c3a6dc89441400fdb7b8,3,uniform,"[117, 117, 116]",0,0.0,1
663,56bec6ac3aeaaa14008c93fd,3,uniform,"[117, 117, 116]",0,0.0,1
664,56bec6ac3aeaaa14008c93fe,3,uniform,"[117, 117, 116]",1,1.0,1
665,56bec6ac3aeaaa14008c93ff,3,uniform,"[117, 117, 116]",1,1.0,1
666,56bec6ac3aeaaa14008c9400,3,uniform,"[117, 117, 116]",0,0.0,1
667,56bec6ac3aeaaa14008c9401,3,uniform,"[117, 117, 116]",0,0.8571428571428571,1
668,56d20650e7d4791d00902614,3,uniform,"[117, 117, 116]",1,1.0,1
669,56d20650e7d4791d00902615,3,uniform,"[117, 117, 116]",1,1.0,1
670,56d7253b0d65d214001983d4,3,uniform,"[117, 117, 116]",0,0.0,0
671,56d7253b0d65d214001983d5,3,uniform,"[117, 117, 116]",1,1.0,1
672,56d9c455dc89441400fdb7c4,3,uniform,"[117, 117, 116]",0,0.0,0
673,56d9c455dc89441400fdb7c5,3,uniform,"[117, 117, 116]",0,0.0,1
674,56d9c455dc89441400fdb7c6,3,uniform,"[117, 117, 116]",1,1.0,1
675,56bec7353aeaaa14008c940d,3,uniform,"[117, 117, 116]",1,1.0,1
676,56bec7353aeaaa14008c940e,3,uniform,"[117, 117, 116]",1,1.0,1
677,56bec7353aeaaa14008c940f,3,uniform,"[117, 117, 116]",0,0.6666666666666666,1
678,56bec7353aeaaa14008c9410,3,uniform,"[117, 117, 116]",1,1.0,1
679,56bec7353aeaaa14008c9411,3,uniform,"[117, 117, 116]",1,1.0,1
680,56d725790d65d214001983d8,3,uniform,"[117, 117, 116]",0,0.0,1
681,56d725790d65d214001983da,3,uniform,"[117, 117, 116]",1,1.0,1
682,56d725790d65d214001983db,3,uniform,"[117, 117, 116]",1,1.0,1
683,56d9c551dc89441400fdb7d0,3,uniform,"[117, 117, 116]",0,0.4,1
684,56d9c551dc89441400fdb7d1,3,uniform,"[117, 117, 116]",1,1.0,1
685,56d9c551dc89441400fdb7d2,3,uniform,"[117, 117, 116]",1,1.0,1
686,56d9c551dc89441400fdb7d3,3,uniform,"[117, 117, 116]",1,1.0,1
687,56bec7a63aeaaa14008c9417,3,uniform,"[117, 117, 116]",1,1.0,1
688,56bec7a63aeaaa14008c9418,3,uniform,"[117, 117, 116]",0,0.0,1
689,56bec7a63aeaaa14008c9419,3,uniform,"[117, 117, 116]",1,1.0,1
690,56bec7a63aeaaa14008c941a,3,uniform,"[117, 117, 116]",0,0.0,1
691,56bec7a63aeaaa14008c941b,3,uniform,"[117, 117, 116]",0,0.0,0
692,56d728a10d65d21400198413,3,uniform,"[117, 117, 116]",0,0.0,0
693,56d728a10d65d21400198414,3,uniform,"[117, 117, 116]",1,1.0,1
694,56d728a10d65d21400198415,3,uniform,"[117, 117, 116]",0,0.0,0
695,56d728a10d65d21400198416,3,uniform,"[117, 117, 116]",0,0.0,0
696,56d9c5e7dc89441400fdb7d8,3,uniform,"[117, 117, 116]",1,1.0,1
697,56d9c5e7dc89441400fdb7d9,3,uniform,"[117, 117, 116]",1,1.0,1
698,56d9c5e7dc89441400fdb7da,3,uniform,"[117, 117, 116]",1,1.0,1
699,56d9c5e7dc89441400fdb7db,3,uniform,"[117, 117, 116]",0,0.0,0
700,56d9c5e7dc89441400fdb7dc,3,uniform,"[117, 117, 116]",0,0.0,1
701,56bec8243aeaaa14008c942b,3,uniform,"[117, 117, 116]",1,1.0,1
702,56bec8243aeaaa14008c942c,3,uniform,"[117, 117, 116]",1,1.0,1
703,56bec8243aeaaa14008c942d,3,uniform,"[117, 117, 116]",1,1.0,1
704,56bec8243aeaaa14008c942e,3,uniform,"[117, 117, 116]",0,0.0,1
705,56bec8243aeaaa14008c942f,3,uniform,"[117, 117, 116]",0,0.6666666666666666,1
706,56d728e00d65d2140019841c,3,uniform,"[117, 117, 116]",0,0.0,1
707,56d728e00d65d2140019841d,3,uniform,"[117, 117, 116]",0,0.0,1
708,56d728e00d65d2140019841e,3,uniform,"[117, 117, 116]",1,1.0,1
709,56d728e00d65d2140019841f,3,uniform,"[117, 117, 116]",0,0.0,1
710,56d728e00d65d21400198420,3,uniform,"[117, 117, 116]",0,0.0,1
711,56d9c660dc89441400fdb7e7,3,uniform,"[117, 117, 116]",1,1.0,1
712,56d9c660dc89441400fdb7e8,3,uniform,"[117, 117, 116]",1,1.0,1
713,56d9c660dc89441400fdb7e9,3,uniform,"[117, 117, 116]",0,0.0,1
714,56d9c660dc89441400fdb7ea,3,uniform,"[117, 117, 116]",0,0.6666666666666666,1
715,56bec8a13aeaaa14008c9435,3,uniform,"[117, 117, 116]",1,1.0,1
716,56bec8a13aeaaa14008c9436,3,uniform,"[117, 117, 116]",0,0.0,0
717,56bec8a13aeaaa14008c9437,3,uniform,"[117, 117, 116]",1,1.0,1
718,56bec8a13aeaaa14008c9438,3,uniform,"[117, 117, 116]",0,0.0,1
719,56bec8a13aeaaa14008c9439,3,uniform,"[117, 117, 116]",0,0.0,1
720,56d729180d65d21400198426,3,uniform,"[117, 117, 116]",1,1.0,1
721,56d729180d65d21400198427,3,uniform,"[117, 117, 116]",1,1.0,1
722,56d729180d65d21400198428,3,uniform,"[117, 117, 116]",1,1.0,1
723,56d729180d65d21400198429,3,uniform,"[117, 117, 116]",0,0.0,1
724,56d729180d65d2140019842a,3,uniform,"[117, 117, 116]",0,0.0,1
725,56d9c6e0dc89441400fdb7f0,3,uniform,"[117, 117, 116]",1,1.0,1
726,56d9c6e0dc89441400fdb7f4,3,uniform,"[117, 117, 116]",0,0.0,1
727,56bec9133aeaaa14008c9445,3,uniform,"[117, 117, 116]",1,1.0,1
728,56bec9133aeaaa14008c9446,3,uniform,"[117, 117, 116]",1,1.0,1
729,56bec9133aeaaa14008c9447,3,uniform,"[117, 117, 116]",1,1.0,1
730,56bec9133aeaaa14008c9448,3,uniform,"[117, 117, 116]",0,0.0,1
731,56bec9133aeaaa14008c9449,3,uniform,"[117, 117, 116]",0,0.0,1
732,56d729ec0d65d21400198430,3,uniform,"[117, 117, 116]",1,1.0,1
733,56d729ec0d65d21400198431,3,uniform,"[117, 117, 116]",1,1.0,1
734,56d729ec0d65d21400198432,3,uniform,"[117, 117, 116]",0,0.0,1
735,56d729ec0d65d21400198434,3,uniform,"[117, 117, 116]",0,0.0,1
736,56d9c79edc89441400fdb804,3,uniform,"[117, 117, 116]",0,0.0,1
737,56d9c79edc89441400fdb805,3,uniform,"[117, 117, 116]",0,0.6666666666666666,1
738,56d9c79edc89441400fdb806,3,uniform,"[117, 117, 116]",1,1.0,1
739,56d9c79edc89441400fdb807,3,uniform,"[117, 117, 116]",0,0.0,0
740,56d9c79edc89441400fdb808,3,uniform,"[117, 117, 116]",0,0.0,1
741,56bec98e3aeaaa14008c9455,3,uniform,"[117, 117, 116]",1,1.0,1
742,56bec98e3aeaaa14008c9456,3,uniform,"[117, 117, 116]",1,1.0,1
743,56bec98e3aeaaa14008c9457,3,uniform,"[117, 117, 116]",1,1.0,1
744,56bec98e3aeaaa14008c9458,3,uniform,"[117, 117, 116]",0,0.0,1
745,56bec98e3aeaaa14008c9459,3,uniform,"[117, 117, 116]",0,0.0,1
746,56d7282f0d65d21400198408,3,uniform,"[117, 117, 116]",1,1.0,1
747,56d7282f0d65d21400198409,3,uniform,"[117, 117, 116]",1,1.0,1
748,56d7282f0d65d2140019840a,3,uniform,"[117, 117, 116]",0,0.0,1
749,56d7282f0d65d2140019840c,3,uniform,"[117, 117, 116]",0,0.0,0
750,56d9c92bdc89441400fdb80e,3,uniform,"[117, 117, 116]",0,0.0,0
751,56d9c92bdc89441400fdb80f,3,uniform,"[117, 117, 116]",0,0.6666666666666666,1
752,56d9c92bdc89441400fdb810,3,uniform,"[117, 117, 116]",1,1.0,1
753,56d9c92bdc89441400fdb811,3,uniform,"[117, 117, 116]",0,0.0,1
754,56bec9e83aeaaa14008c945f,3,uniform,"[117, 117, 116]",0,0.0,0
755,56bec9e83aeaaa14008c9460,3,uniform,"[117, 117, 116]",0,0.0,1
756,56bec9e83aeaaa14008c9461,3,uniform,"[117, 117, 116]",1,1.0,1
757,56bec9e83aeaaa14008c9462,3,uniform,"[117, 117, 116]",0,0.6666666666666666,0
758,56d7261e0d65d214001983e0,3,uniform,"[117, 117, 116]",0,0.6666666666666666,1
759,56d7261e0d65d214001983e1,3,uniform,"[117, 117, 116]",1,1.0,1
760,56d7261e0d65d214001983e2,3,uniform,"[117, 117, 116]",1,1.0,1
761,56d7261e0d65d214001983e4,3,uniform,"[117, 117, 116]",0,0.0,1
762,56d9ca0adc89441400fdb820,3,uniform,"[117, 117, 116]",1,1.0,1
763,56d9ca0adc89441400fdb821,3,uniform,"[117, 117, 116]",0,0.5,1
764,56d9ca0adc89441400fdb822,3,uniform,"[117, 117, 116]",1,1.0,1
765,56d9ca0adc89441400fdb823,3,uniform,"[117, 117, 116]",0,0.0,1
766,56beca913aeaaa14008c946d,3,uniform,"[117, 117, 116]",1,1.0,1
767,56beca913aeaaa14008c946e,3,uniform,"[117, 117, 116]",0,0.0,1
768,56beca913aeaaa14008c946f,3,uniform,"[117, 117, 116]",0,0.0,1
769,56beca913aeaaa14008c9470,3,uniform,"[117, 117, 116]",0,0.0,1
770,56beca913aeaaa14008c9471,3,uniform,"[117, 117, 116]",0,0.0,1
771,56d726b60d65d214001983ea,3,uniform,"[117, 117, 116]",0,0.6666666666666666,1
772,56d726b60d65d214001983eb,3,uniform,"[117, 117, 116]",0,0.0,1
773,56d726b60d65d214001983ec,3,uniform,"[117, 117, 116]",0,0.0,1
774,56d726b60d65d214001983ed,3,uniform,"[117, 117, 116]",0,0.0,1
775,56d726b60d65d214001983ee,3,uniform,"[117, 117, 116]",0,0.0,1
776,56d9cb47dc89441400fdb832,3,uniform,"[117, 117, 116]",0,0.0,1
777,56d9cb47dc89441400fdb833,3,uniform,"[117, 117, 116]",1,1.0,1
778,56d9cb47dc89441400fdb834,3,uniform,"[117, 117, 116]",0,0.0,0
779,56d9cb47dc89441400fdb835,3,uniform,"[117, 117, 116]",0,0.0,1
780,56d9cb47dc89441400fdb836,3,uniform,"[117, 117, 116]",0,0.0,1
781,56becaf93aeaaa14008c9481,3,uniform,"[117, 117, 116]",0,0.0,1
782,56becaf93aeaaa14008c9482,3,uniform,"[117, 117, 116]",0,0.0,1
783,56becaf93aeaaa14008c9483,3,uniform,"[117, 117, 116]",0,0.0,1
784,56becaf93aeaaa14008c9484,3,uniform,"[117, 117, 116]",1,1.0,0
785,56becaf93aeaaa14008c9485,3,uniform,"[117, 117, 116]",0,0.0,0
786,56d7270c0d65d214001983f4,3,uniform,"[117, 117, 116]",0,0.0,0
787,56d7270c0d65d214001983f5,3,uniform,"[117, 117, 116]",0,0.0,1
788,56d7270c0d65d214001983f6,3,uniform,"[117, 117, 116]",1,1.0,1
789,56d7270c0d65d214001983f7,3,uniform,"[117, 117, 116]",1,1.0,1
790,56d7270c0d65d214001983f8,3,uniform,"[117, 117, 116]",1,1.0,0
791,56d9ccacdc89441400fdb842,3,uniform,"[117, 117, 116]",0,0.0,0
792,56d9ccacdc89441400fdb843,3,uniform,"[117, 117, 116]",0,0.0,0
793,56d9ccacdc89441400fdb844,3,uniform,"[117, 117, 116]",0,0.0,0
794,56d9ccacdc89441400fdb845,3,uniform,"[117, 117, 116]",0,0.0,0
795,56d9ccacdc89441400fdb846,3,uniform,"[117, 117, 116]",0,0.0,1
796,56becb823aeaaa14008c948b,3,uniform,"[117, 117, 116]",0,0.0,1
797,56becb823aeaaa14008c948c,3,uniform,"[117, 117, 116]",0,0.0,1
798,56becb823aeaaa14008c948d,3,uniform,"[117, 117, 116]",1,1.0,1
799,56becb823aeaaa14008c948e,3,uniform,"[117, 117, 116]",0,0.6666666666666666,1
800,56becb823aeaaa14008c948f,3,uniform,"[117, 117, 116]",0,0.6666666666666666,1
801,56d7277c0d65d214001983fe,3,uniform,"[117, 117, 116]",0,0.5,1
802,56d7277c0d65d214001983ff,3,uniform,"[117, 117, 116]",1,1.0,1
803,56d7277c0d65d21400198401,3,uniform,"[117, 117, 116]",0,0.0,1
804,56d7277c0d65d21400198402,3,uniform,"[117, 117, 116]",1,1.0,1
805,56d9cd9adc89441400fdb84c,3,uniform,"[117, 117, 116]",0,0.0,1
806,56d9cd9adc89441400fdb84d,3,uniform,"[117, 117, 116]",1,1.0,1
807,56d9cd9adc89441400fdb84e,3,uniform,"[117, 117, 116]",1,1.0,1
808,56d9cd9adc89441400fdb84f,3,uniform,"[117, 117, 116]",0,0.0,1
809,56d9cd9adc89441400fdb850,3,uniform,"[117, 117, 116]",0,0.0,1
810,5733a5f54776f41900660f45,3,uniform,"[117, 117, 116]",1,1.0,1
811,5733a5f54776f41900660f48,3,uniform,"[117, 117, 116]",0,0.0,1
812,5733a5f54776f41900660f44,3,uniform,"[117, 117, 116]",1,1.0,1
813,5733a5f54776f41900660f46,3,uniform,"[117, 117, 116]",0,0.0,1
814,5733a5f54776f41900660f47,3,uniform,"[117, 117, 116]",1,1.0,1
815,57336755d058e614000b5a3d,3,uniform,"[117, 117, 116]",1,1.0,1
816,57336755d058e614000b5a3f,3,uniform,"[117, 117, 116]",0,0.0,1
817,57336755d058e614000b5a3c,3,uniform,"[117, 117, 116]",1,1.0,1
818,57336755d058e614000b5a3e,3,uniform,"[117, 117, 116]",1,1.0,1
819,57336755d058e614000b5a40,3,uniform,"[117, 117, 116]",0,0.0,1
820,57337ddc4776f41900660bbb,3,uniform,"[117, 117, 116]",0,0.7499999999999999,1
821,57337ddc4776f41900660bbc,3,uniform,"[117, 117, 116]",1,1.0,1
822,57337ddc4776f41900660bba,3,uniform,"[117, 117, 116]",1,1.0,1
823,57337ddc4776f41900660bbd,3,uniform,"[117, 117, 116]",0,0.0,1
824,57337ddc4776f41900660bbe,3,uniform,"[117, 117, 116]",0,0.0,1
825,57337ea24776f41900660bd0,3,uniform,"[117, 117, 116]",0,0.13333333333333333,1
826,57337ea24776f41900660bd3,3,uniform,"[117, 117, 116]",0,0.0,1
827,57337ea24776f41900660bd2,3,uniform,"[117, 117, 116]",1,1.0,1
828,57337ea24776f41900660bd1,3,uniform,"[117, 117, 116]",0,0.0,1
829,57337ea24776f41900660bd4,3,uniform,"[117, 117, 116]",0,0.0,1
830,57339555d058e614000b5df4,3,uniform,"[117, 117, 116]",1,1.0,1
831,57339555d058e614000b5df5,3,uniform,"[117, 117, 116]",1,1.0,1
832,57339555d058e614000b5df6,3,uniform,"[117, 117, 116]",1,1.0,1
833,57339555d058e614000b5df3,3,uniform,"[117, 117, 116]",1,1.0,1
834,57339555d058e614000b5df7,3,uniform,"[117, 117, 116]",0,0.4444444444444445,1
835,57339902d058e614000b5e70,3,uniform,"[117, 117, 116]",1,1.0,1
836,57339902d058e614000b5e71,3,uniform,"[117, 117, 116]",1,1.0,1
837,57339902d058e614000b5e72,3,uniform,"[117, 117, 116]",0,0.0,1
838,57339902d058e614000b5e73,3,uniform,"[117, 117, 116]",1,1.0,1
839,57339902d058e614000b5e74,3,uniform,"[117, 117, 116]",0,0.5714285714285715,1
840,573399b54776f41900660e64,3,uniform,"[117, 117, 116]",1,1.0,1
841,573399b54776f41900660e65,3,uniform,"[117, 117, 116]",0,0.5,1
842,573399b54776f41900660e66,3,uniform,"[117, 117, 116]",0,0.35294117647058826,1
843,573399b54776f41900660e67,3,uniform,"[117, 117, 116]",0,0.6666666666666666,1
844,57339a554776f41900660e74,3,uniform,"[117, 117, 116]",1,1.0,1
845,57339a554776f41900660e75,3,uniform,"[117, 117, 116]",1,1.0,1
846,57339a554776f41900660e76,3,uniform,"[117, 117, 116]",1,1.0,1
847,57339a554776f41900660e77,3,uniform,"[117, 117, 116]",0,0.6666666666666666,1
848,57339a554776f41900660e78,3,uniform,"[117, 117, 116]",0,0.0,1
849,57339ad74776f41900660e86,3,uniform,"[117, 117, 116]",1,1.0,1
850,57339ad74776f41900660e87,3,uniform,"[117, 117, 116]",0,0.0,0
851,57339ad74776f41900660e88,3,uniform,"[117, 117, 116]",1,1.0,1
852,57339ad74776f41900660e89,3,uniform,"[117, 117, 116]",0,0.0,1
853,57339ad74776f41900660e8a,3,uniform,"[117, 117, 116]",0,0.0,1
854,57339c16d058e614000b5ec5,3,uniform,"[117, 117, 116]",1,1.0,1
855,57339c16d058e614000b5ec6,3,uniform,"[117, 117, 116]",0,0.6666666666666666,1
856,57339c16d058e614000b5ec7,3,uniform,"[117, 117, 116]",0,0.8571428571428571,1
857,57339c16d058e614000b5ec8,3,uniform,"[117, 117, 116]",1,1.0,1
858,57339c16d058e614000b5ec9,3,uniform,"[117, 117, 116]",1,1.0,1
859,57339dd94776f41900660ecc,3,uniform,"[117, 117, 116]",1,1.0,1
860,57339dd94776f41900660ecd,3,uniform,"[117, 117, 116]",1,1.0,1
861,57339dd94776f41900660ece,3,uniform,"[117, 117, 116]",1,1.0,1
862,57339dd94776f41900660ecf,3,uniform,"[117, 117, 116]",1,1.0,1
863,57339dd94776f41900660ed0,3,uniform,"[117, 117, 116]",0,0.0,1
864,57339eb9d058e614000b5ef6,3,uniform,"[117, 117, 116]",1,1.0,1
865,57339eb9d058e614000b5ef7,3,uniform,"[117, 117, 116]",1,1.0,1
866,57339eb9d058e614000b5ef8,3,uniform,"[117, 117, 116]",1,1.0,1
867,57339eb9d058e614000b5ef9,3,uniform,"[117, 117, 116]",0,0.2222222222222222,1
868,57339eb9d058e614000b5efa,3,uniform,"[117, 117, 116]",0,0.28571428571428575,1
869,5733a1854776f41900660f0a,3,uniform,"[117, 117, 116]",0,0.6,1
870,5733a1854776f41900660f0b,3,uniform,"[117, 117, 116]",1,1.0,1
871,5733a1854776f41900660f0c,3,uniform,"[117, 117, 116]",0,0.8,1
872,5733a1854776f41900660f0d,3,uniform,"[117, 117, 116]",1,1.0,1
873,5733a1854776f41900660f0e,3,uniform,"[117, 117, 116]",1,1.0,1
874,5733a2a9d058e614000b5f28,3,uniform,"[117, 117, 116]",1,1.0,1
875,5733a2a9d058e614000b5f29,3,uniform,"[117, 117, 116]",1,1.0,1
876,5733a2a9d058e614000b5f2a,3,uniform,"[117, 117, 116]",1,1.0,1
877,5733a2a9d058e614000b5f2b,3,uniform,"[117, 117, 116]",1,1.0,1
878,5733a2a9d058e614000b5f2c,3,uniform,"[117, 117, 116]",1,1.0,1
879,5733a32bd058e614000b5f32,3,uniform,"[117, 117, 116]",1,1.0,1
880,5733a32bd058e614000b5f33,3,uniform,"[117, 117, 116]",1,1.0,1
881,5733a32bd058e614000b5f34,3,uniform,"[117, 117, 116]",1,1.0,1
882,5733a32bd058e614000b5f35,3,uniform,"[117, 117, 116]",1,1.0,1
883,5733a32bd058e614000b5f36,3,uniform,"[117, 117, 116]",0,0.8,1
884,5733a45d4776f41900660f23,3,uniform,"[117, 117, 116]",0,0.0,0
885,5733a45d4776f41900660f24,3,uniform,"[117, 117, 116]",1,1.0,1
886,5733a45d4776f41900660f25,3,uniform,"[117, 117, 116]",1,1.0,1
887,5733a45d4776f41900660f26,3,uniform,"[117, 117, 116]",1,1.0,1
888,5733a45d4776f41900660f27,3,uniform,"[117, 117, 116]",0,0.0,1
889,5733a560d058e614000b5f77,3,uniform,"[117, 117, 116]",1,1.0,1
890,5733a560d058e614000b5f78,3,uniform,"[117, 117, 116]",1,1.0,1
891,5733a560d058e614000b5f79,3,uniform,"[117, 117, 116]",1,1.0,1
892,5733a560d058e614000b5f7a,3,uniform,"[117, 117, 116]",0,0.0,1
893,5733a560d058e614000b5f7b,3,uniform,"[117, 117, 116]",0,0.0,1
894,5733a6ac4776f41900660f58,3,uniform,"[117, 117, 116]",1,1.0,1
895,5733a6ac4776f41900660f59,3,uniform,"[117, 117, 116]",1,1.0,1
896,5733a6ac4776f41900660f5a,3,uniform,"[117, 117, 116]",1,1.0,1
897,5733a6ac4776f41900660f5b,3,uniform,"[117, 117, 116]",0,0.6666666666666666,1
898,5733a6ac4776f41900660f5c,3,uniform,"[117, 117, 116]",0,0.0,1
899,573312fcd058e614000b56e6,3,uniform,"[117, 117, 116]",1,1.0,1
900,573312fcd058e614000b56e7,3,uniform,"[117, 117, 116]",1,1.0,1
901,573312fcd058e614000b56e8,3,uniform,"[117, 117, 116]",1,1.0,1
902,573312fcd058e614000b56e9,3,uniform,"[117, 117, 116]",0,0.05128205128205128,1
903,573312fcd058e614000b56ea,3,uniform,"[117, 117, 116]",0,0.0,1
904,5733140a4776f419006606e0,3,uniform,"[117, 117, 116]",1,1.0,1
905,5733140a4776f419006606e1,3,uniform,"[117, 117, 116]",1,1.0,1
906,5733140a4776f419006606e2,3,uniform,"[117, 117, 116]",0,0.0,1
907,5733140a4776f419006606e3,3,uniform,"[117, 117, 116]",1,1.0,1
908,5733140a4776f419006606e4,3,uniform,"[117, 117, 116]",0,0.1111111111111111,1
909,573314e3d058e614000b56f0,3,uniform,"[117, 117, 116]",1,1.0,1
910,573314e3d058e614000b56f1,3,uniform,"[117, 117, 116]",0,0.25,0
911,573314e3d058e614000b56f2,3,uniform,"[117, 117, 116]",1,1.0,1
912,573314e3d058e614000b56f3,3,uniform,"[117, 117, 116]",0,0.0,1
913,573314e3d058e614000b56f4,3,uniform,"[117, 117, 116]",0,0.0,1
914,57332442d058e614000b5720,3,uniform,"[117, 117, 116]",1,1.0,1
915,57332442d058e614000b5721,3,uniform,"[117, 117, 116]",1,1.0,1
916,57332442d058e614000b5722,3,uniform,"[117, 117, 116]",0,0.3783783783783784,1
917,57332442d058e614000b5723,3,uniform,"[117, 117, 116]",0,0.0,1
918,57332442d058e614000b5724,3,uniform,"[117, 117, 116]",0,0.0,1
919,57332562d058e614000b5730,3,uniform,"[117, 117, 116]",1,1.0,1
920,57332562d058e614000b5731,3,uniform,"[117, 117, 116]",1,1.0,1
921,57332562d058e614000b5732,3,uniform,"[117, 117, 116]",1,1.0,1
922,57332562d058e614000b5733,3,uniform,"[117, 117, 116]",0,0.0,1
923,57332562d058e614000b5734,3,uniform,"[117, 117, 116]",0,0.0,1
924,5733266d4776f41900660712,3,uniform,"[117, 117, 116]",1,1.0,1
925,5733266d4776f41900660713,3,uniform,"[117, 117, 116]",1,1.0,1
926,5733266d4776f41900660714,3,uniform,"[117, 117, 116]",1,1.0,1
927,5733266d4776f41900660715,3,uniform,"[117, 117, 116]",0,0.2380952380952381,1
928,5733266d4776f41900660716,3,uniform,"[117, 117, 116]",1,1.0,1
929,57332a734776f41900660726,3,uniform,"[117, 117, 116]",0,0.0,1
930,57332a734776f41900660727,3,uniform,"[117, 117, 116]",1,1.0,1
931,57332a734776f41900660728,3,uniform,"[117, 117, 116]",1,1.0,1
932,57332a734776f41900660729,3,uniform,"[117, 117, 116]",0,0.2857142857142857,1
933,57332a734776f4190066072a,3,uniform,"[117, 117, 116]",1,1.0,1
934,57332b66d058e614000b5758,3,uniform,"[117, 117, 116]",1,1.0,1
935,57332b66d058e614000b5759,3,uniform,"[117, 117, 116]",1,1.0,1
936,57332b66d058e614000b575a,3,uniform,"[117, 117, 116]",1,1.0,1
937,57332b66d058e614000b575b,3,uniform,"[117, 117, 116]",1,1.0,1
938,57332b66d058e614000b575c,3,uniform,"[117, 117, 116]",1,1.0,1
939,57332c1e4776f4190066073a,3,uniform,"[117, 117, 116]",0,0.0,0
940,57332c1e4776f4190066073b,3,uniform,"[117, 117, 116]",0,0.0,1
941,57332c1e4776f4190066073c,3,uniform,"[117, 117, 116]",0,0.6666666666666666,1
942,57332c1e4776f4190066073d,3,uniform,"[117, 117, 116]",0,0.0,1
943,57332c1e4776f4190066073e,3,uniform,"[117, 117, 116]",0,0.0,1
944,57332e48d058e614000b5762,3,uniform,"[117, 117, 116]",1,1.0,1
945,57332e48d058e614000b5763,3,uniform,"[117, 117, 116]",1,1.0,1
946,57332e48d058e614000b5764,3,uniform,"[117, 117, 116]",0,0.0,0
947,57332e48d058e614000b5765,3,uniform,"[117, 117, 116]",0,0.0,1
948,57332e48d058e614000b5766,3,uniform,"[117, 117, 116]",0,0.0,1
949,57332f81d058e614000b5776,3,uniform,"[117, 117, 116]",0,0.8571428571428571,1
950,57332f81d058e614000b5777,3,uniform,"[117, 117, 116]",0,0.5,1
951,57332f81d058e614000b5778,3,uniform,"[117, 117, 116]",1,1.0,1
952,57332f81d058e614000b5779,3,uniform,"[117, 117, 116]",1,1.0,1
953,57332f81d058e614000b577a,3,uniform,"[117, 117, 116]",0,0.5714285714285715,1
954,573330444776f41900660758,3,uniform,"[117, 117, 116]",1,1.0,1
955,573330444776f41900660759,3,uniform,"[117, 117, 116]",1,1.0,1
956,573330444776f4190066075a,3,uniform,"[117, 117, 116]",1,1.0,1
957,573330444776f4190066075b,3,uniform,"[117, 117, 116]",1,1.0,1
958,573330444776f4190066075c,3,uniform,"[117, 117, 116]",0,0.8571428571428571,1
959,5733314e4776f4190066076a,3,uniform,"[117, 117, 116]",1,1.0,1
960,5733314e4776f4190066076b,3,uniform,"[117, 117, 116]",1,1.0,1
961,5733314e4776f4190066076c,3,uniform,"[117, 117, 116]",1,1.0,0
962,5733314e4776f4190066076d,3,uniform,"[117, 117, 116]",1,1.0,1
963,5733314e4776f4190066076e,3,uniform,"[117, 117, 116]",0,0.20000000000000004,1
964,57335c20d058e614000b58f9,3,uniform,"[117, 117, 116]",1,1.0,1
965,57335c20d058e614000b58fa,3,uniform,"[117, 117, 116]",0,0.0,1
966,57335c20d058e614000b58fc,3,uniform,"[117, 117, 116]",0,0.5,1
967,57335c20d058e614000b58fb,3,uniform,"[117, 117, 116]",1,1.0,1
968,57335c20d058e614000b58fd,3,uniform,"[117, 117, 116]",0,0.0,1
969,57335ddbd058e614000b592f,3,uniform,"[117, 117, 116]",0,0.5,1
970,57335ddbd058e614000b5930,3,uniform,"[117, 117, 116]",0,0.5,1
971,57335ddbd058e614000b5931,3,uniform,"[117, 117, 116]",0,0.5,1
972,57335ddbd058e614000b5932,3,uniform,"[117, 117, 116]",0,0.0,1
973,57335ddbd058e614000b5933,3,uniform,"[117, 117, 116]",0,0.0,1
974,57335fcad058e614000b5970,3,uniform,"[117, 117, 116]",1,1.0,1
975,57335fcad058e614000b5971,3,uniform,"[117, 117, 116]",1,1.0,1
976,57335fcad058e614000b5972,3,uniform,"[117, 117, 116]",0,0.0,0
977,57335fcad058e614000b5973,3,uniform,"[117, 117, 116]",0,0.0,1
978,57335fcad058e614000b5974,3,uniform,"[117, 117, 116]",0,0.0,1
979,573361404776f4190066093c,3,uniform,"[117, 117, 116]",1,1.0,1
980,573361404776f4190066093d,3,uniform,"[117, 117, 116]",1,1.0,1
981,573361404776f4190066093e,3,uniform,"[117, 117, 116]",0,0.8,1
982,573361404776f4190066093f,3,uniform,"[117, 117, 116]",0,0.0,1
983,573361404776f41900660940,3,uniform,"[117, 117, 116]",0,0.3333333333333333,1
984,573362b94776f41900660974,3,uniform,"[117, 117, 116]",1,1.0,1
985,573362b94776f41900660975,3,uniform,"[117, 117, 116]",1,1.0,1
986,573362b94776f41900660976,3,uniform,"[117, 117, 116]",0,0.6666666666666666,1
987,573362b94776f41900660977,3,uniform,"[117, 117, 116]",0,0.08695652173913042,1
988,573362b94776f41900660978,3,uniform,"[117, 117, 116]",0,0.0,1
989,5733638fd058e614000b59e8,3,uniform,"[117, 117, 116]",1,1.0,1
990,5733638fd058e614000b59e9,3,uniform,"[117, 117, 116]",0,0.0,0
991,5733638fd058e614000b59ea,3,uniform,"[117, 117, 116]",0,0.8,1
992,5733638fd058e614000b59eb,3,uniform,"[117, 117, 116]",1,1.0,1
993,5733638fd058e614000b59ec,3,uniform,"[117, 117, 116]",0,0.0,1
994,5733647e4776f419006609ae,3,uniform,"[117, 117, 116]",0,0.0,1
995,5733647e4776f419006609af,3,uniform,"[117, 117, 116]",1,1.0,1
996,5733647e4776f419006609b0,3,uniform,"[117, 117, 116]",1,1.0,1
997,5733647e4776f419006609b1,3,uniform,"[117, 117, 116]",0,0.13333333333333333,1
998,5733647e4776f419006609b2,3,uniform,"[117, 117, 116]",0,0.0,1
999,573368044776f41900660a29,3,uniform,"[117, 117, 116]",1,1.0,1
0,56be4db0acb8001400a502ec,3,weighted,"[150, 110, 90]",1,1.0,1
1,56be4db0acb8001400a502ed,3,weighted,"[150, 110, 90]",0,0.0,1
2,56be4db0acb8001400a502ee,3,weighted,"[150, 110, 90]",0,0.0,0
3,56be4db0acb8001400a502ef,3,weighted,"[150, 110, 90]",1,1.0,1
4,56be4db0acb8001400a502f0,3,weighted,"[150, 110, 90]",0,0.0,1
5,56be8e613aeaaa14008c90d1,3,weighted,"[150, 110, 90]",0,0.0,1
6,56be8e613aeaaa14008c90d2,3,weighted,"[150, 110, 90]",1,1.0,1
7,56be8e613aeaaa14008c90d3,3,weighted,"[150, 110, 90]",0,0.0,1
8,56bea9923aeaaa14008c91b9,3,weighted,"[150, 110, 90]",0,0.0,1
9,56bea9923aeaaa14008c91ba,3,weighted,"[150, 110, 90]",0,0.0,0
10,56bea9923aeaaa14008c91bb,3,weighted,"[150, 110, 90]",1,1.0,1
11,56beace93aeaaa14008c91df,3,weighted,"[150, 110, 90]",0,0.6666666666666666,0
12,56beace93aeaaa14008c91e0,3,weighted,"[150, 110, 90]",0,0.5,0
13,56beace93aeaaa14008c91e1,3,weighted,"[150, 110, 90]",0,0.0,0
14,56beace93aeaaa14008c91e2,3,weighted,"[150, 110, 90]",1,1.0,1
15,56beace93aeaaa14008c91e3,3,weighted,"[150, 110, 90]",1,1.0,1
16,56bf10f43aeaaa14008c94fd,3,weighted,"[150, 110, 90]",1,1.0,1
17,56bf10f43aeaaa14008c94fe,3,weighted,"[150, 110, 90]",0,0.0,0
18,56bf10f43aeaaa14008c94ff,3,weighted,"[150, 110, 90]",1,1.0,1
19,56bf10f43aeaaa14008c9500,3,weighted,"[150, 110, 90]",1,1.0,1
20,56bf10f43aeaaa14008c9501,3,weighted,"[150, 110, 90]",0,0.5,0
21,56d20362e7d4791d009025e8,3,weighted,"[150, 110, 90]",1,1.0,1
22,56d20362e7d4791d009025e9,3,weighted,"[150, 110, 90]",0,0.0,1
23,56d20362e7d4791d009025ea,3,weighted,"[150, 110, 90]",0,0.0,1
24,56d20362e7d4791d009025eb,3,weighted,"[150, 110, 90]",0,0.6666666666666666,0
25,56d600e31c85041400946eae,3,weighted,"[150, 110, 90]",1,1.0,1
26,56d600e31c85041400946eb0,3,weighted,"[150, 110, 90]",0,0.6666666666666666,0
27,56d600e31c85041400946eb1,3,weighted,"[150, 110, 90]",0,0.0,0
28,56d9895ddc89441400fdb50e,3,weighted,"[150, 110, 90]",0,0.0,0
29,56d9895ddc89441400fdb510,3,weighted,"[150, 110, 90]",0,0.0,1
30,56be4e1facb8001400a502f6,3,weighted,"[150, 110, 90]",1,1.0,1
31,56be4e1facb8001400a502f9,3,weighted,"[150, 110, 90]",1,1.0,1
32,56be4e1facb8001400a502fa,3,weighted,"[150, 110, 90]",1,1.0,1
33,56beaa4a3aeaaa14008c91c2,3,weighted,"[150, 110, 90]",0,0.0,0
34,56beaa4a3aeaaa14008c91c3,3,weighted,"[150, 110, 90]",0,0.0,0
35,56bead5a3aeaaa14008c91e9,3,weighted,"[150, 110, 90]",1,1.0,1
36,56bead5a3aeaaa14008c91ea,3,weighted,"[150, 110, 90]",1,1.0,1
37,56bead5a3aeaaa14008c91eb,3,weighted,"[150, 110, 90]",0,0.0,0
38,56bead5a3aeaaa14008c91ec,3,weighted,"[150, 110, 90]",0,0.0,1
39,56bead5a3aeaaa14008c91ed,3,weighted,"[150, 110, 90]",1,1.0,1
40,56bf159b3aeaaa14008c9507,3,weighted,"[150, 110, 90]",1,1.0,0
41,56bf159b3aeaaa14008c9508,3,weighted,"[150, 110, 90]",0,0.0,0
42,56bf159b3aeaaa14008c9509,3,weighted,"[150, 110, 90]",0,0.0,0
43,56bf159b3aeaaa14008c950a,3,weighted,"[150, 110, 90]",1,1.0,1
44,56bf159b3aeaaa14008c950b,3,weighted,"[150, 110, 90]",0,0.0,1
45,56d2045de7d4791d009025f3,3,weighted,"[150, 110, 90]",1,1.0,0
46,56d2045de7d4791d009025f4,3,weighted,"[150, 110, 90]",1,1.0,1
47,56d2045de7d4791d009025f5,3,weighted,"[150, 110, 90]",0,0.0,0
48,56d2045de7d4791d009025f6,3,weighted,"[150, 110, 90]",1,1.0,1
49,56d6017d1c85041400946ebe,3,weighted,"[150, 110, 90]",1,1.0,1
50,56d6017d1c85041400946ec1,3,weighted,"[150, 110, 90]",0,0.0,1
51,56d6017d1c85041400946ec2,3,weighted,"[150, 110, 90]",1,1.0,1
52,56d98a59dc89441400fdb52a,3,weighted,"[150, 110, 90]",1,1.0,1
53,56d98a59dc89441400fdb52b,3,weighted,"[150, 110, 90]",0,0.0,1
54,56d98a59dc89441400fdb52e,3,weighted,"[150, 110, 90]",0,0.0,0
55,56be4eafacb8001400a50302,3,weighted,"[150, 110, 90]",1,1.0,1
56,56be4eafacb8001400a50303,3,weighted,"[150, 110, 90]",0,0.0,1
57,56be4eafacb8001400a50304,3,weighted,"[150, 110, 90]",0,0.0,0
58,56beab833aeaaa14008c91d2,3,weighted,"[150, 110, 90]",1,1.0,1
59,56beab833aeaaa14008c91d3,3,weighted,"[150, 110, 90]",0,0.0,1
60,56beab833aeaaa14008c91d4,3,weighted,"[150, 110, 90]",1,1.0,1
61,56beae423aeaaa14008c91f4,3,weighted,"[150, 110, 90]",1,1.0,1
62,56beae423aeaaa14008c91f5,3,weighted,"[150, 110, 90]",0,0.6666666666666666,1
63,56beae423aeaaa14008c91f6,3,weighted,"[150, 110, 90]",0,0.0,1
64,56beae423aeaaa14008c91f7,3,weighted,"[150, 110, 90]",0,0.0,1
65,56bf17653aeaaa14008c9511,3,weighted,"[150, 110, 90]",1,1.0,1
66,56bf17653aeaaa14008c9513,3,weighted,"[150, 110, 90]",1,1.0,1
67,56bf17653aeaaa14008c9514,3,weighted,"[150, 110, 90]",1,1.0,1
68,56bf17653aeaaa14008c9515,3,weighted,"[150, 110, 90]",1,1.0,1
69,56d204ade7d4791d00902603,3,weighted,"[150, 110, 90]",1,1.0,1
70,56d204ade7d4791d00902604,3,weighted,"[150, 110, 90]",1,1.0,1
71,56d601e41c85041400946ece,3,weighted,"[150, 110, 90]",1,1.0,1
72,56d601e41c85041400946ecf,3,weighted,"[150, 110, 90]",0,0.0,1
73,56d601e41c85041400946ed0,3,weighted,"[150, 110, 90]",1,1.0,1
74,56d601e41c85041400946ed1,3,weighted,"[150, 110, 90]",0,0.0,0
75,56d601e41c85041400946ed2,3,weighted,"[150, 110, 90]",1,1.0,1
76,56d98b33dc89441400fdb53b,3,weighted,"[150, 110, 90]",0,0.0,0
77,56d98b33dc89441400fdb53c,3,weighted,"[150, 110, 90]",0,0.0,1
78,56d98b33dc89441400fdb53d,3,weighted,"[150, 110, 90]",1,1.0,1
79,56d98b33dc89441400fdb53e,3,weighted,"[150, 110, 90]",0,0.0,1
80,56be5333acb8001400a5030a,3,weighted,"[150, 110, 90]",1,1.0,1
81,56be5333acb8001400a5030b,3,weighted,"[150, 110, 90]",1,1.0,1
82,56be5333acb8001400a5030c,3,weighted,"[150, 110, 90]",1,1.0,1
83,56be5333acb8001400a5030d,3,weighted,"[150, 110, 90]",1,1.0,1
84,56be5333acb8001400a5030e,3,weighted,"[150, 110, 90]",0,0.6666666666666666,1
85,56beaf5e3aeaaa14008c91fd,3,weighted,"[150, 110, 90]",1,1.0,1
86,56beaf5e3aeaaa14008c91fe,3,weighted,"[150, 110, 90]",1,1.0,1
87,56beaf5e3aeaaa14008c91ff,3,weighted,"[150, 110, 90]",1,1.0,1
88,56beaf5e3aeaaa14008c9200,3,weighted,"[150, 110, 90]",0,0.0,1
89,56beaf5e3aeaaa14008c9201,3,weighted,"[150, 110, 90]",0,0.0,1
90,56bf1ae93aeaaa14008c951b,3,weighted,"[150, 110, 90]",0,0.0,0
91,56bf1ae93aeaaa14008c951c,3,weighted,"[150, 110, 90]",1,1.0,1
92,56bf1ae93aeaaa14008c951e,3,weighted,"[150, 110, 90]",0,0.0,1
93,56bf1ae93aeaaa14008c951f,3,weighted,"[150, 110, 90]",0,0.0,1
94,56d2051ce7d4791d00902608,3,weighted,"[150, 110, 90]",0,0.0,0
95,56d2051ce7d4791d00902609,3,weighted,"[150, 110, 90]",0,0.0,0
96,56d2051ce7d4791d0090260a,3,weighted,"[150, 110, 90]",1,1.0,1
97,56d2051ce7d4791d0090260b,3,weighted,"[150, 110, 90]",1,1.0,1
98,56d602631c85041400946ed8,3,weighted,"[150, 110, 90]",1,1.0,1
99,56d602631c85041400946eda,3,weighted,"[150, 110, 90]",0,0.4,1
100,56d602631c85041400946edb,3,weighted,"[150, 110, 90]",1,1.0,1
101,56d602631c85041400946edc,3,weighted,"[150, 110, 90]",0,0.6666666666666666,1
102,56d98c53dc89441400fdb544,3,weighted,"[150, 110, 90]",0,0.5,0
103,56d98c53dc89441400fdb545,3,weighted,"[150, 110, 90]",0,0.0,1
104,56d98c53dc89441400fdb546,3,weighted,"[150, 110, 90]",1,1.0,1
105,56d98c53dc89441400fdb548,3,weighted,"[150, 110, 90]",0,0.0,1
106,56be53b8acb8001400a50314,3,weighted,"[150, 110, 90]",1,1.0,1
107,56be53b8acb8001400a50315,3,weighted,"[150, 110, 90]",0,0.6666666666666666,1
108,56be53b8acb8001400a50316,3,weighted,"[150, 110, 90]",1,1.0,1
109,56beafca3aeaaa14008c9207,3,weighted,"[150, 110, 90]",0,0.0,0
110,56beafca3aeaaa14008c9208,3,weighted,"[150, 110, 90]",0,0.0,0
111,56bf42f53aeaaa14008c95a3,3,weighted,"[150, 110, 90]",1,1.0,1
112,56d2053ae7d4791d00902610,3,weighted,"[150, 110, 90]",1,1.0,1
113,56d6edd00d65d21400198250,3,weighted,"[150, 110, 90]",1,1.0,1
114,56d6edd00d65d21400198251,3,weighted,"[150, 110, 90]",1,1.0,1
115,56d98d0adc89441400fdb54e,3,weighted,"[150, 110, 90]",1,1.0,1
116,56d98d0adc89441400fdb54f,3,weighted,"[150, 110, 90]",1,1.0,1
117,56be5438acb8001400a5031a,3,weighted,"[150, 110, 90]",0,0.0,0
118,56be5438acb8001400a5031b,3,weighted,"[150, 110, 90]",0,0.4,0
119,56be5438acb8001400a5031c,3,weighted,"[150, 110, 90]",1,1.0,0
120,56beb03c3aeaaa14008c920b,3,weighted,"[150, 110, 90]",0,0.0,0
121,56beb03c3aeaaa14008c920d,3,weighted,"[150, 110, 90]",0,0.23529411764705882,1
122,56bf3c633aeaaa14008c9580,3,weighted,"[150, 110, 90]",1,1.0,0
123,56bf3c633aeaaa14008c9581,3,weighted,"[150, 110, 90]",0,0.0,0
124,56bf3c633aeaaa14008c9582,3,weighted,"[150, 110, 90]",0,0.4,0
125,56d20564e7d4791d00902612,3,weighted,"[150, 110, 90]",0,0.1,0
126,56d6ee6e0d65d21400198254,3,weighted,"[150, 110, 90]",0,0.0,0
127,56d6ee6e0d65d21400198255,3,weighted,"[150, 110, 90]",1,1.0,1
128,56d6ee6e0d65d21400198256,3,weighted,"[150, 110, 90]",0,0.4,1
129,56d6ee6e0d65d21400198257,3,weighted,"[150, 110, 90]",0,0.0,0
130,56d6ee6e0d65d21400198258,3,weighted,"[150, 110, 90]",1,1.0,1
131,56d98db6dc89441400fdb552,3,weighted,"[150, 110, 90]",0,0.4,0
132,56d98db6dc89441400fdb553,3,weighted,"[150, 110, 90]",0,0.0,0
133,56d98db6dc89441400fdb554,3,weighted,"[150, 110, 90]",1,1.0,0
134,56be54bdacb8001400a50322,3,weighted,"[150, 110, 90]",1,1.0,1
135,56be54bdacb8001400a50323,3,weighted,"[150, 110, 90]",1,1.0,1
136,56be54bdacb8001400a50324,3,weighted,"[150, 110, 90]",1,1.0,1
137,56be54bdacb8001400a50325,3,weighted,"[150, 110, 90]",1,1.0,1
138,56be54bdacb8001400a50326,3,weighted,"[150, 110, 90]",1,1.0,1
139,56beb0f43aeaaa14008c921b,3,weighted,"[150, 110, 90]",1,1.0,1
140,56beb0f43aeaaa14008c921c,3,weighted,"[150, 110, 90]",1,1.0,1
141,56beb0f43aeaaa14008c921d,3,weighted,"[150, 110, 90]",0,0.4,1
142,56beb0f43aeaaa14008c921e,3,weighted,"[150, 110, 90]",1,1.0,1
143,56beb0f43aeaaa14008c921f,3,weighted,"[150, 110, 90]",1,1.0,1
144,56bf21b43aeaaa14008c9525,3,weighted,"[150, 110, 90]",1,1.0,1
145,56bf21b43aeaaa14008c9526,3,weighted,"[150, 110, 90]",1,1.0,1
146,56bf21b43aeaaa14008c9528,3,weighted,"[150, 110, 90]",0,0.0,1
147,56bf21b43aeaaa14008c9529,3,weighted,"[150, 110, 90]",0,0.0,1
148,56d6ef6a0d65d21400198260,3,weighted,"[150, 110, 90]",0,0.0,0
149,56d6ef6a0d65d21400198262,3,weighted,"[150, 110, 90]",0,0.0,1
150,56d98f0ddc89441400fdb558,3,weighted,"[150, 110, 90]",1,1.0,1
151,56d98f0ddc89441400fdb559,3,weighted,"[150, 110, 90]",1,1.0,1
152,56d98f0ddc89441400fdb55a,3,weighted,"[150, 110, 90]",0,0.0,1
153,56d98f0ddc89441400fdb55b,3,weighted,"[150, 110, 90]",1,1.0,1
154,56d98f0ddc89441400fdb55c,3,weighted,"[150, 110, 90]",1,1.0,1
155,56be5523acb8001400a5032c,3,weighted,"[150, 110, 90]",1,1.0,1
156,56be5523acb8001400a5032d,3,weighted,"[150, 110, 90]",0,0.0,0
157,56be5523acb8001400a5032e,3,weighted,"[150, 110, 90]",0,0.0,0
158,56be5523acb8001400a5032f,3,weighted,"[150, 110, 90]",1,1.0,1
159,56be5523acb8001400a50330,3,weighted,"[150, 110, 90]",0,0.3333333333333333,0
160,56beb2153aeaaa14008c9225,3,weighted,"[150, 110, 90]",1,1.0,1
161,56beb2153aeaaa14008c9226,3,weighted,"[150, 110, 90]",0,0.0,1
162,56beb2153aeaaa14008c9227,3,weighted,"[150, 110, 90]",1,1.0,1
163,56beb2153aeaaa14008c9228,3,weighted,"[150, 110, 90]",0,0.6666666666666666,0
164,56beb2153aeaaa14008c9229,3,weighted,"[150, 110, 90]",1,1.0,1
165,56bf23363aeaaa14008c952f,3,weighted,"[150, 110, 90]",0,0.0,1
166,56bf23363aeaaa14008c9530,3,weighted,"[150, 110, 90]",1,1.0,1
167,56bf23363aeaaa14008c9531,3,weighted,"[150, 110, 90]",1,1.0,1
168,56bf23363aeaaa14008c9532,3,weighted,"[150, 110, 90]",1,1.0,1
169,56bf23363aeaaa14008c9533,3,weighted,"[150, 110, 90]",1,1.0,1
170,56d6f0770d65d21400198268,3,weighted,"[150, 110, 90]",1,1.0,1
171,56d6f0770d65d21400198269,3,weighted,"[150, 110, 90]",1,1.0,1
172,56d6f0770d65d2140019826a,3,weighted,"[150, 110, 90]",1,1.0,1
173,56d6f0770d65d2140019826c,3,weighted,"[150, 110, 90]",1,1.0,1
174,56d98fbfdc89441400fdb562,3,weighted,"[150, 110, 90]",0,0.0,1
175,56d98fbfdc89441400fdb563,3,weighted,"[150, 110, 90]",1,1.0,1
176,56d98fbfdc89441400fdb564,3,weighted,"[150, 110, 90]",1,1.0,1
177,56d98fbfdc89441400fdb565,3,weighted,"[150, 110, 90]",0,0.0,0
178,56be572b3aeaaa14008c9052,3,weighted,"[150, 110, 90]",1,1.0,1
179,56beb2a03aeaaa14008c922f,3,weighted,"[150, 110, 90]",0,0.0,1
180,56beb2a03aeaaa14008c9230,3,weighted,"[150, 110, 90]",0,0.0,1
181,56beb2a03aeaaa14008c9231,3,weighted,"[150, 110, 90]",0,0.0,1
182,56beb2a03aeaaa14008c9232,3,weighted,"[150, 110, 90]",0,0.6666666666666666,1
183,56beb2a03aeaaa14008c9233,3,weighted,"[150, 110, 90]",1,1.0,1
184,56bf28c73aeaaa14008c9539,3,weighted,"[150, 110, 90]",0,0.0,1
185,56bf28c73aeaaa14008c953a,3,weighted,"[150, 110, 90]",0,0.0,1
186,56bf28c73aeaaa14008c953c,3,weighted,"[150, 110, 90]",0,0.6666666666666666,1
187,56bf28c73aeaaa14008c953d,3,weighted,"[150, 110, 90]",0,0.0,1
188,56d6f1190d65d21400198272,3,weighted,"[150, 110, 90]",0,0.0,0
189,56d6f1190d65d21400198273,3,weighted,"[150, 110, 90]",0,0.0,0
190,56d6f1190d65d21400198274,3,weighted,"[150, 110, 90]",0,0.6666666666666666,1
191,56d6f1190d65d21400198275,3,weighted,"[150, 110, 90]",0,0.0,1
192,56d6f1190d65d21400198276,3,weighted,"[150, 110, 90]",0,0.0,1
193,56d99179dc89441400fdb56c,3,weighted,"[150, 110, 90]",0,0.0,1
194,56d99179dc89441400fdb56d,3,weighted,"[150, 110, 90]",0,0.0,1
195,56d99179dc89441400fdb570,3,weighted,"[150, 110, 90]",1,1.0,1
196,56be59683aeaaa14008c9058,3,weighted,"[150, 110, 90]",1,1.0,1
197,56be59683aeaaa14008c9059,3,weighted,"[150, 110, 90]",1,1.0,1
198,56be59683aeaaa14008c905a,3,weighted,"[150, 110, 90]",0,0.0,1
199,56beb3083aeaaa14008c923d,3,weighted,"[150, 110, 90]",1,1.0,1
200,56beb3083aeaaa14008c923e,3,weighted,"[150, 110, 90]",1,1.0,1
201,56beb3083aeaaa14008c923f,3,weighted,"[150, 110, 90]",0,0.0,1
202,56beb3083aeaaa14008c9240,3,weighted,"[150, 110, 90]",0,0.0,1
203,56beb3083aeaaa14008c9241,3,weighted,"[150, 110, 90]",1,1.0,1
204,56bf2afe3aeaaa14008c9543,3,weighted,"[150, 110, 90]",1,1.0,1
205,56bf2afe3aeaaa14008c9544,3,weighted,"[150, 110, 90]",1,1.0,1
206,56bf2afe3aeaaa14008c9545,3,weighted,"[150, 110, 90]",1,1.0,1
207,56bf2afe3aeaaa14008c9547,3,weighted,"[150, 110, 90]",0,0.6666666666666666,1
208,56d6f2000d65d2140019827c,3,weighted,"[150, 110, 90]",1,1.0,1
209,56d6f2000d65d2140019827d,3,weighted,"[150, 110, 90]",1,1.0,1
210,56d6f2000d65d2140019827e,3,weighted,"[150, 110, 90]",1,1.0,1
211,56d6f2000d65d2140019827f,3,weighted,"[150, 110, 90]",0,0.0,1
212,56d9943fdc89441400fdb576,3,weighted,"[150, 110, 90]",1,1.0,1
213,56d9943fdc89441400fdb577,3,weighted,"[150, 110, 90]",1,1.0,1
214,56d9943fdc89441400fdb578,3,weighted,"[150, 110, 90]",1,1.0,1
215,56d9943fdc89441400fdb57a,3,weighted,"[150, 110, 90]",0,0.0,1
216,56beb3a03aeaaa14008c9247,3,weighted,"[150, 110, 90]",0,0.0,1
217,56beb3a03aeaaa14008c9248,3,weighted,"[150, 110, 90]",0,0.0,1
218,56beb3a03aeaaa14008c9249,3,weighted,"[150, 110, 90]",1,1.0,1
219,56beb3a03aeaaa14008c924a,3,weighted,"[150, 110, 90]",0,0.0,1
220,56beb3a03aeaaa14008c924b,3,weighted,"[150, 110, 90]",0,0.0,1
221,56bf6b303aeaaa14008c960b,3,weighted,"[150, 110, 90]",1,1.0,1
222,56bf6b303aeaaa14008c960c,3,weighted,"[150, 110, 90]",0,0.0,1
223,56bf6b303aeaaa14008c960d,3,weighted,"[150, 110, 90]",0,0.0,1
224,56bf6b303aeaaa14008c960e,3,weighted,"[150, 110, 90]",0,0.0,1
225,56bf6b303aeaaa14008c960f,3,weighted,"[150, 110, 90]",0,0.0,0
226,56d6f2960d65d21400198286,3,weighted,"[150, 110, 90]",0,0.0,0
227,56d6f2960d65d21400198287,3,weighted,"[150, 110, 90]",1,1.0,1
228,56d6f2960d65d21400198288,3,weighted,"[150, 110, 90]",1,1.0,1
229,56d6f2960d65d21400198289,3,weighted,"[150, 110, 90]",0,0.0,1
230,56d6f2960d65d2140019828a,3,weighted,"[150, 110, 90]",0,0.0,1
231,56d997cddc89441400fdb586,3,weighted,"[150, 110, 90]",0,0.0,1
232,56d997cddc89441400fdb587,3,weighted,"[150, 110, 90]",0,0.0,1
233,56d997cddc89441400fdb588,3,weighted,"[150, 110, 90]",0,0.0,1
234,56d997cddc89441400fdb589,3,weighted,"[150, 110, 90]",1,1.0,1
235,56d997cddc89441400fdb58a,3,weighted,"[150, 110, 90]",0,0.0,1
236,56beb4343aeaaa14008c925b,3,weighted,"[150, 110, 90]",1,1.0,1
237,56beb4343aeaaa14008c925c,3,weighted,"[150, 110, 90]",0,0.0,1
238,56beb4343aeaaa14008c925d,3,weighted,"[150, 110, 90]",0,0.0,1
239,56beb4343aeaaa14008c925e,3,weighted,"[150, 110, 90]",0,0.0,0
240,56beb4343aeaaa14008c925f,3,weighted,"[150, 110, 90]",1,1.0,1
241,56d6f3500d65d21400198290,3,weighted,"[150, 110, 90]",1,1.0,1
242,56d6f3500d65d21400198291,3,weighted,"[150, 110, 90]",1,1.0,1
243,56d6f3500d65d21400198292,3,weighted,"[150, 110, 90]",0,0.0,1
244,56d6f3500d65d21400198293,3,weighted,"[150, 110, 90]",0,0.0,1
245,56d6f3500d65d21400198294,3,weighted,"[150, 110, 90]",0,0.0,1
246,56d9992fdc89441400fdb59c,3,weighted,"[150, 110, 90]",0,0.0,1
247,56d9992fdc89441400fdb59e,3,weighted,"[150, 110, 90]",1,1.0,1
248,56d9992fdc89441400fdb59f,3,weighted,"[150, 110, 90]",0,0.6666666666666666,1
249,56d9992fdc89441400fdb5a0,3,weighted,"[150, 110, 90]",0,0.0,1
250,56beb4e43aeaaa14008c9265,3,weighted,"[150, 110, 90]",0,0.0,1
251,56beb4e43aeaaa14008c9266,3,weighted,"[150, 110, 90]",0,0.0,1
252,56beb4e43aeaaa14008c9267,3,weighted,"[150, 110, 90]",0,0.0,1
253,56beb4e43aeaaa14008c9268,3,weighted,"[150, 110, 90]",0,0.0,1
254,56beb4e43aeaaa14008c9269,3,weighted,"[150, 110, 90]",0,0.0,1
255,56bf301c3aeaaa14008c954d,3,weighted,"[150, 110, 90]",0,0.0,1
256,56bf301c3aeaaa14008c954e,3,weighted,"[150, 110, 90]",1,1.0,1
257,56bf301c3aeaaa14008c954f,3,weighted,"[150, 110, 90]",0,0.0,1
258,56bf301c3aeaaa14008c9550,3,weighted,"[150, 110, 90]",1,1.0,1
259,56bf301c3aeaaa14008c9551,3,weighted,"[150, 110, 90]",0,0.08695652173913045,1
260,56d6f4030d65d2140019829a,3,weighted,"[150, 110, 90]",1,1.0,1
261,56d6f4030d65d2140019829b,3,weighted,"[150, 110, 90]",0,0.0,1
262,56d6f4030d65d2140019829c,3,weighted,"[150, 110, 90]",0,0.0,1
263,56d6f4030d65d2140019829d,3,weighted,"[150, 110, 90]",0,0.0,1
264,56d6f4030d65d2140019829e,3,weighted,"[150, 110, 90]",0,0.0,1
265,56d99b7bdc89441400fdb5c8,3,weighted,"[150, 110, 90]",1,1.0,0
266,56d99b7bdc89441400fdb5c9,3,weighted,"[150, 110, 90]",0,0.0,0
267,56d99b7bdc89441400fdb5ca,3,weighted,"[150, 110, 90]",0,0.0,0
268,56d99b7bdc89441400fdb5cb,3,weighted,"[150, 110, 90]",0,0.0,1
269,56d99b7bdc89441400fdb5cc,3,weighted,"[150, 110, 90]",0,0.0,1
270,56beb57b3aeaaa14008c9279,3,weighted,"[150, 110, 90]",1,1.0,1
271,56beb57b3aeaaa14008c927a,3,weighted,"[150, 110, 90]",0,0.0,0
272,56beb57b3aeaaa14008c927b,3,weighted,"[150, 110, 90]",0,0.0,0
273,56beb57b3aeaaa14008c927c,3,weighted,"[150, 110, 90]",0,0.0,0
274,56beb57b3aeaaa14008c927d,3,weighted,"[150, 110, 90]",0,0.0,1
275,56bf38383aeaaa14008c956b,3,weighted,"[150, 110, 90]",1,1.0,1
276,56bf38383aeaaa14008c956c,3,weighted,"[150, 110, 90]",0,0.0,1
277,56bf38383aeaaa14008c956d,3,weighted,"[150, 110, 90]",1,1.0,1
278,56bf38383aeaaa14008c956e,3,weighted,"[150, 110, 90]",0,0.0,1
279,56bf38383aeaaa14008c956f,3,weighted,"[150, 110, 90]",0,0.6666666666666666,1
280,56d6fe0b0d65d214001982a4,3,weighted,"[150, 110, 90]",1,1.0,1
281,56d6fe0b0d65d214001982a5,3,weighted,"[150, 110, 90]",0,0.0,0
282,56d6fe0b0d65d214001982a6,3,weighted,"[150, 110, 90]",1,1.0,1
283,56d6fe0b0d65d214001982a7,3,weighted,"[150, 110, 90]",0,0.0,1
284,56d99c44dc89441400fdb5d6,3,weighted,"[150, 110, 90]",1,1.0,1
285,56d99c44dc89441400fdb5d7,3,weighted,"[150, 110, 90]",0,0.0,1
286,56d99c44dc89441400fdb5d8,3,weighted,"[150, 110, 90]",0,0.0,0
287,56d99c44dc89441400fdb5d9,3,weighted,"[150, 110, 90]",1,1.0,0
288,56d99c44dc89441400fdb5da,3,weighted,"[150, 110, 90]",0,0.0,1
289,56beb6533aeaaa14008c928d,3,weighted,"[150, 110, 90]",0,0.0,1
290,56beb6533aeaaa14008c928e,3,weighted,"[150, 110, 90]",0,0.0,1
291,56beb6533aeaaa14008c9290,3,weighted,"[150, 110, 90]",1,1.0,1
292,56beb6533aeaaa14008c9291,3,weighted,"[150, 110, 90]",0,0.0,1
293,56bf3e803aeaaa14008c9588,3,weighted,"[150, 110, 90]",1,1.0,1
294,56bf3e803aeaaa14008c9589,3,weighted,"[150, 110, 90]",1,1.0,1
295,56bf3e803aeaaa14008c958b,3,weighted,"[150, 110, 90]",0,0.6666666666666666,1
296,56d6fea90d65d214001982ae,3,weighted,"[150, 110, 90]",0,0.0,1
297,56d6fea90d65d214001982af,3,weighted,"[150, 110, 90]",1,1.0,1
298,56d6fea90d65d214001982b0,3,weighted,"[150, 110, 90]",1,1.0,1
299,56d6fea90d65d214001982b2,3,weighted,"[150, 110, 90]",0,0.0,1
300,56d99da8dc89441400fdb5fd,3,weighted,"[150, 110, 90]",1,1.0,1
301,56d99da8dc89441400fdb5ff,3,weighted,"[150, 110, 90]",0,0.0,0
302,56d99da8dc89441400fdb600,3,weighted,"[150, 110, 90]",1,1.0,1
303,56beb6f23aeaaa14008c92a1,3,weighted,"[150, 110, 90]",1,1.0,1
304,56beb6f23aeaaa14008c92a2,3,weighted,"[150, 110, 90]",1,1.0,1
305,56beb6f23aeaaa14008c92a3,3,weighted,"[150, 110, 90]",1,1.0,1
306,56beb6f23aeaaa14008c92a4,3,weighted,"[150, 110, 90]",0,0.0,1
307,56beb6f23aeaaa14008c92a5,3,weighted,"[150, 110, 90]",0,0.0,1
308,56bf34293aeaaa14008c9559,3,weighted,"[150, 110, 90]",0,0.0,1
309,56bf34293aeaaa14008c955a,3,weighted,"[150, 110, 90]",0,0.0,1
310,56bf34293aeaaa14008c955b,3,weighted,"[150, 110, 90]",0,0.0,1
311,56d701280d65d214001982b8,3,weighted,"[150, 110, 90]",1,1.0,1
312,56d701280d65d214001982ba,3,weighted,"[150, 110, 90]",0,0.0,0
313,56d701280d65d214001982bc,3,weighted,"[150, 110, 90]",0,0.0,1
314,56d99e78dc89441400fdb616,3,weighted,"[150, 110, 90]",1,1.0,1
315,56d99e78dc89441400fdb618,3,weighted,"[150, 110, 90]",1,1.0,1
316,56d99e78dc89441400fdb619,3,weighted,"[150, 110, 90]",1,1.0,1
317,56d99e78dc89441400fdb61a,3,weighted,"[150, 110, 90]",0,0.0,1
318,56beb7953aeaaa14008c92ab,3,weighted,"[150, 110, 90]",1,1.0,1
319,56beb7953aeaaa14008c92ac,3,weighted,"[150, 110, 90]",1,1.0,1
320,56beb7953aeaaa14008c92ad,3,weighted,"[150, 110, 90]",1,1.0,0
321,56beb7953aeaaa14008c92ae,3,weighted,"[150, 110, 90]",0,0.0,1
322,56beb7953aeaaa14008c92af,3,weighted,"[150, 110, 90]",1,1.0,1
323,56bf36b93aeaaa14008c9561,3,weighted,"[150, 110, 90]",0,0.0,1
324,56bf36b93aeaaa14008c9562,3,weighted,"[150, 110, 90]",0,0.0,1
325,56bf36b93aeaaa14008c9563,3,weighted,"[150, 110, 90]",1,1.0,0
326,56bf36b93aeaaa14008c9564,3,weighted,"[150, 110, 90]",1,1.0,1
327,56bf36b93aeaaa14008c9565,3,weighted,"[150, 110, 90]",1,1.0,1
328,56d7018a0d65d214001982c2,3,weighted,"[150, 110, 90]",1,1.0,1
329,56d7018a0d65d214001982c3,3,weighted,"[150, 110, 90]",1,1.0,1
330,56d7018a0d65d214001982c5,3,weighted,"[150, 110, 90]",1,1.0,1
331,56d99f99dc89441400fdb628,3,weighted,"[150, 110, 90]",0,0.0,0
332,56d99f99dc89441400fdb629,3,weighted,"[150, 110, 90]",1,1.0,1
333,56d99f99dc89441400fdb62c,3,weighted,"[150, 110, 90]",1,1.0,1
334,56beb7fd3aeaaa14008c92b5,3,weighted,"[150, 110, 90]",1,1.0,1
335,56beb7fd3aeaaa14008c92b6,3,weighted,"[150, 110, 90]",1,1.0,1
336,56beb7fd3aeaaa14008c92b7,3,weighted,"[150, 110, 90]",0,0.0,1
337,56beb7fd3aeaaa14008c92b8,3,weighted,"[150, 110, 90]",1,1.0,1
338,56bf3a223aeaaa14008c9575,3,weighted,"[150, 110, 90]",0,0.0,1
339,56bf3a223aeaaa14008c9576,3,weighted,"[150, 110, 90]",1,1.0,1
340,56bf3a223aeaaa14008c9577,3,weighted,"[150, 110, 90]",1,1.0,1
341,56bf3a223aeaaa14008c9579,3,weighted,"[150, 110, 90]",1,1.0,1
342,56d703d10d65d214001982d6,3,weighted,"[150, 110, 90]",0,0.0,1
343,56d703d10d65d214001982d7,3,weighted,"[150, 110, 90]",1,1.0,1
344,56d703d10d65d214001982d8,3,weighted,"[150, 110, 90]",0,0.0,1
345,56d9a026dc89441400fdb632,3,weighted,"[150, 110, 90]",1,1.0,1
346,56beb86b3aeaaa14008c92bd,3,weighted,"[150, 110, 90]",1,1.0,1
347,56beb86b3aeaaa14008c92be,3,weighted,"[150, 110, 90]",1,1.0,1
348,56beb86b3aeaaa14008c92bf,3,weighted,"[150, 110, 90]",1,1.0,1
349,56beb86b3aeaaa14008c92c0,3,weighted,"[150, 110, 90]",1,1.0,1
350,56beb86b3aeaaa14008c92c1,3,weighted,"[150, 110, 90]",0,0.0,1
351,56bf3fd53aeaaa14008c9591,3,weighted,"[150, 110, 90]",1,1.0,1
352,56bf3fd53aeaaa14008c9592,3,weighted,"[150, 110, 90]",1,1.0,1
353,56bf3fd53aeaaa14008c9593,3,weighted,"[150, 110, 90]",1,1.0,1
354,56bf3fd53aeaaa14008c9594,3,weighted,"[150, 110, 90]",0,0.0,1
355,56bf3fd53aeaaa14008c9595,3,weighted,"[150, 110, 90]",0,0.0,0
356,56d704430d65d214001982de,3,weighted,"[150, 110, 90]",1,1.0,1
357,56d704430d65d214001982e0,3,weighted,"[150, 110, 90]",1,1.0,1
358,56d704430d65d214001982e1,3,weighted,"[150, 110, 90]",0,0.0,1
359,56d704430d65d214001982e2,3,weighted,"[150, 110, 90]",1,1.0,1
360,56d9a0eadc89441400fdb63e,3,weighted,"[150, 110, 90]",1,1.0,1
361,56d9a0eadc89441400fdb63f,3,weighted,"[150, 110, 90]",1,1.0,1
362,56d9a0eadc89441400fdb640,3,weighted,"[150, 110, 90]",1,1.0,1
363,56beb90c3aeaaa14008c92c7,3,weighted,"[150, 110, 90]",1,1.0,1
364,56beb90c3aeaaa14008c92c8,3,weighted,"[150, 110, 90]",1,1.0,1
365,56beb90c3aeaaa14008c92c9,3,weighted,"[150, 110, 90]",0,0.0,0
366,56beb90c3aeaaa14008c92ca,3,weighted,"[150, 110, 90]",0,0.0,1
367,56beb90c3aeaaa14008c92cb,3,weighted,"[150, 110, 90]",0,0.0,1
368,56bf41013aeaaa14008c959b,3,weighted,"[150, 110, 90]",1,1.0,1
369,56bf41013aeaaa14008c959c,3,weighted,"[150, 110, 90]",1,1.0,1
370,56bf41013aeaaa14008c959d,3,weighted,"[150, 110, 90]",0,0.0,0
371,56bf41013aeaaa14008c959e,3,weighted,"[150, 110, 90]",0,0.0,0
372,56d7096b0d65d214001982fc,3,weighted,"[150, 110, 90]",0,0.5,1
373,56d7096b0d65d214001982fd,3,weighted,"[150, 110, 90]",0,0.0,1
374,56d7096b0d65d214001982fe,3,weighted,"[150, 110, 90]",0,0.0,1
375,56d9a199dc89441400fdb647,3,weighted,"[150, 110, 90]",1,1.0,1
376,56d9a199dc89441400fdb648,3,weighted,"[150, 110, 90]",0,0.0,0
377,56d9a199dc89441400fdb649,3,weighted,"[150, 110, 90]",0,0.0,1
378,56beb97c3aeaaa14008c92db,3,weighted,"[150, 110, 90]",1,1.0,1
379,56beb97c3aeaaa14008c92dc,3,weighted,"[150, 110, 90]",1,1.0,1
380,56beb97c3aeaaa14008c92dd,3,weighted,"[150, 110, 90]",1,1.0,1
381,56beb97c3aeaaa14008c92de,3,weighted,"[150, 110, 90]",1,1.0,1
382,56beb97c3aeaaa14008c92df,3,weighted,"[150, 110, 90]",0,0.0,1
383,56bf6c3e3aeaaa14008c9615,3,weighted,"[150, 110, 90]",1,1.0,1
384,56bf6c3e3aeaaa14008c9617,3,weighted,"[150, 110, 90]",0,0.0,1
385,56d709ef0d65d21400198306,3,weighted,"[150, 110, 90]",0,0.0,0
386,56d709ef0d65d21400198307,3,weighted,"[150, 110, 90]",1,1.0,1
387,56beba103aeaaa14008c92e5,3,weighted,"[150, 110, 90]",0,0.5714285714285715,1
388,56beba103aeaaa14008c92e6,3,weighted,"[150, 110, 90]",1,1.0,1
389,56beba103aeaaa14008c92e7,3,weighted,"[150, 110, 90]",0,0.0,1
390,56beba103aeaaa14008c92e8,3,weighted,"[150, 110, 90]",1,1.0,1
391,56beba103aeaaa14008c92e9,3,weighted,"[150, 110, 90]",1,1.0,1
392,56bf467d3aeaaa14008c95a5,3,weighted,"[150, 110, 90]",1,1.0,1
393,56bf467d3aeaaa14008c95a6,3,weighted,"[150, 110, 90]",1,1.0,1
394,56bf467d3aeaaa14008c95a7,3,weighted,"[150, 110, 90]",0,0.0,0
395,56d70adc0d65d21400198311,3,weighted,"[150, 110, 90]",1,1.0,1
396,56d70adc0d65d21400198312,3,weighted,"[150, 110, 90]",0,0.4615384615384615,1
397,56d70adc0d65d21400198313,3,weighted,"[150, 110, 90]",0,0.09523809523809525,1
398,56d70adc0d65d21400198314,3,weighted,"[150, 110, 90]",0,0.0,1
399,56d9a419dc89441400fdb678,3,weighted,"[150, 110, 90]",1,1.0,1
400,56d9a419dc89441400fdb679,3,weighted,"[150, 110, 90]",0,0.8,1
401,56bebad93aeaaa14008c92f9,3,weighted,"[150, 110, 90]",1,1.0,1
402,56bebad93aeaaa14008c92fa,3,weighted,"[150, 110, 90]",1,1.0,1
403,56bebad93aeaaa14008c92fb,3,weighted,"[150, 110, 90]",0,0.0,1
404,56bebad93aeaaa14008c92fc,3,weighted,"[150, 110, 90]",0,0.6666666666666666,1
405,56bebad93aeaaa14008c92fd,3,weighted,"[150, 110, 90]",1,1.0,1
406,56bf48cc3aeaaa14008c95ab,3,weighted,"[150, 110, 90]",1,1.0,1
407,56bf48cc3aeaaa14008c95ac,3,weighted,"[150, 110, 90]",1,1.0,1
408,56bf48cc3aeaaa14008c95ae,3,weighted,"[150, 110, 90]",0,0.0,1
409,56bf48cc3aeaaa14008c95af,3,weighted,"[150, 110, 90]",1,1.0,1
410,56d70ccc0d65d2140019831d,3,weighted,"[150, 110, 90]",1,1.0,1
411,56d70ccc0d65d2140019831f,3,weighted,"[150, 110, 90]",0,0.0,1
412,56d9a637dc89441400fdb697,3,weighted,"[150, 110, 90]",1,1.0,1
413,56d9a637dc89441400fdb698,3,weighted,"[150, 110, 90]",0,0.6666666666666666,1
414,56d9a637dc89441400fdb699,3,weighted,"[150, 110, 90]",0,0.0,1
415,56d9a637dc89441400fdb69a,3,weighted,"[150, 110, 90]",0,0.28571428571428575,1
416,56bebb293aeaaa14008c9303,3,weighted,"[150, 110, 90]",0,0.0,1
417,56bebb293aeaaa14008c9304,3,weighted,"[150, 110, 90]",1,1.0,1
418,56bebb293aeaaa14008c9305,3,weighted,"[150, 110, 90]",1,1.0,1
419,56bebb293aeaaa14008c9306,3,weighted,"[150, 110, 90]",0,0.0,1
420,56bf49993aeaaa14008c95b5,3,weighted,"[150, 110, 90]",0,0.0,0
421,56bf49993aeaaa14008c95b6,3,weighted,"[150, 110, 90]",0,0.0,0
422,56bf49993aeaaa14008c95b7,3,weighted,"[150, 110, 90]",0,0.14285714285714288,0
423,56bf49993aeaaa14008c95b8,3,weighted,"[150, 110, 90]",0,0.14285714285714288,0
424,56d70d240d65d21400198326,3,weighted,"[150, 110, 90]",0,0.14285714285714288,0
425,56d70d240d65d21400198327,3,weighted,"[150, 110, 90]",0,0.0,0
426,56d70d240d65d21400198328,3,weighted,"[150, 110, 90]",0,0.0,0
427,56d70d240d65d21400198329,3,weighted,"[150, 110, 90]",0,0.0,0
428,56d9a6b4dc89441400fdb6a0,3,weighted,"[150, 110, 90]",0,0.15384615384615385,0
429,56d9a6b4dc89441400fdb6a1,3,weighted,"[150, 110, 90]",1,1.0,1
430,56d9a6b4dc89441400fdb6a2,3,weighted,"[150, 110, 90]",0,0.0,0
431,56d9a6b4dc89441400fdb6a3,3,weighted,"[150, 110, 90]",0,0.0,0
432,56bebbbf3aeaaa14008c9315,3,weighted,"[150, 110, 90]",1,1.0,1
433,56bebbbf3aeaaa14008c9316,3,weighted,"[150, 110, 90]",0,0.6666666666666666,1
434,56bebbbf3aeaaa14008c9317,3,weighted,"[150, 110, 90]",1,1.0,1
435,56bebbbf3aeaaa14008c9318,3,weighted,"[150, 110, 90]",1,1.0,1
436,56bebbbf3aeaaa14008c9319,3,weighted,"[150, 110, 90]",0,0.0,1
437,56bf4e1b3aeaaa14008c95bd,3,weighted,"[150, 110, 90]",1,1.0,1
438,56bf4e1b3aeaaa14008c95be,3,weighted,"[150, 110, 90]",0,0.6666666666666666,1
439,56bf4e1b3aeaaa14008c95c0,3,weighted,"[150, 110, 90]",0,0.0,1
440,56bf4e1b3aeaaa14008c95c1,3,weighted,"[150, 110, 90]",1,1.0,1
441,56d70daa0d65d21400198332,3,weighted,"[150, 110, 90]",1,1.0,1
442,56d70daa0d65d21400198333,3,weighted,"[150, 110, 90]",0,0.0,1
443,56d70daa0d65d21400198334,3,weighted,"[150, 110, 90]",0,0.5,1
444,56d70daa0d65d21400198335,3,weighted,"[150, 110, 90]",0,0.0,1
445,56d70daa0d65d21400198336,3,weighted,"[150, 110, 90]",0,0.0,1
446,56d9a7addc89441400fdb6a8,3,weighted,"[150, 110, 90]",1,1.0,1
447,56d9a7addc89441400fdb6ab,3,weighted,"[150, 110, 90]",0,0.0,1
448,56bebc383aeaaa14008c931f,3,weighted,"[150, 110, 90]",1,1.0,1
449,56bebc383aeaaa14008c9320,3,weighted,"[150, 110, 90]",1,1.0,1
450,56bebc383aeaaa14008c9321,3,weighted,"[150, 110, 90]",1,1.0,1
451,56bf52483aeaaa14008c95c7,3,weighted,"[150, 110, 90]",1,1.0,1
452,56bf52483aeaaa14008c95c8,3,weighted,"[150, 110, 90]",1,1.0,1
453,56d70e570d65d2140019833c,3,weighted,"[150, 110, 90]",0,0.6666666666666666,0
454,56d70e570d65d2140019833e,3,weighted,"[150, 110, 90]",1,1.0,1
455,56d70e570d65d2140019833f,3,weighted,"[150, 110, 90]",1,1.0,1
456,56d9b01fdc89441400fdb6d4,3,weighted,"[150, 110, 90]",0,0.0,0
457,56bebcbe3aeaaa14008c9325,3,weighted,"[150, 110, 90]",1,1.0,1
458,56bebcbe3aeaaa14008c9326,3,weighted,"[150, 110, 90]",1,1.0,1
459,56bebcbe3aeaaa14008c9327,3,weighted,"[150, 110, 90]",1,1.0,1
460,56bebcbe3aeaaa14008c9328,3,weighted,"[150, 110, 90]",1,1.0,1
461,56bebcbe3aeaaa14008c9329,3,weighted,"[150, 110, 90]",0,0.0,0
462,56bf53e73aeaaa14008c95cb,3,weighted,"[150, 110, 90]",1,1.0,1
463,56bf53e73aeaaa14008c95cc,3,weighted,"[150, 110, 90]",1,1.0,1
464,56bf53e73aeaaa14008c95cd,3,weighted,"[150, 110, 90]",1,1.0,1
465,56bf53e73aeaaa14008c95ce,3,weighted,"[150, 110, 90]",1,1.0,1
466,56d7145c0d65d2140019834c,3,weighted,"[150, 110, 90]",1,1.0,1
467,56d7145c0d65d2140019834d,3,weighted,"[150, 110, 90]",1,1.0,1
468,56d7145c0d65d2140019834f,3,weighted,"[150, 110, 90]",1,1.0,1
469,56d9b389dc89441400fdb6ec,3,weighted,"[150, 110, 90]",1,1.0,1
470,56d9b389dc89441400fdb6ed,3,weighted,"[150, 110, 90]",1,1.0,1
471,56d9b389dc89441400fdb6ee,3,weighted,"[150, 110, 90]",1,1.0,1
472,56d9b389dc89441400fdb6ef,3,weighted,"[150, 110, 90]",1,1.0,1
473,56d9b389dc89441400fdb6f0,3,weighted,"[150, 110, 90]",1,1.0,1
474,56bebd713aeaaa14008c932f,3,weighted,"[150, 110, 90]",1,1.0,1
475,56bebd713aeaaa14008c9330,3,weighted,"[150, 110, 90]",0,0.0,0
476,56bebd713aeaaa14008c9331,3,weighted,"[150, 110, 90]",1,1.0,1
477,56bf555e3aeaaa14008c95d3,3,weighted,"[150, 110, 90]",0,0.10526315789473684,0
478,56bf555e3aeaaa14008c95d4,3,weighted,"[150, 110, 90]",0,0.5,0
479,56bf555e3aeaaa14008c95d5,3,weighted,"[150, 110, 90]",0,0.0,0
480,56d714cd0d65d21400198356,3,weighted,"[150, 110, 90]",0,0.5,1
481,56d714cd0d65d21400198358,3,weighted,"[150, 110, 90]",1,1.0,1
482,56d714cd0d65d21400198359,3,weighted,"[150, 110, 90]",1,1.0,1
483,56d9b43edc89441400fdb700,3,weighted,"[150, 110, 90]",0,0.5,0
484,56d9b43edc89441400fdb701,3,weighted,"[150, 110, 90]",1,1.0,1
485,56bebde53aeaaa14008c9335,3,weighted,"[150, 110, 90]",1,1.0,1
486,56bebde53aeaaa14008c9336,3,weighted,"[150, 110, 90]",0,0.6666666666666666,1
487,56bebde53aeaaa14008c9337,3,weighted,"[150, 110, 90]",1,1.0,1
488,56bebde53aeaaa14008c9338,3,weighted,"[150, 110, 90]",1,1.0,1
489,56bebde53aeaaa14008c9339,3,weighted,"[150, 110, 90]",1,1.0,1
490,56bf57043aeaaa14008c95d9,3,weighted,"[150, 110, 90]",1,1.0,1
491,56bf57043aeaaa14008c95da,3,weighted,"[150, 110, 90]",0,0.0,1
492,56bf57043aeaaa14008c95db,3,weighted,"[150, 110, 90]",1,1.0,1
493,56bf57043aeaaa14008c95dc,3,weighted,"[150, 110, 90]",0,0.0,1
494,56bf57043aeaaa14008c95dd,3,weighted,"[150, 110, 90]",1,1.0,1
495,56d71bd80d65d2140019835e,3,weighted,"[150, 110, 90]",0,0.6666666666666666,1
496,56d71bd80d65d21400198360,3,weighted,"[150, 110, 90]",1,1.0,1
497,56d71bd80d65d21400198361,3,weighted,"[150, 110, 90]",1,1.0,1
498,56d71bd80d65d21400198362,3,weighted,"[150, 110, 90]",1,1.0,1
499,56d9b4ebdc89441400fdb708,3,weighted,"[150, 110, 90]",0,0.6666666666666666,1
500,56d9b4ebdc89441400fdb709,3,weighted,"[150, 110, 90]",0,0.5714285714285715,0
501,56d9b4ebdc89441400fdb70a,3,weighted,"[150, 110, 90]",1,1.0,1
502,56d9b4ebdc89441400fdb70b,3,weighted,"[150, 110, 90]",1,1.0,1
503,56d9b4ebdc89441400fdb70c,3,weighted,"[150, 110, 90]",1,1.0,1
504,56bebe873aeaaa14008c933f,3,weighted,"[150, 110, 90]",0,0.0,1
505,56bebe873aeaaa14008c9340,3,weighted,"[150, 110, 90]",1,1.0,1
506,56bebe873aeaaa14008c9341,3,weighted,"[150, 110, 90]",0,0.0,1
507,56bebe873aeaaa14008c9342,3,weighted,"[150, 110, 90]",0,0.0,0
508,56bebe873aeaaa14008c9343,3,weighted,"[150, 110, 90]",0,0.0,0
509,56bf59523aeaaa14008c95e3,3,weighted,"[150, 110, 90]",1,1.0,1
510,56bf59523aeaaa14008c95e4,3,weighted,"[150, 110, 90]",0,0.0,0
511,56bf59523aeaaa14008c95e5,3,weighted,"[150, 110, 90]",0,0.0,0
512,56d71cb60d65d21400198368,3,weighted,"[150, 110, 90]",0,0.0,1
513,56d9b5ffdc89441400fdb720,3,weighted,"[150, 110, 90]",0,0.0,1
514,56d9b5ffdc89441400fdb721,3,weighted,"[150, 110, 90]",0,0.0,0
515,56bebec43aeaaa14008c9349,3,weighted,"[150, 110, 90]",1,1.0,1
516,56bebec43aeaaa14008c934a,3,weighted,"[150, 110, 90]",0,0.28571428571428575,1
517,56bf5abc3aeaaa14008c95e9,3,weighted,"[150, 110, 90]",0,0.0,0
518,56bf5abc3aeaaa14008c95ea,3,weighted,"[150, 110, 90]",0,0.28571428571428575,1
519,56d71d150d65d2140019836e,3,weighted,"[150, 110, 90]",0,0.888888888888889,1
520,56d71d150d65d2140019836f,3,weighted,"[150, 110, 90]",1,1.0,1
521,56d71d150d65d21400198370,3,weighted,"[150, 110, 90]",0,0.28571428571428575,1
522,56d9b6a3dc89441400fdb72f,3,weighted,"[150, 110, 90]",1,1.0,1
523,56d9b6a3dc89441400fdb730,3,weighted,"[150, 110, 90]",0,0.28571428571428575,1
524,56bec0353aeaaa14008c934d,3,weighted,"[150, 110, 90]",0,0.8,1
525,56bec0353aeaaa14008c934e,3,weighted,"[150, 110, 90]",1,1.0,1
526,56bec0353aeaaa14008c934f,3,weighted,"[150, 110, 90]",0,0.0,1
527,56bec0353aeaaa14008c9350,3,weighted,"[150, 110, 90]",1,1.0,1
528,56bec0353aeaaa14008c9351,3,weighted,"[150, 110, 90]",1,1.0,1
529,56bf5b933aeaaa14008c95ed,3,weighted,"[150, 110, 90]",1,1.0,1
530,56bf5b933aeaaa14008c95ef,3,weighted,"[150, 110, 90]",1,1.0,1
531,56bf5b933aeaaa14008c95f1,3,weighted,"[150, 110, 90]",1,1.0,1
532,56d71d9d0d65d21400198374,3,weighted,"[150, 110, 90]",1,1.0,1
533,56d71d9d0d65d21400198377,3,weighted,"[150, 110, 90]",1,1.0,1
534,56bec0dd3aeaaa14008c9357,3,weighted,"[150, 110, 90]",0,0.0,0
535,56bec0dd3aeaaa14008c9358,3,weighted,"[150, 110, 90]",1,1.0,1
536,56bec0dd3aeaaa14008c9359,3,weighted,"[150, 110, 90]",1,1.0,1
537,56bec0dd3aeaaa14008c935a,3,weighted,"[150, 110, 90]",1,1.0,1
538,56bec0dd3aeaaa14008c935b,3,weighted,"[150, 110, 90]",0,0.0,1
539,56bf5e7b3aeaaa14008c95f7,3,weighted,"[150, 110, 90]",0,0.0,0
540,56bf5e7b3aeaaa14008c95f8,3,weighted,"[150, 110, 90]",0,0.0,1
541,56bf5e7b3aeaaa14008c95f9,3,weighted,"[150, 110, 90]",1,1.0,1
542,56bf5e7b3aeaaa14008c95fa,3,weighted,"[150, 110, 90]",0,0.0,1
543,56bf5e7b3aeaaa14008c95fb,3,weighted,"[150, 110, 90]",0,0.6666666666666666,1
544,56d71ed50d65d2140019837c,3,weighted,"[150, 110, 90]",1,1.0,1
545,56d71ed50d65d2140019837d,3,weighted,"[150, 110, 90]",1,1.0,1
546,56d9b7dcdc89441400fdb740,3,weighted,"[150, 110, 90]",1,1.0,0
547,56d9b7dcdc89441400fdb741,3,weighted,"[150, 110, 90]",0,0.22222222222222224,0
548,56d9b7dcdc89441400fdb742,3,weighted,"[150, 110, 90]",0,0.22222222222222224,0
549,56d9b7dcdc89441400fdb743,3,weighted,"[150, 110, 90]",0,0.0,1
550,56d9b7dcdc89441400fdb744,3,weighted,"[150, 110, 90]",0,0.0,0
551,56bec1823aeaaa14008c9361,3,weighted,"[150, 110, 90]",0,0.0,1
552,56bec1823aeaaa14008c9362,3,weighted,"[150, 110, 90]",1,1.0,1
553,56bec1823aeaaa14008c9363,3,weighted,"[150, 110, 90]",1,1.0,1
554,56bec1823aeaaa14008c9364,3,weighted,"[150, 110, 90]",1,1.0,1
555,56bec1823aeaaa14008c9365,3,weighted,"[150, 110, 90]",1,1.0,1
556,56bf6d343aeaaa14008c961b,3,weighted,"[150, 110, 90]",1,1.0,0
557,56d71fc00d65d21400198386,3,weighted,"[150, 110, 90]",1,1.0,1
558,56d71fc00d65d21400198389,3,weighted,"[150, 110, 90]",1,1.0,1
559,56d9ba95dc89441400fdb754,3,weighted,"[150, 110, 90]",0,0.0,0
560,56d9ba95dc89441400fdb757,3,weighted,"[150, 110, 90]",0,0.0,1
561,56d9ba95dc89441400fdb758,3,weighted,"[150, 110, 90]",1,1.0,1
562,56bec2013aeaaa14008c9371,3,weighted,"[150, 110, 90]",1,1.0,1
563,56bec2013aeaaa14008c9372,3,weighted,"[150, 110, 90]",1,1.0,1
564,56bec2013aeaaa14008c9373,3,weighted,"[150, 110, 90]",1,1.0,1
565,56bec2013aeaaa14008c9374,3,weighted,"[150, 110, 90]",0,0.6666666666666666,1
566,56bec2013aeaaa14008c9375,3,weighted,"[150, 110, 90]",0,0.0,1
567,56bf6e7a3aeaaa14008c961f,3,weighted,"[150, 110, 90]",0,0.0,0
568,56bf6e7a3aeaaa14008c9620,3,weighted,"[150, 110, 90]",0,0.0,0
569,56bf6e7a3aeaaa14008c9621,3,weighted,"[150, 110, 90]",1,1.0,1
570,56bf6e7a3aeaaa14008c9622,3,weighted,"[150, 110, 90]",0,0.0,1
571,56d7205e0d65d21400198391,3,weighted,"[150, 110, 90]",0,0.6666666666666666,1
572,56d7205e0d65d21400198392,3,weighted,"[150, 110, 90]",1,1.0,1
573,56d9bc13dc89441400fdb75e,3,weighted,"[150, 110, 90]",1,1.0,1
574,56d9bc13dc89441400fdb75f,3,weighted,"[150, 110, 90]",0,0.0,0
575,56d9bc13dc89441400fdb760,3,weighted,"[150, 110, 90]",1,1.0,1
576,56bec2573aeaaa14008c937b,3,weighted,"[150, 110, 90]",0,0.6,1
577,56bec2573aeaaa14008c937c,3,weighted,"[150, 110, 90]",1,1.0,1
578,56bf6f743aeaaa14008c9631,3,weighted,"[150, 110, 90]",0,0.5,1
579,56bf6f743aeaaa14008c9632,3,weighted,"[150, 110, 90]",1,1.0,1
580,56d720c70d65d21400198396,3,weighted,"[150, 110, 90]",1,1.0,1
581,56d720c70d65d21400198397,3,weighted,"[150, 110, 90]",0,0.18181818181818182,1
582,56d720c70d65d21400198398,3,weighted,"[150, 110, 90]",0,0.8,1
583,56bec3153aeaaa14008c9389,3,weighted,"[150, 110, 90]",1,1.0,1
584,56bec3153aeaaa14008c938a,3,weighted,"[150, 110, 90]",1,1.0,1
585,56bec3153aeaaa14008c938b,3,weighted,"[150, 110, 90]",1,1.0,1
586,56bec3153aeaaa14008c938c,3,weighted,"[150, 110, 90]",0,0.0,1
587,56bf717d3aeaaa14008c9635,3,weighted,"[150, 110, 90]",0,0.0,0
588,56bf717d3aeaaa14008c9637,3,weighted,"[150, 110, 90]",1,1.0,1
589,56bf717d3aeaaa14008c9638,3,weighted,"[150, 110, 90]",0,0.0,1
590,56bf717d3aeaaa14008c9639,3,weighted,"[150, 110, 90]",0,0.0,1
591,56d721af0d65d2140019839e,3,weighted,"[150, 110, 90]",0,0.0,1
592,56d721af0d65d2140019839f,3,weighted,"[150, 110, 90]",1,1.0,1
593,56d721af0d65d214001983a0,3,weighted,"[150, 110, 90]",0,0.0,1
594,56d9bdc1dc89441400fdb768,3,weighted,"[150, 110, 90]",1,1.0,1
595,56d9bdc1dc89441400fdb769,3,weighted,"[150, 110, 90]",0,0.0,1
596,56d9bdc1dc89441400fdb76a,3,weighted,"[150, 110, 90]",0,0.6666666666666666,1
597,56bec38b3aeaaa14008c9397,3,weighted,"[150, 110, 90]",1,1.0,1
598,56bec38b3aeaaa14008c9398,3,weighted,"[150, 110, 90]",1,1.0,1
599,56bec38b3aeaaa14008c9399,3,weighted,"[150, 110, 90]",1,1.0,1
600,56bec38b3aeaaa14008c939a,3,weighted,"[150, 110, 90]",1,1.0,1
601,56bf71e73aeaaa14008c963f,3,weighted,"[150, 110, 90]",0,0.0,0
602,56bf71e73aeaaa14008c9640,3,weighted,"[150, 110, 90]",1,1.0,1
603,56d722330d65d214001983a6,3,weighted,"[150, 110, 90]",1,1.0,1
604,56d722330d65d214001983a7,3,weighted,"[150, 110, 90]",1,1.0,1
605,56d722330d65d214001983a8,3,weighted,"[150, 110, 90]",0,0.0,1
606,56d9be16dc89441400fdb770,3,weighted,"[150, 110, 90]",0,0.0,1
607,56d9be16dc89441400fdb771,3,weighted,"[150, 110, 90]",0,0.0,0
608,56bec4343aeaaa14008c93a9,3,weighted,"[150, 110, 90]",1,1.0,1
609,56bec4343aeaaa14008c93aa,3,weighted,"[150, 110, 90]",0,0.0,1
610,56bec4343aeaaa14008c93ab,3,weighted,"[150, 110, 90]",1,1.0,1
611,56bec4343aeaaa14008c93ac,3,weighted,"[150, 110, 90]",0,0.0,1
612,56d723560d65d214001983ac,3,weighted,"[150, 110, 90]",0,0.0,1
613,56d723560d65d214001983ad,3,weighted,"[150, 110, 90]",1,1.0,1
614,56d723560d65d214001983ae,3,weighted,"[150, 110, 90]",0,0.21052631578947367,1
615,56d723560d65d214001983af,3,weighted,"[150, 110, 90]",1,1.0,1
616,56d9bf70dc89441400fdb77b,3,weighted,"[150, 110, 90]",0,0.6666666666666666,1
617,56d9bf70dc89441400fdb77c,3,weighted,"[150, 110, 90]",0,0.6666666666666666,1
618,56d9bf70dc89441400fdb77d,3,weighted,"[150, 110, 90]",1,1.0,1
619,56bec4a33aeaaa14008c93b1,3,weighted,"[150, 110, 90]",0,0.0,0
620,56bec4a33aeaaa14008c93b2,3,weighted,"[150, 110, 90]",1,1.0,1
621,56bec4a33aeaaa14008c93b3,3,weighted,"[150, 110, 90]",1,1.0,1
622,56bec4a33aeaaa14008c93b4,3,weighted,"[150, 110, 90]",1,1.0,1
623,56bec4a33aeaaa14008c93b5,3,weighted,"[150, 110, 90]",1,1.0,1
624,56bf738b3aeaaa14008c9655,3,weighted,"[150, 110, 90]",0,0.0,0
625,56bf738b3aeaaa14008c9656,3,weighted,"[150, 110, 90]",0,0.0,0
626,56d723ad0d65d214001983b4,3,weighted,"[150, 110, 90]",1,1.0,1
627,56d723ad0d65d214001983b5,3,weighted,"[150, 110, 90]",0,0.0,1
628,56d723ad0d65d214001983b8,3,weighted,"[150, 110, 90]",1,1.0,1
629,56d9c049dc89441400fdb78e,3,weighted,"[150, 110, 90]",0,0.0,1
630,56d9c049dc89441400fdb78f,3,weighted,"[150, 110, 90]",1,1.0,1
631,56d9c049dc89441400fdb790,3,weighted,"[150, 110, 90]",0,0.45454545454545453,1
632,56d9c049dc89441400fdb791,3,weighted,"[150, 110, 90]",1,1.0,1
633,56d9c049dc89441400fdb792,3,weighted,"[150, 110, 90]",1,1.0,1
634,56bec5233aeaaa14008c93cf,3,weighted,"[150, 110, 90]",1,1.0,1
635,56bec5233aeaaa14008c93d0,3,weighted,"[150, 110, 90]",1,1.0,1
636,56bec5233aeaaa14008c93d1,3,weighted,"[150, 110, 90]",1,1.0,1
637,56bec5233aeaaa14008c93d2,3,weighted,"[150, 110, 90]",1,1.0,1
638,56bec5233aeaaa14008c93d3,3,weighted,"[150, 110, 90]",1,1.0,1
639,56d724620d65d214001983be,3,weighted,"[150, 110, 90]",1,1.0,1
640,56d724620d65d214001983bf,3,weighted,"[150, 110, 90]",1,1.0,1
641,56d724620d65d214001983c0,3,weighted,"[150, 110, 90]",1,1.0,1
642,56d724620d65d214001983c1,3,weighted,"[150, 110, 90]",1,1.0,1
643,56d9c203dc89441400fdb7a0,3,weighted,"[150, 110, 90]",0,0.16666666666666666,0
644,56d9c203dc89441400fdb7a3,3,weighted,"[150, 110, 90]",0,0.0,0
645,56bec5ff3aeaaa14008c93e3,3,weighted,"[150, 110, 90]",0,0.6153846153846153,1
646,56bec5ff3aeaaa14008c93e4,3,weighted,"[150, 110, 90]",1,1.0,1
647,56bec5ff3aeaaa14008c93e5,3,weighted,"[150, 110, 90]",0,0.0,1
648,56d724ea0d65d214001983c8,3,weighted,"[150, 110, 90]",0,0.0,0
649,56d724ea0d65d214001983c9,3,weighted,"[150, 110, 90]",1,1.0,1
650,56bec6573aeaaa14008c93e9,3,weighted,"[150, 110, 90]",0,0.0,1
651,56bec6573aeaaa14008c93ea,3,weighted,"[150, 110, 90]",0,0.0,1
652,56bec6573aeaaa14008c93eb,3,weighted,"[150, 110, 90]",0,0.0,1
653,56bec6573aeaaa14008c93ec,3,weighted,"[150, 110, 90]",1,1.0,1
654,56bec6573aeaaa14008c93ed,3,weighted,"[150, 110, 90]",1,1.0,1
655,56d7251d0d65d214001983cc,3,weighted,"[150, 110, 90]",1,1.0,1
656,56d7251d0d65d214001983cd,3,weighted,"[150, 110, 90]",1,1.0,1
657,56d7251d0d65d214001983cf,3,weighted,"[150, 110, 90]",1,1.0,1
658,56d9c3a6dc89441400fdb7b4,3,weighted,"[150, 110, 90]",0,0.0,1
659,56d9c3a6dc89441400fdb7b5,3,weighted,"[150, 110, 90]",0,0.0,1
660,56d9c3a6dc89441400fdb7b6,3,weighted,"[150, 110, 90]",0,0.0,1
661,56d9c3a6dc89441400fdb7b7,3,weighted,"[150, 110, 90]",0,0.0,1
662,56d9c3a6dc89441400fdb7b8,3,weighted,"[150, 110, 90]",1,1.0,1
663,56bec6ac3aeaaa14008c93fd,3,weighted,"[150, 110, 90]",0,0.0,1
664,56bec6ac3aeaaa14008c93fe,3,weighted,"[150, 110, 90]",1,1.0,1
665,56bec6ac3aeaaa14008c93ff,3,weighted,"[150, 110, 90]",1,1.0,1
666,56bec6ac3aeaaa14008c9400,3,weighted,"[150, 110, 90]",0,0.0,1
667,56bec6ac3aeaaa14008c9401,3,weighted,"[150, 110, 90]",0,0.8571428571428571,1
668,56d20650e7d4791d00902614,3,weighted,"[150, 110, 90]",1,1.0,1
669,56d20650e7d4791d00902615,3,weighted,"[150, 110, 90]",1,1.0,1
670,56d7253b0d65d214001983d4,3,weighted,"[150, 110, 90]",0,0.0,0
671,56d7253b0d65d214001983d5,3,weighted,"[150, 110, 90]",1,1.0,1
672,56d9c455dc89441400fdb7c4,3,weighted,"[150, 110, 90]",0,0.0,0
673,56d9c455dc89441400fdb7c5,3,weighted,"[150, 110, 90]",0,0.0,1
674,56d9c455dc89441400fdb7c6,3,weighted,"[150, 110, 90]",1,1.0,1
675,56bec7353aeaaa14008c940d,3,weighted,"[150, 110, 90]",1,1.0,1
676,56bec7353aeaaa14008c940e,3,weighted,"[150, 110, 90]",1,1.0,1
677,56bec7353aeaaa14008c940f,3,weighted,"[150, 110, 90]",1,1.0,1
678,56bec7353aeaaa14008c9410,3,weighted,"[150, 110, 90]",1,1.0,1
679,56bec7353aeaaa14008c9411,3,weighted,"[150, 110, 90]",0,0.6666666666666666,1
680,56d725790d65d214001983d8,3,weighted,"[150, 110, 90]",0,0.0,1
681,56d725790d65d214001983da,3,weighted,"[150, 110, 90]",1,1.0,1
682,56d725790d65d214001983db,3,weighted,"[150, 110, 90]",1,1.0,1
683,56d9c551dc89441400fdb7d0,3,weighted,"[150, 110, 90]",0,0.4,1
684,56d9c551dc89441400fdb7d1,3,weighted,"[150, 110, 90]",1,1.0,1
685,56d9c551dc89441400fdb7d2,3,weighted,"[150, 110, 90]",1,1.0,1
686,56d9c551dc89441400fdb7d3,3,weighted,"[150, 110, 90]",1,1.0,1
687,56bec7a63aeaaa14008c9417,3,weighted,"[150, 110, 90]",1,1.0,1
688,56bec7a63aeaaa14008c9418,3,weighted,"[150, 110, 90]",0,0.0,1
689,56bec7a63aeaaa14008c9419,3,weighted,"[150, 110, 90]",1,1.0,1
690,56bec7a63aeaaa14008c941a,3,weighted,"[150, 110, 90]",0,0.0,1
691,56bec7a63aeaaa14008c941b,3,weighted,"[150, 110, 90]",0,0.0,0
692,56d728a10d65d21400198413,3,weighted,"[150, 110, 90]",0,0.0,0
693,56d728a10d65d21400198414,3,weighted,"[150, 110, 90]",1,1.0,1
694,56d728a10d65d21400198415,3,weighted,"[150, 110, 90]",0,0.0,0
695,56d728a10d65d21400198416,3,weighted,"[150, 110, 90]",0,0.0,0
696,56d9c5e7dc89441400fdb7d8,3,weighted,"[150, 110, 90]",1,1.0,1
697,56d9c5e7dc89441400fdb7d9,3,weighted,"[150, 110, 90]",1,1.0,1
698,56d9c5e7dc89441400fdb7da,3,weighted,"[150, 110, 90]",1,1.0,1
699,56d9c5e7dc89441400fdb7db,3,weighted,"[150, 110, 90]",0,0.0,0
700,56d9c5e7dc89441400fdb7dc,3,weighted,"[150, 110, 90]",0,0.0,1
701,56bec8243aeaaa14008c942b,3,weighted,"[150, 110, 90]",1,1.0,1
702,56bec8243aeaaa14008c942c,3,weighted,"[150, 110, 90]",1,1.0,1
703,56bec8243aeaaa14008c942d,3,weighted,"[150, 110, 90]",1,1.0,1
704,56bec8243aeaaa14008c942e,3,weighted,"[150, 110, 90]",0,0.0,1
705,56bec8243aeaaa14008c942f,3,weighted,"[150, 110, 90]",0,0.6666666666666666,1
706,56d728e00d65d2140019841c,3,weighted,"[150, 110, 90]",0,0.0,1
707,56d728e00d65d2140019841d,3,weighted,"[150, 110, 90]",0,0.0,1
708,56d728e00d65d2140019841e,3,weighted,"[150, 110, 90]",1,1.0,1
709,56d728e00d65d2140019841f,3,weighted,"[150, 110, 90]",0,0.0,1
710,56d728e00d65d21400198420,3,weighted,"[150, 110, 90]",0,0.0,1
711,56d9c660dc89441400fdb7e7,3,weighted,"[150, 110, 90]",1,1.0,1
712,56d9c660dc89441400fdb7e8,3,weighted,"[150, 110, 90]",1,1.0,1
713,56d9c660dc89441400fdb7e9,3,weighted,"[150, 110, 90]",1,1.0,1
714,56d9c660dc89441400fdb7ea,3,weighted,"[150, 110, 90]",0,0.6666666666666666,1
715,56bec8a13aeaaa14008c9435,3,weighted,"[150, 110, 90]",1,1.0,1
716,56bec8a13aeaaa14008c9436,3,weighted,"[150, 110, 90]",0,0.0,0
717,56bec8a13aeaaa14008c9437,3,weighted,"[150, 110, 90]",1,1.0,1
718,56bec8a13aeaaa14008c9438,3,weighted,"[150, 110, 90]",0,0.0,1
719,56bec8a13aeaaa14008c9439,3,weighted,"[150, 110, 90]",0,0.0,1
720,56d729180d65d21400198426,3,weighted,"[150, 110, 90]",1,1.0,1
721,56d729180d65d21400198427,3,weighted,"[150, 110, 90]",1,1.0,1
722,56d729180d65d21400198428,3,weighted,"[150, 110, 90]",1,1.0,1
723,56d729180d65d21400198429,3,weighted,"[150, 110, 90]",0,0.6666666666666666,1
724,56d729180d65d2140019842a,3,weighted,"[150, 110, 90]",0,0.0,1
725,56d9c6e0dc89441400fdb7f0,3,weighted,"[150, 110, 90]",1,1.0,1
726,56d9c6e0dc89441400fdb7f4,3,weighted,"[150, 110, 90]",0,0.0,1
727,56bec9133aeaaa14008c9445,3,weighted,"[150, 110, 90]",1,1.0,1
728,56bec9133aeaaa14008c9446,3,weighted,"[150, 110, 90]",1,1.0,1
729,56bec9133aeaaa14008c9447,3,weighted,"[150, 110, 90]",1,1.0,1
730,56bec9133aeaaa14008c9448,3,weighted,"[150, 110, 90]",0,0.0,1
731,56bec9133aeaaa14008c9449,3,weighted,"[150, 110, 90]",0,0.0,1
732,56d729ec0d65d21400198430,3,weighted,"[150, 110, 90]",1,1.0,1
733,56d729ec0d65d21400198431,3,weighted,"[150, 110, 90]",1,1.0,1
734,56d729ec0d65d21400198432,3,weighted,"[150, 110, 90]",0,0.0,1
735,56d729ec0d65d21400198434,3,weighted,"[150, 110, 90]",0,0.0,1
736,56d9c79edc89441400fdb804,3,weighted,"[150, 110, 90]",0,0.0,1
737,56d9c79edc89441400fdb805,3,weighted,"[150, 110, 90]",0,0.6666666666666666,1
738,56d9c79edc89441400fdb806,3,weighted,"[150, 110, 90]",1,1.0,1
739,56d9c79edc89441400fdb807,3,weighted,"[150, 110, 90]",0,0.0,0
740,56d9c79edc89441400fdb808,3,weighted,"[150, 110, 90]",0,0.0,1
741,56bec98e3aeaaa14008c9455,3,weighted,"[150, 110, 90]",1,1.0,1
742,56bec98e3aeaaa14008c9456,3,weighted,"[150, 110, 90]",1,1.0,1
743,56bec98e3aeaaa14008c9457,3,weighted,"[150, 110, 90]",1,1.0,1
744,56bec98e3aeaaa14008c9458,3,weighted,"[150, 110, 90]",0,0.0,1
745,56bec98e3aeaaa14008c9459,3,weighted,"[150, 110, 90]",0,0.0,1
746,56d7282f0d65d21400198408,3,weighted,"[150, 110, 90]",1,1.0,1
747,56d7282f0d65d21400198409,3,weighted,"[150, 110, 90]",1,1.0,1
748,56d7282f0d65d2140019840a,3,weighted,"[150, 110, 90]",0,0.0,1
749,56d7282f0d65d2140019840c,3,weighted,"[150, 110, 90]",0,0.0,0
750,56d9c92bdc89441400fdb80e,3,weighted,"[150, 110, 90]",0,0.0,0
751,56d9c92bdc89441400fdb80f,3,weighted,"[150, 110, 90]",0,0.6666666666666666,1
752,56d9c92bdc89441400fdb810,3,weighted,"[150, 110, 90]",1,1.0,1
753,56d9c92bdc89441400fdb811,3,weighted,"[150, 110, 90]",0,0.0,1
754,56bec9e83aeaaa14008c945f,3,weighted,"[150, 110, 90]",0,0.0,0
755,56bec9e83aeaaa14008c9460,3,weighted,"[150, 110, 90]",0,0.0,1
756,56bec9e83aeaaa14008c9461,3,weighted,"[150, 110, 90]",1,1.0,1
757,56bec9e83aeaaa14008c9462,3,weighted,"[150, 110, 90]",0,0.6666666666666666,0
758,56d7261e0d65d214001983e0,3,weighted,"[150, 110, 90]",0,0.6666666666666666,1
759,56d7261e0d65d214001983e1,3,weighted,"[150, 110, 90]",1,1.0,1
760,56d7261e0d65d214001983e2,3,weighted,"[150, 110, 90]",1,1.0,1
761,56d7261e0d65d214001983e4,3,weighted,"[150, 110, 90]",1,1.0,1
762,56d9ca0adc89441400fdb820,3,weighted,"[150, 110, 90]",1,1.0,1
763,56d9ca0adc89441400fdb821,3,weighted,"[150, 110, 90]",0,0.5,1
764,56d9ca0adc89441400fdb822,3,weighted,"[150, 110, 90]",1,1.0,1
765,56d9ca0adc89441400fdb823,3,weighted,"[150, 110, 90]",0,0.0,1
766,56beca913aeaaa14008c946d,3,weighted,"[150, 110, 90]",0,0.0,1
767,56beca913aeaaa14008c946e,3,weighted,"[150, 110, 90]",0,0.0,1
768,56beca913aeaaa14008c946f,3,weighted,"[150, 110, 90]",0,0.0,1
769,56beca913aeaaa14008c9470,3,weighted,"[150, 110, 90]",0,0.0,1
770,56beca913aeaaa14008c9471,3,weighted,"[150, 110, 90]",0,0.0,1
771,56d726b60d65d214001983ea,3,weighted,"[150, 110, 90]",0,0.6666666666666666,1
772,56d726b60d65d214001983eb,3,weighted,"[150, 110, 90]",0,0.0,1
773,56d726b60d65d214001983ec,3,weighted,"[150, 110, 90]",1,1.0,1
774,56d726b60d65d214001983ed,3,weighted,"[150, 110, 90]",1,1.0,1
775,56d726b60d65d214001983ee,3,weighted,"[150, 110, 90]",0,0.0,1
776,56d9cb47dc89441400fdb832,3,weighted,"[150, 110, 90]",0,0.0,1
777,56d9cb47dc89441400fdb833,3,weighted,"[150, 110, 90]",1,1.0,1
778,56d9cb47dc89441400fdb834,3,weighted,"[150, 110, 90]",0,0.0,0
779,56d9cb47dc89441400fdb835,3,weighted,"[150, 110, 90]",0,0.0,1
780,56d9cb47dc89441400fdb836,3,weighted,"[150, 110, 90]",0,0.0,1
781,56becaf93aeaaa14008c9481,3,weighted,"[150, 110, 90]",0,0.0,1
782,56becaf93aeaaa14008c9482,3,weighted,"[150, 110, 90]",0,0.0,1
783,56becaf93aeaaa14008c9483,3,weighted,"[150, 110, 90]",0,0.0,1
784,56becaf93aeaaa14008c9484,3,weighted,"[150, 110, 90]",1,1.0,0
785,56becaf93aeaaa14008c9485,3,weighted,"[150, 110, 90]",0,0.0,0
786,56d7270c0d65d214001983f4,3,weighted,"[150, 110, 90]",0,0.0,0
787,56d7270c0d65d214001983f5,3,weighted,"[150, 110, 90]",0,0.0,1
788,56d7270c0d65d214001983f6,3,weighted,"[150, 110, 90]",1,1.0,1
789,56d7270c0d65d214001983f7,3,weighted,"[150, 110, 90]",1,1.0,1
790,56d7270c0d65d214001983f8,3,weighted,"[150, 110, 90]",1,1.0,0
791,56d9ccacdc89441400fdb842,3,weighted,"[150, 110, 90]",0,0.0,0
792,56d9ccacdc89441400fdb843,3,weighted,"[150, 110, 90]",0,0.0,0
793,56d9ccacdc89441400fdb844,3,weighted,"[150, 110, 90]",0,0.0,0
794,56d9ccacdc89441400fdb845,3,weighted,"[150, 110, 90]",0,0.0,0
795,56d9ccacdc89441400fdb846,3,weighted,"[150, 110, 90]",0,0.0,1
796,56becb823aeaaa14008c948b,3,weighted,"[150, 110, 90]",0,0.0,1
797,56becb823aeaaa14008c948c,3,weighted,"[150, 110, 90]",1,1.0,1
798,56becb823aeaaa14008c948d,3,weighted,"[150, 110, 90]",1,1.0,1
799,56becb823aeaaa14008c948e,3,weighted,"[150, 110, 90]",0,0.6666666666666666,1
800,56becb823aeaaa14008c948f,3,weighted,"[150, 110, 90]",0,0.6666666666666666,1
801,56d7277c0d65d214001983fe,3,weighted,"[150, 110, 90]",0,0.5,1
802,56d7277c0d65d214001983ff,3,weighted,"[150, 110, 90]",1,1.0,1
803,56d7277c0d65d21400198401,3,weighted,"[150, 110, 90]",1,1.0,1
804,56d7277c0d65d21400198402,3,weighted,"[150, 110, 90]",1,1.0,1
805,56d9cd9adc89441400fdb84c,3,weighted,"[150, 110, 90]",0,0.0,1
806,56d9cd9adc89441400fdb84d,3,weighted,"[150, 110, 90]",1,1.0,1
807,56d9cd9adc89441400fdb84e,3,weighted,"[150, 110, 90]",1,1.0,1
808,56d9cd9adc89441400fdb84f,3,weighted,"[150, 110, 90]",1,1.0,1
809,56d9cd9adc89441400fdb850,3,weighted,"[150, 110, 90]",0,0.0,1
810,5733a5f54776f41900660f45,3,weighted,"[150, 110, 90]",1,1.0,1
811,5733a5f54776f41900660f48,3,weighted,"[150, 110, 90]",1,1.0,1
812,5733a5f54776f41900660f44,3,weighted,"[150, 110, 90]",1,1.0,1
813,5733a5f54776f41900660f46,3,weighted,"[150, 110, 90]",0,0.0,1
814,5733a5f54776f41900660f47,3,weighted,"[150, 110, 90]",1,1.0,1
815,57336755d058e614000b5a3d,3,weighted,"[150, 110, 90]",1,1.0,1
816,57336755d058e614000b5a3f,3,weighted,"[150, 110, 90]",0,0.0,1
817,57336755d058e614000b5a3c,3,weighted,"[150, 110, 90]",1,1.0,1
818,57336755d058e614000b5a3e,3,weighted,"[150, 110, 90]",1,1.0,1
819,57336755d058e614000b5a40,3,weighted,"[150, 110, 90]",0,0.0,1
820,57337ddc4776f41900660bbb,3,weighted,"[150, 110, 90]",0,0.7499999999999999,1
821,57337ddc4776f41900660bbc,3,weighted,"[150, 110, 90]",1,1.0,1
822,57337ddc4776f41900660bba,3,weighted,"[150, 110, 90]",1,1.0,1
823,57337ddc4776f41900660bbd,3,weighted,"[150, 110, 90]",0,0.0,1
824,57337ddc4776f41900660bbe,3,weighted,"[150, 110, 90]",0,0.0,1
825,57337ea24776f41900660bd0,3,weighted,"[150, 110, 90]",0,0.13333333333333333,1
826,57337ea24776f41900660bd3,3,weighted,"[150, 110, 90]",0,0.0,1
827,57337ea24776f41900660bd2,3,weighted,"[150, 110, 90]",1,1.0,1
828,57337ea24776f41900660bd1,3,weighted,"[150, 110, 90]",0,0.0,1
829,57337ea24776f41900660bd4,3,weighted,"[150, 110, 90]",0,0.0,1
830,57339555d058e614000b5df4,3,weighted,"[150, 110, 90]",1,1.0,1
831,57339555d058e614000b5df5,3,weighted,"[150, 110, 90]",1,1.0,1
832,57339555d058e614000b5df6,3,weighted,"[150, 110, 90]",1,1.0,1
833,57339555d058e614000b5df3,3,weighted,"[150, 110, 90]",1,1.0,1
834,57339555d058e614000b5df7,3,weighted,"[150, 110, 90]",0,0.22222222222222224,1
835,57339902d058e614000b5e70,3,weighted,"[150, 110, 90]",1,1.0,1
836,57339902d058e614000b5e71,3,weighted,"[150, 110, 90]",1,1.0,1
837,57339902d058e614000b5e72,3,weighted,"[150, 110, 90]",0,0.0,1
838,57339902d058e614000b5e73,3,weighted,"[150, 110, 90]",1,1.0,1
839,57339902d058e614000b5e74,3,weighted,"[150, 110, 90]",0,0.5714285714285715,1
840,573399b54776f41900660e64,3,weighted,"[150, 110, 90]",1,1.0,1
841,573399b54776f41900660e65,3,weighted,"[150, 110, 90]",0,0.5,1
842,573399b54776f41900660e66,3,weighted,"[150, 110, 90]",0,0.35294117647058826,1
843,573399b54776f41900660e67,3,weighted,"[150, 110, 90]",1,1.0,1
844,57339a554776f41900660e74,3,weighted,"[150, 110, 90]",1,1.0,1
845,57339a554776f41900660e75,3,weighted,"[150, 110, 90]",1,1.0,1
846,57339a554776f41900660e76,3,weighted,"[150, 110, 90]",1,1.0,1
847,57339a554776f41900660e77,3,weighted,"[150, 110, 90]",0,0.6666666666666666,1
848,57339a554776f41900660e78,3,weighted,"[150, 110, 90]",0,0.25,1
849,57339ad74776f41900660e86,3,weighted,"[150, 110, 90]",1,1.0,1
850,57339ad74776f41900660e87,3,weighted,"[150, 110, 90]",0,0.0,0
851,57339ad74776f41900660e88,3,weighted,"[150, 110, 90]",1,1.0,1
852,57339ad74776f41900660e89,3,weighted,"[150, 110, 90]",0,0.0,1
853,57339ad74776f41900660e8a,3,weighted,"[150, 110, 90]",0,0.0,1
854,57339c16d058e614000b5ec5,3,weighted,"[150, 110, 90]",1,1.0,1
855,57339c16d058e614000b5ec6,3,weighted,"[150, 110, 90]",0,0.6666666666666666,1
856,57339c16d058e614000b5ec7,3,weighted,"[150, 110, 90]",1,1.0,1
857,57339c16d058e614000b5ec8,3,weighted,"[150, 110, 90]",1,1.0,1
858,57339c16d058e614000b5ec9,3,weighted,"[150, 110, 90]",1,1.0,1
859,57339dd94776f41900660ecc,3,weighted,"[150, 110, 90]",1,1.0,1
860,57339dd94776f41900660ecd,3,weighted,"[150, 110, 90]",1,1.0,1
861,57339dd94776f41900660ece,3,weighted,"[150, 110, 90]",1,1.0,1
862,57339dd94776f41900660ecf,3,weighted,"[150, 110, 90]",1,1.0,1
863,57339dd94776f41900660ed0,3,weighted,"[150, 110, 90]",0,0.0,1
864,57339eb9d058e614000b5ef6,3,weighted,"[150, 110, 90]",1,1.0,1
865,57339eb9d058e614000b5ef7,3,weighted,"[150, 110, 90]",1,1.0,1
866,57339eb9d058e614000b5ef8,3,weighted,"[150, 110, 90]",1,1.0,1
867,57339eb9d058e614000b5ef9,3,weighted,"[150, 110, 90]",0,0.2222222222222222,1
868,57339eb9d058e614000b5efa,3,weighted,"[150, 110, 90]",1,1.0,1
869,5733a1854776f41900660f0a,3,weighted,"[150, 110, 90]",0,0.6,1
870,5733a1854776f41900660f0b,3,weighted,"[150, 110, 90]",1,1.0,1
871,5733a1854776f41900660f0c,3,weighted,"[150, 110, 90]",0,0.8,1
872,5733a1854776f41900660f0d,3,weighted,"[150, 110, 90]",1,1.0,1
873,5733a1854776f41900660f0e,3,weighted,"[150, 110, 90]",1,1.0,1
874,5733a2a9d058e614000b5f28,3,weighted,"[150, 110, 90]",1,1.0,1
875,5733a2a9d058e614000b5f29,3,weighted,"[150, 110, 90]",1,1.0,1
876,5733a2a9d058e614000b5f2a,3,weighted,"[150, 110, 90]",1,1.0,1
877,5733a2a9d058e614000b5f2b,3,weighted,"[150, 110, 90]",1,1.0,1
878,5733a2a9d058e614000b5f2c,3,weighted,"[150, 110, 90]",1,1.0,1
879,5733a32bd058e614000b5f32,3,weighted,"[150, 110, 90]",1,1.0,1
880,5733a32bd058e614000b5f33,3,weighted,"[150, 110, 90]",1,1.0,1
881,5733a32bd058e614000b5f34,3,weighted,"[150, 110, 90]",1,1.0,1
882,5733a32bd058e614000b5f35,3,weighted,"[150, 110, 90]",1,1.0,1
883,5733a32bd058e614000b5f36,3,weighted,"[150, 110, 90]",0,0.8,1
884,5733a45d4776f41900660f23,3,weighted,"[150, 110, 90]",0,0.0,0
885,5733a45d4776f41900660f24,3,weighted,"[150, 110, 90]",1,1.0,1
886,5733a45d4776f41900660f25,3,weighted,"[150, 110, 90]",1,1.0,1
887,5733a45d4776f41900660f26,3,weighted,"[150, 110, 90]",1,1.0,1
888,5733a45d4776f41900660f27,3,weighted,"[150, 110, 90]",1,1.0,1
889,5733a560d058e614000b5f77,3,weighted,"[150, 110, 90]",1,1.0,1
890,5733a560d058e614000b5f78,3,weighted,"[150, 110, 90]",1,1.0,1
891,5733a560d058e614000b5f79,3,weighted,"[150, 110, 90]",1,1.0,1
892,5733a560d058e614000b5f7a,3,weighted,"[150, 110, 90]",1,1.0,1
893,5733a560d058e614000b5f7b,3,weighted,"[150, 110, 90]",0,0.0625,1
894,5733a6ac4776f41900660f58,3,weighted,"[150, 110, 90]",1,1.0,1
895,5733a6ac4776f41900660f59,3,weighted,"[150, 110, 90]",1,1.0,1
896,5733a6ac4776f41900660f5a,3,weighted,"[150, 110, 90]",1,1.0,1
897,5733a6ac4776f41900660f5b,3,weighted,"[150, 110, 90]",0,0.6666666666666666,1
898,5733a6ac4776f41900660f5c,3,weighted,"[150, 110, 90]",1,1.0,1
899,573312fcd058e614000b56e6,3,weighted,"[150, 110, 90]",1,1.0,1
900,573312fcd058e614000b56e7,3,weighted,"[150, 110, 90]",1,1.0,1
901,573312fcd058e614000b56e8,3,weighted,"[150, 110, 90]",0,0.0,1
902,573312fcd058e614000b56e9,3,weighted,"[150, 110, 90]",1,1.0,1
903,573312fcd058e614000b56ea,3,weighted,"[150, 110, 90]",0,0.0,1
904,5733140a4776f419006606e0,3,weighted,"[150, 110, 90]",1,1.0,1
905,5733140a4776f419006606e1,3,weighted,"[150, 110, 90]",1,1.0,1
906,5733140a4776f419006606e2,3,weighted,"[150, 110, 90]",0,0.0,1
907,5733140a4776f419006606e3,3,weighted,"[150, 110, 90]",1,1.0,1
908,5733140a4776f419006606e4,3,weighted,"[150, 110, 90]",0,0.0,1
909,573314e3d058e614000b56f0,3,weighted,"[150, 110, 90]",1,1.0,1
910,573314e3d058e614000b56f1,3,weighted,"[150, 110, 90]",0,0.0425531914893617,0
911,573314e3d058e614000b56f2,3,weighted,"[150, 110, 90]",1,1.0,1
912,573314e3d058e614000b56f3,3,weighted,"[150, 110, 90]",0,0.0,1
913,573314e3d058e614000b56f4,3,weighted,"[150, 110, 90]",0,0.0,1
914,57332442d058e614000b5720,3,weighted,"[150, 110, 90]",1,1.0,1
915,57332442d058e614000b5721,3,weighted,"[150, 110, 90]",1,1.0,1
916,57332442d058e614000b5722,3,weighted,"[150, 110, 90]",0,0.3783783783783784,1
917,57332442d058e614000b5723,3,weighted,"[150, 110, 90]",0,0.0,1
918,57332442d058e614000b5724,3,weighted,"[150, 110, 90]",0,0.0,1
919,57332562d058e614000b5730,3,weighted,"[150, 110, 90]",1,1.0,1
920,57332562d058e614000b5731,3,weighted,"[150, 110, 90]",1,1.0,1
921,57332562d058e614000b5732,3,weighted,"[150, 110, 90]",0,0.0,1
922,57332562d058e614000b5733,3,weighted,"[150, 110, 90]",0,0.0,1
923,57332562d058e614000b5734,3,weighted,"[150, 110, 90]",0,0.0,1
924,5733266d4776f41900660712,3,weighted,"[150, 110, 90]",1,1.0,1
925,5733266d4776f41900660713,3,weighted,"[150, 110, 90]",1,1.0,1
926,5733266d4776f41900660714,3,weighted,"[150, 110, 90]",1,1.0,1
927,5733266d4776f41900660715,3,weighted,"[150, 110, 90]",0,0.33333333333333337,1
928,5733266d4776f41900660716,3,weighted,"[150, 110, 90]",1,1.0,1
929,57332a734776f41900660726,3,weighted,"[150, 110, 90]",0,0.6666666666666666,1
930,57332a734776f41900660727,3,weighted,"[150, 110, 90]",1,1.0,1
931,57332a734776f41900660728,3,weighted,"[150, 110, 90]",1,1.0,1
932,57332a734776f41900660729,3,weighted,"[150, 110, 90]",0,0.2857142857142857,1
933,57332a734776f4190066072a,3,weighted,"[150, 110, 90]",1,1.0,1
934,57332b66d058e614000b5758,3,weighted,"[150, 110, 90]",1,1.0,1
935,57332b66d058e614000b5759,3,weighted,"[150, 110, 90]",1,1.0,1
936,57332b66d058e614000b575a,3,weighted,"[150, 110, 90]",1,1.0,1
937,57332b66d058e614000b575b,3,weighted,"[150, 110, 90]",1,1.0,1
938,57332b66d058e614000b575c,3,weighted,"[150, 110, 90]",1,1.0,1
939,57332c1e4776f4190066073a,3,weighted,"[150, 110, 90]",0,0.0,0
940,57332c1e4776f4190066073b,3,weighted,"[150, 110, 90]",0,0.0,1
941,57332c1e4776f4190066073c,3,weighted,"[150, 110, 90]",0,0.6666666666666666,1
942,57332c1e4776f4190066073d,3,weighted,"[150, 110, 90]",1,1.0,1
943,57332c1e4776f4190066073e,3,weighted,"[150, 110, 90]",0,0.0,1
944,57332e48d058e614000b5762,3,weighted,"[150, 110, 90]",1,1.0,1
945,57332e48d058e614000b5763,3,weighted,"[150, 110, 90]",1,1.0,1
946,57332e48d058e614000b5764,3,weighted,"[150, 110, 90]",0,0.0,0
947,57332e48d058e614000b5765,3,weighted,"[150, 110, 90]",1,1.0,1
948,57332e48d058e614000b5766,3,weighted,"[150, 110, 90]",0,0.0,1
949,57332f81d058e614000b5776,3,weighted,"[150, 110, 90]",0,0.8571428571428571,1
950,57332f81d058e614000b5777,3,weighted,"[150, 110, 90]",0,0.5,1
951,57332f81d058e614000b5778,3,weighted,"[150, 110, 90]",0,0.0,1
952,57332f81d058e614000b5779,3,weighted,"[150, 110, 90]",1,1.0,1
953,57332f81d058e614000b577a,3,weighted,"[150, 110, 90]",1,1.0,1
954,573330444776f41900660758,3,weighted,"[150, 110, 90]",1,1.0,1
955,573330444776f41900660759,3,weighted,"[150, 110, 90]",1,1.0,1
956,573330444776f4190066075a,3,weighted,"[150, 110, 90]",1,1.0,1
957,573330444776f4190066075b,3,weighted,"[150, 110, 90]",1,1.0,1
958,573330444776f4190066075c,3,weighted,"[150, 110, 90]",1,1.0,1
959,5733314e4776f4190066076a,3,weighted,"[150, 110, 90]",1,1.0,1
960,5733314e4776f4190066076b,3,weighted,"[150, 110, 90]",1,1.0,1
961,5733314e4776f4190066076c,3,weighted,"[150, 110, 90]",1,1.0,0
962,5733314e4776f4190066076d,3,weighted,"[150, 110, 90]",0,0.21052631578947367,1
963,5733314e4776f4190066076e,3,weighted,"[150, 110, 90]",0,0.0,1
964,57335c20d058e614000b58f9,3,weighted,"[150, 110, 90]",1,1.0,1
965,57335c20d058e614000b58fa,3,weighted,"[150, 110, 90]",0,0.0,1
966,57335c20d058e614000b58fc,3,weighted,"[150, 110, 90]",0,0.6666666666666666,1
967,57335c20d058e614000b58fb,3,weighted,"[150, 110, 90]",1,1.0,1
968,57335c20d058e614000b58fd,3,weighted,"[150, 110, 90]",1,1.0,1
969,57335ddbd058e614000b592f,3,weighted,"[150, 110, 90]",0,0.5,1
970,57335ddbd058e614000b5930,3,weighted,"[150, 110, 90]",0,0.5,1
971,57335ddbd058e614000b5931,3,weighted,"[150, 110, 90]",0,0.5,1
972,57335ddbd058e614000b5932,3,weighted,"[150, 110, 90]",0,0.3333333333333333,1
973,57335ddbd058e614000b5933,3,weighted,"[150, 110, 90]",0,0.0,1
974,57335fcad058e614000b5970,3,weighted,"[150, 110, 90]",1,1.0,1
975,57335fcad058e614000b5971,3,weighted,"[150, 110, 90]",1,1.0,1
976,57335fcad058e614000b5972,3,weighted,"[150, 110, 90]",0,0.0,0
977,57335fcad058e614000b5973,3,weighted,"[150, 110, 90]",1,1.0,1
978,57335fcad058e614000b5974,3,weighted,"[150, 110, 90]",0,0.7499999999999999,1
979,573361404776f4190066093c,3,weighted,"[150, 110, 90]",1,1.0,1
980,573361404776f4190066093d,3,weighted,"[150, 110, 90]",1,1.0,1
981,573361404776f4190066093e,3,weighted,"[150, 110, 90]",0,0.8,1
982,573361404776f4190066093f,3,weighted,"[150, 110, 90]",0,0.6666666666666666,1
983,573361404776f41900660940,3,weighted,"[150, 110, 90]",0,0.0,1
984,573362b94776f41900660974,3,weighted,"[150, 110, 90]",1,1.0,1
985,573362b94776f41900660975,3,weighted,"[150, 110, 90]",1,1.0,1
986,573362b94776f41900660976,3,weighted,"[150, 110, 90]",0,0.6666666666666666,1
987,573362b94776f41900660977,3,weighted,"[150, 110, 90]",1,1.0,1
988,573362b94776f41900660978,3,weighted,"[150, 110, 90]",0,0.0,1
989,5733638fd058e614000b59e8,3,weighted,"[150, 110, 90]",1,1.0,1
990,5733638fd058e614000b59e9,3,weighted,"[150, 110, 90]",0,0.0,0
991,5733638fd058e614000b59ea,3,weighted,"[150, 110, 90]",0,0.8,1
992,5733638fd058e614000b59eb,3,weighted,"[150, 110, 90]",1,1.0,1
993,5733638fd058e614000b59ec,3,weighted,"[150, 110, 90]",0,0.0,1
994,5733647e4776f419006609ae,3,weighted,"[150, 110, 90]",0,0.0,1
995,5733647e4776f419006609af,3,weighted,"[150, 110, 90]",1,1.0,1
996,5733647e4776f419006609b0,3,weighted,"[150, 110, 90]",1,1.0,1
997,5733647e4776f419006609b1,3,weighted,"[150, 110, 90]",1,1.0,1
998,5733647e4776f419006609b2,3,weighted,"[150, 110, 90]",0,0.0,1
999,573368044776f41900660a29,3,weighted,"[150, 110, 90]",1,1.0,1
0,56be4db0acb8001400a502ec,3,top_heavy,"[190, 90, 70]",1,1.0,1
1,56be4db0acb8001400a502ed,3,top_heavy,"[190, 90, 70]",0,0.0,1
2,56be4db0acb8001400a502ee,3,top_heavy,"[190, 90, 70]",0,0.0,0
3,56be4db0acb8001400a502ef,3,top_heavy,"[190, 90, 70]",1,1.0,1
4,56be4db0acb8001400a502f0,3,top_heavy,"[190, 90, 70]",0,0.0,1
5,56be8e613aeaaa14008c90d1,3,top_heavy,"[190, 90, 70]",0,0.0,1
6,56be8e613aeaaa14008c90d2,3,top_heavy,"[190, 90, 70]",1,1.0,1
7,56be8e613aeaaa14008c90d3,3,top_heavy,"[190, 90, 70]",1,1.0,1
8,56bea9923aeaaa14008c91b9,3,top_heavy,"[190, 90, 70]",0,0.0,1
9,56bea9923aeaaa14008c91ba,3,top_heavy,"[190, 90, 70]",0,0.0,0
10,56bea9923aeaaa14008c91bb,3,top_heavy,"[190, 90, 70]",1,1.0,1
11,56beace93aeaaa14008c91df,3,top_heavy,"[190, 90, 70]",0,0.6666666666666666,0
12,56beace93aeaaa14008c91e0,3,top_heavy,"[190, 90, 70]",0,0.5,0
13,56beace93aeaaa14008c91e1,3,top_heavy,"[190, 90, 70]",0,0.0,0
14,56beace93aeaaa14008c91e2,3,top_heavy,"[190, 90, 70]",1,1.0,1
15,56beace93aeaaa14008c91e3,3,top_heavy,"[190, 90, 70]",1,1.0,1
16,56bf10f43aeaaa14008c94fd,3,top_heavy,"[190, 90, 70]",1,1.0,1
17,56bf10f43aeaaa14008c94fe,3,top_heavy,"[190, 90, 70]",0,0.0,0
18,56bf10f43aeaaa14008c94ff,3,top_heavy,"[190, 90, 70]",1,1.0,1
19,56bf10f43aeaaa14008c9500,3,top_heavy,"[190, 90, 70]",1,1.0,1
20,56bf10f43aeaaa14008c9501,3,top_heavy,"[190, 90, 70]",0,0.5,0
21,56d20362e7d4791d009025e8,3,top_heavy,"[190, 90, 70]",1,1.0,1
22,56d20362e7d4791d009025e9,3,top_heavy,"[190, 90, 70]",0,0.0,1
23,56d20362e7d4791d009025ea,3,top_heavy,"[190, 90, 70]",0,0.0,1
24,56d20362e7d4791d009025eb,3,top_heavy,"[190, 90, 70]",0,0.6666666666666666,0
25,56d600e31c85041400946eae,3,top_heavy,"[190, 90, 70]",1,1.0,1
26,56d600e31c85041400946eb0,3,top_heavy,"[190, 90, 70]",0,0.6666666666666666,0
27,56d600e31c85041400946eb1,3,top_heavy,"[190, 90, 70]",0,0.0,0
28,56d9895ddc89441400fdb50e,3,top_heavy,"[190, 90, 70]",0,0.0,0
29,56d9895ddc89441400fdb510,3,top_heavy,"[190, 90, 70]",0,0.0,1
30,56be4e1facb8001400a502f6,3,top_heavy,"[190, 90, 70]",1,1.0,1
31,56be4e1facb8001400a502f9,3,top_heavy,"[190, 90, 70]",1,1.0,1
32,56be4e1facb8001400a502fa,3,top_heavy,"[190, 90, 70]",1,1.0,1
33,56beaa4a3aeaaa14008c91c2,3,top_heavy,"[190, 90, 70]",0,0.0,0
34,56beaa4a3aeaaa14008c91c3,3,top_heavy,"[190, 90, 70]",0,0.0,0
35,56bead5a3aeaaa14008c91e9,3,top_heavy,"[190, 90, 70]",1,1.0,1
36,56bead5a3aeaaa14008c91ea,3,top_heavy,"[190, 90, 70]",1,1.0,1
37,56bead5a3aeaaa14008c91eb,3,top_heavy,"[190, 90, 70]",0,0.0,0
38,56bead5a3aeaaa14008c91ec,3,top_heavy,"[190, 90, 70]",0,0.0,1
39,56bead5a3aeaaa14008c91ed,3,top_heavy,"[190, 90, 70]",1,1.0,1
40,56bf159b3aeaaa14008c9507,3,top_heavy,"[190, 90, 70]",1,1.0,0
41,56bf159b3aeaaa14008c9508,3,top_heavy,"[190, 90, 70]",0,0.0,0
42,56bf159b3aeaaa14008c9509,3,top_heavy,"[190, 90, 70]",0,0.0,0
43,56bf159b3aeaaa14008c950a,3,top_heavy,"[190, 90, 70]",1,1.0,1
44,56bf159b3aeaaa14008c950b,3,top_heavy,"[190, 90, 70]",0,0.0,1
45,56d2045de7d4791d009025f3,3,top_heavy,"[190, 90, 70]",1,1.0,0
46,56d2045de7d4791d009025f4,3,top_heavy,"[190, 90, 70]",1,1.0,1
47,56d2045de7d4791d009025f5,3,top_heavy,"[190, 90, 70]",0,0.0,0
48,56d2045de7d4791d009025f6,3,top_heavy,"[190, 90, 70]",1,1.0,1
49,56d6017d1c85041400946ebe,3,top_heavy,"[190, 90, 70]",1,1.0,1
50,56d6017d1c85041400946ec1,3,top_heavy,"[190, 90, 70]",0,0.0,1
51,56d6017d1c85041400946ec2,3,top_heavy,"[190, 90, 70]",1,1.0,1
52,56d98a59dc89441400fdb52a,3,top_heavy,"[190, 90, 70]",1,1.0,1
53,56d98a59dc89441400fdb52b,3,top_heavy,"[190, 90, 70]",0,0.0,1
54,56d98a59dc89441400fdb52e,3,top_heavy,"[190, 90, 70]",0,0.0,0
55,56be4eafacb8001400a50302,3,top_heavy,"[190, 90, 70]",1,1.0,1
56,56be4eafacb8001400a50303,3,top_heavy,"[190, 90, 70]",0,0.0,1
57,56be4eafacb8001400a50304,3,top_heavy,"[190, 90, 70]",1,1.0,0
58,56beab833aeaaa14008c91d2,3,top_heavy,"[190, 90, 70]",1,1.0,1
59,56beab833aeaaa14008c91d3,3,top_heavy,"[190, 90, 70]",0,0.0,1
60,56beab833aeaaa14008c91d4,3,top_heavy,"[190, 90, 70]",1,1.0,1
61,56beae423aeaaa14008c91f4,3,top_heavy,"[190, 90, 70]",1,1.0,1
62,56beae423aeaaa14008c91f5,3,top_heavy,"[190, 90, 70]",0,0.6666666666666666,1
63,56beae423aeaaa14008c91f6,3,top_heavy,"[190, 90, 70]",0,0.0,1
64,56beae423aeaaa14008c91f7,3,top_heavy,"[190, 90, 70]",0,0.0,1
65,56bf17653aeaaa14008c9511,3,top_heavy,"[190, 90, 70]",1,1.0,1
66,56bf17653aeaaa14008c9513,3,top_heavy,"[190, 90, 70]",1,1.0,1
67,56bf17653aeaaa14008c9514,3,top_heavy,"[190, 90, 70]",1,1.0,1
68,56bf17653aeaaa14008c9515,3,top_heavy,"[190, 90, 70]",1,1.0,1
69,56d204ade7d4791d00902603,3,top_heavy,"[190, 90, 70]",1,1.0,1
70,56d204ade7d4791d00902604,3,top_heavy,"[190, 90, 70]",1,1.0,1
71,56d601e41c85041400946ece,3,top_heavy,"[190, 90, 70]",1,1.0,1
72,56d601e41c85041400946ecf,3,top_heavy,"[190, 90, 70]",0,0.0,1
73,56d601e41c85041400946ed0,3,top_heavy,"[190, 90, 70]",1,1.0,1
74,56d601e41c85041400946ed1,3,top_heavy,"[190, 90, 70]",0,0.0,0
75,56d601e41c85041400946ed2,3,top_heavy,"[190, 90, 70]",1,1.0,1
76,56d98b33dc89441400fdb53b,3,top_heavy,"[190, 90, 70]",0,0.0,0
77,56d98b33dc89441400fdb53c,3,top_heavy,"[190, 90, 70]",0,0.0,1
78,56d98b33dc89441400fdb53d,3,top_heavy,"[190, 90, 70]",1,1.0,1
79,56d98b33dc89441400fdb53e,3,top_heavy,"[190, 90, 70]",0,0.0,1
80,56be5333acb8001400a5030a,3,top_heavy,"[190, 90, 70]",1,1.0,1
81,56be5333acb8001400a5030b,3,top_heavy,"[190, 90, 70]",1,1.0,1
82,56be5333acb8001400a5030c,3,top_heavy,"[190, 90, 70]",1,1.0,1
83,56be5333acb8001400a5030d,3,top_heavy,"[190, 90, 70]",1,1.0,1
84,56be5333acb8001400a5030e,3,top_heavy,"[190, 90, 70]",0,0.6666666666666666,1
85,56beaf5e3aeaaa14008c91fd,3,top_heavy,"[190, 90, 70]",1,1.0,1
86,56beaf5e3aeaaa14008c91fe,3,top_heavy,"[190, 90, 70]",1,1.0,1
87,56beaf5e3aeaaa14008c91ff,3,top_heavy,"[190, 90, 70]",0,0.0,1
88,56beaf5e3aeaaa14008c9200,3,top_heavy,"[190, 90, 70]",1,1.0,1
89,56beaf5e3aeaaa14008c9201,3,top_heavy,"[190, 90, 70]",0,0.0,1
90,56bf1ae93aeaaa14008c951b,3,top_heavy,"[190, 90, 70]",0,0.0,0
91,56bf1ae93aeaaa14008c951c,3,top_heavy,"[190, 90, 70]",1,1.0,1
92,56bf1ae93aeaaa14008c951e,3,top_heavy,"[190, 90, 70]",1,1.0,1
93,56bf1ae93aeaaa14008c951f,3,top_heavy,"[190, 90, 70]",0,0.0,1
94,56d2051ce7d4791d00902608,3,top_heavy,"[190, 90, 70]",0,0.0,0
95,56d2051ce7d4791d00902609,3,top_heavy,"[190, 90, 70]",0,0.0,0
96,56d2051ce7d4791d0090260a,3,top_heavy,"[190, 90, 70]",1,1.0,1
97,56d2051ce7d4791d0090260b,3,top_heavy,"[190, 90, 70]",1,1.0,1
98,56d602631c85041400946ed8,3,top_heavy,"[190, 90, 70]",1,1.0,1
99,56d602631c85041400946eda,3,top_heavy,"[190, 90, 70]",0,0.4,1
100,56d602631c85041400946edb,3,top_heavy,"[190, 90, 70]",1,1.0,1
101,56d602631c85041400946edc,3,top_heavy,"[190, 90, 70]",1,1.0,1
102,56d98c53dc89441400fdb544,3,top_heavy,"[190, 90, 70]",0,0.0,0
103,56d98c53dc89441400fdb545,3,top_heavy,"[190, 90, 70]",0,0.0,1
104,56d98c53dc89441400fdb546,3,top_heavy,"[190, 90, 70]",1,1.0,1
105,56d98c53dc89441400fdb548,3,top_heavy,"[190, 90, 70]",1,1.0,1
106,56be53b8acb8001400a50314,3,top_heavy,"[190, 90, 70]",1,1.0,1
107,56be53b8acb8001400a50315,3,top_heavy,"[190, 90, 70]",0,0.6666666666666666,1
108,56be53b8acb8001400a50316,3,top_heavy,"[190, 90, 70]",1,1.0,1
109,56beafca3aeaaa14008c9207,3,top_heavy,"[190, 90, 70]",0,0.0,0
110,56beafca3aeaaa14008c9208,3,top_heavy,"[190, 90, 70]",0,0.0,0
111,56bf42f53aeaaa14008c95a3,3,top_heavy,"[190, 90, 70]",1,1.0,1
112,56d2053ae7d4791d00902610,3,top_heavy,"[190, 90, 70]",1,1.0,1
113,56d6edd00d65d21400198250,3,top_heavy,"[190, 90, 70]",1,1.0,1
114,56d6edd00d65d21400198251,3,top_heavy,"[190, 90, 70]",1,1.0,1
115,56d98d0adc89441400fdb54e,3,top_heavy,"[190, 90, 70]",1,1.0,1
116,56d98d0adc89441400fdb54f,3,top_heavy,"[190, 90, 70]",1,1.0,1
117,56be5438acb8001400a5031a,3,top_heavy,"[190, 90, 70]",0,0.0,0
118,56be5438acb8001400a5031b,3,top_heavy,"[190, 90, 70]",0,0.4,0
119,56be5438acb8001400a5031c,3,top_heavy,"[190, 90, 70]",1,1.0,0
120,56beb03c3aeaaa14008c920b,3,top_heavy,"[190, 90, 70]",0,0.0,0
121,56beb03c3aeaaa14008c920d,3,top_heavy,"[190, 90, 70]",0,0.23529411764705882,1
122,56bf3c633aeaaa14008c9580,3,top_heavy,"[190, 90, 70]",1,1.0,0
123,56bf3c633aeaaa14008c9581,3,top_heavy,"[190, 90, 70]",0,0.0,0
124,56bf3c633aeaaa14008c9582,3,top_heavy,"[190, 90, 70]",0,0.4,0
125,56d20564e7d4791d00902612,3,top_heavy,"[190, 90, 70]",0,0.1,0
126,56d6ee6e0d65d21400198254,3,top_heavy,"[190, 90, 70]",0,0.0,0
127,56d6ee6e0d65d21400198255,3,top_heavy,"[190, 90, 70]",1,1.0,1
128,56d6ee6e0d65d21400198256,3,top_heavy,"[190, 90, 70]",1,1.0,1
129,56d6ee6e0d65d21400198257,3,top_heavy,"[190, 90, 70]",0,0.0,0
130,56d6ee6e0d65d21400198258,3,top_heavy,"[190, 90, 70]",1,1.0,1
131,56d98db6dc89441400fdb552,3,top_heavy,"[190, 90, 70]",0,0.4,0
132,56d98db6dc89441400fdb553,3,top_heavy,"[190, 90, 70]",0,0.0,0
133,56d98db6dc89441400fdb554,3,top_heavy,"[190, 90, 70]",1,1.0,0
134,56be54bdacb8001400a50322,3,top_heavy,"[190, 90, 70]",1,1.0,1
135,56be54bdacb8001400a50323,3,top_heavy,"[190, 90, 70]",1,1.0,1
136,56be54bdacb8001400a50324,3,top_heavy,"[190, 90, 70]",1,1.0,1
137,56be54bdacb8001400a50325,3,top_heavy,"[190, 90, 70]",1,1.0,1
138,56be54bdacb8001400a50326,3,top_heavy,"[190, 90, 70]",1,1.0,1
139,56beb0f43aeaaa14008c921b,3,top_heavy,"[190, 90, 70]",1,1.0,1
140,56beb0f43aeaaa14008c921c,3,top_heavy,"[190, 90, 70]",1,1.0,1
141,56beb0f43aeaaa14008c921d,3,top_heavy,"[190, 90, 70]",0,0.4,1
142,56beb0f43aeaaa14008c921e,3,top_heavy,"[190, 90, 70]",1,1.0,1
143,56beb0f43aeaaa14008c921f,3,top_heavy,"[190, 90, 70]",1,1.0,1
144,56bf21b43aeaaa14008c9525,3,top_heavy,"[190, 90, 70]",1,1.0,1
145,56bf21b43aeaaa14008c9526,3,top_heavy,"[190, 90, 70]",1,1.0,1
146,56bf21b43aeaaa14008c9528,3,top_heavy,"[190, 90, 70]",0,0.0,1
147,56bf21b43aeaaa14008c9529,3,top_heavy,"[190, 90, 70]",0,0.0,1
148,56d6ef6a0d65d21400198260,3,top_heavy,"[190, 90, 70]",0,0.0,0
149,56d6ef6a0d65d21400198262,3,top_heavy,"[190, 90, 70]",0,0.0,1
150,56d98f0ddc89441400fdb558,3,top_heavy,"[190, 90, 70]",1,1.0,1
151,56d98f0ddc89441400fdb559,3,top_heavy,"[190, 90, 70]",1,1.0,1
152,56d98f0ddc89441400fdb55a,3,top_heavy,"[190, 90, 70]",0,0.0,1
153,56d98f0ddc89441400fdb55b,3,top_heavy,"[190, 90, 70]",1,1.0,1
154,56d98f0ddc89441400fdb55c,3,top_heavy,"[190, 90, 70]",1,1.0,1
155,56be5523acb8001400a5032c,3,top_heavy,"[190, 90, 70]",1,1.0,1
156,56be5523acb8001400a5032d,3,top_heavy,"[190, 90, 70]",0,0.0,0
157,56be5523acb8001400a5032e,3,top_heavy,"[190, 90, 70]",0,0.0,0
158,56be5523acb8001400a5032f,3,top_heavy,"[190, 90, 70]",1,1.0,1
159,56be5523acb8001400a50330,3,top_heavy,"[190, 90, 70]",0,0.3333333333333333,0
160,56beb2153aeaaa14008c9225,3,top_heavy,"[190, 90, 70]",1,1.0,1
161,56beb2153aeaaa14008c9226,3,top_heavy,"[190, 90, 70]",1,1.0,1
162,56beb2153aeaaa14008c9227,3,top_heavy,"[190, 90, 70]",1,1.0,1
163,56beb2153aeaaa14008c9228,3,top_heavy,"[190, 90, 70]",0,0.6666666666666666,0
164,56beb2153aeaaa14008c9229,3,top_heavy,"[190, 90, 70]",1,1.0,1
165,56bf23363aeaaa14008c952f,3,top_heavy,"[190, 90, 70]",0,0.0,1
166,56bf23363aeaaa14008c9530,3,top_heavy,"[190, 90, 70]",1,1.0,1
167,56bf23363aeaaa14008c9531,3,top_heavy,"[190, 90, 70]",1,1.0,1
168,56bf23363aeaaa14008c9532,3,top_heavy,"[190, 90, 70]",1,1.0,1
169,56bf23363aeaaa14008c9533,3,top_heavy,"[190, 90, 70]",1,1.0,1
170,56d6f0770d65d21400198268,3,top_heavy,"[190, 90, 70]",1,1.0,1
171,56d6f0770d65d21400198269,3,top_heavy,"[190, 90, 70]",1,1.0,1
172,56d6f0770d65d2140019826a,3,top_heavy,"[190, 90, 70]",1,1.0,1
173,56d6f0770d65d2140019826c,3,top_heavy,"[190, 90, 70]",0,0.0,1
174,56d98fbfdc89441400fdb562,3,top_heavy,"[190, 90, 70]",0,0.0,1
175,56d98fbfdc89441400fdb563,3,top_heavy,"[190, 90, 70]",1,1.0,1
176,56d98fbfdc89441400fdb564,3,top_heavy,"[190, 90, 70]",1,1.0,1
177,56d98fbfdc89441400fdb565,3,top_heavy,"[190, 90, 70]",0,0.0,0
178,56be572b3aeaaa14008c9052,3,top_heavy,"[190, 90, 70]",1,1.0,1
179,56beb2a03aeaaa14008c922f,3,top_heavy,"[190, 90, 70]",0,0.0,1
180,56beb2a03aeaaa14008c9230,3,top_heavy,"[190, 90, 70]",0,0.0,1
181,56beb2a03aeaaa14008c9231,3,top_heavy,"[190, 90, 70]",0,0.0,1
182,56beb2a03aeaaa14008c9232,3,top_heavy,"[190, 90, 70]",0,0.6666666666666666,1
183,56beb2a03aeaaa14008c9233,3,top_heavy,"[190, 90, 70]",1,1.0,1
184,56bf28c73aeaaa14008c9539,3,top_heavy,"[190, 90, 70]",0,0.0,1
185,56bf28c73aeaaa14008c953a,3,top_heavy,"[190, 90, 70]",0,0.0,1
186,56bf28c73aeaaa14008c953c,3,top_heavy,"[190, 90, 70]",0,0.6666666666666666,1
187,56bf28c73aeaaa14008c953d,3,top_heavy,"[190, 90, 70]",0,0.0,1
188,56d6f1190d65d21400198272,3,top_heavy,"[190, 90, 70]",0,0.0,0
189,56d6f1190d65d21400198273,3,top_heavy,"[190, 90, 70]",0,0.0,0
190,56d6f1190d65d21400198274,3,top_heavy,"[190, 90, 70]",0,0.6666666666666666,1
191,56d6f1190d65d21400198275,3,top_heavy,"[190, 90, 70]",0,0.0,1
192,56d6f1190d65d21400198276,3,top_heavy,"[190, 90, 70]",0,0.0,1
193,56d99179dc89441400fdb56c,3,top_heavy,"[190, 90, 70]",0,0.0,1
194,56d99179dc89441400fdb56d,3,top_heavy,"[190, 90, 70]",0,0.0,1
195,56d99179dc89441400fdb570,3,top_heavy,"[190, 90, 70]",1,1.0,1
196,56be59683aeaaa14008c9058,3,top_heavy,"[190, 90, 70]",1,1.0,1
197,56be59683aeaaa14008c9059,3,top_heavy,"[190, 90, 70]",1,1.0,1
198,56be59683aeaaa14008c905a,3,top_heavy,"[190, 90, 70]",0,0.0,1
199,56beb3083aeaaa14008c923d,3,top_heavy,"[190, 90, 70]",1,1.0,1
200,56beb3083aeaaa14008c923e,3,top_heavy,"[190, 90, 70]",1,1.0,1
201,56beb3083aeaaa14008c923f,3,top_heavy,"[190, 90, 70]",0,0.0,1
202,56beb3083aeaaa14008c9240,3,top_heavy,"[190, 90, 70]",0,0.0,1
203,56beb3083aeaaa14008c9241,3,top_heavy,"[190, 90, 70]",1,1.0,1
204,56bf2afe3aeaaa14008c9543,3,top_heavy,"[190, 90, 70]",1,1.0,1
205,56bf2afe3aeaaa14008c9544,3,top_heavy,"[190, 90, 70]",1,1.0,1
206,56bf2afe3aeaaa14008c9545,3,top_heavy,"[190, 90, 70]",1,1.0,1
207,56bf2afe3aeaaa14008c9547,3,top_heavy,"[190, 90, 70]",0,0.6666666666666666,1
208,56d6f2000d65d2140019827c,3,top_heavy,"[190, 90, 70]",1,1.0,1
209,56d6f2000d65d2140019827d,3,top_heavy,"[190, 90, 70]",1,1.0,1
210,56d6f2000d65d2140019827e,3,top_heavy,"[190, 90, 70]",1,1.0,1
211,56d6f2000d65d2140019827f,3,top_heavy,"[190, 90, 70]",0,0.0,1
212,56d9943fdc89441400fdb576,3,top_heavy,"[190, 90, 70]",1,1.0,1
213,56d9943fdc89441400fdb577,3,top_heavy,"[190, 90, 70]",1,1.0,1
214,56d9943fdc89441400fdb578,3,top_heavy,"[190, 90, 70]",1,1.0,1
215,56d9943fdc89441400fdb57a,3,top_heavy,"[190, 90, 70]",0,0.0,1
216,56beb3a03aeaaa14008c9247,3,top_heavy,"[190, 90, 70]",0,0.0,1
217,56beb3a03aeaaa14008c9248,3,top_heavy,"[190, 90, 70]",0,0.0,1
218,56beb3a03aeaaa14008c9249,3,top_heavy,"[190, 90, 70]",1,1.0,1
219,56beb3a03aeaaa14008c924a,3,top_heavy,"[190, 90, 70]",0,0.0,1
220,56beb3a03aeaaa14008c924b,3,top_heavy,"[190, 90, 70]",0,0.0,1
221,56bf6b303aeaaa14008c960b,3,top_heavy,"[190, 90, 70]",1,1.0,1
222,56bf6b303aeaaa14008c960c,3,top_heavy,"[190, 90, 70]",0,0.0,1
223,56bf6b303aeaaa14008c960d,3,top_heavy,"[190, 90, 70]",0,0.0,1
224,56bf6b303aeaaa14008c960e,3,top_heavy,"[190, 90, 70]",0,0.0,1
225,56bf6b303aeaaa14008c960f,3,top_heavy,"[190, 90, 70]",0,0.0,0
226,56d6f2960d65d21400198286,3,top_heavy,"[190, 90, 70]",0,0.0,0
227,56d6f2960d65d21400198287,3,top_heavy,"[190, 90, 70]",1,1.0,1
228,56d6f2960d65d21400198288,3,top_heavy,"[190, 90, 70]",1,1.0,1
229,56d6f2960d65d21400198289,3,top_heavy,"[190, 90, 70]",0,0.0,1
230,56d6f2960d65d2140019828a,3,top_heavy,"[190, 90, 70]",0,0.0,1
231,56d997cddc89441400fdb586,3,top_heavy,"[190, 90, 70]",0,0.0,1
232,56d997cddc89441400fdb587,3,top_heavy,"[190, 90, 70]",0,0.0,1
233,56d997cddc89441400fdb588,3,top_heavy,"[190, 90, 70]",0,0.0,1
234,56d997cddc89441400fdb589,3,top_heavy,"[190, 90, 70]",1,1.0,1
235,56d997cddc89441400fdb58a,3,top_heavy,"[190, 90, 70]",0,0.0,1
236,56beb4343aeaaa14008c925b,3,top_heavy,"[190, 90, 70]",1,1.0,1
237,56beb4343aeaaa14008c925c,3,top_heavy,"[190, 90, 70]",1,1.0,1
238,56beb4343aeaaa14008c925d,3,top_heavy,"[190, 90, 70]",0,0.0,1
239,56beb4343aeaaa14008c925e,3,top_heavy,"[190, 90, 70]",0,0.0,0
240,56beb4343aeaaa14008c925f,3,top_heavy,"[190, 90, 70]",1,1.0,1
241,56d6f3500d65d21400198290,3,top_heavy,"[190, 90, 70]",0,0.0,1
242,56d6f3500d65d21400198291,3,top_heavy,"[190, 90, 70]",1,1.0,1
243,56d6f3500d65d21400198292,3,top_heavy,"[190, 90, 70]",0,0.0,1
244,56d6f3500d65d21400198293,3,top_heavy,"[190, 90, 70]",0,0.0,1
245,56d6f3500d65d21400198294,3,top_heavy,"[190, 90, 70]",0,0.0,1
246,56d9992fdc89441400fdb59c,3,top_heavy,"[190, 90, 70]",0,0.0,1
247,56d9992fdc89441400fdb59e,3,top_heavy,"[190, 90, 70]",1,1.0,1
248,56d9992fdc89441400fdb59f,3,top_heavy,"[190, 90, 70]",0,0.6666666666666666,1
249,56d9992fdc89441400fdb5a0,3,top_heavy,"[190, 90, 70]",0,0.0,1
250,56beb4e43aeaaa14008c9265,3,top_heavy,"[190, 90, 70]",0,0.0,1
251,56beb4e43aeaaa14008c9266,3,top_heavy,"[190, 90, 70]",0,0.0,1
252,56beb4e43aeaaa14008c9267,3,top_heavy,"[190, 90, 70]",0,0.0,1
253,56beb4e43aeaaa14008c9268,3,top_heavy,"[190, 90, 70]",0,0.0,1
254,56beb4e43aeaaa14008c9269,3,top_heavy,"[190, 90, 70]",0,0.0,1
255,56bf301c3aeaaa14008c954d,3,top_heavy,"[190, 90, 70]",0,0.0,1
256,56bf301c3aeaaa14008c954e,3,top_heavy,"[190, 90, 70]",1,1.0,1
257,56bf301c3aeaaa14008c954f,3,top_heavy,"[190, 90, 70]",0,0.0,1
258,56bf301c3aeaaa14008c9550,3,top_heavy,"[190, 90, 70]",1,1.0,1
259,56bf301c3aeaaa14008c9551,3,top_heavy,"[190, 90, 70]",1,1.0,1
260,56d6f4030d65d2140019829a,3,top_heavy,"[190, 90, 70]",1,1.0,1
261,56d6f4030d65d2140019829b,3,top_heavy,"[190, 90, 70]",0,0.0,1
262,56d6f4030d65d2140019829c,3,top_heavy,"[190, 90, 70]",1,1.0,1
263,56d6f4030d65d2140019829d,3,top_heavy,"[190, 90, 70]",1,1.0,1
264,56d6f4030d65d2140019829e,3,top_heavy,"[190, 90, 70]",0,0.0,1
265,56d99b7bdc89441400fdb5c8,3,top_heavy,"[190, 90, 70]",1,1.0,0
266,56d99b7bdc89441400fdb5c9,3,top_heavy,"[190, 90, 70]",0,0.0,0
267,56d99b7bdc89441400fdb5ca,3,top_heavy,"[190, 90, 70]",0,0.0,0
268,56d99b7bdc89441400fdb5cb,3,top_heavy,"[190, 90, 70]",0,0.0,1
269,56d99b7bdc89441400fdb5cc,3,top_heavy,"[190, 90, 70]",0,0.0,1
270,56beb57b3aeaaa14008c9279,3,top_heavy,"[190, 90, 70]",1,1.0,1
271,56beb57b3aeaaa14008c927a,3,top_heavy,"[190, 90, 70]",0,0.0,0
272,56beb57b3aeaaa14008c927b,3,top_heavy,"[190, 90, 70]",0,0.0,0
273,56beb57b3aeaaa14008c927c,3,top_heavy,"[190, 90, 70]",0,0.0,0
274,56beb57b3aeaaa14008c927d,3,top_heavy,"[190, 90, 70]",0,0.0,1
275,56bf38383aeaaa14008c956b,3,top_heavy,"[190, 90, 70]",1,1.0,1
276,56bf38383aeaaa14008c956c,3,top_heavy,"[190, 90, 70]",0,0.0,1
277,56bf38383aeaaa14008c956d,3,top_heavy,"[190, 90, 70]",1,1.0,1
278,56bf38383aeaaa14008c956e,3,top_heavy,"[190, 90, 70]",0,0.0,1
279,56bf38383aeaaa14008c956f,3,top_heavy,"[190, 90, 70]",0,0.6666666666666666,1
280,56d6fe0b0d65d214001982a4,3,top_heavy,"[190, 90, 70]",1,1.0,1
281,56d6fe0b0d65d214001982a5,3,top_heavy,"[190, 90, 70]",0,0.0,0
282,56d6fe0b0d65d214001982a6,3,top_heavy,"[190, 90, 70]",1,1.0,1
283,56d6fe0b0d65d214001982a7,3,top_heavy,"[190, 90, 70]",0,0.0,1
284,56d99c44dc89441400fdb5d6,3,top_heavy,"[190, 90, 70]",1,1.0,1
285,56d99c44dc89441400fdb5d7,3,top_heavy,"[190, 90, 70]",0,0.0,1
286,56d99c44dc89441400fdb5d8,3,top_heavy,"[190, 90, 70]",0,0.0,0
287,56d99c44dc89441400fdb5d9,3,top_heavy,"[190, 90, 70]",1,1.0,0
288,56d99c44dc89441400fdb5da,3,top_heavy,"[190, 90, 70]",0,0.0,1
289,56beb6533aeaaa14008c928d,3,top_heavy,"[190, 90, 70]",0,0.0,1
290,56beb6533aeaaa14008c928e,3,top_heavy,"[190, 90, 70]",0,0.0,1
291,56beb6533aeaaa14008c9290,3,top_heavy,"[190, 90, 70]",1,1.0,1
292,56beb6533aeaaa14008c9291,3,top_heavy,"[190, 90, 70]",0,0.0,1
293,56bf3e803aeaaa14008c9588,3,top_heavy,"[190, 90, 70]",1,1.0,1
294,56bf3e803aeaaa14008c9589,3,top_heavy,"[190, 90, 70]",1,1.0,1
295,56bf3e803aeaaa14008c958b,3,top_heavy,"[190, 90, 70]",0,0.6666666666666666,1
296,56d6fea90d65d214001982ae,3,top_heavy,"[190, 90, 70]",0,0.0,1
297,56d6fea90d65d214001982af,3,top_heavy,"[190, 90, 70]",1,1.0,1
298,56d6fea90d65d214001982b0,3,top_heavy,"[190, 90, 70]",1,1.0,1
299,56d6fea90d65d214001982b2,3,top_heavy,"[190, 90, 70]",0,0.0,1
300,56d99da8dc89441400fdb5fd,3,top_heavy,"[190, 90, 70]",0,0.0,1
301,56d99da8dc89441400fdb5ff,3,top_heavy,"[190, 90, 70]",0,0.0,0
302,56d99da8dc89441400fdb600,3,top_heavy,"[190, 90, 70]",1,1.0,1
303,56beb6f23aeaaa14008c92a1,3,top_heavy,"[190, 90, 70]",1,1.0,1
304,56beb6f23aeaaa14008c92a2,3,top_heavy,"[190, 90, 70]",1,1.0,1
305,56beb6f23aeaaa14008c92a3,3,top_heavy,"[190, 90, 70]",1,1.0,1
306,56beb6f23aeaaa14008c92a4,3,top_heavy,"[190, 90, 70]",0,0.0,1
307,56beb6f23aeaaa14008c92a5,3,top_heavy,"[190, 90, 70]",0,0.0,1
308,56bf34293aeaaa14008c9559,3,top_heavy,"[190, 90, 70]",0,0.0,1
309,56bf34293aeaaa14008c955a,3,top_heavy,"[190, 90, 70]",0,0.0,1
310,56bf34293aeaaa14008c955b,3,top_heavy,"[190, 90, 70]",0,0.0,1
311,56d701280d65d214001982b8,3,top_heavy,"[190, 90, 70]",1,1.0,1
312,56d701280d65d214001982ba,3,top_heavy,"[190, 90, 70]",0,0.0,0
313,56d701280d65d214001982bc,3,top_heavy,"[190, 90, 70]",0,0.0,1
314,56d99e78dc89441400fdb616,3,top_heavy,"[190, 90, 70]",1,1.0,1
315,56d99e78dc89441400fdb618,3,top_heavy,"[190, 90, 70]",1,1.0,1
316,56d99e78dc89441400fdb619,3,top_heavy,"[190, 90, 70]",1,1.0,1
317,56d99e78dc89441400fdb61a,3,top_heavy,"[190, 90, 70]",0,0.0,1
318,56beb7953aeaaa14008c92ab,3,top_heavy,"[190, 90, 70]",1,1.0,1
319,56beb7953aeaaa14008c92ac,3,top_heavy,"[190, 90, 70]",1,1.0,1
320,56beb7953aeaaa14008c92ad,3,top_heavy,"[190, 90, 70]",1,1.0,0
321,56beb7953aeaaa14008c92ae,3,top_heavy,"[190, 90, 70]",0,0.0,1
322,56beb7953aeaaa14008c92af,3,top_heavy,"[190, 90, 70]",1,1.0,1
323,56bf36b93aeaaa14008c9561,3,top_heavy,"[190, 90, 70]",0,0.0,1
324,56bf36b93aeaaa14008c9562,3,top_heavy,"[190, 90, 70]",1,1.0,1
325,56bf36b93aeaaa14008c9563,3,top_heavy,"[190, 90, 70]",1,1.0,0
326,56bf36b93aeaaa14008c9564,3,top_heavy,"[190, 90, 70]",1,1.0,1
327,56bf36b93aeaaa14008c9565,3,top_heavy,"[190, 90, 70]",1,1.0,1
328,56d7018a0d65d214001982c2,3,top_heavy,"[190, 90, 70]",1,1.0,1
329,56d7018a0d65d214001982c3,3,top_heavy,"[190, 90, 70]",1,1.0,1
330,56d7018a0d65d214001982c5,3,top_heavy,"[190, 90, 70]",1,1.0,1
331,56d99f99dc89441400fdb628,3,top_heavy,"[190, 90, 70]",0,0.0,0
332,56d99f99dc89441400fdb629,3,top_heavy,"[190, 90, 70]",1,1.0,1
333,56d99f99dc89441400fdb62c,3,top_heavy,"[190, 90, 70]",1,1.0,1
334,56beb7fd3aeaaa14008c92b5,3,top_heavy,"[190, 90, 70]",1,1.0,1
335,56beb7fd3aeaaa14008c92b6,3,top_heavy,"[190, 90, 70]",1,1.0,1
336,56beb7fd3aeaaa14008c92b7,3,top_heavy,"[190, 90, 70]",0,0.0,1
337,56beb7fd3aeaaa14008c92b8,3,top_heavy,"[190, 90, 70]",0,0.0,1
338,56bf3a223aeaaa14008c9575,3,top_heavy,"[190, 90, 70]",0,0.0,1
339,56bf3a223aeaaa14008c9576,3,top_heavy,"[190, 90, 70]",1,1.0,1
340,56bf3a223aeaaa14008c9577,3,top_heavy,"[190, 90, 70]",0,0.0,1
341,56bf3a223aeaaa14008c9579,3,top_heavy,"[190, 90, 70]",1,1.0,1
342,56d703d10d65d214001982d6,3,top_heavy,"[190, 90, 70]",0,0.0,1
343,56d703d10d65d214001982d7,3,top_heavy,"[190, 90, 70]",1,1.0,1
344,56d703d10d65d214001982d8,3,top_heavy,"[190, 90, 70]",0,0.0,1
345,56d9a026dc89441400fdb632,3,top_heavy,"[190, 90, 70]",1,1.0,1
346,56beb86b3aeaaa14008c92bd,3,top_heavy,"[190, 90, 70]",1,1.0,1
347,56beb86b3aeaaa14008c92be,3,top_heavy,"[190, 90, 70]",1,1.0,1
348,56beb86b3aeaaa14008c92bf,3,top_heavy,"[190, 90, 70]",1,1.0,1
349,56beb86b3aeaaa14008c92c0,3,top_heavy,"[190, 90, 70]",1,1.0,1
350,56beb86b3aeaaa14008c92c1,3,top_heavy,"[190, 90, 70]",0,0.0,1
351,56bf3fd53aeaaa14008c9591,3,top_heavy,"[190, 90, 70]",1,1.0,1
352,56bf3fd53aeaaa14008c9592,3,top_heavy,"[190, 90, 70]",1,1.0,1
353,56bf3fd53aeaaa14008c9593,3,top_heavy,"[190, 90, 70]",1,1.0,1
354,56bf3fd53aeaaa14008c9594,3,top_heavy,"[190, 90, 70]",1,1.0,1
355,56bf3fd53aeaaa14008c9595,3,top_heavy,"[190, 90, 70]",0,0.0,0
356,56d704430d65d214001982de,3,top_heavy,"[190, 90, 70]",1,1.0,1
357,56d704430d65d214001982e0,3,top_heavy,"[190, 90, 70]",1,1.0,1
358,56d704430d65d214001982e1,3,top_heavy,"[190, 90, 70]",0,0.0,1
359,56d704430d65d214001982e2,3,top_heavy,"[190, 90, 70]",1,1.0,1
360,56d9a0eadc89441400fdb63e,3,top_heavy,"[190, 90, 70]",1,1.0,1
361,56d9a0eadc89441400fdb63f,3,top_heavy,"[190, 90, 70]",1,1.0,1
362,56d9a0eadc89441400fdb640,3,top_heavy,"[190, 90, 70]",1,1.0,1
363,56beb90c3aeaaa14008c92c7,3,top_heavy,"[190, 90, 70]",1,1.0,1
364,56beb90c3aeaaa14008c92c8,3,top_heavy,"[190, 90, 70]",1,1.0,1
365,56beb90c3aeaaa14008c92c9,3,top_heavy,"[190, 90, 70]",0,0.0,0
366,56beb90c3aeaaa14008c92ca,3,top_heavy,"[190, 90, 70]",0,0.0,1
367,56beb90c3aeaaa14008c92cb,3,top_heavy,"[190, 90, 70]",0,0.0,1
368,56bf41013aeaaa14008c959b,3,top_heavy,"[190, 90, 70]",1,1.0,1
369,56bf41013aeaaa14008c959c,3,top_heavy,"[190, 90, 70]",1,1.0,1
370,56bf41013aeaaa14008c959d,3,top_heavy,"[190, 90, 70]",0,0.0,0
371,56bf41013aeaaa14008c959e,3,top_heavy,"[190, 90, 70]",0,0.0,0
372,56d7096b0d65d214001982fc,3,top_heavy,"[190, 90, 70]",0,0.5,1
373,56d7096b0d65d214001982fd,3,top_heavy,"[190, 90, 70]",0,0.0,1
374,56d7096b0d65d214001982fe,3,top_heavy,"[190, 90, 70]",0,0.0,1
375,56d9a199dc89441400fdb647,3,top_heavy,"[190, 90, 70]",1,1.0,1
376,56d9a199dc89441400fdb648,3,top_heavy,"[190, 90, 70]",0,0.0,0
377,56d9a199dc89441400fdb649,3,top_heavy,"[190, 90, 70]",0,0.0,1
378,56beb97c3aeaaa14008c92db,3,top_heavy,"[190, 90, 70]",1,1.0,1
379,56beb97c3aeaaa14008c92dc,3,top_heavy,"[190, 90, 70]",1,1.0,1
380,56beb97c3aeaaa14008c92dd,3,top_heavy,"[190, 90, 70]",1,1.0,1
381,56beb97c3aeaaa14008c92de,3,top_heavy,"[190, 90, 70]",1,1.0,1
382,56beb97c3aeaaa14008c92df,3,top_heavy,"[190, 90, 70]",0,0.6666666666666666,1
383,56bf6c3e3aeaaa14008c9615,3,top_heavy,"[190, 90, 70]",1,1.0,1
384,56bf6c3e3aeaaa14008c9617,3,top_heavy,"[190, 90, 70]",0,0.0,1
385,56d709ef0d65d21400198306,3,top_heavy,"[190, 90, 70]",0,0.0,0
386,56d709ef0d65d21400198307,3,top_heavy,"[190, 90, 70]",1,1.0,1
387,56beba103aeaaa14008c92e5,3,top_heavy,"[190, 90, 70]",0,0.5714285714285715,1
388,56beba103aeaaa14008c92e6,3,top_heavy,"[190, 90, 70]",1,1.0,1
389,56beba103aeaaa14008c92e7,3,top_heavy,"[190, 90, 70]",1,1.0,1
390,56beba103aeaaa14008c92e8,3,top_heavy,"[190, 90, 70]",1,1.0,1
391,56beba103aeaaa14008c92e9,3,top_heavy,"[190, 90, 70]",1,1.0,1
392,56bf467d3aeaaa14008c95a5,3,top_heavy,"[190, 90, 70]",1,1.0,1
393,56bf467d3aeaaa14008c95a6,3,top_heavy,"[190, 90, 70]",1,1.0,1
394,56bf467d3aeaaa14008c95a7,3,top_heavy,"[190, 90, 70]",0,0.0,0
395,56d70adc0d65d21400198311,3,top_heavy,"[190, 90, 70]",1,1.0,1
396,56d70adc0d65d21400198312,3,top_heavy,"[190, 90, 70]",0,0.4615384615384615,1
397,56d70adc0d65d21400198313,3,top_heavy,"[190, 90, 70]",0,0.15384615384615383,1
398,56d70adc0d65d21400198314,3,top_heavy,"[190, 90, 70]",0,0.07692307692307693,1
399,56d9a419dc89441400fdb678,3,top_heavy,"[190, 90, 70]",1,1.0,1
400,56d9a419dc89441400fdb679,3,top_heavy,"[190, 90, 70]",0,0.0,1
401,56bebad93aeaaa14008c92f9,3,top_heavy,"[190, 90, 70]",1,1.0,1
402,56bebad93aeaaa14008c92fa,3,top_heavy,"[190, 90, 70]",0,0.0,1
403,56bebad93aeaaa14008c92fb,3,top_heavy,"[190, 90, 70]",0,0.0,1
404,56bebad93aeaaa14008c92fc,3,top_heavy,"[190, 90, 70]",0,0.6666666666666666,1
405,56bebad93aeaaa14008c92fd,3,top_heavy,"[190, 90, 70]",1,1.0,1
406,56bf48cc3aeaaa14008c95ab,3,top_heavy,"[190, 90, 70]",1,1.0,1
407,56bf48cc3aeaaa14008c95ac,3,top_heavy,"[190, 90, 70]",0,0.0,1
408,56bf48cc3aeaaa14008c95ae,3,top_heavy,"[190, 90, 70]",0,0.0,1
409,56bf48cc3aeaaa14008c95af,3,top_heavy,"[190, 90, 70]",1,1.0,1
410,56d70ccc0d65d2140019831d,3,top_heavy,"[190, 90, 70]",1,1.0,1
411,56d70ccc0d65d2140019831f,3,top_heavy,"[190, 90, 70]",0,0.0,1
412,56d9a637dc89441400fdb697,3,top_heavy,"[190, 90, 70]",1,1.0,1
413,56d9a637dc89441400fdb698,3,top_heavy,"[190, 90, 70]",0,0.6666666666666666,1
414,56d9a637dc89441400fdb699,3,top_heavy,"[190, 90, 70]",0,0.0,1
415,56d9a637dc89441400fdb69a,3,top_heavy,"[190, 90, 70]",0,0.28571428571428575,1
416,56bebb293aeaaa14008c9303,3,top_heavy,"[190, 90, 70]",0,0.0,1
417,56bebb293aeaaa14008c9304,3,top_heavy,"[190, 90, 70]",1,1.0,1
418,56bebb293aeaaa14008c9305,3,top_heavy,"[190, 90, 70]",1,1.0,1
419,56bebb293aeaaa14008c9306,3,top_heavy,"[190, 90, 70]",0,0.0,1
420,56bf49993aeaaa14008c95b5,3,top_heavy,"[190, 90, 70]",0,0.0,0
421,56bf49993aeaaa14008c95b6,3,top_heavy,"[190, 90, 70]",0,0.0,0
422,56bf49993aeaaa14008c95b7,3,top_heavy,"[190, 90, 70]",0,0.0,0
423,56bf49993aeaaa14008c95b8,3,top_heavy,"[190, 90, 70]",0,0.0,0
424,56d70d240d65d21400198326,3,top_heavy,"[190, 90, 70]",0,0.0,0
425,56d70d240d65d21400198327,3,top_heavy,"[190, 90, 70]",0,0.14285714285714288,0
426,56d70d240d65d21400198328,3,top_heavy,"[190, 90, 70]",0,0.0,0
427,56d70d240d65d21400198329,3,top_heavy,"[190, 90, 70]",0,0.0,0
428,56d9a6b4dc89441400fdb6a0,3,top_heavy,"[190, 90, 70]",0,0.0,0
429,56d9a6b4dc89441400fdb6a1,3,top_heavy,"[190, 90, 70]",1,1.0,1
430,56d9a6b4dc89441400fdb6a2,3,top_heavy,"[190, 90, 70]",0,0.0,0
431,56d9a6b4dc89441400fdb6a3,3,top_heavy,"[190, 90, 70]",0,0.0,0
432,56bebbbf3aeaaa14008c9315,3,top_heavy,"[190, 90, 70]",1,1.0,1
433,56bebbbf3aeaaa14008c9316,3,top_heavy,"[190, 90, 70]",0,0.6666666666666666,1
434,56bebbbf3aeaaa14008c9317,3,top_heavy,"[190, 90, 70]",1,1.0,1
435,56bebbbf3aeaaa14008c9318,3,top_heavy,"[190, 90, 70]",1,1.0,1
436,56bebbbf3aeaaa14008c9319,3,top_heavy,"[190, 90, 70]",1,1.0,1
437,56bf4e1b3aeaaa14008c95bd,3,top_heavy,"[190, 90, 70]",1,1.0,1
438,56bf4e1b3aeaaa14008c95be,3,top_heavy,"[190, 90, 70]",0,0.6666666666666666,1
439,56bf4e1b3aeaaa14008c95c0,3,top_heavy,"[190, 90, 70]",0,0.5,1
440,56bf4e1b3aeaaa14008c95c1,3,top_heavy,"[190, 90, 70]",0,0.0,1
441,56d70daa0d65d21400198332,3,top_heavy,"[190, 90, 70]",1,1.0,1
442,56d70daa0d65d21400198333,3,top_heavy,"[190, 90, 70]",1,1.0,1
443,56d70daa0d65d21400198334,3,top_heavy,"[190, 90, 70]",0,0.5,1
444,56d70daa0d65d21400198335,3,top_heavy,"[190, 90, 70]",0,0.0,1
445,56d70daa0d65d21400198336,3,top_heavy,"[190, 90, 70]",1,1.0,1
446,56d9a7addc89441400fdb6a8,3,top_heavy,"[190, 90, 70]",1,1.0,1
447,56d9a7addc89441400fdb6ab,3,top_heavy,"[190, 90, 70]",0,0.0,1
448,56bebc383aeaaa14008c931f,3,top_heavy,"[190, 90, 70]",1,1.0,1
449,56bebc383aeaaa14008c9320,3,top_heavy,"[190, 90, 70]",1,1.0,1
450,56bebc383aeaaa14008c9321,3,top_heavy,"[190, 90, 70]",1,1.0,1
451,56bf52483aeaaa14008c95c7,3,top_heavy,"[190, 90, 70]",1,1.0,1
452,56bf52483aeaaa14008c95c8,3,top_heavy,"[190, 90, 70]",1,1.0,1
453,56d70e570d65d2140019833c,3,top_heavy,"[190, 90, 70]",0,0.6666666666666666,0
454,56d70e570d65d2140019833e,3,top_heavy,"[190, 90, 70]",1,1.0,1
455,56d70e570d65d2140019833f,3,top_heavy,"[190, 90, 70]",1,1.0,1
456,56d9b01fdc89441400fdb6d4,3,top_heavy,"[190, 90, 70]",0,0.0,0
457,56bebcbe3aeaaa14008c9325,3,top_heavy,"[190, 90, 70]",1,1.0,1
458,56bebcbe3aeaaa14008c9326,3,top_heavy,"[190, 90, 70]",1,1.0,1
459,56bebcbe3aeaaa14008c9327,3,top_heavy,"[190, 90, 70]",1,1.0,1
460,56bebcbe3aeaaa14008c9328,3,top_heavy,"[190, 90, 70]",1,1.0,1
461,56bebcbe3aeaaa14008c9329,3,top_heavy,"[190, 90, 70]",0,0.0,0
462,56bf53e73aeaaa14008c95cb,3,top_heavy,"[190, 90, 70]",1,1.0,1
463,56bf53e73aeaaa14008c95cc,3,top_heavy,"[190, 90, 70]",1,1.0,1
464,56bf53e73aeaaa14008c95cd,3,top_heavy,"[190, 90, 70]",1,1.0,1
465,56bf53e73aeaaa14008c95ce,3,top_heavy,"[190, 90, 70]",1,1.0,1
466,56d7145c0d65d2140019834c,3,top_heavy,"[190, 90, 70]",0,0.5714285714285715,1
467,56d7145c0d65d2140019834d,3,top_heavy,"[190, 90, 70]",1,1.0,1
468,56d7145c0d65d2140019834f,3,top_heavy,"[190, 90, 70]",1,1.0,1
469,56d9b389dc89441400fdb6ec,3,top_heavy,"[190, 90, 70]",1,1.0,1
470,56d9b389dc89441400fdb6ed,3,top_heavy,"[190, 90, 70]",1,1.0,1
471,56d9b389dc89441400fdb6ee,3,top_heavy,"[190, 90, 70]",1,1.0,1
472,56d9b389dc89441400fdb6ef,3,top_heavy,"[190, 90, 70]",1,1.0,1
473,56d9b389dc89441400fdb6f0,3,top_heavy,"[190, 90, 70]",1,1.0,1
474,56bebd713aeaaa14008c932f,3,top_heavy,"[190, 90, 70]",1,1.0,1
475,56bebd713aeaaa14008c9330,3,top_heavy,"[190, 90, 70]",0,0.0,0
476,56bebd713aeaaa14008c9331,3,top_heavy,"[190, 90, 70]",1,1.0,1
477,56bf555e3aeaaa14008c95d3,3,top_heavy,"[190, 90, 70]",0,0.10526315789473684,0
478,56bf555e3aeaaa14008c95d4,3,top_heavy,"[190, 90, 70]",0,0.5,0
479,56bf555e3aeaaa14008c95d5,3,top_heavy,"[190, 90, 70]",0,0.0,0
480,56d714cd0d65d21400198356,3,top_heavy,"[190, 90, 70]",0,0.5,1
481,56d714cd0d65d21400198358,3,top_heavy,"[190, 90, 70]",1,1.0,1
482,56d714cd0d65d21400198359,3,top_heavy,"[190, 90, 70]",1,1.0,1
483,56d9b43edc89441400fdb700,3,top_heavy,"[190, 90, 70]",0,0.5,0
484,56d9b43edc89441400fdb701,3,top_heavy,"[190, 90, 70]",1,1.0,1
485,56bebde53aeaaa14008c9335,3,top_heavy,"[190, 90, 70]",1,1.0,1
486,56bebde53aeaaa14008c9336,3,top_heavy,"[190, 90, 70]",0,0.6666666666666666,1
487,56bebde53aeaaa14008c9337,3,top_heavy,"[190, 90, 70]",1,1.0,1
488,56bebde53aeaaa14008c9338,3,top_heavy,"[190, 90, 70]",1,1.0,1
489,56bebde53aeaaa14008c9339,3,top_heavy,"[190, 90, 70]",1,1.0,1
490,56bf57043aeaaa14008c95d9,3,top_heavy,"[190, 90, 70]",1,1.0,1
491,56bf57043aeaaa14008c95da,3,top_heavy,"[190, 90, 70]",0,0.0,1
492,56bf57043aeaaa14008c95db,3,top_heavy,"[190, 90, 70]",1,1.0,1
493,56bf57043aeaaa14008c95dc,3,top_heavy,"[190, 90, 70]",0,0.0,1
494,56bf57043aeaaa14008c95dd,3,top_heavy,"[190, 90, 70]",1,1.0,1
495,56d71bd80d65d2140019835e,3,top_heavy,"[190, 90, 70]",0,0.6666666666666666,1
496,56d71bd80d65d21400198360,3,top_heavy,"[190, 90, 70]",1,1.0,1
497,56d71bd80d65d21400198361,3,top_heavy,"[190, 90, 70]",1,1.0,1
498,56d71bd80d65d21400198362,3,top_heavy,"[190, 90, 70]",1,1.0,1
499,56d9b4ebdc89441400fdb708,3,top_heavy,"[190, 90, 70]",0,0.6666666666666666,1
500,56d9b4ebdc89441400fdb709,3,top_heavy,"[190, 90, 70]",0,0.5714285714285715,0
501,56d9b4ebdc89441400fdb70a,3,top_heavy,"[190, 90, 70]",1,1.0,1
502,56d9b4ebdc89441400fdb70b,3,top_heavy,"[190, 90, 70]",1,1.0,1
503,56d9b4ebdc89441400fdb70c,3,top_heavy,"[190, 90, 70]",1,1.0,1
504,56bebe873aeaaa14008c933f,3,top_heavy,"[190, 90, 70]",0,0.0,1
505,56bebe873aeaaa14008c9340,3,top_heavy,"[190, 90, 70]",1,1.0,1
506,56bebe873aeaaa14008c9341,3,top_heavy,"[190, 90, 70]",0,0.0,1
507,56bebe873aeaaa14008c9342,3,top_heavy,"[190, 90, 70]",0,0.0,0
508,56bebe873aeaaa14008c9343,3,top_heavy,"[190, 90, 70]",0,0.0,0
509,56bf59523aeaaa14008c95e3,3,top_heavy,"[190, 90, 70]",1,1.0,1
510,56bf59523aeaaa14008c95e4,3,top_heavy,"[190, 90, 70]",0,0.0,0
511,56bf59523aeaaa14008c95e5,3,top_heavy,"[190, 90, 70]",0,0.0,0
512,56d71cb60d65d21400198368,3,top_heavy,"[190, 90, 70]",0,0.0,1
513,56d9b5ffdc89441400fdb720,3,top_heavy,"[190, 90, 70]",0,0.0,1
514,56d9b5ffdc89441400fdb721,3,top_heavy,"[190, 90, 70]",0,0.0,0
515,56bebec43aeaaa14008c9349,3,top_heavy,"[190, 90, 70]",1,1.0,1
516,56bebec43aeaaa14008c934a,3,top_heavy,"[190, 90, 70]",0,0.28571428571428575,1
517,56bf5abc3aeaaa14008c95e9,3,top_heavy,"[190, 90, 70]",0,0.0,0
518,56bf5abc3aeaaa14008c95ea,3,top_heavy,"[190, 90, 70]",0,0.28571428571428575,1
519,56d71d150d65d2140019836e,3,top_heavy,"[190, 90, 70]",0,0.888888888888889,1
520,56d71d150d65d2140019836f,3,top_heavy,"[190, 90, 70]",0,0.5555555555555556,1
521,56d71d150d65d21400198370,3,top_heavy,"[190, 90, 70]",0,0.28571428571428575,1
522,56d9b6a3dc89441400fdb72f,3,top_heavy,"[190, 90, 70]",1,1.0,1
523,56d9b6a3dc89441400fdb730,3,top_heavy,"[190, 90, 70]",0,0.28571428571428575,1
524,56bec0353aeaaa14008c934d,3,top_heavy,"[190, 90, 70]",0,0.8,1
525,56bec0353aeaaa14008c934e,3,top_heavy,"[190, 90, 70]",1,1.0,1
526,56bec0353aeaaa14008c934f,3,top_heavy,"[190, 90, 70]",0,0.0,1
527,56bec0353aeaaa14008c9350,3,top_heavy,"[190, 90, 70]",1,1.0,1
528,56bec0353aeaaa14008c9351,3,top_heavy,"[190, 90, 70]",1,1.0,1
529,56bf5b933aeaaa14008c95ed,3,top_heavy,"[190, 90, 70]",1,1.0,1
530,56bf5b933aeaaa14008c95ef,3,top_heavy,"[190, 90, 70]",1,1.0,1
531,56bf5b933aeaaa14008c95f1,3,top_heavy,"[190, 90, 70]",0,0.0,1
532,56d71d9d0d65d21400198374,3,top_heavy,"[190, 90, 70]",1,1.0,1
533,56d71d9d0d65d21400198377,3,top_heavy,"[190, 90, 70]",1,1.0,1
534,56bec0dd3aeaaa14008c9357,3,top_heavy,"[190, 90, 70]",0,0.0,0
535,56bec0dd3aeaaa14008c9358,3,top_heavy,"[190, 90, 70]",1,1.0,1
536,56bec0dd3aeaaa14008c9359,3,top_heavy,"[190, 90, 70]",1,1.0,1
537,56bec0dd3aeaaa14008c935a,3,top_heavy,"[190, 90, 70]",1,1.0,1
538,56bec0dd3aeaaa14008c935b,3,top_heavy,"[190, 90, 70]",1,1.0,1
539,56bf5e7b3aeaaa14008c95f7,3,top_heavy,"[190, 90, 70]",0,0.0,0
540,56bf5e7b3aeaaa14008c95f8,3,top_heavy,"[190, 90, 70]",0,0.0,1
541,56bf5e7b3aeaaa14008c95f9,3,top_heavy,"[190, 90, 70]",1,1.0,1
542,56bf5e7b3aeaaa14008c95fa,3,top_heavy,"[190, 90, 70]",1,1.0,1
543,56bf5e7b3aeaaa14008c95fb,3,top_heavy,"[190, 90, 70]",0,0.6666666666666666,1
544,56d71ed50d65d2140019837c,3,top_heavy,"[190, 90, 70]",1,1.0,1
545,56d71ed50d65d2140019837d,3,top_heavy,"[190, 90, 70]",1,1.0,1
546,56d9b7dcdc89441400fdb740,3,top_heavy,"[190, 90, 70]",1,1.0,0
547,56d9b7dcdc89441400fdb741,3,top_heavy,"[190, 90, 70]",0,0.22222222222222224,0
548,56d9b7dcdc89441400fdb742,3,top_heavy,"[190, 90, 70]",0,0.22222222222222224,0
549,56d9b7dcdc89441400fdb743,3,top_heavy,"[190, 90, 70]",1,1.0,1
550,56d9b7dcdc89441400fdb744,3,top_heavy,"[190, 90, 70]",0,0.0,0
551,56bec1823aeaaa14008c9361,3,top_heavy,"[190, 90, 70]",0,0.0,1
552,56bec1823aeaaa14008c9362,3,top_heavy,"[190, 90, 70]",1,1.0,1
553,56bec1823aeaaa14008c9363,3,top_heavy,"[190, 90, 70]",1,1.0,1
554,56bec1823aeaaa14008c9364,3,top_heavy,"[190, 90, 70]",1,1.0,1
555,56bec1823aeaaa14008c9365,3,top_heavy,"[190, 90, 70]",1,1.0,1
556,56bf6d343aeaaa14008c961b,3,top_heavy,"[190, 90, 70]",1,1.0,0
557,56d71fc00d65d21400198386,3,top_heavy,"[190, 90, 70]",1,1.0,1
558,56d71fc00d65d21400198389,3,top_heavy,"[190, 90, 70]",1,1.0,1
559,56d9ba95dc89441400fdb754,3,top_heavy,"[190, 90, 70]",0,0.0,0
560,56d9ba95dc89441400fdb757,3,top_heavy,"[190, 90, 70]",0,0.0,1
561,56d9ba95dc89441400fdb758,3,top_heavy,"[190, 90, 70]",1,1.0,1
562,56bec2013aeaaa14008c9371,3,top_heavy,"[190, 90, 70]",1,1.0,1
563,56bec2013aeaaa14008c9372,3,top_heavy,"[190, 90, 70]",1,1.0,1
564,56bec2013aeaaa14008c9373,3,top_heavy,"[190, 90, 70]",1,1.0,1
565,56bec2013aeaaa14008c9374,3,top_heavy,"[190, 90, 70]",0,0.6666666666666666,1
566,56bec2013aeaaa14008c9375,3,top_heavy,"[190, 90, 70]",0,0.0,1
567,56bf6e7a3aeaaa14008c961f,3,top_heavy,"[190, 90, 70]",0,0.0,0
568,56bf6e7a3aeaaa14008c9620,3,top_heavy,"[190, 90, 70]",0,0.0,0
569,56bf6e7a3aeaaa14008c9621,3,top_heavy,"[190, 90, 70]",1,1.0,1
570,56bf6e7a3aeaaa14008c9622,3,top_heavy,"[190, 90, 70]",0,0.0,1
571,56d7205e0d65d21400198391,3,top_heavy,"[190, 90, 70]",0,0.6666666666666666,1
572,56d7205e0d65d21400198392,3,top_heavy,"[190, 90, 70]",1,1.0,1
573,56d9bc13dc89441400fdb75e,3,top_heavy,"[190, 90, 70]",1,1.0,1
574,56d9bc13dc89441400fdb75f,3,top_heavy,"[190, 90, 70]",0,0.0,0
575,56d9bc13dc89441400fdb760,3,top_heavy,"[190, 90, 70]",1,1.0,1
576,56bec2573aeaaa14008c937b,3,top_heavy,"[190, 90, 70]",0,0.6,1
577,56bec2573aeaaa14008c937c,3,top_heavy,"[190, 90, 70]",1,1.0,1
578,56bf6f743aeaaa14008c9631,3,top_heavy,"[190, 90, 70]",0,0.5,1
579,56bf6f743aeaaa14008c9632,3,top_heavy,"[190, 90, 70]",1,1.0,1
580,56d720c70d65d21400198396,3,top_heavy,"[190, 90, 70]",1,1.0,1
581,56d720c70d65d21400198397,3,top_heavy,"[190, 90, 70]",0,0.18181818181818182,1
582,56d720c70d65d21400198398,3,top_heavy,"[190, 90, 70]",0,0.8,1
583,56bec3153aeaaa14008c9389,3,top_heavy,"[190, 90, 70]",1,1.0,1
584,56bec3153aeaaa14008c938a,3,top_heavy,"[190, 90, 70]",1,1.0,1
585,56bec3153aeaaa14008c938b,3,top_heavy,"[190, 90, 70]",1,1.0,1
586,56bec3153aeaaa14008c938c,3,top_heavy,"[190, 90, 70]",0,0.0,1
587,56bf717d3aeaaa14008c9635,3,top_heavy,"[190, 90, 70]",0,0.0,0
588,56bf717d3aeaaa14008c9637,3,top_heavy,"[190, 90, 70]",1,1.0,1
589,56bf717d3aeaaa14008c9638,3,top_heavy,"[190, 90, 70]",1,1.0,1
590,56bf717d3aeaaa14008c9639,3,top_heavy,"[190, 90, 70]",1,1.0,1
591,56d721af0d65d2140019839e,3,top_heavy,"[190, 90, 70]",0,0.0,1
592,56d721af0d65d2140019839f,3,top_heavy,"[190, 90, 70]",1,1.0,1
593,56d721af0d65d214001983a0,3,top_heavy,"[190, 90, 70]",1,1.0,1
594,56d9bdc1dc89441400fdb768,3,top_heavy,"[190, 90, 70]",1,1.0,1
595,56d9bdc1dc89441400fdb769,3,top_heavy,"[190, 90, 70]",0,0.0,1
596,56d9bdc1dc89441400fdb76a,3,top_heavy,"[190, 90, 70]",1,1.0,1
597,56bec38b3aeaaa14008c9397,3,top_heavy,"[190, 90, 70]",1,1.0,1
598,56bec38b3aeaaa14008c9398,3,top_heavy,"[190, 90, 70]",1,1.0,1
599,56bec38b3aeaaa14008c9399,3,top_heavy,"[190, 90, 70]",1,1.0,1
600,56bec38b3aeaaa14008c939a,3,top_heavy,"[190, 90, 70]",1,1.0,1
601,56bf71e73aeaaa14008c963f,3,top_heavy,"[190, 90, 70]",0,0.0,0
602,56bf71e73aeaaa14008c9640,3,top_heavy,"[190, 90, 70]",1,1.0,1
603,56d722330d65d214001983a6,3,top_heavy,"[190, 90, 70]",1,1.0,1
604,56d722330d65d214001983a7,3,top_heavy,"[190, 90, 70]",1,1.0,1
605,56d722330d65d214001983a8,3,top_heavy,"[190, 90, 70]",0,0.0,1
606,56d9be16dc89441400fdb770,3,top_heavy,"[190, 90, 70]",0,0.0,1
607,56d9be16dc89441400fdb771,3,top_heavy,"[190, 90, 70]",0,0.0,0
608,56bec4343aeaaa14008c93a9,3,top_heavy,"[190, 90, 70]",1,1.0,1
609,56bec4343aeaaa14008c93aa,3,top_heavy,"[190, 90, 70]",0,0.0,1
610,56bec4343aeaaa14008c93ab,3,top_heavy,"[190, 90, 70]",1,1.0,1
611,56bec4343aeaaa14008c93ac,3,top_heavy,"[190, 90, 70]",0,0.0,1
612,56d723560d65d214001983ac,3,top_heavy,"[190, 90, 70]",0,0.0,1
613,56d723560d65d214001983ad,3,top_heavy,"[190, 90, 70]",1,1.0,1
614,56d723560d65d214001983ae,3,top_heavy,"[190, 90, 70]",1,1.0,1
615,56d723560d65d214001983af,3,top_heavy,"[190, 90, 70]",1,1.0,1
616,56d9bf70dc89441400fdb77b,3,top_heavy,"[190, 90, 70]",0,0.6666666666666666,1
617,56d9bf70dc89441400fdb77c,3,top_heavy,"[190, 90, 70]",0,0.6666666666666666,1
618,56d9bf70dc89441400fdb77d,3,top_heavy,"[190, 90, 70]",1,1.0,1
619,56bec4a33aeaaa14008c93b1,3,top_heavy,"[190, 90, 70]",0,0.0,0
620,56bec4a33aeaaa14008c93b2,3,top_heavy,"[190, 90, 70]",1,1.0,1
621,56bec4a33aeaaa14008c93b3,3,top_heavy,"[190, 90, 70]",1,1.0,1
622,56bec4a33aeaaa14008c93b4,3,top_heavy,"[190, 90, 70]",1,1.0,1
623,56bec4a33aeaaa14008c93b5,3,top_heavy,"[190, 90, 70]",1,1.0,1
624,56bf738b3aeaaa14008c9655,3,top_heavy,"[190, 90, 70]",0,0.0,0
625,56bf738b3aeaaa14008c9656,3,top_heavy,"[190, 90, 70]",0,0.0,0
626,56d723ad0d65d214001983b4,3,top_heavy,"[190, 90, 70]",1,1.0,1
627,56d723ad0d65d214001983b5,3,top_heavy,"[190, 90, 70]",0,0.0,1
628,56d723ad0d65d214001983b8,3,top_heavy,"[190, 90, 70]",1,1.0,1
629,56d9c049dc89441400fdb78e,3,top_heavy,"[190, 90, 70]",0,0.0,1
630,56d9c049dc89441400fdb78f,3,top_heavy,"[190, 90, 70]",1,1.0,1
631,56d9c049dc89441400fdb790,3,top_heavy,"[190, 90, 70]",0,0.45454545454545453,1
632,56d9c049dc89441400fdb791,3,top_heavy,"[190, 90, 70]",1,1.0,1
633,56d9c049dc89441400fdb792,3,top_heavy,"[190, 90, 70]",1,1.0,1
634,56bec5233aeaaa14008c93cf,3,top_heavy,"[190, 90, 70]",1,1.0,1
635,56bec5233aeaaa14008c93d0,3,top_heavy,"[190, 90, 70]",1,1.0,1
636,56bec5233aeaaa14008c93d1,3,top_heavy,"[190, 90, 70]",1,1.0,1
637,56bec5233aeaaa14008c93d2,3,top_heavy,"[190, 90, 70]",1,1.0,1
638,56bec5233aeaaa14008c93d3,3,top_heavy,"[190, 90, 70]",1,1.0,1
639,56d724620d65d214001983be,3,top_heavy,"[190, 90, 70]",1,1.0,1
640,56d724620d65d214001983bf,3,top_heavy,"[190, 90, 70]",1,1.0,1
641,56d724620d65d214001983c0,3,top_heavy,"[190, 90, 70]",1,1.0,1
642,56d724620d65d214001983c1,3,top_heavy,"[190, 90, 70]",1,1.0,1
643,56d9c203dc89441400fdb7a0,3,top_heavy,"[190, 90, 70]",0,0.16666666666666666,0
644,56d9c203dc89441400fdb7a3,3,top_heavy,"[190, 90, 70]",0,0.0,0
645,56bec5ff3aeaaa14008c93e3,3,top_heavy,"[190, 90, 70]",0,0.6153846153846153,1
646,56bec5ff3aeaaa14008c93e4,3,top_heavy,"[190, 90, 70]",1,1.0,1
647,56bec5ff3aeaaa14008c93e5,3,top_heavy,"[190, 90, 70]",0,0.0,1
648,56d724ea0d65d214001983c8,3,top_heavy,"[190, 90, 70]",0,0.0,0
649,56d724ea0d65d214001983c9,3,top_heavy,"[190, 90, 70]",1,1.0,1
650,56bec6573aeaaa14008c93e9,3,top_heavy,"[190, 90, 70]",0,0.0,1
651,56bec6573aeaaa14008c93ea,3,top_heavy,"[190, 90, 70]",0,0.0,1
652,56bec6573aeaaa14008c93eb,3,top_heavy,"[190, 90, 70]",0,0.0,1
653,56bec6573aeaaa14008c93ec,3,top_heavy,"[190, 90, 70]",1,1.0,1
654,56bec6573aeaaa14008c93ed,3,top_heavy,"[190, 90, 70]",0,0.0,1
655,56d7251d0d65d214001983cc,3,top_heavy,"[190, 90, 70]",0,0.0,1
656,56d7251d0d65d214001983cd,3,top_heavy,"[190, 90, 70]",1,1.0,1
657,56d7251d0d65d214001983cf,3,top_heavy,"[190, 90, 70]",1,1.0,1
658,56d9c3a6dc89441400fdb7b4,3,top_heavy,"[190, 90, 70]",0,0.0,1
659,56d9c3a6dc89441400fdb7b5,3,top_heavy,"[190, 90, 70]",0,0.0,1
660,56d9c3a6dc89441400fdb7b6,3,top_heavy,"[190, 90, 70]",0,0.0,1
661,56d9c3a6dc89441400fdb7b7,3,top_heavy,"[190, 90, 70]",0,0.0,1
662,56d9c3a6dc89441400fdb7b8,3,top_heavy,"[190, 90, 70]",1,1.0,1
663,56bec6ac3aeaaa14008c93fd,3,top_heavy,"[190, 90, 70]",0,0.0,1
664,56bec6ac3aeaaa14008c93fe,3,top_heavy,"[190, 90, 70]",1,1.0,1
665,56bec6ac3aeaaa14008c93ff,3,top_heavy,"[190, 90, 70]",1,1.0,1
666,56bec6ac3aeaaa14008c9400,3,top_heavy,"[190, 90, 70]",0,0.0,1
667,56bec6ac3aeaaa14008c9401,3,top_heavy,"[190, 90, 70]",0,0.8571428571428571,1
668,56d20650e7d4791d00902614,3,top_heavy,"[190, 90, 70]",1,1.0,1
669,56d20650e7d4791d00902615,3,top_heavy,"[190, 90, 70]",1,1.0,1
670,56d7253b0d65d214001983d4,3,top_heavy,"[190, 90, 70]",0,0.0,0
671,56d7253b0d65d214001983d5,3,top_heavy,"[190, 90, 70]",1,1.0,1
672,56d9c455dc89441400fdb7c4,3,top_heavy,"[190, 90, 70]",0,0.0,0
673,56d9c455dc89441400fdb7c5,3,top_heavy,"[190, 90, 70]",1,1.0,1
674,56d9c455dc89441400fdb7c6,3,top_heavy,"[190, 90, 70]",1,1.0,1
675,56bec7353aeaaa14008c940d,3,top_heavy,"[190, 90, 70]",1,1.0,1
676,56bec7353aeaaa14008c940e,3,top_heavy,"[190, 90, 70]",1,1.0,1
677,56bec7353aeaaa14008c940f,3,top_heavy,"[190, 90, 70]",1,1.0,1
678,56bec7353aeaaa14008c9410,3,top_heavy,"[190, 90, 70]",1,1.0,1
679,56bec7353aeaaa14008c9411,3,top_heavy,"[190, 90, 70]",0,0.6666666666666666,1
680,56d725790d65d214001983d8,3,top_heavy,"[190, 90, 70]",0,0.0,1
681,56d725790d65d214001983da,3,top_heavy,"[190, 90, 70]",1,1.0,1
682,56d725790d65d214001983db,3,top_heavy,"[190, 90, 70]",0,0.0,1
683,56d9c551dc89441400fdb7d0,3,top_heavy,"[190, 90, 70]",0,0.4,1
684,56d9c551dc89441400fdb7d1,3,top_heavy,"[190, 90, 70]",1,1.0,1
685,56d9c551dc89441400fdb7d2,3,top_heavy,"[190, 90, 70]",1,1.0,1
686,56d9c551dc89441400fdb7d3,3,top_heavy,"[190, 90, 70]",1,1.0,1
687,56bec7a63aeaaa14008c9417,3,top_heavy,"[190, 90, 70]",0,0.0,1
688,56bec7a63aeaaa14008c9418,3,top_heavy,"[190, 90, 70]",0,0.0,1
689,56bec7a63aeaaa14008c9419,3,top_heavy,"[190, 90, 70]",1,1.0,1
690,56bec7a63aeaaa14008c941a,3,top_heavy,"[190, 90, 70]",0,0.0,1
691,56bec7a63aeaaa14008c941b,3,top_heavy,"[190, 90, 70]",0,0.0,0
692,56d728a10d65d21400198413,3,top_heavy,"[190, 90, 70]",0,0.0,0
693,56d728a10d65d21400198414,3,top_heavy,"[190, 90, 70]",1,1.0,1
694,56d728a10d65d21400198415,3,top_heavy,"[190, 90, 70]",0,0.0,0
695,56d728a10d65d21400198416,3,top_heavy,"[190, 90, 70]",0,0.0,0
696,56d9c5e7dc89441400fdb7d8,3,top_heavy,"[190, 90, 70]",1,1.0,1
697,56d9c5e7dc89441400fdb7d9,3,top_heavy,"[190, 90, 70]",1,1.0,1
698,56d9c5e7dc89441400fdb7da,3,top_heavy,"[190, 90, 70]",1,1.0,1
699,56d9c5e7dc89441400fdb7db,3,top_heavy,"[190, 90, 70]",0,0.0,0
700,56d9c5e7dc89441400fdb7dc,3,top_heavy,"[190, 90, 70]",1,1.0,1
701,56bec8243aeaaa14008c942b,3,top_heavy,"[190, 90, 70]",1,1.0,1
702,56bec8243aeaaa14008c942c,3,top_heavy,"[190, 90, 70]",1,1.0,1
703,56bec8243aeaaa14008c942d,3,top_heavy,"[190, 90, 70]",1,1.0,1
704,56bec8243aeaaa14008c942e,3,top_heavy,"[190, 90, 70]",0,0.0,1
705,56bec8243aeaaa14008c942f,3,top_heavy,"[190, 90, 70]",0,0.6666666666666666,1
706,56d728e00d65d2140019841c,3,top_heavy,"[190, 90, 70]",0,0.0,1
707,56d728e00d65d2140019841d,3,top_heavy,"[190, 90, 70]",0,0.0,1
708,56d728e00d65d2140019841e,3,top_heavy,"[190, 90, 70]",1,1.0,1
709,56d728e00d65d2140019841f,3,top_heavy,"[190, 90, 70]",0,0.0,1
710,56d728e00d65d21400198420,3,top_heavy,"[190, 90, 70]",1,1.0,1
711,56d9c660dc89441400fdb7e7,3,top_heavy,"[190, 90, 70]",1,1.0,1
712,56d9c660dc89441400fdb7e8,3,top_heavy,"[190, 90, 70]",1,1.0,1
713,56d9c660dc89441400fdb7e9,3,top_heavy,"[190, 90, 70]",1,1.0,1
714,56d9c660dc89441400fdb7ea,3,top_heavy,"[190, 90, 70]",1,1.0,1
715,56bec8a13aeaaa14008c9435,3,top_heavy,"[190, 90, 70]",1,1.0,1
716,56bec8a13aeaaa14008c9436,3,top_heavy,"[190, 90, 70]",0,0.0,0
717,56bec8a13aeaaa14008c9437,3,top_heavy,"[190, 90, 70]",1,1.0,1
718,56bec8a13aeaaa14008c9438,3,top_heavy,"[190, 90, 70]",1,1.0,1
719,56bec8a13aeaaa14008c9439,3,top_heavy,"[190, 90, 70]",0,0.0,1
720,56d729180d65d21400198426,3,top_heavy,"[190, 90, 70]",1,1.0,1
721,56d729180d65d21400198427,3,top_heavy,"[190, 90, 70]",1,1.0,1
722,56d729180d65d21400198428,3,top_heavy,"[190, 90, 70]",1,1.0,1
723,56d729180d65d21400198429,3,top_heavy,"[190, 90, 70]",1,1.0,1
724,56d729180d65d2140019842a,3,top_heavy,"[190, 90, 70]",0,0.0,1
725,56d9c6e0dc89441400fdb7f0,3,top_heavy,"[190, 90, 70]",0,0.0,1
726,56d9c6e0dc89441400fdb7f4,3,top_heavy,"[190, 90, 70]",0,0.0,1
727,56bec9133aeaaa14008c9445,3,top_heavy,"[190, 90, 70]",1,1.0,1
728,56bec9133aeaaa14008c9446,3,top_heavy,"[190, 90, 70]",1,1.0,1
729,56bec9133aeaaa14008c9447,3,top_heavy,"[190, 90, 70]",1,1.0,1
730,56bec9133aeaaa14008c9448,3,top_heavy,"[190, 90, 70]",1,1.0,1
731,56bec9133aeaaa14008c9449,3,top_heavy,"[190, 90, 70]",0,0.0,1
732,56d729ec0d65d21400198430,3,top_heavy,"[190, 90, 70]",1,1.0,1
733,56d729ec0d65d21400198431,3,top_heavy,"[190, 90, 70]",1,1.0,1
734,56d729ec0d65d21400198432,3,top_heavy,"[190, 90, 70]",0,0.0,1
735,56d729ec0d65d21400198434,3,top_heavy,"[190, 90, 70]",0,0.0,1
736,56d9c79edc89441400fdb804,3,top_heavy,"[190, 90, 70]",0,0.0,1
737,56d9c79edc89441400fdb805,3,top_heavy,"[190, 90, 70]",0,0.6666666666666666,1
738,56d9c79edc89441400fdb806,3,top_heavy,"[190, 90, 70]",1,1.0,1
739,56d9c79edc89441400fdb807,3,top_heavy,"[190, 90, 70]",0,0.0,0
740,56d9c79edc89441400fdb808,3,top_heavy,"[190, 90, 70]",1,1.0,1
741,56bec98e3aeaaa14008c9455,3,top_heavy,"[190, 90, 70]",1,1.0,1
742,56bec98e3aeaaa14008c9456,3,top_heavy,"[190, 90, 70]",1,1.0,1
743,56bec98e3aeaaa14008c9457,3,top_heavy,"[190, 90, 70]",1,1.0,1
744,56bec98e3aeaaa14008c9458,3,top_heavy,"[190, 90, 70]",0,0.0,1
745,56bec98e3aeaaa14008c9459,3,top_heavy,"[190, 90, 70]",0,0.0,1
746,56d7282f0d65d21400198408,3,top_heavy,"[190, 90, 70]",1,1.0,1
747,56d7282f0d65d21400198409,3,top_heavy,"[190, 90, 70]",1,1.0,1
748,56d7282f0d65d2140019840a,3,top_heavy,"[190, 90, 70]",0,0.0,1
749,56d7282f0d65d2140019840c,3,top_heavy,"[190, 90, 70]",0,0.0,0
750,56d9c92bdc89441400fdb80e,3,top_heavy,"[190, 90, 70]",0,0.0,0
751,56d9c92bdc89441400fdb80f,3,top_heavy,"[190, 90, 70]",0,0.6666666666666666,1
752,56d9c92bdc89441400fdb810,3,top_heavy,"[190, 90, 70]",1,1.0,1
753,56d9c92bdc89441400fdb811,3,top_heavy,"[190, 90, 70]",0,0.0,1
754,56bec9e83aeaaa14008c945f,3,top_heavy,"[190, 90, 70]",0,0.0,0
755,56bec9e83aeaaa14008c9460,3,top_heavy,"[190, 90, 70]",0,0.0,1
756,56bec9e83aeaaa14008c9461,3,top_heavy,"[190, 90, 70]",1,1.0,1
757,56bec9e83aeaaa14008c9462,3,top_heavy,"[190, 90, 70]",0,0.6666666666666666,0
758,56d7261e0d65d214001983e0,3,top_heavy,"[190, 90, 70]",0,0.6666666666666666,1
759,56d7261e0d65d214001983e1,3,top_heavy,"[190, 90, 70]",1,1.0,1
760,56d7261e0d65d214001983e2,3,top_heavy,"[190, 90, 70]",1,1.0,1
761,56d7261e0d65d214001983e4,3,top_heavy,"[190, 90, 70]",1,1.0,1
762,56d9ca0adc89441400fdb820,3,top_heavy,"[190, 90, 70]",1,1.0,1
763,56d9ca0adc89441400fdb821,3,top_heavy,"[190, 90, 70]",0,0.0,1
764,56d9ca0adc89441400fdb822,3,top_heavy,"[190, 90, 70]",1,1.0,1
765,56d9ca0adc89441400fdb823,3,top_heavy,"[190, 90, 70]",0,0.0,1
766,56beca913aeaaa14008c946d,3,top_heavy,"[190, 90, 70]",0,0.0,1
767,56beca913aeaaa14008c946e,3,top_heavy,"[190, 90, 70]",0,0.0,1
768,56beca913aeaaa14008c946f,3,top_heavy,"[190, 90, 70]",0,0.0,1
769,56beca913aeaaa14008c9470,3,top_heavy,"[190, 90, 70]",0,0.0,1
770,56beca913aeaaa14008c9471,3,top_heavy,"[190, 90, 70]",0,0.0,1
771,56d726b60d65d214001983ea,3,top_heavy,"[190, 90, 70]",1,1.0,1
772,56d726b60d65d214001983eb,3,top_heavy,"[190, 90, 70]",1,1.0,1
773,56d726b60d65d214001983ec,3,top_heavy,"[190, 90, 70]",1,1.0,1
774,56d726b60d65d214001983ed,3,top_heavy,"[190, 90, 70]",1,1.0,1
775,56d726b60d65d214001983ee,3,top_heavy,"[190, 90, 70]",0,0.0,1
776,56d9cb47dc89441400fdb832,3,top_heavy,"[190, 90, 70]",0,0.0,1
777,56d9cb47dc89441400fdb833,3,top_heavy,"[190, 90, 70]",1,1.0,1
778,56d9cb47dc89441400fdb834,3,top_heavy,"[190, 90, 70]",0,0.0,0
779,56d9cb47dc89441400fdb835,3,top_heavy,"[190, 90, 70]",0,0.0,1
780,56d9cb47dc89441400fdb836,3,top_heavy,"[190, 90, 70]",1,1.0,1
781,56becaf93aeaaa14008c9481,3,top_heavy,"[190, 90, 70]",0,0.0,1
782,56becaf93aeaaa14008c9482,3,top_heavy,"[190, 90, 70]",0,0.0,1
783,56becaf93aeaaa14008c9483,3,top_heavy,"[190, 90, 70]",0,0.0,1
784,56becaf93aeaaa14008c9484,3,top_heavy,"[190, 90, 70]",1,1.0,0
785,56becaf93aeaaa14008c9485,3,top_heavy,"[190, 90, 70]",0,0.0,0
786,56d7270c0d65d214001983f4,3,top_heavy,"[190, 90, 70]",0,0.0,0
787,56d7270c0d65d214001983f5,3,top_heavy,"[190, 90, 70]",0,0.0,1
788,56d7270c0d65d214001983f6,3,top_heavy,"[190, 90, 70]",1,1.0,1
789,56d7270c0d65d214001983f7,3,top_heavy,"[190, 90, 70]",1,1.0,1
790,56d7270c0d65d214001983f8,3,top_heavy,"[190, 90, 70]",1,1.0,0
791,56d9ccacdc89441400fdb842,3,top_heavy,"[190, 90, 70]",0,0.0,0
792,56d9ccacdc89441400fdb843,3,top_heavy,"[190, 90, 70]",0,0.0,0
793,56d9ccacdc89441400fdb844,3,top_heavy,"[190, 90, 70]",0,0.0,0
794,56d9ccacdc89441400fdb845,3,top_heavy,"[190, 90, 70]",0,0.0,0
795,56d9ccacdc89441400fdb846,3,top_heavy,"[190, 90, 70]",0,0.0,1
796,56becb823aeaaa14008c948b,3,top_heavy,"[190, 90, 70]",0,0.0,1
797,56becb823aeaaa14008c948c,3,top_heavy,"[190, 90, 70]",0,0.0,1
798,56becb823aeaaa14008c948d,3,top_heavy,"[190, 90, 70]",1,1.0,1
799,56becb823aeaaa14008c948e,3,top_heavy,"[190, 90, 70]",1,1.0,1
800,56becb823aeaaa14008c948f,3,top_heavy,"[190, 90, 70]",0,0.6666666666666666,1
801,56d7277c0d65d214001983fe,3,top_heavy,"[190, 90, 70]",0,0.5,1
802,56d7277c0d65d214001983ff,3,top_heavy,"[190, 90, 70]",1,1.0,1
803,56d7277c0d65d21400198401,3,top_heavy,"[190, 90, 70]",0,0.0,1
804,56d7277c0d65d21400198402,3,top_heavy,"[190, 90, 70]",1,1.0,1
805,56d9cd9adc89441400fdb84c,3,top_heavy,"[190, 90, 70]",0,0.0,1
806,56d9cd9adc89441400fdb84d,3,top_heavy,"[190, 90, 70]",1,1.0,1
807,56d9cd9adc89441400fdb84e,3,top_heavy,"[190, 90, 70]",1,1.0,1
808,56d9cd9adc89441400fdb84f,3,top_heavy,"[190, 90, 70]",1,1.0,1
809,56d9cd9adc89441400fdb850,3,top_heavy,"[190, 90, 70]",0,0.0,1
810,5733a5f54776f41900660f45,3,top_heavy,"[190, 90, 70]",1,1.0,1
811,5733a5f54776f41900660f48,3,top_heavy,"[190, 90, 70]",1,1.0,1
812,5733a5f54776f41900660f44,3,top_heavy,"[190, 90, 70]",1,1.0,1
813,5733a5f54776f41900660f46,3,top_heavy,"[190, 90, 70]",0,0.0,1
814,5733a5f54776f41900660f47,3,top_heavy,"[190, 90, 70]",1,1.0,1
815,57336755d058e614000b5a3d,3,top_heavy,"[190, 90, 70]",1,1.0,1
816,57336755d058e614000b5a3f,3,top_heavy,"[190, 90, 70]",1,1.0,1
817,57336755d058e614000b5a3c,3,top_heavy,"[190, 90, 70]",1,1.0,1
818,57336755d058e614000b5a3e,3,top_heavy,"[190, 90, 70]",1,1.0,1
819,57336755d058e614000b5a40,3,top_heavy,"[190, 90, 70]",0,0.0,1
820,57337ddc4776f41900660bbb,3,top_heavy,"[190, 90, 70]",0,0.6666666666666666,1
821,57337ddc4776f41900660bbc,3,top_heavy,"[190, 90, 70]",1,1.0,1
822,57337ddc4776f41900660bba,3,top_heavy,"[190, 90, 70]",1,1.0,1
823,57337ddc4776f41900660bbd,3,top_heavy,"[190, 90, 70]",0,0.0,1
824,57337ddc4776f41900660bbe,3,top_heavy,"[190, 90, 70]",1,1.0,1
825,57337ea24776f41900660bd0,3,top_heavy,"[190, 90, 70]",0,0.13333333333333333,1
826,57337ea24776f41900660bd3,3,top_heavy,"[190, 90, 70]",0,0.0,1
827,57337ea24776f41900660bd2,3,top_heavy,"[190, 90, 70]",1,1.0,1
828,57337ea24776f41900660bd1,3,top_heavy,"[190, 90, 70]",0,0.0,1
829,57337ea24776f41900660bd4,3,top_heavy,"[190, 90, 70]",1,1.0,1
830,57339555d058e614000b5df4,3,top_heavy,"[190, 90, 70]",1,1.0,1
831,57339555d058e614000b5df5,3,top_heavy,"[190, 90, 70]",1,1.0,1
832,57339555d058e614000b5df6,3,top_heavy,"[190, 90, 70]",1,1.0,1
833,57339555d058e614000b5df3,3,top_heavy,"[190, 90, 70]",1,1.0,1
834,57339555d058e614000b5df7,3,top_heavy,"[190, 90, 70]",0,0.22222222222222224,1
835,57339902d058e614000b5e70,3,top_heavy,"[190, 90, 70]",1,1.0,1
836,57339902d058e614000b5e71,3,top_heavy,"[190, 90, 70]",1,1.0,1
837,57339902d058e614000b5e72,3,top_heavy,"[190, 90, 70]",0,0.0,1
838,57339902d058e614000b5e73,3,top_heavy,"[190, 90, 70]",1,1.0,1
839,57339902d058e614000b5e74,3,top_heavy,"[190, 90, 70]",0,0.5714285714285715,1
840,573399b54776f41900660e64,3,top_heavy,"[190, 90, 70]",1,1.0,1
841,573399b54776f41900660e65,3,top_heavy,"[190, 90, 70]",0,0.5,1
842,573399b54776f41900660e66,3,top_heavy,"[190, 90, 70]",0,0.35294117647058826,1
843,573399b54776f41900660e67,3,top_heavy,"[190, 90, 70]",1,1.0,1
844,57339a554776f41900660e74,3,top_heavy,"[190, 90, 70]",1,1.0,1
845,57339a554776f41900660e75,3,top_heavy,"[190, 90, 70]",1,1.0,1
846,57339a554776f41900660e76,3,top_heavy,"[190, 90, 70]",1,1.0,1
847,57339a554776f41900660e77,3,top_heavy,"[190, 90, 70]",0,0.6666666666666666,1
848,57339a554776f41900660e78,3,top_heavy,"[190, 90, 70]",0,0.25,1
849,57339ad74776f41900660e86,3,top_heavy,"[190, 90, 70]",1,1.0,1
850,57339ad74776f41900660e87,3,top_heavy,"[190, 90, 70]",0,0.0,0
851,57339ad74776f41900660e88,3,top_heavy,"[190, 90, 70]",1,1.0,1
852,57339ad74776f41900660e89,3,top_heavy,"[190, 90, 70]",0,0.0,1
853,57339ad74776f41900660e8a,3,top_heavy,"[190, 90, 70]",0,0.0,1
854,57339c16d058e614000b5ec5,3,top_heavy,"[190, 90, 70]",1,1.0,1
855,57339c16d058e614000b5ec6,3,top_heavy,"[190, 90, 70]",0,0.6666666666666666,1
856,57339c16d058e614000b5ec7,3,top_heavy,"[190, 90, 70]",0,0.8571428571428571,1
857,57339c16d058e614000b5ec8,3,top_heavy,"[190, 90, 70]",1,1.0,1
858,57339c16d058e614000b5ec9,3,top_heavy,"[190, 90, 70]",1,1.0,1
859,57339dd94776f41900660ecc,3,top_heavy,"[190, 90, 70]",1,1.0,1
860,57339dd94776f41900660ecd,3,top_heavy,"[190, 90, 70]",1,1.0,1
861,57339dd94776f41900660ece,3,top_heavy,"[190, 90, 70]",1,1.0,1
862,57339dd94776f41900660ecf,3,top_heavy,"[190, 90, 70]",1,1.0,1
863,57339dd94776f41900660ed0,3,top_heavy,"[190, 90, 70]",1,1.0,1
864,57339eb9d058e614000b5ef6,3,top_heavy,"[190, 90, 70]",1,1.0,1
865,57339eb9d058e614000b5ef7,3,top_heavy,"[190, 90, 70]",1,1.0,1
866,57339eb9d058e614000b5ef8,3,top_heavy,"[190, 90, 70]",1,1.0,1
867,57339eb9d058e614000b5ef9,3,top_heavy,"[190, 90, 70]",0,0.2222222222222222,1
868,57339eb9d058e614000b5efa,3,top_heavy,"[190, 90, 70]",1,1.0,1
869,5733a1854776f41900660f0a,3,top_heavy,"[190, 90, 70]",0,0.6,1
870,5733a1854776f41900660f0b,3,top_heavy,"[190, 90, 70]",1,1.0,1
871,5733a1854776f41900660f0c,3,top_heavy,"[190, 90, 70]",0,0.8,1
872,5733a1854776f41900660f0d,3,top_heavy,"[190, 90, 70]",1,1.0,1
873,5733a1854776f41900660f0e,3,top_heavy,"[190, 90, 70]",1,1.0,1
874,5733a2a9d058e614000b5f28,3,top_heavy,"[190, 90, 70]",1,1.0,1
875,5733a2a9d058e614000b5f29,3,top_heavy,"[190, 90, 70]",1,1.0,1
876,5733a2a9d058e614000b5f2a,3,top_heavy,"[190, 90, 70]",1,1.0,1
877,5733a2a9d058e614000b5f2b,3,top_heavy,"[190, 90, 70]",1,1.0,1
878,5733a2a9d058e614000b5f2c,3,top_heavy,"[190, 90, 70]",1,1.0,1
879,5733a32bd058e614000b5f32,3,top_heavy,"[190, 90, 70]",1,1.0,1
880,5733a32bd058e614000b5f33,3,top_heavy,"[190, 90, 70]",1,1.0,1
881,5733a32bd058e614000b5f34,3,top_heavy,"[190, 90, 70]",1,1.0,1
882,5733a32bd058e614000b5f35,3,top_heavy,"[190, 90, 70]",1,1.0,1
883,5733a32bd058e614000b5f36,3,top_heavy,"[190, 90, 70]",0,0.8,1
884,5733a45d4776f41900660f23,3,top_heavy,"[190, 90, 70]",0,0.0,0
885,5733a45d4776f41900660f24,3,top_heavy,"[190, 90, 70]",1,1.0,1
886,5733a45d4776f41900660f25,3,top_heavy,"[190, 90, 70]",1,1.0,1
887,5733a45d4776f41900660f26,3,top_heavy,"[190, 90, 70]",1,1.0,1
888,5733a45d4776f41900660f27,3,top_heavy,"[190, 90, 70]",1,1.0,1
889,5733a560d058e614000b5f77,3,top_heavy,"[190, 90, 70]",1,1.0,1
890,5733a560d058e614000b5f78,3,top_heavy,"[190, 90, 70]",1,1.0,1
891,5733a560d058e614000b5f79,3,top_heavy,"[190, 90, 70]",1,1.0,1
892,5733a560d058e614000b5f7a,3,top_heavy,"[190, 90, 70]",1,1.0,1
893,5733a560d058e614000b5f7b,3,top_heavy,"[190, 90, 70]",0,0.5714285714285715,1
894,5733a6ac4776f41900660f58,3,top_heavy,"[190, 90, 70]",1,1.0,1
895,5733a6ac4776f41900660f59,3,top_heavy,"[190, 90, 70]",1,1.0,1
896,5733a6ac4776f41900660f5a,3,top_heavy,"[190, 90, 70]",1,1.0,1
897,5733a6ac4776f41900660f5b,3,top_heavy,"[190, 90, 70]",0,0.6666666666666666,1
898,5733a6ac4776f41900660f5c,3,top_heavy,"[190, 90, 70]",1,1.0,1
899,573312fcd058e614000b56e6,3,top_heavy,"[190, 90, 70]",1,1.0,1
900,573312fcd058e614000b56e7,3,top_heavy,"[190, 90, 70]",1,1.0,1
901,573312fcd058e614000b56e8,3,top_heavy,"[190, 90, 70]",0,0.0,1
902,573312fcd058e614000b56e9,3,top_heavy,"[190, 90, 70]",1,1.0,1
903,573312fcd058e614000b56ea,3,top_heavy,"[190, 90, 70]",1,1.0,1
904,5733140a4776f419006606e0,3,top_heavy,"[190, 90, 70]",1,1.0,1
905,5733140a4776f419006606e1,3,top_heavy,"[190, 90, 70]",1,1.0,1
906,5733140a4776f419006606e2,3,top_heavy,"[190, 90, 70]",0,0.0,1
907,5733140a4776f419006606e3,3,top_heavy,"[190, 90, 70]",1,1.0,1
908,5733140a4776f419006606e4,3,top_heavy,"[190, 90, 70]",0,0.0,1
909,573314e3d058e614000b56f0,3,top_heavy,"[190, 90, 70]",1,1.0,1
910,573314e3d058e614000b56f1,3,top_heavy,"[190, 90, 70]",0,0.4444444444444445,0
911,573314e3d058e614000b56f2,3,top_heavy,"[190, 90, 70]",1,1.0,1
912,573314e3d058e614000b56f3,3,top_heavy,"[190, 90, 70]",0,0.0,1
913,573314e3d058e614000b56f4,3,top_heavy,"[190, 90, 70]",0,0.0,1
914,57332442d058e614000b5720,3,top_heavy,"[190, 90, 70]",1,1.0,1
915,57332442d058e614000b5721,3,top_heavy,"[190, 90, 70]",1,1.0,1
916,57332442d058e614000b5722,3,top_heavy,"[190, 90, 70]",0,0.2857142857142857,1
917,57332442d058e614000b5723,3,top_heavy,"[190, 90, 70]",1,1.0,1
918,57332442d058e614000b5724,3,top_heavy,"[190, 90, 70]",0,0.0,1
919,57332562d058e614000b5730,3,top_heavy,"[190, 90, 70]",1,1.0,1
920,57332562d058e614000b5731,3,top_heavy,"[190, 90, 70]",1,1.0,1
921,57332562d058e614000b5732,3,top_heavy,"[190, 90, 70]",0,0.0,1
922,57332562d058e614000b5733,3,top_heavy,"[190, 90, 70]",1,1.0,1
923,57332562d058e614000b5734,3,top_heavy,"[190, 90, 70]",0,0.0,1
924,5733266d4776f41900660712,3,top_heavy,"[190, 90, 70]",1,1.0,1
925,5733266d4776f41900660713,3,top_heavy,"[190, 90, 70]",1,1.0,1
926,5733266d4776f41900660714,3,top_heavy,"[190, 90, 70]",1,1.0,1
927,5733266d4776f41900660715,3,top_heavy,"[190, 90, 70]",0,0.0,1
928,5733266d4776f41900660716,3,top_heavy,"[190, 90, 70]",1,1.0,1
929,57332a734776f41900660726,3,top_heavy,"[190, 90, 70]",0,0.6666666666666666,1
930,57332a734776f41900660727,3,top_heavy,"[190, 90, 70]",0,0.0,1
931,57332a734776f41900660728,3,top_heavy,"[190, 90, 70]",1,1.0,1
932,57332a734776f41900660729,3,top_heavy,"[190, 90, 70]",0,0.2857142857142857,1
933,57332a734776f4190066072a,3,top_heavy,"[190, 90, 70]",1,1.0,1
934,57332b66d058e614000b5758,3,top_heavy,"[190, 90, 70]",1,1.0,1
935,57332b66d058e614000b5759,3,top_heavy,"[190, 90, 70]",1,1.0,1
936,57332b66d058e614000b575a,3,top_heavy,"[190, 90, 70]",1,1.0,1
937,57332b66d058e614000b575b,3,top_heavy,"[190, 90, 70]",1,1.0,1
938,57332b66d058e614000b575c,3,top_heavy,"[190, 90, 70]",1,1.0,1
939,57332c1e4776f4190066073a,3,top_heavy,"[190, 90, 70]",0,0.0,0
940,57332c1e4776f4190066073b,3,top_heavy,"[190, 90, 70]",0,0.0,1
941,57332c1e4776f4190066073c,3,top_heavy,"[190, 90, 70]",0,0.6666666666666666,1
942,57332c1e4776f4190066073d,3,top_heavy,"[190, 90, 70]",1,1.0,1
943,57332c1e4776f4190066073e,3,top_heavy,"[190, 90, 70]",1,1.0,1
944,57332e48d058e614000b5762,3,top_heavy,"[190, 90, 70]",1,1.0,1
945,57332e48d058e614000b5763,3,top_heavy,"[190, 90, 70]",1,1.0,1
946,57332e48d058e614000b5764,3,top_heavy,"[190, 90, 70]",0,0.0,0
947,57332e48d058e614000b5765,3,top_heavy,"[190, 90, 70]",1,1.0,1
948,57332e48d058e614000b5766,3,top_heavy,"[190, 90, 70]",1,1.0,1
949,57332f81d058e614000b5776,3,top_heavy,"[190, 90, 70]",0,0.8571428571428571,1
950,57332f81d058e614000b5777,3,top_heavy,"[190, 90, 70]",0,0.5,1
951,57332f81d058e614000b5778,3,top_heavy,"[190, 90, 70]",0,0.0,1
952,57332f81d058e614000b5779,3,top_heavy,"[190, 90, 70]",1,1.0,1
953,57332f81d058e614000b577a,3,top_heavy,"[190, 90, 70]",1,1.0,1
954,573330444776f41900660758,3,top_heavy,"[190, 90, 70]",1,1.0,1
955,573330444776f41900660759,3,top_heavy,"[190, 90, 70]",1,1.0,1
956,573330444776f4190066075a,3,top_heavy,"[190, 90, 70]",1,1.0,1
957,573330444776f4190066075b,3,top_heavy,"[190, 90, 70]",1,1.0,1
958,573330444776f4190066075c,3,top_heavy,"[190, 90, 70]",1,1.0,1
959,5733314e4776f4190066076a,3,top_heavy,"[190, 90, 70]",1,1.0,1
960,5733314e4776f4190066076b,3,top_heavy,"[190, 90, 70]",1,1.0,1
961,5733314e4776f4190066076c,3,top_heavy,"[190, 90, 70]",1,1.0,0
962,5733314e4776f4190066076d,3,top_heavy,"[190, 90, 70]",0,0.6666666666666666,1
963,5733314e4776f4190066076e,3,top_heavy,"[190, 90, 70]",0,0.0,1
964,57335c20d058e614000b58f9,3,top_heavy,"[190, 90, 70]",1,1.0,1
965,57335c20d058e614000b58fa,3,top_heavy,"[190, 90, 70]",0,0.0,1
966,57335c20d058e614000b58fc,3,top_heavy,"[190, 90, 70]",0,0.6666666666666666,1
967,57335c20d058e614000b58fb,3,top_heavy,"[190, 90, 70]",1,1.0,1
968,57335c20d058e614000b58fd,3,top_heavy,"[190, 90, 70]",1,1.0,1
969,57335ddbd058e614000b592f,3,top_heavy,"[190, 90, 70]",0,0.5,1
970,57335ddbd058e614000b5930,3,top_heavy,"[190, 90, 70]",1,1.0,1
971,57335ddbd058e614000b5931,3,top_heavy,"[190, 90, 70]",0,0.5,1
972,57335ddbd058e614000b5932,3,top_heavy,"[190, 90, 70]",0,0.0,1
973,57335ddbd058e614000b5933,3,top_heavy,"[190, 90, 70]",0,0.0,1
974,57335fcad058e614000b5970,3,top_heavy,"[190, 90, 70]",1,1.0,1
975,57335fcad058e614000b5971,3,top_heavy,"[190, 90, 70]",1,1.0,1
976,57335fcad058e614000b5972,3,top_heavy,"[190, 90, 70]",0,0.0,0
977,57335fcad058e614000b5973,3,top_heavy,"[190, 90, 70]",1,1.0,1
978,57335fcad058e614000b5974,3,top_heavy,"[190, 90, 70]",0,0.7499999999999999,1
979,573361404776f4190066093c,3,top_heavy,"[190, 90, 70]",1,1.0,1
980,573361404776f4190066093d,3,top_heavy,"[190, 90, 70]",1,1.0,1
981,573361404776f4190066093e,3,top_heavy,"[190, 90, 70]",0,0.8,1
982,573361404776f4190066093f,3,top_heavy,"[190, 90, 70]",0,0.6666666666666666,1
983,573361404776f41900660940,3,top_heavy,"[190, 90, 70]",1,1.0,1
984,573362b94776f41900660974,3,top_heavy,"[190, 90, 70]",1,1.0,1
985,573362b94776f41900660975,3,top_heavy,"[190, 90, 70]",1,1.0,1
986,573362b94776f41900660976,3,top_heavy,"[190, 90, 70]",0,0.6666666666666666,1
987,573362b94776f41900660977,3,top_heavy,"[190, 90, 70]",1,1.0,1
988,573362b94776f41900660978,3,top_heavy,"[190, 90, 70]",1,1.0,1
989,5733638fd058e614000b59e8,3,top_heavy,"[190, 90, 70]",1,1.0,1
990,5733638fd058e614000b59e9,3,top_heavy,"[190, 90, 70]",0,0.05128205128205128,0
991,5733638fd058e614000b59ea,3,top_heavy,"[190, 90, 70]",0,0.8,1
992,5733638fd058e614000b59eb,3,top_heavy,"[190, 90, 70]",1,1.0,1
993,5733638fd058e614000b59ec,3,top_heavy,"[190, 90, 70]",0,0.6666666666666666,1
994,5733647e4776f419006609ae,3,top_heavy,"[190, 90, 70]",0,0.0,1
995,5733647e4776f419006609af,3,top_heavy,"[190, 90, 70]",1,1.0,1
996,5733647e4776f419006609b0,3,top_heavy,"[190, 90, 70]",1,1.0,1
997,5733647e4776f419006609b1,3,top_heavy,"[190, 90, 70]",1,1.0,1
998,5733647e4776f419006609b2,3,top_heavy,"[190, 90, 70]",0,0.6666666666666666,1
999,573368044776f41900660a29,3,top_heavy,"[190, 90, 70]",1,1.0,1
0,56be4db0acb8001400a502ec,5,uniform,"[70, 70, 70, 70, 70]",1,1.0,1
1,56be4db0acb8001400a502ed,5,uniform,"[70, 70, 70, 70, 70]",0,0.0,1
2,56be4db0acb8001400a502ee,5,uniform,"[70, 70, 70, 70, 70]",0,0.0,1
3,56be4db0acb8001400a502ef,5,uniform,"[70, 70, 70, 70, 70]",1,1.0,1
4,56be4db0acb8001400a502f0,5,uniform,"[70, 70, 70, 70, 70]",0,0.0,1
5,56be8e613aeaaa14008c90d1,5,uniform,"[70, 70, 70, 70, 70]",0,0.0,1
6,56be8e613aeaaa14008c90d2,5,uniform,"[70, 70, 70, 70, 70]",0,0.6666666666666666,1
7,56be8e613aeaaa14008c90d3,5,uniform,"[70, 70, 70, 70, 70]",0,0.0,1
8,56bea9923aeaaa14008c91b9,5,uniform,"[70, 70, 70, 70, 70]",0,0.0,1
9,56bea9923aeaaa14008c91ba,5,uniform,"[70, 70, 70, 70, 70]",0,0.0,0
10,56bea9923aeaaa14008c91bb,5,uniform,"[70, 70, 70, 70, 70]",0,0.6666666666666666,1
11,56beace93aeaaa14008c91df,5,uniform,"[70, 70, 70, 70, 70]",1,1.0,1
12,56beace93aeaaa14008c91e0,5,uniform,"[70, 70, 70, 70, 70]",1,1.0,0
13,56beace93aeaaa14008c91e1,5,uniform,"[70, 70, 70, 70, 70]",0,0.0,0
14,56beace93aeaaa14008c91e2,5,uniform,"[70, 70, 70, 70, 70]",1,1.0,1
15,56beace93aeaaa14008c91e3,5,uniform,"[70, 70, 70, 70, 70]",1,1.0,1
16,56bf10f43aeaaa14008c94fd,5,uniform,"[70, 70, 70, 70, 70]",1,1.0,1
17,56bf10f43aeaaa14008c94fe,5,uniform,"[70, 70, 70, 70, 70]",0,0.0,0
18,56bf10f43aeaaa14008c94ff,5,uniform,"[70, 70, 70, 70, 70]",1,1.0,1
19,56bf10f43aeaaa14008c9500,5,uniform,"[70, 70, 70, 70, 70]",1,1.0,1
20,56bf10f43aeaaa14008c9501,5,uniform,"[70, 70, 70, 70, 70]",0,0.5,0
21,56d20362e7d4791d009025e8,5,uniform,"[70, 70, 70, 70, 70]",1,1.0,1
22,56d20362e7d4791d009025e9,5,uniform,"[70, 70, 70, 70, 70]",1,1.0,1
23,56d20362e7d4791d009025ea,5,uniform,"[70, 70, 70, 70, 70]",0,0.0,1
24,56d20362e7d4791d009025eb,5,uniform,"[70, 70, 70, 70, 70]",1,1.0,1
25,56d600e31c85041400946eae,5,uniform,"[70, 70, 70, 70, 70]",1,1.0,1
26,56d600e31c85041400946eb0,5,uniform,"[70, 70, 70, 70, 70]",1,1.0,1
27,56d600e31c85041400946eb1,5,uniform,"[70, 70, 70, 70, 70]",0,0.0,1
28,56d9895ddc89441400fdb50e,5,uniform,"[70, 70, 70, 70, 70]",0,0.8,1
29,56d9895ddc89441400fdb510,5,uniform,"[70, 70, 70, 70, 70]",0,0.0,1
30,56be4e1facb8001400a502f6,5,uniform,"[70, 70, 70, 70, 70]",1,1.0,1
31,56be4e1facb8001400a502f9,5,uniform,"[70, 70, 70, 70, 70]",0,0.0,1
32,56be4e1facb8001400a502fa,5,uniform,"[70, 70, 70, 70, 70]",1,1.0,1
33,56beaa4a3aeaaa14008c91c2,5,uniform,"[70, 70, 70, 70, 70]",0,0.0,0
34,56beaa4a3aeaaa14008c91c3,5,uniform,"[70, 70, 70, 70, 70]",0,0.0,0
35,56bead5a3aeaaa14008c91e9,5,uniform,"[70, 70, 70, 70, 70]",1,1.0,1
36,56bead5a3aeaaa14008c91ea,5,uniform,"[70, 70, 70, 70, 70]",1,1.0,1
37,56bead5a3aeaaa14008c91eb,5,uniform,"[70, 70, 70, 70, 70]",0,0.0,0
38,56bead5a3aeaaa14008c91ec,5,uniform,"[70, 70, 70, 70, 70]",0,0.0,1
39,56bead5a3aeaaa14008c91ed,5,uniform,"[70, 70, 70, 70, 70]",1,1.0,1
40,56bf159b3aeaaa14008c9507,5,uniform,"[70, 70, 70, 70, 70]",1,1.0,1
41,56bf159b3aeaaa14008c9508,5,uniform,"[70, 70, 70, 70, 70]",0,0.0,0
42,56bf159b3aeaaa14008c9509,5,uniform,"[70, 70, 70, 70, 70]",0,0.0,1
43,56bf159b3aeaaa14008c950a,5,uniform,"[70, 70, 70, 70, 70]",0,0.0,1
44,56bf159b3aeaaa14008c950b,5,uniform,"[70, 70, 70, 70, 70]",0,0.0,1
45,56d2045de7d4791d009025f3,5,uniform,"[70, 70, 70, 70, 70]",1,1.0,1
46,56d2045de7d4791d009025f4,5,uniform,"[70, 70, 70, 70, 70]",1,1.0,1
47,56d2045de7d4791d009025f5,5,uniform,"[70, 70, 70, 70, 70]",0,0.0,1
48,56d2045de7d4791d009025f6,5,uniform,"[70, 70, 70, 70, 70]",1,1.0,1
49,56d6017d1c85041400946ebe,5,uniform,"[70, 70, 70, 70, 70]",1,1.0,1
50,56d6017d1c85041400946ec1,5,uniform,"[70, 70, 70, 70, 70]",0,0.0,1
51,56d6017d1c85041400946ec2,5,uniform,"[70, 70, 70, 70, 70]",1,1.0,1
52,56d98a59dc89441400fdb52a,5,uniform,"[70, 70, 70, 70, 70]",1,1.0,1
53,56d98a59dc89441400fdb52b,5,uniform,"[70, 70, 70, 70, 70]",0,0.0,1
54,56d98a59dc89441400fdb52e,5,uniform,"[70, 70, 70, 70, 70]",0,0.0,0
55,56be4eafacb8001400a50302,5,uniform,"[70, 70, 70, 70, 70]",1,1.0,1
56,56be4eafacb8001400a50303,5,uniform,"[70, 70, 70, 70, 70]",0,0.0,1
57,56be4eafacb8001400a50304,5,uniform,"[70, 70, 70, 70, 70]",0,0.0,0
58,56beab833aeaaa14008c91d2,5,uniform,"[70, 70, 70, 70, 70]",1,1.0,1
59,56beab833aeaaa14008c91d3,5,uniform,"[70, 70, 70, 70, 70]",0,0.0,1
60,56beab833aeaaa14008c91d4,5,uniform,"[70, 70, 70, 70, 70]",1,1.0,1
61,56beae423aeaaa14008c91f4,5,uniform,"[70, 70, 70, 70, 70]",1,1.0,1
62,56beae423aeaaa14008c91f5,5,uniform,"[70, 70, 70, 70, 70]",1,1.0,1
63,56beae423aeaaa14008c91f6,5,uniform,"[70, 70, 70, 70, 70]",0,0.0,1
64,56beae423aeaaa14008c91f7,5,uniform,"[70, 70, 70, 70, 70]",0,0.0,1
65,56bf17653aeaaa14008c9511,5,uniform,"[70, 70, 70, 70, 70]",1,1.0,1
66,56bf17653aeaaa14008c9513,5,uniform,"[70, 70, 70, 70, 70]",1,1.0,1
67,56bf17653aeaaa14008c9514,5,uniform,"[70, 70, 70, 70, 70]",0,0.0,1
68,56bf17653aeaaa14008c9515,5,uniform,"[70, 70, 70, 70, 70]",0,0.0,1
69,56d204ade7d4791d00902603,5,uniform,"[70, 70, 70, 70, 70]",1,1.0,1
70,56d204ade7d4791d00902604,5,uniform,"[70, 70, 70, 70, 70]",0,0.0,1
71,56d601e41c85041400946ece,5,uniform,"[70, 70, 70, 70, 70]",1,1.0,1
72,56d601e41c85041400946ecf,5,uniform,"[70, 70, 70, 70, 70]",0,0.0,1
73,56d601e41c85041400946ed0,5,uniform,"[70, 70, 70, 70, 70]",0,0.0,1
74,56d601e41c85041400946ed1,5,uniform,"[70, 70, 70, 70, 70]",0,0.0,0
75,56d601e41c85041400946ed2,5,uniform,"[70, 70, 70, 70, 70]",1,1.0,1
76,56d98b33dc89441400fdb53b,5,uniform,"[70, 70, 70, 70, 70]",1,1.0,1
77,56d98b33dc89441400fdb53c,5,uniform,"[70, 70, 70, 70, 70]",0,0.0,1
78,56d98b33dc89441400fdb53d,5,uniform,"[70, 70, 70, 70, 70]",0,0.0,1
79,56d98b33dc89441400fdb53e,5,uniform,"[70, 70, 70, 70, 70]",0,0.0,1
80,56be5333acb8001400a5030a,5,uniform,"[70, 70, 70, 70, 70]",1,1.0,1
81,56be5333acb8001400a5030b,5,uniform,"[70, 70, 70, 70, 70]",1,1.0,1
82,56be5333acb8001400a5030c,5,uniform,"[70, 70, 70, 70, 70]",1,1.0,1
83,56be5333acb8001400a5030d,5,uniform,"[70, 70, 70, 70, 70]",1,1.0,1
84,56be5333acb8001400a5030e,5,uniform,"[70, 70, 70, 70, 70]",1,1.0,1
85,56beaf5e3aeaaa14008c91fd,5,uniform,"[70, 70, 70, 70, 70]",1,1.0,1
86,56beaf5e3aeaaa14008c91fe,5,uniform,"[70, 70, 70, 70, 70]",1,1.0,1
87,56beaf5e3aeaaa14008c91ff,5,uniform,"[70, 70, 70, 70, 70]",0,0.0,1
88,56beaf5e3aeaaa14008c9200,5,uniform,"[70, 70, 70, 70, 70]",1,1.0,1
89,56beaf5e3aeaaa14008c9201,5,uniform,"[70, 70, 70, 70, 70]",0,0.0,1
90,56bf1ae93aeaaa14008c951b,5,uniform,"[70, 70, 70, 70, 70]",1,1.0,1
91,56bf1ae93aeaaa14008c951c,5,uniform,"[70, 70, 70, 70, 70]",1,1.0,1
92,56bf1ae93aeaaa14008c951e,5,uniform,"[70, 70, 70, 70, 70]",0,0.0,1
93,56bf1ae93aeaaa14008c951f,5,uniform,"[70, 70, 70, 70, 70]",0,0.4,1
94,56d2051ce7d4791d00902608,5,uniform,"[70, 70, 70, 70, 70]",1,1.0,0
95,56d2051ce7d4791d00902609,5,uniform,"[70, 70, 70, 70, 70]",0,0.0,0
96,56d2051ce7d4791d0090260a,5,uniform,"[70, 70, 70, 70, 70]",1,1.0,1
97,56d2051ce7d4791d0090260b,5,uniform,"[70, 70, 70, 70, 70]",1,1.0,1
98,56d602631c85041400946ed8,5,uniform,"[70, 70, 70, 70, 70]",1,1.0,1
99,56d602631c85041400946eda,5,uniform,"[70, 70, 70, 70, 70]",0,0.4,1
100,56d602631c85041400946edb,5,uniform,"[70, 70, 70, 70, 70]",1,1.0,1
101,56d602631c85041400946edc,5,uniform,"[70, 70, 70, 70, 70]",0,0.6666666666666666,1
102,56d98c53dc89441400fdb544,5,uniform,"[70, 70, 70, 70, 70]",0,0.0,0
103,56d98c53dc89441400fdb545,5,uniform,"[70, 70, 70, 70, 70]",0,0.0,1
104,56d98c53dc89441400fdb546,5,uniform,"[70, 70, 70, 70, 70]",1,1.0,1
105,56d98c53dc89441400fdb548,5,uniform,"[70, 70, 70, 70, 70]",0,0.0,1
106,56be53b8acb8001400a50314,5,uniform,"[70, 70, 70, 70, 70]",1,1.0,1
107,56be53b8acb8001400a50315,5,uniform,"[70, 70, 70, 70, 70]",0,0.6666666666666666,1
108,56be53b8acb8001400a50316,5,uniform,"[70, 70, 70, 70, 70]",1,1.0,1
109,56beafca3aeaaa14008c9207,5,uniform,"[70, 70, 70, 70, 70]",1,1.0,1
110,56beafca3aeaaa14008c9208,5,uniform,"[70, 70, 70, 70, 70]",0,0.0,0
111,56bf42f53aeaaa14008c95a3,5,uniform,"[70, 70, 70, 70, 70]",1,1.0,1
112,56d2053ae7d4791d00902610,5,uniform,"[70, 70, 70, 70, 70]",1,1.0,1
113,56d6edd00d65d21400198250,5,uniform,"[70, 70, 70, 70, 70]",1,1.0,1
114,56d6edd00d65d21400198251,5,uniform,"[70, 70, 70, 70, 70]",1,1.0,1
115,56d98d0adc89441400fdb54e,5,uniform,"[70, 70, 70, 70, 70]",1,1.0,1
116,56d98d0adc89441400fdb54f,5,uniform,"[70, 70, 70, 70, 70]",1,1.0,1
117,56be5438acb8001400a5031a,5,uniform,"[70, 70, 70, 70, 70]",0,0.0,0
118,56be5438acb8001400a5031b,5,uniform,"[70, 70, 70, 70, 70]",0,0.4,0
119,56be5438acb8001400a5031c,5,uniform,"[70, 70, 70, 70, 70]",0,0.4444444444444444,0
120,56beb03c3aeaaa14008c920b,5,uniform,"[70, 70, 70, 70, 70]",0,0.0,0
121,56beb03c3aeaaa14008c920d,5,uniform,"[70, 70, 70, 70, 70]",0,0.0,1
122,56bf3c633aeaaa14008c9580,5,uniform,"[70, 70, 70, 70, 70]",0,0.0,0
123,56bf3c633aeaaa14008c9581,5,uniform,"[70, 70, 70, 70, 70]",0,0.0,0
124,56bf3c633aeaaa14008c9582,5,uniform,"[70, 70, 70, 70, 70]",1,1.0,0
125,56d20564e7d4791d00902612,5,uniform,"[70, 70, 70, 70, 70]",0,0.23529411764705882,0
126,56d6ee6e0d65d21400198254,5,uniform,"[70, 70, 70, 70, 70]",0,0.0,0
127,56d6ee6e0d65d21400198255,5,uniform,"[70, 70, 70, 70, 70]",1,1.0,1
128,56d6ee6e0d65d21400198256,5,uniform,"[70, 70, 70, 70, 70]",1,1.0,1
129,56d6ee6e0d65d21400198257,5,uniform,"[70, 70, 70, 70, 70]",0,0.0,0
130,56d6ee6e0d65d21400198258,5,uniform,"[70, 70, 70, 70, 70]",1,1.0,1
131,56d98db6dc89441400fdb552,5,uniform,"[70, 70, 70, 70, 70]",0,0.4,0
132,56d98db6dc89441400fdb553,5,uniform,"[70, 70, 70, 70, 70]",0,0.0,0
133,56d98db6dc89441400fdb554,5,uniform,"[70, 70, 70, 70, 70]",1,1.0,0
134,56be54bdacb8001400a50322,5,uniform,"[70, 70, 70, 70, 70]",1,1.0,1
135,56be54bdacb8001400a50323,5,uniform,"[70, 70, 70, 70, 70]",1,1.0,1
136,56be54bdacb8001400a50324,5,uniform,"[70, 70, 70, 70, 70]",1,1.0,1
137,56be54bdacb8001400a50325,5,uniform,"[70, 70, 70, 70, 70]",1,1.0,1
138,56be54bdacb8001400a50326,5,uniform,"[70, 70, 70, 70, 70]",1,1.0,1
139,56beb0f43aeaaa14008c921b,5,uniform,"[70, 70, 70, 70, 70]",1,1.0,1
140,56beb0f43aeaaa14008c921c,5,uniform,"[70, 70, 70, 70, 70]",1,1.0,1
141,56beb0f43aeaaa14008c921d,5,uniform,"[70, 70, 70, 70, 70]",0,0.5,1
142,56beb0f43aeaaa14008c921e,5,uniform,"[70, 70, 70, 70, 70]",0,0.0,1
143,56beb0f43aeaaa14008c921f,5,uniform,"[70, 70, 70, 70, 70]",1,1.0,1
144,56bf21b43aeaaa14008c9525,5,uniform,"[70, 70, 70, 70, 70]",1,1.0,1
145,56bf21b43aeaaa14008c9526,5,uniform,"[70, 70, 70, 70, 70]",1,1.0,1
146,56bf21b43aeaaa14008c9528,5,uniform,"[70, 70, 70, 70, 70]",0,0.0,1
147,56bf21b43aeaaa14008c9529,5,uniform,"[70, 70, 70, 70, 70]",0,0.0,1
148,56d6ef6a0d65d21400198260,5,uniform,"[70, 70, 70, 70, 70]",1,1.0,1
149,56d6ef6a0d65d21400198262,5,uniform,"[70, 70, 70, 70, 70]",0,0.0,1
150,56d98f0ddc89441400fdb558,5,uniform,"[70, 70, 70, 70, 70]",1,1.0,1
151,56d98f0ddc89441400fdb559,5,uniform,"[70, 70, 70, 70, 70]",1,1.0,1
152,56d98f0ddc89441400fdb55a,5,uniform,"[70, 70, 70, 70, 70]",0,0.0,1
153,56d98f0ddc89441400fdb55b,5,uniform,"[70, 70, 70, 70, 70]",1,1.0,1
154,56d98f0ddc89441400fdb55c,5,uniform,"[70, 70, 70, 70, 70]",0,0.0,1
155,56be5523acb8001400a5032c,5,uniform,"[70, 70, 70, 70, 70]",1,1.0,1
156,56be5523acb8001400a5032d,5,uniform,"[70, 70, 70, 70, 70]",0,0.0,0
157,56be5523acb8001400a5032e,5,uniform,"[70, 70, 70, 70, 70]",1,1.0,1
158,56be5523acb8001400a5032f,5,uniform,"[70, 70, 70, 70, 70]",1,1.0,1
159,56be5523acb8001400a50330,5,uniform,"[70, 70, 70, 70, 70]",0,0.3333333333333333,1
160,56beb2153aeaaa14008c9225,5,uniform,"[70, 70, 70, 70, 70]",1,1.0,1
161,56beb2153aeaaa14008c9226,5,uniform,"[70, 70, 70, 70, 70]",1,1.0,1
162,56beb2153aeaaa14008c9227,5,uniform,"[70, 70, 70, 70, 70]",1,1.0,1
163,56beb2153aeaaa14008c9228,5,uniform,"[70, 70, 70, 70, 70]",1,1.0,1
164,56beb2153aeaaa14008c9229,5,uniform,"[70, 70, 70, 70, 70]",0,0.3333333333333333,1
165,56bf23363aeaaa14008c952f,5,uniform,"[70, 70, 70, 70, 70]",0,0.0,1
166,56bf23363aeaaa14008c9530,5,uniform,"[70, 70, 70, 70, 70]",1,1.0,1
167,56bf23363aeaaa14008c9531,5,uniform,"[70, 70, 70, 70, 70]",1,1.0,1
168,56bf23363aeaaa14008c9532,5,uniform,"[70, 70, 70, 70, 70]",1,1.0,1
169,56bf23363aeaaa14008c9533,5,uniform,"[70, 70, 70, 70, 70]",1,1.0,1
170,56d6f0770d65d21400198268,5,uniform,"[70, 70, 70, 70, 70]",1,1.0,1
171,56d6f0770d65d21400198269,5,uniform,"[70, 70, 70, 70, 70]",1,1.0,1
172,56d6f0770d65d2140019826a,5,uniform,"[70, 70, 70, 70, 70]",0,0.0,1
173,56d6f0770d65d2140019826c,5,uniform,"[70, 70, 70, 70, 70]",0,0.0,1
174,56d98fbfdc89441400fdb562,5,uniform,"[70, 70, 70, 70, 70]",0,0.24000000000000002,1
175,56d98fbfdc89441400fdb563,5,uniform,"[70, 70, 70, 70, 70]",1,1.0,1
176,56d98fbfdc89441400fdb564,5,uniform,"[70, 70, 70, 70, 70]",1,1.0,1
177,56d98fbfdc89441400fdb565,5,uniform,"[70, 70, 70, 70, 70]",0,0.0,1
178,56be572b3aeaaa14008c9052,5,uniform,"[70, 70, 70, 70, 70]",0,0.0,1
179,56beb2a03aeaaa14008c922f,5,uniform,"[70, 70, 70, 70, 70]",0,0.0,1
180,56beb2a03aeaaa14008c9230,5,uniform,"[70, 70, 70, 70, 70]",0,0.0,1
181,56beb2a03aeaaa14008c9231,5,uniform,"[70, 70, 70, 70, 70]",0,0.0,1
182,56beb2a03aeaaa14008c9232,5,uniform,"[70, 70, 70, 70, 70]",0,0.6666666666666666,1
183,56beb2a03aeaaa14008c9233,5,uniform,"[70, 70, 70, 70, 70]",0,0.0,1
184,56bf28c73aeaaa14008c9539,5,uniform,"[70, 70, 70, 70, 70]",0,0.0,1
185,56bf28c73aeaaa14008c953a,5,uniform,"[70, 70, 70, 70, 70]",0,0.0,1
186,56bf28c73aeaaa14008c953c,5,uniform,"[70, 70, 70, 70, 70]",0,0.6666666666666666,1
187,56bf28c73aeaaa14008c953d,5,uniform,"[70, 70, 70, 70, 70]",0,0.0,1
188,56d6f1190d65d21400198272,5,uniform,"[70, 70, 70, 70, 70]",0,0.8,1
189,56d6f1190d65d21400198273,5,uniform,"[70, 70, 70, 70, 70]",0,0.0,0
190,56d6f1190d65d21400198274,5,uniform,"[70, 70, 70, 70, 70]",0,0.3333333333333333,1
191,56d6f1190d65d21400198275,5,uniform,"[70, 70, 70, 70, 70]",0,0.0,1
192,56d6f1190d65d21400198276,5,uniform,"[70, 70, 70, 70, 70]",0,0.0,1
193,56d99179dc89441400fdb56c,5,uniform,"[70, 70, 70, 70, 70]",0,0.0,1
194,56d99179dc89441400fdb56d,5,uniform,"[70, 70, 70, 70, 70]",0,0.0,1
195,56d99179dc89441400fdb570,5,uniform,"[70, 70, 70, 70, 70]",0,0.0,1
196,56be59683aeaaa14008c9058,5,uniform,"[70, 70, 70, 70, 70]",1,1.0,1
197,56be59683aeaaa14008c9059,5,uniform,"[70, 70, 70, 70, 70]",1,1.0,1
198,56be59683aeaaa14008c905a,5,uniform,"[70, 70, 70, 70, 70]",0,0.0,1
199,56beb3083aeaaa14008c923d,5,uniform,"[70, 70, 70, 70, 70]",0,0.0,1
200,56beb3083aeaaa14008c923e,5,uniform,"[70, 70, 70, 70, 70]",1,1.0,1
201,56beb3083aeaaa14008c923f,5,uniform,"[70, 70, 70, 70, 70]",0,0.0,1
202,56beb3083aeaaa14008c9240,5,uniform,"[70, 70, 70, 70, 70]",0,0.0,1
203,56beb3083aeaaa14008c9241,5,uniform,"[70, 70, 70, 70, 70]",1,1.0,1
204,56bf2afe3aeaaa14008c9543,5,uniform,"[70, 70, 70, 70, 70]",0,0.0,1
205,56bf2afe3aeaaa14008c9544,5,uniform,"[70, 70, 70, 70, 70]",0,0.0,1
206,56bf2afe3aeaaa14008c9545,5,uniform,"[70, 70, 70, 70, 70]",0,0.0,1
207,56bf2afe3aeaaa14008c9547,5,uniform,"[70, 70, 70, 70, 70]",0,0.6666666666666666,1
208,56d6f2000d65d2140019827c,5,uniform,"[70, 70, 70, 70, 70]",1,1.0,1
209,56d6f2000d65d2140019827d,5,uniform,"[70, 70, 70, 70, 70]",1,1.0,1
210,56d6f2000d65d2140019827e,5,uniform,"[70, 70, 70, 70, 70]",0,0.0,1
211,56d6f2000d65d2140019827f,5,uniform,"[70, 70, 70, 70, 70]",0,0.0,1
212,56d9943fdc89441400fdb576,5,uniform,"[70, 70, 70, 70, 70]",1,1.0,1
213,56d9943fdc89441400fdb577,5,uniform,"[70, 70, 70, 70, 70]",0,0.0,1
214,56d9943fdc89441400fdb578,5,uniform,"[70, 70, 70, 70, 70]",1,1.0,1
215,56d9943fdc89441400fdb57a,5,uniform,"[70, 70, 70, 70, 70]",0,0.0,1
216,56beb3a03aeaaa14008c9247,5,uniform,"[70, 70, 70, 70, 70]",0,0.0,1
217,56beb3a03aeaaa14008c9248,5,uniform,"[70, 70, 70, 70, 70]",0,0.0,1
218,56beb3a03aeaaa14008c9249,5,uniform,"[70, 70, 70, 70, 70]",0,0.0,1
219,56beb3a03aeaaa14008c924a,5,uniform,"[70, 70, 70, 70, 70]",0,0.0,1
220,56beb3a03aeaaa14008c924b,5,uniform,"[70, 70, 70, 70, 70]",0,0.0,1
221,56bf6b303aeaaa14008c960b,5,uniform,"[70, 70, 70, 70, 70]",1,1.0,1
222,56bf6b303aeaaa14008c960c,5,uniform,"[70, 70, 70, 70, 70]",0,0.0,1
223,56bf6b303aeaaa14008c960d,5,uniform,"[70, 70, 70, 70, 70]",0,0.0,1
224,56bf6b303aeaaa14008c960e,5,uniform,"[70, 70, 70, 70, 70]",0,0.0,1
225,56bf6b303aeaaa14008c960f,5,uniform,"[70, 70, 70, 70, 70]",0,0.0,0
226,56d6f2960d65d21400198286,5,uniform,"[70, 70, 70, 70, 70]",0,0.0,1
227,56d6f2960d65d21400198287,5,uniform,"[70, 70, 70, 70, 70]",1,1.0,1
228,56d6f2960d65d21400198288,5,uniform,"[70, 70, 70, 70, 70]",1,1.0,1
229,56d6f2960d65d21400198289,5,uniform,"[70, 70, 70, 70, 70]",0,0.0,1
230,56d6f2960d65d2140019828a,5,uniform,"[70, 70, 70, 70, 70]",0,0.0,1
231,56d997cddc89441400fdb586,5,uniform,"[70, 70, 70, 70, 70]",0,0.0,1
232,56d997cddc89441400fdb587,5,uniform,"[70, 70, 70, 70, 70]",0,0.0,1
233,56d997cddc89441400fdb588,5,uniform,"[70, 70, 70, 70, 70]",0,0.0,1
234,56d997cddc89441400fdb589,5,uniform,"[70, 70, 70, 70, 70]",0,0.0,1
235,56d997cddc89441400fdb58a,5,uniform,"[70, 70, 70, 70, 70]",0,0.0,1
236,56beb4343aeaaa14008c925b,5,uniform,"[70, 70, 70, 70, 70]",1,1.0,1
237,56beb4343aeaaa14008c925c,5,uniform,"[70, 70, 70, 70, 70]",0,0.0,1
238,56beb4343aeaaa14008c925d,5,uniform,"[70, 70, 70, 70, 70]",0,0.0,1
239,56beb4343aeaaa14008c925e,5,uniform,"[70, 70, 70, 70, 70]",0,0.0,0
240,56beb4343aeaaa14008c925f,5,uniform,"[70, 70, 70, 70, 70]",1,1.0,1
241,56d6f3500d65d21400198290,5,uniform,"[70, 70, 70, 70, 70]",1,1.0,1
242,56d6f3500d65d21400198291,5,uniform,"[70, 70, 70, 70, 70]",1,1.0,1
243,56d6f3500d65d21400198292,5,uniform,"[70, 70, 70, 70, 70]",0,0.0,1
244,56d6f3500d65d21400198293,5,uniform,"[70, 70, 70, 70, 70]",0,0.0,1
245,56d6f3500d65d21400198294,5,uniform,"[70, 70, 70, 70, 70]",0,0.0,1
246,56d9992fdc89441400fdb59c,5,uniform,"[70, 70, 70, 70, 70]",0,0.0,1
247,56d9992fdc89441400fdb59e,5,uniform,"[70, 70, 70, 70, 70]",0,0.0,1
248,56d9992fdc89441400fdb59f,5,uniform,"[70, 70, 70, 70, 70]",0,0.6666666666666666,1
249,56d9992fdc89441400fdb5a0,5,uniform,"[70, 70, 70, 70, 70]",0,0.0,1
250,56beb4e43aeaaa14008c9265,5,uniform,"[70, 70, 70, 70, 70]",0,0.0,1
251,56beb4e43aeaaa14008c9266,5,uniform,"[70, 70, 70, 70, 70]",0,0.0,1
252,56beb4e43aeaaa14008c9267,5,uniform,"[70, 70, 70, 70, 70]",0,0.0,1
253,56beb4e43aeaaa14008c9268,5,uniform,"[70, 70, 70, 70, 70]",0,0.0,1
254,56beb4e43aeaaa14008c9269,5,uniform,"[70, 70, 70, 70, 70]",0,0.0,1
255,56bf301c3aeaaa14008c954d,5,uniform,"[70, 70, 70, 70, 70]",0,0.0,1
256,56bf301c3aeaaa14008c954e,5,uniform,"[70, 70, 70, 70, 70]",1,1.0,1
257,56bf301c3aeaaa14008c954f,5,uniform,"[70, 70, 70, 70, 70]",0,0.0,1
258,56bf301c3aeaaa14008c9550,5,uniform,"[70, 70, 70, 70, 70]",1,1.0,1
259,56bf301c3aeaaa14008c9551,5,uniform,"[70, 70, 70, 70, 70]",0,0.0,1
260,56d6f4030d65d2140019829a,5,uniform,"[70, 70, 70, 70, 70]",1,1.0,1
261,56d6f4030d65d2140019829b,5,uniform,"[70, 70, 70, 70, 70]",0,0.0,1
262,56d6f4030d65d2140019829c,5,uniform,"[70, 70, 70, 70, 70]",0,0.0,1
263,56d6f4030d65d2140019829d,5,uniform,"[70, 70, 70, 70, 70]",0,0.0,1
264,56d6f4030d65d2140019829e,5,uniform,"[70, 70, 70, 70, 70]",0,0.0,1
265,56d99b7bdc89441400fdb5c8,5,uniform,"[70, 70, 70, 70, 70]",0,0.0,0
266,56d99b7bdc89441400fdb5c9,5,uniform,"[70, 70, 70, 70, 70]",0,0.0,0
267,56d99b7bdc89441400fdb5ca,5,uniform,"[70, 70, 70, 70, 70]",0,0.0,0
268,56d99b7bdc89441400fdb5cb,5,uniform,"[70, 70, 70, 70, 70]",0,0.0,1
269,56d99b7bdc89441400fdb5cc,5,uniform,"[70, 70, 70, 70, 70]",0,0.0,1
270,56beb57b3aeaaa14008c9279,5,uniform,"[70, 70, 70, 70, 70]",1,1.0,1
271,56beb57b3aeaaa14008c927a,5,uniform,"[70, 70, 70, 70, 70]",0,0.0,0
272,56beb57b3aeaaa14008c927b,5,uniform,"[70, 70, 70, 70, 70]",0,0.0,1
273,56beb57b3aeaaa14008c927c,5,uniform,"[70, 70, 70, 70, 70]",0,0.0,0
274,56beb57b3aeaaa14008c927d,5,uniform,"[70, 70, 70, 70, 70]",0,0.0,1
275,56bf38383aeaaa14008c956b,5,uniform,"[70, 70, 70, 70, 70]",1,1.0,1
276,56bf38383aeaaa14008c956c,5,uniform,"[70, 70, 70, 70, 70]",0,0.0,1
277,56bf38383aeaaa14008c956d,5,uniform,"[70, 70, 70, 70, 70]",1,1.0,1
278,56bf38383aeaaa14008c956e,5,uniform,"[70, 70, 70, 70, 70]",0,0.0,1
279,56bf38383aeaaa14008c956f,5,uniform,"[70, 70, 70, 70, 70]",0,0.6666666666666666,1
280,56d6fe0b0d65d214001982a4,5,uniform,"[70, 70, 70, 70, 70]",1,1.0,1
281,56d6fe0b0d65d214001982a5,5,uniform,"[70, 70, 70, 70, 70]",0,0.0,0
282,56d6fe0b0d65d214001982a6,5,uniform,"[70, 70, 70, 70, 70]",0,0.0,1
283,56d6fe0b0d65d214001982a7,5,uniform,"[70, 70, 70, 70, 70]",0,0.0,1
284,56d99c44dc89441400fdb5d6,5,uniform,"[70, 70, 70, 70, 70]",1,1.0,1
285,56d99c44dc89441400fdb5d7,5,uniform,"[70, 70, 70, 70, 70]",1,1.0,1
286,56d99c44dc89441400fdb5d8,5,uniform,"[70, 70, 70, 70, 70]",0,0.0,0
287,56d99c44dc89441400fdb5d9,5,uniform,"[70, 70, 70, 70, 70]",1,1.0,0
288,56d99c44dc89441400fdb5da,5,uniform,"[70, 70, 70, 70, 70]",0,0.0,1
289,56beb6533aeaaa14008c928d,5,uniform,"[70, 70, 70, 70, 70]",0,0.0,1
290,56beb6533aeaaa14008c928e,5,uniform,"[70, 70, 70, 70, 70]",0,0.0,1
291,56beb6533aeaaa14008c9290,5,uniform,"[70, 70, 70, 70, 70]",0,0.0,1
292,56beb6533aeaaa14008c9291,5,uniform,"[70, 70, 70, 70, 70]",0,0.0,1
293,56bf3e803aeaaa14008c9588,5,uniform,"[70, 70, 70, 70, 70]",0,0.0,1
294,56bf3e803aeaaa14008c9589,5,uniform,"[70, 70, 70, 70, 70]",0,0.0,1
295,56bf3e803aeaaa14008c958b,5,uniform,"[70, 70, 70, 70, 70]",0,0.6666666666666666,1
296,56d6fea90d65d214001982ae,5,uniform,"[70, 70, 70, 70, 70]",0,0.0,1
297,56d6fea90d65d214001982af,5,uniform,"[70, 70, 70, 70, 70]",1,1.0,1
298,56d6fea90d65d214001982b0,5,uniform,"[70, 70, 70, 70, 70]",0,0.0,1
299,56d6fea90d65d214001982b2,5,uniform,"[70, 70, 70, 70, 70]",0,0.0,1
300,56d99da8dc89441400fdb5fd,5,uniform,"[70, 70, 70, 70, 70]",0,0.0,1
301,56d99da8dc89441400fdb5ff,5,uniform,"[70, 70, 70, 70, 70]",0,0.0,0
302,56d99da8dc89441400fdb600,5,uniform,"[70, 70, 70, 70, 70]",1,1.0,1
303,56beb6f23aeaaa14008c92a1,5,uniform,"[70, 70, 70, 70, 70]",1,1.0,1
304,56beb6f23aeaaa14008c92a2,5,uniform,"[70, 70, 70, 70, 70]",1,1.0,1
305,56beb6f23aeaaa14008c92a3,5,uniform,"[70, 70, 70, 70, 70]",0,0.0,1
306,56beb6f23aeaaa14008c92a4,5,uniform,"[70, 70, 70, 70, 70]",0,0.0,1
307,56beb6f23aeaaa14008c92a5,5,uniform,"[70, 70, 70, 70, 70]",0,0.0,1
308,56bf34293aeaaa14008c9559,5,uniform,"[70, 70, 70, 70, 70]",0,0.0,1
309,56bf34293aeaaa14008c955a,5,uniform,"[70, 70, 70, 70, 70]",0,0.0,1
310,56bf34293aeaaa14008c955b,5,uniform,"[70, 70, 70, 70, 70]",0,0.0,1
311,56d701280d65d214001982b8,5,uniform,"[70, 70, 70, 70, 70]",1,1.0,1
312,56d701280d65d214001982ba,5,uniform,"[70, 70, 70, 70, 70]",1,1.0,0
313,56d701280d65d214001982bc,5,uniform,"[70, 70, 70, 70, 70]",0,0.0,1
314,56d99e78dc89441400fdb616,5,uniform,"[70, 70, 70, 70, 70]",1,1.0,1
315,56d99e78dc89441400fdb618,5,uniform,"[70, 70, 70, 70, 70]",1,1.0,1
316,56d99e78dc89441400fdb619,5,uniform,"[70, 70, 70, 70, 70]",1,1.0,1
317,56d99e78dc89441400fdb61a,5,uniform,"[70, 70, 70, 70, 70]",0,0.0,1
318,56beb7953aeaaa14008c92ab,5,uniform,"[70, 70, 70, 70, 70]",1,1.0,1
319,56beb7953aeaaa14008c92ac,5,uniform,"[70, 70, 70, 70, 70]",1,1.0,1
320,56beb7953aeaaa14008c92ad,5,uniform,"[70, 70, 70, 70, 70]",1,1.0,1
321,56beb7953aeaaa14008c92ae,5,uniform,"[70, 70, 70, 70, 70]",0,0.0,1
322,56beb7953aeaaa14008c92af,5,uniform,"[70, 70, 70, 70, 70]",0,0.0,1
323,56bf36b93aeaaa14008c9561,5,uniform,"[70, 70, 70, 70, 70]",0,0.0,1
324,56bf36b93aeaaa14008c9562,5,uniform,"[70, 70, 70, 70, 70]",1,1.0,1
325,56bf36b93aeaaa14008c9563,5,uniform,"[70, 70, 70, 70, 70]",1,1.0,1
326,56bf36b93aeaaa14008c9564,5,uniform,"[70, 70, 70, 70, 70]",0,0.0,1
327,56bf36b93aeaaa14008c9565,5,uniform,"[70, 70, 70, 70, 70]",0,0.0,1
328,56d7018a0d65d214001982c2,5,uniform,"[70, 70, 70, 70, 70]",1,1.0,1
329,56d7018a0d65d214001982c3,5,uniform,"[70, 70, 70, 70, 70]",1,1.0,1
330,56d7018a0d65d214001982c5,5,uniform,"[70, 70, 70, 70, 70]",1,1.0,1
331,56d99f99dc89441400fdb628,5,uniform,"[70, 70, 70, 70, 70]",1,1.0,1
332,56d99f99dc89441400fdb629,5,uniform,"[70, 70, 70, 70, 70]",0,0.0,1
333,56d99f99dc89441400fdb62c,5,uniform,"[70, 70, 70, 70, 70]",0,0.0,1
334,56beb7fd3aeaaa14008c92b5,5,uniform,"[70, 70, 70, 70, 70]",1,1.0,1
335,56beb7fd3aeaaa14008c92b6,5,uniform,"[70, 70, 70, 70, 70]",1,1.0,1
336,56beb7fd3aeaaa14008c92b7,5,uniform,"[70, 70, 70, 70, 70]",0,0.0,1
337,56beb7fd3aeaaa14008c92b8,5,uniform,"[70, 70, 70, 70, 70]",0,0.0,1
338,56bf3a223aeaaa14008c9575,5,uniform,"[70, 70, 70, 70, 70]",0,0.0,1
339,56bf3a223aeaaa14008c9576,5,uniform,"[70, 70, 70, 70, 70]",1,1.0,1
340,56bf3a223aeaaa14008c9577,5,uniform,"[70, 70, 70, 70, 70]",0,0.0,1
341,56bf3a223aeaaa14008c9579,5,uniform,"[70, 70, 70, 70, 70]",1,1.0,1
342,56d703d10d65d214001982d6,5,uniform,"[70, 70, 70, 70, 70]",0,0.0,1
343,56d703d10d65d214001982d7,5,uniform,"[70, 70, 70, 70, 70]",1,1.0,1
344,56d703d10d65d214001982d8,5,uniform,"[70, 70, 70, 70, 70]",0,0.0,1
345,56d9a026dc89441400fdb632,5,uniform,"[70, 70, 70, 70, 70]",1,1.0,1
346,56beb86b3aeaaa14008c92bd,5,uniform,"[70, 70, 70, 70, 70]",1,1.0,1
347,56beb86b3aeaaa14008c92be,5,uniform,"[70, 70, 70, 70, 70]",1,1.0,1
348,56beb86b3aeaaa14008c92bf,5,uniform,"[70, 70, 70, 70, 70]",1,1.0,1
349,56beb86b3aeaaa14008c92c0,5,uniform,"[70, 70, 70, 70, 70]",0,0.0,1
350,56beb86b3aeaaa14008c92c1,5,uniform,"[70, 70, 70, 70, 70]",1,1.0,1
351,56bf3fd53aeaaa14008c9591,5,uniform,"[70, 70, 70, 70, 70]",1,1.0,1
352,56bf3fd53aeaaa14008c9592,5,uniform,"[70, 70, 70, 70, 70]",1,1.0,1
353,56bf3fd53aeaaa14008c9593,5,uniform,"[70, 70, 70, 70, 70]",1,1.0,1
354,56bf3fd53aeaaa14008c9594,5,uniform,"[70, 70, 70, 70, 70]",0,0.0,1
355,56bf3fd53aeaaa14008c9595,5,uniform,"[70, 70, 70, 70, 70]",0,0.0,1
356,56d704430d65d214001982de,5,uniform,"[70, 70, 70, 70, 70]",0,0.0,1
357,56d704430d65d214001982e0,5,uniform,"[70, 70, 70, 70, 70]",1,1.0,1
358,56d704430d65d214001982e1,5,uniform,"[70, 70, 70, 70, 70]",0,0.0,1
359,56d704430d65d214001982e2,5,uniform,"[70, 70, 70, 70, 70]",1,1.0,1
360,56d9a0eadc89441400fdb63e,5,uniform,"[70, 70, 70, 70, 70]",1,1.0,1
361,56d9a0eadc89441400fdb63f,5,uniform,"[70, 70, 70, 70, 70]",1,1.0,1
362,56d9a0eadc89441400fdb640,5,uniform,"[70, 70, 70, 70, 70]",1,1.0,1
363,56beb90c3aeaaa14008c92c7,5,uniform,"[70, 70, 70, 70, 70]",1,1.0,1
364,56beb90c3aeaaa14008c92c8,5,uniform,"[70, 70, 70, 70, 70]",1,1.0,1
365,56beb90c3aeaaa14008c92c9,5,uniform,"[70, 70, 70, 70, 70]",0,0.0,1
366,56beb90c3aeaaa14008c92ca,5,uniform,"[70, 70, 70, 70, 70]",0,0.0,1
367,56beb90c3aeaaa14008c92cb,5,uniform,"[70, 70, 70, 70, 70]",0,0.0,1
368,56bf41013aeaaa14008c959b,5,uniform,"[70, 70, 70, 70, 70]",1,1.0,1
369,56bf41013aeaaa14008c959c,5,uniform,"[70, 70, 70, 70, 70]",1,1.0,1
370,56bf41013aeaaa14008c959d,5,uniform,"[70, 70, 70, 70, 70]",0,0.0,1
371,56bf41013aeaaa14008c959e,5,uniform,"[70, 70, 70, 70, 70]",0,0.0,1
372,56d7096b0d65d214001982fc,5,uniform,"[70, 70, 70, 70, 70]",0,0.5,1
373,56d7096b0d65d214001982fd,5,uniform,"[70, 70, 70, 70, 70]",0,0.0,1
374,56d7096b0d65d214001982fe,5,uniform,"[70, 70, 70, 70, 70]",0,0.0,1
375,56d9a199dc89441400fdb647,5,uniform,"[70, 70, 70, 70, 70]",1,1.0,1
376,56d9a199dc89441400fdb648,5,uniform,"[70, 70, 70, 70, 70]",0,0.0,1
377,56d9a199dc89441400fdb649,5,uniform,"[70, 70, 70, 70, 70]",0,0.0,1
378,56beb97c3aeaaa14008c92db,5,uniform,"[70, 70, 70, 70, 70]",1,1.0,1
379,56beb97c3aeaaa14008c92dc,5,uniform,"[70, 70, 70, 70, 70]",1,1.0,1
380,56beb97c3aeaaa14008c92dd,5,uniform,"[70, 70, 70, 70, 70]",1,1.0,1
381,56beb97c3aeaaa14008c92de,5,uniform,"[70, 70, 70, 70, 70]",1,1.0,1
382,56beb97c3aeaaa14008c92df,5,uniform,"[70, 70, 70, 70, 70]",0,0.6666666666666666,1
383,56bf6c3e3aeaaa14008c9615,5,uniform,"[70, 70, 70, 70, 70]",1,1.0,1
384,56bf6c3e3aeaaa14008c9617,5,uniform,"[70, 70, 70, 70, 70]",0,0.0,1
385,56d709ef0d65d21400198306,5,uniform,"[70, 70, 70, 70, 70]",0,0.0,0
386,56d709ef0d65d21400198307,5,uniform,"[70, 70, 70, 70, 70]",1,1.0,1
387,56beba103aeaaa14008c92e5,5,uniform,"[70, 70, 70, 70, 70]",0,0.0,1
388,56beba103aeaaa14008c92e6,5,uniform,"[70, 70, 70, 70, 70]",0,0.0,1
389,56beba103aeaaa14008c92e7,5,uniform,"[70, 70, 70, 70, 70]",0,0.0,1
390,56beba103aeaaa14008c92e8,5,uniform,"[70, 70, 70, 70, 70]",0,0.0,1
391,56beba103aeaaa14008c92e9,5,uniform,"[70, 70, 70, 70, 70]",0,0.0,1
392,56bf467d3aeaaa14008c95a5,5,uniform,"[70, 70, 70, 70, 70]",0,0.0,1
393,56bf467d3aeaaa14008c95a6,5,uniform,"[70, 70, 70, 70, 70]",0,0.0,1
394,56bf467d3aeaaa14008c95a7,5,uniform,"[70, 70, 70, 70, 70]",0,0.0,1
395,56d70adc0d65d21400198311,5,uniform,"[70, 70, 70, 70, 70]",0,0.0,1
396,56d70adc0d65d21400198312,5,uniform,"[70, 70, 70, 70, 70]",0,0.0,1
397,56d70adc0d65d21400198313,5,uniform,"[70, 70, 70, 70, 70]",0,0.28571428571428575,1
398,56d70adc0d65d21400198314,5,uniform,"[70, 70, 70, 70, 70]",0,0.0,1
399,56d9a419dc89441400fdb678,5,uniform,"[70, 70, 70, 70, 70]",0,0.0,1
400,56d9a419dc89441400fdb679,5,uniform,"[70, 70, 70, 70, 70]",0,0.0,1
401,56bebad93aeaaa14008c92f9,5,uniform,"[70, 70, 70, 70, 70]",1,1.0,1
402,56bebad93aeaaa14008c92fa,5,uniform,"[70, 70, 70, 70, 70]",0,0.0,1
403,56bebad93aeaaa14008c92fb,5,uniform,"[70, 70, 70, 70, 70]",0,0.0,1
404,56bebad93aeaaa14008c92fc,5,uniform,"[70, 70, 70, 70, 70]",1,1.0,1
405,56bebad93aeaaa14008c92fd,5,uniform,"[70, 70, 70, 70, 70]",1,1.0,1
406,56bf48cc3aeaaa14008c95ab,5,uniform,"[70, 70, 70, 70, 70]",0,0.6666666666666666,1
407,56bf48cc3aeaaa14008c95ac,5,uniform,"[70, 70, 70, 70, 70]",0,0.0,1
408,56bf48cc3aeaaa14008c95ae,5,uniform,"[70, 70, 70, 70, 70]",0,0.0,1
409,56bf48cc3aeaaa14008c95af,5,uniform,"[70, 70, 70, 70, 70]",1,1.0,1
410,56d70ccc0d65d2140019831d,5,uniform,"[70, 70, 70, 70, 70]",1,1.0,1
411,56d70ccc0d65d2140019831f,5,uniform,"[70, 70, 70, 70, 70]",0,0.0,1
412,56d9a637dc89441400fdb697,5,uniform,"[70, 70, 70, 70, 70]",0,0.6666666666666666,1
413,56d9a637dc89441400fdb698,5,uniform,"[70, 70, 70, 70, 70]",1,1.0,1
414,56d9a637dc89441400fdb699,5,uniform,"[70, 70, 70, 70, 70]",0,0.0,1
415,56d9a637dc89441400fdb69a,5,uniform,"[70, 70, 70, 70, 70]",0,0.0,1
416,56bebb293aeaaa14008c9303,5,uniform,"[70, 70, 70, 70, 70]",0,0.0,1
417,56bebb293aeaaa14008c9304,5,uniform,"[70, 70, 70, 70, 70]",1,1.0,1
418,56bebb293aeaaa14008c9305,5,uniform,"[70, 70, 70, 70, 70]",1,1.0,1
419,56bebb293aeaaa14008c9306,5,uniform,"[70, 70, 70, 70, 70]",0,0.0,1
420,56bf49993aeaaa14008c95b5,5,uniform,"[70, 70, 70, 70, 70]",0,0.0,0
421,56bf49993aeaaa14008c95b6,5,uniform,"[70, 70, 70, 70, 70]",0,0.0,0
422,56bf49993aeaaa14008c95b7,5,uniform,"[70, 70, 70, 70, 70]",0,0.0,0
423,56bf49993aeaaa14008c95b8,5,uniform,"[70, 70, 70, 70, 70]",0,0.0,0
424,56d70d240d65d21400198326,5,uniform,"[70, 70, 70, 70, 70]",0,0.0,0
425,56d70d240d65d21400198327,5,uniform,"[70, 70, 70, 70, 70]",0,0.0,0
426,56d70d240d65d21400198328,5,uniform,"[70, 70, 70, 70, 70]",0,0.0,0
427,56d70d240d65d21400198329,5,uniform,"[70, 70, 70, 70, 70]",0,0.0,0
428,56d9a6b4dc89441400fdb6a0,5,uniform,"[70, 70, 70, 70, 70]",0,0.0,0
429,56d9a6b4dc89441400fdb6a1,5,uniform,"[70, 70, 70, 70, 70]",1,1.0,1
430,56d9a6b4dc89441400fdb6a2,5,uniform,"[70, 70, 70, 70, 70]",0,0.0,0
431,56d9a6b4dc89441400fdb6a3,5,uniform,"[70, 70, 70, 70, 70]",0,0.0,0
432,56bebbbf3aeaaa14008c9315,5,uniform,"[70, 70, 70, 70, 70]",1,1.0,1
433,56bebbbf3aeaaa14008c9316,5,uniform,"[70, 70, 70, 70, 70]",0,0.6666666666666666,1
434,56bebbbf3aeaaa14008c9317,5,uniform,"[70, 70, 70, 70, 70]",0,0.0,1
435,56bebbbf3aeaaa14008c9318,5,uniform,"[70, 70, 70, 70, 70]",0,0.6666666666666666,1
436,56bebbbf3aeaaa14008c9319,5,uniform,"[70, 70, 70, 70, 70]",1,1.0,1
437,56bf4e1b3aeaaa14008c95bd,5,uniform,"[70, 70, 70, 70, 70]",1,1.0,1
438,56bf4e1b3aeaaa14008c95be,5,uniform,"[70, 70, 70, 70, 70]",0,0.6666666666666666,1
439,56bf4e1b3aeaaa14008c95c0,5,uniform,"[70, 70, 70, 70, 70]",0,0.0,1
440,56bf4e1b3aeaaa14008c95c1,5,uniform,"[70, 70, 70, 70, 70]",0,0.0,1
441,56d70daa0d65d21400198332,5,uniform,"[70, 70, 70, 70, 70]",1,1.0,1
442,56d70daa0d65d21400198333,5,uniform,"[70, 70, 70, 70, 70]",0,0.0,1
443,56d70daa0d65d21400198334,5,uniform,"[70, 70, 70, 70, 70]",0,0.5,1
444,56d70daa0d65d21400198335,5,uniform,"[70, 70, 70, 70, 70]",0,0.0,1
445,56d70daa0d65d21400198336,5,uniform,"[70, 70, 70, 70, 70]",0,0.0,1
446,56d9a7addc89441400fdb6a8,5,uniform,"[70, 70, 70, 70, 70]",1,1.0,1
447,56d9a7addc89441400fdb6ab,5,uniform,"[70, 70, 70, 70, 70]",0,0.0,1
448,56bebc383aeaaa14008c931f,5,uniform,"[70, 70, 70, 70, 70]",1,1.0,1
449,56bebc383aeaaa14008c9320,5,uniform,"[70, 70, 70, 70, 70]",1,1.0,1
450,56bebc383aeaaa14008c9321,5,uniform,"[70, 70, 70, 70, 70]",1,1.0,1
451,56bf52483aeaaa14008c95c7,5,uniform,"[70, 70, 70, 70, 70]",1,1.0,1
452,56bf52483aeaaa14008c95c8,5,uniform,"[70, 70, 70, 70, 70]",1,1.0,1
453,56d70e570d65d2140019833c,5,uniform,"[70, 70, 70, 70, 70]",1,1.0,1
454,56d70e570d65d2140019833e,5,uniform,"[70, 70, 70, 70, 70]",0,0.06666666666666667,1
455,56d70e570d65d2140019833f,5,uniform,"[70, 70, 70, 70, 70]",1,1.0,1
456,56d9b01fdc89441400fdb6d4,5,uniform,"[70, 70, 70, 70, 70]",0,0.0,0
457,56bebcbe3aeaaa14008c9325,5,uniform,"[70, 70, 70, 70, 70]",1,1.0,1
458,56bebcbe3aeaaa14008c9326,5,uniform,"[70, 70, 70, 70, 70]",1,1.0,1
459,56bebcbe3aeaaa14008c9327,5,uniform,"[70, 70, 70, 70, 70]",0,0.0,1
460,56bebcbe3aeaaa14008c9328,5,uniform,"[70, 70, 70, 70, 70]",0,0.0,1
461,56bebcbe3aeaaa14008c9329,5,uniform,"[70, 70, 70, 70, 70]",0,0.0,0
462,56bf53e73aeaaa14008c95cb,5,uniform,"[70, 70, 70, 70, 70]",1,1.0,1
463,56bf53e73aeaaa14008c95cc,5,uniform,"[70, 70, 70, 70, 70]",0,0.0,1
464,56bf53e73aeaaa14008c95cd,5,uniform,"[70, 70, 70, 70, 70]",1,1.0,1
465,56bf53e73aeaaa14008c95ce,5,uniform,"[70, 70, 70, 70, 70]",1,1.0,1
466,56d7145c0d65d2140019834c,5,uniform,"[70, 70, 70, 70, 70]",0,0.5714285714285715,1
467,56d7145c0d65d2140019834d,5,uniform,"[70, 70, 70, 70, 70]",1,1.0,1
468,56d7145c0d65d2140019834f,5,uniform,"[70, 70, 70, 70, 70]",0,0.0,1
469,56d9b389dc89441400fdb6ec,5,uniform,"[70, 70, 70, 70, 70]",1,1.0,1
470,56d9b389dc89441400fdb6ed,5,uniform,"[70, 70, 70, 70, 70]",1,1.0,1
471,56d9b389dc89441400fdb6ee,5,uniform,"[70, 70, 70, 70, 70]",0,0.0,1
472,56d9b389dc89441400fdb6ef,5,uniform,"[70, 70, 70, 70, 70]",0,0.0,1
473,56d9b389dc89441400fdb6f0,5,uniform,"[70, 70, 70, 70, 70]",1,1.0,1
474,56bebd713aeaaa14008c932f,5,uniform,"[70, 70, 70, 70, 70]",1,1.0,1
475,56bebd713aeaaa14008c9330,5,uniform,"[70, 70, 70, 70, 70]",0,0.0,0
476,56bebd713aeaaa14008c9331,5,uniform,"[70, 70, 70, 70, 70]",1,1.0,1
477,56bf555e3aeaaa14008c95d3,5,uniform,"[70, 70, 70, 70, 70]",0,0.0,0
478,56bf555e3aeaaa14008c95d4,5,uniform,"[70, 70, 70, 70, 70]",0,0.5,0
479,56bf555e3aeaaa14008c95d5,5,uniform,"[70, 70, 70, 70, 70]",0,0.0,0
480,56d714cd0d65d21400198356,5,uniform,"[70, 70, 70, 70, 70]",0,0.5,1
481,56d714cd0d65d21400198358,5,uniform,"[70, 70, 70, 70, 70]",1,1.0,1
482,56d714cd0d65d21400198359,5,uniform,"[70, 70, 70, 70, 70]",0,0.0,1
483,56d9b43edc89441400fdb700,5,uniform,"[70, 70, 70, 70, 70]",0,0.0,0
484,56d9b43edc89441400fdb701,5,uniform,"[70, 70, 70, 70, 70]",0,0.0,1
485,56bebde53aeaaa14008c9335,5,uniform,"[70, 70, 70, 70, 70]",1,1.0,1
486,56bebde53aeaaa14008c9336,5,uniform,"[70, 70, 70, 70, 70]",0,0.6666666666666666,1
487,56bebde53aeaaa14008c9337,5,uniform,"[70, 70, 70, 70, 70]",1,1.0,1
488,56bebde53aeaaa14008c9338,5,uniform,"[70, 70, 70, 70, 70]",1,1.0,1
489,56bebde53aeaaa14008c9339,5,uniform,"[70, 70, 70, 70, 70]",0,0.0,1
490,56bf57043aeaaa14008c95d9,5,uniform,"[70, 70, 70, 70, 70]",1,1.0,1
491,56bf57043aeaaa14008c95da,5,uniform,"[70, 70, 70, 70, 70]",0,0.0,1
492,56bf57043aeaaa14008c95db,5,uniform,"[70, 70, 70, 70, 70]",1,1.0,1
493,56bf57043aeaaa14008c95dc,5,uniform,"[70, 70, 70, 70, 70]",1,1.0,1
494,56bf57043aeaaa14008c95dd,5,uniform,"[70, 70, 70, 70, 70]",1,1.0,1
495,56d71bd80d65d2140019835e,5,uniform,"[70, 70, 70, 70, 70]",0,0.6666666666666666,1
496,56d71bd80d65d21400198360,5,uniform,"[70, 70, 70, 70, 70]",1,1.0,1
497,56d71bd80d65d21400198361,5,uniform,"[70, 70, 70, 70, 70]",1,1.0,1
498,56d71bd80d65d21400198362,5,uniform,"[70, 70, 70, 70, 70]",0,0.0,1
499,56d9b4ebdc89441400fdb708,5,uniform,"[70, 70, 70, 70, 70]",0,0.6666666666666666,1
500,56d9b4ebdc89441400fdb709,5,uniform,"[70, 70, 70, 70, 70]",0,0.5714285714285715,0
501,56d9b4ebdc89441400fdb70a,5,uniform,"[70, 70, 70, 70, 70]",1,1.0,1
502,56d9b4ebdc89441400fdb70b,5,uniform,"[70, 70, 70, 70, 70]",0,0.0,1
503,56d9b4ebdc89441400fdb70c,5,uniform,"[70, 70, 70, 70, 70]",1,1.0,1
504,56bebe873aeaaa14008c933f,5,uniform,"[70, 70, 70, 70, 70]",0,0.0,1
505,56bebe873aeaaa14008c9340,5,uniform,"[70, 70, 70, 70, 70]",1,1.0,1
506,56bebe873aeaaa14008c9341,5,uniform,"[70, 70, 70, 70, 70]",0,0.0,1
507,56bebe873aeaaa14008c9342,5,uniform,"[70, 70, 70, 70, 70]",0,0.0,0
508,56bebe873aeaaa14008c9343,5,uniform,"[70, 70, 70, 70, 70]",0,0.0,0
509,56bf59523aeaaa14008c95e3,5,uniform,"[70, 70, 70, 70, 70]",1,1.0,1
510,56bf59523aeaaa14008c95e4,5,uniform,"[70, 70, 70, 70, 70]",0,0.0,0
511,56bf59523aeaaa14008c95e5,5,uniform,"[70, 70, 70, 70, 70]",0,0.0,0
512,56d71cb60d65d21400198368,5,uniform,"[70, 70, 70, 70, 70]",0,0.0,1
513,56d9b5ffdc89441400fdb720,5,uniform,"[70, 70, 70, 70, 70]",0,0.0,1
514,56d9b5ffdc89441400fdb721,5,uniform,"[70, 70, 70, 70, 70]",1,1.0,1
515,56bebec43aeaaa14008c9349,5,uniform,"[70, 70, 70, 70, 70]",1,1.0,1
516,56bebec43aeaaa14008c934a,5,uniform,"[70, 70, 70, 70, 70]",0,0.28571428571428575,1
517,56bf5abc3aeaaa14008c95e9,5,uniform,"[70, 70, 70, 70, 70]",0,0.0,0
518,56bf5abc3aeaaa14008c95ea,5,uniform,"[70, 70, 70, 70, 70]",0,0.4,1
519,56d71d150d65d2140019836e,5,uniform,"[70, 70, 70, 70, 70]",0,0.888888888888889,1
520,56d71d150d65d2140019836f,5,uniform,"[70, 70, 70, 70, 70]",0,0.5555555555555556,1
521,56d71d150d65d21400198370,5,uniform,"[70, 70, 70, 70, 70]",0,0.4,1
522,56d9b6a3dc89441400fdb72f,5,uniform,"[70, 70, 70, 70, 70]",1,1.0,1
523,56d9b6a3dc89441400fdb730,5,uniform,"[70, 70, 70, 70, 70]",0,0.28571428571428575,1
524,56bec0353aeaaa14008c934d,5,uniform,"[70, 70, 70, 70, 70]",0,0.8,1
525,56bec0353aeaaa14008c934e,5,uniform,"[70, 70, 70, 70, 70]",1,1.0,1
526,56bec0353aeaaa14008c934f,5,uniform,"[70, 70, 70, 70, 70]",0,0.0,1
527,56bec0353aeaaa14008c9350,5,uniform,"[70, 70, 70, 70, 70]",0,0.0,1
528,56bec0353aeaaa14008c9351,5,uniform,"[70, 70, 70, 70, 70]",0,0.0,1
529,56bf5b933aeaaa14008c95ed,5,uniform,"[70, 70, 70, 70, 70]",1,1.0,1
530,56bf5b933aeaaa14008c95ef,5,uniform,"[70, 70, 70, 70, 70]",1,1.0,1
531,56bf5b933aeaaa14008c95f1,5,uniform,"[70, 70, 70, 70, 70]",0,0.0,1
532,56d71d9d0d65d21400198374,5,uniform,"[70, 70, 70, 70, 70]",1,1.0,1
533,56d71d9d0d65d21400198377,5,uniform,"[70, 70, 70, 70, 70]",0,0.0,1
534,56bec0dd3aeaaa14008c9357,5,uniform,"[70, 70, 70, 70, 70]",0,0.0,0
535,56bec0dd3aeaaa14008c9358,5,uniform,"[70, 70, 70, 70, 70]",1,1.0,1
536,56bec0dd3aeaaa14008c9359,5,uniform,"[70, 70, 70, 70, 70]",1,1.0,1
537,56bec0dd3aeaaa14008c935a,5,uniform,"[70, 70, 70, 70, 70]",0,0.0,1
538,56bec0dd3aeaaa14008c935b,5,uniform,"[70, 70, 70, 70, 70]",0,0.0,1
539,56bf5e7b3aeaaa14008c95f7,5,uniform,"[70, 70, 70, 70, 70]",1,1.0,1
540,56bf5e7b3aeaaa14008c95f8,5,uniform,"[70, 70, 70, 70, 70]",0,0.0,1
541,56bf5e7b3aeaaa14008c95f9,5,uniform,"[70, 70, 70, 70, 70]",0,0.0,1
542,56bf5e7b3aeaaa14008c95fa,5,uniform,"[70, 70, 70, 70, 70]",0,0.0,1
543,56bf5e7b3aeaaa14008c95fb,5,uniform,"[70, 70, 70, 70, 70]",0,0.0,1
544,56d71ed50d65d2140019837c,5,uniform,"[70, 70, 70, 70, 70]",1,1.0,1
545,56d71ed50d65d2140019837d,5,uniform,"[70, 70, 70, 70, 70]",1,1.0,1
546,56d9b7dcdc89441400fdb740,5,uniform,"[70, 70, 70, 70, 70]",1,1.0,0
547,56d9b7dcdc89441400fdb741,5,uniform,"[70, 70, 70, 70, 70]",0,0.0909090909090909,0
548,56d9b7dcdc89441400fdb742,5,uniform,"[70, 70, 70, 70, 70]",0,0.22222222222222224,0
549,56d9b7dcdc89441400fdb743,5,uniform,"[70, 70, 70, 70, 70]",0,0.0,1
550,56d9b7dcdc89441400fdb744,5,uniform,"[70, 70, 70, 70, 70]",0,0.0,0
551,56bec1823aeaaa14008c9361,5,uniform,"[70, 70, 70, 70, 70]",1,1.0,1
552,56bec1823aeaaa14008c9362,5,uniform,"[70, 70, 70, 70, 70]",0,0.0,1
553,56bec1823aeaaa14008c9363,5,uniform,"[70, 70, 70, 70, 70]",0,0.0,1
554,56bec1823aeaaa14008c9364,5,uniform,"[70, 70, 70, 70, 70]",1,1.0,1
555,56bec1823aeaaa14008c9365,5,uniform,"[70, 70, 70, 70, 70]",1,1.0,1
556,56bf6d343aeaaa14008c961b,5,uniform,"[70, 70, 70, 70, 70]",1,1.0,0
557,56d71fc00d65d21400198386,5,uniform,"[70, 70, 70, 70, 70]",1,1.0,1
558,56d71fc00d65d21400198389,5,uniform,"[70, 70, 70, 70, 70]",0,0.0,1
559,56d9ba95dc89441400fdb754,5,uniform,"[70, 70, 70, 70, 70]",0,0.0,0
560,56d9ba95dc89441400fdb757,5,uniform,"[70, 70, 70, 70, 70]",0,0.22222222222222224,1
561,56d9ba95dc89441400fdb758,5,uniform,"[70, 70, 70, 70, 70]",0,0.0,1
562,56bec2013aeaaa14008c9371,5,uniform,"[70, 70, 70, 70, 70]",1,1.0,1
563,56bec2013aeaaa14008c9372,5,uniform,"[70, 70, 70, 70, 70]",0,0.0,1
564,56bec2013aeaaa14008c9373,5,uniform,"[70, 70, 70, 70, 70]",1,1.0,1
565,56bec2013aeaaa14008c9374,5,uniform,"[70, 70, 70, 70, 70]",0,0.6666666666666666,1
566,56bec2013aeaaa14008c9375,5,uniform,"[70, 70, 70, 70, 70]",0,0.0,1
567,56bf6e7a3aeaaa14008c961f,5,uniform,"[70, 70, 70, 70, 70]",0,0.0,0
568,56bf6e7a3aeaaa14008c9620,5,uniform,"[70, 70, 70, 70, 70]",0,0.0,0
569,56bf6e7a3aeaaa14008c9621,5,uniform,"[70, 70, 70, 70, 70]",1,1.0,1
570,56bf6e7a3aeaaa14008c9622,5,uniform,"[70, 70, 70, 70, 70]",0,0.4,1
571,56d7205e0d65d21400198391,5,uniform,"[70, 70, 70, 70, 70]",0,0.6666666666666666,1
572,56d7205e0d65d21400198392,5,uniform,"[70, 70, 70, 70, 70]",1,1.0,1
573,56d9bc13dc89441400fdb75e,5,uniform,"[70, 70, 70, 70, 70]",1,1.0,1
574,56d9bc13dc89441400fdb75f,5,uniform,"[70, 70, 70, 70, 70]",1,1.0,0
575,56d9bc13dc89441400fdb760,5,uniform,"[70, 70, 70, 70, 70]",0,0.0,1
576,56bec2573aeaaa14008c937b,5,uniform,"[70, 70, 70, 70, 70]",0,0.25,1
577,56bec2573aeaaa14008c937c,5,uniform,"[70, 70, 70, 70, 70]",0,0.0425531914893617,1
578,56bf6f743aeaaa14008c9631,5,uniform,"[70, 70, 70, 70, 70]",0,0.25,1
579,56bf6f743aeaaa14008c9632,5,uniform,"[70, 70, 70, 70, 70]",0,0.2222222222222222,1
580,56d720c70d65d21400198396,5,uniform,"[70, 70, 70, 70, 70]",1,1.0,1
581,56d720c70d65d21400198397,5,uniform,"[70, 70, 70, 70, 70]",0,0.15384615384615383,1
582,56d720c70d65d21400198398,5,uniform,"[70, 70, 70, 70, 70]",0,0.16666666666666666,1
583,56bec3153aeaaa14008c9389,5,uniform,"[70, 70, 70, 70, 70]",1,1.0,1
584,56bec3153aeaaa14008c938a,5,uniform,"[70, 70, 70, 70, 70]",0,0.0,1
585,56bec3153aeaaa14008c938b,5,uniform,"[70, 70, 70, 70, 70]",0,0.0,1
586,56bec3153aeaaa14008c938c,5,uniform,"[70, 70, 70, 70, 70]",0,0.0,1
587,56bf717d3aeaaa14008c9635,5,uniform,"[70, 70, 70, 70, 70]",0,0.0,1
588,56bf717d3aeaaa14008c9637,5,uniform,"[70, 70, 70, 70, 70]",0,0.0,1
589,56bf717d3aeaaa14008c9638,5,uniform,"[70, 70, 70, 70, 70]",0,0.0,1
590,56bf717d3aeaaa14008c9639,5,uniform,"[70, 70, 70, 70, 70]",0,0.0,1
591,56d721af0d65d2140019839e,5,uniform,"[70, 70, 70, 70, 70]",0,0.0,1
592,56d721af0d65d2140019839f,5,uniform,"[70, 70, 70, 70, 70]",0,0.0,1
593,56d721af0d65d214001983a0,5,uniform,"[70, 70, 70, 70, 70]",0,0.0,1
594,56d9bdc1dc89441400fdb768,5,uniform,"[70, 70, 70, 70, 70]",0,0.0,1
595,56d9bdc1dc89441400fdb769,5,uniform,"[70, 70, 70, 70, 70]",0,0.0,1
596,56d9bdc1dc89441400fdb76a,5,uniform,"[70, 70, 70, 70, 70]",0,0.6666666666666666,1
597,56bec38b3aeaaa14008c9397,5,uniform,"[70, 70, 70, 70, 70]",1,1.0,1
598,56bec38b3aeaaa14008c9398,5,uniform,"[70, 70, 70, 70, 70]",1,1.0,1
599,56bec38b3aeaaa14008c9399,5,uniform,"[70, 70, 70, 70, 70]",1,1.0,1
600,56bec38b3aeaaa14008c939a,5,uniform,"[70, 70, 70, 70, 70]",1,1.0,1
601,56bf71e73aeaaa14008c963f,5,uniform,"[70, 70, 70, 70, 70]",0,0.0,0
602,56bf71e73aeaaa14008c9640,5,uniform,"[70, 70, 70, 70, 70]",0,0.0,1
603,56d722330d65d214001983a6,5,uniform,"[70, 70, 70, 70, 70]",1,1.0,1
604,56d722330d65d214001983a7,5,uniform,"[70, 70, 70, 70, 70]",1,1.0,1
605,56d722330d65d214001983a8,5,uniform,"[70, 70, 70, 70, 70]",1,1.0,1
606,56d9be16dc89441400fdb770,5,uniform,"[70, 70, 70, 70, 70]",0,0.0,1
607,56d9be16dc89441400fdb771,5,uniform,"[70, 70, 70, 70, 70]",0,0.0,0
608,56bec4343aeaaa14008c93a9,5,uniform,"[70, 70, 70, 70, 70]",0,0.0,1
609,56bec4343aeaaa14008c93aa,5,uniform,"[70, 70, 70, 70, 70]",0,0.0,1
610,56bec4343aeaaa14008c93ab,5,uniform,"[70, 70, 70, 70, 70]",0,0.0,1
611,56bec4343aeaaa14008c93ac,5,uniform,"[70, 70, 70, 70, 70]",0,0.0,1
612,56d723560d65d214001983ac,5,uniform,"[70, 70, 70, 70, 70]",0,0.0,1
613,56d723560d65d214001983ad,5,uniform,"[70, 70, 70, 70, 70]",0,0.0,1
614,56d723560d65d214001983ae,5,uniform,"[70, 70, 70, 70, 70]",0,0.0,1
615,56d723560d65d214001983af,5,uniform,"[70, 70, 70, 70, 70]",0,0.0,1
616,56d9bf70dc89441400fdb77b,5,uniform,"[70, 70, 70, 70, 70]",0,0.6666666666666666,1
617,56d9bf70dc89441400fdb77c,5,uniform,"[70, 70, 70, 70, 70]",0,0.15384615384615385,1
618,56d9bf70dc89441400fdb77d,5,uniform,"[70, 70, 70, 70, 70]",1,1.0,1
619,56bec4a33aeaaa14008c93b1,5,uniform,"[70, 70, 70, 70, 70]",0,0.0,0
620,56bec4a33aeaaa14008c93b2,5,uniform,"[70, 70, 70, 70, 70]",1,1.0,1
621,56bec4a33aeaaa14008c93b3,5,uniform,"[70, 70, 70, 70, 70]",1,1.0,1
622,56bec4a33aeaaa14008c93b4,5,uniform,"[70, 70, 70, 70, 70]",1,1.0,1
623,56bec4a33aeaaa14008c93b5,5,uniform,"[70, 70, 70, 70, 70]",1,1.0,1
624,56bf738b3aeaaa14008c9655,5,uniform,"[70, 70, 70, 70, 70]",0,0.0,0
625,56bf738b3aeaaa14008c9656,5,uniform,"[70, 70, 70, 70, 70]",0,0.0,0
626,56d723ad0d65d214001983b4,5,uniform,"[70, 70, 70, 70, 70]",1,1.0,1
627,56d723ad0d65d214001983b5,5,uniform,"[70, 70, 70, 70, 70]",0,0.0,1
628,56d723ad0d65d214001983b8,5,uniform,"[70, 70, 70, 70, 70]",1,1.0,1
629,56d9c049dc89441400fdb78e,5,uniform,"[70, 70, 70, 70, 70]",0,0.0,1
630,56d9c049dc89441400fdb78f,5,uniform,"[70, 70, 70, 70, 70]",1,1.0,1
631,56d9c049dc89441400fdb790,5,uniform,"[70, 70, 70, 70, 70]",0,0.37037037037037035,1
632,56d9c049dc89441400fdb791,5,uniform,"[70, 70, 70, 70, 70]",1,1.0,1
633,56d9c049dc89441400fdb792,5,uniform,"[70, 70, 70, 70, 70]",1,1.0,1
634,56bec5233aeaaa14008c93cf,5,uniform,"[70, 70, 70, 70, 70]",1,1.0,1
635,56bec5233aeaaa14008c93d0,5,uniform,"[70, 70, 70, 70, 70]",1,1.0,1
636,56bec5233aeaaa14008c93d1,5,uniform,"[70, 70, 70, 70, 70]",0,0.5,1
637,56bec5233aeaaa14008c93d2,5,uniform,"[70, 70, 70, 70, 70]",0,0.4,1
638,56bec5233aeaaa14008c93d3,5,uniform,"[70, 70, 70, 70, 70]",0,0.0,1
639,56d724620d65d214001983be,5,uniform,"[70, 70, 70, 70, 70]",0,0.0,1
640,56d724620d65d214001983bf,5,uniform,"[70, 70, 70, 70, 70]",1,1.0,1
641,56d724620d65d214001983c0,5,uniform,"[70, 70, 70, 70, 70]",0,0.0,1
642,56d724620d65d214001983c1,5,uniform,"[70, 70, 70, 70, 70]",0,0.0,1
643,56d9c203dc89441400fdb7a0,5,uniform,"[70, 70, 70, 70, 70]",0,0.2,0
644,56d9c203dc89441400fdb7a3,5,uniform,"[70, 70, 70, 70, 70]",0,0.0,1
645,56bec5ff3aeaaa14008c93e3,5,uniform,"[70, 70, 70, 70, 70]",0,0.6153846153846153,1
646,56bec5ff3aeaaa14008c93e4,5,uniform,"[70, 70, 70, 70, 70]",0,0.0,1
647,56bec5ff3aeaaa14008c93e5,5,uniform,"[70, 70, 70, 70, 70]",0,0.19999999999999998,1
648,56d724ea0d65d214001983c8,5,uniform,"[70, 70, 70, 70, 70]",0,0.0,0
649,56d724ea0d65d214001983c9,5,uniform,"[70, 70, 70, 70, 70]",1,1.0,1
650,56bec6573aeaaa14008c93e9,5,uniform,"[70, 70, 70, 70, 70]",0,0.0,1
651,56bec6573aeaaa14008c93ea,5,uniform,"[70, 70, 70, 70, 70]",0,0.0,1
652,56bec6573aeaaa14008c93eb,5,uniform,"[70, 70, 70, 70, 70]",0,0.0,1
653,56bec6573aeaaa14008c93ec,5,uniform,"[70, 70, 70, 70, 70]",0,0.0,1
654,56bec6573aeaaa14008c93ed,5,uniform,"[70, 70, 70, 70, 70]",0,0.0,1
655,56d7251d0d65d214001983cc,5,uniform,"[70, 70, 70, 70, 70]",1,1.0,1
656,56d7251d0d65d214001983cd,5,uniform,"[70, 70, 70, 70, 70]",0,0.0,1
657,56d7251d0d65d214001983cf,5,uniform,"[70, 70, 70, 70, 70]",0,0.0,1
658,56d9c3a6dc89441400fdb7b4,5,uniform,"[70, 70, 70, 70, 70]",0,0.0,1
659,56d9c3a6dc89441400fdb7b5,5,uniform,"[70, 70, 70, 70, 70]",0,0.0,1
660,56d9c3a6dc89441400fdb7b6,5,uniform,"[70, 70, 70, 70, 70]",0,0.0,1
661,56d9c3a6dc89441400fdb7b7,5,uniform,"[70, 70, 70, 70, 70]",0,0.0,1
662,56d9c3a6dc89441400fdb7b8,5,uniform,"[70, 70, 70, 70, 70]",0,0.0,1
663,56bec6ac3aeaaa14008c93fd,5,uniform,"[70, 70, 70, 70, 70]",1,1.0,1
664,56bec6ac3aeaaa14008c93fe,5,uniform,"[70, 70, 70, 70, 70]",1,1.0,1
665,56bec6ac3aeaaa14008c93ff,5,uniform,"[70, 70, 70, 70, 70]",1,1.0,1
666,56bec6ac3aeaaa14008c9400,5,uniform,"[70, 70, 70, 70, 70]",0,0.0,1
667,56bec6ac3aeaaa14008c9401,5,uniform,"[70, 70, 70, 70, 70]",0,0.8571428571428571,1
668,56d20650e7d4791d00902614,5,uniform,"[70, 70, 70, 70, 70]",1,1.0,1
669,56d20650e7d4791d00902615,5,uniform,"[70, 70, 70, 70, 70]",1,1.0,1
670,56d7253b0d65d214001983d4,5,uniform,"[70, 70, 70, 70, 70]",0,0.0,0
671,56d7253b0d65d214001983d5,5,uniform,"[70, 70, 70, 70, 70]",1,1.0,1
672,56d9c455dc89441400fdb7c4,5,uniform,"[70, 70, 70, 70, 70]",0,0.0,0
673,56d9c455dc89441400fdb7c5,5,uniform,"[70, 70, 70, 70, 70]",1,1.0,1
674,56d9c455dc89441400fdb7c6,5,uniform,"[70, 70, 70, 70, 70]",1,1.0,1
675,56bec7353aeaaa14008c940d,5,uniform,"[70, 70, 70, 70, 70]",1,1.0,1
676,56bec7353aeaaa14008c940e,5,uniform,"[70, 70, 70, 70, 70]",1,1.0,1
677,56bec7353aeaaa14008c940f,5,uniform,"[70, 70, 70, 70, 70]",1,1.0,1
678,56bec7353aeaaa14008c9410,5,uniform,"[70, 70, 70, 70, 70]",0,0.0,1
679,56bec7353aeaaa14008c9411,5,uniform,"[70, 70, 70, 70, 70]",0,0.6666666666666666,1
680,56d725790d65d214001983d8,5,uniform,"[70, 70, 70, 70, 70]",0,0.4,1
681,56d725790d65d214001983da,5,uniform,"[70, 70, 70, 70, 70]",1,1.0,1
682,56d725790d65d214001983db,5,uniform,"[70, 70, 70, 70, 70]",0,0.0,1
683,56d9c551dc89441400fdb7d0,5,uniform,"[70, 70, 70, 70, 70]",0,0.4,1
684,56d9c551dc89441400fdb7d1,5,uniform,"[70, 70, 70, 70, 70]",1,1.0,1
685,56d9c551dc89441400fdb7d2,5,uniform,"[70, 70, 70, 70, 70]",0,0.0,1
686,56d9c551dc89441400fdb7d3,5,uniform,"[70, 70, 70, 70, 70]",1,1.0,1
687,56bec7a63aeaaa14008c9417,5,uniform,"[70, 70, 70, 70, 70]",1,1.0,1
688,56bec7a63aeaaa14008c9418,5,uniform,"[70, 70, 70, 70, 70]",0,0.0,1
689,56bec7a63aeaaa14008c9419,5,uniform,"[70, 70, 70, 70, 70]",0,0.0,1
690,56bec7a63aeaaa14008c941a,5,uniform,"[70, 70, 70, 70, 70]",0,0.0,1
691,56bec7a63aeaaa14008c941b,5,uniform,"[70, 70, 70, 70, 70]",1,1.0,1
692,56d728a10d65d21400198413,5,uniform,"[70, 70, 70, 70, 70]",0,0.0,1
693,56d728a10d65d21400198414,5,uniform,"[70, 70, 70, 70, 70]",0,0.0,1
694,56d728a10d65d21400198415,5,uniform,"[70, 70, 70, 70, 70]",0,0.0,0
695,56d728a10d65d21400198416,5,uniform,"[70, 70, 70, 70, 70]",0,0.0,0
696,56d9c5e7dc89441400fdb7d8,5,uniform,"[70, 70, 70, 70, 70]",1,1.0,1
697,56d9c5e7dc89441400fdb7d9,5,uniform,"[70, 70, 70, 70, 70]",1,1.0,1
698,56d9c5e7dc89441400fdb7da,5,uniform,"[70, 70, 70, 70, 70]",1,1.0,1
699,56d9c5e7dc89441400fdb7db,5,uniform,"[70, 70, 70, 70, 70]",0,0.0,1
700,56d9c5e7dc89441400fdb7dc,5,uniform,"[70, 70, 70, 70, 70]",0,0.0,1
701,56bec8243aeaaa14008c942b,5,uniform,"[70, 70, 70, 70, 70]",1,1.0,1
702,56bec8243aeaaa14008c942c,5,uniform,"[70, 70, 70, 70, 70]",1,1.0,1
703,56bec8243aeaaa14008c942d,5,uniform,"[70, 70, 70, 70, 70]",1,1.0,1
704,56bec8243aeaaa14008c942e,5,uniform,"[70, 70, 70, 70, 70]",0,0.0,1
705,56bec8243aeaaa14008c942f,5,uniform,"[70, 70, 70, 70, 70]",0,0.6666666666666666,1
706,56d728e00d65d2140019841c,5,uniform,"[70, 70, 70, 70, 70]",0,0.0,1
707,56d728e00d65d2140019841d,5,uniform,"[70, 70, 70, 70, 70]",1,1.0,1
708,56d728e00d65d2140019841e,5,uniform,"[70, 70, 70, 70, 70]",0,0.0,1
709,56d728e00d65d2140019841f,5,uniform,"[70, 70, 70, 70, 70]",0,0.0,1
710,56d728e00d65d21400198420,5,uniform,"[70, 70, 70, 70, 70]",0,0.0,1
711,56d9c660dc89441400fdb7e7,5,uniform,"[70, 70, 70, 70, 70]",1,1.0,1
712,56d9c660dc89441400fdb7e8,5,uniform,"[70, 70, 70, 70, 70]",0,0.0,1
713,56d9c660dc89441400fdb7e9,5,uniform,"[70, 70, 70, 70, 70]",0,0.0,1
714,56d9c660dc89441400fdb7ea,5,uniform,"[70, 70, 70, 70, 70]",0,0.3333333333333333,1
715,56bec8a13aeaaa14008c9435,5,uniform,"[70, 70, 70, 70, 70]",1,1.0,1
716,56bec8a13aeaaa14008c9436,5,uniform,"[70, 70, 70, 70, 70]",0,0.0,0
717,56bec8a13aeaaa14008c9437,5,uniform,"[70, 70, 70, 70, 70]",0,0.0,1
718,56bec8a13aeaaa14008c9438,5,uniform,"[70, 70, 70, 70, 70]",0,0.0,1
719,56bec8a13aeaaa14008c9439,5,uniform,"[70, 70, 70, 70, 70]",0,0.0,1
720,56d729180d65d21400198426,5,uniform,"[70, 70, 70, 70, 70]",1,1.0,1
721,56d729180d65d21400198427,5,uniform,"[70, 70, 70, 70, 70]",1,1.0,1
722,56d729180d65d21400198428,5,uniform,"[70, 70, 70, 70, 70]",1,1.0,1
723,56d729180d65d21400198429,5,uniform,"[70, 70, 70, 70, 70]",0,0.0,1
724,56d729180d65d2140019842a,5,uniform,"[70, 70, 70, 70, 70]",0,0.0,1
725,56d9c6e0dc89441400fdb7f0,5,uniform,"[70, 70, 70, 70, 70]",1,1.0,1
726,56d9c6e0dc89441400fdb7f4,5,uniform,"[70, 70, 70, 70, 70]",0,0.0,1
727,56bec9133aeaaa14008c9445,5,uniform,"[70, 70, 70, 70, 70]",1,1.0,1
728,56bec9133aeaaa14008c9446,5,uniform,"[70, 70, 70, 70, 70]",1,1.0,1
729,56bec9133aeaaa14008c9447,5,uniform,"[70, 70, 70, 70, 70]",1,1.0,1
730,56bec9133aeaaa14008c9448,5,uniform,"[70, 70, 70, 70, 70]",0,0.0,1
731,56bec9133aeaaa14008c9449,5,uniform,"[70, 70, 70, 70, 70]",0,0.0,1
732,56d729ec0d65d21400198430,5,uniform,"[70, 70, 70, 70, 70]",1,1.0,1
733,56d729ec0d65d21400198431,5,uniform,"[70, 70, 70, 70, 70]",1,1.0,1
734,56d729ec0d65d21400198432,5,uniform,"[70, 70, 70, 70, 70]",0,0.0,1
735,56d729ec0d65d21400198434,5,uniform,"[70, 70, 70, 70, 70]",0,0.0,1
736,56d9c79edc89441400fdb804,5,uniform,"[70, 70, 70, 70, 70]",0,0.0,1
737,56d9c79edc89441400fdb805,5,uniform,"[70, 70, 70, 70, 70]",0,0.6666666666666666,1
738,56d9c79edc89441400fdb806,5,uniform,"[70, 70, 70, 70, 70]",1,1.0,1
739,56d9c79edc89441400fdb807,5,uniform,"[70, 70, 70, 70, 70]",0,0.0,0
740,56d9c79edc89441400fdb808,5,uniform,"[70, 70, 70, 70, 70]",0,0.0,1
741,56bec98e3aeaaa14008c9455,5,uniform,"[70, 70, 70, 70, 70]",1,1.0,1
742,56bec98e3aeaaa14008c9456,5,uniform,"[70, 70, 70, 70, 70]",0,0.0,1
743,56bec98e3aeaaa14008c9457,5,uniform,"[70, 70, 70, 70, 70]",0,0.0,1
744,56bec98e3aeaaa14008c9458,5,uniform,"[70, 70, 70, 70, 70]",0,0.0,1
745,56bec98e3aeaaa14008c9459,5,uniform,"[70, 70, 70, 70, 70]",0,0.0,1
746,56d7282f0d65d21400198408,5,uniform,"[70, 70, 70, 70, 70]",1,1.0,1
747,56d7282f0d65d21400198409,5,uniform,"[70, 70, 70, 70, 70]",0,0.0,1
748,56d7282f0d65d2140019840a,5,uniform,"[70, 70, 70, 70, 70]",0,0.0,1
749,56d7282f0d65d2140019840c,5,uniform,"[70, 70, 70, 70, 70]",0,0.0,1
750,56d9c92bdc89441400fdb80e,5,uniform,"[70, 70, 70, 70, 70]",0,0.0,0
751,56d9c92bdc89441400fdb80f,5,uniform,"[70, 70, 70, 70, 70]",0,0.6666666666666666,1
752,56d9c92bdc89441400fdb810,5,uniform,"[70, 70, 70, 70, 70]",0,0.0,1
753,56d9c92bdc89441400fdb811,5,uniform,"[70, 70, 70, 70, 70]",0,0.0,1
754,56bec9e83aeaaa14008c945f,5,uniform,"[70, 70, 70, 70, 70]",0,0.0,1
755,56bec9e83aeaaa14008c9460,5,uniform,"[70, 70, 70, 70, 70]",0,0.0,1
756,56bec9e83aeaaa14008c9461,5,uniform,"[70, 70, 70, 70, 70]",0,0.0,1
757,56bec9e83aeaaa14008c9462,5,uniform,"[70, 70, 70, 70, 70]",0,0.6666666666666666,1
758,56d7261e0d65d214001983e0,5,uniform,"[70, 70, 70, 70, 70]",0,0.6666666666666666,1
759,56d7261e0d65d214001983e1,5,uniform,"[70, 70, 70, 70, 70]",1,1.0,1
760,56d7261e0d65d214001983e2,5,uniform,"[70, 70, 70, 70, 70]",0,0.5714285714285715,1
761,56d7261e0d65d214001983e4,5,uniform,"[70, 70, 70, 70, 70]",0,0.0,1
762,56d9ca0adc89441400fdb820,5,uniform,"[70, 70, 70, 70, 70]",1,1.0,1
763,56d9ca0adc89441400fdb821,5,uniform,"[70, 70, 70, 70, 70]",0,0.0,1
764,56d9ca0adc89441400fdb822,5,uniform,"[70, 70, 70, 70, 70]",0,0.0,1
765,56d9ca0adc89441400fdb823,5,uniform,"[70, 70, 70, 70, 70]",0,0.0,1
766,56beca913aeaaa14008c946d,5,uniform,"[70, 70, 70, 70, 70]",1,1.0,1
767,56beca913aeaaa14008c946e,5,uniform,"[70, 70, 70, 70, 70]",0,0.0,1
768,56beca913aeaaa14008c946f,5,uniform,"[70, 70, 70, 70, 70]",0,0.0,1
769,56beca913aeaaa14008c9470,5,uniform,"[70, 70, 70, 70, 70]",0,0.0,1
770,56beca913aeaaa14008c9471,5,uniform,"[70, 70, 70, 70, 70]",0,0.0,1
771,56d726b60d65d214001983ea,5,uniform,"[70, 70, 70, 70, 70]",1,1.0,1
772,56d726b60d65d214001983eb,5,uniform,"[70, 70, 70, 70, 70]",0,0.0,1
773,56d726b60d65d214001983ec,5,uniform,"[70, 70, 70, 70, 70]",0,0.0,1
774,56d726b60d65d214001983ed,5,uniform,"[70, 70, 70, 70, 70]",0,0.0,1
775,56d726b60d65d214001983ee,5,uniform,"[70, 70, 70, 70, 70]",0,0.0,1
776,56d9cb47dc89441400fdb832,5,uniform,"[70, 70, 70, 70, 70]",1,1.0,1
777,56d9cb47dc89441400fdb833,5,uniform,"[70, 70, 70, 70, 70]",1,1.0,1
778,56d9cb47dc89441400fdb834,5,uniform,"[70, 70, 70, 70, 70]",0,0.0,1
779,56d9cb47dc89441400fdb835,5,uniform,"[70, 70, 70, 70, 70]",0,0.0,1
780,56d9cb47dc89441400fdb836,5,uniform,"[70, 70, 70, 70, 70]",0,0.0,1
781,56becaf93aeaaa14008c9481,5,uniform,"[70, 70, 70, 70, 70]",0,0.0,1
782,56becaf93aeaaa14008c9482,5,uniform,"[70, 70, 70, 70, 70]",0,0.0,1
783,56becaf93aeaaa14008c9483,5,uniform,"[70, 70, 70, 70, 70]",0,0.0,1
784,56becaf93aeaaa14008c9484,5,uniform,"[70, 70, 70, 70, 70]",1,1.0,0
785,56becaf93aeaaa14008c9485,5,uniform,"[70, 70, 70, 70, 70]",0,0.0,0
786,56d7270c0d65d214001983f4,5,uniform,"[70, 70, 70, 70, 70]",0,0.0,0
787,56d7270c0d65d214001983f5,5,uniform,"[70, 70, 70, 70, 70]",0,0.0,1
788,56d7270c0d65d214001983f6,5,uniform,"[70, 70, 70, 70, 70]",1,1.0,1
789,56d7270c0d65d214001983f7,5,uniform,"[70, 70, 70, 70, 70]",1,1.0,1
790,56d7270c0d65d214001983f8,5,uniform,"[70, 70, 70, 70, 70]",1,1.0,0
791,56d9ccacdc89441400fdb842,5,uniform,"[70, 70, 70, 70, 70]",0,0.0,0
792,56d9ccacdc89441400fdb843,5,uniform,"[70, 70, 70, 70, 70]",0,0.0,0
793,56d9ccacdc89441400fdb844,5,uniform,"[70, 70, 70, 70, 70]",0,0.0,0
794,56d9ccacdc89441400fdb845,5,uniform,"[70, 70, 70, 70, 70]",0,0.0,0
795,56d9ccacdc89441400fdb846,5,uniform,"[70, 70, 70, 70, 70]",0,0.0,1
796,56becb823aeaaa14008c948b,5,uniform,"[70, 70, 70, 70, 70]",0,0.0,1
797,56becb823aeaaa14008c948c,5,uniform,"[70, 70, 70, 70, 70]",1,1.0,1
798,56becb823aeaaa14008c948d,5,uniform,"[70, 70, 70, 70, 70]",0,0.0,1
799,56becb823aeaaa14008c948e,5,uniform,"[70, 70, 70, 70, 70]",0,0.0,1
800,56becb823aeaaa14008c948f,5,uniform,"[70, 70, 70, 70, 70]",0,0.6666666666666666,1
801,56d7277c0d65d214001983fe,5,uniform,"[70, 70, 70, 70, 70]",0,0.5,1
802,56d7277c0d65d214001983ff,5,uniform,"[70, 70, 70, 70, 70]",0,0.0,1
803,56d7277c0d65d21400198401,5,uniform,"[70, 70, 70, 70, 70]",0,0.0,1
804,56d7277c0d65d21400198402,5,uniform,"[70, 70, 70, 70, 70]",1,1.0,1
805,56d9cd9adc89441400fdb84c,5,uniform,"[70, 70, 70, 70, 70]",0,0.0,1
806,56d9cd9adc89441400fdb84d,5,uniform,"[70, 70, 70, 70, 70]",1,1.0,1
807,56d9cd9adc89441400fdb84e,5,uniform,"[70, 70, 70, 70, 70]",1,1.0,1
808,56d9cd9adc89441400fdb84f,5,uniform,"[70, 70, 70, 70, 70]",0,0.0,1
809,56d9cd9adc89441400fdb850,5,uniform,"[70, 70, 70, 70, 70]",0,0.0,1
810,5733a5f54776f41900660f45,5,uniform,"[70, 70, 70, 70, 70]",1,1.0,1
811,5733a5f54776f41900660f48,5,uniform,"[70, 70, 70, 70, 70]",0,0.0,1
812,5733a5f54776f41900660f44,5,uniform,"[70, 70, 70, 70, 70]",1,1.0,1
813,5733a5f54776f41900660f46,5,uniform,"[70, 70, 70, 70, 70]",0,0.0,1
814,5733a5f54776f41900660f47,5,uniform,"[70, 70, 70, 70, 70]",0,0.0,1
815,57336755d058e614000b5a3d,5,uniform,"[70, 70, 70, 70, 70]",1,1.0,1
816,57336755d058e614000b5a3f,5,uniform,"[70, 70, 70, 70, 70]",0,0.0,1
817,57336755d058e614000b5a3c,5,uniform,"[70, 70, 70, 70, 70]",1,1.0,1
818,57336755d058e614000b5a3e,5,uniform,"[70, 70, 70, 70, 70]",1,1.0,1
819,57336755d058e614000b5a40,5,uniform,"[70, 70, 70, 70, 70]",0,0.0,1
820,57337ddc4776f41900660bbb,5,uniform,"[70, 70, 70, 70, 70]",0,0.7499999999999999,1
821,57337ddc4776f41900660bbc,5,uniform,"[70, 70, 70, 70, 70]",0,0.0,1
822,57337ddc4776f41900660bba,5,uniform,"[70, 70, 70, 70, 70]",1,1.0,1
823,57337ddc4776f41900660bbd,5,uniform,"[70, 70, 70, 70, 70]",0,0.0,1
824,57337ddc4776f41900660bbe,5,uniform,"[70, 70, 70, 70, 70]",0,0.0,1
825,57337ea24776f41900660bd0,5,uniform,"[70, 70, 70, 70, 70]",1,1.0,1
826,57337ea24776f41900660bd3,5,uniform,"[70, 70, 70, 70, 70]",0,0.0,1
827,57337ea24776f41900660bd2,5,uniform,"[70, 70, 70, 70, 70]",1,1.0,1
828,57337ea24776f41900660bd1,5,uniform,"[70, 70, 70, 70, 70]",0,0.0,1
829,57337ea24776f41900660bd4,5,uniform,"[70, 70, 70, 70, 70]",0,0.0,1
830,57339555d058e614000b5df4,5,uniform,"[70, 70, 70, 70, 70]",1,1.0,1
831,57339555d058e614000b5df5,5,uniform,"[70, 70, 70, 70, 70]",1,1.0,1
832,57339555d058e614000b5df6,5,uniform,"[70, 70, 70, 70, 70]",0,0.0,1
833,57339555d058e614000b5df3,5,uniform,"[70, 70, 70, 70, 70]",1,1.0,1
834,57339555d058e614000b5df7,5,uniform,"[70, 70, 70, 70, 70]",0,0.4444444444444445,1
835,57339902d058e614000b5e70,5,uniform,"[70, 70, 70, 70, 70]",1,1.0,1
836,57339902d058e614000b5e71,5,uniform,"[70, 70, 70, 70, 70]",1,1.0,1
837,57339902d058e614000b5e72,5,uniform,"[70, 70, 70, 70, 70]",0,0.0,1
838,57339902d058e614000b5e73,5,uniform,"[70, 70, 70, 70, 70]",1,1.0,1
839,57339902d058e614000b5e74,5,uniform,"[70, 70, 70, 70, 70]",0,0.0,1
840,573399b54776f41900660e64,5,uniform,"[70, 70, 70, 70, 70]",1,1.0,1
841,573399b54776f41900660e65,5,uniform,"[70, 70, 70, 70, 70]",0,0.5,1
842,573399b54776f41900660e66,5,uniform,"[70, 70, 70, 70, 70]",0,0.0,1
843,573399b54776f41900660e67,5,uniform,"[70, 70, 70, 70, 70]",0,0.0,1
844,57339a554776f41900660e74,5,uniform,"[70, 70, 70, 70, 70]",0,0.4,1
845,57339a554776f41900660e75,5,uniform,"[70, 70, 70, 70, 70]",1,1.0,1
846,57339a554776f41900660e76,5,uniform,"[70, 70, 70, 70, 70]",0,0.22222222222222224,1
847,57339a554776f41900660e77,5,uniform,"[70, 70, 70, 70, 70]",0,0.0,1
848,57339a554776f41900660e78,5,uniform,"[70, 70, 70, 70, 70]",0,0.0,1
849,57339ad74776f41900660e86,5,uniform,"[70, 70, 70, 70, 70]",1,1.0,1
850,57339ad74776f41900660e87,5,uniform,"[70, 70, 70, 70, 70]",0,0.28571428571428575,0
851,57339ad74776f41900660e88,5,uniform,"[70, 70, 70, 70, 70]",1,1.0,1
852,57339ad74776f41900660e89,5,uniform,"[70, 70, 70, 70, 70]",0,0.0,1
853,57339ad74776f41900660e8a,5,uniform,"[70, 70, 70, 70, 70]",0,0.5,1
854,57339c16d058e614000b5ec5,5,uniform,"[70, 70, 70, 70, 70]",1,1.0,1
855,57339c16d058e614000b5ec6,5,uniform,"[70, 70, 70, 70, 70]",0,0.6666666666666666,1
856,57339c16d058e614000b5ec7,5,uniform,"[70, 70, 70, 70, 70]",0,0.8571428571428571,1
857,57339c16d058e614000b5ec8,5,uniform,"[70, 70, 70, 70, 70]",1,1.0,1
858,57339c16d058e614000b5ec9,5,uniform,"[70, 70, 70, 70, 70]",0,0.0,1
859,57339dd94776f41900660ecc,5,uniform,"[70, 70, 70, 70, 70]",1,1.0,1
860,57339dd94776f41900660ecd,5,uniform,"[70, 70, 70, 70, 70]",0,0.5,1
861,57339dd94776f41900660ece,5,uniform,"[70, 70, 70, 70, 70]",1,1.0,1
862,57339dd94776f41900660ecf,5,uniform,"[70, 70, 70, 70, 70]",0,0.0,1
863,57339dd94776f41900660ed0,5,uniform,"[70, 70, 70, 70, 70]",0,0.0,1
864,57339eb9d058e614000b5ef6,5,uniform,"[70, 70, 70, 70, 70]",1,1.0,1
865,57339eb9d058e614000b5ef7,5,uniform,"[70, 70, 70, 70, 70]",1,1.0,1
866,57339eb9d058e614000b5ef8,5,uniform,"[70, 70, 70, 70, 70]",1,1.0,1
867,57339eb9d058e614000b5ef9,5,uniform,"[70, 70, 70, 70, 70]",0,0.0,1
868,57339eb9d058e614000b5efa,5,uniform,"[70, 70, 70, 70, 70]",0,0.0,1
869,5733a1854776f41900660f0a,5,uniform,"[70, 70, 70, 70, 70]",0,0.6,1
870,5733a1854776f41900660f0b,5,uniform,"[70, 70, 70, 70, 70]",1,1.0,1
871,5733a1854776f41900660f0c,5,uniform,"[70, 70, 70, 70, 70]",0,0.8,1
872,5733a1854776f41900660f0d,5,uniform,"[70, 70, 70, 70, 70]",0,0.2,1
873,5733a1854776f41900660f0e,5,uniform,"[70, 70, 70, 70, 70]",0,0.0,1
874,5733a2a9d058e614000b5f28,5,uniform,"[70, 70, 70, 70, 70]",1,1.0,1
875,5733a2a9d058e614000b5f29,5,uniform,"[70, 70, 70, 70, 70]",1,1.0,1
876,5733a2a9d058e614000b5f2a,5,uniform,"[70, 70, 70, 70, 70]",1,1.0,1
877,5733a2a9d058e614000b5f2b,5,uniform,"[70, 70, 70, 70, 70]",0,0.07142857142857142,1
878,5733a2a9d058e614000b5f2c,5,uniform,"[70, 70, 70, 70, 70]",0,0.22222222222222224,1
879,5733a32bd058e614000b5f32,5,uniform,"[70, 70, 70, 70, 70]",1,1.0,1
880,5733a32bd058e614000b5f33,5,uniform,"[70, 70, 70, 70, 70]",1,1.0,1
881,5733a32bd058e614000b5f34,5,uniform,"[70, 70, 70, 70, 70]",1,1.0,1
882,5733a32bd058e614000b5f35,5,uniform,"[70, 70, 70, 70, 70]",1,1.0,1
883,5733a32bd058e614000b5f36,5,uniform,"[70, 70, 70, 70, 70]",0,0.0,1
884,5733a45d4776f41900660f23,5,uniform,"[70, 70, 70, 70, 70]",0,0.0,0
885,5733a45d4776f41900660f24,5,uniform,"[70, 70, 70, 70, 70]",1,1.0,1
886,5733a45d4776f41900660f25,5,uniform,"[70, 70, 70, 70, 70]",1,1.0,1
887,5733a45d4776f41900660f26,5,uniform,"[70, 70, 70, 70, 70]",1,1.0,1
888,5733a45d4776f41900660f27,5,uniform,"[70, 70, 70, 70, 70]",0,0.0,1
889,5733a560d058e614000b5f77,5,uniform,"[70, 70, 70, 70, 70]",1,1.0,1
890,5733a560d058e614000b5f78,5,uniform,"[70, 70, 70, 70, 70]",1,1.0,1
891,5733a560d058e614000b5f79,5,uniform,"[70, 70, 70, 70, 70]",1,1.0,1
892,5733a560d058e614000b5f7a,5,uniform,"[70, 70, 70, 70, 70]",0,0.0,1
893,5733a560d058e614000b5f7b,5,uniform,"[70, 70, 70, 70, 70]",0,0.0,1
894,5733a6ac4776f41900660f58,5,uniform,"[70, 70, 70, 70, 70]",1,1.0,1
895,5733a6ac4776f41900660f59,5,uniform,"[70, 70, 70, 70, 70]",1,1.0,1
896,5733a6ac4776f41900660f5a,5,uniform,"[70, 70, 70, 70, 70]",1,1.0,1
897,5733a6ac4776f41900660f5b,5,uniform,"[70, 70, 70, 70, 70]",0,0.0,1
898,5733a6ac4776f41900660f5c,5,uniform,"[70, 70, 70, 70, 70]",0,0.0,1
899,573312fcd058e614000b56e6,5,uniform,"[70, 70, 70, 70, 70]",1,1.0,1
900,573312fcd058e614000b56e7,5,uniform,"[70, 70, 70, 70, 70]",1,1.0,1
901,573312fcd058e614000b56e8,5,uniform,"[70, 70, 70, 70, 70]",0,0.0,1
902,573312fcd058e614000b56e9,5,uniform,"[70, 70, 70, 70, 70]",0,0.09523809523809525,1
903,573312fcd058e614000b56ea,5,uniform,"[70, 70, 70, 70, 70]",0,0.0,1
904,5733140a4776f419006606e0,5,uniform,"[70, 70, 70, 70, 70]",1,1.0,1
905,5733140a4776f419006606e1,5,uniform,"[70, 70, 70, 70, 70]",1,1.0,1
906,5733140a4776f419006606e2,5,uniform,"[70, 70, 70, 70, 70]",0,0.0,1
907,5733140a4776f419006606e3,5,uniform,"[70, 70, 70, 70, 70]",0,0.0,1
908,5733140a4776f419006606e4,5,uniform,"[70, 70, 70, 70, 70]",0,0.04081632653061224,1
909,573314e3d058e614000b56f0,5,uniform,"[70, 70, 70, 70, 70]",1,1.0,1
910,573314e3d058e614000b56f1,5,uniform,"[70, 70, 70, 70, 70]",0,0.25,0
911,573314e3d058e614000b56f2,5,uniform,"[70, 70, 70, 70, 70]",0,0.0,1
912,573314e3d058e614000b56f3,5,uniform,"[70, 70, 70, 70, 70]",0,0.0,1
913,573314e3d058e614000b56f4,5,uniform,"[70, 70, 70, 70, 70]",0,0.0,1
914,57332442d058e614000b5720,5,uniform,"[70, 70, 70, 70, 70]",1,1.0,1
915,57332442d058e614000b5721,5,uniform,"[70, 70, 70, 70, 70]",1,1.0,1
916,57332442d058e614000b5722,5,uniform,"[70, 70, 70, 70, 70]",0,0.14285714285714285,1
917,57332442d058e614000b5723,5,uniform,"[70, 70, 70, 70, 70]",0,0.0,1
918,57332442d058e614000b5724,5,uniform,"[70, 70, 70, 70, 70]",0,0.0,1
919,57332562d058e614000b5730,5,uniform,"[70, 70, 70, 70, 70]",1,1.0,1
920,57332562d058e614000b5731,5,uniform,"[70, 70, 70, 70, 70]",0,0.14285714285714288,1
921,57332562d058e614000b5732,5,uniform,"[70, 70, 70, 70, 70]",0,0.0,1
922,57332562d058e614000b5733,5,uniform,"[70, 70, 70, 70, 70]",0,0.0,1
923,57332562d058e614000b5734,5,uniform,"[70, 70, 70, 70, 70]",0,0.0,1
924,5733266d4776f41900660712,5,uniform,"[70, 70, 70, 70, 70]",1,1.0,1
925,5733266d4776f41900660713,5,uniform,"[70, 70, 70, 70, 70]",1,1.0,1
926,5733266d4776f41900660714,5,uniform,"[70, 70, 70, 70, 70]",1,1.0,1
927,5733266d4776f41900660715,5,uniform,"[70, 70, 70, 70, 70]",0,0.5555555555555556,1
928,5733266d4776f41900660716,5,uniform,"[70, 70, 70, 70, 70]",0,0.0,1
929,57332a734776f41900660726,5,uniform,"[70, 70, 70, 70, 70]",0,0.6666666666666666,1
930,57332a734776f41900660727,5,uniform,"[70, 70, 70, 70, 70]",1,1.0,1
931,57332a734776f41900660728,5,uniform,"[70, 70, 70, 70, 70]",1,1.0,1
932,57332a734776f41900660729,5,uniform,"[70, 70, 70, 70, 70]",0,0.0,1
933,57332a734776f4190066072a,5,uniform,"[70, 70, 70, 70, 70]",1,1.0,1
934,57332b66d058e614000b5758,5,uniform,"[70, 70, 70, 70, 70]",1,1.0,1
935,57332b66d058e614000b5759,5,uniform,"[70, 70, 70, 70, 70]",1,1.0,1
936,57332b66d058e614000b575a,5,uniform,"[70, 70, 70, 70, 70]",1,1.0,1
937,57332b66d058e614000b575b,5,uniform,"[70, 70, 70, 70, 70]",0,0.0,1
938,57332b66d058e614000b575c,5,uniform,"[70, 70, 70, 70, 70]",0,0.5,1
939,57332c1e4776f4190066073a,5,uniform,"[70, 70, 70, 70, 70]",0,0.0,0
940,57332c1e4776f4190066073b,5,uniform,"[70, 70, 70, 70, 70]",0,0.0,1
941,57332c1e4776f4190066073c,5,uniform,"[70, 70, 70, 70, 70]",0,0.0,1
942,57332c1e4776f4190066073d,5,uniform,"[70, 70, 70, 70, 70]",0,0.0,1
943,57332c1e4776f4190066073e,5,uniform,"[70, 70, 70, 70, 70]",0,0.0,1
944,57332e48d058e614000b5762,5,uniform,"[70, 70, 70, 70, 70]",1,1.0,1
945,57332e48d058e614000b5763,5,uniform,"[70, 70, 70, 70, 70]",1,1.0,1
946,57332e48d058e614000b5764,5,uniform,"[70, 70, 70, 70, 70]",0,0.3333333333333333,1
947,57332e48d058e614000b5765,5,uniform,"[70, 70, 70, 70, 70]",0,0.0,1
948,57332e48d058e614000b5766,5,uniform,"[70, 70, 70, 70, 70]",0,0.11764705882352941,1
949,57332f81d058e614000b5776,5,uniform,"[70, 70, 70, 70, 70]",0,0.8571428571428571,1
950,57332f81d058e614000b5777,5,uniform,"[70, 70, 70, 70, 70]",0,0.5,1
951,57332f81d058e614000b5778,5,uniform,"[70, 70, 70, 70, 70]",0,0.13333333333333333,1
952,57332f81d058e614000b5779,5,uniform,"[70, 70, 70, 70, 70]",0,0.7499999999999999,1
953,57332f81d058e614000b577a,5,uniform,"[70, 70, 70, 70, 70]",0,0.22222222222222224,1
954,573330444776f41900660758,5,uniform,"[70, 70, 70, 70, 70]",1,1.0,1
955,573330444776f41900660759,5,uniform,"[70, 70, 70, 70, 70]",1,1.0,1
956,573330444776f4190066075a,5,uniform,"[70, 70, 70, 70, 70]",1,1.0,1
957,573330444776f4190066075b,5,uniform,"[70, 70, 70, 70, 70]",1,1.0,1
958,573330444776f4190066075c,5,uniform,"[70, 70, 70, 70, 70]",0,0.09523809523809523,1
959,5733314e4776f4190066076a,5,uniform,"[70, 70, 70, 70, 70]",1,1.0,1
960,5733314e4776f4190066076b,5,uniform,"[70, 70, 70, 70, 70]",1,1.0,1
961,5733314e4776f4190066076c,5,uniform,"[70, 70, 70, 70, 70]",1,1.0,0
962,5733314e4776f4190066076d,5,uniform,"[70, 70, 70, 70, 70]",0,0.0,1
963,5733314e4776f4190066076e,5,uniform,"[70, 70, 70, 70, 70]",0,0.0,1
964,57335c20d058e614000b58f9,5,uniform,"[70, 70, 70, 70, 70]",1,1.0,1
965,57335c20d058e614000b58fa,5,uniform,"[70, 70, 70, 70, 70]",0,0.0,1
966,57335c20d058e614000b58fc,5,uniform,"[70, 70, 70, 70, 70]",0,0.0,1
967,57335c20d058e614000b58fb,5,uniform,"[70, 70, 70, 70, 70]",1,1.0,1
968,57335c20d058e614000b58fd,5,uniform,"[70, 70, 70, 70, 70]",0,0.0,1
969,57335ddbd058e614000b592f,5,uniform,"[70, 70, 70, 70, 70]",0,0.5,1
970,57335ddbd058e614000b5930,5,uniform,"[70, 70, 70, 70, 70]",0,0.5,1
971,57335ddbd058e614000b5931,5,uniform,"[70, 70, 70, 70, 70]",0,0.0,1
972,57335ddbd058e614000b5932,5,uniform,"[70, 70, 70, 70, 70]",0,0.0,1
973,57335ddbd058e614000b5933,5,uniform,"[70, 70, 70, 70, 70]",0,0.0,1
974,57335fcad058e614000b5970,5,uniform,"[70, 70, 70, 70, 70]",1,1.0,1
975,57335fcad058e614000b5971,5,uniform,"[70, 70, 70, 70, 70]",1,1.0,1
976,57335fcad058e614000b5972,5,uniform,"[70, 70, 70, 70, 70]",0,0.0,0
977,57335fcad058e614000b5973,5,uniform,"[70, 70, 70, 70, 70]",0,0.0,1
978,57335fcad058e614000b5974,5,uniform,"[70, 70, 70, 70, 70]",0,0.0,1
979,573361404776f4190066093c,5,uniform,"[70, 70, 70, 70, 70]",1,1.0,1
980,573361404776f4190066093d,5,uniform,"[70, 70, 70, 70, 70]",1,1.0,1
981,573361404776f4190066093e,5,uniform,"[70, 70, 70, 70, 70]",0,0.8,1
982,573361404776f4190066093f,5,uniform,"[70, 70, 70, 70, 70]",0,0.0,1
983,573361404776f41900660940,5,uniform,"[70, 70, 70, 70, 70]",0,0.0,1
984,573362b94776f41900660974,5,uniform,"[70, 70, 70, 70, 70]",1,1.0,1
985,573362b94776f41900660975,5,uniform,"[70, 70, 70, 70, 70]",1,1.0,1
986,573362b94776f41900660976,5,uniform,"[70, 70, 70, 70, 70]",0,0.0,1
987,573362b94776f41900660977,5,uniform,"[70, 70, 70, 70, 70]",0,0.0,1
988,573362b94776f41900660978,5,uniform,"[70, 70, 70, 70, 70]",0,0.0,1
989,5733638fd058e614000b59e8,5,uniform,"[70, 70, 70, 70, 70]",1,1.0,1
990,5733638fd058e614000b59e9,5,uniform,"[70, 70, 70, 70, 70]",0,0.6086956521739131,1
991,5733638fd058e614000b59ea,5,uniform,"[70, 70, 70, 70, 70]",0,0.8,1
992,5733638fd058e614000b59eb,5,uniform,"[70, 70, 70, 70, 70]",0,0.0,1
993,5733638fd058e614000b59ec,5,uniform,"[70, 70, 70, 70, 70]",0,0.0,1
994,5733647e4776f419006609ae,5,uniform,"[70, 70, 70, 70, 70]",0,0.0,1
995,5733647e4776f419006609af,5,uniform,"[70, 70, 70, 70, 70]",1,1.0,1
996,5733647e4776f419006609b0,5,uniform,"[70, 70, 70, 70, 70]",0,0.4,1
997,5733647e4776f419006609b1,5,uniform,"[70, 70, 70, 70, 70]",0,0.13333333333333333,1
998,5733647e4776f419006609b2,5,uniform,"[70, 70, 70, 70, 70]",0,0.4,1
999,573368044776f41900660a29,5,uniform,"[70, 70, 70, 70, 70]",1,1.0,1
0,56be4db0acb8001400a502ec,5,weighted,"[100, 80, 65, 55, 50]",1,1.0,1
1,56be4db0acb8001400a502ed,5,weighted,"[100, 80, 65, 55, 50]",0,0.0,1
2,56be4db0acb8001400a502ee,5,weighted,"[100, 80, 65, 55, 50]",0,0.0,1
3,56be4db0acb8001400a502ef,5,weighted,"[100, 80, 65, 55, 50]",1,1.0,1
4,56be4db0acb8001400a502f0,5,weighted,"[100, 80, 65, 55, 50]",0,0.0,1
5,56be8e613aeaaa14008c90d1,5,weighted,"[100, 80, 65, 55, 50]",0,0.0,1
6,56be8e613aeaaa14008c90d2,5,weighted,"[100, 80, 65, 55, 50]",1,1.0,1
7,56be8e613aeaaa14008c90d3,5,weighted,"[100, 80, 65, 55, 50]",0,0.0,1
8,56bea9923aeaaa14008c91b9,5,weighted,"[100, 80, 65, 55, 50]",0,0.0,1
9,56bea9923aeaaa14008c91ba,5,weighted,"[100, 80, 65, 55, 50]",0,0.0,0
10,56bea9923aeaaa14008c91bb,5,weighted,"[100, 80, 65, 55, 50]",1,1.0,1
11,56beace93aeaaa14008c91df,5,weighted,"[100, 80, 65, 55, 50]",1,1.0,1
12,56beace93aeaaa14008c91e0,5,weighted,"[100, 80, 65, 55, 50]",1,1.0,0
13,56beace93aeaaa14008c91e1,5,weighted,"[100, 80, 65, 55, 50]",0,0.0,0
14,56beace93aeaaa14008c91e2,5,weighted,"[100, 80, 65, 55, 50]",1,1.0,1
15,56beace93aeaaa14008c91e3,5,weighted,"[100, 80, 65, 55, 50]",1,1.0,1
16,56bf10f43aeaaa14008c94fd,5,weighted,"[100, 80, 65, 55, 50]",1,1.0,1
17,56bf10f43aeaaa14008c94fe,5,weighted,"[100, 80, 65, 55, 50]",0,0.0,0
18,56bf10f43aeaaa14008c94ff,5,weighted,"[100, 80, 65, 55, 50]",1,1.0,1
19,56bf10f43aeaaa14008c9500,5,weighted,"[100, 80, 65, 55, 50]",1,1.0,1
20,56bf10f43aeaaa14008c9501,5,weighted,"[100, 80, 65, 55, 50]",0,0.5,0
21,56d20362e7d4791d009025e8,5,weighted,"[100, 80, 65, 55, 50]",1,1.0,1
22,56d20362e7d4791d009025e9,5,weighted,"[100, 80, 65, 55, 50]",0,0.0,1
23,56d20362e7d4791d009025ea,5,weighted,"[100, 80, 65, 55, 50]",0,0.0,1
24,56d20362e7d4791d009025eb,5,weighted,"[100, 80, 65, 55, 50]",1,1.0,1
25,56d600e31c85041400946eae,5,weighted,"[100, 80, 65, 55, 50]",1,1.0,1
26,56d600e31c85041400946eb0,5,weighted,"[100, 80, 65, 55, 50]",1,1.0,1
27,56d600e31c85041400946eb1,5,weighted,"[100, 80, 65, 55, 50]",0,0.0,1
28,56d9895ddc89441400fdb50e,5,weighted,"[100, 80, 65, 55, 50]",0,0.0,1
29,56d9895ddc89441400fdb510,5,weighted,"[100, 80, 65, 55, 50]",0,0.0,1
30,56be4e1facb8001400a502f6,5,weighted,"[100, 80, 65, 55, 50]",1,1.0,1
31,56be4e1facb8001400a502f9,5,weighted,"[100, 80, 65, 55, 50]",1,1.0,1
32,56be4e1facb8001400a502fa,5,weighted,"[100, 80, 65, 55, 50]",1,1.0,1
33,56beaa4a3aeaaa14008c91c2,5,weighted,"[100, 80, 65, 55, 50]",0,0.0,0
34,56beaa4a3aeaaa14008c91c3,5,weighted,"[100, 80, 65, 55, 50]",0,0.0,0
35,56bead5a3aeaaa14008c91e9,5,weighted,"[100, 80, 65, 55, 50]",1,1.0,1
36,56bead5a3aeaaa14008c91ea,5,weighted,"[100, 80, 65, 55, 50]",1,1.0,1
37,56bead5a3aeaaa14008c91eb,5,weighted,"[100, 80, 65, 55, 50]",0,0.0,0
38,56bead5a3aeaaa14008c91ec,5,weighted,"[100, 80, 65, 55, 50]",0,0.0,1
39,56bead5a3aeaaa14008c91ed,5,weighted,"[100, 80, 65, 55, 50]",1,1.0,1
40,56bf159b3aeaaa14008c9507,5,weighted,"[100, 80, 65, 55, 50]",1,1.0,1
41,56bf159b3aeaaa14008c9508,5,weighted,"[100, 80, 65, 55, 50]",0,0.0,0
42,56bf159b3aeaaa14008c9509,5,weighted,"[100, 80, 65, 55, 50]",0,0.0,1
43,56bf159b3aeaaa14008c950a,5,weighted,"[100, 80, 65, 55, 50]",1,1.0,1
44,56bf159b3aeaaa14008c950b,5,weighted,"[100, 80, 65, 55, 50]",0,0.0,1
45,56d2045de7d4791d009025f3,5,weighted,"[100, 80, 65, 55, 50]",1,1.0,1
46,56d2045de7d4791d009025f4,5,weighted,"[100, 80, 65, 55, 50]",1,1.0,1
47,56d2045de7d4791d009025f5,5,weighted,"[100, 80, 65, 55, 50]",0,0.0,1
48,56d2045de7d4791d009025f6,5,weighted,"[100, 80, 65, 55, 50]",1,1.0,1
49,56d6017d1c85041400946ebe,5,weighted,"[100, 80, 65, 55, 50]",1,1.0,1
50,56d6017d1c85041400946ec1,5,weighted,"[100, 80, 65, 55, 50]",0,0.0,1
51,56d6017d1c85041400946ec2,5,weighted,"[100, 80, 65, 55, 50]",1,1.0,1
52,56d98a59dc89441400fdb52a,5,weighted,"[100, 80, 65, 55, 50]",1,1.0,1
53,56d98a59dc89441400fdb52b,5,weighted,"[100, 80, 65, 55, 50]",0,0.0,1
54,56d98a59dc89441400fdb52e,5,weighted,"[100, 80, 65, 55, 50]",0,0.0,0
55,56be4eafacb8001400a50302,5,weighted,"[100, 80, 65, 55, 50]",1,1.0,1
56,56be4eafacb8001400a50303,5,weighted,"[100, 80, 65, 55, 50]",0,0.0,1
57,56be4eafacb8001400a50304,5,weighted,"[100, 80, 65, 55, 50]",0,0.0,0
58,56beab833aeaaa14008c91d2,5,weighted,"[100, 80, 65, 55, 50]",1,1.0,1
59,56beab833aeaaa14008c91d3,5,weighted,"[100, 80, 65, 55, 50]",0,0.0,1
60,56beab833aeaaa14008c91d4,5,weighted,"[100, 80, 65, 55, 50]",1,1.0,1
61,56beae423aeaaa14008c91f4,5,weighted,"[100, 80, 65, 55, 50]",1,1.0,1
62,56beae423aeaaa14008c91f5,5,weighted,"[100, 80, 65, 55, 50]",1,1.0,1
63,56beae423aeaaa14008c91f6,5,weighted,"[100, 80, 65, 55, 50]",0,0.0,1
64,56beae423aeaaa14008c91f7,5,weighted,"[100, 80, 65, 55, 50]",0,0.0,1
65,56bf17653aeaaa14008c9511,5,weighted,"[100, 80, 65, 55, 50]",0,0.0,1
66,56bf17653aeaaa14008c9513,5,weighted,"[100, 80, 65, 55, 50]",1,1.0,1
67,56bf17653aeaaa14008c9514,5,weighted,"[100, 80, 65, 55, 50]",1,1.0,1
68,56bf17653aeaaa14008c9515,5,weighted,"[100, 80, 65, 55, 50]",1,1.0,1
69,56d204ade7d4791d00902603,5,weighted,"[100, 80, 65, 55, 50]",1,1.0,1
70,56d204ade7d4791d00902604,5,weighted,"[100, 80, 65, 55, 50]",1,1.0,1
71,56d601e41c85041400946ece,5,weighted,"[100, 80, 65, 55, 50]",1,1.0,1
72,56d601e41c85041400946ecf,5,weighted,"[100, 80, 65, 55, 50]",0,0.0,1
73,56d601e41c85041400946ed0,5,weighted,"[100, 80, 65, 55, 50]",1,1.0,1
74,56d601e41c85041400946ed1,5,weighted,"[100, 80, 65, 55, 50]",0,0.0,0
75,56d601e41c85041400946ed2,5,weighted,"[100, 80, 65, 55, 50]",1,1.0,1
76,56d98b33dc89441400fdb53b,5,weighted,"[100, 80, 65, 55, 50]",1,1.0,1
77,56d98b33dc89441400fdb53c,5,weighted,"[100, 80, 65, 55, 50]",0,0.0,1
78,56d98b33dc89441400fdb53d,5,weighted,"[100, 80, 65, 55, 50]",0,0.0,1
79,56d98b33dc89441400fdb53e,5,weighted,"[100, 80, 65, 55, 50]",0,0.0,1
80,56be5333acb8001400a5030a,5,weighted,"[100, 80, 65, 55, 50]",1,1.0,1
81,56be5333acb8001400a5030b,5,weighted,"[100, 80, 65, 55, 50]",1,1.0,1
82,56be5333acb8001400a5030c,5,weighted,"[100, 80, 65, 55, 50]",1,1.0,1
83,56be5333acb8001400a5030d,5,weighted,"[100, 80, 65, 55, 50]",1,1.0,1
84,56be5333acb8001400a5030e,5,weighted,"[100, 80, 65, 55, 50]",1,1.0,1
85,56beaf5e3aeaaa14008c91fd,5,weighted,"[100, 80, 65, 55, 50]",1,1.0,1
86,56beaf5e3aeaaa14008c91fe,5,weighted,"[100, 80, 65, 55, 50]",1,1.0,1
87,56beaf5e3aeaaa14008c91ff,5,weighted,"[100, 80, 65, 55, 50]",1,1.0,1
88,56beaf5e3aeaaa14008c9200,5,weighted,"[100, 80, 65, 55, 50]",1,1.0,1
89,56beaf5e3aeaaa14008c9201,5,weighted,"[100, 80, 65, 55, 50]",0,0.0,1
90,56bf1ae93aeaaa14008c951b,5,weighted,"[100, 80, 65, 55, 50]",1,1.0,1
91,56bf1ae93aeaaa14008c951c,5,weighted,"[100, 80, 65, 55, 50]",1,1.0,1
92,56bf1ae93aeaaa14008c951e,5,weighted,"[100, 80, 65, 55, 50]",0,0.0,1
93,56bf1ae93aeaaa14008c951f,5,weighted,"[100, 80, 65, 55, 50]",0,0.0,1
94,56d2051ce7d4791d00902608,5,weighted,"[100, 80, 65, 55, 50]",1,1.0,0
95,56d2051ce7d4791d00902609,5,weighted,"[100, 80, 65, 55, 50]",0,0.0,0
96,56d2051ce7d4791d0090260a,5,weighted,"[100, 80, 65, 55, 50]",1,1.0,1
97,56d2051ce7d4791d0090260b,5,weighted,"[100, 80, 65, 55, 50]",1,1.0,1
98,56d602631c85041400946ed8,5,weighted,"[100, 80, 65, 55, 50]",1,1.0,1
99,56d602631c85041400946eda,5,weighted,"[100, 80, 65, 55, 50]",0,0.4,1
100,56d602631c85041400946edb,5,weighted,"[100, 80, 65, 55, 50]",1,1.0,1
101,56d602631c85041400946edc,5,weighted,"[100, 80, 65, 55, 50]",0,0.6666666666666666,1
102,56d98c53dc89441400fdb544,5,weighted,"[100, 80, 65, 55, 50]",0,0.0,0
103,56d98c53dc89441400fdb545,5,weighted,"[100, 80, 65, 55, 50]",0,0.0,1
104,56d98c53dc89441400fdb546,5,weighted,"[100, 80, 65, 55, 50]",1,1.0,1
105,56d98c53dc89441400fdb548,5,weighted,"[100, 80, 65, 55, 50]",0,0.0,1
106,56be53b8acb8001400a50314,5,weighted,"[100, 80, 65, 55, 50]",1,1.0,1
107,56be53b8acb8001400a50315,5,weighted,"[100, 80, 65, 55, 50]",0,0.6666666666666666,1
108,56be53b8acb8001400a50316,5,weighted,"[100, 80, 65, 55, 50]",1,1.0,1
109,56beafca3aeaaa14008c9207,5,weighted,"[100, 80, 65, 55, 50]",1,1.0,1
110,56beafca3aeaaa14008c9208,5,weighted,"[100, 80, 65, 55, 50]",0,0.0,0
111,56bf42f53aeaaa14008c95a3,5,weighted,"[100, 80, 65, 55, 50]",1,1.0,1
112,56d2053ae7d4791d00902610,5,weighted,"[100, 80, 65, 55, 50]",1,1.0,1
113,56d6edd00d65d21400198250,5,weighted,"[100, 80, 65, 55, 50]",1,1.0,1
114,56d6edd00d65d21400198251,5,weighted,"[100, 80, 65, 55, 50]",1,1.0,1
115,56d98d0adc89441400fdb54e,5,weighted,"[100, 80, 65, 55, 50]",1,1.0,1
116,56d98d0adc89441400fdb54f,5,weighted,"[100, 80, 65, 55, 50]",1,1.0,1
117,56be5438acb8001400a5031a,5,weighted,"[100, 80, 65, 55, 50]",0,0.0,0
118,56be5438acb8001400a5031b,5,weighted,"[100, 80, 65, 55, 50]",0,0.4,0
119,56be5438acb8001400a5031c,5,weighted,"[100, 80, 65, 55, 50]",1,1.0,0
120,56beb03c3aeaaa14008c920b,5,weighted,"[100, 80, 65, 55, 50]",0,0.0,0
121,56beb03c3aeaaa14008c920d,5,weighted,"[100, 80, 65, 55, 50]",0,0.0,1
122,56bf3c633aeaaa14008c9580,5,weighted,"[100, 80, 65, 55, 50]",1,1.0,0
123,56bf3c633aeaaa14008c9581,5,weighted,"[100, 80, 65, 55, 50]",0,0.0,0
124,56bf3c633aeaaa14008c9582,5,weighted,"[100, 80, 65, 55, 50]",0,0.4,0
125,56d20564e7d4791d00902612,5,weighted,"[100, 80, 65, 55, 50]",0,0.23529411764705882,0
126,56d6ee6e0d65d21400198254,5,weighted,"[100, 80, 65, 55, 50]",0,0.0,0
127,56d6ee6e0d65d21400198255,5,weighted,"[100, 80, 65, 55, 50]",1,1.0,1
128,56d6ee6e0d65d21400198256,5,weighted,"[100, 80, 65, 55, 50]",1,1.0,1
129,56d6ee6e0d65d21400198257,5,weighted,"[100, 80, 65, 55, 50]",0,0.0,0
130,56d6ee6e0d65d21400198258,5,weighted,"[100, 80, 65, 55, 50]",1,1.0,1
131,56d98db6dc89441400fdb552,5,weighted,"[100, 80, 65, 55, 50]",0,0.4,0
132,56d98db6dc89441400fdb553,5,weighted,"[100, 80, 65, 55, 50]",0,0.0,0
133,56d98db6dc89441400fdb554,5,weighted,"[100, 80, 65, 55, 50]",1,1.0,0
134,56be54bdacb8001400a50322,5,weighted,"[100, 80, 65, 55, 50]",1,1.0,1
135,56be54bdacb8001400a50323,5,weighted,"[100, 80, 65, 55, 50]",1,1.0,1
136,56be54bdacb8001400a50324,5,weighted,"[100, 80, 65, 55, 50]",1,1.0,1
137,56be54bdacb8001400a50325,5,weighted,"[100, 80, 65, 55, 50]",1,1.0,1
138,56be54bdacb8001400a50326,5,weighted,"[100, 80, 65, 55, 50]",0,0.0,1
139,56beb0f43aeaaa14008c921b,5,weighted,"[100, 80, 65, 55, 50]",1,1.0,1
140,56beb0f43aeaaa14008c921c,5,weighted,"[100, 80, 65, 55, 50]",1,1.0,1
141,56beb0f43aeaaa14008c921d,5,weighted,"[100, 80, 65, 55, 50]",0,0.4,1
142,56beb0f43aeaaa14008c921e,5,weighted,"[100, 80, 65, 55, 50]",0,0.0,1
143,56beb0f43aeaaa14008c921f,5,weighted,"[100, 80, 65, 55, 50]",0,0.0,1
144,56bf21b43aeaaa14008c9525,5,weighted,"[100, 80, 65, 55, 50]",1,1.0,1
145,56bf21b43aeaaa14008c9526,5,weighted,"[100, 80, 65, 55, 50]",1,1.0,1
146,56bf21b43aeaaa14008c9528,5,weighted,"[100, 80, 65, 55, 50]",0,0.0,1
147,56bf21b43aeaaa14008c9529,5,weighted,"[100, 80, 65, 55, 50]",0,0.0,1
148,56d6ef6a0d65d21400198260,5,weighted,"[100, 80, 65, 55, 50]",0,0.0,1
149,56d6ef6a0d65d21400198262,5,weighted,"[100, 80, 65, 55, 50]",0,0.0,1
150,56d98f0ddc89441400fdb558,5,weighted,"[100, 80, 65, 55, 50]",1,1.0,1
151,56d98f0ddc89441400fdb559,5,weighted,"[100, 80, 65, 55, 50]",1,1.0,1
152,56d98f0ddc89441400fdb55a,5,weighted,"[100, 80, 65, 55, 50]",0,0.0,1
153,56d98f0ddc89441400fdb55b,5,weighted,"[100, 80, 65, 55, 50]",1,1.0,1
154,56d98f0ddc89441400fdb55c,5,weighted,"[100, 80, 65, 55, 50]",0,0.0,1
155,56be5523acb8001400a5032c,5,weighted,"[100, 80, 65, 55, 50]",1,1.0,1
156,56be5523acb8001400a5032d,5,weighted,"[100, 80, 65, 55, 50]",0,0.0,0
157,56be5523acb8001400a5032e,5,weighted,"[100, 80, 65, 55, 50]",1,1.0,1
158,56be5523acb8001400a5032f,5,weighted,"[100, 80, 65, 55, 50]",1,1.0,1
159,56be5523acb8001400a50330,5,weighted,"[100, 80, 65, 55, 50]",0,0.3333333333333333,1
160,56beb2153aeaaa14008c9225,5,weighted,"[100, 80, 65, 55, 50]",1,1.0,1
161,56beb2153aeaaa14008c9226,5,weighted,"[100, 80, 65, 55, 50]",1,1.0,1
162,56beb2153aeaaa14008c9227,5,weighted,"[100, 80, 65, 55, 50]",1,1.0,1
163,56beb2153aeaaa14008c9228,5,weighted,"[100, 80, 65, 55, 50]",0,0.6666666666666666,1
164,56beb2153aeaaa14008c9229,5,weighted,"[100, 80, 65, 55, 50]",1,1.0,1
165,56bf23363aeaaa14008c952f,5,weighted,"[100, 80, 65, 55, 50]",0,0.0,1
166,56bf23363aeaaa14008c9530,5,weighted,"[100, 80, 65, 55, 50]",1,1.0,1
167,56bf23363aeaaa14008c9531,5,weighted,"[100, 80, 65, 55, 50]",1,1.0,1
168,56bf23363aeaaa14008c9532,5,weighted,"[100, 80, 65, 55, 50]",1,1.0,1
169,56bf23363aeaaa14008c9533,5,weighted,"[100, 80, 65, 55, 50]",1,1.0,1
170,56d6f0770d65d21400198268,5,weighted,"[100, 80, 65, 55, 50]",1,1.0,1
171,56d6f0770d65d21400198269,5,weighted,"[100, 80, 65, 55, 50]",1,1.0,1
172,56d6f0770d65d2140019826a,5,weighted,"[100, 80, 65, 55, 50]",1,1.0,1
173,56d6f0770d65d2140019826c,5,weighted,"[100, 80, 65, 55, 50]",0,0.0,1
174,56d98fbfdc89441400fdb562,5,weighted,"[100, 80, 65, 55, 50]",0,0.0,1
175,56d98fbfdc89441400fdb563,5,weighted,"[100, 80, 65, 55, 50]",1,1.0,1
176,56d98fbfdc89441400fdb564,5,weighted,"[100, 80, 65, 55, 50]",1,1.0,1
177,56d98fbfdc89441400fdb565,5,weighted,"[100, 80, 65, 55, 50]",0,0.0,1
178,56be572b3aeaaa14008c9052,5,weighted,"[100, 80, 65, 55, 50]",0,0.0,1
179,56beb2a03aeaaa14008c922f,5,weighted,"[100, 80, 65, 55, 50]",1,1.0,1
180,56beb2a03aeaaa14008c9230,5,weighted,"[100, 80, 65, 55, 50]",0,0.0,1
181,56beb2a03aeaaa14008c9231,5,weighted,"[100, 80, 65, 55, 50]",0,0.0,1
182,56beb2a03aeaaa14008c9232,5,weighted,"[100, 80, 65, 55, 50]",0,0.6666666666666666,1
183,56beb2a03aeaaa14008c9233,5,weighted,"[100, 80, 65, 55, 50]",0,0.0,1
184,56bf28c73aeaaa14008c9539,5,weighted,"[100, 80, 65, 55, 50]",0,0.0,1
185,56bf28c73aeaaa14008c953a,5,weighted,"[100, 80, 65, 55, 50]",0,0.0,1
186,56bf28c73aeaaa14008c953c,5,weighted,"[100, 80, 65, 55, 50]",0,0.6666666666666666,1
187,56bf28c73aeaaa14008c953d,5,weighted,"[100, 80, 65, 55, 50]",0,0.0,1
188,56d6f1190d65d21400198272,5,weighted,"[100, 80, 65, 55, 50]",0,0.8,1
189,56d6f1190d65d21400198273,5,weighted,"[100, 80, 65, 55, 50]",0,0.0,0
190,56d6f1190d65d21400198274,5,weighted,"[100, 80, 65, 55, 50]",0,0.6666666666666666,1
191,56d6f1190d65d21400198275,5,weighted,"[100, 80, 65, 55, 50]",0,0.6666666666666666,1
192,56d6f1190d65d21400198276,5,weighted,"[100, 80, 65, 55, 50]",0,0.0,1
193,56d99179dc89441400fdb56c,5,weighted,"[100, 80, 65, 55, 50]",0,0.0,1
194,56d99179dc89441400fdb56d,5,weighted,"[100, 80, 65, 55, 50]",0,0.0,1
195,56d99179dc89441400fdb570,5,weighted,"[100, 80, 65, 55, 50]",0,0.0,1
196,56be59683aeaaa14008c9058,5,weighted,"[100, 80, 65, 55, 50]",1,1.0,1
197,56be59683aeaaa14008c9059,5,weighted,"[100, 80, 65, 55, 50]",1,1.0,1
198,56be59683aeaaa14008c905a,5,weighted,"[100, 80, 65, 55, 50]",0,0.0,1
199,56beb3083aeaaa14008c923d,5,weighted,"[100, 80, 65, 55, 50]",1,1.0,1
200,56beb3083aeaaa14008c923e,5,weighted,"[100, 80, 65, 55, 50]",1,1.0,1
201,56beb3083aeaaa14008c923f,5,weighted,"[100, 80, 65, 55, 50]",0,0.0,1
202,56beb3083aeaaa14008c9240,5,weighted,"[100, 80, 65, 55, 50]",0,0.0,1
203,56beb3083aeaaa14008c9241,5,weighted,"[100, 80, 65, 55, 50]",1,1.0,1
204,56bf2afe3aeaaa14008c9543,5,weighted,"[100, 80, 65, 55, 50]",1,1.0,1
205,56bf2afe3aeaaa14008c9544,5,weighted,"[100, 80, 65, 55, 50]",0,0.0,1
206,56bf2afe3aeaaa14008c9545,5,weighted,"[100, 80, 65, 55, 50]",0,0.0,1
207,56bf2afe3aeaaa14008c9547,5,weighted,"[100, 80, 65, 55, 50]",0,0.6666666666666666,1
208,56d6f2000d65d2140019827c,5,weighted,"[100, 80, 65, 55, 50]",1,1.0,1
209,56d6f2000d65d2140019827d,5,weighted,"[100, 80, 65, 55, 50]",1,1.0,1
210,56d6f2000d65d2140019827e,5,weighted,"[100, 80, 65, 55, 50]",1,1.0,1
211,56d6f2000d65d2140019827f,5,weighted,"[100, 80, 65, 55, 50]",0,0.0,1
212,56d9943fdc89441400fdb576,5,weighted,"[100, 80, 65, 55, 50]",1,1.0,1
213,56d9943fdc89441400fdb577,5,weighted,"[100, 80, 65, 55, 50]",1,1.0,1
214,56d9943fdc89441400fdb578,5,weighted,"[100, 80, 65, 55, 50]",1,1.0,1
215,56d9943fdc89441400fdb57a,5,weighted,"[100, 80, 65, 55, 50]",0,0.0,1
216,56beb3a03aeaaa14008c9247,5,weighted,"[100, 80, 65, 55, 50]",0,0.0,1
217,56beb3a03aeaaa14008c9248,5,weighted,"[100, 80, 65, 55, 50]",0,0.0,1
218,56beb3a03aeaaa14008c9249,5,weighted,"[100, 80, 65, 55, 50]",1,1.0,1
219,56beb3a03aeaaa14008c924a,5,weighted,"[100, 80, 65, 55, 50]",0,0.0,1
220,56beb3a03aeaaa14008c924b,5,weighted,"[100, 80, 65, 55, 50]",0,0.0,1
221,56bf6b303aeaaa14008c960b,5,weighted,"[100, 80, 65, 55, 50]",1,1.0,1
222,56bf6b303aeaaa14008c960c,5,weighted,"[100, 80, 65, 55, 50]",0,0.0,1
223,56bf6b303aeaaa14008c960d,5,weighted,"[100, 80, 65, 55, 50]",0,0.0,1
224,56bf6b303aeaaa14008c960e,5,weighted,"[100, 80, 65, 55, 50]",0,0.0,1
225,56bf6b303aeaaa14008c960f,5,weighted,"[100, 80, 65, 55, 50]",0,0.0,0
226,56d6f2960d65d21400198286,5,weighted,"[100, 80, 65, 55, 50]",0,0.0,1
227,56d6f2960d65d21400198287,5,weighted,"[100, 80, 65, 55, 50]",1,1.0,1
228,56d6f2960d65d21400198288,5,weighted,"[100, 80, 65, 55, 50]",1,1.0,1
229,56d6f2960d65d21400198289,5,weighted,"[100, 80, 65, 55, 50]",0,0.0,1
230,56d6f2960d65d2140019828a,5,weighted,"[100, 80, 65, 55, 50]",0,0.0,1
231,56d997cddc89441400fdb586,5,weighted,"[100, 80, 65, 55, 50]",0,0.0,1
232,56d997cddc89441400fdb587,5,weighted,"[100, 80, 65, 55, 50]",0,0.0,1
233,56d997cddc89441400fdb588,5,weighted,"[100, 80, 65, 55, 50]",0,0.0,1
234,56d997cddc89441400fdb589,5,weighted,"[100, 80, 65, 55, 50]",1,1.0,1
235,56d997cddc89441400fdb58a,5,weighted,"[100, 80, 65, 55, 50]",0,0.0,1
236,56beb4343aeaaa14008c925b,5,weighted,"[100, 80, 65, 55, 50]",1,1.0,1
237,56beb4343aeaaa14008c925c,5,weighted,"[100, 80, 65, 55, 50]",0,0.0,1
238,56beb4343aeaaa14008c925d,5,weighted,"[100, 80, 65, 55, 50]",0,0.0,1
239,56beb4343aeaaa14008c925e,5,weighted,"[100, 80, 65, 55, 50]",0,0.0,0
240,56beb4343aeaaa14008c925f,5,weighted,"[100, 80, 65, 55, 50]",1,1.0,1
241,56d6f3500d65d21400198290,5,weighted,"[100, 80, 65, 55, 50]",1,1.0,1
242,56d6f3500d65d21400198291,5,weighted,"[100, 80, 65, 55, 50]",1,1.0,1
243,56d6f3500d65d21400198292,5,weighted,"[100, 80, 65, 55, 50]",0,0.0,1
244,56d6f3500d65d21400198293,5,weighted,"[100, 80, 65, 55, 50]",0,0.0,1
245,56d6f3500d65d21400198294,5,weighted,"[100, 80, 65, 55, 50]",0,0.0,1
246,56d9992fdc89441400fdb59c,5,weighted,"[100, 80, 65, 55, 50]",0,0.0,1
247,56d9992fdc89441400fdb59e,5,weighted,"[100, 80, 65, 55, 50]",0,0.0,1
248,56d9992fdc89441400fdb59f,5,weighted,"[100, 80, 65, 55, 50]",0,0.6666666666666666,1
249,56d9992fdc89441400fdb5a0,5,weighted,"[100, 80, 65, 55, 50]",0,0.0,1
250,56beb4e43aeaaa14008c9265,5,weighted,"[100, 80, 65, 55, 50]",0,0.0,1
251,56beb4e43aeaaa14008c9266,5,weighted,"[100, 80, 65, 55, 50]",0,0.0,1
252,56beb4e43aeaaa14008c9267,5,weighted,"[100, 80, 65, 55, 50]",0,0.0,1
253,56beb4e43aeaaa14008c9268,5,weighted,"[100, 80, 65, 55, 50]",0,0.0,1
254,56beb4e43aeaaa14008c9269,5,weighted,"[100, 80, 65, 55, 50]",0,0.0,1
255,56bf301c3aeaaa14008c954d,5,weighted,"[100, 80, 65, 55, 50]",0,0.0,1
256,56bf301c3aeaaa14008c954e,5,weighted,"[100, 80, 65, 55, 50]",1,1.0,1
257,56bf301c3aeaaa14008c954f,5,weighted,"[100, 80, 65, 55, 50]",0,0.0,1
258,56bf301c3aeaaa14008c9550,5,weighted,"[100, 80, 65, 55, 50]",1,1.0,1
259,56bf301c3aeaaa14008c9551,5,weighted,"[100, 80, 65, 55, 50]",0,0.13333333333333333,1
260,56d6f4030d65d2140019829a,5,weighted,"[100, 80, 65, 55, 50]",1,1.0,1
261,56d6f4030d65d2140019829b,5,weighted,"[100, 80, 65, 55, 50]",0,0.0,1
262,56d6f4030d65d2140019829c,5,weighted,"[100, 80, 65, 55, 50]",0,0.0,1
263,56d6f4030d65d2140019829d,5,weighted,"[100, 80, 65, 55, 50]",0,0.0,1
264,56d6f4030d65d2140019829e,5,weighted,"[100, 80, 65, 55, 50]",0,0.0,1
265,56d99b7bdc89441400fdb5c8,5,weighted,"[100, 80, 65, 55, 50]",0,0.0,0
266,56d99b7bdc89441400fdb5c9,5,weighted,"[100, 80, 65, 55, 50]",0,0.0,0
267,56d99b7bdc89441400fdb5ca,5,weighted,"[100, 80, 65, 55, 50]",0,0.0,0
268,56d99b7bdc89441400fdb5cb,5,weighted,"[100, 80, 65, 55, 50]",0,0.0,1
269,56d99b7bdc89441400fdb5cc,5,weighted,"[100, 80, 65, 55, 50]",0,0.0,1
270,56beb57b3aeaaa14008c9279,5,weighted,"[100, 80, 65, 55, 50]",1,1.0,1
271,56beb57b3aeaaa14008c927a,5,weighted,"[100, 80, 65, 55, 50]",0,0.0,0
272,56beb57b3aeaaa14008c927b,5,weighted,"[100, 80, 65, 55, 50]",0,0.0,1
273,56beb57b3aeaaa14008c927c,5,weighted,"[100, 80, 65, 55, 50]",0,0.0,0
274,56beb57b3aeaaa14008c927d,5,weighted,"[100, 80, 65, 55, 50]",0,0.0,1
275,56bf38383aeaaa14008c956b,5,weighted,"[100, 80, 65, 55, 50]",1,1.0,1
276,56bf38383aeaaa14008c956c,5,weighted,"[100, 80, 65, 55, 50]",0,0.0,1
277,56bf38383aeaaa14008c956d,5,weighted,"[100, 80, 65, 55, 50]",1,1.0,1
278,56bf38383aeaaa14008c956e,5,weighted,"[100, 80, 65, 55, 50]",0,0.0,1
279,56bf38383aeaaa14008c956f,5,weighted,"[100, 80, 65, 55, 50]",0,0.6666666666666666,1
280,56d6fe0b0d65d214001982a4,5,weighted,"[100, 80, 65, 55, 50]",1,1.0,1
281,56d6fe0b0d65d214001982a5,5,weighted,"[100, 80, 65, 55, 50]",0,0.0,0
282,56d6fe0b0d65d214001982a6,5,weighted,"[100, 80, 65, 55, 50]",1,1.0,1
283,56d6fe0b0d65d214001982a7,5,weighted,"[100, 80, 65, 55, 50]",0,0.0,1
284,56d99c44dc89441400fdb5d6,5,weighted,"[100, 80, 65, 55, 50]",1,1.0,1
285,56d99c44dc89441400fdb5d7,5,weighted,"[100, 80, 65, 55, 50]",1,1.0,1
286,56d99c44dc89441400fdb5d8,5,weighted,"[100, 80, 65, 55, 50]",0,0.0,0
287,56d99c44dc89441400fdb5d9,5,weighted,"[100, 80, 65, 55, 50]",1,1.0,0
288,56d99c44dc89441400fdb5da,5,weighted,"[100, 80, 65, 55, 50]",0,0.0,1
289,56beb6533aeaaa14008c928d,5,weighted,"[100, 80, 65, 55, 50]",0,0.0,1
290,56beb6533aeaaa14008c928e,5,weighted,"[100, 80, 65, 55, 50]",0,0.0,1
291,56beb6533aeaaa14008c9290,5,weighted,"[100, 80, 65, 55, 50]",0,0.0,1
292,56beb6533aeaaa14008c9291,5,weighted,"[100, 80, 65, 55, 50]",0,0.0,1
293,56bf3e803aeaaa14008c9588,5,weighted,"[100, 80, 65, 55, 50]",1,1.0,1
294,56bf3e803aeaaa14008c9589,5,weighted,"[100, 80, 65, 55, 50]",1,1.0,1
295,56bf3e803aeaaa14008c958b,5,weighted,"[100, 80, 65, 55, 50]",1,1.0,1
296,56d6fea90d65d214001982ae,5,weighted,"[100, 80, 65, 55, 50]",0,0.0,1
297,56d6fea90d65d214001982af,5,weighted,"[100, 80, 65, 55, 50]",1,1.0,1
298,56d6fea90d65d214001982b0,5,weighted,"[100, 80, 65, 55, 50]",0,0.0,1
299,56d6fea90d65d214001982b2,5,weighted,"[100, 80, 65, 55, 50]",0,0.0,1
300,56d99da8dc89441400fdb5fd,5,weighted,"[100, 80, 65, 55, 50]",0,0.0,1
301,56d99da8dc89441400fdb5ff,5,weighted,"[100, 80, 65, 55, 50]",0,0.0,0
302,56d99da8dc89441400fdb600,5,weighted,"[100, 80, 65, 55, 50]",1,1.0,1
303,56beb6f23aeaaa14008c92a1,5,weighted,"[100, 80, 65, 55, 50]",1,1.0,1
304,56beb6f23aeaaa14008c92a2,5,weighted,"[100, 80, 65, 55, 50]",1,1.0,1
305,56beb6f23aeaaa14008c92a3,5,weighted,"[100, 80, 65, 55, 50]",1,1.0,1
306,56beb6f23aeaaa14008c92a4,5,weighted,"[100, 80, 65, 55, 50]",0,0.0,1
307,56beb6f23aeaaa14008c92a5,5,weighted,"[100, 80, 65, 55, 50]",0,0.0,1
308,56bf34293aeaaa14008c9559,5,weighted,"[100, 80, 65, 55, 50]",0,0.0,1
309,56bf34293aeaaa14008c955a,5,weighted,"[100, 80, 65, 55, 50]",0,0.0,1
310,56bf34293aeaaa14008c955b,5,weighted,"[100, 80, 65, 55, 50]",0,0.0,1
311,56d701280d65d214001982b8,5,weighted,"[100, 80, 65, 55, 50]",1,1.0,1
312,56d701280d65d214001982ba,5,weighted,"[100, 80, 65, 55, 50]",0,0.0,0
313,56d701280d65d214001982bc,5,weighted,"[100, 80, 65, 55, 50]",0,0.0,1
314,56d99e78dc89441400fdb616,5,weighted,"[100, 80, 65, 55, 50]",1,1.0,1
315,56d99e78dc89441400fdb618,5,weighted,"[100, 80, 65, 55, 50]",1,1.0,1
316,56d99e78dc89441400fdb619,5,weighted,"[100, 80, 65, 55, 50]",1,1.0,1
317,56d99e78dc89441400fdb61a,5,weighted,"[100, 80, 65, 55, 50]",0,0.0,1
318,56beb7953aeaaa14008c92ab,5,weighted,"[100, 80, 65, 55, 50]",1,1.0,1
319,56beb7953aeaaa14008c92ac,5,weighted,"[100, 80, 65, 55, 50]",1,1.0,1
320,56beb7953aeaaa14008c92ad,5,weighted,"[100, 80, 65, 55, 50]",1,1.0,1
321,56beb7953aeaaa14008c92ae,5,weighted,"[100, 80, 65, 55, 50]",0,0.0,1
322,56beb7953aeaaa14008c92af,5,weighted,"[100, 80, 65, 55, 50]",1,1.0,1
323,56bf36b93aeaaa14008c9561,5,weighted,"[100, 80, 65, 55, 50]",0,0.0,1
324,56bf36b93aeaaa14008c9562,5,weighted,"[100, 80, 65, 55, 50]",1,1.0,1
325,56bf36b93aeaaa14008c9563,5,weighted,"[100, 80, 65, 55, 50]",1,1.0,1
326,56bf36b93aeaaa14008c9564,5,weighted,"[100, 80, 65, 55, 50]",1,1.0,1
327,56bf36b93aeaaa14008c9565,5,weighted,"[100, 80, 65, 55, 50]",0,0.0,1
328,56d7018a0d65d214001982c2,5,weighted,"[100, 80, 65, 55, 50]",1,1.0,1
329,56d7018a0d65d214001982c3,5,weighted,"[100, 80, 65, 55, 50]",1,1.0,1
330,56d7018a0d65d214001982c5,5,weighted,"[100, 80, 65, 55, 50]",1,1.0,1
331,56d99f99dc89441400fdb628,5,weighted,"[100, 80, 65, 55, 50]",1,1.0,1
332,56d99f99dc89441400fdb629,5,weighted,"[100, 80, 65, 55, 50]",1,1.0,1
333,56d99f99dc89441400fdb62c,5,weighted,"[100, 80, 65, 55, 50]",1,1.0,1
334,56beb7fd3aeaaa14008c92b5,5,weighted,"[100, 80, 65, 55, 50]",1,1.0,1
335,56beb7fd3aeaaa14008c92b6,5,weighted,"[100, 80, 65, 55, 50]",1,1.0,1
336,56beb7fd3aeaaa14008c92b7,5,weighted,"[100, 80, 65, 55, 50]",0,0.0,1
337,56beb7fd3aeaaa14008c92b8,5,weighted,"[100, 80, 65, 55, 50]",0,0.0,1
338,56bf3a223aeaaa14008c9575,5,weighted,"[100, 80, 65, 55, 50]",0,0.0,1
339,56bf3a223aeaaa14008c9576,5,weighted,"[100, 80, 65, 55, 50]",1,1.0,1
340,56bf3a223aeaaa14008c9577,5,weighted,"[100, 80, 65, 55, 50]",0,0.0,1
341,56bf3a223aeaaa14008c9579,5,weighted,"[100, 80, 65, 55, 50]",1,1.0,1
342,56d703d10d65d214001982d6,5,weighted,"[100, 80, 65, 55, 50]",0,0.0,1
343,56d703d10d65d214001982d7,5,weighted,"[100, 80, 65, 55, 50]",1,1.0,1
344,56d703d10d65d214001982d8,5,weighted,"[100, 80, 65, 55, 50]",0,0.0,1
345,56d9a026dc89441400fdb632,5,weighted,"[100, 80, 65, 55, 50]",1,1.0,1
346,56beb86b3aeaaa14008c92bd,5,weighted,"[100, 80, 65, 55, 50]",1,1.0,1
347,56beb86b3aeaaa14008c92be,5,weighted,"[100, 80, 65, 55, 50]",1,1.0,1
348,56beb86b3aeaaa14008c92bf,5,weighted,"[100, 80, 65, 55, 50]",1,1.0,1
349,56beb86b3aeaaa14008c92c0,5,weighted,"[100, 80, 65, 55, 50]",1,1.0,1
350,56beb86b3aeaaa14008c92c1,5,weighted,"[100, 80, 65, 55, 50]",0,0.0,1
351,56bf3fd53aeaaa14008c9591,5,weighted,"[100, 80, 65, 55, 50]",1,1.0,1
352,56bf3fd53aeaaa14008c9592,5,weighted,"[100, 80, 65, 55, 50]",1,1.0,1
353,56bf3fd53aeaaa14008c9593,5,weighted,"[100, 80, 65, 55, 50]",1,1.0,1
354,56bf3fd53aeaaa14008c9594,5,weighted,"[100, 80, 65, 55, 50]",0,0.0,1
355,56bf3fd53aeaaa14008c9595,5,weighted,"[100, 80, 65, 55, 50]",0,0.0,1
356,56d704430d65d214001982de,5,weighted,"[100, 80, 65, 55, 50]",0,0.0,1
357,56d704430d65d214001982e0,5,weighted,"[100, 80, 65, 55, 50]",1,1.0,1
358,56d704430d65d214001982e1,5,weighted,"[100, 80, 65, 55, 50]",0,0.0,1
359,56d704430d65d214001982e2,5,weighted,"[100, 80, 65, 55, 50]",1,1.0,1
360,56d9a0eadc89441400fdb63e,5,weighted,"[100, 80, 65, 55, 50]",1,1.0,1
361,56d9a0eadc89441400fdb63f,5,weighted,"[100, 80, 65, 55, 50]",1,1.0,1
362,56d9a0eadc89441400fdb640,5,weighted,"[100, 80, 65, 55, 50]",1,1.0,1
363,56beb90c3aeaaa14008c92c7,5,weighted,"[100, 80, 65, 55, 50]",1,1.0,1
364,56beb90c3aeaaa14008c92c8,5,weighted,"[100, 80, 65, 55, 50]",1,1.0,1
365,56beb90c3aeaaa14008c92c9,5,weighted,"[100, 80, 65, 55, 50]",0,0.0,1
366,56beb90c3aeaaa14008c92ca,5,weighted,"[100, 80, 65, 55, 50]",1,1.0,1
367,56beb90c3aeaaa14008c92cb,5,weighted,"[100, 80, 65, 55, 50]",0,0.0,1
368,56bf41013aeaaa14008c959b,5,weighted,"[100, 80, 65, 55, 50]",1,1.0,1
369,56bf41013aeaaa14008c959c,5,weighted,"[100, 80, 65, 55, 50]",1,1.0,1
370,56bf41013aeaaa14008c959d,5,weighted,"[100, 80, 65, 55, 50]",0,0.0,1
371,56bf41013aeaaa14008c959e,5,weighted,"[100, 80, 65, 55, 50]",0,0.0,1
372,56d7096b0d65d214001982fc,5,weighted,"[100, 80, 65, 55, 50]",0,0.5,1
373,56d7096b0d65d214001982fd,5,weighted,"[100, 80, 65, 55, 50]",0,0.0,1
374,56d7096b0d65d214001982fe,5,weighted,"[100, 80, 65, 55, 50]",0,0.0,1
375,56d9a199dc89441400fdb647,5,weighted,"[100, 80, 65, 55, 50]",1,1.0,1
376,56d9a199dc89441400fdb648,5,weighted,"[100, 80, 65, 55, 50]",0,0.0,1
377,56d9a199dc89441400fdb649,5,weighted,"[100, 80, 65, 55, 50]",1,1.0,1
378,56beb97c3aeaaa14008c92db,5,weighted,"[100, 80, 65, 55, 50]",1,1.0,1
379,56beb97c3aeaaa14008c92dc,5,weighted,"[100, 80, 65, 55, 50]",1,1.0,1
380,56beb97c3aeaaa14008c92dd,5,weighted,"[100, 80, 65, 55, 50]",1,1.0,1
381,56beb97c3aeaaa14008c92de,5,weighted,"[100, 80, 65, 55, 50]",1,1.0,1
382,56beb97c3aeaaa14008c92df,5,weighted,"[100, 80, 65, 55, 50]",1,1.0,1
383,56bf6c3e3aeaaa14008c9615,5,weighted,"[100, 80, 65, 55, 50]",1,1.0,1
384,56bf6c3e3aeaaa14008c9617,5,weighted,"[100, 80, 65, 55, 50]",0,0.0,1
385,56d709ef0d65d21400198306,5,weighted,"[100, 80, 65, 55, 50]",0,0.0,0
386,56d709ef0d65d21400198307,5,weighted,"[100, 80, 65, 55, 50]",1,1.0,1
387,56beba103aeaaa14008c92e5,5,weighted,"[100, 80, 65, 55, 50]",0,0.5714285714285715,1
388,56beba103aeaaa14008c92e6,5,weighted,"[100, 80, 65, 55, 50]",0,0.0,1
389,56beba103aeaaa14008c92e7,5,weighted,"[100, 80, 65, 55, 50]",0,0.046511627906976744,1
390,56beba103aeaaa14008c92e8,5,weighted,"[100, 80, 65, 55, 50]",1,1.0,1
391,56beba103aeaaa14008c92e9,5,weighted,"[100, 80, 65, 55, 50]",1,1.0,1
392,56bf467d3aeaaa14008c95a5,5,weighted,"[100, 80, 65, 55, 50]",1,1.0,1
393,56bf467d3aeaaa14008c95a6,5,weighted,"[100, 80, 65, 55, 50]",1,1.0,1
394,56bf467d3aeaaa14008c95a7,5,weighted,"[100, 80, 65, 55, 50]",0,0.0,1
395,56d70adc0d65d21400198311,5,weighted,"[100, 80, 65, 55, 50]",1,1.0,1
396,56d70adc0d65d21400198312,5,weighted,"[100, 80, 65, 55, 50]",0,0.0,1
397,56d70adc0d65d21400198313,5,weighted,"[100, 80, 65, 55, 50]",0,0.15384615384615383,1
398,56d70adc0d65d21400198314,5,weighted,"[100, 80, 65, 55, 50]",0,0.0,1
399,56d9a419dc89441400fdb678,5,weighted,"[100, 80, 65, 55, 50]",1,1.0,1
400,56d9a419dc89441400fdb679,5,weighted,"[100, 80, 65, 55, 50]",0,0.0,1
401,56bebad93aeaaa14008c92f9,5,weighted,"[100, 80, 65, 55, 50]",1,1.0,1
402,56bebad93aeaaa14008c92fa,5,weighted,"[100, 80, 65, 55, 50]",0,0.0,1
403,56bebad93aeaaa14008c92fb,5,weighted,"[100, 80, 65, 55, 50]",0,0.0,1
404,56bebad93aeaaa14008c92fc,5,weighted,"[100, 80, 65, 55, 50]",0,0.6666666666666666,1
405,56bebad93aeaaa14008c92fd,5,weighted,"[100, 80, 65, 55, 50]",1,1.0,1
406,56bf48cc3aeaaa14008c95ab,5,weighted,"[100, 80, 65, 55, 50]",1,1.0,1
407,56bf48cc3aeaaa14008c95ac,5,weighted,"[100, 80, 65, 55, 50]",0,0.0,1
408,56bf48cc3aeaaa14008c95ae,5,weighted,"[100, 80, 65, 55, 50]",0,0.0,1
409,56bf48cc3aeaaa14008c95af,5,weighted,"[100, 80, 65, 55, 50]",1,1.0,1
410,56d70ccc0d65d2140019831d,5,weighted,"[100, 80, 65, 55, 50]",1,1.0,1
411,56d70ccc0d65d2140019831f,5,weighted,"[100, 80, 65, 55, 50]",0,0.0,1
412,56d9a637dc89441400fdb697,5,weighted,"[100, 80, 65, 55, 50]",1,1.0,1
413,56d9a637dc89441400fdb698,5,weighted,"[100, 80, 65, 55, 50]",1,1.0,1
414,56d9a637dc89441400fdb699,5,weighted,"[100, 80, 65, 55, 50]",0,0.0,1
415,56d9a637dc89441400fdb69a,5,weighted,"[100, 80, 65, 55, 50]",0,0.0,1
416,56bebb293aeaaa14008c9303,5,weighted,"[100, 80, 65, 55, 50]",0,0.0,1
417,56bebb293aeaaa14008c9304,5,weighted,"[100, 80, 65, 55, 50]",1,1.0,1
418,56bebb293aeaaa14008c9305,5,weighted,"[100, 80, 65, 55, 50]",1,1.0,1
419,56bebb293aeaaa14008c9306,5,weighted,"[100, 80, 65, 55, 50]",0,0.0,1
420,56bf49993aeaaa14008c95b5,5,weighted,"[100, 80, 65, 55, 50]",0,0.0,0
421,56bf49993aeaaa14008c95b6,5,weighted,"[100, 80, 65, 55, 50]",0,0.0,0
422,56bf49993aeaaa14008c95b7,5,weighted,"[100, 80, 65, 55, 50]",0,0.0,0
423,56bf49993aeaaa14008c95b8,5,weighted,"[100, 80, 65, 55, 50]",0,0.0,0
424,56d70d240d65d21400198326,5,weighted,"[100, 80, 65, 55, 50]",0,0.0,0
425,56d70d240d65d21400198327,5,weighted,"[100, 80, 65, 55, 50]",0,0.0,0
426,56d70d240d65d21400198328,5,weighted,"[100, 80, 65, 55, 50]",0,0.0,0
427,56d70d240d65d21400198329,5,weighted,"[100, 80, 65, 55, 50]",0,0.0,0
428,56d9a6b4dc89441400fdb6a0,5,weighted,"[100, 80, 65, 55, 50]",0,0.0,0
429,56d9a6b4dc89441400fdb6a1,5,weighted,"[100, 80, 65, 55, 50]",1,1.0,1
430,56d9a6b4dc89441400fdb6a2,5,weighted,"[100, 80, 65, 55, 50]",0,0.0,0
431,56d9a6b4dc89441400fdb6a3,5,weighted,"[100, 80, 65, 55, 50]",0,0.0,0
432,56bebbbf3aeaaa14008c9315,5,weighted,"[100, 80, 65, 55, 50]",1,1.0,1
433,56bebbbf3aeaaa14008c9316,5,weighted,"[100, 80, 65, 55, 50]",0,0.6666666666666666,1
434,56bebbbf3aeaaa14008c9317,5,weighted,"[100, 80, 65, 55, 50]",1,1.0,1
435,56bebbbf3aeaaa14008c9318,5,weighted,"[100, 80, 65, 55, 50]",0,0.6666666666666666,1
436,56bebbbf3aeaaa14008c9319,5,weighted,"[100, 80, 65, 55, 50]",1,1.0,1
437,56bf4e1b3aeaaa14008c95bd,5,weighted,"[100, 80, 65, 55, 50]",1,1.0,1
438,56bf4e1b3aeaaa14008c95be,5,weighted,"[100, 80, 65, 55, 50]",0,0.6666666666666666,1
439,56bf4e1b3aeaaa14008c95c0,5,weighted,"[100, 80, 65, 55, 50]",0,0.0,1
440,56bf4e1b3aeaaa14008c95c1,5,weighted,"[100, 80, 65, 55, 50]",0,0.0,1
441,56d70daa0d65d21400198332,5,weighted,"[100, 80, 65, 55, 50]",1,1.0,1
442,56d70daa0d65d21400198333,5,weighted,"[100, 80, 65, 55, 50]",0,0.0,1
443,56d70daa0d65d21400198334,5,weighted,"[100, 80, 65, 55, 50]",0,0.0,1
444,56d70daa0d65d21400198335,5,weighted,"[100, 80, 65, 55, 50]",0,0.0,1
445,56d70daa0d65d21400198336,5,weighted,"[100, 80, 65, 55, 50]",1,1.0,1
446,56d9a7addc89441400fdb6a8,5,weighted,"[100, 80, 65, 55, 50]",1,1.0,1
447,56d9a7addc89441400fdb6ab,5,weighted,"[100, 80, 65, 55, 50]",0,0.0,1
448,56bebc383aeaaa14008c931f,5,weighted,"[100, 80, 65, 55, 50]",1,1.0,1
449,56bebc383aeaaa14008c9320,5,weighted,"[100, 80, 65, 55, 50]",1,1.0,1
450,56bebc383aeaaa14008c9321,5,weighted,"[100, 80, 65, 55, 50]",1,1.0,1
451,56bf52483aeaaa14008c95c7,5,weighted,"[100, 80, 65, 55, 50]",1,1.0,1
452,56bf52483aeaaa14008c95c8,5,weighted,"[100, 80, 65, 55, 50]",1,1.0,1
453,56d70e570d65d2140019833c,5,weighted,"[100, 80, 65, 55, 50]",1,1.0,1
454,56d70e570d65d2140019833e,5,weighted,"[100, 80, 65, 55, 50]",1,1.0,1
455,56d70e570d65d2140019833f,5,weighted,"[100, 80, 65, 55, 50]",1,1.0,1
456,56d9b01fdc89441400fdb6d4,5,weighted,"[100, 80, 65, 55, 50]",0,0.0,0
457,56bebcbe3aeaaa14008c9325,5,weighted,"[100, 80, 65, 55, 50]",1,1.0,1
458,56bebcbe3aeaaa14008c9326,5,weighted,"[100, 80, 65, 55, 50]",1,1.0,1
459,56bebcbe3aeaaa14008c9327,5,weighted,"[100, 80, 65, 55, 50]",1,1.0,1
460,56bebcbe3aeaaa14008c9328,5,weighted,"[100, 80, 65, 55, 50]",0,0.0,1
461,56bebcbe3aeaaa14008c9329,5,weighted,"[100, 80, 65, 55, 50]",0,0.0,0
462,56bf53e73aeaaa14008c95cb,5,weighted,"[100, 80, 65, 55, 50]",0,0.0,1
463,56bf53e73aeaaa14008c95cc,5,weighted,"[100, 80, 65, 55, 50]",1,1.0,1
464,56bf53e73aeaaa14008c95cd,5,weighted,"[100, 80, 65, 55, 50]",1,1.0,1
465,56bf53e73aeaaa14008c95ce,5,weighted,"[100, 80, 65, 55, 50]",1,1.0,1
466,56d7145c0d65d2140019834c,5,weighted,"[100, 80, 65, 55, 50]",0,0.5714285714285715,1
467,56d7145c0d65d2140019834d,5,weighted,"[100, 80, 65, 55, 50]",1,1.0,1
468,56d7145c0d65d2140019834f,5,weighted,"[100, 80, 65, 55, 50]",1,1.0,1
469,56d9b389dc89441400fdb6ec,5,weighted,"[100, 80, 65, 55, 50]",1,1.0,1
470,56d9b389dc89441400fdb6ed,5,weighted,"[100, 80, 65, 55, 50]",1,1.0,1
471,56d9b389dc89441400fdb6ee,5,weighted,"[100, 80, 65, 55, 50]",1,1.0,1
472,56d9b389dc89441400fdb6ef,5,weighted,"[100, 80, 65, 55, 50]",0,0.0,1
473,56d9b389dc89441400fdb6f0,5,weighted,"[100, 80, 65, 55, 50]",1,1.0,1
474,56bebd713aeaaa14008c932f,5,weighted,"[100, 80, 65, 55, 50]",1,1.0,1
475,56bebd713aeaaa14008c9330,5,weighted,"[100, 80, 65, 55, 50]",0,0.0,0
476,56bebd713aeaaa14008c9331,5,weighted,"[100, 80, 65, 55, 50]",1,1.0,1
477,56bf555e3aeaaa14008c95d3,5,weighted,"[100, 80, 65, 55, 50]",0,0.0,0
478,56bf555e3aeaaa14008c95d4,5,weighted,"[100, 80, 65, 55, 50]",0,0.5,0
479,56bf555e3aeaaa14008c95d5,5,weighted,"[100, 80, 65, 55, 50]",0,0.0,0
480,56d714cd0d65d21400198356,5,weighted,"[100, 80, 65, 55, 50]",0,0.5,1
481,56d714cd0d65d21400198358,5,weighted,"[100, 80, 65, 55, 50]",1,1.0,1
482,56d714cd0d65d21400198359,5,weighted,"[100, 80, 65, 55, 50]",1,1.0,1
483,56d9b43edc89441400fdb700,5,weighted,"[100, 80, 65, 55, 50]",0,0.0,0
484,56d9b43edc89441400fdb701,5,weighted,"[100, 80, 65, 55, 50]",1,1.0,1
485,56bebde53aeaaa14008c9335,5,weighted,"[100, 80, 65, 55, 50]",1,1.0,1
486,56bebde53aeaaa14008c9336,5,weighted,"[100, 80, 65, 55, 50]",0,0.6666666666666666,1
487,56bebde53aeaaa14008c9337,5,weighted,"[100, 80, 65, 55, 50]",0,0.0,1
488,56bebde53aeaaa14008c9338,5,weighted,"[100, 80, 65, 55, 50]",1,1.0,1
489,56bebde53aeaaa14008c9339,5,weighted,"[100, 80, 65, 55, 50]",1,1.0,1
490,56bf57043aeaaa14008c95d9,5,weighted,"[100, 80, 65, 55, 50]",1,1.0,1
491,56bf57043aeaaa14008c95da,5,weighted,"[100, 80, 65, 55, 50]",0,0.0,1
492,56bf57043aeaaa14008c95db,5,weighted,"[100, 80, 65, 55, 50]",1,1.0,1
493,56bf57043aeaaa14008c95dc,5,weighted,"[100, 80, 65, 55, 50]",0,0.0,1
494,56bf57043aeaaa14008c95dd,5,weighted,"[100, 80, 65, 55, 50]",1,1.0,1
495,56d71bd80d65d2140019835e,5,weighted,"[100, 80, 65, 55, 50]",0,0.6666666666666666,1
496,56d71bd80d65d21400198360,5,weighted,"[100, 80, 65, 55, 50]",1,1.0,1
497,56d71bd80d65d21400198361,5,weighted,"[100, 80, 65, 55, 50]",1,1.0,1
498,56d71bd80d65d21400198362,5,weighted,"[100, 80, 65, 55, 50]",1,1.0,1
499,56d9b4ebdc89441400fdb708,5,weighted,"[100, 80, 65, 55, 50]",0,0.6666666666666666,1
500,56d9b4ebdc89441400fdb709,5,weighted,"[100, 80, 65, 55, 50]",0,0.5714285714285715,0
501,56d9b4ebdc89441400fdb70a,5,weighted,"[100, 80, 65, 55, 50]",1,1.0,1
502,56d9b4ebdc89441400fdb70b,5,weighted,"[100, 80, 65, 55, 50]",1,1.0,1
503,56d9b4ebdc89441400fdb70c,5,weighted,"[100, 80, 65, 55, 50]",1,1.0,1
504,56bebe873aeaaa14008c933f,5,weighted,"[100, 80, 65, 55, 50]",0,0.0,1
505,56bebe873aeaaa14008c9340,5,weighted,"[100, 80, 65, 55, 50]",1,1.0,1
506,56bebe873aeaaa14008c9341,5,weighted,"[100, 80, 65, 55, 50]",0,0.0,1
507,56bebe873aeaaa14008c9342,5,weighted,"[100, 80, 65, 55, 50]",0,0.0,0
508,56bebe873aeaaa14008c9343,5,weighted,"[100, 80, 65, 55, 50]",0,0.0,0
509,56bf59523aeaaa14008c95e3,5,weighted,"[100, 80, 65, 55, 50]",1,1.0,1
510,56bf59523aeaaa14008c95e4,5,weighted,"[100, 80, 65, 55, 50]",0,0.0,0
511,56bf59523aeaaa14008c95e5,5,weighted,"[100, 80, 65, 55, 50]",0,0.0,0
512,56d71cb60d65d21400198368,5,weighted,"[100, 80, 65, 55, 50]",0,0.0,1
513,56d9b5ffdc89441400fdb720,5,weighted,"[100, 80, 65, 55, 50]",0,0.0,1
514,56d9b5ffdc89441400fdb721,5,weighted,"[100, 80, 65, 55, 50]",0,0.0,1
515,56bebec43aeaaa14008c9349,5,weighted,"[100, 80, 65, 55, 50]",1,1.0,1
516,56bebec43aeaaa14008c934a,5,weighted,"[100, 80, 65, 55, 50]",0,0.28571428571428575,1
517,56bf5abc3aeaaa14008c95e9,5,weighted,"[100, 80, 65, 55, 50]",0,0.0,0
518,56bf5abc3aeaaa14008c95ea,5,weighted,"[100, 80, 65, 55, 50]",0,0.4,1
519,56d71d150d65d2140019836e,5,weighted,"[100, 80, 65, 55, 50]",0,0.888888888888889,1
520,56d71d150d65d2140019836f,5,weighted,"[100, 80, 65, 55, 50]",0,0.5555555555555556,1
521,56d71d150d65d21400198370,5,weighted,"[100, 80, 65, 55, 50]",0,0.28571428571428575,1
522,56d9b6a3dc89441400fdb72f,5,weighted,"[100, 80, 65, 55, 50]",1,1.0,1
523,56d9b6a3dc89441400fdb730,5,weighted,"[100, 80, 65, 55, 50]",0,0.28571428571428575,1
524,56bec0353aeaaa14008c934d,5,weighted,"[100, 80, 65, 55, 50]",0,0.8,1
525,56bec0353aeaaa14008c934e,5,weighted,"[100, 80, 65, 55, 50]",1,1.0,1
526,56bec0353aeaaa14008c934f,5,weighted,"[100, 80, 65, 55, 50]",0,0.0,1
527,56bec0353aeaaa14008c9350,5,weighted,"[100, 80, 65, 55, 50]",1,1.0,1
528,56bec0353aeaaa14008c9351,5,weighted,"[100, 80, 65, 55, 50]",1,1.0,1
529,56bf5b933aeaaa14008c95ed,5,weighted,"[100, 80, 65, 55, 50]",1,1.0,1
530,56bf5b933aeaaa14008c95ef,5,weighted,"[100, 80, 65, 55, 50]",1,1.0,1
531,56bf5b933aeaaa14008c95f1,5,weighted,"[100, 80, 65, 55, 50]",0,0.0,1
532,56d71d9d0d65d21400198374,5,weighted,"[100, 80, 65, 55, 50]",1,1.0,1
533,56d71d9d0d65d21400198377,5,weighted,"[100, 80, 65, 55, 50]",1,1.0,1
534,56bec0dd3aeaaa14008c9357,5,weighted,"[100, 80, 65, 55, 50]",0,0.0,0
535,56bec0dd3aeaaa14008c9358,5,weighted,"[100, 80, 65, 55, 50]",1,1.0,1
536,56bec0dd3aeaaa14008c9359,5,weighted,"[100, 80, 65, 55, 50]",1,1.0,1
537,56bec0dd3aeaaa14008c935a,5,weighted,"[100, 80, 65, 55, 50]",1,1.0,1
538,56bec0dd3aeaaa14008c935b,5,weighted,"[100, 80, 65, 55, 50]",0,0.0,1
539,56bf5e7b3aeaaa14008c95f7,5,weighted,"[100, 80, 65, 55, 50]",1,1.0,1
540,56bf5e7b3aeaaa14008c95f8,5,weighted,"[100, 80, 65, 55, 50]",0,0.0,1
541,56bf5e7b3aeaaa14008c95f9,5,weighted,"[100, 80, 65, 55, 50]",0,0.2222222222222222,1
542,56bf5e7b3aeaaa14008c95fa,5,weighted,"[100, 80, 65, 55, 50]",0,0.0,1
543,56bf5e7b3aeaaa14008c95fb,5,weighted,"[100, 80, 65, 55, 50]",0,0.6666666666666666,1
544,56d71ed50d65d2140019837c,5,weighted,"[100, 80, 65, 55, 50]",1,1.0,1
545,56d71ed50d65d2140019837d,5,weighted,"[100, 80, 65, 55, 50]",1,1.0,1
546,56d9b7dcdc89441400fdb740,5,weighted,"[100, 80, 65, 55, 50]",1,1.0,0
547,56d9b7dcdc89441400fdb741,5,weighted,"[100, 80, 65, 55, 50]",0,0.11764705882352941,0
548,56d9b7dcdc89441400fdb742,5,weighted,"[100, 80, 65, 55, 50]",0,0.22222222222222224,0
549,56d9b7dcdc89441400fdb743,5,weighted,"[100, 80, 65, 55, 50]",0,0.0,1
550,56d9b7dcdc89441400fdb744,5,weighted,"[100, 80, 65, 55, 50]",0,0.0,0
551,56bec1823aeaaa14008c9361,5,weighted,"[100, 80, 65, 55, 50]",0,0.0,1
552,56bec1823aeaaa14008c9362,5,weighted,"[100, 80, 65, 55, 50]",0,0.0,1
553,56bec1823aeaaa14008c9363,5,weighted,"[100, 80, 65, 55, 50]",0,0.0,1
554,56bec1823aeaaa14008c9364,5,weighted,"[100, 80, 65, 55, 50]",1,1.0,1
555,56bec1823aeaaa14008c9365,5,weighted,"[100, 80, 65, 55, 50]",1,1.0,1
556,56bf6d343aeaaa14008c961b,5,weighted,"[100, 80, 65, 55, 50]",1,1.0,0
557,56d71fc00d65d21400198386,5,weighted,"[100, 80, 65, 55, 50]",1,1.0,1
558,56d71fc00d65d21400198389,5,weighted,"[100, 80, 65, 55, 50]",0,0.0,1
559,56d9ba95dc89441400fdb754,5,weighted,"[100, 80, 65, 55, 50]",0,0.0,0
560,56d9ba95dc89441400fdb757,5,weighted,"[100, 80, 65, 55, 50]",0,0.22222222222222224,1
561,56d9ba95dc89441400fdb758,5,weighted,"[100, 80, 65, 55, 50]",0,0.0,1
562,56bec2013aeaaa14008c9371,5,weighted,"[100, 80, 65, 55, 50]",1,1.0,1
563,56bec2013aeaaa14008c9372,5,weighted,"[100, 80, 65, 55, 50]",1,1.0,1
564,56bec2013aeaaa14008c9373,5,weighted,"[100, 80, 65, 55, 50]",1,1.0,1
565,56bec2013aeaaa14008c9374,5,weighted,"[100, 80, 65, 55, 50]",0,0.6666666666666666,1
566,56bec2013aeaaa14008c9375,5,weighted,"[100, 80, 65, 55, 50]",0,0.0,1
567,56bf6e7a3aeaaa14008c961f,5,weighted,"[100, 80, 65, 55, 50]",0,0.0,0
568,56bf6e7a3aeaaa14008c9620,5,weighted,"[100, 80, 65, 55, 50]",0,0.0,0
569,56bf6e7a3aeaaa14008c9621,5,weighted,"[100, 80, 65, 55, 50]",1,1.0,1
570,56bf6e7a3aeaaa14008c9622,5,weighted,"[100, 80, 65, 55, 50]",0,0.0,1
571,56d7205e0d65d21400198391,5,weighted,"[100, 80, 65, 55, 50]",0,0.6666666666666666,1
572,56d7205e0d65d21400198392,5,weighted,"[100, 80, 65, 55, 50]",1,1.0,1
573,56d9bc13dc89441400fdb75e,5,weighted,"[100, 80, 65, 55, 50]",1,1.0,1
574,56d9bc13dc89441400fdb75f,5,weighted,"[100, 80, 65, 55, 50]",0,0.0,0
575,56d9bc13dc89441400fdb760,5,weighted,"[100, 80, 65, 55, 50]",1,1.0,1
576,56bec2573aeaaa14008c937b,5,weighted,"[100, 80, 65, 55, 50]",0,0.6,1
577,56bec2573aeaaa14008c937c,5,weighted,"[100, 80, 65, 55, 50]",1,1.0,1
578,56bf6f743aeaaa14008c9631,5,weighted,"[100, 80, 65, 55, 50]",0,0.5,1
579,56bf6f743aeaaa14008c9632,5,weighted,"[100, 80, 65, 55, 50]",1,1.0,1
580,56d720c70d65d21400198396,5,weighted,"[100, 80, 65, 55, 50]",1,1.0,1
581,56d720c70d65d21400198397,5,weighted,"[100, 80, 65, 55, 50]",0,0.15384615384615383,1
582,56d720c70d65d21400198398,5,weighted,"[100, 80, 65, 55, 50]",0,0.8,1
583,56bec3153aeaaa14008c9389,5,weighted,"[100, 80, 65, 55, 50]",1,1.0,1
584,56bec3153aeaaa14008c938a,5,weighted,"[100, 80, 65, 55, 50]",0,0.0,1
585,56bec3153aeaaa14008c938b,5,weighted,"[100, 80, 65, 55, 50]",0,0.0,1
586,56bec3153aeaaa14008c938c,5,weighted,"[100, 80, 65, 55, 50]",0,0.0,1
587,56bf717d3aeaaa14008c9635,5,weighted,"[100, 80, 65, 55, 50]",0,0.0,1
588,56bf717d3aeaaa14008c9637,5,weighted,"[100, 80, 65, 55, 50]",0,0.0,1
589,56bf717d3aeaaa14008c9638,5,weighted,"[100, 80, 65, 55, 50]",0,0.0,1
590,56bf717d3aeaaa14008c9639,5,weighted,"[100, 80, 65, 55, 50]",0,0.0,1
591,56d721af0d65d2140019839e,5,weighted,"[100, 80, 65, 55, 50]",0,0.0,1
592,56d721af0d65d2140019839f,5,weighted,"[100, 80, 65, 55, 50]",0,0.0,1
593,56d721af0d65d214001983a0,5,weighted,"[100, 80, 65, 55, 50]",0,0.0,1
594,56d9bdc1dc89441400fdb768,5,weighted,"[100, 80, 65, 55, 50]",0,0.0,1
595,56d9bdc1dc89441400fdb769,5,weighted,"[100, 80, 65, 55, 50]",0,0.0,1
596,56d9bdc1dc89441400fdb76a,5,weighted,"[100, 80, 65, 55, 50]",0,0.6666666666666666,1
597,56bec38b3aeaaa14008c9397,5,weighted,"[100, 80, 65, 55, 50]",1,1.0,1
598,56bec38b3aeaaa14008c9398,5,weighted,"[100, 80, 65, 55, 50]",1,1.0,1
599,56bec38b3aeaaa14008c9399,5,weighted,"[100, 80, 65, 55, 50]",1,1.0,1
600,56bec38b3aeaaa14008c939a,5,weighted,"[100, 80, 65, 55, 50]",1,1.0,1
601,56bf71e73aeaaa14008c963f,5,weighted,"[100, 80, 65, 55, 50]",0,0.0,0
602,56bf71e73aeaaa14008c9640,5,weighted,"[100, 80, 65, 55, 50]",0,0.0,1
603,56d722330d65d214001983a6,5,weighted,"[100, 80, 65, 55, 50]",1,1.0,1
604,56d722330d65d214001983a7,5,weighted,"[100, 80, 65, 55, 50]",1,1.0,1
605,56d722330d65d214001983a8,5,weighted,"[100, 80, 65, 55, 50]",1,1.0,1
606,56d9be16dc89441400fdb770,5,weighted,"[100, 80, 65, 55, 50]",0,0.0,1
607,56d9be16dc89441400fdb771,5,weighted,"[100, 80, 65, 55, 50]",0,0.0,0
608,56bec4343aeaaa14008c93a9,5,weighted,"[100, 80, 65, 55, 50]",0,0.0,1
609,56bec4343aeaaa14008c93aa,5,weighted,"[100, 80, 65, 55, 50]",0,0.0,1
610,56bec4343aeaaa14008c93ab,5,weighted,"[100, 80, 65, 55, 50]",1,1.0,1
611,56bec4343aeaaa14008c93ac,5,weighted,"[100, 80, 65, 55, 50]",0,0.0,1
612,56d723560d65d214001983ac,5,weighted,"[100, 80, 65, 55, 50]",0,0.0,1
613,56d723560d65d214001983ad,5,weighted,"[100, 80, 65, 55, 50]",0,0.0,1
614,56d723560d65d214001983ae,5,weighted,"[100, 80, 65, 55, 50]",0,0.0,1
615,56d723560d65d214001983af,5,weighted,"[100, 80, 65, 55, 50]",0,0.0,1
616,56d9bf70dc89441400fdb77b,5,weighted,"[100, 80, 65, 55, 50]",0,0.6666666666666666,1
617,56d9bf70dc89441400fdb77c,5,weighted,"[100, 80, 65, 55, 50]",0,0.6666666666666666,1
618,56d9bf70dc89441400fdb77d,5,weighted,"[100, 80, 65, 55, 50]",1,1.0,1
619,56bec4a33aeaaa14008c93b1,5,weighted,"[100, 80, 65, 55, 50]",0,0.0,0
620,56bec4a33aeaaa14008c93b2,5,weighted,"[100, 80, 65, 55, 50]",0,0.16666666666666669,1
621,56bec4a33aeaaa14008c93b3,5,weighted,"[100, 80, 65, 55, 50]",1,1.0,1
622,56bec4a33aeaaa14008c93b4,5,weighted,"[100, 80, 65, 55, 50]",1,1.0,1
623,56bec4a33aeaaa14008c93b5,5,weighted,"[100, 80, 65, 55, 50]",1,1.0,1
624,56bf738b3aeaaa14008c9655,5,weighted,"[100, 80, 65, 55, 50]",0,0.0,0
625,56bf738b3aeaaa14008c9656,5,weighted,"[100, 80, 65, 55, 50]",0,0.0,0
626,56d723ad0d65d214001983b4,5,weighted,"[100, 80, 65, 55, 50]",1,1.0,1
627,56d723ad0d65d214001983b5,5,weighted,"[100, 80, 65, 55, 50]",0,0.0,1
628,56d723ad0d65d214001983b8,5,weighted,"[100, 80, 65, 55, 50]",1,1.0,1
629,56d9c049dc89441400fdb78e,5,weighted,"[100, 80, 65, 55, 50]",0,0.0,1
630,56d9c049dc89441400fdb78f,5,weighted,"[100, 80, 65, 55, 50]",1,1.0,1
631,56d9c049dc89441400fdb790,5,weighted,"[100, 80, 65, 55, 50]",0,0.37037037037037035,1
632,56d9c049dc89441400fdb791,5,weighted,"[100, 80, 65, 55, 50]",1,1.0,1
633,56d9c049dc89441400fdb792,5,weighted,"[100, 80, 65, 55, 50]",0,0.0,1
634,56bec5233aeaaa14008c93cf,5,weighted,"[100, 80, 65, 55, 50]",1,1.0,1
635,56bec5233aeaaa14008c93d0,5,weighted,"[100, 80, 65, 55, 50]",0,0.25,1
636,56bec5233aeaaa14008c93d1,5,weighted,"[100, 80, 65, 55, 50]",1,1.0,1
637,56bec5233aeaaa14008c93d2,5,weighted,"[100, 80, 65, 55, 50]",0,0.4,1
638,56bec5233aeaaa14008c93d3,5,weighted,"[100, 80, 65, 55, 50]",1,1.0,1
639,56d724620d65d214001983be,5,weighted,"[100, 80, 65, 55, 50]",0,0.0,1
640,56d724620d65d214001983bf,5,weighted,"[100, 80, 65, 55, 50]",1,1.0,1
641,56d724620d65d214001983c0,5,weighted,"[100, 80, 65, 55, 50]",0,0.0,1
642,56d724620d65d214001983c1,5,weighted,"[100, 80, 65, 55, 50]",1,1.0,1
643,56d9c203dc89441400fdb7a0,5,weighted,"[100, 80, 65, 55, 50]",0,0.2,0
644,56d9c203dc89441400fdb7a3,5,weighted,"[100, 80, 65, 55, 50]",0,0.0,1
645,56bec5ff3aeaaa14008c93e3,5,weighted,"[100, 80, 65, 55, 50]",0,0.6153846153846153,1
646,56bec5ff3aeaaa14008c93e4,5,weighted,"[100, 80, 65, 55, 50]",0,0.0,1
647,56bec5ff3aeaaa14008c93e5,5,weighted,"[100, 80, 65, 55, 50]",0,0.0,1
648,56d724ea0d65d214001983c8,5,weighted,"[100, 80, 65, 55, 50]",0,0.0,0
649,56d724ea0d65d214001983c9,5,weighted,"[100, 80, 65, 55, 50]",1,1.0,1
650,56bec6573aeaaa14008c93e9,5,weighted,"[100, 80, 65, 55, 50]",0,0.0,1
651,56bec6573aeaaa14008c93ea,5,weighted,"[100, 80, 65, 55, 50]",0,0.0,1
652,56bec6573aeaaa14008c93eb,5,weighted,"[100, 80, 65, 55, 50]",0,0.0,1
653,56bec6573aeaaa14008c93ec,5,weighted,"[100, 80, 65, 55, 50]",0,0.0,1
654,56bec6573aeaaa14008c93ed,5,weighted,"[100, 80, 65, 55, 50]",0,0.0,1
655,56d7251d0d65d214001983cc,5,weighted,"[100, 80, 65, 55, 50]",1,1.0,1
656,56d7251d0d65d214001983cd,5,weighted,"[100, 80, 65, 55, 50]",1,1.0,1
657,56d7251d0d65d214001983cf,5,weighted,"[100, 80, 65, 55, 50]",0,0.0,1
658,56d9c3a6dc89441400fdb7b4,5,weighted,"[100, 80, 65, 55, 50]",0,0.0,1
659,56d9c3a6dc89441400fdb7b5,5,weighted,"[100, 80, 65, 55, 50]",0,0.0,1
660,56d9c3a6dc89441400fdb7b6,5,weighted,"[100, 80, 65, 55, 50]",0,0.0,1
661,56d9c3a6dc89441400fdb7b7,5,weighted,"[100, 80, 65, 55, 50]",0,0.0,1
662,56d9c3a6dc89441400fdb7b8,5,weighted,"[100, 80, 65, 55, 50]",0,0.0,1
663,56bec6ac3aeaaa14008c93fd,5,weighted,"[100, 80, 65, 55, 50]",1,1.0,1
664,56bec6ac3aeaaa14008c93fe,5,weighted,"[100, 80, 65, 55, 50]",1,1.0,1
665,56bec6ac3aeaaa14008c93ff,5,weighted,"[100, 80, 65, 55, 50]",1,1.0,1
666,56bec6ac3aeaaa14008c9400,5,weighted,"[100, 80, 65, 55, 50]",0,0.0,1
667,56bec6ac3aeaaa14008c9401,5,weighted,"[100, 80, 65, 55, 50]",0,0.8571428571428571,1
668,56d20650e7d4791d00902614,5,weighted,"[100, 80, 65, 55, 50]",1,1.0,1
669,56d20650e7d4791d00902615,5,weighted,"[100, 80, 65, 55, 50]",1,1.0,1
670,56d7253b0d65d214001983d4,5,weighted,"[100, 80, 65, 55, 50]",0,0.0,0
671,56d7253b0d65d214001983d5,5,weighted,"[100, 80, 65, 55, 50]",1,1.0,1
672,56d9c455dc89441400fdb7c4,5,weighted,"[100, 80, 65, 55, 50]",0,0.0,0
673,56d9c455dc89441400fdb7c5,5,weighted,"[100, 80, 65, 55, 50]",1,1.0,1
674,56d9c455dc89441400fdb7c6,5,weighted,"[100, 80, 65, 55, 50]",1,1.0,1
675,56bec7353aeaaa14008c940d,5,weighted,"[100, 80, 65, 55, 50]",1,1.0,1
676,56bec7353aeaaa14008c940e,5,weighted,"[100, 80, 65, 55, 50]",1,1.0,1
677,56bec7353aeaaa14008c940f,5,weighted,"[100, 80, 65, 55, 50]",1,1.0,1
678,56bec7353aeaaa14008c9410,5,weighted,"[100, 80, 65, 55, 50]",1,1.0,1
679,56bec7353aeaaa14008c9411,5,weighted,"[100, 80, 65, 55, 50]",0,0.6666666666666666,1
680,56d725790d65d214001983d8,5,weighted,"[100, 80, 65, 55, 50]",0,0.0,1
681,56d725790d65d214001983da,5,weighted,"[100, 80, 65, 55, 50]",1,1.0,1
682,56d725790d65d214001983db,5,weighted,"[100, 80, 65, 55, 50]",0,0.0,1
683,56d9c551dc89441400fdb7d0,5,weighted,"[100, 80, 65, 55, 50]",1,1.0,1
684,56d9c551dc89441400fdb7d1,5,weighted,"[100, 80, 65, 55, 50]",1,1.0,1
685,56d9c551dc89441400fdb7d2,5,weighted,"[100, 80, 65, 55, 50]",1,1.0,1
686,56d9c551dc89441400fdb7d3,5,weighted,"[100, 80, 65, 55, 50]",1,1.0,1
687,56bec7a63aeaaa14008c9417,5,weighted,"[100, 80, 65, 55, 50]",1,1.0,1
688,56bec7a63aeaaa14008c9418,5,weighted,"[100, 80, 65, 55, 50]",0,0.0,1
689,56bec7a63aeaaa14008c9419,5,weighted,"[100, 80, 65, 55, 50]",1,1.0,1
690,56bec7a63aeaaa14008c941a,5,weighted,"[100, 80, 65, 55, 50]",0,0.0,1
691,56bec7a63aeaaa14008c941b,5,weighted,"[100, 80, 65, 55, 50]",0,0.0,1
692,56d728a10d65d21400198413,5,weighted,"[100, 80, 65, 55, 50]",0,0.0,1
693,56d728a10d65d21400198414,5,weighted,"[100, 80, 65, 55, 50]",1,1.0,1
694,56d728a10d65d21400198415,5,weighted,"[100, 80, 65, 55, 50]",0,0.0,0
695,56d728a10d65d21400198416,5,weighted,"[100, 80, 65, 55, 50]",0,0.0,0
696,56d9c5e7dc89441400fdb7d8,5,weighted,"[100, 80, 65, 55, 50]",1,1.0,1
697,56d9c5e7dc89441400fdb7d9,5,weighted,"[100, 80, 65, 55, 50]",1,1.0,1
698,56d9c5e7dc89441400fdb7da,5,weighted,"[100, 80, 65, 55, 50]",1,1.0,1
699,56d9c5e7dc89441400fdb7db,5,weighted,"[100, 80, 65, 55, 50]",0,0.0,1
700,56d9c5e7dc89441400fdb7dc,5,weighted,"[100, 80, 65, 55, 50]",0,0.0,1
701,56bec8243aeaaa14008c942b,5,weighted,"[100, 80, 65, 55, 50]",1,1.0,1
702,56bec8243aeaaa14008c942c,5,weighted,"[100, 80, 65, 55, 50]",1,1.0,1
703,56bec8243aeaaa14008c942d,5,weighted,"[100, 80, 65, 55, 50]",1,1.0,1
704,56bec8243aeaaa14008c942e,5,weighted,"[100, 80, 65, 55, 50]",0,0.0,1
705,56bec8243aeaaa14008c942f,5,weighted,"[100, 80, 65, 55, 50]",0,0.6666666666666666,1
706,56d728e00d65d2140019841c,5,weighted,"[100, 80, 65, 55, 50]",0,0.0,1
707,56d728e00d65d2140019841d,5,weighted,"[100, 80, 65, 55, 50]",0,0.0,1
708,56d728e00d65d2140019841e,5,weighted,"[100, 80, 65, 55, 50]",0,0.0,1
709,56d728e00d65d2140019841f,5,weighted,"[100, 80, 65, 55, 50]",0,0.0,1
710,56d728e00d65d21400198420,5,weighted,"[100, 80, 65, 55, 50]",0,0.0,1
711,56d9c660dc89441400fdb7e7,5,weighted,"[100, 80, 65, 55, 50]",1,1.0,1
712,56d9c660dc89441400fdb7e8,5,weighted,"[100, 80, 65, 55, 50]",0,0.0,1
713,56d9c660dc89441400fdb7e9,5,weighted,"[100, 80, 65, 55, 50]",0,0.0,1
714,56d9c660dc89441400fdb7ea,5,weighted,"[100, 80, 65, 55, 50]",0,0.0,1
715,56bec8a13aeaaa14008c9435,5,weighted,"[100, 80, 65, 55, 50]",1,1.0,1
716,56bec8a13aeaaa14008c9436,5,weighted,"[100, 80, 65, 55, 50]",0,0.0,0
717,56bec8a13aeaaa14008c9437,5,weighted,"[100, 80, 65, 55, 50]",1,1.0,1
718,56bec8a13aeaaa14008c9438,5,weighted,"[100, 80, 65, 55, 50]",0,0.0,1
719,56bec8a13aeaaa14008c9439,5,weighted,"[100, 80, 65, 55, 50]",0,0.0,1
720,56d729180d65d21400198426,5,weighted,"[100, 80, 65, 55, 50]",1,1.0,1
721,56d729180d65d21400198427,5,weighted,"[100, 80, 65, 55, 50]",1,1.0,1
722,56d729180d65d21400198428,5,weighted,"[100, 80, 65, 55, 50]",1,1.0,1
723,56d729180d65d21400198429,5,weighted,"[100, 80, 65, 55, 50]",0,0.0,1
724,56d729180d65d2140019842a,5,weighted,"[100, 80, 65, 55, 50]",0,0.0,1
725,56d9c6e0dc89441400fdb7f0,5,weighted,"[100, 80, 65, 55, 50]",1,1.0,1
726,56d9c6e0dc89441400fdb7f4,5,weighted,"[100, 80, 65, 55, 50]",0,0.0,1
727,56bec9133aeaaa14008c9445,5,weighted,"[100, 80, 65, 55, 50]",1,1.0,1
728,56bec9133aeaaa14008c9446,5,weighted,"[100, 80, 65, 55, 50]",1,1.0,1
729,56bec9133aeaaa14008c9447,5,weighted,"[100, 80, 65, 55, 50]",1,1.0,1
730,56bec9133aeaaa14008c9448,5,weighted,"[100, 80, 65, 55, 50]",0,0.0,1
731,56bec9133aeaaa14008c9449,5,weighted,"[100, 80, 65, 55, 50]",0,0.0,1
732,56d729ec0d65d21400198430,5,weighted,"[100, 80, 65, 55, 50]",1,1.0,1
733,56d729ec0d65d21400198431,5,weighted,"[100, 80, 65, 55, 50]",0,0.0,1
734,56d729ec0d65d21400198432,5,weighted,"[100, 80, 65, 55, 50]",0,0.0,1
735,56d729ec0d65d21400198434,5,weighted,"[100, 80, 65, 55, 50]",0,0.0,1
736,56d9c79edc89441400fdb804,5,weighted,"[100, 80, 65, 55, 50]",0,0.0,1
737,56d9c79edc89441400fdb805,5,weighted,"[100, 80, 65, 55, 50]",0,0.6666666666666666,1
738,56d9c79edc89441400fdb806,5,weighted,"[100, 80, 65, 55, 50]",1,1.0,1
739,56d9c79edc89441400fdb807,5,weighted,"[100, 80, 65, 55, 50]",0,0.0,0
740,56d9c79edc89441400fdb808,5,weighted,"[100, 80, 65, 55, 50]",0,0.0,1
741,56bec98e3aeaaa14008c9455,5,weighted,"[100, 80, 65, 55, 50]",1,1.0,1
742,56bec98e3aeaaa14008c9456,5,weighted,"[100, 80, 65, 55, 50]",0,0.0,1
743,56bec98e3aeaaa14008c9457,5,weighted,"[100, 80, 65, 55, 50]",0,0.0,1
744,56bec98e3aeaaa14008c9458,5,weighted,"[100, 80, 65, 55, 50]",0,0.0,1
745,56bec98e3aeaaa14008c9459,5,weighted,"[100, 80, 65, 55, 50]",0,0.0,1
746,56d7282f0d65d21400198408,5,weighted,"[100, 80, 65, 55, 50]",1,1.0,1
747,56d7282f0d65d21400198409,5,weighted,"[100, 80, 65, 55, 50]",1,1.0,1
748,56d7282f0d65d2140019840a,5,weighted,"[100, 80, 65, 55, 50]",0,0.0,1
749,56d7282f0d65d2140019840c,5,weighted,"[100, 80, 65, 55, 50]",0,0.0,1
750,56d9c92bdc89441400fdb80e,5,weighted,"[100, 80, 65, 55, 50]",0,0.0,0
751,56d9c92bdc89441400fdb80f,5,weighted,"[100, 80, 65, 55, 50]",0,0.6666666666666666,1
752,56d9c92bdc89441400fdb810,5,weighted,"[100, 80, 65, 55, 50]",1,1.0,1
753,56d9c92bdc89441400fdb811,5,weighted,"[100, 80, 65, 55, 50]",0,0.0,1
754,56bec9e83aeaaa14008c945f,5,weighted,"[100, 80, 65, 55, 50]",0,0.0,1
755,56bec9e83aeaaa14008c9460,5,weighted,"[100, 80, 65, 55, 50]",0,0.0,1
756,56bec9e83aeaaa14008c9461,5,weighted,"[100, 80, 65, 55, 50]",0,0.0,1
757,56bec9e83aeaaa14008c9462,5,weighted,"[100, 80, 65, 55, 50]",0,0.6666666666666666,1
758,56d7261e0d65d214001983e0,5,weighted,"[100, 80, 65, 55, 50]",0,0.6666666666666666,1
759,56d7261e0d65d214001983e1,5,weighted,"[100, 80, 65, 55, 50]",1,1.0,1
760,56d7261e0d65d214001983e2,5,weighted,"[100, 80, 65, 55, 50]",1,1.0,1
761,56d7261e0d65d214001983e4,5,weighted,"[100, 80, 65, 55, 50]",0,0.0,1
762,56d9ca0adc89441400fdb820,5,weighted,"[100, 80, 65, 55, 50]",1,1.0,1
763,56d9ca0adc89441400fdb821,5,weighted,"[100, 80, 65, 55, 50]",0,0.0,1
764,56d9ca0adc89441400fdb822,5,weighted,"[100, 80, 65, 55, 50]",0,0.0,1
765,56d9ca0adc89441400fdb823,5,weighted,"[100, 80, 65, 55, 50]",0,0.0,1
766,56beca913aeaaa14008c946d,5,weighted,"[100, 80, 65, 55, 50]",1,1.0,1
767,56beca913aeaaa14008c946e,5,weighted,"[100, 80, 65, 55, 50]",0,0.0,1
768,56beca913aeaaa14008c946f,5,weighted,"[100, 80, 65, 55, 50]",0,0.0,1
769,56beca913aeaaa14008c9470,5,weighted,"[100, 80, 65, 55, 50]",0,0.0,1
770,56beca913aeaaa14008c9471,5,weighted,"[100, 80, 65, 55, 50]",0,0.0,1
771,56d726b60d65d214001983ea,5,weighted,"[100, 80, 65, 55, 50]",1,1.0,1
772,56d726b60d65d214001983eb,5,weighted,"[100, 80, 65, 55, 50]",1,1.0,1
773,56d726b60d65d214001983ec,5,weighted,"[100, 80, 65, 55, 50]",0,0.0,1
774,56d726b60d65d214001983ed,5,weighted,"[100, 80, 65, 55, 50]",0,0.0,1
775,56d726b60d65d214001983ee,5,weighted,"[100, 80, 65, 55, 50]",0,0.0,1
776,56d9cb47dc89441400fdb832,5,weighted,"[100, 80, 65, 55, 50]",1,1.0,1
777,56d9cb47dc89441400fdb833,5,weighted,"[100, 80, 65, 55, 50]",1,1.0,1
778,56d9cb47dc89441400fdb834,5,weighted,"[100, 80, 65, 55, 50]",0,0.0,1
779,56d9cb47dc89441400fdb835,5,weighted,"[100, 80, 65, 55, 50]",0,0.0,1
780,56d9cb47dc89441400fdb836,5,weighted,"[100, 80, 65, 55, 50]",0,0.0,1
781,56becaf93aeaaa14008c9481,5,weighted,"[100, 80, 65, 55, 50]",0,0.0,1
782,56becaf93aeaaa14008c9482,5,weighted,"[100, 80, 65, 55, 50]",0,0.0,1
783,56becaf93aeaaa14008c9483,5,weighted,"[100, 80, 65, 55, 50]",0,0.0,1
784,56becaf93aeaaa14008c9484,5,weighted,"[100, 80, 65, 55, 50]",1,1.0,0
785,56becaf93aeaaa14008c9485,5,weighted,"[100, 80, 65, 55, 50]",0,0.0,0
786,56d7270c0d65d214001983f4,5,weighted,"[100, 80, 65, 55, 50]",0,0.0,0
787,56d7270c0d65d214001983f5,5,weighted,"[100, 80, 65, 55, 50]",0,0.0,1
788,56d7270c0d65d214001983f6,5,weighted,"[100, 80, 65, 55, 50]",1,1.0,1
789,56d7270c0d65d214001983f7,5,weighted,"[100, 80, 65, 55, 50]",1,1.0,1
790,56d7270c0d65d214001983f8,5,weighted,"[100, 80, 65, 55, 50]",1,1.0,0
791,56d9ccacdc89441400fdb842,5,weighted,"[100, 80, 65, 55, 50]",0,0.0,0
792,56d9ccacdc89441400fdb843,5,weighted,"[100, 80, 65, 55, 50]",0,0.0,0
793,56d9ccacdc89441400fdb844,5,weighted,"[100, 80, 65, 55, 50]",0,0.0,0
794,56d9ccacdc89441400fdb845,5,weighted,"[100, 80, 65, 55, 50]",0,0.0,0
795,56d9ccacdc89441400fdb846,5,weighted,"[100, 80, 65, 55, 50]",0,0.0,1
796,56becb823aeaaa14008c948b,5,weighted,"[100, 80, 65, 55, 50]",0,0.0,1
797,56becb823aeaaa14008c948c,5,weighted,"[100, 80, 65, 55, 50]",0,0.0,1
798,56becb823aeaaa14008c948d,5,weighted,"[100, 80, 65, 55, 50]",1,1.0,1
799,56becb823aeaaa14008c948e,5,weighted,"[100, 80, 65, 55, 50]",0,0.0,1
800,56becb823aeaaa14008c948f,5,weighted,"[100, 80, 65, 55, 50]",0,0.6666666666666666,1
801,56d7277c0d65d214001983fe,5,weighted,"[100, 80, 65, 55, 50]",0,0.5,1
802,56d7277c0d65d214001983ff,5,weighted,"[100, 80, 65, 55, 50]",0,0.0,1
803,56d7277c0d65d21400198401,5,weighted,"[100, 80, 65, 55, 50]",0,0.0,1
804,56d7277c0d65d21400198402,5,weighted,"[100, 80, 65, 55, 50]",1,1.0,1
805,56d9cd9adc89441400fdb84c,5,weighted,"[100, 80, 65, 55, 50]",0,0.0,1
806,56d9cd9adc89441400fdb84d,5,weighted,"[100, 80, 65, 55, 50]",1,1.0,1
807,56d9cd9adc89441400fdb84e,5,weighted,"[100, 80, 65, 55, 50]",1,1.0,1
808,56d9cd9adc89441400fdb84f,5,weighted,"[100, 80, 65, 55, 50]",0,0.0,1
809,56d9cd9adc89441400fdb850,5,weighted,"[100, 80, 65, 55, 50]",0,0.0,1
810,5733a5f54776f41900660f45,5,weighted,"[100, 80, 65, 55, 50]",1,1.0,1
811,5733a5f54776f41900660f48,5,weighted,"[100, 80, 65, 55, 50]",0,0.0,1
812,5733a5f54776f41900660f44,5,weighted,"[100, 80, 65, 55, 50]",0,0.0,1
813,5733a5f54776f41900660f46,5,weighted,"[100, 80, 65, 55, 50]",0,0.0,1
814,5733a5f54776f41900660f47,5,weighted,"[100, 80, 65, 55, 50]",0,0.0,1
815,57336755d058e614000b5a3d,5,weighted,"[100, 80, 65, 55, 50]",1,1.0,1
816,57336755d058e614000b5a3f,5,weighted,"[100, 80, 65, 55, 50]",0,0.0,1
817,57336755d058e614000b5a3c,5,weighted,"[100, 80, 65, 55, 50]",1,1.0,1
818,57336755d058e614000b5a3e,5,weighted,"[100, 80, 65, 55, 50]",1,1.0,1
819,57336755d058e614000b5a40,5,weighted,"[100, 80, 65, 55, 50]",0,0.0,1
820,57337ddc4776f41900660bbb,5,weighted,"[100, 80, 65, 55, 50]",0,0.7499999999999999,1
821,57337ddc4776f41900660bbc,5,weighted,"[100, 80, 65, 55, 50]",1,1.0,1
822,57337ddc4776f41900660bba,5,weighted,"[100, 80, 65, 55, 50]",1,1.0,1
823,57337ddc4776f41900660bbd,5,weighted,"[100, 80, 65, 55, 50]",0,0.0,1
824,57337ddc4776f41900660bbe,5,weighted,"[100, 80, 65, 55, 50]",0,0.25,1
825,57337ea24776f41900660bd0,5,weighted,"[100, 80, 65, 55, 50]",1,1.0,1
826,57337ea24776f41900660bd3,5,weighted,"[100, 80, 65, 55, 50]",0,0.0,1
827,57337ea24776f41900660bd2,5,weighted,"[100, 80, 65, 55, 50]",1,1.0,1
828,57337ea24776f41900660bd1,5,weighted,"[100, 80, 65, 55, 50]",0,0.0,1
829,57337ea24776f41900660bd4,5,weighted,"[100, 80, 65, 55, 50]",0,0.0,1
830,57339555d058e614000b5df4,5,weighted,"[100, 80, 65, 55, 50]",1,1.0,1
831,57339555d058e614000b5df5,5,weighted,"[100, 80, 65, 55, 50]",1,1.0,1
832,57339555d058e614000b5df6,5,weighted,"[100, 80, 65, 55, 50]",1,1.0,1
833,57339555d058e614000b5df3,5,weighted,"[100, 80, 65, 55, 50]",1,1.0,1
834,57339555d058e614000b5df7,5,weighted,"[100, 80, 65, 55, 50]",0,0.4444444444444445,1
835,57339902d058e614000b5e70,5,weighted,"[100, 80, 65, 55, 50]",1,1.0,1
836,57339902d058e614000b5e71,5,weighted,"[100, 80, 65, 55, 50]",1,1.0,1
837,57339902d058e614000b5e72,5,weighted,"[100, 80, 65, 55, 50]",0,0.0,1
838,57339902d058e614000b5e73,5,weighted,"[100, 80, 65, 55, 50]",1,1.0,1
839,57339902d058e614000b5e74,5,weighted,"[100, 80, 65, 55, 50]",0,0.5,1
840,573399b54776f41900660e64,5,weighted,"[100, 80, 65, 55, 50]",1,1.0,1
841,573399b54776f41900660e65,5,weighted,"[100, 80, 65, 55, 50]",0,0.5,1
842,573399b54776f41900660e66,5,weighted,"[100, 80, 65, 55, 50]",0,0.35294117647058826,1
843,573399b54776f41900660e67,5,weighted,"[100, 80, 65, 55, 50]",0,0.0,1
844,57339a554776f41900660e74,5,weighted,"[100, 80, 65, 55, 50]",0,0.4,1
845,57339a554776f41900660e75,5,weighted,"[100, 80, 65, 55, 50]",1,1.0,1
846,57339a554776f41900660e76,5,weighted,"[100, 80, 65, 55, 50]",1,1.0,1
847,57339a554776f41900660e77,5,weighted,"[100, 80, 65, 55, 50]",0,0.0,1
848,57339a554776f41900660e78,5,weighted,"[100, 80, 65, 55, 50]",0,0.0,1
849,57339ad74776f41900660e86,5,weighted,"[100, 80, 65, 55, 50]",1,1.0,1
850,57339ad74776f41900660e87,5,weighted,"[100, 80, 65, 55, 50]",0,0.28571428571428575,0
851,57339ad74776f41900660e88,5,weighted,"[100, 80, 65, 55, 50]",1,1.0,1
852,57339ad74776f41900660e89,5,weighted,"[100, 80, 65, 55, 50]",0,0.0,1
853,57339ad74776f41900660e8a,5,weighted,"[100, 80, 65, 55, 50]",0,0.0,1
854,57339c16d058e614000b5ec5,5,weighted,"[100, 80, 65, 55, 50]",1,1.0,1
855,57339c16d058e614000b5ec6,5,weighted,"[100, 80, 65, 55, 50]",0,0.0,1
856,57339c16d058e614000b5ec7,5,weighted,"[100, 80, 65, 55, 50]",0,0.8571428571428571,1
857,57339c16d058e614000b5ec8,5,weighted,"[100, 80, 65, 55, 50]",1,1.0,1
858,57339c16d058e614000b5ec9,5,weighted,"[100, 80, 65, 55, 50]",1,1.0,1
859,57339dd94776f41900660ecc,5,weighted,"[100, 80, 65, 55, 50]",1,1.0,1
860,57339dd94776f41900660ecd,5,weighted,"[100, 80, 65, 55, 50]",1,1.0,1
861,57339dd94776f41900660ece,5,weighted,"[100, 80, 65, 55, 50]",1,1.0,1
862,57339dd94776f41900660ecf,5,weighted,"[100, 80, 65, 55, 50]",0,0.0909090909090909,1
863,57339dd94776f41900660ed0,5,weighted,"[100, 80, 65, 55, 50]",0,0.0,1
864,57339eb9d058e614000b5ef6,5,weighted,"[100, 80, 65, 55, 50]",1,1.0,1
865,57339eb9d058e614000b5ef7,5,weighted,"[100, 80, 65, 55, 50]",1,1.0,1
866,57339eb9d058e614000b5ef8,5,weighted,"[100, 80, 65, 55, 50]",1,1.0,1
867,57339eb9d058e614000b5ef9,5,weighted,"[100, 80, 65, 55, 50]",0,0.039999999999999994,1
868,57339eb9d058e614000b5efa,5,weighted,"[100, 80, 65, 55, 50]",0,0.0,1
869,5733a1854776f41900660f0a,5,weighted,"[100, 80, 65, 55, 50]",0,0.6,1
870,5733a1854776f41900660f0b,5,weighted,"[100, 80, 65, 55, 50]",1,1.0,1
871,5733a1854776f41900660f0c,5,weighted,"[100, 80, 65, 55, 50]",0,0.8,1
872,5733a1854776f41900660f0d,5,weighted,"[100, 80, 65, 55, 50]",1,1.0,1
873,5733a1854776f41900660f0e,5,weighted,"[100, 80, 65, 55, 50]",1,1.0,1
874,5733a2a9d058e614000b5f28,5,weighted,"[100, 80, 65, 55, 50]",1,1.0,1
875,5733a2a9d058e614000b5f29,5,weighted,"[100, 80, 65, 55, 50]",1,1.0,1
876,5733a2a9d058e614000b5f2a,5,weighted,"[100, 80, 65, 55, 50]",1,1.0,1
877,5733a2a9d058e614000b5f2b,5,weighted,"[100, 80, 65, 55, 50]",1,1.0,1
878,5733a2a9d058e614000b5f2c,5,weighted,"[100, 80, 65, 55, 50]",0,0.0,1
879,5733a32bd058e614000b5f32,5,weighted,"[100, 80, 65, 55, 50]",1,1.0,1
880,5733a32bd058e614000b5f33,5,weighted,"[100, 80, 65, 55, 50]",1,1.0,1
881,5733a32bd058e614000b5f34,5,weighted,"[100, 80, 65, 55, 50]",1,1.0,1
882,5733a32bd058e614000b5f35,5,weighted,"[100, 80, 65, 55, 50]",1,1.0,1
883,5733a32bd058e614000b5f36,5,weighted,"[100, 80, 65, 55, 50]",0,0.8,1
884,5733a45d4776f41900660f23,5,weighted,"[100, 80, 65, 55, 50]",0,0.0,0
885,5733a45d4776f41900660f24,5,weighted,"[100, 80, 65, 55, 50]",1,1.0,1
886,5733a45d4776f41900660f25,5,weighted,"[100, 80, 65, 55, 50]",1,1.0,1
887,5733a45d4776f41900660f26,5,weighted,"[100, 80, 65, 55, 50]",1,1.0,1
888,5733a45d4776f41900660f27,5,weighted,"[100, 80, 65, 55, 50]",0,0.0,1
889,5733a560d058e614000b5f77,5,weighted,"[100, 80, 65, 55, 50]",1,1.0,1
890,5733a560d058e614000b5f78,5,weighted,"[100, 80, 65, 55, 50]",1,1.0,1
891,5733a560d058e614000b5f79,5,weighted,"[100, 80, 65, 55, 50]",1,1.0,1
892,5733a560d058e614000b5f7a,5,weighted,"[100, 80, 65, 55, 50]",0,0.0,1
893,5733a560d058e614000b5f7b,5,weighted,"[100, 80, 65, 55, 50]",0,0.0,1
894,5733a6ac4776f41900660f58,5,weighted,"[100, 80, 65, 55, 50]",1,1.0,1
895,5733a6ac4776f41900660f59,5,weighted,"[100, 80, 65, 55, 50]",1,1.0,1
896,5733a6ac4776f41900660f5a,5,weighted,"[100, 80, 65, 55, 50]",1,1.0,1
897,5733a6ac4776f41900660f5b,5,weighted,"[100, 80, 65, 55, 50]",0,0.6666666666666666,1
898,5733a6ac4776f41900660f5c,5,weighted,"[100, 80, 65, 55, 50]",0,0.0,1
899,573312fcd058e614000b56e6,5,weighted,"[100, 80, 65, 55, 50]",1,1.0,1
900,573312fcd058e614000b56e7,5,weighted,"[100, 80, 65, 55, 50]",1,1.0,1
901,573312fcd058e614000b56e8,5,weighted,"[100, 80, 65, 55, 50]",0,0.0,1
902,573312fcd058e614000b56e9,5,weighted,"[100, 80, 65, 55, 50]",0,0.0,1
903,573312fcd058e614000b56ea,5,weighted,"[100, 80, 65, 55, 50]",0,0.0,1
904,5733140a4776f419006606e0,5,weighted,"[100, 80, 65, 55, 50]",1,1.0,1
905,5733140a4776f419006606e1,5,weighted,"[100, 80, 65, 55, 50]",1,1.0,1
906,5733140a4776f419006606e2,5,weighted,"[100, 80, 65, 55, 50]",0,0.0,1
907,5733140a4776f419006606e3,5,weighted,"[100, 80, 65, 55, 50]",0,0.0,1
908,5733140a4776f419006606e4,5,weighted,"[100, 80, 65, 55, 50]",0,0.0,1
909,573314e3d058e614000b56f0,5,weighted,"[100, 80, 65, 55, 50]",1,1.0,1
910,573314e3d058e614000b56f1,5,weighted,"[100, 80, 65, 55, 50]",0,0.25,0
911,573314e3d058e614000b56f2,5,weighted,"[100, 80, 65, 55, 50]",1,1.0,1
912,573314e3d058e614000b56f3,5,weighted,"[100, 80, 65, 55, 50]",0,0.6666666666666666,1
913,573314e3d058e614000b56f4,5,weighted,"[100, 80, 65, 55, 50]",0,0.0,1
914,57332442d058e614000b5720,5,weighted,"[100, 80, 65, 55, 50]",1,1.0,1
915,57332442d058e614000b5721,5,weighted,"[100, 80, 65, 55, 50]",1,1.0,1
916,57332442d058e614000b5722,5,weighted,"[100, 80, 65, 55, 50]",0,0.14285714285714285,1
917,57332442d058e614000b5723,5,weighted,"[100, 80, 65, 55, 50]",0,0.0,1
918,57332442d058e614000b5724,5,weighted,"[100, 80, 65, 55, 50]",0,0.0,1
919,57332562d058e614000b5730,5,weighted,"[100, 80, 65, 55, 50]",1,1.0,1
920,57332562d058e614000b5731,5,weighted,"[100, 80, 65, 55, 50]",1,1.0,1
921,57332562d058e614000b5732,5,weighted,"[100, 80, 65, 55, 50]",0,0.0,1
922,57332562d058e614000b5733,5,weighted,"[100, 80, 65, 55, 50]",0,0.0,1
923,57332562d058e614000b5734,5,weighted,"[100, 80, 65, 55, 50]",0,0.0,1
924,5733266d4776f41900660712,5,weighted,"[100, 80, 65, 55, 50]",1,1.0,1
925,5733266d4776f41900660713,5,weighted,"[100, 80, 65, 55, 50]",1,1.0,1
926,5733266d4776f41900660714,5,weighted,"[100, 80, 65, 55, 50]",1,1.0,1
927,5733266d4776f41900660715,5,weighted,"[100, 80, 65, 55, 50]",0,0.5555555555555556,1
928,5733266d4776f41900660716,5,weighted,"[100, 80, 65, 55, 50]",0,0.0,1
929,57332a734776f41900660726,5,weighted,"[100, 80, 65, 55, 50]",0,0.6666666666666666,1
930,57332a734776f41900660727,5,weighted,"[100, 80, 65, 55, 50]",1,1.0,1
931,57332a734776f41900660728,5,weighted,"[100, 80, 65, 55, 50]",1,1.0,1
932,57332a734776f41900660729,5,weighted,"[100, 80, 65, 55, 50]",0,0.2857142857142857,1
933,57332a734776f4190066072a,5,weighted,"[100, 80, 65, 55, 50]",1,1.0,1
934,57332b66d058e614000b5758,5,weighted,"[100, 80, 65, 55, 50]",1,1.0,1
935,57332b66d058e614000b5759,5,weighted,"[100, 80, 65, 55, 50]",1,1.0,1
936,57332b66d058e614000b575a,5,weighted,"[100, 80, 65, 55, 50]",1,1.0,1
937,57332b66d058e614000b575b,5,weighted,"[100, 80, 65, 55, 50]",1,1.0,1
938,57332b66d058e614000b575c,5,weighted,"[100, 80, 65, 55, 50]",0,0.5,1
939,57332c1e4776f4190066073a,5,weighted,"[100, 80, 65, 55, 50]",0,0.0,0
940,57332c1e4776f4190066073b,5,weighted,"[100, 80, 65, 55, 50]",0,0.0,1
941,57332c1e4776f4190066073c,5,weighted,"[100, 80, 65, 55, 50]",0,0.6666666666666666,1
942,57332c1e4776f4190066073d,5,weighted,"[100, 80, 65, 55, 50]",0,0.0,1
943,57332c1e4776f4190066073e,5,weighted,"[100, 80, 65, 55, 50]",0,0.0,1
944,57332e48d058e614000b5762,5,weighted,"[100, 80, 65, 55, 50]",1,1.0,1
945,57332e48d058e614000b5763,5,weighted,"[100, 80, 65, 55, 50]",1,1.0,1
946,57332e48d058e614000b5764,5,weighted,"[100, 80, 65, 55, 50]",0,0.3333333333333333,1
947,57332e48d058e614000b5765,5,weighted,"[100, 80, 65, 55, 50]",0,0.0,1
948,57332e48d058e614000b5766,5,weighted,"[100, 80, 65, 55, 50]",0,0.0,1
949,57332f81d058e614000b5776,5,weighted,"[100, 80, 65, 55, 50]",0,0.8571428571428571,1
950,57332f81d058e614000b5777,5,weighted,"[100, 80, 65, 55, 50]",0,0.5,1
951,57332f81d058e614000b5778,5,weighted,"[100, 80, 65, 55, 50]",0,0.0,1
952,57332f81d058e614000b5779,5,weighted,"[100, 80, 65, 55, 50]",1,1.0,1
953,57332f81d058e614000b577a,5,weighted,"[100, 80, 65, 55, 50]",0,0.0,1
954,573330444776f41900660758,5,weighted,"[100, 80, 65, 55, 50]",1,1.0,1
955,573330444776f41900660759,5,weighted,"[100, 80, 65, 55, 50]",1,1.0,1
956,573330444776f4190066075a,5,weighted,"[100, 80, 65, 55, 50]",1,1.0,1
957,573330444776f4190066075b,5,weighted,"[100, 80, 65, 55, 50]",1,1.0,1
958,573330444776f4190066075c,5,weighted,"[100, 80, 65, 55, 50]",0,0.04444444444444444,1
959,5733314e4776f4190066076a,5,weighted,"[100, 80, 65, 55, 50]",1,1.0,1
960,5733314e4776f4190066076b,5,weighted,"[100, 80, 65, 55, 50]",1,1.0,1
961,5733314e4776f4190066076c,5,weighted,"[100, 80, 65, 55, 50]",1,1.0,0
962,5733314e4776f4190066076d,5,weighted,"[100, 80, 65, 55, 50]",0,0.22222222222222224,1
963,5733314e4776f4190066076e,5,weighted,"[100, 80, 65, 55, 50]",0,0.0,1
964,57335c20d058e614000b58f9,5,weighted,"[100, 80, 65, 55, 50]",1,1.0,1
965,57335c20d058e614000b58fa,5,weighted,"[100, 80, 65, 55, 50]",0,0.0,1
966,57335c20d058e614000b58fc,5,weighted,"[100, 80, 65, 55, 50]",0,0.6666666666666666,1
967,57335c20d058e614000b58fb,5,weighted,"[100, 80, 65, 55, 50]",1,1.0,1
968,57335c20d058e614000b58fd,5,weighted,"[100, 80, 65, 55, 50]",0,0.0,1
969,57335ddbd058e614000b592f,5,weighted,"[100, 80, 65, 55, 50]",0,0.5,1
970,57335ddbd058e614000b5930,5,weighted,"[100, 80, 65, 55, 50]",1,1.0,1
971,57335ddbd058e614000b5931,5,weighted,"[100, 80, 65, 55, 50]",0,0.5,1
972,57335ddbd058e614000b5932,5,weighted,"[100, 80, 65, 55, 50]",0,0.0,1
973,57335ddbd058e614000b5933,5,weighted,"[100, 80, 65, 55, 50]",0,0.0,1
974,57335fcad058e614000b5970,5,weighted,"[100, 80, 65, 55, 50]",1,1.0,1
975,57335fcad058e614000b5971,5,weighted,"[100, 80, 65, 55, 50]",1,1.0,1
976,57335fcad058e614000b5972,5,weighted,"[100, 80, 65, 55, 50]",0,0.0,0
977,57335fcad058e614000b5973,5,weighted,"[100, 80, 65, 55, 50]",0,0.0,1
978,57335fcad058e614000b5974,5,weighted,"[100, 80, 65, 55, 50]",0,0.0,1
979,573361404776f4190066093c,5,weighted,"[100, 80, 65, 55, 50]",1,1.0,1
980,573361404776f4190066093d,5,weighted,"[100, 80, 65, 55, 50]",1,1.0,1
981,573361404776f4190066093e,5,weighted,"[100, 80, 65, 55, 50]",0,0.8,1
982,573361404776f4190066093f,5,weighted,"[100, 80, 65, 55, 50]",0,0.0,1
983,573361404776f41900660940,5,weighted,"[100, 80, 65, 55, 50]",0,0.0,1
984,573362b94776f41900660974,5,weighted,"[100, 80, 65, 55, 50]",1,1.0,1
985,573362b94776f41900660975,5,weighted,"[100, 80, 65, 55, 50]",1,1.0,1
986,573362b94776f41900660976,5,weighted,"[100, 80, 65, 55, 50]",1,1.0,1
987,573362b94776f41900660977,5,weighted,"[100, 80, 65, 55, 50]",0,0.0,1
988,573362b94776f41900660978,5,weighted,"[100, 80, 65, 55, 50]",0,0.0,1
989,5733638fd058e614000b59e8,5,weighted,"[100, 80, 65, 55, 50]",1,1.0,1
990,5733638fd058e614000b59e9,5,weighted,"[100, 80, 65, 55, 50]",0,0.32558139534883723,1
991,5733638fd058e614000b59ea,5,weighted,"[100, 80, 65, 55, 50]",0,0.8,1
992,5733638fd058e614000b59eb,5,weighted,"[100, 80, 65, 55, 50]",1,1.0,1
993,5733638fd058e614000b59ec,5,weighted,"[100, 80, 65, 55, 50]",0,0.0,1
994,5733647e4776f419006609ae,5,weighted,"[100, 80, 65, 55, 50]",0,0.0,1
995,5733647e4776f419006609af,5,weighted,"[100, 80, 65, 55, 50]",1,1.0,1
996,5733647e4776f419006609b0,5,weighted,"[100, 80, 65, 55, 50]",1,1.0,1
997,5733647e4776f419006609b1,5,weighted,"[100, 80, 65, 55, 50]",0,0.13333333333333333,1
998,5733647e4776f419006609b2,5,weighted,"[100, 80, 65, 55, 50]",0,0.4,1
999,573368044776f41900660a29,5,weighted,"[100, 80, 65, 55, 50]",1,1.0,1
0,56be4db0acb8001400a502ec,5,top_heavy,"[150, 80, 50, 40, 30]",1,1.0,1
1,56be4db0acb8001400a502ed,5,top_heavy,"[150, 80, 50, 40, 30]",0,0.0,1
2,56be4db0acb8001400a502ee,5,top_heavy,"[150, 80, 50, 40, 30]",0,0.0,1
3,56be4db0acb8001400a502ef,5,top_heavy,"[150, 80, 50, 40, 30]",1,1.0,1
4,56be4db0acb8001400a502f0,5,top_heavy,"[150, 80, 50, 40, 30]",0,0.0,1
5,56be8e613aeaaa14008c90d1,5,top_heavy,"[150, 80, 50, 40, 30]",0,0.0,1
6,56be8e613aeaaa14008c90d2,5,top_heavy,"[150, 80, 50, 40, 30]",1,1.0,1
7,56be8e613aeaaa14008c90d3,5,top_heavy,"[150, 80, 50, 40, 30]",0,0.0,1
8,56bea9923aeaaa14008c91b9,5,top_heavy,"[150, 80, 50, 40, 30]",0,0.0,1
9,56bea9923aeaaa14008c91ba,5,top_heavy,"[150, 80, 50, 40, 30]",0,0.0,0
10,56bea9923aeaaa14008c91bb,5,top_heavy,"[150, 80, 50, 40, 30]",1,1.0,1
11,56beace93aeaaa14008c91df,5,top_heavy,"[150, 80, 50, 40, 30]",0,0.6666666666666666,1
12,56beace93aeaaa14008c91e0,5,top_heavy,"[150, 80, 50, 40, 30]",1,1.0,0
13,56beace93aeaaa14008c91e1,5,top_heavy,"[150, 80, 50, 40, 30]",0,0.0,0
14,56beace93aeaaa14008c91e2,5,top_heavy,"[150, 80, 50, 40, 30]",1,1.0,1
15,56beace93aeaaa14008c91e3,5,top_heavy,"[150, 80, 50, 40, 30]",1,1.0,1
16,56bf10f43aeaaa14008c94fd,5,top_heavy,"[150, 80, 50, 40, 30]",1,1.0,1
17,56bf10f43aeaaa14008c94fe,5,top_heavy,"[150, 80, 50, 40, 30]",0,0.0,0
18,56bf10f43aeaaa14008c94ff,5,top_heavy,"[150, 80, 50, 40, 30]",1,1.0,1
19,56bf10f43aeaaa14008c9500,5,top_heavy,"[150, 80, 50, 40, 30]",0,0.0,1
20,56bf10f43aeaaa14008c9501,5,top_heavy,"[150, 80, 50, 40, 30]",0,0.5,0
21,56d20362e7d4791d009025e8,5,top_heavy,"[150, 80, 50, 40, 30]",1,1.0,1
22,56d20362e7d4791d009025e9,5,top_heavy,"[150, 80, 50, 40, 30]",1,1.0,1
23,56d20362e7d4791d009025ea,5,top_heavy,"[150, 80, 50, 40, 30]",0,0.0,1
24,56d20362e7d4791d009025eb,5,top_heavy,"[150, 80, 50, 40, 30]",0,0.6666666666666666,1
25,56d600e31c85041400946eae,5,top_heavy,"[150, 80, 50, 40, 30]",1,1.0,1
26,56d600e31c85041400946eb0,5,top_heavy,"[150, 80, 50, 40, 30]",0,0.6666666666666666,1
27,56d600e31c85041400946eb1,5,top_heavy,"[150, 80, 50, 40, 30]",0,0.0,1
28,56d9895ddc89441400fdb50e,5,top_heavy,"[150, 80, 50, 40, 30]",0,0.8,1
29,56d9895ddc89441400fdb510,5,top_heavy,"[150, 80, 50, 40, 30]",0,0.0,1
30,56be4e1facb8001400a502f6,5,top_heavy,"[150, 80, 50, 40, 30]",1,1.0,1
31,56be4e1facb8001400a502f9,5,top_heavy,"[150, 80, 50, 40, 30]",1,1.0,1
32,56be4e1facb8001400a502fa,5,top_heavy,"[150, 80, 50, 40, 30]",0,0.0,1
33,56beaa4a3aeaaa14008c91c2,5,top_heavy,"[150, 80, 50, 40, 30]",0,0.0,0
34,56beaa4a3aeaaa14008c91c3,5,top_heavy,"[150, 80, 50, 40, 30]",0,0.0,0
35,56bead5a3aeaaa14008c91e9,5,top_heavy,"[150, 80, 50, 40, 30]",1,1.0,1
36,56bead5a3aeaaa14008c91ea,5,top_heavy,"[150, 80, 50, 40, 30]",1,1.0,1
37,56bead5a3aeaaa14008c91eb,5,top_heavy,"[150, 80, 50, 40, 30]",0,0.0,0
38,56bead5a3aeaaa14008c91ec,5,top_heavy,"[150, 80, 50, 40, 30]",0,0.0,1
39,56bead5a3aeaaa14008c91ed,5,top_heavy,"[150, 80, 50, 40, 30]",1,1.0,1
40,56bf159b3aeaaa14008c9507,5,top_heavy,"[150, 80, 50, 40, 30]",1,1.0,1
41,56bf159b3aeaaa14008c9508,5,top_heavy,"[150, 80, 50, 40, 30]",0,0.0,0
42,56bf159b3aeaaa14008c9509,5,top_heavy,"[150, 80, 50, 40, 30]",0,0.0,1
43,56bf159b3aeaaa14008c950a,5,top_heavy,"[150, 80, 50, 40, 30]",1,1.0,1
44,56bf159b3aeaaa14008c950b,5,top_heavy,"[150, 80, 50, 40, 30]",0,0.0,1
45,56d2045de7d4791d009025f3,5,top_heavy,"[150, 80, 50, 40, 30]",1,1.0,1
46,56d2045de7d4791d009025f4,5,top_heavy,"[150, 80, 50, 40, 30]",1,1.0,1
47,56d2045de7d4791d009025f5,5,top_heavy,"[150, 80, 50, 40, 30]",0,0.0,1
48,56d2045de7d4791d009025f6,5,top_heavy,"[150, 80, 50, 40, 30]",1,1.0,1
49,56d6017d1c85041400946ebe,5,top_heavy,"[150, 80, 50, 40, 30]",1,1.0,1
50,56d6017d1c85041400946ec1,5,top_heavy,"[150, 80, 50, 40, 30]",0,0.0,1
51,56d6017d1c85041400946ec2,5,top_heavy,"[150, 80, 50, 40, 30]",1,1.0,1
52,56d98a59dc89441400fdb52a,5,top_heavy,"[150, 80, 50, 40, 30]",1,1.0,1
53,56d98a59dc89441400fdb52b,5,top_heavy,"[150, 80, 50, 40, 30]",0,0.0,1
54,56d98a59dc89441400fdb52e,5,top_heavy,"[150, 80, 50, 40, 30]",0,0.0,0
55,56be4eafacb8001400a50302,5,top_heavy,"[150, 80, 50, 40, 30]",1,1.0,1
56,56be4eafacb8001400a50303,5,top_heavy,"[150, 80, 50, 40, 30]",0,0.0,1
57,56be4eafacb8001400a50304,5,top_heavy,"[150, 80, 50, 40, 30]",1,1.0,0
58,56beab833aeaaa14008c91d2,5,top_heavy,"[150, 80, 50, 40, 30]",1,1.0,1
59,56beab833aeaaa14008c91d3,5,top_heavy,"[150, 80, 50, 40, 30]",0,0.0,1
60,56beab833aeaaa14008c91d4,5,top_heavy,"[150, 80, 50, 40, 30]",1,1.0,1
61,56beae423aeaaa14008c91f4,5,top_heavy,"[150, 80, 50, 40, 30]",1,1.0,1
62,56beae423aeaaa14008c91f5,5,top_heavy,"[150, 80, 50, 40, 30]",1,1.0,1
63,56beae423aeaaa14008c91f6,5,top_heavy,"[150, 80, 50, 40, 30]",0,0.0,1
64,56beae423aeaaa14008c91f7,5,top_heavy,"[150, 80, 50, 40, 30]",0,0.0,1
65,56bf17653aeaaa14008c9511,5,top_heavy,"[150, 80, 50, 40, 30]",0,0.0,1
66,56bf17653aeaaa14008c9513,5,top_heavy,"[150, 80, 50, 40, 30]",1,1.0,1
67,56bf17653aeaaa14008c9514,5,top_heavy,"[150, 80, 50, 40, 30]",1,1.0,1
68,56bf17653aeaaa14008c9515,5,top_heavy,"[150, 80, 50, 40, 30]",1,1.0,1
69,56d204ade7d4791d00902603,5,top_heavy,"[150, 80, 50, 40, 30]",1,1.0,1
70,56d204ade7d4791d00902604,5,top_heavy,"[150, 80, 50, 40, 30]",1,1.0,1
71,56d601e41c85041400946ece,5,top_heavy,"[150, 80, 50, 40, 30]",1,1.0,1
72,56d601e41c85041400946ecf,5,top_heavy,"[150, 80, 50, 40, 30]",0,0.0,1
73,56d601e41c85041400946ed0,5,top_heavy,"[150, 80, 50, 40, 30]",1,1.0,1
74,56d601e41c85041400946ed1,5,top_heavy,"[150, 80, 50, 40, 30]",0,0.0,0
75,56d601e41c85041400946ed2,5,top_heavy,"[150, 80, 50, 40, 30]",1,1.0,1
76,56d98b33dc89441400fdb53b,5,top_heavy,"[150, 80, 50, 40, 30]",0,0.0,1
77,56d98b33dc89441400fdb53c,5,top_heavy,"[150, 80, 50, 40, 30]",0,0.0,1
78,56d98b33dc89441400fdb53d,5,top_heavy,"[150, 80, 50, 40, 30]",0,0.0,1
79,56d98b33dc89441400fdb53e,5,top_heavy,"[150, 80, 50, 40, 30]",0,0.0,1
80,56be5333acb8001400a5030a,5,top_heavy,"[150, 80, 50, 40, 30]",1,1.0,1
81,56be5333acb8001400a5030b,5,top_heavy,"[150, 80, 50, 40, 30]",1,1.0,1
82,56be5333acb8001400a5030c,5,top_heavy,"[150, 80, 50, 40, 30]",1,1.0,1
83,56be5333acb8001400a5030d,5,top_heavy,"[150, 80, 50, 40, 30]",1,1.0,1
84,56be5333acb8001400a5030e,5,top_heavy,"[150, 80, 50, 40, 30]",1,1.0,1
85,56beaf5e3aeaaa14008c91fd,5,top_heavy,"[150, 80, 50, 40, 30]",1,1.0,1
86,56beaf5e3aeaaa14008c91fe,5,top_heavy,"[150, 80, 50, 40, 30]",1,1.0,1
87,56beaf5e3aeaaa14008c91ff,5,top_heavy,"[150, 80, 50, 40, 30]",1,1.0,1
88,56beaf5e3aeaaa14008c9200,5,top_heavy,"[150, 80, 50, 40, 30]",1,1.0,1
89,56beaf5e3aeaaa14008c9201,5,top_heavy,"[150, 80, 50, 40, 30]",0,0.0,1
90,56bf1ae93aeaaa14008c951b,5,top_heavy,"[150, 80, 50, 40, 30]",1,1.0,1
91,56bf1ae93aeaaa14008c951c,5,top_heavy,"[150, 80, 50, 40, 30]",1,1.0,1
92,56bf1ae93aeaaa14008c951e,5,top_heavy,"[150, 80, 50, 40, 30]",0,0.0,1
93,56bf1ae93aeaaa14008c951f,5,top_heavy,"[150, 80, 50, 40, 30]",0,0.0,1
94,56d2051ce7d4791d00902608,5,top_heavy,"[150, 80, 50, 40, 30]",1,1.0,0
95,56d2051ce7d4791d00902609,5,top_heavy,"[150, 80, 50, 40, 30]",0,0.0,0
96,56d2051ce7d4791d0090260a,5,top_heavy,"[150, 80, 50, 40, 30]",1,1.0,1
97,56d2051ce7d4791d0090260b,5,top_heavy,"[150, 80, 50, 40, 30]",1,1.0,1
98,56d602631c85041400946ed8,5,top_heavy,"[150, 80, 50, 40, 30]",1,1.0,1
99,56d602631c85041400946eda,5,top_heavy,"[150, 80, 50, 40, 30]",0,0.4,1
100,56d602631c85041400946edb,5,top_heavy,"[150, 80, 50, 40, 30]",1,1.0,1
101,56d602631c85041400946edc,5,top_heavy,"[150, 80, 50, 40, 30]",0,0.6666666666666666,1
102,56d98c53dc89441400fdb544,5,top_heavy,"[150, 80, 50, 40, 30]",0,0.0,0
103,56d98c53dc89441400fdb545,5,top_heavy,"[150, 80, 50, 40, 30]",0,0.0,1
104,56d98c53dc89441400fdb546,5,top_heavy,"[150, 80, 50, 40, 30]",1,1.0,1
105,56d98c53dc89441400fdb548,5,top_heavy,"[150, 80, 50, 40, 30]",1,1.0,1
106,56be53b8acb8001400a50314,5,top_heavy,"[150, 80, 50, 40, 30]",1,1.0,1
107,56be53b8acb8001400a50315,5,top_heavy,"[150, 80, 50, 40, 30]",0,0.6666666666666666,1
108,56be53b8acb8001400a50316,5,top_heavy,"[150, 80, 50, 40, 30]",1,1.0,1
109,56beafca3aeaaa14008c9207,5,top_heavy,"[150, 80, 50, 40, 30]",1,1.0,1
110,56beafca3aeaaa14008c9208,5,top_heavy,"[150, 80, 50, 40, 30]",0,0.0,0
111,56bf42f53aeaaa14008c95a3,5,top_heavy,"[150, 80, 50, 40, 30]",1,1.0,1
112,56d2053ae7d4791d00902610,5,top_heavy,"[150, 80, 50, 40, 30]",1,1.0,1
113,56d6edd00d65d21400198250,5,top_heavy,"[150, 80, 50, 40, 30]",1,1.0,1
114,56d6edd00d65d21400198251,5,top_heavy,"[150, 80, 50, 40, 30]",1,1.0,1
115,56d98d0adc89441400fdb54e,5,top_heavy,"[150, 80, 50, 40, 30]",1,1.0,1
116,56d98d0adc89441400fdb54f,5,top_heavy,"[150, 80, 50, 40, 30]",1,1.0,1
117,56be5438acb8001400a5031a,5,top_heavy,"[150, 80, 50, 40, 30]",0,0.0,0
118,56be5438acb8001400a5031b,5,top_heavy,"[150, 80, 50, 40, 30]",0,0.4,0
119,56be5438acb8001400a5031c,5,top_heavy,"[150, 80, 50, 40, 30]",1,1.0,0
120,56beb03c3aeaaa14008c920b,5,top_heavy,"[150, 80, 50, 40, 30]",0,0.0,0
121,56beb03c3aeaaa14008c920d,5,top_heavy,"[150, 80, 50, 40, 30]",0,0.23529411764705882,1
122,56bf3c633aeaaa14008c9580,5,top_heavy,"[150, 80, 50, 40, 30]",1,1.0,0
123,56bf3c633aeaaa14008c9581,5,top_heavy,"[150, 80, 50, 40, 30]",0,0.0,0
124,56bf3c633aeaaa14008c9582,5,top_heavy,"[150, 80, 50, 40, 30]",0,0.4,0
125,56d20564e7d4791d00902612,5,top_heavy,"[150, 80, 50, 40, 30]",0,0.1,0
126,56d6ee6e0d65d21400198254,5,top_heavy,"[150, 80, 50, 40, 30]",0,0.0,0
127,56d6ee6e0d65d21400198255,5,top_heavy,"[150, 80, 50, 40, 30]",1,1.0,1
128,56d6ee6e0d65d21400198256,5,top_heavy,"[150, 80, 50, 40, 30]",1,1.0,1
129,56d6ee6e0d65d21400198257,5,top_heavy,"[150, 80, 50, 40, 30]",0,0.0,0
130,56d6ee6e0d65d21400198258,5,top_heavy,"[150, 80, 50, 40, 30]",1,1.0,1
131,56d98db6dc89441400fdb552,5,top_heavy,"[150, 80, 50, 40, 30]",0,0.4,0
132,56d98db6dc89441400fdb553,5,top_heavy,"[150, 80, 50, 40, 30]",0,0.0,0
133,56d98db6dc89441400fdb554,5,top_heavy,"[150, 80, 50, 40, 30]",1,1.0,0
134,56be54bdacb8001400a50322,5,top_heavy,"[150, 80, 50, 40, 30]",1,1.0,1
135,56be54bdacb8001400a50323,5,top_heavy,"[150, 80, 50, 40, 30]",1,1.0,1
136,56be54bdacb8001400a50324,5,top_heavy,"[150, 80, 50, 40, 30]",1,1.0,1
137,56be54bdacb8001400a50325,5,top_heavy,"[150, 80, 50, 40, 30]",1,1.0,1
138,56be54bdacb8001400a50326,5,top_heavy,"[150, 80, 50, 40, 30]",0,0.0,1
139,56beb0f43aeaaa14008c921b,5,top_heavy,"[150, 80, 50, 40, 30]",1,1.0,1
140,56beb0f43aeaaa14008c921c,5,top_heavy,"[150, 80, 50, 40, 30]",1,1.0,1
141,56beb0f43aeaaa14008c921d,5,top_heavy,"[150, 80, 50, 40, 30]",0,0.4,1
142,56beb0f43aeaaa14008c921e,5,top_heavy,"[150, 80, 50, 40, 30]",1,1.0,1
143,56beb0f43aeaaa14008c921f,5,top_heavy,"[150, 80, 50, 40, 30]",0,0.0,1
144,56bf21b43aeaaa14008c9525,5,top_heavy,"[150, 80, 50, 40, 30]",1,1.0,1
145,56bf21b43aeaaa14008c9526,5,top_heavy,"[150, 80, 50, 40, 30]",1,1.0,1
146,56bf21b43aeaaa14008c9528,5,top_heavy,"[150, 80, 50, 40, 30]",0,0.0,1
147,56bf21b43aeaaa14008c9529,5,top_heavy,"[150, 80, 50, 40, 30]",0,0.0,1
148,56d6ef6a0d65d21400198260,5,top_heavy,"[150, 80, 50, 40, 30]",0,0.0,1
149,56d6ef6a0d65d21400198262,5,top_heavy,"[150, 80, 50, 40, 30]",0,0.0,1
150,56d98f0ddc89441400fdb558,5,top_heavy,"[150, 80, 50, 40, 30]",1,1.0,1
151,56d98f0ddc89441400fdb559,5,top_heavy,"[150, 80, 50, 40, 30]",1,1.0,1
152,56d98f0ddc89441400fdb55a,5,top_heavy,"[150, 80, 50, 40, 30]",0,0.0,1
153,56d98f0ddc89441400fdb55b,5,top_heavy,"[150, 80, 50, 40, 30]",1,1.0,1
154,56d98f0ddc89441400fdb55c,5,top_heavy,"[150, 80, 50, 40, 30]",1,1.0,1
155,56be5523acb8001400a5032c,5,top_heavy,"[150, 80, 50, 40, 30]",1,1.0,1
156,56be5523acb8001400a5032d,5,top_heavy,"[150, 80, 50, 40, 30]",0,0.0,0
157,56be5523acb8001400a5032e,5,top_heavy,"[150, 80, 50, 40, 30]",1,1.0,1
158,56be5523acb8001400a5032f,5,top_heavy,"[150, 80, 50, 40, 30]",1,1.0,1
159,56be5523acb8001400a50330,5,top_heavy,"[150, 80, 50, 40, 30]",0,0.3333333333333333,1
160,56beb2153aeaaa14008c9225,5,top_heavy,"[150, 80, 50, 40, 30]",1,1.0,1
161,56beb2153aeaaa14008c9226,5,top_heavy,"[150, 80, 50, 40, 30]",1,1.0,1
162,56beb2153aeaaa14008c9227,5,top_heavy,"[150, 80, 50, 40, 30]",1,1.0,1
163,56beb2153aeaaa14008c9228,5,top_heavy,"[150, 80, 50, 40, 30]",0,0.6666666666666666,1
164,56beb2153aeaaa14008c9229,5,top_heavy,"[150, 80, 50, 40, 30]",1,1.0,1
165,56bf23363aeaaa14008c952f,5,top_heavy,"[150, 80, 50, 40, 30]",0,0.0,1
166,56bf23363aeaaa14008c9530,5,top_heavy,"[150, 80, 50, 40, 30]",1,1.0,1
167,56bf23363aeaaa14008c9531,5,top_heavy,"[150, 80, 50, 40, 30]",1,1.0,1
168,56bf23363aeaaa14008c9532,5,top_heavy,"[150, 80, 50, 40, 30]",1,1.0,1
169,56bf23363aeaaa14008c9533,5,top_heavy,"[150, 80, 50, 40, 30]",1,1.0,1
170,56d6f0770d65d21400198268,5,top_heavy,"[150, 80, 50, 40, 30]",1,1.0,1
171,56d6f0770d65d21400198269,5,top_heavy,"[150, 80, 50, 40, 30]",1,1.0,1
172,56d6f0770d65d2140019826a,5,top_heavy,"[150, 80, 50, 40, 30]",1,1.0,1
173,56d6f0770d65d2140019826c,5,top_heavy,"[150, 80, 50, 40, 30]",0,0.0,1
174,56d98fbfdc89441400fdb562,5,top_heavy,"[150, 80, 50, 40, 30]",0,0.0,1
175,56d98fbfdc89441400fdb563,5,top_heavy,"[150, 80, 50, 40, 30]",1,1.0,1
176,56d98fbfdc89441400fdb564,5,top_heavy,"[150, 80, 50, 40, 30]",1,1.0,1
177,56d98fbfdc89441400fdb565,5,top_heavy,"[150, 80, 50, 40, 30]",0,0.0,1
178,56be572b3aeaaa14008c9052,5,top_heavy,"[150, 80, 50, 40, 30]",1,1.0,1
179,56beb2a03aeaaa14008c922f,5,top_heavy,"[150, 80, 50, 40, 30]",0,0.0,1
180,56beb2a03aeaaa14008c9230,5,top_heavy,"[150, 80, 50, 40, 30]",0,0.0,1
181,56beb2a03aeaaa14008c9231,5,top_heavy,"[150, 80, 50, 40, 30]",0,0.0,1
182,56beb2a03aeaaa14008c9232,5,top_heavy,"[150, 80, 50, 40, 30]",0,0.6666666666666666,1
183,56beb2a03aeaaa14008c9233,5,top_heavy,"[150, 80, 50, 40, 30]",1,1.0,1
184,56bf28c73aeaaa14008c9539,5,top_heavy,"[150, 80, 50, 40, 30]",0,0.0,1
185,56bf28c73aeaaa14008c953a,5,top_heavy,"[150, 80, 50, 40, 30]",0,0.0,1
186,56bf28c73aeaaa14008c953c,5,top_heavy,"[150, 80, 50, 40, 30]",0,0.6666666666666666,1
187,56bf28c73aeaaa14008c953d,5,top_heavy,"[150, 80, 50, 40, 30]",0,0.0,1
188,56d6f1190d65d21400198272,5,top_heavy,"[150, 80, 50, 40, 30]",0,0.8,1
189,56d6f1190d65d21400198273,5,top_heavy,"[150, 80, 50, 40, 30]",0,0.0,0
190,56d6f1190d65d21400198274,5,top_heavy,"[150, 80, 50, 40, 30]",0,0.6666666666666666,1
191,56d6f1190d65d21400198275,5,top_heavy,"[150, 80, 50, 40, 30]",0,0.6666666666666666,1
192,56d6f1190d65d21400198276,5,top_heavy,"[150, 80, 50, 40, 30]",0,0.0,1
193,56d99179dc89441400fdb56c,5,top_heavy,"[150, 80, 50, 40, 30]",1,1.0,1
194,56d99179dc89441400fdb56d,5,top_heavy,"[150, 80, 50, 40, 30]",0,0.0,1
195,56d99179dc89441400fdb570,5,top_heavy,"[150, 80, 50, 40, 30]",1,1.0,1
196,56be59683aeaaa14008c9058,5,top_heavy,"[150, 80, 50, 40, 30]",1,1.0,1
197,56be59683aeaaa14008c9059,5,top_heavy,"[150, 80, 50, 40, 30]",1,1.0,1
198,56be59683aeaaa14008c905a,5,top_heavy,"[150, 80, 50, 40, 30]",0,0.0,1
199,56beb3083aeaaa14008c923d,5,top_heavy,"[150, 80, 50, 40, 30]",1,1.0,1
200,56beb3083aeaaa14008c923e,5,top_heavy,"[150, 80, 50, 40, 30]",1,1.0,1
201,56beb3083aeaaa14008c923f,5,top_heavy,"[150, 80, 50, 40, 30]",0,0.0,1
202,56beb3083aeaaa14008c9240,5,top_heavy,"[150, 80, 50, 40, 30]",0,0.0,1
203,56beb3083aeaaa14008c9241,5,top_heavy,"[150, 80, 50, 40, 30]",1,1.0,1
204,56bf2afe3aeaaa14008c9543,5,top_heavy,"[150, 80, 50, 40, 30]",1,1.0,1
205,56bf2afe3aeaaa14008c9544,5,top_heavy,"[150, 80, 50, 40, 30]",1,1.0,1
206,56bf2afe3aeaaa14008c9545,5,top_heavy,"[150, 80, 50, 40, 30]",1,1.0,1
207,56bf2afe3aeaaa14008c9547,5,top_heavy,"[150, 80, 50, 40, 30]",0,0.6666666666666666,1
208,56d6f2000d65d2140019827c,5,top_heavy,"[150, 80, 50, 40, 30]",1,1.0,1
209,56d6f2000d65d2140019827d,5,top_heavy,"[150, 80, 50, 40, 30]",1,1.0,1
210,56d6f2000d65d2140019827e,5,top_heavy,"[150, 80, 50, 40, 30]",1,1.0,1
211,56d6f2000d65d2140019827f,5,top_heavy,"[150, 80, 50, 40, 30]",0,0.0,1
212,56d9943fdc89441400fdb576,5,top_heavy,"[150, 80, 50, 40, 30]",1,1.0,1
213,56d9943fdc89441400fdb577,5,top_heavy,"[150, 80, 50, 40, 30]",1,1.0,1
214,56d9943fdc89441400fdb578,5,top_heavy,"[150, 80, 50, 40, 30]",1,1.0,1
215,56d9943fdc89441400fdb57a,5,top_heavy,"[150, 80, 50, 40, 30]",0,0.0,1
216,56beb3a03aeaaa14008c9247,5,top_heavy,"[150, 80, 50, 40, 30]",0,0.0,1
217,56beb3a03aeaaa14008c9248,5,top_heavy,"[150, 80, 50, 40, 30]",0,0.0,1
218,56beb3a03aeaaa14008c9249,5,top_heavy,"[150, 80, 50, 40, 30]",1,1.0,1
219,56beb3a03aeaaa14008c924a,5,top_heavy,"[150, 80, 50, 40, 30]",0,0.0,1
220,56beb3a03aeaaa14008c924b,5,top_heavy,"[150, 80, 50, 40, 30]",0,0.0,1
221,56bf6b303aeaaa14008c960b,5,top_heavy,"[150, 80, 50, 40, 30]",1,1.0,1
222,56bf6b303aeaaa14008c960c,5,top_heavy,"[150, 80, 50, 40, 30]",0,0.0,1
223,56bf6b303aeaaa14008c960d,5,top_heavy,"[150, 80, 50, 40, 30]",0,0.0,1
224,56bf6b303aeaaa14008c960e,5,top_heavy,"[150, 80, 50, 40, 30]",0,0.0,1
225,56bf6b303aeaaa14008c960f,5,top_heavy,"[150, 80, 50, 40, 30]",0,0.0,0
226,56d6f2960d65d21400198286,5,top_heavy,"[150, 80, 50, 40, 30]",0,0.0,1
227,56d6f2960d65d21400198287,5,top_heavy,"[150, 80, 50, 40, 30]",1,1.0,1
228,56d6f2960d65d21400198288,5,top_heavy,"[150, 80, 50, 40, 30]",1,1.0,1
229,56d6f2960d65d21400198289,5,top_heavy,"[150, 80, 50, 40, 30]",0,0.0,1
230,56d6f2960d65d2140019828a,5,top_heavy,"[150, 80, 50, 40, 30]",0,0.0,1
231,56d997cddc89441400fdb586,5,top_heavy,"[150, 80, 50, 40, 30]",0,0.0,1
232,56d997cddc89441400fdb587,5,top_heavy,"[150, 80, 50, 40, 30]",0,0.0,1
233,56d997cddc89441400fdb588,5,top_heavy,"[150, 80, 50, 40, 30]",0,0.0,1
234,56d997cddc89441400fdb589,5,top_heavy,"[150, 80, 50, 40, 30]",1,1.0,1
235,56d997cddc89441400fdb58a,5,top_heavy,"[150, 80, 50, 40, 30]",0,0.0,1
236,56beb4343aeaaa14008c925b,5,top_heavy,"[150, 80, 50, 40, 30]",1,1.0,1
237,56beb4343aeaaa14008c925c,5,top_heavy,"[150, 80, 50, 40, 30]",1,1.0,1
238,56beb4343aeaaa14008c925d,5,top_heavy,"[150, 80, 50, 40, 30]",0,0.0,1
239,56beb4343aeaaa14008c925e,5,top_heavy,"[150, 80, 50, 40, 30]",0,0.0,0
240,56beb4343aeaaa14008c925f,5,top_heavy,"[150, 80, 50, 40, 30]",1,1.0,1
241,56d6f3500d65d21400198290,5,top_heavy,"[150, 80, 50, 40, 30]",1,1.0,1
242,56d6f3500d65d21400198291,5,top_heavy,"[150, 80, 50, 40, 30]",1,1.0,1
243,56d6f3500d65d21400198292,5,top_heavy,"[150, 80, 50, 40, 30]",0,0.0,1
244,56d6f3500d65d21400198293,5,top_heavy,"[150, 80, 50, 40, 30]",0,0.0,1
245,56d6f3500d65d21400198294,5,top_heavy,"[150, 80, 50, 40, 30]",0,0.0,1
246,56d9992fdc89441400fdb59c,5,top_heavy,"[150, 80, 50, 40, 30]",1,1.0,1
247,56d9992fdc89441400fdb59e,5,top_heavy,"[150, 80, 50, 40, 30]",1,1.0,1
248,56d9992fdc89441400fdb59f,5,top_heavy,"[150, 80, 50, 40, 30]",0,0.6666666666666666,1
249,56d9992fdc89441400fdb5a0,5,top_heavy,"[150, 80, 50, 40, 30]",0,0.0,1
250,56beb4e43aeaaa14008c9265,5,top_heavy,"[150, 80, 50, 40, 30]",0,0.0,1
251,56beb4e43aeaaa14008c9266,5,top_heavy,"[150, 80, 50, 40, 30]",0,0.0,1
252,56beb4e43aeaaa14008c9267,5,top_heavy,"[150, 80, 50, 40, 30]",0,0.0,1
253,56beb4e43aeaaa14008c9268,5,top_heavy,"[150, 80, 50, 40, 30]",0,0.0,1
254,56beb4e43aeaaa14008c9269,5,top_heavy,"[150, 80, 50, 40, 30]",0,0.0,1
255,56bf301c3aeaaa14008c954d,5,top_heavy,"[150, 80, 50, 40, 30]",0,0.0,1
256,56bf301c3aeaaa14008c954e,5,top_heavy,"[150, 80, 50, 40, 30]",1,1.0,1
257,56bf301c3aeaaa14008c954f,5,top_heavy,"[150, 80, 50, 40, 30]",0,0.0,1
258,56bf301c3aeaaa14008c9550,5,top_heavy,"[150, 80, 50, 40, 30]",1,1.0,1
259,56bf301c3aeaaa14008c9551,5,top_heavy,"[150, 80, 50, 40, 30]",0,0.13333333333333333,1
260,56d6f4030d65d2140019829a,5,top_heavy,"[150, 80, 50, 40, 30]",1,1.0,1
261,56d6f4030d65d2140019829b,5,top_heavy,"[150, 80, 50, 40, 30]",0,0.0,1
262,56d6f4030d65d2140019829c,5,top_heavy,"[150, 80, 50, 40, 30]",0,0.0,1
263,56d6f4030d65d2140019829d,5,top_heavy,"[150, 80, 50, 40, 30]",0,0.0,1
264,56d6f4030d65d2140019829e,5,top_heavy,"[150, 80, 50, 40, 30]",0,0.0,1
265,56d99b7bdc89441400fdb5c8,5,top_heavy,"[150, 80, 50, 40, 30]",1,1.0,0
266,56d99b7bdc89441400fdb5c9,5,top_heavy,"[150, 80, 50, 40, 30]",0,0.0,0
267,56d99b7bdc89441400fdb5ca,5,top_heavy,"[150, 80, 50, 40, 30]",0,0.0,0
268,56d99b7bdc89441400fdb5cb,5,top_heavy,"[150, 80, 50, 40, 30]",0,0.0,1
269,56d99b7bdc89441400fdb5cc,5,top_heavy,"[150, 80, 50, 40, 30]",0,0.0,1
270,56beb57b3aeaaa14008c9279,5,top_heavy,"[150, 80, 50, 40, 30]",1,1.0,1
271,56beb57b3aeaaa14008c927a,5,top_heavy,"[150, 80, 50, 40, 30]",0,0.0,0
272,56beb57b3aeaaa14008c927b,5,top_heavy,"[150, 80, 50, 40, 30]",0,0.0,1
273,56beb57b3aeaaa14008c927c,5,top_heavy,"[150, 80, 50, 40, 30]",0,0.0,0
274,56beb57b3aeaaa14008c927d,5,top_heavy,"[150, 80, 50, 40, 30]",0,0.0,1
275,56bf38383aeaaa14008c956b,5,top_heavy,"[150, 80, 50, 40, 30]",1,1.0,1
276,56bf38383aeaaa14008c956c,5,top_heavy,"[150, 80, 50, 40, 30]",0,0.0,1
277,56bf38383aeaaa14008c956d,5,top_heavy,"[150, 80, 50, 40, 30]",1,1.0,1
278,56bf38383aeaaa14008c956e,5,top_heavy,"[150, 80, 50, 40, 30]",0,0.0,1
279,56bf38383aeaaa14008c956f,5,top_heavy,"[150, 80, 50, 40, 30]",0,0.6666666666666666,1
280,56d6fe0b0d65d214001982a4,5,top_heavy,"[150, 80, 50, 40, 30]",1,1.0,1
281,56d6fe0b0d65d214001982a5,5,top_heavy,"[150, 80, 50, 40, 30]",0,0.0,0
282,56d6fe0b0d65d214001982a6,5,top_heavy,"[150, 80, 50, 40, 30]",1,1.0,1
283,56d6fe0b0d65d214001982a7,5,top_heavy,"[150, 80, 50, 40, 30]",0,0.0,1
284,56d99c44dc89441400fdb5d6,5,top_heavy,"[150, 80, 50, 40, 30]",1,1.0,1
285,56d99c44dc89441400fdb5d7,5,top_heavy,"[150, 80, 50, 40, 30]",1,1.0,1
286,56d99c44dc89441400fdb5d8,5,top_heavy,"[150, 80, 50, 40, 30]",0,0.0,0
287,56d99c44dc89441400fdb5d9,5,top_heavy,"[150, 80, 50, 40, 30]",1,1.0,0
288,56d99c44dc89441400fdb5da,5,top_heavy,"[150, 80, 50, 40, 30]",0,0.0,1
289,56beb6533aeaaa14008c928d,5,top_heavy,"[150, 80, 50, 40, 30]",0,0.0,1
290,56beb6533aeaaa14008c928e,5,top_heavy,"[150, 80, 50, 40, 30]",0,0.0,1
291,56beb6533aeaaa14008c9290,5,top_heavy,"[150, 80, 50, 40, 30]",1,1.0,1
292,56beb6533aeaaa14008c9291,5,top_heavy,"[150, 80, 50, 40, 30]",0,0.0,1
293,56bf3e803aeaaa14008c9588,5,top_heavy,"[150, 80, 50, 40, 30]",1,1.0,1
294,56bf3e803aeaaa14008c9589,5,top_heavy,"[150, 80, 50, 40, 30]",1,1.0,1
295,56bf3e803aeaaa14008c958b,5,top_heavy,"[150, 80, 50, 40, 30]",0,0.5,1
296,56d6fea90d65d214001982ae,5,top_heavy,"[150, 80, 50, 40, 30]",0,0.0,1
297,56d6fea90d65d214001982af,5,top_heavy,"[150, 80, 50, 40, 30]",1,1.0,1
298,56d6fea90d65d214001982b0,5,top_heavy,"[150, 80, 50, 40, 30]",1,1.0,1
299,56d6fea90d65d214001982b2,5,top_heavy,"[150, 80, 50, 40, 30]",0,0.0,1
300,56d99da8dc89441400fdb5fd,5,top_heavy,"[150, 80, 50, 40, 30]",0,0.0,1
301,56d99da8dc89441400fdb5ff,5,top_heavy,"[150, 80, 50, 40, 30]",0,0.0,0
302,56d99da8dc89441400fdb600,5,top_heavy,"[150, 80, 50, 40, 30]",1,1.0,1
303,56beb6f23aeaaa14008c92a1,5,top_heavy,"[150, 80, 50, 40, 30]",1,1.0,1
304,56beb6f23aeaaa14008c92a2,5,top_heavy,"[150, 80, 50, 40, 30]",1,1.0,1
305,56beb6f23aeaaa14008c92a3,5,top_heavy,"[150, 80, 50, 40, 30]",1,1.0,1
306,56beb6f23aeaaa14008c92a4,5,top_heavy,"[150, 80, 50, 40, 30]",0,0.0,1
307,56beb6f23aeaaa14008c92a5,5,top_heavy,"[150, 80, 50, 40, 30]",0,0.0,1
308,56bf34293aeaaa14008c9559,5,top_heavy,"[150, 80, 50, 40, 30]",0,0.0,1
309,56bf34293aeaaa14008c955a,5,top_heavy,"[150, 80, 50, 40, 30]",0,0.0,1
310,56bf34293aeaaa14008c955b,5,top_heavy,"[150, 80, 50, 40, 30]",0,0.0,1
311,56d701280d65d214001982b8,5,top_heavy,"[150, 80, 50, 40, 30]",1,1.0,1
312,56d701280d65d214001982ba,5,top_heavy,"[150, 80, 50, 40, 30]",0,0.0,0
313,56d701280d65d214001982bc,5,top_heavy,"[150, 80, 50, 40, 30]",0,0.0,1
314,56d99e78dc89441400fdb616,5,top_heavy,"[150, 80, 50, 40, 30]",1,1.0,1
315,56d99e78dc89441400fdb618,5,top_heavy,"[150, 80, 50, 40, 30]",1,1.0,1
316,56d99e78dc89441400fdb619,5,top_heavy,"[150, 80, 50, 40, 30]",1,1.0,1
317,56d99e78dc89441400fdb61a,5,top_heavy,"[150, 80, 50, 40, 30]",0,0.0,1
318,56beb7953aeaaa14008c92ab,5,top_heavy,"[150, 80, 50, 40, 30]",1,1.0,1
319,56beb7953aeaaa14008c92ac,5,top_heavy,"[150, 80, 50, 40, 30]",1,1.0,1
320,56beb7953aeaaa14008c92ad,5,top_heavy,"[150, 80, 50, 40, 30]",1,1.0,1
321,56beb7953aeaaa14008c92ae,5,top_heavy,"[150, 80, 50, 40, 30]",0,0.0,1
322,56beb7953aeaaa14008c92af,5,top_heavy,"[150, 80, 50, 40, 30]",1,1.0,1
323,56bf36b93aeaaa14008c9561,5,top_heavy,"[150, 80, 50, 40, 30]",0,0.0,1
324,56bf36b93aeaaa14008c9562,5,top_heavy,"[150, 80, 50, 40, 30]",1,1.0,1
325,56bf36b93aeaaa14008c9563,5,top_heavy,"[150, 80, 50, 40, 30]",1,1.0,1
326,56bf36b93aeaaa14008c9564,5,top_heavy,"[150, 80, 50, 40, 30]",1,1.0,1
327,56bf36b93aeaaa14008c9565,5,top_heavy,"[150, 80, 50, 40, 30]",1,1.0,1
328,56d7018a0d65d214001982c2,5,top_heavy,"[150, 80, 50, 40, 30]",1,1.0,1
329,56d7018a0d65d214001982c3,5,top_heavy,"[150, 80, 50, 40, 30]",1,1.0,1
330,56d7018a0d65d214001982c5,5,top_heavy,"[150, 80, 50, 40, 30]",0,0.0,1
331,56d99f99dc89441400fdb628,5,top_heavy,"[150, 80, 50, 40, 30]",1,1.0,1
332,56d99f99dc89441400fdb629,5,top_heavy,"[150, 80, 50, 40, 30]",1,1.0,1
333,56d99f99dc89441400fdb62c,5,top_heavy,"[150, 80, 50, 40, 30]",1,1.0,1
334,56beb7fd3aeaaa14008c92b5,5,top_heavy,"[150, 80, 50, 40, 30]",1,1.0,1
335,56beb7fd3aeaaa14008c92b6,5,top_heavy,"[150, 80, 50, 40, 30]",1,1.0,1
336,56beb7fd3aeaaa14008c92b7,5,top_heavy,"[150, 80, 50, 40, 30]",0,0.0,1
337,56beb7fd3aeaaa14008c92b8,5,top_heavy,"[150, 80, 50, 40, 30]",0,0.0,1
338,56bf3a223aeaaa14008c9575,5,top_heavy,"[150, 80, 50, 40, 30]",0,0.0,1
339,56bf3a223aeaaa14008c9576,5,top_heavy,"[150, 80, 50, 40, 30]",1,1.0,1
340,56bf3a223aeaaa14008c9577,5,top_heavy,"[150, 80, 50, 40, 30]",0,0.0,1
341,56bf3a223aeaaa14008c9579,5,top_heavy,"[150, 80, 50, 40, 30]",1,1.0,1
342,56d703d10d65d214001982d6,5,top_heavy,"[150, 80, 50, 40, 30]",0,0.0,1
343,56d703d10d65d214001982d7,5,top_heavy,"[150, 80, 50, 40, 30]",1,1.0,1
344,56d703d10d65d214001982d8,5,top_heavy,"[150, 80, 50, 40, 30]",0,0.0,1
345,56d9a026dc89441400fdb632,5,top_heavy,"[150, 80, 50, 40, 30]",1,1.0,1
346,56beb86b3aeaaa14008c92bd,5,top_heavy,"[150, 80, 50, 40, 30]",1,1.0,1
347,56beb86b3aeaaa14008c92be,5,top_heavy,"[150, 80, 50, 40, 30]",1,1.0,1
348,56beb86b3aeaaa14008c92bf,5,top_heavy,"[150, 80, 50, 40, 30]",1,1.0,1
349,56beb86b3aeaaa14008c92c0,5,top_heavy,"[150, 80, 50, 40, 30]",1,1.0,1
350,56beb86b3aeaaa14008c92c1,5,top_heavy,"[150, 80, 50, 40, 30]",0,0.0,1
351,56bf3fd53aeaaa14008c9591,5,top_heavy,"[150, 80, 50, 40, 30]",1,1.0,1
352,56bf3fd53aeaaa14008c9592,5,top_heavy,"[150, 80, 50, 40, 30]",1,1.0,1
353,56bf3fd53aeaaa14008c9593,5,top_heavy,"[150, 80, 50, 40, 30]",1,1.0,1
354,56bf3fd53aeaaa14008c9594,5,top_heavy,"[150, 80, 50, 40, 30]",0,0.0,1
355,56bf3fd53aeaaa14008c9595,5,top_heavy,"[150, 80, 50, 40, 30]",0,0.0,1
356,56d704430d65d214001982de,5,top_heavy,"[150, 80, 50, 40, 30]",0,0.0,1
357,56d704430d65d214001982e0,5,top_heavy,"[150, 80, 50, 40, 30]",1,1.0,1
358,56d704430d65d214001982e1,5,top_heavy,"[150, 80, 50, 40, 30]",0,0.0,1
359,56d704430d65d214001982e2,5,top_heavy,"[150, 80, 50, 40, 30]",1,1.0,1
360,56d9a0eadc89441400fdb63e,5,top_heavy,"[150, 80, 50, 40, 30]",1,1.0,1
361,56d9a0eadc89441400fdb63f,5,top_heavy,"[150, 80, 50, 40, 30]",1,1.0,1
362,56d9a0eadc89441400fdb640,5,top_heavy,"[150, 80, 50, 40, 30]",1,1.0,1
363,56beb90c3aeaaa14008c92c7,5,top_heavy,"[150, 80, 50, 40, 30]",1,1.0,1
364,56beb90c3aeaaa14008c92c8,5,top_heavy,"[150, 80, 50, 40, 30]",1,1.0,1
365,56beb90c3aeaaa14008c92c9,5,top_heavy,"[150, 80, 50, 40, 30]",0,0.0,1
366,56beb90c3aeaaa14008c92ca,5,top_heavy,"[150, 80, 50, 40, 30]",0,0.0,1
367,56beb90c3aeaaa14008c92cb,5,top_heavy,"[150, 80, 50, 40, 30]",0,0.0,1
368,56bf41013aeaaa14008c959b,5,top_heavy,"[150, 80, 50, 40, 30]",1,1.0,1
369,56bf41013aeaaa14008c959c,5,top_heavy,"[150, 80, 50, 40, 30]",1,1.0,1
370,56bf41013aeaaa14008c959d,5,top_heavy,"[150, 80, 50, 40, 30]",0,0.0,1
371,56bf41013aeaaa14008c959e,5,top_heavy,"[150, 80, 50, 40, 30]",0,0.0,1
372,56d7096b0d65d214001982fc,5,top_heavy,"[150, 80, 50, 40, 30]",0,0.5,1
373,56d7096b0d65d214001982fd,5,top_heavy,"[150, 80, 50, 40, 30]",0,0.0,1
374,56d7096b0d65d214001982fe,5,top_heavy,"[150, 80, 50, 40, 30]",0,0.0,1
375,56d9a199dc89441400fdb647,5,top_heavy,"[150, 80, 50, 40, 30]",1,1.0,1
376,56d9a199dc89441400fdb648,5,top_heavy,"[150, 80, 50, 40, 30]",0,0.0,1
377,56d9a199dc89441400fdb649,5,top_heavy,"[150, 80, 50, 40, 30]",0,0.0,1
378,56beb97c3aeaaa14008c92db,5,top_heavy,"[150, 80, 50, 40, 30]",1,1.0,1
379,56beb97c3aeaaa14008c92dc,5,top_heavy,"[150, 80, 50, 40, 30]",1,1.0,1
380,56beb97c3aeaaa14008c92dd,5,top_heavy,"[150, 80, 50, 40, 30]",1,1.0,1
381,56beb97c3aeaaa14008c92de,5,top_heavy,"[150, 80, 50, 40, 30]",1,1.0,1
382,56beb97c3aeaaa14008c92df,5,top_heavy,"[150, 80, 50, 40, 30]",0,0.6666666666666666,1
383,56bf6c3e3aeaaa14008c9615,5,top_heavy,"[150, 80, 50, 40, 30]",1,1.0,1
384,56bf6c3e3aeaaa14008c9617,5,top_heavy,"[150, 80, 50, 40, 30]",0,0.0,1
385,56d709ef0d65d21400198306,5,top_heavy,"[150, 80, 50, 40, 30]",0,0.0,0
386,56d709ef0d65d21400198307,5,top_heavy,"[150, 80, 50, 40, 30]",1,1.0,1
387,56beba103aeaaa14008c92e5,5,top_heavy,"[150, 80, 50, 40, 30]",0,0.5714285714285715,1
388,56beba103aeaaa14008c92e6,5,top_heavy,"[150, 80, 50, 40, 30]",1,1.0,1
389,56beba103aeaaa14008c92e7,5,top_heavy,"[150, 80, 50, 40, 30]",0,0.0,1
390,56beba103aeaaa14008c92e8,5,top_heavy,"[150, 80, 50, 40, 30]",1,1.0,1
391,56beba103aeaaa14008c92e9,5,top_heavy,"[150, 80, 50, 40, 30]",1,1.0,1
392,56bf467d3aeaaa14008c95a5,5,top_heavy,"[150, 80, 50, 40, 30]",1,1.0,1
393,56bf467d3aeaaa14008c95a6,5,top_heavy,"[150, 80, 50, 40, 30]",1,1.0,1
394,56bf467d3aeaaa14008c95a7,5,top_heavy,"[150, 80, 50, 40, 30]",0,0.0,1
395,56d70adc0d65d21400198311,5,top_heavy,"[150, 80, 50, 40, 30]",1,1.0,1
396,56d70adc0d65d21400198312,5,top_heavy,"[150, 80, 50, 40, 30]",0,0.4615384615384615,1
397,56d70adc0d65d21400198313,5,top_heavy,"[150, 80, 50, 40, 30]",0,0.15384615384615383,1
398,56d70adc0d65d21400198314,5,top_heavy,"[150, 80, 50, 40, 30]",0,0.0,1
399,56d9a419dc89441400fdb678,5,top_heavy,"[150, 80, 50, 40, 30]",1,1.0,1
400,56d9a419dc89441400fdb679,5,top_heavy,"[150, 80, 50, 40, 30]",0,0.8,1
401,56bebad93aeaaa14008c92f9,5,top_heavy,"[150, 80, 50, 40, 30]",1,1.0,1
402,56bebad93aeaaa14008c92fa,5,top_heavy,"[150, 80, 50, 40, 30]",0,0.0,1
403,56bebad93aeaaa14008c92fb,5,top_heavy,"[150, 80, 50, 40, 30]",0,0.0,1
404,56bebad93aeaaa14008c92fc,5,top_heavy,"[150, 80, 50, 40, 30]",0,0.6666666666666666,1
405,56bebad93aeaaa14008c92fd,5,top_heavy,"[150, 80, 50, 40, 30]",0,0.6666666666666666,1
406,56bf48cc3aeaaa14008c95ab,5,top_heavy,"[150, 80, 50, 40, 30]",1,1.0,1
407,56bf48cc3aeaaa14008c95ac,5,top_heavy,"[150, 80, 50, 40, 30]",0,0.0,1
408,56bf48cc3aeaaa14008c95ae,5,top_heavy,"[150, 80, 50, 40, 30]",0,0.0,1
409,56bf48cc3aeaaa14008c95af,5,top_heavy,"[150, 80, 50, 40, 30]",1,1.0,1
410,56d70ccc0d65d2140019831d,5,top_heavy,"[150, 80, 50, 40, 30]",1,1.0,1
411,56d70ccc0d65d2140019831f,5,top_heavy,"[150, 80, 50, 40, 30]",0,0.0,1
412,56d9a637dc89441400fdb697,5,top_heavy,"[150, 80, 50, 40, 30]",1,1.0,1
413,56d9a637dc89441400fdb698,5,top_heavy,"[150, 80, 50, 40, 30]",0,0.6666666666666666,1
414,56d9a637dc89441400fdb699,5,top_heavy,"[150, 80, 50, 40, 30]",0,0.0,1
415,56d9a637dc89441400fdb69a,5,top_heavy,"[150, 80, 50, 40, 30]",0,0.28571428571428575,1
416,56bebb293aeaaa14008c9303,5,top_heavy,"[150, 80, 50, 40, 30]",0,0.0,1
417,56bebb293aeaaa14008c9304,5,top_heavy,"[150, 80, 50, 40, 30]",1,1.0,1
418,56bebb293aeaaa14008c9305,5,top_heavy,"[150, 80, 50, 40, 30]",1,1.0,1
419,56bebb293aeaaa14008c9306,5,top_heavy,"[150, 80, 50, 40, 30]",0,0.0,1
420,56bf49993aeaaa14008c95b5,5,top_heavy,"[150, 80, 50, 40, 30]",0,0.0,0
421,56bf49993aeaaa14008c95b6,5,top_heavy,"[150, 80, 50, 40, 30]",0,0.0,0
422,56bf49993aeaaa14008c95b7,5,top_heavy,"[150, 80, 50, 40, 30]",0,0.0,0
423,56bf49993aeaaa14008c95b8,5,top_heavy,"[150, 80, 50, 40, 30]",0,0.0,0
424,56d70d240d65d21400198326,5,top_heavy,"[150, 80, 50, 40, 30]",0,0.0,0
425,56d70d240d65d21400198327,5,top_heavy,"[150, 80, 50, 40, 30]",0,0.0,0
426,56d70d240d65d21400198328,5,top_heavy,"[150, 80, 50, 40, 30]",0,0.0,0
427,56d70d240d65d21400198329,5,top_heavy,"[150, 80, 50, 40, 30]",0,0.0,0
428,56d9a6b4dc89441400fdb6a0,5,top_heavy,"[150, 80, 50, 40, 30]",0,0.0,0
429,56d9a6b4dc89441400fdb6a1,5,top_heavy,"[150, 80, 50, 40, 30]",1,1.0,1
430,56d9a6b4dc89441400fdb6a2,5,top_heavy,"[150, 80, 50, 40, 30]",0,0.0,0
431,56d9a6b4dc89441400fdb6a3,5,top_heavy,"[150, 80, 50, 40, 30]",0,0.0,0
432,56bebbbf3aeaaa14008c9315,5,top_heavy,"[150, 80, 50, 40, 30]",1,1.0,1
433,56bebbbf3aeaaa14008c9316,5,top_heavy,"[150, 80, 50, 40, 30]",0,0.6666666666666666,1
434,56bebbbf3aeaaa14008c9317,5,top_heavy,"[150, 80, 50, 40, 30]",1,1.0,1
435,56bebbbf3aeaaa14008c9318,5,top_heavy,"[150, 80, 50, 40, 30]",1,1.0,1
436,56bebbbf3aeaaa14008c9319,5,top_heavy,"[150, 80, 50, 40, 30]",1,1.0,1
437,56bf4e1b3aeaaa14008c95bd,5,top_heavy,"[150, 80, 50, 40, 30]",1,1.0,1
438,56bf4e1b3aeaaa14008c95be,5,top_heavy,"[150, 80, 50, 40, 30]",0,0.6666666666666666,1
439,56bf4e1b3aeaaa14008c95c0,5,top_heavy,"[150, 80, 50, 40, 30]",0,0.0,1
440,56bf4e1b3aeaaa14008c95c1,5,top_heavy,"[150, 80, 50, 40, 30]",1,1.0,1
441,56d70daa0d65d21400198332,5,top_heavy,"[150, 80, 50, 40, 30]",1,1.0,1
442,56d70daa0d65d21400198333,5,top_heavy,"[150, 80, 50, 40, 30]",0,0.0,1
443,56d70daa0d65d21400198334,5,top_heavy,"[150, 80, 50, 40, 30]",0,0.5,1
444,56d70daa0d65d21400198335,5,top_heavy,"[150, 80, 50, 40, 30]",0,0.0,1
445,56d70daa0d65d21400198336,5,top_heavy,"[150, 80, 50, 40, 30]",0,0.0,1
446,56d9a7addc89441400fdb6a8,5,top_heavy,"[150, 80, 50, 40, 30]",1,1.0,1
447,56d9a7addc89441400fdb6ab,5,top_heavy,"[150, 80, 50, 40, 30]",0,0.0,1
448,56bebc383aeaaa14008c931f,5,top_heavy,"[150, 80, 50, 40, 30]",1,1.0,1
449,56bebc383aeaaa14008c9320,5,top_heavy,"[150, 80, 50, 40, 30]",1,1.0,1
450,56bebc383aeaaa14008c9321,5,top_heavy,"[150, 80, 50, 40, 30]",1,1.0,1
451,56bf52483aeaaa14008c95c7,5,top_heavy,"[150, 80, 50, 40, 30]",1,1.0,1
452,56bf52483aeaaa14008c95c8,5,top_heavy,"[150, 80, 50, 40, 30]",1,1.0,1
453,56d70e570d65d2140019833c,5,top_heavy,"[150, 80, 50, 40, 30]",0,0.6666666666666666,1
454,56d70e570d65d2140019833e,5,top_heavy,"[150, 80, 50, 40, 30]",1,1.0,1
455,56d70e570d65d2140019833f,5,top_heavy,"[150, 80, 50, 40, 30]",1,1.0,1
456,56d9b01fdc89441400fdb6d4,5,top_heavy,"[150, 80, 50, 40, 30]",0,0.0,0
457,56bebcbe3aeaaa14008c9325,5,top_heavy,"[150, 80, 50, 40, 30]",1,1.0,1
458,56bebcbe3aeaaa14008c9326,5,top_heavy,"[150, 80, 50, 40, 30]",1,1.0,1
459,56bebcbe3aeaaa14008c9327,5,top_heavy,"[150, 80, 50, 40, 30]",1,1.0,1
460,56bebcbe3aeaaa14008c9328,5,top_heavy,"[150, 80, 50, 40, 30]",1,1.0,1
461,56bebcbe3aeaaa14008c9329,5,top_heavy,"[150, 80, 50, 40, 30]",0,0.0,0
462,56bf53e73aeaaa14008c95cb,5,top_heavy,"[150, 80, 50, 40, 30]",0,0.0,1
463,56bf53e73aeaaa14008c95cc,5,top_heavy,"[150, 80, 50, 40, 30]",1,1.0,1
464,56bf53e73aeaaa14008c95cd,5,top_heavy,"[150, 80, 50, 40, 30]",1,1.0,1
465,56bf53e73aeaaa14008c95ce,5,top_heavy,"[150, 80, 50, 40, 30]",1,1.0,1
466,56d7145c0d65d2140019834c,5,top_heavy,"[150, 80, 50, 40, 30]",0,0.5714285714285715,1
467,56d7145c0d65d2140019834d,5,top_heavy,"[150, 80, 50, 40, 30]",1,1.0,1
468,56d7145c0d65d2140019834f,5,top_heavy,"[150, 80, 50, 40, 30]",1,1.0,1
469,56d9b389dc89441400fdb6ec,5,top_heavy,"[150, 80, 50, 40, 30]",1,1.0,1
470,56d9b389dc89441400fdb6ed,5,top_heavy,"[150, 80, 50, 40, 30]",1,1.0,1
471,56d9b389dc89441400fdb6ee,5,top_heavy,"[150, 80, 50, 40, 30]",1,1.0,1
472,56d9b389dc89441400fdb6ef,5,top_heavy,"[150, 80, 50, 40, 30]",1,1.0,1
473,56d9b389dc89441400fdb6f0,5,top_heavy,"[150, 80, 50, 40, 30]",0,0.0,1
474,56bebd713aeaaa14008c932f,5,top_heavy,"[150, 80, 50, 40, 30]",1,1.0,1
475,56bebd713aeaaa14008c9330,5,top_heavy,"[150, 80, 50, 40, 30]",0,0.0,0
476,56bebd713aeaaa14008c9331,5,top_heavy,"[150, 80, 50, 40, 30]",1,1.0,1
477,56bf555e3aeaaa14008c95d3,5,top_heavy,"[150, 80, 50, 40, 30]",0,0.0,0
478,56bf555e3aeaaa14008c95d4,5,top_heavy,"[150, 80, 50, 40, 30]",0,0.5,0
479,56bf555e3aeaaa14008c95d5,5,top_heavy,"[150, 80, 50, 40, 30]",0,0.0,0
480,56d714cd0d65d21400198356,5,top_heavy,"[150, 80, 50, 40, 30]",0,0.5,1
481,56d714cd0d65d21400198358,5,top_heavy,"[150, 80, 50, 40, 30]",1,1.0,1
482,56d714cd0d65d21400198359,5,top_heavy,"[150, 80, 50, 40, 30]",1,1.0,1
483,56d9b43edc89441400fdb700,5,top_heavy,"[150, 80, 50, 40, 30]",0,0.5,0
484,56d9b43edc89441400fdb701,5,top_heavy,"[150, 80, 50, 40, 30]",1,1.0,1
485,56bebde53aeaaa14008c9335,5,top_heavy,"[150, 80, 50, 40, 30]",1,1.0,1
486,56bebde53aeaaa14008c9336,5,top_heavy,"[150, 80, 50, 40, 30]",0,0.6666666666666666,1
487,56bebde53aeaaa14008c9337,5,top_heavy,"[150, 80, 50, 40, 30]",1,1.0,1
488,56bebde53aeaaa14008c9338,5,top_heavy,"[150, 80, 50, 40, 30]",1,1.0,1
489,56bebde53aeaaa14008c9339,5,top_heavy,"[150, 80, 50, 40, 30]",1,1.0,1
490,56bf57043aeaaa14008c95d9,5,top_heavy,"[150, 80, 50, 40, 30]",1,1.0,1
491,56bf57043aeaaa14008c95da,5,top_heavy,"[150, 80, 50, 40, 30]",0,0.0,1
492,56bf57043aeaaa14008c95db,5,top_heavy,"[150, 80, 50, 40, 30]",1,1.0,1
493,56bf57043aeaaa14008c95dc,5,top_heavy,"[150, 80, 50, 40, 30]",0,0.0,1
494,56bf57043aeaaa14008c95dd,5,top_heavy,"[150, 80, 50, 40, 30]",1,1.0,1
495,56d71bd80d65d2140019835e,5,top_heavy,"[150, 80, 50, 40, 30]",0,0.6666666666666666,1
496,56d71bd80d65d21400198360,5,top_heavy,"[150, 80, 50, 40, 30]",1,1.0,1
497,56d71bd80d65d21400198361,5,top_heavy,"[150, 80, 50, 40, 30]",1,1.0,1
498,56d71bd80d65d21400198362,5,top_heavy,"[150, 80, 50, 40, 30]",1,1.0,1
499,56d9b4ebdc89441400fdb708,5,top_heavy,"[150, 80, 50, 40, 30]",0,0.6666666666666666,1
500,56d9b4ebdc89441400fdb709,5,top_heavy,"[150, 80, 50, 40, 30]",0,0.5714285714285715,0
501,56d9b4ebdc89441400fdb70a,5,top_heavy,"[150, 80, 50, 40, 30]",1,1.0,1
502,56d9b4ebdc89441400fdb70b,5,top_heavy,"[150, 80, 50, 40, 30]",1,1.0,1
503,56d9b4ebdc89441400fdb70c,5,top_heavy,"[150, 80, 50, 40, 30]",1,1.0,1
504,56bebe873aeaaa14008c933f,5,top_heavy,"[150, 80, 50, 40, 30]",0,0.0,1
505,56bebe873aeaaa14008c9340,5,top_heavy,"[150, 80, 50, 40, 30]",1,1.0,1
506,56bebe873aeaaa14008c9341,5,top_heavy,"[150, 80, 50, 40, 30]",0,0.0,1
507,56bebe873aeaaa14008c9342,5,top_heavy,"[150, 80, 50, 40, 30]",0,0.0,0
508,56bebe873aeaaa14008c9343,5,top_heavy,"[150, 80, 50, 40, 30]",0,0.0,0
509,56bf59523aeaaa14008c95e3,5,top_heavy,"[150, 80, 50, 40, 30]",1,1.0,1
510,56bf59523aeaaa14008c95e4,5,top_heavy,"[150, 80, 50, 40, 30]",0,0.0,0
511,56bf59523aeaaa14008c95e5,5,top_heavy,"[150, 80, 50, 40, 30]",0,0.0,0
512,56d71cb60d65d21400198368,5,top_heavy,"[150, 80, 50, 40, 30]",0,0.0,1
513,56d9b5ffdc89441400fdb720,5,top_heavy,"[150, 80, 50, 40, 30]",1,1.0,1
514,56d9b5ffdc89441400fdb721,5,top_heavy,"[150, 80, 50, 40, 30]",0,0.0,1
515,56bebec43aeaaa14008c9349,5,top_heavy,"[150, 80, 50, 40, 30]",1,1.0,1
516,56bebec43aeaaa14008c934a,5,top_heavy,"[150, 80, 50, 40, 30]",0,0.28571428571428575,1
517,56bf5abc3aeaaa14008c95e9,5,top_heavy,"[150, 80, 50, 40, 30]",0,0.0,0
518,56bf5abc3aeaaa14008c95ea,5,top_heavy,"[150, 80, 50, 40, 30]",0,0.4,1
519,56d71d150d65d2140019836e,5,top_heavy,"[150, 80, 50, 40, 30]",0,0.888888888888889,1
520,56d71d150d65d2140019836f,5,top_heavy,"[150, 80, 50, 40, 30]",0,0.5555555555555556,1
521,56d71d150d65d21400198370,5,top_heavy,"[150, 80, 50, 40, 30]",0,0.4,1
522,56d9b6a3dc89441400fdb72f,5,top_heavy,"[150, 80, 50, 40, 30]",1,1.0,1
523,56d9b6a3dc89441400fdb730,5,top_heavy,"[150, 80, 50, 40, 30]",0,0.28571428571428575,1
524,56bec0353aeaaa14008c934d,5,top_heavy,"[150, 80, 50, 40, 30]",0,0.8,1
525,56bec0353aeaaa14008c934e,5,top_heavy,"[150, 80, 50, 40, 30]",1,1.0,1
526,56bec0353aeaaa14008c934f,5,top_heavy,"[150, 80, 50, 40, 30]",0,0.0,1
527,56bec0353aeaaa14008c9350,5,top_heavy,"[150, 80, 50, 40, 30]",1,1.0,1
528,56bec0353aeaaa14008c9351,5,top_heavy,"[150, 80, 50, 40, 30]",1,1.0,1
529,56bf5b933aeaaa14008c95ed,5,top_heavy,"[150, 80, 50, 40, 30]",1,1.0,1
530,56bf5b933aeaaa14008c95ef,5,top_heavy,"[150, 80, 50, 40, 30]",1,1.0,1
531,56bf5b933aeaaa14008c95f1,5,top_heavy,"[150, 80, 50, 40, 30]",0,0.0,1
532,56d71d9d0d65d21400198374,5,top_heavy,"[150, 80, 50, 40, 30]",1,1.0,1
533,56d71d9d0d65d21400198377,5,top_heavy,"[150, 80, 50, 40, 30]",1,1.0,1
534,56bec0dd3aeaaa14008c9357,5,top_heavy,"[150, 80, 50, 40, 30]",0,0.0,0
535,56bec0dd3aeaaa14008c9358,5,top_heavy,"[150, 80, 50, 40, 30]",1,1.0,1
536,56bec0dd3aeaaa14008c9359,5,top_heavy,"[150, 80, 50, 40, 30]",1,1.0,1
537,56bec0dd3aeaaa14008c935a,5,top_heavy,"[150, 80, 50, 40, 30]",1,1.0,1
538,56bec0dd3aeaaa14008c935b,5,top_heavy,"[150, 80, 50, 40, 30]",0,0.0,1
539,56bf5e7b3aeaaa14008c95f7,5,top_heavy,"[150, 80, 50, 40, 30]",0,0.0,1
540,56bf5e7b3aeaaa14008c95f8,5,top_heavy,"[150, 80, 50, 40, 30]",0,0.0,1
541,56bf5e7b3aeaaa14008c95f9,5,top_heavy,"[150, 80, 50, 40, 30]",1,1.0,1
542,56bf5e7b3aeaaa14008c95fa,5,top_heavy,"[150, 80, 50, 40, 30]",0,0.0,1
543,56bf5e7b3aeaaa14008c95fb,5,top_heavy,"[150, 80, 50, 40, 30]",0,0.6666666666666666,1
544,56d71ed50d65d2140019837c,5,top_heavy,"[150, 80, 50, 40, 30]",1,1.0,1
545,56d71ed50d65d2140019837d,5,top_heavy,"[150, 80, 50, 40, 30]",1,1.0,1
546,56d9b7dcdc89441400fdb740,5,top_heavy,"[150, 80, 50, 40, 30]",1,1.0,0
547,56d9b7dcdc89441400fdb741,5,top_heavy,"[150, 80, 50, 40, 30]",0,0.22222222222222224,0
548,56d9b7dcdc89441400fdb742,5,top_heavy,"[150, 80, 50, 40, 30]",0,0.22222222222222224,0
549,56d9b7dcdc89441400fdb743,5,top_heavy,"[150, 80, 50, 40, 30]",0,0.0,1
550,56d9b7dcdc89441400fdb744,5,top_heavy,"[150, 80, 50, 40, 30]",0,0.0,0
551,56bec1823aeaaa14008c9361,5,top_heavy,"[150, 80, 50, 40, 30]",1,1.0,1
552,56bec1823aeaaa14008c9362,5,top_heavy,"[150, 80, 50, 40, 30]",1,1.0,1
553,56bec1823aeaaa14008c9363,5,top_heavy,"[150, 80, 50, 40, 30]",1,1.0,1
554,56bec1823aeaaa14008c9364,5,top_heavy,"[150, 80, 50, 40, 30]",1,1.0,1
555,56bec1823aeaaa14008c9365,5,top_heavy,"[150, 80, 50, 40, 30]",1,1.0,1
556,56bf6d343aeaaa14008c961b,5,top_heavy,"[150, 80, 50, 40, 30]",1,1.0,0
557,56d71fc00d65d21400198386,5,top_heavy,"[150, 80, 50, 40, 30]",1,1.0,1
558,56d71fc00d65d21400198389,5,top_heavy,"[150, 80, 50, 40, 30]",1,1.0,1
559,56d9ba95dc89441400fdb754,5,top_heavy,"[150, 80, 50, 40, 30]",0,0.0,0
560,56d9ba95dc89441400fdb757,5,top_heavy,"[150, 80, 50, 40, 30]",0,0.0,1
561,56d9ba95dc89441400fdb758,5,top_heavy,"[150, 80, 50, 40, 30]",1,1.0,1
562,56bec2013aeaaa14008c9371,5,top_heavy,"[150, 80, 50, 40, 30]",1,1.0,1
563,56bec2013aeaaa14008c9372,5,top_heavy,"[150, 80, 50, 40, 30]",1,1.0,1
564,56bec2013aeaaa14008c9373,5,top_heavy,"[150, 80, 50, 40, 30]",1,1.0,1
565,56bec2013aeaaa14008c9374,5,top_heavy,"[150, 80, 50, 40, 30]",0,0.6666666666666666,1
566,56bec2013aeaaa14008c9375,5,top_heavy,"[150, 80, 50, 40, 30]",0,0.0,1
567,56bf6e7a3aeaaa14008c961f,5,top_heavy,"[150, 80, 50, 40, 30]",0,0.0,0
568,56bf6e7a3aeaaa14008c9620,5,top_heavy,"[150, 80, 50, 40, 30]",0,0.0,0
569,56bf6e7a3aeaaa14008c9621,5,top_heavy,"[150, 80, 50, 40, 30]",1,1.0,1
570,56bf6e7a3aeaaa14008c9622,5,top_heavy,"[150, 80, 50, 40, 30]",0,0.0,1
571,56d7205e0d65d21400198391,5,top_heavy,"[150, 80, 50, 40, 30]",0,0.6666666666666666,1
572,56d7205e0d65d21400198392,5,top_heavy,"[150, 80, 50, 40, 30]",1,1.0,1
573,56d9bc13dc89441400fdb75e,5,top_heavy,"[150, 80, 50, 40, 30]",1,1.0,1
574,56d9bc13dc89441400fdb75f,5,top_heavy,"[150, 80, 50, 40, 30]",0,0.0,0
575,56d9bc13dc89441400fdb760,5,top_heavy,"[150, 80, 50, 40, 30]",1,1.0,1
576,56bec2573aeaaa14008c937b,5,top_heavy,"[150, 80, 50, 40, 30]",0,0.6,1
577,56bec2573aeaaa14008c937c,5,top_heavy,"[150, 80, 50, 40, 30]",1,1.0,1
578,56bf6f743aeaaa14008c9631,5,top_heavy,"[150, 80, 50, 40, 30]",0,0.5,1
579,56bf6f743aeaaa14008c9632,5,top_heavy,"[150, 80, 50, 40, 30]",1,1.0,1
580,56d720c70d65d21400198396,5,top_heavy,"[150, 80, 50, 40, 30]",1,1.0,1
581,56d720c70d65d21400198397,5,top_heavy,"[150, 80, 50, 40, 30]",0,0.15384615384615383,1
582,56d720c70d65d21400198398,5,top_heavy,"[150, 80, 50, 40, 30]",0,0.8,1
583,56bec3153aeaaa14008c9389,5,top_heavy,"[150, 80, 50, 40, 30]",1,1.0,1
584,56bec3153aeaaa14008c938a,5,top_heavy,"[150, 80, 50, 40, 30]",1,1.0,1
585,56bec3153aeaaa14008c938b,5,top_heavy,"[150, 80, 50, 40, 30]",1,1.0,1
586,56bec3153aeaaa14008c938c,5,top_heavy,"[150, 80, 50, 40, 30]",0,0.0,1
587,56bf717d3aeaaa14008c9635,5,top_heavy,"[150, 80, 50, 40, 30]",0,0.0,1
588,56bf717d3aeaaa14008c9637,5,top_heavy,"[150, 80, 50, 40, 30]",1,1.0,1
589,56bf717d3aeaaa14008c9638,5,top_heavy,"[150, 80, 50, 40, 30]",0,0.0,1
590,56bf717d3aeaaa14008c9639,5,top_heavy,"[150, 80, 50, 40, 30]",0,0.0,1
591,56d721af0d65d2140019839e,5,top_heavy,"[150, 80, 50, 40, 30]",0,0.0,1
592,56d721af0d65d2140019839f,5,top_heavy,"[150, 80, 50, 40, 30]",1,1.0,1
593,56d721af0d65d214001983a0,5,top_heavy,"[150, 80, 50, 40, 30]",0,0.0,1
594,56d9bdc1dc89441400fdb768,5,top_heavy,"[150, 80, 50, 40, 30]",1,1.0,1
595,56d9bdc1dc89441400fdb769,5,top_heavy,"[150, 80, 50, 40, 30]",0,0.0,1
596,56d9bdc1dc89441400fdb76a,5,top_heavy,"[150, 80, 50, 40, 30]",0,0.6666666666666666,1
597,56bec38b3aeaaa14008c9397,5,top_heavy,"[150, 80, 50, 40, 30]",1,1.0,1
598,56bec38b3aeaaa14008c9398,5,top_heavy,"[150, 80, 50, 40, 30]",1,1.0,1
599,56bec38b3aeaaa14008c9399,5,top_heavy,"[150, 80, 50, 40, 30]",1,1.0,1
600,56bec38b3aeaaa14008c939a,5,top_heavy,"[150, 80, 50, 40, 30]",1,1.0,1
601,56bf71e73aeaaa14008c963f,5,top_heavy,"[150, 80, 50, 40, 30]",0,0.0,0
602,56bf71e73aeaaa14008c9640,5,top_heavy,"[150, 80, 50, 40, 30]",0,0.0,1
603,56d722330d65d214001983a6,5,top_heavy,"[150, 80, 50, 40, 30]",1,1.0,1
604,56d722330d65d214001983a7,5,top_heavy,"[150, 80, 50, 40, 30]",1,1.0,1
605,56d722330d65d214001983a8,5,top_heavy,"[150, 80, 50, 40, 30]",0,0.0,1
606,56d9be16dc89441400fdb770,5,top_heavy,"[150, 80, 50, 40, 30]",0,0.0,1
607,56d9be16dc89441400fdb771,5,top_heavy,"[150, 80, 50, 40, 30]",0,0.0,0
608,56bec4343aeaaa14008c93a9,5,top_heavy,"[150, 80, 50, 40, 30]",1,1.0,1
609,56bec4343aeaaa14008c93aa,5,top_heavy,"[150, 80, 50, 40, 30]",0,0.0,1
610,56bec4343aeaaa14008c93ab,5,top_heavy,"[150, 80, 50, 40, 30]",1,1.0,1
611,56bec4343aeaaa14008c93ac,5,top_heavy,"[150, 80, 50, 40, 30]",0,0.0,1
612,56d723560d65d214001983ac,5,top_heavy,"[150, 80, 50, 40, 30]",0,0.0,1
613,56d723560d65d214001983ad,5,top_heavy,"[150, 80, 50, 40, 30]",1,1.0,1
614,56d723560d65d214001983ae,5,top_heavy,"[150, 80, 50, 40, 30]",1,1.0,1
615,56d723560d65d214001983af,5,top_heavy,"[150, 80, 50, 40, 30]",1,1.0,1
616,56d9bf70dc89441400fdb77b,5,top_heavy,"[150, 80, 50, 40, 30]",0,0.6666666666666666,1
617,56d9bf70dc89441400fdb77c,5,top_heavy,"[150, 80, 50, 40, 30]",0,0.0,1
618,56d9bf70dc89441400fdb77d,5,top_heavy,"[150, 80, 50, 40, 30]",1,1.0,1
619,56bec4a33aeaaa14008c93b1,5,top_heavy,"[150, 80, 50, 40, 30]",0,0.0,0
620,56bec4a33aeaaa14008c93b2,5,top_heavy,"[150, 80, 50, 40, 30]",1,1.0,1
621,56bec4a33aeaaa14008c93b3,5,top_heavy,"[150, 80, 50, 40, 30]",1,1.0,1
622,56bec4a33aeaaa14008c93b4,5,top_heavy,"[150, 80, 50, 40, 30]",1,1.0,1
623,56bec4a33aeaaa14008c93b5,5,top_heavy,"[150, 80, 50, 40, 30]",1,1.0,1
624,56bf738b3aeaaa14008c9655,5,top_heavy,"[150, 80, 50, 40, 30]",0,0.0,0
625,56bf738b3aeaaa14008c9656,5,top_heavy,"[150, 80, 50, 40, 30]",0,0.0,0
626,56d723ad0d65d214001983b4,5,top_heavy,"[150, 80, 50, 40, 30]",1,1.0,1
627,56d723ad0d65d214001983b5,5,top_heavy,"[150, 80, 50, 40, 30]",1,1.0,1
628,56d723ad0d65d214001983b8,5,top_heavy,"[150, 80, 50, 40, 30]",1,1.0,1
629,56d9c049dc89441400fdb78e,5,top_heavy,"[150, 80, 50, 40, 30]",0,0.0,1
630,56d9c049dc89441400fdb78f,5,top_heavy,"[150, 80, 50, 40, 30]",1,1.0,1
631,56d9c049dc89441400fdb790,5,top_heavy,"[150, 80, 50, 40, 30]",0,0.37037037037037035,1
632,56d9c049dc89441400fdb791,5,top_heavy,"[150, 80, 50, 40, 30]",1,1.0,1
633,56d9c049dc89441400fdb792,5,top_heavy,"[150, 80, 50, 40, 30]",0,0.0,1
634,56bec5233aeaaa14008c93cf,5,top_heavy,"[150, 80, 50, 40, 30]",1,1.0,1
635,56bec5233aeaaa14008c93d0,5,top_heavy,"[150, 80, 50, 40, 30]",1,1.0,1
636,56bec5233aeaaa14008c93d1,5,top_heavy,"[150, 80, 50, 40, 30]",1,1.0,1
637,56bec5233aeaaa14008c93d2,5,top_heavy,"[150, 80, 50, 40, 30]",1,1.0,1
638,56bec5233aeaaa14008c93d3,5,top_heavy,"[150, 80, 50, 40, 30]",1,1.0,1
639,56d724620d65d214001983be,5,top_heavy,"[150, 80, 50, 40, 30]",0,0.0,1
640,56d724620d65d214001983bf,5,top_heavy,"[150, 80, 50, 40, 30]",1,1.0,1
641,56d724620d65d214001983c0,5,top_heavy,"[150, 80, 50, 40, 30]",1,1.0,1
642,56d724620d65d214001983c1,5,top_heavy,"[150, 80, 50, 40, 30]",1,1.0,1
643,56d9c203dc89441400fdb7a0,5,top_heavy,"[150, 80, 50, 40, 30]",0,0.2,0
644,56d9c203dc89441400fdb7a3,5,top_heavy,"[150, 80, 50, 40, 30]",0,0.0,1
645,56bec5ff3aeaaa14008c93e3,5,top_heavy,"[150, 80, 50, 40, 30]",0,0.6153846153846153,1
646,56bec5ff3aeaaa14008c93e4,5,top_heavy,"[150, 80, 50, 40, 30]",0,0.6153846153846153,1
647,56bec5ff3aeaaa14008c93e5,5,top_heavy,"[150, 80, 50, 40, 30]",0,0.0,1
648,56d724ea0d65d214001983c8,5,top_heavy,"[150, 80, 50, 40, 30]",0,0.0,0
649,56d724ea0d65d214001983c9,5,top_heavy,"[150, 80, 50, 40, 30]",1,1.0,1
650,56bec6573aeaaa14008c93e9,5,top_heavy,"[150, 80, 50, 40, 30]",0,0.0,1
651,56bec6573aeaaa14008c93ea,5,top_heavy,"[150, 80, 50, 40, 30]",0,0.0,1
652,56bec6573aeaaa14008c93eb,5,top_heavy,"[150, 80, 50, 40, 30]",0,0.0,1
653,56bec6573aeaaa14008c93ec,5,top_heavy,"[150, 80, 50, 40, 30]",1,1.0,1
654,56bec6573aeaaa14008c93ed,5,top_heavy,"[150, 80, 50, 40, 30]",0,0.0,1
655,56d7251d0d65d214001983cc,5,top_heavy,"[150, 80, 50, 40, 30]",1,1.0,1
656,56d7251d0d65d214001983cd,5,top_heavy,"[150, 80, 50, 40, 30]",1,1.0,1
657,56d7251d0d65d214001983cf,5,top_heavy,"[150, 80, 50, 40, 30]",1,1.0,1
658,56d9c3a6dc89441400fdb7b4,5,top_heavy,"[150, 80, 50, 40, 30]",0,0.0,1
659,56d9c3a6dc89441400fdb7b5,5,top_heavy,"[150, 80, 50, 40, 30]",0,0.0,1
660,56d9c3a6dc89441400fdb7b6,5,top_heavy,"[150, 80, 50, 40, 30]",0,0.0,1
661,56d9c3a6dc89441400fdb7b7,5,top_heavy,"[150, 80, 50, 40, 30]",1,1.0,1
662,56d9c3a6dc89441400fdb7b8,5,top_heavy,"[150, 80, 50, 40, 30]",1,1.0,1
663,56bec6ac3aeaaa14008c93fd,5,top_heavy,"[150, 80, 50, 40, 30]",1,1.0,1
664,56bec6ac3aeaaa14008c93fe,5,top_heavy,"[150, 80, 50, 40, 30]",1,1.0,1
665,56bec6ac3aeaaa14008c93ff,5,top_heavy,"[150, 80, 50, 40, 30]",1,1.0,1
666,56bec6ac3aeaaa14008c9400,5,top_heavy,"[150, 80, 50, 40, 30]",0,0.0,1
667,56bec6ac3aeaaa14008c9401,5,top_heavy,"[150, 80, 50, 40, 30]",0,0.8571428571428571,1
668,56d20650e7d4791d00902614,5,top_heavy,"[150, 80, 50, 40, 30]",1,1.0,1
669,56d20650e7d4791d00902615,5,top_heavy,"[150, 80, 50, 40, 30]",1,1.0,1
670,56d7253b0d65d214001983d4,5,top_heavy,"[150, 80, 50, 40, 30]",0,0.0,0
671,56d7253b0d65d214001983d5,5,top_heavy,"[150, 80, 50, 40, 30]",1,1.0,1
672,56d9c455dc89441400fdb7c4,5,top_heavy,"[150, 80, 50, 40, 30]",0,0.0,0
673,56d9c455dc89441400fdb7c5,5,top_heavy,"[150, 80, 50, 40, 30]",1,1.0,1
674,56d9c455dc89441400fdb7c6,5,top_heavy,"[150, 80, 50, 40, 30]",1,1.0,1
675,56bec7353aeaaa14008c940d,5,top_heavy,"[150, 80, 50, 40, 30]",1,1.0,1
676,56bec7353aeaaa14008c940e,5,top_heavy,"[150, 80, 50, 40, 30]",1,1.0,1
677,56bec7353aeaaa14008c940f,5,top_heavy,"[150, 80, 50, 40, 30]",1,1.0,1
678,56bec7353aeaaa14008c9410,5,top_heavy,"[150, 80, 50, 40, 30]",1,1.0,1
679,56bec7353aeaaa14008c9411,5,top_heavy,"[150, 80, 50, 40, 30]",0,0.6666666666666666,1
680,56d725790d65d214001983d8,5,top_heavy,"[150, 80, 50, 40, 30]",0,0.0,1
681,56d725790d65d214001983da,5,top_heavy,"[150, 80, 50, 40, 30]",1,1.0,1
682,56d725790d65d214001983db,5,top_heavy,"[150, 80, 50, 40, 30]",0,0.0,1
683,56d9c551dc89441400fdb7d0,5,top_heavy,"[150, 80, 50, 40, 30]",0,0.4,1
684,56d9c551dc89441400fdb7d1,5,top_heavy,"[150, 80, 50, 40, 30]",1,1.0,1
685,56d9c551dc89441400fdb7d2,5,top_heavy,"[150, 80, 50, 40, 30]",1,1.0,1
686,56d9c551dc89441400fdb7d3,5,top_heavy,"[150, 80, 50, 40, 30]",1,1.0,1
687,56bec7a63aeaaa14008c9417,5,top_heavy,"[150, 80, 50, 40, 30]",1,1.0,1
688,56bec7a63aeaaa14008c9418,5,top_heavy,"[150, 80, 50, 40, 30]",0,0.0,1
689,56bec7a63aeaaa14008c9419,5,top_heavy,"[150, 80, 50, 40, 30]",1,1.0,1
690,56bec7a63aeaaa14008c941a,5,top_heavy,"[150, 80, 50, 40, 30]",0,0.0,1
691,56bec7a63aeaaa14008c941b,5,top_heavy,"[150, 80, 50, 40, 30]",0,0.0,1
692,56d728a10d65d21400198413,5,top_heavy,"[150, 80, 50, 40, 30]",0,0.0,1
693,56d728a10d65d21400198414,5,top_heavy,"[150, 80, 50, 40, 30]",1,1.0,1
694,56d728a10d65d21400198415,5,top_heavy,"[150, 80, 50, 40, 30]",0,0.0,0
695,56d728a10d65d21400198416,5,top_heavy,"[150, 80, 50, 40, 30]",0,0.0,0
696,56d9c5e7dc89441400fdb7d8,5,top_heavy,"[150, 80, 50, 40, 30]",1,1.0,1
697,56d9c5e7dc89441400fdb7d9,5,top_heavy,"[150, 80, 50, 40, 30]",1,1.0,1
698,56d9c5e7dc89441400fdb7da,5,top_heavy,"[150, 80, 50, 40, 30]",1,1.0,1
699,56d9c5e7dc89441400fdb7db,5,top_heavy,"[150, 80, 50, 40, 30]",0,0.0,1
700,56d9c5e7dc89441400fdb7dc,5,top_heavy,"[150, 80, 50, 40, 30]",0,0.0,1
701,56bec8243aeaaa14008c942b,5,top_heavy,"[150, 80, 50, 40, 30]",1,1.0,1
702,56bec8243aeaaa14008c942c,5,top_heavy,"[150, 80, 50, 40, 30]",1,1.0,1
703,56bec8243aeaaa14008c942d,5,top_heavy,"[150, 80, 50, 40, 30]",1,1.0,1
704,56bec8243aeaaa14008c942e,5,top_heavy,"[150, 80, 50, 40, 30]",0,0.0,1
705,56bec8243aeaaa14008c942f,5,top_heavy,"[150, 80, 50, 40, 30]",0,0.6666666666666666,1
706,56d728e00d65d2140019841c,5,top_heavy,"[150, 80, 50, 40, 30]",0,0.0,1
707,56d728e00d65d2140019841d,5,top_heavy,"[150, 80, 50, 40, 30]",0,0.0,1
708,56d728e00d65d2140019841e,5,top_heavy,"[150, 80, 50, 40, 30]",1,1.0,1
709,56d728e00d65d2140019841f,5,top_heavy,"[150, 80, 50, 40, 30]",0,0.0,1
710,56d728e00d65d21400198420,5,top_heavy,"[150, 80, 50, 40, 30]",0,0.0,1
711,56d9c660dc89441400fdb7e7,5,top_heavy,"[150, 80, 50, 40, 30]",1,1.0,1
712,56d9c660dc89441400fdb7e8,5,top_heavy,"[150, 80, 50, 40, 30]",1,1.0,1
713,56d9c660dc89441400fdb7e9,5,top_heavy,"[150, 80, 50, 40, 30]",1,1.0,1
714,56d9c660dc89441400fdb7ea,5,top_heavy,"[150, 80, 50, 40, 30]",0,0.0,1
715,56bec8a13aeaaa14008c9435,5,top_heavy,"[150, 80, 50, 40, 30]",1,1.0,1
716,56bec8a13aeaaa14008c9436,5,top_heavy,"[150, 80, 50, 40, 30]",0,0.0,0
717,56bec8a13aeaaa14008c9437,5,top_heavy,"[150, 80, 50, 40, 30]",1,1.0,1
718,56bec8a13aeaaa14008c9438,5,top_heavy,"[150, 80, 50, 40, 30]",0,0.0,1
719,56bec8a13aeaaa14008c9439,5,top_heavy,"[150, 80, 50, 40, 30]",0,0.0,1
720,56d729180d65d21400198426,5,top_heavy,"[150, 80, 50, 40, 30]",1,1.0,1
721,56d729180d65d21400198427,5,top_heavy,"[150, 80, 50, 40, 30]",1,1.0,1
722,56d729180d65d21400198428,5,top_heavy,"[150, 80, 50, 40, 30]",1,1.0,1
723,56d729180d65d21400198429,5,top_heavy,"[150, 80, 50, 40, 30]",0,0.6666666666666666,1
724,56d729180d65d2140019842a,5,top_heavy,"[150, 80, 50, 40, 30]",0,0.0,1
725,56d9c6e0dc89441400fdb7f0,5,top_heavy,"[150, 80, 50, 40, 30]",1,1.0,1
726,56d9c6e0dc89441400fdb7f4,5,top_heavy,"[150, 80, 50, 40, 30]",0,0.0,1
727,56bec9133aeaaa14008c9445,5,top_heavy,"[150, 80, 50, 40, 30]",1,1.0,1
728,56bec9133aeaaa14008c9446,5,top_heavy,"[150, 80, 50, 40, 30]",1,1.0,1
729,56bec9133aeaaa14008c9447,5,top_heavy,"[150, 80, 50, 40, 30]",1,1.0,1
730,56bec9133aeaaa14008c9448,5,top_heavy,"[150, 80, 50, 40, 30]",0,0.0,1
731,56bec9133aeaaa14008c9449,5,top_heavy,"[150, 80, 50, 40, 30]",0,0.0,1
732,56d729ec0d65d21400198430,5,top_heavy,"[150, 80, 50, 40, 30]",1,1.0,1
733,56d729ec0d65d21400198431,5,top_heavy,"[150, 80, 50, 40, 30]",0,0.0,1
734,56d729ec0d65d21400198432,5,top_heavy,"[150, 80, 50, 40, 30]",0,0.0,1
735,56d729ec0d65d21400198434,5,top_heavy,"[150, 80, 50, 40, 30]",0,0.0,1
736,56d9c79edc89441400fdb804,5,top_heavy,"[150, 80, 50, 40, 30]",0,0.0,1
737,56d9c79edc89441400fdb805,5,top_heavy,"[150, 80, 50, 40, 30]",0,0.6666666666666666,1
738,56d9c79edc89441400fdb806,5,top_heavy,"[150, 80, 50, 40, 30]",1,1.0,1
739,56d9c79edc89441400fdb807,5,top_heavy,"[150, 80, 50, 40, 30]",0,0.0,0
740,56d9c79edc89441400fdb808,5,top_heavy,"[150, 80, 50, 40, 30]",0,0.0,1
741,56bec98e3aeaaa14008c9455,5,top_heavy,"[150, 80, 50, 40, 30]",1,1.0,1
742,56bec98e3aeaaa14008c9456,5,top_heavy,"[150, 80, 50, 40, 30]",1,1.0,1
743,56bec98e3aeaaa14008c9457,5,top_heavy,"[150, 80, 50, 40, 30]",0,0.0,1
744,56bec98e3aeaaa14008c9458,5,top_heavy,"[150, 80, 50, 40, 30]",0,0.0,1
745,56bec98e3aeaaa14008c9459,5,top_heavy,"[150, 80, 50, 40, 30]",0,0.0,1
746,56d7282f0d65d21400198408,5,top_heavy,"[150, 80, 50, 40, 30]",1,1.0,1
747,56d7282f0d65d21400198409,5,top_heavy,"[150, 80, 50, 40, 30]",1,1.0,1
748,56d7282f0d65d2140019840a,5,top_heavy,"[150, 80, 50, 40, 30]",0,0.0,1
749,56d7282f0d65d2140019840c,5,top_heavy,"[150, 80, 50, 40, 30]",0,0.0,1
750,56d9c92bdc89441400fdb80e,5,top_heavy,"[150, 80, 50, 40, 30]",0,0.0,0
751,56d9c92bdc89441400fdb80f,5,top_heavy,"[150, 80, 50, 40, 30]",0,0.0,1
752,56d9c92bdc89441400fdb810,5,top_heavy,"[150, 80, 50, 40, 30]",1,1.0,1
753,56d9c92bdc89441400fdb811,5,top_heavy,"[150, 80, 50, 40, 30]",0,0.0,1
754,56bec9e83aeaaa14008c945f,5,top_heavy,"[150, 80, 50, 40, 30]",0,0.0,1
755,56bec9e83aeaaa14008c9460,5,top_heavy,"[150, 80, 50, 40, 30]",0,0.0,1
756,56bec9e83aeaaa14008c9461,5,top_heavy,"[150, 80, 50, 40, 30]",0,0.0,1
757,56bec9e83aeaaa14008c9462,5,top_heavy,"[150, 80, 50, 40, 30]",0,0.6666666666666666,1
758,56d7261e0d65d214001983e0,5,top_heavy,"[150, 80, 50, 40, 30]",0,0.6666666666666666,1
759,56d7261e0d65d214001983e1,5,top_heavy,"[150, 80, 50, 40, 30]",1,1.0,1
760,56d7261e0d65d214001983e2,5,top_heavy,"[150, 80, 50, 40, 30]",1,1.0,1
761,56d7261e0d65d214001983e4,5,top_heavy,"[150, 80, 50, 40, 30]",1,1.0,1
762,56d9ca0adc89441400fdb820,5,top_heavy,"[150, 80, 50, 40, 30]",1,1.0,1
763,56d9ca0adc89441400fdb821,5,top_heavy,"[150, 80, 50, 40, 30]",1,1.0,1
764,56d9ca0adc89441400fdb822,5,top_heavy,"[150, 80, 50, 40, 30]",1,1.0,1
765,56d9ca0adc89441400fdb823,5,top_heavy,"[150, 80, 50, 40, 30]",0,0.0,1
766,56beca913aeaaa14008c946d,5,top_heavy,"[150, 80, 50, 40, 30]",1,1.0,1
767,56beca913aeaaa14008c946e,5,top_heavy,"[150, 80, 50, 40, 30]",0,0.0,1
768,56beca913aeaaa14008c946f,5,top_heavy,"[150, 80, 50, 40, 30]",0,0.0,1
769,56beca913aeaaa14008c9470,5,top_heavy,"[150, 80, 50, 40, 30]",0,0.0,1
770,56beca913aeaaa14008c9471,5,top_heavy,"[150, 80, 50, 40, 30]",0,0.0,1
771,56d726b60d65d214001983ea,5,top_heavy,"[150, 80, 50, 40, 30]",1,1.0,1
772,56d726b60d65d214001983eb,5,top_heavy,"[150, 80, 50, 40, 30]",1,1.0,1
773,56d726b60d65d214001983ec,5,top_heavy,"[150, 80, 50, 40, 30]",1,1.0,1
774,56d726b60d65d214001983ed,5,top_heavy,"[150, 80, 50, 40, 30]",1,1.0,1
775,56d726b60d65d214001983ee,5,top_heavy,"[150, 80, 50, 40, 30]",0,0.0,1
776,56d9cb47dc89441400fdb832,5,top_heavy,"[150, 80, 50, 40, 30]",0,0.0,1
777,56d9cb47dc89441400fdb833,5,top_heavy,"[150, 80, 50, 40, 30]",1,1.0,1
778,56d9cb47dc89441400fdb834,5,top_heavy,"[150, 80, 50, 40, 30]",0,0.0,1
779,56d9cb47dc89441400fdb835,5,top_heavy,"[150, 80, 50, 40, 30]",0,0.0,1
780,56d9cb47dc89441400fdb836,5,top_heavy,"[150, 80, 50, 40, 30]",0,0.0,1
781,56becaf93aeaaa14008c9481,5,top_heavy,"[150, 80, 50, 40, 30]",0,0.0,1
782,56becaf93aeaaa14008c9482,5,top_heavy,"[150, 80, 50, 40, 30]",0,0.0,1
783,56becaf93aeaaa14008c9483,5,top_heavy,"[150, 80, 50, 40, 30]",0,0.0,1
784,56becaf93aeaaa14008c9484,5,top_heavy,"[150, 80, 50, 40, 30]",1,1.0,0
785,56becaf93aeaaa14008c9485,5,top_heavy,"[150, 80, 50, 40, 30]",0,0.0,0
786,56d7270c0d65d214001983f4,5,top_heavy,"[150, 80, 50, 40, 30]",0,0.0,0
787,56d7270c0d65d214001983f5,5,top_heavy,"[150, 80, 50, 40, 30]",0,0.0,1
788,56d7270c0d65d214001983f6,5,top_heavy,"[150, 80, 50, 40, 30]",1,1.0,1
789,56d7270c0d65d214001983f7,5,top_heavy,"[150, 80, 50, 40, 30]",1,1.0,1
790,56d7270c0d65d214001983f8,5,top_heavy,"[150, 80, 50, 40, 30]",0,0.0,0
791,56d9ccacdc89441400fdb842,5,top_heavy,"[150, 80, 50, 40, 30]",0,0.0,0
792,56d9ccacdc89441400fdb843,5,top_heavy,"[150, 80, 50, 40, 30]",0,0.0,0
793,56d9ccacdc89441400fdb844,5,top_heavy,"[150, 80, 50, 40, 30]",0,0.0,0
794,56d9ccacdc89441400fdb845,5,top_heavy,"[150, 80, 50, 40, 30]",0,0.0,0
795,56d9ccacdc89441400fdb846,5,top_heavy,"[150, 80, 50, 40, 30]",0,0.0,1
796,56becb823aeaaa14008c948b,5,top_heavy,"[150, 80, 50, 40, 30]",0,0.0,1
797,56becb823aeaaa14008c948c,5,top_heavy,"[150, 80, 50, 40, 30]",0,0.0,1
798,56becb823aeaaa14008c948d,5,top_heavy,"[150, 80, 50, 40, 30]",1,1.0,1
799,56becb823aeaaa14008c948e,5,top_heavy,"[150, 80, 50, 40, 30]",0,0.0,1
800,56becb823aeaaa14008c948f,5,top_heavy,"[150, 80, 50, 40, 30]",0,0.6666666666666666,1
801,56d7277c0d65d214001983fe,5,top_heavy,"[150, 80, 50, 40, 30]",0,0.5,1
802,56d7277c0d65d214001983ff,5,top_heavy,"[150, 80, 50, 40, 30]",1,1.0,1
803,56d7277c0d65d21400198401,5,top_heavy,"[150, 80, 50, 40, 30]",1,1.0,1
804,56d7277c0d65d21400198402,5,top_heavy,"[150, 80, 50, 40, 30]",1,1.0,1
805,56d9cd9adc89441400fdb84c,5,top_heavy,"[150, 80, 50, 40, 30]",0,0.0,1
806,56d9cd9adc89441400fdb84d,5,top_heavy,"[150, 80, 50, 40, 30]",1,1.0,1
807,56d9cd9adc89441400fdb84e,5,top_heavy,"[150, 80, 50, 40, 30]",1,1.0,1
808,56d9cd9adc89441400fdb84f,5,top_heavy,"[150, 80, 50, 40, 30]",1,1.0,1
809,56d9cd9adc89441400fdb850,5,top_heavy,"[150, 80, 50, 40, 30]",0,0.0,1
810,5733a5f54776f41900660f45,5,top_heavy,"[150, 80, 50, 40, 30]",1,1.0,1
811,5733a5f54776f41900660f48,5,top_heavy,"[150, 80, 50, 40, 30]",1,1.0,1
812,5733a5f54776f41900660f44,5,top_heavy,"[150, 80, 50, 40, 30]",1,1.0,1
813,5733a5f54776f41900660f46,5,top_heavy,"[150, 80, 50, 40, 30]",0,0.0,1
814,5733a5f54776f41900660f47,5,top_heavy,"[150, 80, 50, 40, 30]",1,1.0,1
815,57336755d058e614000b5a3d,5,top_heavy,"[150, 80, 50, 40, 30]",1,1.0,1
816,57336755d058e614000b5a3f,5,top_heavy,"[150, 80, 50, 40, 30]",0,0.4,1
817,57336755d058e614000b5a3c,5,top_heavy,"[150, 80, 50, 40, 30]",1,1.0,1
818,57336755d058e614000b5a3e,5,top_heavy,"[150, 80, 50, 40, 30]",1,1.0,1
819,57336755d058e614000b5a40,5,top_heavy,"[150, 80, 50, 40, 30]",0,0.0,1
820,57337ddc4776f41900660bbb,5,top_heavy,"[150, 80, 50, 40, 30]",0,0.7499999999999999,1
821,57337ddc4776f41900660bbc,5,top_heavy,"[150, 80, 50, 40, 30]",1,1.0,1
822,57337ddc4776f41900660bba,5,top_heavy,"[150, 80, 50, 40, 30]",1,1.0,1
823,57337ddc4776f41900660bbd,5,top_heavy,"[150, 80, 50, 40, 30]",0,0.0,1
824,57337ddc4776f41900660bbe,5,top_heavy,"[150, 80, 50, 40, 30]",0,0.25,1
825,57337ea24776f41900660bd0,5,top_heavy,"[150, 80, 50, 40, 30]",0,0.13333333333333333,1
826,57337ea24776f41900660bd3,5,top_heavy,"[150, 80, 50, 40, 30]",0,0.0,1
827,57337ea24776f41900660bd2,5,top_heavy,"[150, 80, 50, 40, 30]",1,1.0,1
828,57337ea24776f41900660bd1,5,top_heavy,"[150, 80, 50, 40, 30]",0,0.0,1
829,57337ea24776f41900660bd4,5,top_heavy,"[150, 80, 50, 40, 30]",0,0.0,1
830,57339555d058e614000b5df4,5,top_heavy,"[150, 80, 50, 40, 30]",1,1.0,1
831,57339555d058e614000b5df5,5,top_heavy,"[150, 80, 50, 40, 30]",1,1.0,1
832,57339555d058e614000b5df6,5,top_heavy,"[150, 80, 50, 40, 30]",1,1.0,1
833,57339555d058e614000b5df3,5,top_heavy,"[150, 80, 50, 40, 30]",1,1.0,1
834,57339555d058e614000b5df7,5,top_heavy,"[150, 80, 50, 40, 30]",0,0.22222222222222224,1
835,57339902d058e614000b5e70,5,top_heavy,"[150, 80, 50, 40, 30]",1,1.0,1
836,57339902d058e614000b5e71,5,top_heavy,"[150, 80, 50, 40, 30]",1,1.0,1
837,57339902d058e614000b5e72,5,top_heavy,"[150, 80, 50, 40, 30]",0,0.0,1
838,57339902d058e614000b5e73,5,top_heavy,"[150, 80, 50, 40, 30]",1,1.0,1
839,57339902d058e614000b5e74,5,top_heavy,"[150, 80, 50, 40, 30]",0,0.2666666666666667,1
840,573399b54776f41900660e64,5,top_heavy,"[150, 80, 50, 40, 30]",1,1.0,1
841,573399b54776f41900660e65,5,top_heavy,"[150, 80, 50, 40, 30]",0,0.5,1
842,573399b54776f41900660e66,5,top_heavy,"[150, 80, 50, 40, 30]",0,0.35294117647058826,1
843,573399b54776f41900660e67,5,top_heavy,"[150, 80, 50, 40, 30]",1,1.0,1
844,57339a554776f41900660e74,5,top_heavy,"[150, 80, 50, 40, 30]",1,1.0,1
845,57339a554776f41900660e75,5,top_heavy,"[150, 80, 50, 40, 30]",1,1.0,1
846,57339a554776f41900660e76,5,top_heavy,"[150, 80, 50, 40, 30]",1,1.0,1
847,57339a554776f41900660e77,5,top_heavy,"[150, 80, 50, 40, 30]",1,1.0,1
848,57339a554776f41900660e78,5,top_heavy,"[150, 80, 50, 40, 30]",0,0.0,1
849,57339ad74776f41900660e86,5,top_heavy,"[150, 80, 50, 40, 30]",1,1.0,1
850,57339ad74776f41900660e87,5,top_heavy,"[150, 80, 50, 40, 30]",0,0.0,0
851,57339ad74776f41900660e88,5,top_heavy,"[150, 80, 50, 40, 30]",1,1.0,1
852,57339ad74776f41900660e89,5,top_heavy,"[150, 80, 50, 40, 30]",0,0.0,1
853,57339ad74776f41900660e8a,5,top_heavy,"[150, 80, 50, 40, 30]",0,0.0,1
854,57339c16d058e614000b5ec5,5,top_heavy,"[150, 80, 50, 40, 30]",1,1.0,1
855,57339c16d058e614000b5ec6,5,top_heavy,"[150, 80, 50, 40, 30]",0,0.6666666666666666,1
856,57339c16d058e614000b5ec7,5,top_heavy,"[150, 80, 50, 40, 30]",0,0.8571428571428571,1
857,57339c16d058e614000b5ec8,5,top_heavy,"[150, 80, 50, 40, 30]",1,1.0,1
858,57339c16d058e614000b5ec9,5,top_heavy,"[150, 80, 50, 40, 30]",1,1.0,1
859,57339dd94776f41900660ecc,5,top_heavy,"[150, 80, 50, 40, 30]",1,1.0,1
860,57339dd94776f41900660ecd,5,top_heavy,"[150, 80, 50, 40, 30]",1,1.0,1
861,57339dd94776f41900660ece,5,top_heavy,"[150, 80, 50, 40, 30]",1,1.0,1
862,57339dd94776f41900660ecf,5,top_heavy,"[150, 80, 50, 40, 30]",1,1.0,1
863,57339dd94776f41900660ed0,5,top_heavy,"[150, 80, 50, 40, 30]",0,0.0,1
864,57339eb9d058e614000b5ef6,5,top_heavy,"[150, 80, 50, 40, 30]",1,1.0,1
865,57339eb9d058e614000b5ef7,5,top_heavy,"[150, 80, 50, 40, 30]",0,0.0,1
866,57339eb9d058e614000b5ef8,5,top_heavy,"[150, 80, 50, 40, 30]",1,1.0,1
867,57339eb9d058e614000b5ef9,5,top_heavy,"[150, 80, 50, 40, 30]",0,0.2222222222222222,1
868,57339eb9d058e614000b5efa,5,top_heavy,"[150, 80, 50, 40, 30]",1,1.0,1
869,5733a1854776f41900660f0a,5,top_heavy,"[150, 80, 50, 40, 30]",0,0.6,1
870,5733a1854776f41900660f0b,5,top_heavy,"[150, 80, 50, 40, 30]",1,1.0,1
871,5733a1854776f41900660f0c,5,top_heavy,"[150, 80, 50, 40, 30]",0,0.8,1
872,5733a1854776f41900660f0d,5,top_heavy,"[150, 80, 50, 40, 30]",1,1.0,1
873,5733a1854776f41900660f0e,5,top_heavy,"[150, 80, 50, 40, 30]",1,1.0,1
874,5733a2a9d058e614000b5f28,5,top_heavy,"[150, 80, 50, 40, 30]",1,1.0,1
875,5733a2a9d058e614000b5f29,5,top_heavy,"[150, 80, 50, 40, 30]",1,1.0,1
876,5733a2a9d058e614000b5f2a,5,top_heavy,"[150, 80, 50, 40, 30]",1,1.0,1
877,5733a2a9d058e614000b5f2b,5,top_heavy,"[150, 80, 50, 40, 30]",1,1.0,1
878,5733a2a9d058e614000b5f2c,5,top_heavy,"[150, 80, 50, 40, 30]",1,1.0,1
879,5733a32bd058e614000b5f32,5,top_heavy,"[150, 80, 50, 40, 30]",1,1.0,1
880,5733a32bd058e614000b5f33,5,top_heavy,"[150, 80, 50, 40, 30]",1,1.0,1
881,5733a32bd058e614000b5f34,5,top_heavy,"[150, 80, 50, 40, 30]",1,1.0,1
882,5733a32bd058e614000b5f35,5,top_heavy,"[150, 80, 50, 40, 30]",1,1.0,1
883,5733a32bd058e614000b5f36,5,top_heavy,"[150, 80, 50, 40, 30]",0,0.8,1
884,5733a45d4776f41900660f23,5,top_heavy,"[150, 80, 50, 40, 30]",0,0.0,0
885,5733a45d4776f41900660f24,5,top_heavy,"[150, 80, 50, 40, 30]",1,1.0,1
886,5733a45d4776f41900660f25,5,top_heavy,"[150, 80, 50, 40, 30]",1,1.0,1
887,5733a45d4776f41900660f26,5,top_heavy,"[150, 80, 50, 40, 30]",1,1.0,1
888,5733a45d4776f41900660f27,5,top_heavy,"[150, 80, 50, 40, 30]",1,1.0,1
889,5733a560d058e614000b5f77,5,top_heavy,"[150, 80, 50, 40, 30]",1,1.0,1
890,5733a560d058e614000b5f78,5,top_heavy,"[150, 80, 50, 40, 30]",1,1.0,1
891,5733a560d058e614000b5f79,5,top_heavy,"[150, 80, 50, 40, 30]",1,1.0,1
892,5733a560d058e614000b5f7a,5,top_heavy,"[150, 80, 50, 40, 30]",1,1.0,1
893,5733a560d058e614000b5f7b,5,top_heavy,"[150, 80, 50, 40, 30]",0,0.044444444444444446,1
894,5733a6ac4776f41900660f58,5,top_heavy,"[150, 80, 50, 40, 30]",1,1.0,1
895,5733a6ac4776f41900660f59,5,top_heavy,"[150, 80, 50, 40, 30]",1,1.0,1
896,5733a6ac4776f41900660f5a,5,top_heavy,"[150, 80, 50, 40, 30]",1,1.0,1
897,5733a6ac4776f41900660f5b,5,top_heavy,"[150, 80, 50, 40, 30]",0,0.6666666666666666,1
898,5733a6ac4776f41900660f5c,5,top_heavy,"[150, 80, 50, 40, 30]",1,1.0,1
899,573312fcd058e614000b56e6,5,top_heavy,"[150, 80, 50, 40, 30]",1,1.0,1
900,573312fcd058e614000b56e7,5,top_heavy,"[150, 80, 50, 40, 30]",1,1.0,1
901,573312fcd058e614000b56e8,5,top_heavy,"[150, 80, 50, 40, 30]",0,0.0,1
902,573312fcd058e614000b56e9,5,top_heavy,"[150, 80, 50, 40, 30]",1,1.0,1
903,573312fcd058e614000b56ea,5,top_heavy,"[150, 80, 50, 40, 30]",0,0.0,1
904,5733140a4776f419006606e0,5,top_heavy,"[150, 80, 50, 40, 30]",1,1.0,1
905,5733140a4776f419006606e1,5,top_heavy,"[150, 80, 50, 40, 30]",1,1.0,1
906,5733140a4776f419006606e2,5,top_heavy,"[150, 80, 50, 40, 30]",0,0.0,1
907,5733140a4776f419006606e3,5,top_heavy,"[150, 80, 50, 40, 30]",1,1.0,1
908,5733140a4776f419006606e4,5,top_heavy,"[150, 80, 50, 40, 30]",0,0.0,1
909,573314e3d058e614000b56f0,5,top_heavy,"[150, 80, 50, 40, 30]",1,1.0,1
910,573314e3d058e614000b56f1,5,top_heavy,"[150, 80, 50, 40, 30]",0,0.0425531914893617,0
911,573314e3d058e614000b56f2,5,top_heavy,"[150, 80, 50, 40, 30]",1,1.0,1
912,573314e3d058e614000b56f3,5,top_heavy,"[150, 80, 50, 40, 30]",0,0.0,1
913,573314e3d058e614000b56f4,5,top_heavy,"[150, 80, 50, 40, 30]",0,0.0,1
914,57332442d058e614000b5720,5,top_heavy,"[150, 80, 50, 40, 30]",1,1.0,1
915,57332442d058e614000b5721,5,top_heavy,"[150, 80, 50, 40, 30]",1,1.0,1
916,57332442d058e614000b5722,5,top_heavy,"[150, 80, 50, 40, 30]",0,0.14285714285714285,1
917,57332442d058e614000b5723,5,top_heavy,"[150, 80, 50, 40, 30]",0,0.0,1
918,57332442d058e614000b5724,5,top_heavy,"[150, 80, 50, 40, 30]",0,0.0,1
919,57332562d058e614000b5730,5,top_heavy,"[150, 80, 50, 40, 30]",1,1.0,1
920,57332562d058e614000b5731,5,top_heavy,"[150, 80, 50, 40, 30]",1,1.0,1
921,57332562d058e614000b5732,5,top_heavy,"[150, 80, 50, 40, 30]",0,0.0,1
922,57332562d058e614000b5733,5,top_heavy,"[150, 80, 50, 40, 30]",0,0.0,1
923,57332562d058e614000b5734,5,top_heavy,"[150, 80, 50, 40, 30]",0,0.0,1
924,5733266d4776f41900660712,5,top_heavy,"[150, 80, 50, 40, 30]",1,1.0,1
925,5733266d4776f41900660713,5,top_heavy,"[150, 80, 50, 40, 30]",1,1.0,1
926,5733266d4776f41900660714,5,top_heavy,"[150, 80, 50, 40, 30]",1,1.0,1
927,5733266d4776f41900660715,5,top_heavy,"[150, 80, 50, 40, 30]",0,0.5555555555555556,1
928,5733266d4776f41900660716,5,top_heavy,"[150, 80, 50, 40, 30]",1,1.0,1
929,57332a734776f41900660726,5,top_heavy,"[150, 80, 50, 40, 30]",0,0.6666666666666666,1
930,57332a734776f41900660727,5,top_heavy,"[150, 80, 50, 40, 30]",1,1.0,1
931,57332a734776f41900660728,5,top_heavy,"[150, 80, 50, 40, 30]",1,1.0,1
932,57332a734776f41900660729,5,top_heavy,"[150, 80, 50, 40, 30]",0,0.2857142857142857,1
933,57332a734776f4190066072a,5,top_heavy,"[150, 80, 50, 40, 30]",1,1.0,1
934,57332b66d058e614000b5758,5,top_heavy,"[150, 80, 50, 40, 30]",1,1.0,1
935,57332b66d058e614000b5759,5,top_heavy,"[150, 80, 50, 40, 30]",1,1.0,1
936,57332b66d058e614000b575a,5,top_heavy,"[150, 80, 50, 40, 30]",1,1.0,1
937,57332b66d058e614000b575b,5,top_heavy,"[150, 80, 50, 40, 30]",1,1.0,1
938,57332b66d058e614000b575c,5,top_heavy,"[150, 80, 50, 40, 30]",1,1.0,1
939,57332c1e4776f4190066073a,5,top_heavy,"[150, 80, 50, 40, 30]",0,0.0,0
940,57332c1e4776f4190066073b,5,top_heavy,"[150, 80, 50, 40, 30]",0,0.0,1
941,57332c1e4776f4190066073c,5,top_heavy,"[150, 80, 50, 40, 30]",0,0.6666666666666666,1
942,57332c1e4776f4190066073d,5,top_heavy,"[150, 80, 50, 40, 30]",1,1.0,1
943,57332c1e4776f4190066073e,5,top_heavy,"[150, 80, 50, 40, 30]",0,0.0,1
944,57332e48d058e614000b5762,5,top_heavy,"[150, 80, 50, 40, 30]",1,1.0,1
945,57332e48d058e614000b5763,5,top_heavy,"[150, 80, 50, 40, 30]",1,1.0,1
946,57332e48d058e614000b5764,5,top_heavy,"[150, 80, 50, 40, 30]",0,0.3333333333333333,1
947,57332e48d058e614000b5765,5,top_heavy,"[150, 80, 50, 40, 30]",1,1.0,1
948,57332e48d058e614000b5766,5,top_heavy,"[150, 80, 50, 40, 30]",0,0.0,1
949,57332f81d058e614000b5776,5,top_heavy,"[150, 80, 50, 40, 30]",0,0.8571428571428571,1
950,57332f81d058e614000b5777,5,top_heavy,"[150, 80, 50, 40, 30]",0,0.5,1
951,57332f81d058e614000b5778,5,top_heavy,"[150, 80, 50, 40, 30]",0,0.0,1
952,57332f81d058e614000b5779,5,top_heavy,"[150, 80, 50, 40, 30]",1,1.0,1
953,57332f81d058e614000b577a,5,top_heavy,"[150, 80, 50, 40, 30]",1,1.0,1
954,573330444776f41900660758,5,top_heavy,"[150, 80, 50, 40, 30]",1,1.0,1
955,573330444776f41900660759,5,top_heavy,"[150, 80, 50, 40, 30]",1,1.0,1
956,573330444776f4190066075a,5,top_heavy,"[150, 80, 50, 40, 30]",1,1.0,1
957,573330444776f4190066075b,5,top_heavy,"[150, 80, 50, 40, 30]",1,1.0,1
958,573330444776f4190066075c,5,top_heavy,"[150, 80, 50, 40, 30]",1,1.0,1
959,5733314e4776f4190066076a,5,top_heavy,"[150, 80, 50, 40, 30]",1,1.0,1
960,5733314e4776f4190066076b,5,top_heavy,"[150, 80, 50, 40, 30]",1,1.0,1
961,5733314e4776f4190066076c,5,top_heavy,"[150, 80, 50, 40, 30]",1,1.0,0
962,5733314e4776f4190066076d,5,top_heavy,"[150, 80, 50, 40, 30]",0,0.21052631578947367,1
963,5733314e4776f4190066076e,5,top_heavy,"[150, 80, 50, 40, 30]",0,0.0,1
964,57335c20d058e614000b58f9,5,top_heavy,"[150, 80, 50, 40, 30]",1,1.0,1
965,57335c20d058e614000b58fa,5,top_heavy,"[150, 80, 50, 40, 30]",0,0.0,1
966,57335c20d058e614000b58fc,5,top_heavy,"[150, 80, 50, 40, 30]",0,0.6666666666666666,1
967,57335c20d058e614000b58fb,5,top_heavy,"[150, 80, 50, 40, 30]",1,1.0,1
968,57335c20d058e614000b58fd,5,top_heavy,"[150, 80, 50, 40, 30]",1,1.0,1
969,57335ddbd058e614000b592f,5,top_heavy,"[150, 80, 50, 40, 30]",0,0.6666666666666666,1
970,57335ddbd058e614000b5930,5,top_heavy,"[150, 80, 50, 40, 30]",1,1.0,1
971,57335ddbd058e614000b5931,5,top_heavy,"[150, 80, 50, 40, 30]",0,0.5,1
972,57335ddbd058e614000b5932,5,top_heavy,"[150, 80, 50, 40, 30]",0,0.0,1
973,57335ddbd058e614000b5933,5,top_heavy,"[150, 80, 50, 40, 30]",0,0.0,1
974,57335fcad058e614000b5970,5,top_heavy,"[150, 80, 50, 40, 30]",1,1.0,1
975,57335fcad058e614000b5971,5,top_heavy,"[150, 80, 50, 40, 30]",1,1.0,1
976,57335fcad058e614000b5972,5,top_heavy,"[150, 80, 50, 40, 30]",0,0.0,0
977,57335fcad058e614000b5973,5,top_heavy,"[150, 80, 50, 40, 30]",1,1.0,1
978,57335fcad058e614000b5974,5,top_heavy,"[150, 80, 50, 40, 30]",0,0.7499999999999999,1
979,573361404776f4190066093c,5,top_heavy,"[150, 80, 50, 40, 30]",1,1.0,1
980,573361404776f4190066093d,5,top_heavy,"[150, 80, 50, 40, 30]",1,1.0,1
981,573361404776f4190066093e,5,top_heavy,"[150, 80, 50, 40, 30]",0,0.8,1
982,573361404776f4190066093f,5,top_heavy,"[150, 80, 50, 40, 30]",0,0.6666666666666666,1
983,573361404776f41900660940,5,top_heavy,"[150, 80, 50, 40, 30]",0,0.0,1
984,573362b94776f41900660974,5,top_heavy,"[150, 80, 50, 40, 30]",1,1.0,1
985,573362b94776f41900660975,5,top_heavy,"[150, 80, 50, 40, 30]",1,1.0,1
986,573362b94776f41900660976,5,top_heavy,"[150, 80, 50, 40, 30]",0,0.6666666666666666,1
987,573362b94776f41900660977,5,top_heavy,"[150, 80, 50, 40, 30]",1,1.0,1
988,573362b94776f41900660978,5,top_heavy,"[150, 80, 50, 40, 30]",0,0.0,1
989,5733638fd058e614000b59e8,5,top_heavy,"[150, 80, 50, 40, 30]",1,1.0,1
990,5733638fd058e614000b59e9,5,top_heavy,"[150, 80, 50, 40, 30]",0,0.6086956521739131,1
991,5733638fd058e614000b59ea,5,top_heavy,"[150, 80, 50, 40, 30]",1,1.0,1
992,5733638fd058e614000b59eb,5,top_heavy,"[150, 80, 50, 40, 30]",1,1.0,1
993,5733638fd058e614000b59ec,5,top_heavy,"[150, 80, 50, 40, 30]",0,0.0,1
994,5733647e4776f419006609ae,5,top_heavy,"[150, 80, 50, 40, 30]",0,0.0,1
995,5733647e4776f419006609af,5,top_heavy,"[150, 80, 50, 40, 30]",1,1.0,1
996,5733647e4776f419006609b0,5,top_heavy,"[150, 80, 50, 40, 30]",1,1.0,1
997,5733647e4776f419006609b1,5,top_heavy,"[150, 80, 50, 40, 30]",1,1.0,1
998,5733647e4776f419006609b2,5,top_heavy,"[150, 80, 50, 40, 30]",0,0.0,1
999,573368044776f41900660a29,5,top_heavy,"[150, 80, 50, 40, 30]",1,1.0,1
0,56be4db0acb8001400a502ec,7,uniform,"[50, 50, 50, 50, 50, 50, 50]",1,1.0,1
1,56be4db0acb8001400a502ed,7,uniform,"[50, 50, 50, 50, 50, 50, 50]",0,0.0,1
2,56be4db0acb8001400a502ee,7,uniform,"[50, 50, 50, 50, 50, 50, 50]",0,0.0,1
3,56be4db0acb8001400a502ef,7,uniform,"[50, 50, 50, 50, 50, 50, 50]",1,1.0,1
4,56be4db0acb8001400a502f0,7,uniform,"[50, 50, 50, 50, 50, 50, 50]",0,0.0,1
5,56be8e613aeaaa14008c90d1,7,uniform,"[50, 50, 50, 50, 50, 50, 50]",0,0.0,1
6,56be8e613aeaaa14008c90d2,7,uniform,"[50, 50, 50, 50, 50, 50, 50]",0,0.0,1
7,56be8e613aeaaa14008c90d3,7,uniform,"[50, 50, 50, 50, 50, 50, 50]",1,1.0,1
8,56bea9923aeaaa14008c91b9,7,uniform,"[50, 50, 50, 50, 50, 50, 50]",0,0.0,1
9,56bea9923aeaaa14008c91ba,7,uniform,"[50, 50, 50, 50, 50, 50, 50]",0,0.0,0
10,56bea9923aeaaa14008c91bb,7,uniform,"[50, 50, 50, 50, 50, 50, 50]",0,0.0,1
11,56beace93aeaaa14008c91df,7,uniform,"[50, 50, 50, 50, 50, 50, 50]",1,1.0,1
12,56beace93aeaaa14008c91e0,7,uniform,"[50, 50, 50, 50, 50, 50, 50]",1,1.0,1
13,56beace93aeaaa14008c91e1,7,uniform,"[50, 50, 50, 50, 50, 50, 50]",0,0.0,1
14,56beace93aeaaa14008c91e2,7,uniform,"[50, 50, 50, 50, 50, 50, 50]",0,0.6666666666666666,1
15,56beace93aeaaa14008c91e3,7,uniform,"[50, 50, 50, 50, 50, 50, 50]",1,1.0,1
16,56bf10f43aeaaa14008c94fd,7,uniform,"[50, 50, 50, 50, 50, 50, 50]",1,1.0,1
17,56bf10f43aeaaa14008c94fe,7,uniform,"[50, 50, 50, 50, 50, 50, 50]",0,0.0,1
18,56bf10f43aeaaa14008c94ff,7,uniform,"[50, 50, 50, 50, 50, 50, 50]",1,1.0,1
19,56bf10f43aeaaa14008c9500,7,uniform,"[50, 50, 50, 50, 50, 50, 50]",0,0.0,1
20,56bf10f43aeaaa14008c9501,7,uniform,"[50, 50, 50, 50, 50, 50, 50]",0,0.5,0
21,56d20362e7d4791d009025e8,7,uniform,"[50, 50, 50, 50, 50, 50, 50]",1,1.0,1
22,56d20362e7d4791d009025e9,7,uniform,"[50, 50, 50, 50, 50, 50, 50]",1,1.0,1
23,56d20362e7d4791d009025ea,7,uniform,"[50, 50, 50, 50, 50, 50, 50]",0,0.0,1
24,56d20362e7d4791d009025eb,7,uniform,"[50, 50, 50, 50, 50, 50, 50]",1,1.0,1
25,56d600e31c85041400946eae,7,uniform,"[50, 50, 50, 50, 50, 50, 50]",1,1.0,1
26,56d600e31c85041400946eb0,7,uniform,"[50, 50, 50, 50, 50, 50, 50]",1,1.0,1
27,56d600e31c85041400946eb1,7,uniform,"[50, 50, 50, 50, 50, 50, 50]",0,0.0,1
28,56d9895ddc89441400fdb50e,7,uniform,"[50, 50, 50, 50, 50, 50, 50]",0,0.8,1
29,56d9895ddc89441400fdb510,7,uniform,"[50, 50, 50, 50, 50, 50, 50]",1,1.0,1
30,56be4e1facb8001400a502f6,7,uniform,"[50, 50, 50, 50, 50, 50, 50]",1,1.0,1
31,56be4e1facb8001400a502f9,7,uniform,"[50, 50, 50, 50, 50, 50, 50]",0,0.0,1
32,56be4e1facb8001400a502fa,7,uniform,"[50, 50, 50, 50, 50, 50, 50]",0,0.0,1
33,56beaa4a3aeaaa14008c91c2,7,uniform,"[50, 50, 50, 50, 50, 50, 50]",0,0.0,0
34,56beaa4a3aeaaa14008c91c3,7,uniform,"[50, 50, 50, 50, 50, 50, 50]",0,0.0,1
35,56bead5a3aeaaa14008c91e9,7,uniform,"[50, 50, 50, 50, 50, 50, 50]",1,1.0,1
36,56bead5a3aeaaa14008c91ea,7,uniform,"[50, 50, 50, 50, 50, 50, 50]",0,0.0,1
37,56bead5a3aeaaa14008c91eb,7,uniform,"[50, 50, 50, 50, 50, 50, 50]",1,1.0,0
38,56bead5a3aeaaa14008c91ec,7,uniform,"[50, 50, 50, 50, 50, 50, 50]",0,0.0,1
39,56bead5a3aeaaa14008c91ed,7,uniform,"[50, 50, 50, 50, 50, 50, 50]",1,1.0,1
40,56bf159b3aeaaa14008c9507,7,uniform,"[50, 50, 50, 50, 50, 50, 50]",1,1.0,1
41,56bf159b3aeaaa14008c9508,7,uniform,"[50, 50, 50, 50, 50, 50, 50]",0,0.0,0
42,56bf159b3aeaaa14008c9509,7,uniform,"[50, 50, 50, 50, 50, 50, 50]",0,0.0,1
43,56bf159b3aeaaa14008c950a,7,uniform,"[50, 50, 50, 50, 50, 50, 50]",0,0.0,1
44,56bf159b3aeaaa14008c950b,7,uniform,"[50, 50, 50, 50, 50, 50, 50]",0,0.0,1
45,56d2045de7d4791d009025f3,7,uniform,"[50, 50, 50, 50, 50, 50, 50]",1,1.0,1
46,56d2045de7d4791d009025f4,7,uniform,"[50, 50, 50, 50, 50, 50, 50]",1,1.0,1
47,56d2045de7d4791d009025f5,7,uniform,"[50, 50, 50, 50, 50, 50, 50]",0,0.0,1
48,56d2045de7d4791d009025f6,7,uniform,"[50, 50, 50, 50, 50, 50, 50]",0,0.0,1
49,56d6017d1c85041400946ebe,7,uniform,"[50, 50, 50, 50, 50, 50, 50]",1,1.0,1
50,56d6017d1c85041400946ec1,7,uniform,"[50, 50, 50, 50, 50, 50, 50]",0,0.0,1
51,56d6017d1c85041400946ec2,7,uniform,"[50, 50, 50, 50, 50, 50, 50]",1,1.0,1
52,56d98a59dc89441400fdb52a,7,uniform,"[50, 50, 50, 50, 50, 50, 50]",1,1.0,1
53,56d98a59dc89441400fdb52b,7,uniform,"[50, 50, 50, 50, 50, 50, 50]",0,0.0,1
54,56d98a59dc89441400fdb52e,7,uniform,"[50, 50, 50, 50, 50, 50, 50]",0,0.0,0
55,56be4eafacb8001400a50302,7,uniform,"[50, 50, 50, 50, 50, 50, 50]",0,0.0,1
56,56be4eafacb8001400a50303,7,uniform,"[50, 50, 50, 50, 50, 50, 50]",0,0.0,1
57,56be4eafacb8001400a50304,7,uniform,"[50, 50, 50, 50, 50, 50, 50]",1,1.0,0
58,56beab833aeaaa14008c91d2,7,uniform,"[50, 50, 50, 50, 50, 50, 50]",0,0.0,1
59,56beab833aeaaa14008c91d3,7,uniform,"[50, 50, 50, 50, 50, 50, 50]",0,0.0,1
60,56beab833aeaaa14008c91d4,7,uniform,"[50, 50, 50, 50, 50, 50, 50]",1,1.0,1
61,56beae423aeaaa14008c91f4,7,uniform,"[50, 50, 50, 50, 50, 50, 50]",1,1.0,1
62,56beae423aeaaa14008c91f5,7,uniform,"[50, 50, 50, 50, 50, 50, 50]",0,0.0,1
63,56beae423aeaaa14008c91f6,7,uniform,"[50, 50, 50, 50, 50, 50, 50]",0,0.0,1
64,56beae423aeaaa14008c91f7,7,uniform,"[50, 50, 50, 50, 50, 50, 50]",0,0.0,1
65,56bf17653aeaaa14008c9511,7,uniform,"[50, 50, 50, 50, 50, 50, 50]",0,0.0,1
66,56bf17653aeaaa14008c9513,7,uniform,"[50, 50, 50, 50, 50, 50, 50]",0,0.0,1
67,56bf17653aeaaa14008c9514,7,uniform,"[50, 50, 50, 50, 50, 50, 50]",0,0.0,1
68,56bf17653aeaaa14008c9515,7,uniform,"[50, 50, 50, 50, 50, 50, 50]",0,0.0,1
69,56d204ade7d4791d00902603,7,uniform,"[50, 50, 50, 50, 50, 50, 50]",0,0.0,1
70,56d204ade7d4791d00902604,7,uniform,"[50, 50, 50, 50, 50, 50, 50]",0,0.0,1
71,56d601e41c85041400946ece,7,uniform,"[50, 50, 50, 50, 50, 50, 50]",1,1.0,1
72,56d601e41c85041400946ecf,7,uniform,"[50, 50, 50, 50, 50, 50, 50]",1,1.0,1
73,56d601e41c85041400946ed0,7,uniform,"[50, 50, 50, 50, 50, 50, 50]",1,1.0,1
74,56d601e41c85041400946ed1,7,uniform,"[50, 50, 50, 50, 50, 50, 50]",0,0.0,0
75,56d601e41c85041400946ed2,7,uniform,"[50, 50, 50, 50, 50, 50, 50]",0,0.0,1
76,56d98b33dc89441400fdb53b,7,uniform,"[50, 50, 50, 50, 50, 50, 50]",1,1.0,1
77,56d98b33dc89441400fdb53c,7,uniform,"[50, 50, 50, 50, 50, 50, 50]",1,1.0,1
78,56d98b33dc89441400fdb53d,7,uniform,"[50, 50, 50, 50, 50, 50, 50]",0,0.0,1
79,56d98b33dc89441400fdb53e,7,uniform,"[50, 50, 50, 50, 50, 50, 50]",0,0.0,1
80,56be5333acb8001400a5030a,7,uniform,"[50, 50, 50, 50, 50, 50, 50]",1,1.0,1
81,56be5333acb8001400a5030b,7,uniform,"[50, 50, 50, 50, 50, 50, 50]",1,1.0,1
82,56be5333acb8001400a5030c,7,uniform,"[50, 50, 50, 50, 50, 50, 50]",1,1.0,1
83,56be5333acb8001400a5030d,7,uniform,"[50, 50, 50, 50, 50, 50, 50]",0,0.0,1
84,56be5333acb8001400a5030e,7,uniform,"[50, 50, 50, 50, 50, 50, 50]",0,0.6666666666666666,1
85,56beaf5e3aeaaa14008c91fd,7,uniform,"[50, 50, 50, 50, 50, 50, 50]",1,1.0,1
86,56beaf5e3aeaaa14008c91fe,7,uniform,"[50, 50, 50, 50, 50, 50, 50]",1,1.0,1
87,56beaf5e3aeaaa14008c91ff,7,uniform,"[50, 50, 50, 50, 50, 50, 50]",0,0.0,1
88,56beaf5e3aeaaa14008c9200,7,uniform,"[50, 50, 50, 50, 50, 50, 50]",0,0.0,1
89,56beaf5e3aeaaa14008c9201,7,uniform,"[50, 50, 50, 50, 50, 50, 50]",1,1.0,1
90,56bf1ae93aeaaa14008c951b,7,uniform,"[50, 50, 50, 50, 50, 50, 50]",1,1.0,1
91,56bf1ae93aeaaa14008c951c,7,uniform,"[50, 50, 50, 50, 50, 50, 50]",1,1.0,1
92,56bf1ae93aeaaa14008c951e,7,uniform,"[50, 50, 50, 50, 50, 50, 50]",0,0.0,1
93,56bf1ae93aeaaa14008c951f,7,uniform,"[50, 50, 50, 50, 50, 50, 50]",0,0.0,1
94,56d2051ce7d4791d00902608,7,uniform,"[50, 50, 50, 50, 50, 50, 50]",1,1.0,1
95,56d2051ce7d4791d00902609,7,uniform,"[50, 50, 50, 50, 50, 50, 50]",0,0.0,0
96,56d2051ce7d4791d0090260a,7,uniform,"[50, 50, 50, 50, 50, 50, 50]",1,1.0,1
97,56d2051ce7d4791d0090260b,7,uniform,"[50, 50, 50, 50, 50, 50, 50]",0,0.0,1
98,56d602631c85041400946ed8,7,uniform,"[50, 50, 50, 50, 50, 50, 50]",1,1.0,1
99,56d602631c85041400946eda,7,uniform,"[50, 50, 50, 50, 50, 50, 50]",1,1.0,1
100,56d602631c85041400946edb,7,uniform,"[50, 50, 50, 50, 50, 50, 50]",0,0.0,1
101,56d602631c85041400946edc,7,uniform,"[50, 50, 50, 50, 50, 50, 50]",0,0.6666666666666666,1
102,56d98c53dc89441400fdb544,7,uniform,"[50, 50, 50, 50, 50, 50, 50]",0,0.0,0
103,56d98c53dc89441400fdb545,7,uniform,"[50, 50, 50, 50, 50, 50, 50]",1,1.0,1
104,56d98c53dc89441400fdb546,7,uniform,"[50, 50, 50, 50, 50, 50, 50]",0,0.0,1
105,56d98c53dc89441400fdb548,7,uniform,"[50, 50, 50, 50, 50, 50, 50]",0,0.0,1
106,56be53b8acb8001400a50314,7,uniform,"[50, 50, 50, 50, 50, 50, 50]",1,1.0,1
107,56be53b8acb8001400a50315,7,uniform,"[50, 50, 50, 50, 50, 50, 50]",0,0.6666666666666666,1
108,56be53b8acb8001400a50316,7,uniform,"[50, 50, 50, 50, 50, 50, 50]",1,1.0,1
109,56beafca3aeaaa14008c9207,7,uniform,"[50, 50, 50, 50, 50, 50, 50]",1,1.0,1
110,56beafca3aeaaa14008c9208,7,uniform,"[50, 50, 50, 50, 50, 50, 50]",0,0.0,0
111,56bf42f53aeaaa14008c95a3,7,uniform,"[50, 50, 50, 50, 50, 50, 50]",1,1.0,1
112,56d2053ae7d4791d00902610,7,uniform,"[50, 50, 50, 50, 50, 50, 50]",1,1.0,1
113,56d6edd00d65d21400198250,7,uniform,"[50, 50, 50, 50, 50, 50, 50]",1,1.0,1
114,56d6edd00d65d21400198251,7,uniform,"[50, 50, 50, 50, 50, 50, 50]",1,1.0,1
115,56d98d0adc89441400fdb54e,7,uniform,"[50, 50, 50, 50, 50, 50, 50]",0,0.0,1
116,56d98d0adc89441400fdb54f,7,uniform,"[50, 50, 50, 50, 50, 50, 50]",1,1.0,1
117,56be5438acb8001400a5031a,7,uniform,"[50, 50, 50, 50, 50, 50, 50]",0,0.0,0
118,56be5438acb8001400a5031b,7,uniform,"[50, 50, 50, 50, 50, 50, 50]",0,0.0,0
119,56be5438acb8001400a5031c,7,uniform,"[50, 50, 50, 50, 50, 50, 50]",0,0.0,0
120,56beb03c3aeaaa14008c920b,7,uniform,"[50, 50, 50, 50, 50, 50, 50]",1,1.0,0
121,56beb03c3aeaaa14008c920d,7,uniform,"[50, 50, 50, 50, 50, 50, 50]",0,0.0,1
122,56bf3c633aeaaa14008c9580,7,uniform,"[50, 50, 50, 50, 50, 50, 50]",0,0.0,0
123,56bf3c633aeaaa14008c9581,7,uniform,"[50, 50, 50, 50, 50, 50, 50]",0,0.0,0
124,56bf3c633aeaaa14008c9582,7,uniform,"[50, 50, 50, 50, 50, 50, 50]",1,1.0,0
125,56d20564e7d4791d00902612,7,uniform,"[50, 50, 50, 50, 50, 50, 50]",0,0.23529411764705882,0
126,56d6ee6e0d65d21400198254,7,uniform,"[50, 50, 50, 50, 50, 50, 50]",0,0.0,0
127,56d6ee6e0d65d21400198255,7,uniform,"[50, 50, 50, 50, 50, 50, 50]",1,1.0,1
128,56d6ee6e0d65d21400198256,7,uniform,"[50, 50, 50, 50, 50, 50, 50]",1,1.0,1
129,56d6ee6e0d65d21400198257,7,uniform,"[50, 50, 50, 50, 50, 50, 50]",0,0.0,0
130,56d6ee6e0d65d21400198258,7,uniform,"[50, 50, 50, 50, 50, 50, 50]",1,1.0,1
131,56d98db6dc89441400fdb552,7,uniform,"[50, 50, 50, 50, 50, 50, 50]",0,0.4,0
132,56d98db6dc89441400fdb553,7,uniform,"[50, 50, 50, 50, 50, 50, 50]",0,0.0,0
133,56d98db6dc89441400fdb554,7,uniform,"[50, 50, 50, 50, 50, 50, 50]",1,1.0,0
134,56be54bdacb8001400a50322,7,uniform,"[50, 50, 50, 50, 50, 50, 50]",1,1.0,1
135,56be54bdacb8001400a50323,7,uniform,"[50, 50, 50, 50, 50, 50, 50]",1,1.0,1
136,56be54bdacb8001400a50324,7,uniform,"[50, 50, 50, 50, 50, 50, 50]",0,0.6666666666666666,1
137,56be54bdacb8001400a50325,7,uniform,"[50, 50, 50, 50, 50, 50, 50]",0,0.0,1
138,56be54bdacb8001400a50326,7,uniform,"[50, 50, 50, 50, 50, 50, 50]",0,0.0,1
139,56beb0f43aeaaa14008c921b,7,uniform,"[50, 50, 50, 50, 50, 50, 50]",1,1.0,1
140,56beb0f43aeaaa14008c921c,7,uniform,"[50, 50, 50, 50, 50, 50, 50]",1,1.0,1
141,56beb0f43aeaaa14008c921d,7,uniform,"[50, 50, 50, 50, 50, 50, 50]",0,0.0,1
142,56beb0f43aeaaa14008c921e,7,uniform,"[50, 50, 50, 50, 50, 50, 50]",0,0.0,1
143,56beb0f43aeaaa14008c921f,7,uniform,"[50, 50, 50, 50, 50, 50, 50]",0,0.0,1
144,56bf21b43aeaaa14008c9525,7,uniform,"[50, 50, 50, 50, 50, 50, 50]",1,1.0,1
145,56bf21b43aeaaa14008c9526,7,uniform,"[50, 50, 50, 50, 50, 50, 50]",0,0.6666666666666666,1
146,56bf21b43aeaaa14008c9528,7,uniform,"[50, 50, 50, 50, 50, 50, 50]",0,0.0,1
147,56bf21b43aeaaa14008c9529,7,uniform,"[50, 50, 50, 50, 50, 50, 50]",0,0.0,1
148,56d6ef6a0d65d21400198260,7,uniform,"[50, 50, 50, 50, 50, 50, 50]",0,0.0,1
149,56d6ef6a0d65d21400198262,7,uniform,"[50, 50, 50, 50, 50, 50, 50]",0,0.0,1
150,56d98f0ddc89441400fdb558,7,uniform,"[50, 50, 50, 50, 50, 50, 50]",1,1.0,1
151,56d98f0ddc89441400fdb559,7,uniform,"[50, 50, 50, 50, 50, 50, 50]",1,1.0,1
152,56d98f0ddc89441400fdb55a,7,uniform,"[50, 50, 50, 50, 50, 50, 50]",0,0.0,1
153,56d98f0ddc89441400fdb55b,7,uniform,"[50, 50, 50, 50, 50, 50, 50]",0,0.0,1
154,56d98f0ddc89441400fdb55c,7,uniform,"[50, 50, 50, 50, 50, 50, 50]",0,0.0,1
155,56be5523acb8001400a5032c,7,uniform,"[50, 50, 50, 50, 50, 50, 50]",1,1.0,1
156,56be5523acb8001400a5032d,7,uniform,"[50, 50, 50, 50, 50, 50, 50]",0,0.0,0
157,56be5523acb8001400a5032e,7,uniform,"[50, 50, 50, 50, 50, 50, 50]",1,1.0,1
158,56be5523acb8001400a5032f,7,uniform,"[50, 50, 50, 50, 50, 50, 50]",1,1.0,1
159,56be5523acb8001400a50330,7,uniform,"[50, 50, 50, 50, 50, 50, 50]",0,0.3333333333333333,1
160,56beb2153aeaaa14008c9225,7,uniform,"[50, 50, 50, 50, 50, 50, 50]",1,1.0,1
161,56beb2153aeaaa14008c9226,7,uniform,"[50, 50, 50, 50, 50, 50, 50]",1,1.0,1
162,56beb2153aeaaa14008c9227,7,uniform,"[50, 50, 50, 50, 50, 50, 50]",1,1.0,1
163,56beb2153aeaaa14008c9228,7,uniform,"[50, 50, 50, 50, 50, 50, 50]",0,0.6666666666666666,1
164,56beb2153aeaaa14008c9229,7,uniform,"[50, 50, 50, 50, 50, 50, 50]",0,0.5,1
165,56bf23363aeaaa14008c952f,7,uniform,"[50, 50, 50, 50, 50, 50, 50]",0,0.0,1
166,56bf23363aeaaa14008c9530,7,uniform,"[50, 50, 50, 50, 50, 50, 50]",1,1.0,1
167,56bf23363aeaaa14008c9531,7,uniform,"[50, 50, 50, 50, 50, 50, 50]",1,1.0,1
168,56bf23363aeaaa14008c9532,7,uniform,"[50, 50, 50, 50, 50, 50, 50]",0,0.0,1
169,56bf23363aeaaa14008c9533,7,uniform,"[50, 50, 50, 50, 50, 50, 50]",0,0.6666666666666666,1
170,56d6f0770d65d21400198268,7,uniform,"[50, 50, 50, 50, 50, 50, 50]",1,1.0,1
171,56d6f0770d65d21400198269,7,uniform,"[50, 50, 50, 50, 50, 50, 50]",1,1.0,1
172,56d6f0770d65d2140019826a,7,uniform,"[50, 50, 50, 50, 50, 50, 50]",0,0.0,1
173,56d6f0770d65d2140019826c,7,uniform,"[50, 50, 50, 50, 50, 50, 50]",0,0.0,1
174,56d98fbfdc89441400fdb562,7,uniform,"[50, 50, 50, 50, 50, 50, 50]",1,1.0,1
175,56d98fbfdc89441400fdb563,7,uniform,"[50, 50, 50, 50, 50, 50, 50]",1,1.0,1
176,56d98fbfdc89441400fdb564,7,uniform,"[50, 50, 50, 50, 50, 50, 50]",1,1.0,1
177,56d98fbfdc89441400fdb565,7,uniform,"[50, 50, 50, 50, 50, 50, 50]",0,0.0,1
178,56be572b3aeaaa14008c9052,7,uniform,"[50, 50, 50, 50, 50, 50, 50]",0,0.0,1
179,56beb2a03aeaaa14008c922f,7,uniform,"[50, 50, 50, 50, 50, 50, 50]",0,0.0,1
180,56beb2a03aeaaa14008c9230,7,uniform,"[50, 50, 50, 50, 50, 50, 50]",0,0.0,1
181,56beb2a03aeaaa14008c9231,7,uniform,"[50, 50, 50, 50, 50, 50, 50]",1,1.0,1
182,56beb2a03aeaaa14008c9232,7,uniform,"[50, 50, 50, 50, 50, 50, 50]",0,0.0,1
183,56beb2a03aeaaa14008c9233,7,uniform,"[50, 50, 50, 50, 50, 50, 50]",1,1.0,1
184,56bf28c73aeaaa14008c9539,7,uniform,"[50, 50, 50, 50, 50, 50, 50]",0,0.0,1
185,56bf28c73aeaaa14008c953a,7,uniform,"[50, 50, 50, 50, 50, 50, 50]",1,1.0,1
186,56bf28c73aeaaa14008c953c,7,uniform,"[50, 50, 50, 50, 50, 50, 50]",0,0.6666666666666666,1
187,56bf28c73aeaaa14008c953d,7,uniform,"[50, 50, 50, 50, 50, 50, 50]",0,0.0,1
188,56d6f1190d65d21400198272,7,uniform,"[50, 50, 50, 50, 50, 50, 50]",0,0.8,1
189,56d6f1190d65d21400198273,7,uniform,"[50, 50, 50, 50, 50, 50, 50]",0,0.8,1
190,56d6f1190d65d21400198274,7,uniform,"[50, 50, 50, 50, 50, 50, 50]",0,0.6666666666666666,1
191,56d6f1190d65d21400198275,7,uniform,"[50, 50, 50, 50, 50, 50, 50]",0,0.0,1
192,56d6f1190d65d21400198276,7,uniform,"[50, 50, 50, 50, 50, 50, 50]",0,0.0,1
193,56d99179dc89441400fdb56c,7,uniform,"[50, 50, 50, 50, 50, 50, 50]",1,1.0,1
194,56d99179dc89441400fdb56d,7,uniform,"[50, 50, 50, 50, 50, 50, 50]",0,0.0,1
195,56d99179dc89441400fdb570,7,uniform,"[50, 50, 50, 50, 50, 50, 50]",0,0.0,1
196,56be59683aeaaa14008c9058,7,uniform,"[50, 50, 50, 50, 50, 50, 50]",1,1.0,1
197,56be59683aeaaa14008c9059,7,uniform,"[50, 50, 50, 50, 50, 50, 50]",1,1.0,1
198,56be59683aeaaa14008c905a,7,uniform,"[50, 50, 50, 50, 50, 50, 50]",0,0.0,1
199,56beb3083aeaaa14008c923d,7,uniform,"[50, 50, 50, 50, 50, 50, 50]",0,0.0,1
200,56beb3083aeaaa14008c923e,7,uniform,"[50, 50, 50, 50, 50, 50, 50]",1,1.0,1
201,56beb3083aeaaa14008c923f,7,uniform,"[50, 50, 50, 50, 50, 50, 50]",0,0.0,1
202,56beb3083aeaaa14008c9240,7,uniform,"[50, 50, 50, 50, 50, 50, 50]",0,0.0,1
203,56beb3083aeaaa14008c9241,7,uniform,"[50, 50, 50, 50, 50, 50, 50]",1,1.0,1
204,56bf2afe3aeaaa14008c9543,7,uniform,"[50, 50, 50, 50, 50, 50, 50]",0,0.0,1
205,56bf2afe3aeaaa14008c9544,7,uniform,"[50, 50, 50, 50, 50, 50, 50]",0,0.0,1
206,56bf2afe3aeaaa14008c9545,7,uniform,"[50, 50, 50, 50, 50, 50, 50]",0,0.0,1
207,56bf2afe3aeaaa14008c9547,7,uniform,"[50, 50, 50, 50, 50, 50, 50]",0,0.6666666666666666,1
208,56d6f2000d65d2140019827c,7,uniform,"[50, 50, 50, 50, 50, 50, 50]",1,1.0,1
209,56d6f2000d65d2140019827d,7,uniform,"[50, 50, 50, 50, 50, 50, 50]",1,1.0,1
210,56d6f2000d65d2140019827e,7,uniform,"[50, 50, 50, 50, 50, 50, 50]",0,0.0,1
211,56d6f2000d65d2140019827f,7,uniform,"[50, 50, 50, 50, 50, 50, 50]",0,0.0,1
212,56d9943fdc89441400fdb576,7,uniform,"[50, 50, 50, 50, 50, 50, 50]",1,1.0,1
213,56d9943fdc89441400fdb577,7,uniform,"[50, 50, 50, 50, 50, 50, 50]",0,0.0,1
214,56d9943fdc89441400fdb578,7,uniform,"[50, 50, 50, 50, 50, 50, 50]",1,1.0,1
215,56d9943fdc89441400fdb57a,7,uniform,"[50, 50, 50, 50, 50, 50, 50]",0,0.0,1
216,56beb3a03aeaaa14008c9247,7,uniform,"[50, 50, 50, 50, 50, 50, 50]",0,0.0,1
217,56beb3a03aeaaa14008c9248,7,uniform,"[50, 50, 50, 50, 50, 50, 50]",0,0.0,1
218,56beb3a03aeaaa14008c9249,7,uniform,"[50, 50, 50, 50, 50, 50, 50]",0,0.0,1
219,56beb3a03aeaaa14008c924a,7,uniform,"[50, 50, 50, 50, 50, 50, 50]",0,0.0,1
220,56beb3a03aeaaa14008c924b,7,uniform,"[50, 50, 50, 50, 50, 50, 50]",0,0.0,1
221,56bf6b303aeaaa14008c960b,7,uniform,"[50, 50, 50, 50, 50, 50, 50]",0,0.0,1
222,56bf6b303aeaaa14008c960c,7,uniform,"[50, 50, 50, 50, 50, 50, 50]",0,0.0,1
223,56bf6b303aeaaa14008c960d,7,uniform,"[50, 50, 50, 50, 50, 50, 50]",0,0.0,1
224,56bf6b303aeaaa14008c960e,7,uniform,"[50, 50, 50, 50, 50, 50, 50]",0,0.0,1
225,56bf6b303aeaaa14008c960f,7,uniform,"[50, 50, 50, 50, 50, 50, 50]",0,0.0,0
226,56d6f2960d65d21400198286,7,uniform,"[50, 50, 50, 50, 50, 50, 50]",0,0.0,1
227,56d6f2960d65d21400198287,7,uniform,"[50, 50, 50, 50, 50, 50, 50]",1,1.0,1
228,56d6f2960d65d21400198288,7,uniform,"[50, 50, 50, 50, 50, 50, 50]",1,1.0,1
229,56d6f2960d65d21400198289,7,uniform,"[50, 50, 50, 50, 50, 50, 50]",0,0.0,1
230,56d6f2960d65d2140019828a,7,uniform,"[50, 50, 50, 50, 50, 50, 50]",0,0.0,1
231,56d997cddc89441400fdb586,7,uniform,"[50, 50, 50, 50, 50, 50, 50]",0,0.0,1
232,56d997cddc89441400fdb587,7,uniform,"[50, 50, 50, 50, 50, 50, 50]",0,0.0,1
233,56d997cddc89441400fdb588,7,uniform,"[50, 50, 50, 50, 50, 50, 50]",0,0.0,1
234,56d997cddc89441400fdb589,7,uniform,"[50, 50, 50, 50, 50, 50, 50]",0,0.0,1
235,56d997cddc89441400fdb58a,7,uniform,"[50, 50, 50, 50, 50, 50, 50]",0,0.0,1
236,56beb4343aeaaa14008c925b,7,uniform,"[50, 50, 50, 50, 50, 50, 50]",1,1.0,1
237,56beb4343aeaaa14008c925c,7,uniform,"[50, 50, 50, 50, 50, 50, 50]",0,0.0,1
238,56beb4343aeaaa14008c925d,7,uniform,"[50, 50, 50, 50, 50, 50, 50]",0,0.0,1
239,56beb4343aeaaa14008c925e,7,uniform,"[50, 50, 50, 50, 50, 50, 50]",0,0.0,1
240,56beb4343aeaaa14008c925f,7,uniform,"[50, 50, 50, 50, 50, 50, 50]",1,1.0,1
241,56d6f3500d65d21400198290,7,uniform,"[50, 50, 50, 50, 50, 50, 50]",1,1.0,1
242,56d6f3500d65d21400198291,7,uniform,"[50, 50, 50, 50, 50, 50, 50]",1,1.0,1
243,56d6f3500d65d21400198292,7,uniform,"[50, 50, 50, 50, 50, 50, 50]",0,0.0,1
244,56d6f3500d65d21400198293,7,uniform,"[50, 50, 50, 50, 50, 50, 50]",0,0.0,1
245,56d6f3500d65d21400198294,7,uniform,"[50, 50, 50, 50, 50, 50, 50]",0,0.0,1
246,56d9992fdc89441400fdb59c,7,uniform,"[50, 50, 50, 50, 50, 50, 50]",0,0.0,1
247,56d9992fdc89441400fdb59e,7,uniform,"[50, 50, 50, 50, 50, 50, 50]",0,0.0,1
248,56d9992fdc89441400fdb59f,7,uniform,"[50, 50, 50, 50, 50, 50, 50]",0,0.6666666666666666,1
249,56d9992fdc89441400fdb5a0,7,uniform,"[50, 50, 50, 50, 50, 50, 50]",0,0.0,1
250,56beb4e43aeaaa14008c9265,7,uniform,"[50, 50, 50, 50, 50, 50, 50]",0,0.0,1
251,56beb4e43aeaaa14008c9266,7,uniform,"[50, 50, 50, 50, 50, 50, 50]",0,0.0,1
252,56beb4e43aeaaa14008c9267,7,uniform,"[50, 50, 50, 50, 50, 50, 50]",0,0.0,1
253,56beb4e43aeaaa14008c9268,7,uniform,"[50, 50, 50, 50, 50, 50, 50]",0,0.0,1
254,56beb4e43aeaaa14008c9269,7,uniform,"[50, 50, 50, 50, 50, 50, 50]",0,0.0,1
255,56bf301c3aeaaa14008c954d,7,uniform,"[50, 50, 50, 50, 50, 50, 50]",0,0.0,1
256,56bf301c3aeaaa14008c954e,7,uniform,"[50, 50, 50, 50, 50, 50, 50]",0,0.0,1
257,56bf301c3aeaaa14008c954f,7,uniform,"[50, 50, 50, 50, 50, 50, 50]",0,0.0,1
258,56bf301c3aeaaa14008c9550,7,uniform,"[50, 50, 50, 50, 50, 50, 50]",1,1.0,1
259,56bf301c3aeaaa14008c9551,7,uniform,"[50, 50, 50, 50, 50, 50, 50]",0,0.0,1
260,56d6f4030d65d2140019829a,7,uniform,"[50, 50, 50, 50, 50, 50, 50]",0,0.0,1
261,56d6f4030d65d2140019829b,7,uniform,"[50, 50, 50, 50, 50, 50, 50]",0,0.0,1
262,56d6f4030d65d2140019829c,7,uniform,"[50, 50, 50, 50, 50, 50, 50]",0,0.0,1
263,56d6f4030d65d2140019829d,7,uniform,"[50, 50, 50, 50, 50, 50, 50]",0,0.0,1
264,56d6f4030d65d2140019829e,7,uniform,"[50, 50, 50, 50, 50, 50, 50]",0,0.0,1
265,56d99b7bdc89441400fdb5c8,7,uniform,"[50, 50, 50, 50, 50, 50, 50]",1,1.0,1
266,56d99b7bdc89441400fdb5c9,7,uniform,"[50, 50, 50, 50, 50, 50, 50]",0,0.0,1
267,56d99b7bdc89441400fdb5ca,7,uniform,"[50, 50, 50, 50, 50, 50, 50]",0,0.0,0
268,56d99b7bdc89441400fdb5cb,7,uniform,"[50, 50, 50, 50, 50, 50, 50]",0,0.0,1
269,56d99b7bdc89441400fdb5cc,7,uniform,"[50, 50, 50, 50, 50, 50, 50]",0,0.0,1
270,56beb57b3aeaaa14008c9279,7,uniform,"[50, 50, 50, 50, 50, 50, 50]",1,1.0,1
271,56beb57b3aeaaa14008c927a,7,uniform,"[50, 50, 50, 50, 50, 50, 50]",0,0.0,0
272,56beb57b3aeaaa14008c927b,7,uniform,"[50, 50, 50, 50, 50, 50, 50]",0,0.0,1
273,56beb57b3aeaaa14008c927c,7,uniform,"[50, 50, 50, 50, 50, 50, 50]",0,0.0,0
274,56beb57b3aeaaa14008c927d,7,uniform,"[50, 50, 50, 50, 50, 50, 50]",0,0.0,1
275,56bf38383aeaaa14008c956b,7,uniform,"[50, 50, 50, 50, 50, 50, 50]",1,1.0,1
276,56bf38383aeaaa14008c956c,7,uniform,"[50, 50, 50, 50, 50, 50, 50]",0,0.0,1
277,56bf38383aeaaa14008c956d,7,uniform,"[50, 50, 50, 50, 50, 50, 50]",0,0.0,1
278,56bf38383aeaaa14008c956e,7,uniform,"[50, 50, 50, 50, 50, 50, 50]",0,0.0,1
279,56bf38383aeaaa14008c956f,7,uniform,"[50, 50, 50, 50, 50, 50, 50]",0,0.0,1
280,56d6fe0b0d65d214001982a4,7,uniform,"[50, 50, 50, 50, 50, 50, 50]",1,1.0,1
281,56d6fe0b0d65d214001982a5,7,uniform,"[50, 50, 50, 50, 50, 50, 50]",0,0.0,0
282,56d6fe0b0d65d214001982a6,7,uniform,"[50, 50, 50, 50, 50, 50, 50]",0,0.0,1
283,56d6fe0b0d65d214001982a7,7,uniform,"[50, 50, 50, 50, 50, 50, 50]",0,0.0,1
284,56d99c44dc89441400fdb5d6,7,uniform,"[50, 50, 50, 50, 50, 50, 50]",1,1.0,1
285,56d99c44dc89441400fdb5d7,7,uniform,"[50, 50, 50, 50, 50, 50, 50]",1,1.0,1
286,56d99c44dc89441400fdb5d8,7,uniform,"[50, 50, 50, 50, 50, 50, 50]",0,0.0,0
287,56d99c44dc89441400fdb5d9,7,uniform,"[50, 50, 50, 50, 50, 50, 50]",1,1.0,1
288,56d99c44dc89441400fdb5da,7,uniform,"[50, 50, 50, 50, 50, 50, 50]",0,0.0,1
289,56beb6533aeaaa14008c928d,7,uniform,"[50, 50, 50, 50, 50, 50, 50]",1,1.0,1
290,56beb6533aeaaa14008c928e,7,uniform,"[50, 50, 50, 50, 50, 50, 50]",0,0.0,1
291,56beb6533aeaaa14008c9290,7,uniform,"[50, 50, 50, 50, 50, 50, 50]",0,0.0,1
292,56beb6533aeaaa14008c9291,7,uniform,"[50, 50, 50, 50, 50, 50, 50]",0,0.0,1
293,56bf3e803aeaaa14008c9588,7,uniform,"[50, 50, 50, 50, 50, 50, 50]",0,0.0,1
294,56bf3e803aeaaa14008c9589,7,uniform,"[50, 50, 50, 50, 50, 50, 50]",0,0.0,1
295,56bf3e803aeaaa14008c958b,7,uniform,"[50, 50, 50, 50, 50, 50, 50]",1,1.0,1
296,56d6fea90d65d214001982ae,7,uniform,"[50, 50, 50, 50, 50, 50, 50]",0,0.0,1
297,56d6fea90d65d214001982af,7,uniform,"[50, 50, 50, 50, 50, 50, 50]",0,0.0,1
298,56d6fea90d65d214001982b0,7,uniform,"[50, 50, 50, 50, 50, 50, 50]",0,0.0,1
299,56d6fea90d65d214001982b2,7,uniform,"[50, 50, 50, 50, 50, 50, 50]",0,0.0,1
300,56d99da8dc89441400fdb5fd,7,uniform,"[50, 50, 50, 50, 50, 50, 50]",0,0.0,1
301,56d99da8dc89441400fdb5ff,7,uniform,"[50, 50, 50, 50, 50, 50, 50]",0,0.0,0
302,56d99da8dc89441400fdb600,7,uniform,"[50, 50, 50, 50, 50, 50, 50]",1,1.0,1
303,56beb6f23aeaaa14008c92a1,7,uniform,"[50, 50, 50, 50, 50, 50, 50]",1,1.0,1
304,56beb6f23aeaaa14008c92a2,7,uniform,"[50, 50, 50, 50, 50, 50, 50]",1,1.0,1
305,56beb6f23aeaaa14008c92a3,7,uniform,"[50, 50, 50, 50, 50, 50, 50]",0,0.0,1
306,56beb6f23aeaaa14008c92a4,7,uniform,"[50, 50, 50, 50, 50, 50, 50]",0,0.0,1
307,56beb6f23aeaaa14008c92a5,7,uniform,"[50, 50, 50, 50, 50, 50, 50]",0,0.0,1
308,56bf34293aeaaa14008c9559,7,uniform,"[50, 50, 50, 50, 50, 50, 50]",0,0.0,1
309,56bf34293aeaaa14008c955a,7,uniform,"[50, 50, 50, 50, 50, 50, 50]",0,0.0,1
310,56bf34293aeaaa14008c955b,7,uniform,"[50, 50, 50, 50, 50, 50, 50]",0,0.0,1
311,56d701280d65d214001982b8,7,uniform,"[50, 50, 50, 50, 50, 50, 50]",1,1.0,1
312,56d701280d65d214001982ba,7,uniform,"[50, 50, 50, 50, 50, 50, 50]",1,1.0,0
313,56d701280d65d214001982bc,7,uniform,"[50, 50, 50, 50, 50, 50, 50]",0,0.0,1
314,56d99e78dc89441400fdb616,7,uniform,"[50, 50, 50, 50, 50, 50, 50]",1,1.0,1
315,56d99e78dc89441400fdb618,7,uniform,"[50, 50, 50, 50, 50, 50, 50]",1,1.0,1
316,56d99e78dc89441400fdb619,7,uniform,"[50, 50, 50, 50, 50, 50, 50]",1,1.0,1
317,56d99e78dc89441400fdb61a,7,uniform,"[50, 50, 50, 50, 50, 50, 50]",0,0.0,1
318,56beb7953aeaaa14008c92ab,7,uniform,"[50, 50, 50, 50, 50, 50, 50]",1,1.0,1
319,56beb7953aeaaa14008c92ac,7,uniform,"[50, 50, 50, 50, 50, 50, 50]",1,1.0,1
320,56beb7953aeaaa14008c92ad,7,uniform,"[50, 50, 50, 50, 50, 50, 50]",1,1.0,1
321,56beb7953aeaaa14008c92ae,7,uniform,"[50, 50, 50, 50, 50, 50, 50]",0,0.0,1
322,56beb7953aeaaa14008c92af,7,uniform,"[50, 50, 50, 50, 50, 50, 50]",0,0.0,1
323,56bf36b93aeaaa14008c9561,7,uniform,"[50, 50, 50, 50, 50, 50, 50]",0,0.0,1
324,56bf36b93aeaaa14008c9562,7,uniform,"[50, 50, 50, 50, 50, 50, 50]",0,0.0,1
325,56bf36b93aeaaa14008c9563,7,uniform,"[50, 50, 50, 50, 50, 50, 50]",1,1.0,1
326,56bf36b93aeaaa14008c9564,7,uniform,"[50, 50, 50, 50, 50, 50, 50]",0,0.0,1
327,56bf36b93aeaaa14008c9565,7,uniform,"[50, 50, 50, 50, 50, 50, 50]",0,0.0,1
328,56d7018a0d65d214001982c2,7,uniform,"[50, 50, 50, 50, 50, 50, 50]",1,1.0,1
329,56d7018a0d65d214001982c3,7,uniform,"[50, 50, 50, 50, 50, 50, 50]",1,1.0,1
330,56d7018a0d65d214001982c5,7,uniform,"[50, 50, 50, 50, 50, 50, 50]",0,0.0,1
331,56d99f99dc89441400fdb628,7,uniform,"[50, 50, 50, 50, 50, 50, 50]",1,1.0,1
332,56d99f99dc89441400fdb629,7,uniform,"[50, 50, 50, 50, 50, 50, 50]",1,1.0,1
333,56d99f99dc89441400fdb62c,7,uniform,"[50, 50, 50, 50, 50, 50, 50]",0,0.0,1
334,56beb7fd3aeaaa14008c92b5,7,uniform,"[50, 50, 50, 50, 50, 50, 50]",1,1.0,1
335,56beb7fd3aeaaa14008c92b6,7,uniform,"[50, 50, 50, 50, 50, 50, 50]",1,1.0,1
336,56beb7fd3aeaaa14008c92b7,7,uniform,"[50, 50, 50, 50, 50, 50, 50]",0,0.0,1
337,56beb7fd3aeaaa14008c92b8,7,uniform,"[50, 50, 50, 50, 50, 50, 50]",1,1.0,1
338,56bf3a223aeaaa14008c9575,7,uniform,"[50, 50, 50, 50, 50, 50, 50]",0,0.0,1
339,56bf3a223aeaaa14008c9576,7,uniform,"[50, 50, 50, 50, 50, 50, 50]",1,1.0,1
340,56bf3a223aeaaa14008c9577,7,uniform,"[50, 50, 50, 50, 50, 50, 50]",1,1.0,1
341,56bf3a223aeaaa14008c9579,7,uniform,"[50, 50, 50, 50, 50, 50, 50]",0,0.0,1
342,56d703d10d65d214001982d6,7,uniform,"[50, 50, 50, 50, 50, 50, 50]",0,0.0,1
343,56d703d10d65d214001982d7,7,uniform,"[50, 50, 50, 50, 50, 50, 50]",1,1.0,1
344,56d703d10d65d214001982d8,7,uniform,"[50, 50, 50, 50, 50, 50, 50]",0,0.0,1
345,56d9a026dc89441400fdb632,7,uniform,"[50, 50, 50, 50, 50, 50, 50]",1,1.0,1
346,56beb86b3aeaaa14008c92bd,7,uniform,"[50, 50, 50, 50, 50, 50, 50]",1,1.0,1
347,56beb86b3aeaaa14008c92be,7,uniform,"[50, 50, 50, 50, 50, 50, 50]",1,1.0,1
348,56beb86b3aeaaa14008c92bf,7,uniform,"[50, 50, 50, 50, 50, 50, 50]",0,0.0,1
349,56beb86b3aeaaa14008c92c0,7,uniform,"[50, 50, 50, 50, 50, 50, 50]",0,0.0,1
350,56beb86b3aeaaa14008c92c1,7,uniform,"[50, 50, 50, 50, 50, 50, 50]",0,0.6666666666666666,1
351,56bf3fd53aeaaa14008c9591,7,uniform,"[50, 50, 50, 50, 50, 50, 50]",0,0.0,1
352,56bf3fd53aeaaa14008c9592,7,uniform,"[50, 50, 50, 50, 50, 50, 50]",1,1.0,1
353,56bf3fd53aeaaa14008c9593,7,uniform,"[50, 50, 50, 50, 50, 50, 50]",0,0.0,1
354,56bf3fd53aeaaa14008c9594,7,uniform,"[50, 50, 50, 50, 50, 50, 50]",0,0.0,1
355,56bf3fd53aeaaa14008c9595,7,uniform,"[50, 50, 50, 50, 50, 50, 50]",0,0.0,1
356,56d704430d65d214001982de,7,uniform,"[50, 50, 50, 50, 50, 50, 50]",1,1.0,1
357,56d704430d65d214001982e0,7,uniform,"[50, 50, 50, 50, 50, 50, 50]",1,1.0,1
358,56d704430d65d214001982e1,7,uniform,"[50, 50, 50, 50, 50, 50, 50]",0,0.0,1
359,56d704430d65d214001982e2,7,uniform,"[50, 50, 50, 50, 50, 50, 50]",0,0.6666666666666666,1
360,56d9a0eadc89441400fdb63e,7,uniform,"[50, 50, 50, 50, 50, 50, 50]",1,1.0,1
361,56d9a0eadc89441400fdb63f,7,uniform,"[50, 50, 50, 50, 50, 50, 50]",1,1.0,1
362,56d9a0eadc89441400fdb640,7,uniform,"[50, 50, 50, 50, 50, 50, 50]",0,0.0,1
363,56beb90c3aeaaa14008c92c7,7,uniform,"[50, 50, 50, 50, 50, 50, 50]",1,1.0,1
364,56beb90c3aeaaa14008c92c8,7,uniform,"[50, 50, 50, 50, 50, 50, 50]",0,0.0,1
365,56beb90c3aeaaa14008c92c9,7,uniform,"[50, 50, 50, 50, 50, 50, 50]",0,0.0,1
366,56beb90c3aeaaa14008c92ca,7,uniform,"[50, 50, 50, 50, 50, 50, 50]",0,0.0,1
367,56beb90c3aeaaa14008c92cb,7,uniform,"[50, 50, 50, 50, 50, 50, 50]",0,0.0,1
368,56bf41013aeaaa14008c959b,7,uniform,"[50, 50, 50, 50, 50, 50, 50]",1,1.0,1
369,56bf41013aeaaa14008c959c,7,uniform,"[50, 50, 50, 50, 50, 50, 50]",1,1.0,1
370,56bf41013aeaaa14008c959d,7,uniform,"[50, 50, 50, 50, 50, 50, 50]",0,0.0,1
371,56bf41013aeaaa14008c959e,7,uniform,"[50, 50, 50, 50, 50, 50, 50]",1,1.0,1
372,56d7096b0d65d214001982fc,7,uniform,"[50, 50, 50, 50, 50, 50, 50]",0,0.5,1
373,56d7096b0d65d214001982fd,7,uniform,"[50, 50, 50, 50, 50, 50, 50]",0,0.0,1
374,56d7096b0d65d214001982fe,7,uniform,"[50, 50, 50, 50, 50, 50, 50]",0,0.0,1
375,56d9a199dc89441400fdb647,7,uniform,"[50, 50, 50, 50, 50, 50, 50]",1,1.0,1
376,56d9a199dc89441400fdb648,7,uniform,"[50, 50, 50, 50, 50, 50, 50]",0,0.0,1
377,56d9a199dc89441400fdb649,7,uniform,"[50, 50, 50, 50, 50, 50, 50]",0,0.0,1
378,56beb97c3aeaaa14008c92db,7,uniform,"[50, 50, 50, 50, 50, 50, 50]",1,1.0,1
379,56beb97c3aeaaa14008c92dc,7,uniform,"[50, 50, 50, 50, 50, 50, 50]",1,1.0,1
380,56beb97c3aeaaa14008c92dd,7,uniform,"[50, 50, 50, 50, 50, 50, 50]",1,1.0,1
381,56beb97c3aeaaa14008c92de,7,uniform,"[50, 50, 50, 50, 50, 50, 50]",0,0.0,1
382,56beb97c3aeaaa14008c92df,7,uniform,"[50, 50, 50, 50, 50, 50, 50]",0,0.0,1
383,56bf6c3e3aeaaa14008c9615,7,uniform,"[50, 50, 50, 50, 50, 50, 50]",1,1.0,1
384,56bf6c3e3aeaaa14008c9617,7,uniform,"[50, 50, 50, 50, 50, 50, 50]",0,0.0,1
385,56d709ef0d65d21400198306,7,uniform,"[50, 50, 50, 50, 50, 50, 50]",0,0.0,0
386,56d709ef0d65d21400198307,7,uniform,"[50, 50, 50, 50, 50, 50, 50]",1,1.0,1
387,56beba103aeaaa14008c92e5,7,uniform,"[50, 50, 50, 50, 50, 50, 50]",0,0.0,1
388,56beba103aeaaa14008c92e6,7,uniform,"[50, 50, 50, 50, 50, 50, 50]",0,0.0,1
389,56beba103aeaaa14008c92e7,7,uniform,"[50, 50, 50, 50, 50, 50, 50]",0,0.0,1
390,56beba103aeaaa14008c92e8,7,uniform,"[50, 50, 50, 50, 50, 50, 50]",0,0.0,1
391,56beba103aeaaa14008c92e9,7,uniform,"[50, 50, 50, 50, 50, 50, 50]",0,0.0,1
392,56bf467d3aeaaa14008c95a5,7,uniform,"[50, 50, 50, 50, 50, 50, 50]",0,0.0,1
393,56bf467d3aeaaa14008c95a6,7,uniform,"[50, 50, 50, 50, 50, 50, 50]",0,0.0,1
394,56bf467d3aeaaa14008c95a7,7,uniform,"[50, 50, 50, 50, 50, 50, 50]",0,0.0,1
395,56d70adc0d65d21400198311,7,uniform,"[50, 50, 50, 50, 50, 50, 50]",0,0.0,1
396,56d70adc0d65d21400198312,7,uniform,"[50, 50, 50, 50, 50, 50, 50]",1,1.0,1
397,56d70adc0d65d21400198313,7,uniform,"[50, 50, 50, 50, 50, 50, 50]",0,0.0,1
398,56d70adc0d65d21400198314,7,uniform,"[50, 50, 50, 50, 50, 50, 50]",0,0.0,1
399,56d9a419dc89441400fdb678,7,uniform,"[50, 50, 50, 50, 50, 50, 50]",0,0.0,1
400,56d9a419dc89441400fdb679,7,uniform,"[50, 50, 50, 50, 50, 50, 50]",0,0.0,1
401,56bebad93aeaaa14008c92f9,7,uniform,"[50, 50, 50, 50, 50, 50, 50]",1,1.0,1
402,56bebad93aeaaa14008c92fa,7,uniform,"[50, 50, 50, 50, 50, 50, 50]",0,0.0,1
403,56bebad93aeaaa14008c92fb,7,uniform,"[50, 50, 50, 50, 50, 50, 50]",0,0.0,1
404,56bebad93aeaaa14008c92fc,7,uniform,"[50, 50, 50, 50, 50, 50, 50]",1,1.0,1
405,56bebad93aeaaa14008c92fd,7,uniform,"[50, 50, 50, 50, 50, 50, 50]",0,0.6666666666666666,1
406,56bf48cc3aeaaa14008c95ab,7,uniform,"[50, 50, 50, 50, 50, 50, 50]",0,0.0,1
407,56bf48cc3aeaaa14008c95ac,7,uniform,"[50, 50, 50, 50, 50, 50, 50]",0,0.0,1
408,56bf48cc3aeaaa14008c95ae,7,uniform,"[50, 50, 50, 50, 50, 50, 50]",0,0.0,1
409,56bf48cc3aeaaa14008c95af,7,uniform,"[50, 50, 50, 50, 50, 50, 50]",1,1.0,1
410,56d70ccc0d65d2140019831d,7,uniform,"[50, 50, 50, 50, 50, 50, 50]",1,1.0,1
411,56d70ccc0d65d2140019831f,7,uniform,"[50, 50, 50, 50, 50, 50, 50]",0,0.0,1
412,56d9a637dc89441400fdb697,7,uniform,"[50, 50, 50, 50, 50, 50, 50]",0,0.0,1
413,56d9a637dc89441400fdb698,7,uniform,"[50, 50, 50, 50, 50, 50, 50]",1,1.0,1
414,56d9a637dc89441400fdb699,7,uniform,"[50, 50, 50, 50, 50, 50, 50]",0,0.0,1
415,56d9a637dc89441400fdb69a,7,uniform,"[50, 50, 50, 50, 50, 50, 50]",0,0.0,1
416,56bebb293aeaaa14008c9303,7,uniform,"[50, 50, 50, 50, 50, 50, 50]",0,0.0,1
417,56bebb293aeaaa14008c9304,7,uniform,"[50, 50, 50, 50, 50, 50, 50]",1,1.0,1
418,56bebb293aeaaa14008c9305,7,uniform,"[50, 50, 50, 50, 50, 50, 50]",1,1.0,1
419,56bebb293aeaaa14008c9306,7,uniform,"[50, 50, 50, 50, 50, 50, 50]",0,0.0,1
420,56bf49993aeaaa14008c95b5,7,uniform,"[50, 50, 50, 50, 50, 50, 50]",0,0.0,0
421,56bf49993aeaaa14008c95b6,7,uniform,"[50, 50, 50, 50, 50, 50, 50]",0,0.0,0
422,56bf49993aeaaa14008c95b7,7,uniform,"[50, 50, 50, 50, 50, 50, 50]",0,0.0,0
423,56bf49993aeaaa14008c95b8,7,uniform,"[50, 50, 50, 50, 50, 50, 50]",0,0.0,0
424,56d70d240d65d21400198326,7,uniform,"[50, 50, 50, 50, 50, 50, 50]",0,0.0,0
425,56d70d240d65d21400198327,7,uniform,"[50, 50, 50, 50, 50, 50, 50]",0,0.0,0
426,56d70d240d65d21400198328,7,uniform,"[50, 50, 50, 50, 50, 50, 50]",0,0.0,0
427,56d70d240d65d21400198329,7,uniform,"[50, 50, 50, 50, 50, 50, 50]",0,0.0,0
428,56d9a6b4dc89441400fdb6a0,7,uniform,"[50, 50, 50, 50, 50, 50, 50]",0,0.3333333333333333,0
429,56d9a6b4dc89441400fdb6a1,7,uniform,"[50, 50, 50, 50, 50, 50, 50]",1,1.0,1
430,56d9a6b4dc89441400fdb6a2,7,uniform,"[50, 50, 50, 50, 50, 50, 50]",0,0.0,0
431,56d9a6b4dc89441400fdb6a3,7,uniform,"[50, 50, 50, 50, 50, 50, 50]",0,0.0,0
432,56bebbbf3aeaaa14008c9315,7,uniform,"[50, 50, 50, 50, 50, 50, 50]",1,1.0,1
433,56bebbbf3aeaaa14008c9316,7,uniform,"[50, 50, 50, 50, 50, 50, 50]",0,0.6666666666666666,1
434,56bebbbf3aeaaa14008c9317,7,uniform,"[50, 50, 50, 50, 50, 50, 50]",0,0.0,1
435,56bebbbf3aeaaa14008c9318,7,uniform,"[50, 50, 50, 50, 50, 50, 50]",0,0.6666666666666666,1
436,56bebbbf3aeaaa14008c9319,7,uniform,"[50, 50, 50, 50, 50, 50, 50]",1,1.0,1
437,56bf4e1b3aeaaa14008c95bd,7,uniform,"[50, 50, 50, 50, 50, 50, 50]",1,1.0,1
438,56bf4e1b3aeaaa14008c95be,7,uniform,"[50, 50, 50, 50, 50, 50, 50]",0,0.6666666666666666,1
439,56bf4e1b3aeaaa14008c95c0,7,uniform,"[50, 50, 50, 50, 50, 50, 50]",0,0.0,1
440,56bf4e1b3aeaaa14008c95c1,7,uniform,"[50, 50, 50, 50, 50, 50, 50]",1,1.0,1
441,56d70daa0d65d21400198332,7,uniform,"[50, 50, 50, 50, 50, 50, 50]",1,1.0,1
442,56d70daa0d65d21400198333,7,uniform,"[50, 50, 50, 50, 50, 50, 50]",0,0.25,1
443,56d70daa0d65d21400198334,7,uniform,"[50, 50, 50, 50, 50, 50, 50]",0,0.0,1
444,56d70daa0d65d21400198335,7,uniform,"[50, 50, 50, 50, 50, 50, 50]",1,1.0,1
445,56d70daa0d65d21400198336,7,uniform,"[50, 50, 50, 50, 50, 50, 50]",0,0.0,1
446,56d9a7addc89441400fdb6a8,7,uniform,"[50, 50, 50, 50, 50, 50, 50]",1,1.0,1
447,56d9a7addc89441400fdb6ab,7,uniform,"[50, 50, 50, 50, 50, 50, 50]",0,0.0,1
448,56bebc383aeaaa14008c931f,7,uniform,"[50, 50, 50, 50, 50, 50, 50]",0,0.0,1
449,56bebc383aeaaa14008c9320,7,uniform,"[50, 50, 50, 50, 50, 50, 50]",1,1.0,1
450,56bebc383aeaaa14008c9321,7,uniform,"[50, 50, 50, 50, 50, 50, 50]",0,0.0,1
451,56bf52483aeaaa14008c95c7,7,uniform,"[50, 50, 50, 50, 50, 50, 50]",1,1.0,1
452,56bf52483aeaaa14008c95c8,7,uniform,"[50, 50, 50, 50, 50, 50, 50]",0,0.0,1
453,56d70e570d65d2140019833c,7,uniform,"[50, 50, 50, 50, 50, 50, 50]",1,1.0,1
454,56d70e570d65d2140019833e,7,uniform,"[50, 50, 50, 50, 50, 50, 50]",0,0.0,1
455,56d70e570d65d2140019833f,7,uniform,"[50, 50, 50, 50, 50, 50, 50]",0,0.0,1
456,56d9b01fdc89441400fdb6d4,7,uniform,"[50, 50, 50, 50, 50, 50, 50]",0,0.0,0
457,56bebcbe3aeaaa14008c9325,7,uniform,"[50, 50, 50, 50, 50, 50, 50]",1,1.0,1
458,56bebcbe3aeaaa14008c9326,7,uniform,"[50, 50, 50, 50, 50, 50, 50]",1,1.0,1
459,56bebcbe3aeaaa14008c9327,7,uniform,"[50, 50, 50, 50, 50, 50, 50]",0,0.0,1
460,56bebcbe3aeaaa14008c9328,7,uniform,"[50, 50, 50, 50, 50, 50, 50]",0,0.0,1
461,56bebcbe3aeaaa14008c9329,7,uniform,"[50, 50, 50, 50, 50, 50, 50]",1,1.0,1
462,56bf53e73aeaaa14008c95cb,7,uniform,"[50, 50, 50, 50, 50, 50, 50]",0,0.0,1
463,56bf53e73aeaaa14008c95cc,7,uniform,"[50, 50, 50, 50, 50, 50, 50]",0,0.0,1
464,56bf53e73aeaaa14008c95cd,7,uniform,"[50, 50, 50, 50, 50, 50, 50]",1,1.0,1
465,56bf53e73aeaaa14008c95ce,7,uniform,"[50, 50, 50, 50, 50, 50, 50]",1,1.0,1
466,56d7145c0d65d2140019834c,7,uniform,"[50, 50, 50, 50, 50, 50, 50]",0,0.5714285714285715,1
467,56d7145c0d65d2140019834d,7,uniform,"[50, 50, 50, 50, 50, 50, 50]",1,1.0,1
468,56d7145c0d65d2140019834f,7,uniform,"[50, 50, 50, 50, 50, 50, 50]",0,0.0,1
469,56d9b389dc89441400fdb6ec,7,uniform,"[50, 50, 50, 50, 50, 50, 50]",1,1.0,1
470,56d9b389dc89441400fdb6ed,7,uniform,"[50, 50, 50, 50, 50, 50, 50]",0,0.0,1
471,56d9b389dc89441400fdb6ee,7,uniform,"[50, 50, 50, 50, 50, 50, 50]",0,0.0,1
472,56d9b389dc89441400fdb6ef,7,uniform,"[50, 50, 50, 50, 50, 50, 50]",0,0.0,1
473,56d9b389dc89441400fdb6f0,7,uniform,"[50, 50, 50, 50, 50, 50, 50]",1,1.0,1
474,56bebd713aeaaa14008c932f,7,uniform,"[50, 50, 50, 50, 50, 50, 50]",1,1.0,1
475,56bebd713aeaaa14008c9330,7,uniform,"[50, 50, 50, 50, 50, 50, 50]",0,0.0,0
476,56bebd713aeaaa14008c9331,7,uniform,"[50, 50, 50, 50, 50, 50, 50]",0,0.0,1
477,56bf555e3aeaaa14008c95d3,7,uniform,"[50, 50, 50, 50, 50, 50, 50]",0,0.0,0
478,56bf555e3aeaaa14008c95d4,7,uniform,"[50, 50, 50, 50, 50, 50, 50]",0,0.5,1
479,56bf555e3aeaaa14008c95d5,7,uniform,"[50, 50, 50, 50, 50, 50, 50]",0,0.0,0
480,56d714cd0d65d21400198356,7,uniform,"[50, 50, 50, 50, 50, 50, 50]",0,0.5,1
481,56d714cd0d65d21400198358,7,uniform,"[50, 50, 50, 50, 50, 50, 50]",0,0.0,1
482,56d714cd0d65d21400198359,7,uniform,"[50, 50, 50, 50, 50, 50, 50]",0,0.0,1
483,56d9b43edc89441400fdb700,7,uniform,"[50, 50, 50, 50, 50, 50, 50]",0,0.0,0
484,56d9b43edc89441400fdb701,7,uniform,"[50, 50, 50, 50, 50, 50, 50]",0,0.0,1
485,56bebde53aeaaa14008c9335,7,uniform,"[50, 50, 50, 50, 50, 50, 50]",0,0.0,1
486,56bebde53aeaaa14008c9336,7,uniform,"[50, 50, 50, 50, 50, 50, 50]",0,0.6666666666666666,1
487,56bebde53aeaaa14008c9337,7,uniform,"[50, 50, 50, 50, 50, 50, 50]",0,0.0,1
488,56bebde53aeaaa14008c9338,7,uniform,"[50, 50, 50, 50, 50, 50, 50]",0,0.6666666666666666,1
489,56bebde53aeaaa14008c9339,7,uniform,"[50, 50, 50, 50, 50, 50, 50]",0,0.0,1
490,56bf57043aeaaa14008c95d9,7,uniform,"[50, 50, 50, 50, 50, 50, 50]",1,1.0,1
491,56bf57043aeaaa14008c95da,7,uniform,"[50, 50, 50, 50, 50, 50, 50]",0,0.0,1
492,56bf57043aeaaa14008c95db,7,uniform,"[50, 50, 50, 50, 50, 50, 50]",1,1.0,1
493,56bf57043aeaaa14008c95dc,7,uniform,"[50, 50, 50, 50, 50, 50, 50]",1,1.0,1
494,56bf57043aeaaa14008c95dd,7,uniform,"[50, 50, 50, 50, 50, 50, 50]",0,0.6666666666666666,1
495,56d71bd80d65d2140019835e,7,uniform,"[50, 50, 50, 50, 50, 50, 50]",0,0.6666666666666666,1
496,56d71bd80d65d21400198360,7,uniform,"[50, 50, 50, 50, 50, 50, 50]",1,1.0,1
497,56d71bd80d65d21400198361,7,uniform,"[50, 50, 50, 50, 50, 50, 50]",0,0.7272727272727272,1
498,56d71bd80d65d21400198362,7,uniform,"[50, 50, 50, 50, 50, 50, 50]",0,0.0,1
499,56d9b4ebdc89441400fdb708,7,uniform,"[50, 50, 50, 50, 50, 50, 50]",0,0.6666666666666666,1
500,56d9b4ebdc89441400fdb709,7,uniform,"[50, 50, 50, 50, 50, 50, 50]",0,0.5714285714285715,0
501,56d9b4ebdc89441400fdb70a,7,uniform,"[50, 50, 50, 50, 50, 50, 50]",0,0.888888888888889,1
502,56d9b4ebdc89441400fdb70b,7,uniform,"[50, 50, 50, 50, 50, 50, 50]",0,0.0,1
503,56d9b4ebdc89441400fdb70c,7,uniform,"[50, 50, 50, 50, 50, 50, 50]",1,1.0,1
504,56bebe873aeaaa14008c933f,7,uniform,"[50, 50, 50, 50, 50, 50, 50]",0,0.0,1
505,56bebe873aeaaa14008c9340,7,uniform,"[50, 50, 50, 50, 50, 50, 50]",0,0.0,1
506,56bebe873aeaaa14008c9341,7,uniform,"[50, 50, 50, 50, 50, 50, 50]",0,0.0,1
507,56bebe873aeaaa14008c9342,7,uniform,"[50, 50, 50, 50, 50, 50, 50]",0,0.0,0
508,56bebe873aeaaa14008c9343,7,uniform,"[50, 50, 50, 50, 50, 50, 50]",0,0.0,0
509,56bf59523aeaaa14008c95e3,7,uniform,"[50, 50, 50, 50, 50, 50, 50]",1,1.0,1
510,56bf59523aeaaa14008c95e4,7,uniform,"[50, 50, 50, 50, 50, 50, 50]",0,0.0,0
511,56bf59523aeaaa14008c95e5,7,uniform,"[50, 50, 50, 50, 50, 50, 50]",0,0.0,0
512,56d71cb60d65d21400198368,7,uniform,"[50, 50, 50, 50, 50, 50, 50]",0,0.0,1
513,56d9b5ffdc89441400fdb720,7,uniform,"[50, 50, 50, 50, 50, 50, 50]",0,0.0,1
514,56d9b5ffdc89441400fdb721,7,uniform,"[50, 50, 50, 50, 50, 50, 50]",0,0.0,1
515,56bebec43aeaaa14008c9349,7,uniform,"[50, 50, 50, 50, 50, 50, 50]",1,1.0,1
516,56bebec43aeaaa14008c934a,7,uniform,"[50, 50, 50, 50, 50, 50, 50]",0,0.28571428571428575,1
517,56bf5abc3aeaaa14008c95e9,7,uniform,"[50, 50, 50, 50, 50, 50, 50]",0,0.0,0
518,56bf5abc3aeaaa14008c95ea,7,uniform,"[50, 50, 50, 50, 50, 50, 50]",0,0.4,1
519,56d71d150d65d2140019836e,7,uniform,"[50, 50, 50, 50, 50, 50, 50]",0,0.888888888888889,1
520,56d71d150d65d2140019836f,7,uniform,"[50, 50, 50, 50, 50, 50, 50]",1,1.0,1
521,56d71d150d65d21400198370,7,uniform,"[50, 50, 50, 50, 50, 50, 50]",0,0.4,1
522,56d9b6a3dc89441400fdb72f,7,uniform,"[50, 50, 50, 50, 50, 50, 50]",1,1.0,1
523,56d9b6a3dc89441400fdb730,7,uniform,"[50, 50, 50, 50, 50, 50, 50]",0,0.28571428571428575,1
524,56bec0353aeaaa14008c934d,7,uniform,"[50, 50, 50, 50, 50, 50, 50]",0,0.8,1
525,56bec0353aeaaa14008c934e,7,uniform,"[50, 50, 50, 50, 50, 50, 50]",1,1.0,1
526,56bec0353aeaaa14008c934f,7,uniform,"[50, 50, 50, 50, 50, 50, 50]",0,0.0,1
527,56bec0353aeaaa14008c9350,7,uniform,"[50, 50, 50, 50, 50, 50, 50]",0,0.0,1
528,56bec0353aeaaa14008c9351,7,uniform,"[50, 50, 50, 50, 50, 50, 50]",0,0.0,1
529,56bf5b933aeaaa14008c95ed,7,uniform,"[50, 50, 50, 50, 50, 50, 50]",1,1.0,1
530,56bf5b933aeaaa14008c95ef,7,uniform,"[50, 50, 50, 50, 50, 50, 50]",1,1.0,1
531,56bf5b933aeaaa14008c95f1,7,uniform,"[50, 50, 50, 50, 50, 50, 50]",0,0.0,1
532,56d71d9d0d65d21400198374,7,uniform,"[50, 50, 50, 50, 50, 50, 50]",1,1.0,1
533,56d71d9d0d65d21400198377,7,uniform,"[50, 50, 50, 50, 50, 50, 50]",0,0.0,1
534,56bec0dd3aeaaa14008c9357,7,uniform,"[50, 50, 50, 50, 50, 50, 50]",0,0.0,0
535,56bec0dd3aeaaa14008c9358,7,uniform,"[50, 50, 50, 50, 50, 50, 50]",1,1.0,1
536,56bec0dd3aeaaa14008c9359,7,uniform,"[50, 50, 50, 50, 50, 50, 50]",0,0.0,1
537,56bec0dd3aeaaa14008c935a,7,uniform,"[50, 50, 50, 50, 50, 50, 50]",0,0.0,1
538,56bec0dd3aeaaa14008c935b,7,uniform,"[50, 50, 50, 50, 50, 50, 50]",0,0.0,1
539,56bf5e7b3aeaaa14008c95f7,7,uniform,"[50, 50, 50, 50, 50, 50, 50]",1,1.0,1
540,56bf5e7b3aeaaa14008c95f8,7,uniform,"[50, 50, 50, 50, 50, 50, 50]",0,0.0,1
541,56bf5e7b3aeaaa14008c95f9,7,uniform,"[50, 50, 50, 50, 50, 50, 50]",0,0.0,1
542,56bf5e7b3aeaaa14008c95fa,7,uniform,"[50, 50, 50, 50, 50, 50, 50]",0,0.0,1
543,56bf5e7b3aeaaa14008c95fb,7,uniform,"[50, 50, 50, 50, 50, 50, 50]",0,0.0,1
544,56d71ed50d65d2140019837c,7,uniform,"[50, 50, 50, 50, 50, 50, 50]",1,1.0,1
545,56d71ed50d65d2140019837d,7,uniform,"[50, 50, 50, 50, 50, 50, 50]",1,1.0,1
546,56d9b7dcdc89441400fdb740,7,uniform,"[50, 50, 50, 50, 50, 50, 50]",1,1.0,0
547,56d9b7dcdc89441400fdb741,7,uniform,"[50, 50, 50, 50, 50, 50, 50]",0,0.052631578947368425,0
548,56d9b7dcdc89441400fdb742,7,uniform,"[50, 50, 50, 50, 50, 50, 50]",0,0.0,0
549,56d9b7dcdc89441400fdb743,7,uniform,"[50, 50, 50, 50, 50, 50, 50]",0,0.0,1
550,56d9b7dcdc89441400fdb744,7,uniform,"[50, 50, 50, 50, 50, 50, 50]",0,0.0,0
551,56bec1823aeaaa14008c9361,7,uniform,"[50, 50, 50, 50, 50, 50, 50]",1,1.0,1
552,56bec1823aeaaa14008c9362,7,uniform,"[50, 50, 50, 50, 50, 50, 50]",0,0.0,1
553,56bec1823aeaaa14008c9363,7,uniform,"[50, 50, 50, 50, 50, 50, 50]",0,0.0,1
554,56bec1823aeaaa14008c9364,7,uniform,"[50, 50, 50, 50, 50, 50, 50]",1,1.0,1
555,56bec1823aeaaa14008c9365,7,uniform,"[50, 50, 50, 50, 50, 50, 50]",1,1.0,1
556,56bf6d343aeaaa14008c961b,7,uniform,"[50, 50, 50, 50, 50, 50, 50]",1,1.0,0
557,56d71fc00d65d21400198386,7,uniform,"[50, 50, 50, 50, 50, 50, 50]",1,1.0,1
558,56d71fc00d65d21400198389,7,uniform,"[50, 50, 50, 50, 50, 50, 50]",0,0.0,1
559,56d9ba95dc89441400fdb754,7,uniform,"[50, 50, 50, 50, 50, 50, 50]",1,1.0,1
560,56d9ba95dc89441400fdb757,7,uniform,"[50, 50, 50, 50, 50, 50, 50]",0,0.25,1
561,56d9ba95dc89441400fdb758,7,uniform,"[50, 50, 50, 50, 50, 50, 50]",0,0.0,1
562,56bec2013aeaaa14008c9371,7,uniform,"[50, 50, 50, 50, 50, 50, 50]",0,0.0,1
563,56bec2013aeaaa14008c9372,7,uniform,"[50, 50, 50, 50, 50, 50, 50]",0,0.0,1
564,56bec2013aeaaa14008c9373,7,uniform,"[50, 50, 50, 50, 50, 50, 50]",1,1.0,1
565,56bec2013aeaaa14008c9374,7,uniform,"[50, 50, 50, 50, 50, 50, 50]",0,0.6666666666666666,1
566,56bec2013aeaaa14008c9375,7,uniform,"[50, 50, 50, 50, 50, 50, 50]",0,0.0,1
567,56bf6e7a3aeaaa14008c961f,7,uniform,"[50, 50, 50, 50, 50, 50, 50]",0,0.0,0
568,56bf6e7a3aeaaa14008c9620,7,uniform,"[50, 50, 50, 50, 50, 50, 50]",0,0.0,0
569,56bf6e7a3aeaaa14008c9621,7,uniform,"[50, 50, 50, 50, 50, 50, 50]",0,0.6666666666666666,1
570,56bf6e7a3aeaaa14008c9622,7,uniform,"[50, 50, 50, 50, 50, 50, 50]",0,0.0,1
571,56d7205e0d65d21400198391,7,uniform,"[50, 50, 50, 50, 50, 50, 50]",0,0.6666666666666666,1
572,56d7205e0d65d21400198392,7,uniform,"[50, 50, 50, 50, 50, 50, 50]",0,0.0,1
573,56d9bc13dc89441400fdb75e,7,uniform,"[50, 50, 50, 50, 50, 50, 50]",1,1.0,1
574,56d9bc13dc89441400fdb75f,7,uniform,"[50, 50, 50, 50, 50, 50, 50]",0,0.0,0
575,56d9bc13dc89441400fdb760,7,uniform,"[50, 50, 50, 50, 50, 50, 50]",0,0.0,1
576,56bec2573aeaaa14008c937b,7,uniform,"[50, 50, 50, 50, 50, 50, 50]",1,1.0,1
577,56bec2573aeaaa14008c937c,7,uniform,"[50, 50, 50, 50, 50, 50, 50]",0,0.5,1
578,56bf6f743aeaaa14008c9631,7,uniform,"[50, 50, 50, 50, 50, 50, 50]",0,0.5714285714285715,1
579,56bf6f743aeaaa14008c9632,7,uniform,"[50, 50, 50, 50, 50, 50, 50]",0,0.5454545454545454,1
580,56d720c70d65d21400198396,7,uniform,"[50, 50, 50, 50, 50, 50, 50]",1,1.0,1
581,56d720c70d65d21400198397,7,uniform,"[50, 50, 50, 50, 50, 50, 50]",0,0.0,1
582,56d720c70d65d21400198398,7,uniform,"[50, 50, 50, 50, 50, 50, 50]",0,0.42857142857142855,1
583,56bec3153aeaaa14008c9389,7,uniform,"[50, 50, 50, 50, 50, 50, 50]",1,1.0,1
584,56bec3153aeaaa14008c938a,7,uniform,"[50, 50, 50, 50, 50, 50, 50]",0,0.0,1
585,56bec3153aeaaa14008c938b,7,uniform,"[50, 50, 50, 50, 50, 50, 50]",0,0.0,1
586,56bec3153aeaaa14008c938c,7,uniform,"[50, 50, 50, 50, 50, 50, 50]",0,0.0,1
587,56bf717d3aeaaa14008c9635,7,uniform,"[50, 50, 50, 50, 50, 50, 50]",0,0.0,1
588,56bf717d3aeaaa14008c9637,7,uniform,"[50, 50, 50, 50, 50, 50, 50]",0,0.0,1
589,56bf717d3aeaaa14008c9638,7,uniform,"[50, 50, 50, 50, 50, 50, 50]",0,0.0,1
590,56bf717d3aeaaa14008c9639,7,uniform,"[50, 50, 50, 50, 50, 50, 50]",0,0.0,1
591,56d721af0d65d2140019839e,7,uniform,"[50, 50, 50, 50, 50, 50, 50]",0,0.0,1
592,56d721af0d65d2140019839f,7,uniform,"[50, 50, 50, 50, 50, 50, 50]",0,0.0,1
593,56d721af0d65d214001983a0,7,uniform,"[50, 50, 50, 50, 50, 50, 50]",0,0.0,1
594,56d9bdc1dc89441400fdb768,7,uniform,"[50, 50, 50, 50, 50, 50, 50]",0,0.0,1
595,56d9bdc1dc89441400fdb769,7,uniform,"[50, 50, 50, 50, 50, 50, 50]",0,0.0,1
596,56d9bdc1dc89441400fdb76a,7,uniform,"[50, 50, 50, 50, 50, 50, 50]",0,0.6666666666666666,1
597,56bec38b3aeaaa14008c9397,7,uniform,"[50, 50, 50, 50, 50, 50, 50]",1,1.0,1
598,56bec38b3aeaaa14008c9398,7,uniform,"[50, 50, 50, 50, 50, 50, 50]",1,1.0,1
599,56bec38b3aeaaa14008c9399,7,uniform,"[50, 50, 50, 50, 50, 50, 50]",1,1.0,1
600,56bec38b3aeaaa14008c939a,7,uniform,"[50, 50, 50, 50, 50, 50, 50]",1,1.0,1
601,56bf71e73aeaaa14008c963f,7,uniform,"[50, 50, 50, 50, 50, 50, 50]",0,0.0,0
602,56bf71e73aeaaa14008c9640,7,uniform,"[50, 50, 50, 50, 50, 50, 50]",1,1.0,1
603,56d722330d65d214001983a6,7,uniform,"[50, 50, 50, 50, 50, 50, 50]",1,1.0,1
604,56d722330d65d214001983a7,7,uniform,"[50, 50, 50, 50, 50, 50, 50]",1,1.0,1
605,56d722330d65d214001983a8,7,uniform,"[50, 50, 50, 50, 50, 50, 50]",0,0.0,1
606,56d9be16dc89441400fdb770,7,uniform,"[50, 50, 50, 50, 50, 50, 50]",0,0.0,1
607,56d9be16dc89441400fdb771,7,uniform,"[50, 50, 50, 50, 50, 50, 50]",1,1.0,1
608,56bec4343aeaaa14008c93a9,7,uniform,"[50, 50, 50, 50, 50, 50, 50]",0,0.0,1
609,56bec4343aeaaa14008c93aa,7,uniform,"[50, 50, 50, 50, 50, 50, 50]",0,0.0,1
610,56bec4343aeaaa14008c93ab,7,uniform,"[50, 50, 50, 50, 50, 50, 50]",0,0.0,1
611,56bec4343aeaaa14008c93ac,7,uniform,"[50, 50, 50, 50, 50, 50, 50]",0,0.0,1
612,56d723560d65d214001983ac,7,uniform,"[50, 50, 50, 50, 50, 50, 50]",0,0.0,1
613,56d723560d65d214001983ad,7,uniform,"[50, 50, 50, 50, 50, 50, 50]",0,0.0,1
614,56d723560d65d214001983ae,7,uniform,"[50, 50, 50, 50, 50, 50, 50]",0,0.0,1
615,56d723560d65d214001983af,7,uniform,"[50, 50, 50, 50, 50, 50, 50]",0,0.0,1
616,56d9bf70dc89441400fdb77b,7,uniform,"[50, 50, 50, 50, 50, 50, 50]",0,0.0,1
617,56d9bf70dc89441400fdb77c,7,uniform,"[50, 50, 50, 50, 50, 50, 50]",0,0.15384615384615385,1
618,56d9bf70dc89441400fdb77d,7,uniform,"[50, 50, 50, 50, 50, 50, 50]",1,1.0,1
619,56bec4a33aeaaa14008c93b1,7,uniform,"[50, 50, 50, 50, 50, 50, 50]",0,0.0,0
620,56bec4a33aeaaa14008c93b2,7,uniform,"[50, 50, 50, 50, 50, 50, 50]",0,0.0,1
621,56bec4a33aeaaa14008c93b3,7,uniform,"[50, 50, 50, 50, 50, 50, 50]",0,0.0,1
622,56bec4a33aeaaa14008c93b4,7,uniform,"[50, 50, 50, 50, 50, 50, 50]",1,1.0,1
623,56bec4a33aeaaa14008c93b5,7,uniform,"[50, 50, 50, 50, 50, 50, 50]",1,1.0,1
624,56bf738b3aeaaa14008c9655,7,uniform,"[50, 50, 50, 50, 50, 50, 50]",0,0.0,0
625,56bf738b3aeaaa14008c9656,7,uniform,"[50, 50, 50, 50, 50, 50, 50]",0,0.0,0
626,56d723ad0d65d214001983b4,7,uniform,"[50, 50, 50, 50, 50, 50, 50]",1,1.0,1
627,56d723ad0d65d214001983b5,7,uniform,"[50, 50, 50, 50, 50, 50, 50]",0,0.0,1
628,56d723ad0d65d214001983b8,7,uniform,"[50, 50, 50, 50, 50, 50, 50]",0,0.0,1
629,56d9c049dc89441400fdb78e,7,uniform,"[50, 50, 50, 50, 50, 50, 50]",0,0.0,1
630,56d9c049dc89441400fdb78f,7,uniform,"[50, 50, 50, 50, 50, 50, 50]",1,1.0,1
631,56d9c049dc89441400fdb790,7,uniform,"[50, 50, 50, 50, 50, 50, 50]",0,0.3846153846153846,1
632,56d9c049dc89441400fdb791,7,uniform,"[50, 50, 50, 50, 50, 50, 50]",0,0.0,1
633,56d9c049dc89441400fdb792,7,uniform,"[50, 50, 50, 50, 50, 50, 50]",1,1.0,1
634,56bec5233aeaaa14008c93cf,7,uniform,"[50, 50, 50, 50, 50, 50, 50]",1,1.0,1
635,56bec5233aeaaa14008c93d0,7,uniform,"[50, 50, 50, 50, 50, 50, 50]",0,0.25,1
636,56bec5233aeaaa14008c93d1,7,uniform,"[50, 50, 50, 50, 50, 50, 50]",0,0.0,1
637,56bec5233aeaaa14008c93d2,7,uniform,"[50, 50, 50, 50, 50, 50, 50]",0,0.0,1
638,56bec5233aeaaa14008c93d3,7,uniform,"[50, 50, 50, 50, 50, 50, 50]",0,0.0,1
639,56d724620d65d214001983be,7,uniform,"[50, 50, 50, 50, 50, 50, 50]",0,0.0,1
640,56d724620d65d214001983bf,7,uniform,"[50, 50, 50, 50, 50, 50, 50]",0,0.0,1
641,56d724620d65d214001983c0,7,uniform,"[50, 50, 50, 50, 50, 50, 50]",0,0.0,1
642,56d724620d65d214001983c1,7,uniform,"[50, 50, 50, 50, 50, 50, 50]",0,0.0,1
643,56d9c203dc89441400fdb7a0,7,uniform,"[50, 50, 50, 50, 50, 50, 50]",0,0.0,0
644,56d9c203dc89441400fdb7a3,7,uniform,"[50, 50, 50, 50, 50, 50, 50]",0,0.0,1
645,56bec5ff3aeaaa14008c93e3,7,uniform,"[50, 50, 50, 50, 50, 50, 50]",0,0.0,1
646,56bec5ff3aeaaa14008c93e4,7,uniform,"[50, 50, 50, 50, 50, 50, 50]",0,0.0,1
647,56bec5ff3aeaaa14008c93e5,7,uniform,"[50, 50, 50, 50, 50, 50, 50]",1,1.0,1
648,56d724ea0d65d214001983c8,7,uniform,"[50, 50, 50, 50, 50, 50, 50]",1,1.0,1
649,56d724ea0d65d214001983c9,7,uniform,"[50, 50, 50, 50, 50, 50, 50]",1,1.0,1
650,56bec6573aeaaa14008c93e9,7,uniform,"[50, 50, 50, 50, 50, 50, 50]",0,0.0,1
651,56bec6573aeaaa14008c93ea,7,uniform,"[50, 50, 50, 50, 50, 50, 50]",0,0.0,1
652,56bec6573aeaaa14008c93eb,7,uniform,"[50, 50, 50, 50, 50, 50, 50]",0,0.0,1
653,56bec6573aeaaa14008c93ec,7,uniform,"[50, 50, 50, 50, 50, 50, 50]",0,0.0,1
654,56bec6573aeaaa14008c93ed,7,uniform,"[50, 50, 50, 50, 50, 50, 50]",0,0.0,1
655,56d7251d0d65d214001983cc,7,uniform,"[50, 50, 50, 50, 50, 50, 50]",0,0.0,1
656,56d7251d0d65d214001983cd,7,uniform,"[50, 50, 50, 50, 50, 50, 50]",0,0.0,1
657,56d7251d0d65d214001983cf,7,uniform,"[50, 50, 50, 50, 50, 50, 50]",0,0.0,1
658,56d9c3a6dc89441400fdb7b4,7,uniform,"[50, 50, 50, 50, 50, 50, 50]",0,0.0,1
659,56d9c3a6dc89441400fdb7b5,7,uniform,"[50, 50, 50, 50, 50, 50, 50]",0,0.0,1
660,56d9c3a6dc89441400fdb7b6,7,uniform,"[50, 50, 50, 50, 50, 50, 50]",0,0.0,1
661,56d9c3a6dc89441400fdb7b7,7,uniform,"[50, 50, 50, 50, 50, 50, 50]",0,0.0,1
662,56d9c3a6dc89441400fdb7b8,7,uniform,"[50, 50, 50, 50, 50, 50, 50]",0,0.0,1
663,56bec6ac3aeaaa14008c93fd,7,uniform,"[50, 50, 50, 50, 50, 50, 50]",1,1.0,1
664,56bec6ac3aeaaa14008c93fe,7,uniform,"[50, 50, 50, 50, 50, 50, 50]",1,1.0,1
665,56bec6ac3aeaaa14008c93ff,7,uniform,"[50, 50, 50, 50, 50, 50, 50]",1,1.0,1
666,56bec6ac3aeaaa14008c9400,7,uniform,"[50, 50, 50, 50, 50, 50, 50]",0,0.0,1
667,56bec6ac3aeaaa14008c9401,7,uniform,"[50, 50, 50, 50, 50, 50, 50]",0,0.8571428571428571,1
668,56d20650e7d4791d00902614,7,uniform,"[50, 50, 50, 50, 50, 50, 50]",1,1.0,1
669,56d20650e7d4791d00902615,7,uniform,"[50, 50, 50, 50, 50, 50, 50]",1,1.0,1
670,56d7253b0d65d214001983d4,7,uniform,"[50, 50, 50, 50, 50, 50, 50]",0,0.0,0
671,56d7253b0d65d214001983d5,7,uniform,"[50, 50, 50, 50, 50, 50, 50]",1,1.0,1
672,56d9c455dc89441400fdb7c4,7,uniform,"[50, 50, 50, 50, 50, 50, 50]",0,0.0,0
673,56d9c455dc89441400fdb7c5,7,uniform,"[50, 50, 50, 50, 50, 50, 50]",1,1.0,1
674,56d9c455dc89441400fdb7c6,7,uniform,"[50, 50, 50, 50, 50, 50, 50]",1,1.0,1
675,56bec7353aeaaa14008c940d,7,uniform,"[50, 50, 50, 50, 50, 50, 50]",0,0.8,1
676,56bec7353aeaaa14008c940e,7,uniform,"[50, 50, 50, 50, 50, 50, 50]",1,1.0,1
677,56bec7353aeaaa14008c940f,7,uniform,"[50, 50, 50, 50, 50, 50, 50]",0,0.6666666666666666,1
678,56bec7353aeaaa14008c9410,7,uniform,"[50, 50, 50, 50, 50, 50, 50]",0,0.0,1
679,56bec7353aeaaa14008c9411,7,uniform,"[50, 50, 50, 50, 50, 50, 50]",0,0.0,1
680,56d725790d65d214001983d8,7,uniform,"[50, 50, 50, 50, 50, 50, 50]",0,0.0,1
681,56d725790d65d214001983da,7,uniform,"[50, 50, 50, 50, 50, 50, 50]",0,0.0,1
682,56d725790d65d214001983db,7,uniform,"[50, 50, 50, 50, 50, 50, 50]",0,0.0,1
683,56d9c551dc89441400fdb7d0,7,uniform,"[50, 50, 50, 50, 50, 50, 50]",1,1.0,1
684,56d9c551dc89441400fdb7d1,7,uniform,"[50, 50, 50, 50, 50, 50, 50]",0,0.0,1
685,56d9c551dc89441400fdb7d2,7,uniform,"[50, 50, 50, 50, 50, 50, 50]",0,0.0,1
686,56d9c551dc89441400fdb7d3,7,uniform,"[50, 50, 50, 50, 50, 50, 50]",0,0.0,1
687,56bec7a63aeaaa14008c9417,7,uniform,"[50, 50, 50, 50, 50, 50, 50]",1,1.0,1
688,56bec7a63aeaaa14008c9418,7,uniform,"[50, 50, 50, 50, 50, 50, 50]",0,0.0,1
689,56bec7a63aeaaa14008c9419,7,uniform,"[50, 50, 50, 50, 50, 50, 50]",0,0.0,1
690,56bec7a63aeaaa14008c941a,7,uniform,"[50, 50, 50, 50, 50, 50, 50]",0,0.0,1
691,56bec7a63aeaaa14008c941b,7,uniform,"[50, 50, 50, 50, 50, 50, 50]",0,0.0,1
692,56d728a10d65d21400198413,7,uniform,"[50, 50, 50, 50, 50, 50, 50]",0,0.0,1
693,56d728a10d65d21400198414,7,uniform,"[50, 50, 50, 50, 50, 50, 50]",0,0.0,1
694,56d728a10d65d21400198415,7,uniform,"[50, 50, 50, 50, 50, 50, 50]",0,0.0,0
695,56d728a10d65d21400198416,7,uniform,"[50, 50, 50, 50, 50, 50, 50]",0,0.0,0
696,56d9c5e7dc89441400fdb7d8,7,uniform,"[50, 50, 50, 50, 50, 50, 50]",1,1.0,1
697,56d9c5e7dc89441400fdb7d9,7,uniform,"[50, 50, 50, 50, 50, 50, 50]",1,1.0,1
698,56d9c5e7dc89441400fdb7da,7,uniform,"[50, 50, 50, 50, 50, 50, 50]",0,0.0,1
699,56d9c5e7dc89441400fdb7db,7,uniform,"[50, 50, 50, 50, 50, 50, 50]",0,0.0,1
700,56d9c5e7dc89441400fdb7dc,7,uniform,"[50, 50, 50, 50, 50, 50, 50]",0,0.0,1
701,56bec8243aeaaa14008c942b,7,uniform,"[50, 50, 50, 50, 50, 50, 50]",0,0.0,1
702,56bec8243aeaaa14008c942c,7,uniform,"[50, 50, 50, 50, 50, 50, 50]",1,1.0,1
703,56bec8243aeaaa14008c942d,7,uniform,"[50, 50, 50, 50, 50, 50, 50]",1,1.0,1
704,56bec8243aeaaa14008c942e,7,uniform,"[50, 50, 50, 50, 50, 50, 50]",0,0.0,1
705,56bec8243aeaaa14008c942f,7,uniform,"[50, 50, 50, 50, 50, 50, 50]",0,0.6666666666666666,1
706,56d728e00d65d2140019841c,7,uniform,"[50, 50, 50, 50, 50, 50, 50]",0,0.0,1
707,56d728e00d65d2140019841d,7,uniform,"[50, 50, 50, 50, 50, 50, 50]",0,0.0,1
708,56d728e00d65d2140019841e,7,uniform,"[50, 50, 50, 50, 50, 50, 50]",0,0.0,1
709,56d728e00d65d2140019841f,7,uniform,"[50, 50, 50, 50, 50, 50, 50]",0,0.0,1
710,56d728e00d65d21400198420,7,uniform,"[50, 50, 50, 50, 50, 50, 50]",0,0.0,1
711,56d9c660dc89441400fdb7e7,7,uniform,"[50, 50, 50, 50, 50, 50, 50]",0,0.0,1
712,56d9c660dc89441400fdb7e8,7,uniform,"[50, 50, 50, 50, 50, 50, 50]",0,0.0,1
713,56d9c660dc89441400fdb7e9,7,uniform,"[50, 50, 50, 50, 50, 50, 50]",0,0.0,1
714,56d9c660dc89441400fdb7ea,7,uniform,"[50, 50, 50, 50, 50, 50, 50]",0,0.0,1
715,56bec8a13aeaaa14008c9435,7,uniform,"[50, 50, 50, 50, 50, 50, 50]",0,0.0,1
716,56bec8a13aeaaa14008c9436,7,uniform,"[50, 50, 50, 50, 50, 50, 50]",0,0.0,0
717,56bec8a13aeaaa14008c9437,7,uniform,"[50, 50, 50, 50, 50, 50, 50]",0,0.0,1
718,56bec8a13aeaaa14008c9438,7,uniform,"[50, 50, 50, 50, 50, 50, 50]",0,0.0,1
719,56bec8a13aeaaa14008c9439,7,uniform,"[50, 50, 50, 50, 50, 50, 50]",0,0.0,1
720,56d729180d65d21400198426,7,uniform,"[50, 50, 50, 50, 50, 50, 50]",1,1.0,1
721,56d729180d65d21400198427,7,uniform,"[50, 50, 50, 50, 50, 50, 50]",0,0.0,1
722,56d729180d65d21400198428,7,uniform,"[50, 50, 50, 50, 50, 50, 50]",0,0.0,1
723,56d729180d65d21400198429,7,uniform,"[50, 50, 50, 50, 50, 50, 50]",0,0.0,1
724,56d729180d65d2140019842a,7,uniform,"[50, 50, 50, 50, 50, 50, 50]",0,0.0,1
725,56d9c6e0dc89441400fdb7f0,7,uniform,"[50, 50, 50, 50, 50, 50, 50]",0,0.0,1
726,56d9c6e0dc89441400fdb7f4,7,uniform,"[50, 50, 50, 50, 50, 50, 50]",0,0.0,1
727,56bec9133aeaaa14008c9445,7,uniform,"[50, 50, 50, 50, 50, 50, 50]",1,1.0,1
728,56bec9133aeaaa14008c9446,7,uniform,"[50, 50, 50, 50, 50, 50, 50]",1,1.0,1
729,56bec9133aeaaa14008c9447,7,uniform,"[50, 50, 50, 50, 50, 50, 50]",0,0.0,1
730,56bec9133aeaaa14008c9448,7,uniform,"[50, 50, 50, 50, 50, 50, 50]",0,0.0,1
731,56bec9133aeaaa14008c9449,7,uniform,"[50, 50, 50, 50, 50, 50, 50]",0,0.0,1
732,56d729ec0d65d21400198430,7,uniform,"[50, 50, 50, 50, 50, 50, 50]",1,1.0,1
733,56d729ec0d65d21400198431,7,uniform,"[50, 50, 50, 50, 50, 50, 50]",0,0.0,1
734,56d729ec0d65d21400198432,7,uniform,"[50, 50, 50, 50, 50, 50, 50]",0,0.0,1
735,56d729ec0d65d21400198434,7,uniform,"[50, 50, 50, 50, 50, 50, 50]",0,0.0,1
736,56d9c79edc89441400fdb804,7,uniform,"[50, 50, 50, 50, 50, 50, 50]",0,0.0,1
737,56d9c79edc89441400fdb805,7,uniform,"[50, 50, 50, 50, 50, 50, 50]",0,0.6666666666666666,1
738,56d9c79edc89441400fdb806,7,uniform,"[50, 50, 50, 50, 50, 50, 50]",1,1.0,1
739,56d9c79edc89441400fdb807,7,uniform,"[50, 50, 50, 50, 50, 50, 50]",0,0.0,1
740,56d9c79edc89441400fdb808,7,uniform,"[50, 50, 50, 50, 50, 50, 50]",0,0.0,1
741,56bec98e3aeaaa14008c9455,7,uniform,"[50, 50, 50, 50, 50, 50, 50]",1,1.0,1
742,56bec98e3aeaaa14008c9456,7,uniform,"[50, 50, 50, 50, 50, 50, 50]",0,0.0,1
743,56bec98e3aeaaa14008c9457,7,uniform,"[50, 50, 50, 50, 50, 50, 50]",0,0.0,1
744,56bec98e3aeaaa14008c9458,7,uniform,"[50, 50, 50, 50, 50, 50, 50]",0,0.0,1
745,56bec98e3aeaaa14008c9459,7,uniform,"[50, 50, 50, 50, 50, 50, 50]",0,0.0,1
746,56d7282f0d65d21400198408,7,uniform,"[50, 50, 50, 50, 50, 50, 50]",1,1.0,1
747,56d7282f0d65d21400198409,7,uniform,"[50, 50, 50, 50, 50, 50, 50]",0,0.0,1
748,56d7282f0d65d2140019840a,7,uniform,"[50, 50, 50, 50, 50, 50, 50]",0,0.0,1
749,56d7282f0d65d2140019840c,7,uniform,"[50, 50, 50, 50, 50, 50, 50]",0,0.0,1
750,56d9c92bdc89441400fdb80e,7,uniform,"[50, 50, 50, 50, 50, 50, 50]",0,0.0,0
751,56d9c92bdc89441400fdb80f,7,uniform,"[50, 50, 50, 50, 50, 50, 50]",0,0.0,1
752,56d9c92bdc89441400fdb810,7,uniform,"[50, 50, 50, 50, 50, 50, 50]",0,0.0,1
753,56d9c92bdc89441400fdb811,7,uniform,"[50, 50, 50, 50, 50, 50, 50]",0,0.0,1
754,56bec9e83aeaaa14008c945f,7,uniform,"[50, 50, 50, 50, 50, 50, 50]",0,0.0,1
755,56bec9e83aeaaa14008c9460,7,uniform,"[50, 50, 50, 50, 50, 50, 50]",0,0.0,1
756,56bec9e83aeaaa14008c9461,7,uniform,"[50, 50, 50, 50, 50, 50, 50]",0,0.0,1
757,56bec9e83aeaaa14008c9462,7,uniform,"[50, 50, 50, 50, 50, 50, 50]",0,0.6666666666666666,1
758,56d7261e0d65d214001983e0,7,uniform,"[50, 50, 50, 50, 50, 50, 50]",0,0.6666666666666666,1
759,56d7261e0d65d214001983e1,7,uniform,"[50, 50, 50, 50, 50, 50, 50]",1,1.0,1
760,56d7261e0d65d214001983e2,7,uniform,"[50, 50, 50, 50, 50, 50, 50]",0,0.5714285714285715,1
761,56d7261e0d65d214001983e4,7,uniform,"[50, 50, 50, 50, 50, 50, 50]",0,0.0,1
762,56d9ca0adc89441400fdb820,7,uniform,"[50, 50, 50, 50, 50, 50, 50]",1,1.0,1
763,56d9ca0adc89441400fdb821,7,uniform,"[50, 50, 50, 50, 50, 50, 50]",0,0.0,1
764,56d9ca0adc89441400fdb822,7,uniform,"[50, 50, 50, 50, 50, 50, 50]",0,0.0,1
765,56d9ca0adc89441400fdb823,7,uniform,"[50, 50, 50, 50, 50, 50, 50]",0,0.0,1
766,56beca913aeaaa14008c946d,7,uniform,"[50, 50, 50, 50, 50, 50, 50]",1,1.0,1
767,56beca913aeaaa14008c946e,7,uniform,"[50, 50, 50, 50, 50, 50, 50]",0,0.0,1
768,56beca913aeaaa14008c946f,7,uniform,"[50, 50, 50, 50, 50, 50, 50]",0,0.0,1
769,56beca913aeaaa14008c9470,7,uniform,"[50, 50, 50, 50, 50, 50, 50]",0,0.0,1
770,56beca913aeaaa14008c9471,7,uniform,"[50, 50, 50, 50, 50, 50, 50]",0,0.0,1
771,56d726b60d65d214001983ea,7,uniform,"[50, 50, 50, 50, 50, 50, 50]",1,1.0,1
772,56d726b60d65d214001983eb,7,uniform,"[50, 50, 50, 50, 50, 50, 50]",0,0.0,1
773,56d726b60d65d214001983ec,7,uniform,"[50, 50, 50, 50, 50, 50, 50]",0,0.0,1
774,56d726b60d65d214001983ed,7,uniform,"[50, 50, 50, 50, 50, 50, 50]",0,0.0,1
775,56d726b60d65d214001983ee,7,uniform,"[50, 50, 50, 50, 50, 50, 50]",0,0.0,1
776,56d9cb47dc89441400fdb832,7,uniform,"[50, 50, 50, 50, 50, 50, 50]",1,1.0,1
777,56d9cb47dc89441400fdb833,7,uniform,"[50, 50, 50, 50, 50, 50, 50]",1,1.0,1
778,56d9cb47dc89441400fdb834,7,uniform,"[50, 50, 50, 50, 50, 50, 50]",0,0.0,1
779,56d9cb47dc89441400fdb835,7,uniform,"[50, 50, 50, 50, 50, 50, 50]",0,0.0,1
780,56d9cb47dc89441400fdb836,7,uniform,"[50, 50, 50, 50, 50, 50, 50]",0,0.0,1
781,56becaf93aeaaa14008c9481,7,uniform,"[50, 50, 50, 50, 50, 50, 50]",1,1.0,1
782,56becaf93aeaaa14008c9482,7,uniform,"[50, 50, 50, 50, 50, 50, 50]",0,0.0,1
783,56becaf93aeaaa14008c9483,7,uniform,"[50, 50, 50, 50, 50, 50, 50]",0,0.0,1
784,56becaf93aeaaa14008c9484,7,uniform,"[50, 50, 50, 50, 50, 50, 50]",0,0.0,0
785,56becaf93aeaaa14008c9485,7,uniform,"[50, 50, 50, 50, 50, 50, 50]",0,0.0,0
786,56d7270c0d65d214001983f4,7,uniform,"[50, 50, 50, 50, 50, 50, 50]",0,0.0,0
787,56d7270c0d65d214001983f5,7,uniform,"[50, 50, 50, 50, 50, 50, 50]",0,0.0,1
788,56d7270c0d65d214001983f6,7,uniform,"[50, 50, 50, 50, 50, 50, 50]",1,1.0,1
789,56d7270c0d65d214001983f7,7,uniform,"[50, 50, 50, 50, 50, 50, 50]",1,1.0,1
790,56d7270c0d65d214001983f8,7,uniform,"[50, 50, 50, 50, 50, 50, 50]",1,1.0,0
791,56d9ccacdc89441400fdb842,7,uniform,"[50, 50, 50, 50, 50, 50, 50]",0,0.0,0
792,56d9ccacdc89441400fdb843,7,uniform,"[50, 50, 50, 50, 50, 50, 50]",0,0.0,0
793,56d9ccacdc89441400fdb844,7,uniform,"[50, 50, 50, 50, 50, 50, 50]",0,0.0,0
794,56d9ccacdc89441400fdb845,7,uniform,"[50, 50, 50, 50, 50, 50, 50]",0,0.0,0
795,56d9ccacdc89441400fdb846,7,uniform,"[50, 50, 50, 50, 50, 50, 50]",0,0.0,1
796,56becb823aeaaa14008c948b,7,uniform,"[50, 50, 50, 50, 50, 50, 50]",0,0.0,1
797,56becb823aeaaa14008c948c,7,uniform,"[50, 50, 50, 50, 50, 50, 50]",1,1.0,1
798,56becb823aeaaa14008c948d,7,uniform,"[50, 50, 50, 50, 50, 50, 50]",0,0.0,1
799,56becb823aeaaa14008c948e,7,uniform,"[50, 50, 50, 50, 50, 50, 50]",0,0.0,1
800,56becb823aeaaa14008c948f,7,uniform,"[50, 50, 50, 50, 50, 50, 50]",0,0.6666666666666666,1
801,56d7277c0d65d214001983fe,7,uniform,"[50, 50, 50, 50, 50, 50, 50]",0,0.5,1
802,56d7277c0d65d214001983ff,7,uniform,"[50, 50, 50, 50, 50, 50, 50]",0,0.0,1
803,56d7277c0d65d21400198401,7,uniform,"[50, 50, 50, 50, 50, 50, 50]",0,0.0,1
804,56d7277c0d65d21400198402,7,uniform,"[50, 50, 50, 50, 50, 50, 50]",1,1.0,1
805,56d9cd9adc89441400fdb84c,7,uniform,"[50, 50, 50, 50, 50, 50, 50]",0,0.0,1
806,56d9cd9adc89441400fdb84d,7,uniform,"[50, 50, 50, 50, 50, 50, 50]",1,1.0,1
807,56d9cd9adc89441400fdb84e,7,uniform,"[50, 50, 50, 50, 50, 50, 50]",0,0.6666666666666666,1
808,56d9cd9adc89441400fdb84f,7,uniform,"[50, 50, 50, 50, 50, 50, 50]",0,0.0,1
809,56d9cd9adc89441400fdb850,7,uniform,"[50, 50, 50, 50, 50, 50, 50]",0,0.0,1
810,5733a5f54776f41900660f45,7,uniform,"[50, 50, 50, 50, 50, 50, 50]",1,1.0,1
811,5733a5f54776f41900660f48,7,uniform,"[50, 50, 50, 50, 50, 50, 50]",0,0.0,1
812,5733a5f54776f41900660f44,7,uniform,"[50, 50, 50, 50, 50, 50, 50]",1,1.0,1
813,5733a5f54776f41900660f46,7,uniform,"[50, 50, 50, 50, 50, 50, 50]",0,0.0,1
814,5733a5f54776f41900660f47,7,uniform,"[50, 50, 50, 50, 50, 50, 50]",0,0.0,1
815,57336755d058e614000b5a3d,7,uniform,"[50, 50, 50, 50, 50, 50, 50]",1,1.0,1
816,57336755d058e614000b5a3f,7,uniform,"[50, 50, 50, 50, 50, 50, 50]",0,0.0,1
817,57336755d058e614000b5a3c,7,uniform,"[50, 50, 50, 50, 50, 50, 50]",1,1.0,1
818,57336755d058e614000b5a3e,7,uniform,"[50, 50, 50, 50, 50, 50, 50]",0,0.0,1
819,57336755d058e614000b5a40,7,uniform,"[50, 50, 50, 50, 50, 50, 50]",0,0.0,1
820,57337ddc4776f41900660bbb,7,uniform,"[50, 50, 50, 50, 50, 50, 50]",0,0.0,1
821,57337ddc4776f41900660bbc,7,uniform,"[50, 50, 50, 50, 50, 50, 50]",0,0.0,1
822,57337ddc4776f41900660bba,7,uniform,"[50, 50, 50, 50, 50, 50, 50]",1,1.0,1
823,57337ddc4776f41900660bbd,7,uniform,"[50, 50, 50, 50, 50, 50, 50]",0,0.0,1
824,57337ddc4776f41900660bbe,7,uniform,"[50, 50, 50, 50, 50, 50, 50]",0,0.0,1
825,57337ea24776f41900660bd0,7,uniform,"[50, 50, 50, 50, 50, 50, 50]",1,1.0,1
826,57337ea24776f41900660bd3,7,uniform,"[50, 50, 50, 50, 50, 50, 50]",0,0.0,1
827,57337ea24776f41900660bd2,7,uniform,"[50, 50, 50, 50, 50, 50, 50]",0,0.0,1
828,57337ea24776f41900660bd1,7,uniform,"[50, 50, 50, 50, 50, 50, 50]",1,1.0,1
829,57337ea24776f41900660bd4,7,uniform,"[50, 50, 50, 50, 50, 50, 50]",0,0.0,1
830,57339555d058e614000b5df4,7,uniform,"[50, 50, 50, 50, 50, 50, 50]",1,1.0,1
831,57339555d058e614000b5df5,7,uniform,"[50, 50, 50, 50, 50, 50, 50]",0,0.0,1
832,57339555d058e614000b5df6,7,uniform,"[50, 50, 50, 50, 50, 50, 50]",0,0.0,1
833,57339555d058e614000b5df3,7,uniform,"[50, 50, 50, 50, 50, 50, 50]",1,1.0,1
834,57339555d058e614000b5df7,7,uniform,"[50, 50, 50, 50, 50, 50, 50]",0,0.0,1
835,57339902d058e614000b5e70,7,uniform,"[50, 50, 50, 50, 50, 50, 50]",1,1.0,1
836,57339902d058e614000b5e71,7,uniform,"[50, 50, 50, 50, 50, 50, 50]",1,1.0,1
837,57339902d058e614000b5e72,7,uniform,"[50, 50, 50, 50, 50, 50, 50]",0,0.0,1
838,57339902d058e614000b5e73,7,uniform,"[50, 50, 50, 50, 50, 50, 50]",0,0.0,1
839,57339902d058e614000b5e74,7,uniform,"[50, 50, 50, 50, 50, 50, 50]",0,0.0,1
840,573399b54776f41900660e64,7,uniform,"[50, 50, 50, 50, 50, 50, 50]",1,1.0,1
841,573399b54776f41900660e65,7,uniform,"[50, 50, 50, 50, 50, 50, 50]",0,0.5,1
842,573399b54776f41900660e66,7,uniform,"[50, 50, 50, 50, 50, 50, 50]",0,0.0,1
843,573399b54776f41900660e67,7,uniform,"[50, 50, 50, 50, 50, 50, 50]",0,0.0,1
844,57339a554776f41900660e74,7,uniform,"[50, 50, 50, 50, 50, 50, 50]",1,1.0,1
845,57339a554776f41900660e75,7,uniform,"[50, 50, 50, 50, 50, 50, 50]",1,1.0,1
846,57339a554776f41900660e76,7,uniform,"[50, 50, 50, 50, 50, 50, 50]",0,0.22222222222222224,1
847,57339a554776f41900660e77,7,uniform,"[50, 50, 50, 50, 50, 50, 50]",0,0.0,1
848,57339a554776f41900660e78,7,uniform,"[50, 50, 50, 50, 50, 50, 50]",0,0.0,1
849,57339ad74776f41900660e86,7,uniform,"[50, 50, 50, 50, 50, 50, 50]",1,1.0,1
850,57339ad74776f41900660e87,7,uniform,"[50, 50, 50, 50, 50, 50, 50]",0,0.28571428571428575,0
851,57339ad74776f41900660e88,7,uniform,"[50, 50, 50, 50, 50, 50, 50]",0,0.0,1
852,57339ad74776f41900660e89,7,uniform,"[50, 50, 50, 50, 50, 50, 50]",0,0.0,1
853,57339ad74776f41900660e8a,7,uniform,"[50, 50, 50, 50, 50, 50, 50]",0,0.0,1
854,57339c16d058e614000b5ec5,7,uniform,"[50, 50, 50, 50, 50, 50, 50]",1,1.0,1
855,57339c16d058e614000b5ec6,7,uniform,"[50, 50, 50, 50, 50, 50, 50]",0,0.6666666666666666,1
856,57339c16d058e614000b5ec7,7,uniform,"[50, 50, 50, 50, 50, 50, 50]",1,1.0,1
857,57339c16d058e614000b5ec8,7,uniform,"[50, 50, 50, 50, 50, 50, 50]",0,0.0,1
858,57339c16d058e614000b5ec9,7,uniform,"[50, 50, 50, 50, 50, 50, 50]",0,0.0,1
859,57339dd94776f41900660ecc,7,uniform,"[50, 50, 50, 50, 50, 50, 50]",1,1.0,1
860,57339dd94776f41900660ecd,7,uniform,"[50, 50, 50, 50, 50, 50, 50]",0,0.5,1
861,57339dd94776f41900660ece,7,uniform,"[50, 50, 50, 50, 50, 50, 50]",0,0.0,1
862,57339dd94776f41900660ecf,7,uniform,"[50, 50, 50, 50, 50, 50, 50]",0,0.0,1
863,57339dd94776f41900660ed0,7,uniform,"[50, 50, 50, 50, 50, 50, 50]",0,0.0,1
864,57339eb9d058e614000b5ef6,7,uniform,"[50, 50, 50, 50, 50, 50, 50]",1,1.0,1
865,57339eb9d058e614000b5ef7,7,uniform,"[50, 50, 50, 50, 50, 50, 50]",0,0.0,1
866,57339eb9d058e614000b5ef8,7,uniform,"[50, 50, 50, 50, 50, 50, 50]",0,0.0,1
867,57339eb9d058e614000b5ef9,7,uniform,"[50, 50, 50, 50, 50, 50, 50]",0,0.0,1
868,57339eb9d058e614000b5efa,7,uniform,"[50, 50, 50, 50, 50, 50, 50]",0,0.0,1
869,5733a1854776f41900660f0a,7,uniform,"[50, 50, 50, 50, 50, 50, 50]",0,0.6,1
870,5733a1854776f41900660f0b,7,uniform,"[50, 50, 50, 50, 50, 50, 50]",1,1.0,1
871,5733a1854776f41900660f0c,7,uniform,"[50, 50, 50, 50, 50, 50, 50]",0,0.6666666666666666,1
872,5733a1854776f41900660f0d,7,uniform,"[50, 50, 50, 50, 50, 50, 50]",0,0.3333333333333333,1
873,5733a1854776f41900660f0e,7,uniform,"[50, 50, 50, 50, 50, 50, 50]",0,0.0,1
874,5733a2a9d058e614000b5f28,7,uniform,"[50, 50, 50, 50, 50, 50, 50]",1,1.0,1
875,5733a2a9d058e614000b5f29,7,uniform,"[50, 50, 50, 50, 50, 50, 50]",1,1.0,1
876,5733a2a9d058e614000b5f2a,7,uniform,"[50, 50, 50, 50, 50, 50, 50]",0,0.0,1
877,5733a2a9d058e614000b5f2b,7,uniform,"[50, 50, 50, 50, 50, 50, 50]",0,0.25,1
878,5733a2a9d058e614000b5f2c,7,uniform,"[50, 50, 50, 50, 50, 50, 50]",0,0.22222222222222224,1
879,5733a32bd058e614000b5f32,7,uniform,"[50, 50, 50, 50, 50, 50, 50]",1,1.0,1
880,5733a32bd058e614000b5f33,7,uniform,"[50, 50, 50, 50, 50, 50, 50]",1,1.0,1
881,5733a32bd058e614000b5f34,7,uniform,"[50, 50, 50, 50, 50, 50, 50]",1,1.0,1
882,5733a32bd058e614000b5f35,7,uniform,"[50, 50, 50, 50, 50, 50, 50]",0,0.0,1
883,5733a32bd058e614000b5f36,7,uniform,"[50, 50, 50, 50, 50, 50, 50]",0,0.0,1
884,5733a45d4776f41900660f23,7,uniform,"[50, 50, 50, 50, 50, 50, 50]",0,0.0,0
885,5733a45d4776f41900660f24,7,uniform,"[50, 50, 50, 50, 50, 50, 50]",1,1.0,1
886,5733a45d4776f41900660f25,7,uniform,"[50, 50, 50, 50, 50, 50, 50]",0,0.8571428571428571,1
887,5733a45d4776f41900660f26,7,uniform,"[50, 50, 50, 50, 50, 50, 50]",0,0.0,1
888,5733a45d4776f41900660f27,7,uniform,"[50, 50, 50, 50, 50, 50, 50]",0,0.0,1
889,5733a560d058e614000b5f77,7,uniform,"[50, 50, 50, 50, 50, 50, 50]",1,1.0,1
890,5733a560d058e614000b5f78,7,uniform,"[50, 50, 50, 50, 50, 50, 50]",0,0.7499999999999999,1
891,5733a560d058e614000b5f79,7,uniform,"[50, 50, 50, 50, 50, 50, 50]",0,0.2222222222222222,1
892,5733a560d058e614000b5f7a,7,uniform,"[50, 50, 50, 50, 50, 50, 50]",0,0.0,1
893,5733a560d058e614000b5f7b,7,uniform,"[50, 50, 50, 50, 50, 50, 50]",0,0.0,1
894,5733a6ac4776f41900660f58,7,uniform,"[50, 50, 50, 50, 50, 50, 50]",1,1.0,1
895,5733a6ac4776f41900660f59,7,uniform,"[50, 50, 50, 50, 50, 50, 50]",1,1.0,1
896,5733a6ac4776f41900660f5a,7,uniform,"[50, 50, 50, 50, 50, 50, 50]",0,0.0,1
897,5733a6ac4776f41900660f5b,7,uniform,"[50, 50, 50, 50, 50, 50, 50]",0,0.0,1
898,5733a6ac4776f41900660f5c,7,uniform,"[50, 50, 50, 50, 50, 50, 50]",0,0.0,1
899,573312fcd058e614000b56e6,7,uniform,"[50, 50, 50, 50, 50, 50, 50]",1,1.0,1
900,573312fcd058e614000b56e7,7,uniform,"[50, 50, 50, 50, 50, 50, 50]",1,1.0,1
901,573312fcd058e614000b56e8,7,uniform,"[50, 50, 50, 50, 50, 50, 50]",0,0.0,1
902,573312fcd058e614000b56e9,7,uniform,"[50, 50, 50, 50, 50, 50, 50]",0,0.044444444444444446,1
903,573312fcd058e614000b56ea,7,uniform,"[50, 50, 50, 50, 50, 50, 50]",0,0.0,1
904,5733140a4776f419006606e0,7,uniform,"[50, 50, 50, 50, 50, 50, 50]",1,1.0,1
905,5733140a4776f419006606e1,7,uniform,"[50, 50, 50, 50, 50, 50, 50]",1,1.0,1
906,5733140a4776f419006606e2,7,uniform,"[50, 50, 50, 50, 50, 50, 50]",0,0.0,1
907,5733140a4776f419006606e3,7,uniform,"[50, 50, 50, 50, 50, 50, 50]",0,0.0,1
908,5733140a4776f419006606e4,7,uniform,"[50, 50, 50, 50, 50, 50, 50]",0,0.0,1
909,573314e3d058e614000b56f0,7,uniform,"[50, 50, 50, 50, 50, 50, 50]",1,1.0,1
910,573314e3d058e614000b56f1,7,uniform,"[50, 50, 50, 50, 50, 50, 50]",0,0.25,0
911,573314e3d058e614000b56f2,7,uniform,"[50, 50, 50, 50, 50, 50, 50]",0,0.0,1
912,573314e3d058e614000b56f3,7,uniform,"[50, 50, 50, 50, 50, 50, 50]",0,0.0,1
913,573314e3d058e614000b56f4,7,uniform,"[50, 50, 50, 50, 50, 50, 50]",0,0.0,1
914,57332442d058e614000b5720,7,uniform,"[50, 50, 50, 50, 50, 50, 50]",1,1.0,1
915,57332442d058e614000b5721,7,uniform,"[50, 50, 50, 50, 50, 50, 50]",1,1.0,1
916,57332442d058e614000b5722,7,uniform,"[50, 50, 50, 50, 50, 50, 50]",0,0.14285714285714285,1
917,57332442d058e614000b5723,7,uniform,"[50, 50, 50, 50, 50, 50, 50]",0,0.0,1
918,57332442d058e614000b5724,7,uniform,"[50, 50, 50, 50, 50, 50, 50]",0,0.0,1
919,57332562d058e614000b5730,7,uniform,"[50, 50, 50, 50, 50, 50, 50]",1,1.0,1
920,57332562d058e614000b5731,7,uniform,"[50, 50, 50, 50, 50, 50, 50]",0,0.25,1
921,57332562d058e614000b5732,7,uniform,"[50, 50, 50, 50, 50, 50, 50]",0,0.0,1
922,57332562d058e614000b5733,7,uniform,"[50, 50, 50, 50, 50, 50, 50]",0,0.0,1
923,57332562d058e614000b5734,7,uniform,"[50, 50, 50, 50, 50, 50, 50]",0,0.0,1
924,5733266d4776f41900660712,7,uniform,"[50, 50, 50, 50, 50, 50, 50]",1,1.0,1
925,5733266d4776f41900660713,7,uniform,"[50, 50, 50, 50, 50, 50, 50]",1,1.0,1
926,5733266d4776f41900660714,7,uniform,"[50, 50, 50, 50, 50, 50, 50]",1,1.0,1
927,5733266d4776f41900660715,7,uniform,"[50, 50, 50, 50, 50, 50, 50]",0,0.1,1
928,5733266d4776f41900660716,7,uniform,"[50, 50, 50, 50, 50, 50, 50]",0,0.0,1
929,57332a734776f41900660726,7,uniform,"[50, 50, 50, 50, 50, 50, 50]",0,0.0,1
930,57332a734776f41900660727,7,uniform,"[50, 50, 50, 50, 50, 50, 50]",1,1.0,1
931,57332a734776f41900660728,7,uniform,"[50, 50, 50, 50, 50, 50, 50]",0,0.0,1
932,57332a734776f41900660729,7,uniform,"[50, 50, 50, 50, 50, 50, 50]",0,0.0,1
933,57332a734776f4190066072a,7,uniform,"[50, 50, 50, 50, 50, 50, 50]",1,1.0,1
934,57332b66d058e614000b5758,7,uniform,"[50, 50, 50, 50, 50, 50, 50]",1,1.0,1
935,57332b66d058e614000b5759,7,uniform,"[50, 50, 50, 50, 50, 50, 50]",1,1.0,1
936,57332b66d058e614000b575a,7,uniform,"[50, 50, 50, 50, 50, 50, 50]",0,0.0,1
937,57332b66d058e614000b575b,7,uniform,"[50, 50, 50, 50, 50, 50, 50]",0,0.0,1
938,57332b66d058e614000b575c,7,uniform,"[50, 50, 50, 50, 50, 50, 50]",0,0.5,1
939,57332c1e4776f4190066073a,7,uniform,"[50, 50, 50, 50, 50, 50, 50]",0,0.0,0
940,57332c1e4776f4190066073b,7,uniform,"[50, 50, 50, 50, 50, 50, 50]",0,0.0,1
941,57332c1e4776f4190066073c,7,uniform,"[50, 50, 50, 50, 50, 50, 50]",0,0.0,1
942,57332c1e4776f4190066073d,7,uniform,"[50, 50, 50, 50, 50, 50, 50]",0,0.0,1
943,57332c1e4776f4190066073e,7,uniform,"[50, 50, 50, 50, 50, 50, 50]",0,0.0,1
944,57332e48d058e614000b5762,7,uniform,"[50, 50, 50, 50, 50, 50, 50]",1,1.0,1
945,57332e48d058e614000b5763,7,uniform,"[50, 50, 50, 50, 50, 50, 50]",1,1.0,1
946,57332e48d058e614000b5764,7,uniform,"[50, 50, 50, 50, 50, 50, 50]",0,0.3333333333333333,1
947,57332e48d058e614000b5765,7,uniform,"[50, 50, 50, 50, 50, 50, 50]",0,0.0,1
948,57332e48d058e614000b5766,7,uniform,"[50, 50, 50, 50, 50, 50, 50]",0,0.0,1
949,57332f81d058e614000b5776,7,uniform,"[50, 50, 50, 50, 50, 50, 50]",0,0.8571428571428571,1
950,57332f81d058e614000b5777,7,uniform,"[50, 50, 50, 50, 50, 50, 50]",0,0.5,1
951,57332f81d058e614000b5778,7,uniform,"[50, 50, 50, 50, 50, 50, 50]",0,0.0,1
952,57332f81d058e614000b5779,7,uniform,"[50, 50, 50, 50, 50, 50, 50]",0,0.0,1
953,57332f81d058e614000b577a,7,uniform,"[50, 50, 50, 50, 50, 50, 50]",0,0.0,1
954,573330444776f41900660758,7,uniform,"[50, 50, 50, 50, 50, 50, 50]",1,1.0,1
955,573330444776f41900660759,7,uniform,"[50, 50, 50, 50, 50, 50, 50]",1,1.0,1
956,573330444776f4190066075a,7,uniform,"[50, 50, 50, 50, 50, 50, 50]",1,1.0,1
957,573330444776f4190066075b,7,uniform,"[50, 50, 50, 50, 50, 50, 50]",0,0.0,1
958,573330444776f4190066075c,7,uniform,"[50, 50, 50, 50, 50, 50, 50]",0,0.0,1
959,5733314e4776f4190066076a,7,uniform,"[50, 50, 50, 50, 50, 50, 50]",1,1.0,1
960,5733314e4776f4190066076b,7,uniform,"[50, 50, 50, 50, 50, 50, 50]",1,1.0,1
961,5733314e4776f4190066076c,7,uniform,"[50, 50, 50, 50, 50, 50, 50]",1,1.0,1
962,5733314e4776f4190066076d,7,uniform,"[50, 50, 50, 50, 50, 50, 50]",0,0.0,1
963,5733314e4776f4190066076e,7,uniform,"[50, 50, 50, 50, 50, 50, 50]",0,0.0,1
964,57335c20d058e614000b58f9,7,uniform,"[50, 50, 50, 50, 50, 50, 50]",1,1.0,1
965,57335c20d058e614000b58fa,7,uniform,"[50, 50, 50, 50, 50, 50, 50]",1,1.0,1
966,57335c20d058e614000b58fc,7,uniform,"[50, 50, 50, 50, 50, 50, 50]",0,0.0,1
967,57335c20d058e614000b58fb,7,uniform,"[50, 50, 50, 50, 50, 50, 50]",1,1.0,1
968,57335c20d058e614000b58fd,7,uniform,"[50, 50, 50, 50, 50, 50, 50]",0,0.0,1
969,57335ddbd058e614000b592f,7,uniform,"[50, 50, 50, 50, 50, 50, 50]",0,0.6666666666666666,1
970,57335ddbd058e614000b5930,7,uniform,"[50, 50, 50, 50, 50, 50, 50]",0,0.25,1
971,57335ddbd058e614000b5931,7,uniform,"[50, 50, 50, 50, 50, 50, 50]",0,0.0,1
972,57335ddbd058e614000b5932,7,uniform,"[50, 50, 50, 50, 50, 50, 50]",0,0.0,1
973,57335ddbd058e614000b5933,7,uniform,"[50, 50, 50, 50, 50, 50, 50]",0,0.0,1
974,57335fcad058e614000b5970,7,uniform,"[50, 50, 50, 50, 50, 50, 50]",1,1.0,1
975,57335fcad058e614000b5971,7,uniform,"[50, 50, 50, 50, 50, 50, 50]",1,1.0,1
976,57335fcad058e614000b5972,7,uniform,"[50, 50, 50, 50, 50, 50, 50]",0,0.0,0
977,57335fcad058e614000b5973,7,uniform,"[50, 50, 50, 50, 50, 50, 50]",0,0.0,1
978,57335fcad058e614000b5974,7,uniform,"[50, 50, 50, 50, 50, 50, 50]",0,0.0,1
979,573361404776f4190066093c,7,uniform,"[50, 50, 50, 50, 50, 50, 50]",1,1.0,1
980,573361404776f4190066093d,7,uniform,"[50, 50, 50, 50, 50, 50, 50]",1,1.0,1
981,573361404776f4190066093e,7,uniform,"[50, 50, 50, 50, 50, 50, 50]",0,0.0,1
982,573361404776f4190066093f,7,uniform,"[50, 50, 50, 50, 50, 50, 50]",0,0.0,1
983,573361404776f41900660940,7,uniform,"[50, 50, 50, 50, 50, 50, 50]",0,0.0,1
984,573362b94776f41900660974,7,uniform,"[50, 50, 50, 50, 50, 50, 50]",1,1.0,1
985,573362b94776f41900660975,7,uniform,"[50, 50, 50, 50, 50, 50, 50]",0,0.0,1
986,573362b94776f41900660976,7,uniform,"[50, 50, 50, 50, 50, 50, 50]",0,0.0,1
987,573362b94776f41900660977,7,uniform,"[50, 50, 50, 50, 50, 50, 50]",0,0.0,1
988,573362b94776f41900660978,7,uniform,"[50, 50, 50, 50, 50, 50, 50]",0,0.0,1
989,5733638fd058e614000b59e8,7,uniform,"[50, 50, 50, 50, 50, 50, 50]",1,1.0,1
990,5733638fd058e614000b59e9,7,uniform,"[50, 50, 50, 50, 50, 50, 50]",0,0.35,1
991,5733638fd058e614000b59ea,7,uniform,"[50, 50, 50, 50, 50, 50, 50]",1,1.0,1
992,5733638fd058e614000b59eb,7,uniform,"[50, 50, 50, 50, 50, 50, 50]",0,0.0,1
993,5733638fd058e614000b59ec,7,uniform,"[50, 50, 50, 50, 50, 50, 50]",0,0.0,1
994,5733647e4776f419006609ae,7,uniform,"[50, 50, 50, 50, 50, 50, 50]",0,0.0,1
995,5733647e4776f419006609af,7,uniform,"[50, 50, 50, 50, 50, 50, 50]",1,1.0,1
996,5733647e4776f419006609b0,7,uniform,"[50, 50, 50, 50, 50, 50, 50]",0,0.0,1
997,5733647e4776f419006609b1,7,uniform,"[50, 50, 50, 50, 50, 50, 50]",0,0.13333333333333333,1
998,5733647e4776f419006609b2,7,uniform,"[50, 50, 50, 50, 50, 50, 50]",0,0.0,1
999,573368044776f41900660a29,7,uniform,"[50, 50, 50, 50, 50, 50, 50]",0,0.6666666666666666,1
0,56be4db0acb8001400a502ec,7,weighted,"[100, 70, 50, 40, 35, 30, 25]",1,1.0,1
1,56be4db0acb8001400a502ed,7,weighted,"[100, 70, 50, 40, 35, 30, 25]",0,0.0,1
2,56be4db0acb8001400a502ee,7,weighted,"[100, 70, 50, 40, 35, 30, 25]",0,0.0,1
3,56be4db0acb8001400a502ef,7,weighted,"[100, 70, 50, 40, 35, 30, 25]",1,1.0,1
4,56be4db0acb8001400a502f0,7,weighted,"[100, 70, 50, 40, 35, 30, 25]",0,0.0,1
5,56be8e613aeaaa14008c90d1,7,weighted,"[100, 70, 50, 40, 35, 30, 25]",0,0.0,1
6,56be8e613aeaaa14008c90d2,7,weighted,"[100, 70, 50, 40, 35, 30, 25]",1,1.0,1
7,56be8e613aeaaa14008c90d3,7,weighted,"[100, 70, 50, 40, 35, 30, 25]",0,0.0,1
8,56bea9923aeaaa14008c91b9,7,weighted,"[100, 70, 50, 40, 35, 30, 25]",0,0.0,1
9,56bea9923aeaaa14008c91ba,7,weighted,"[100, 70, 50, 40, 35, 30, 25]",0,0.0,0
10,56bea9923aeaaa14008c91bb,7,weighted,"[100, 70, 50, 40, 35, 30, 25]",0,0.6666666666666666,1
11,56beace93aeaaa14008c91df,7,weighted,"[100, 70, 50, 40, 35, 30, 25]",0,0.6666666666666666,1
12,56beace93aeaaa14008c91e0,7,weighted,"[100, 70, 50, 40, 35, 30, 25]",1,1.0,1
13,56beace93aeaaa14008c91e1,7,weighted,"[100, 70, 50, 40, 35, 30, 25]",0,0.0,1
14,56beace93aeaaa14008c91e2,7,weighted,"[100, 70, 50, 40, 35, 30, 25]",1,1.0,1
15,56beace93aeaaa14008c91e3,7,weighted,"[100, 70, 50, 40, 35, 30, 25]",1,1.0,1
16,56bf10f43aeaaa14008c94fd,7,weighted,"[100, 70, 50, 40, 35, 30, 25]",1,1.0,1
17,56bf10f43aeaaa14008c94fe,7,weighted,"[100, 70, 50, 40, 35, 30, 25]",0,0.0,1
18,56bf10f43aeaaa14008c94ff,7,weighted,"[100, 70, 50, 40, 35, 30, 25]",1,1.0,1
19,56bf10f43aeaaa14008c9500,7,weighted,"[100, 70, 50, 40, 35, 30, 25]",0,0.0,1
20,56bf10f43aeaaa14008c9501,7,weighted,"[100, 70, 50, 40, 35, 30, 25]",0,0.5,0
21,56d20362e7d4791d009025e8,7,weighted,"[100, 70, 50, 40, 35, 30, 25]",1,1.0,1
22,56d20362e7d4791d009025e9,7,weighted,"[100, 70, 50, 40, 35, 30, 25]",0,0.16,1
23,56d20362e7d4791d009025ea,7,weighted,"[100, 70, 50, 40, 35, 30, 25]",0,0.0,1
24,56d20362e7d4791d009025eb,7,weighted,"[100, 70, 50, 40, 35, 30, 25]",0,0.6666666666666666,1
25,56d600e31c85041400946eae,7,weighted,"[100, 70, 50, 40, 35, 30, 25]",1,1.0,1
26,56d600e31c85041400946eb0,7,weighted,"[100, 70, 50, 40, 35, 30, 25]",0,0.6666666666666666,1
27,56d600e31c85041400946eb1,7,weighted,"[100, 70, 50, 40, 35, 30, 25]",0,0.0,1
28,56d9895ddc89441400fdb50e,7,weighted,"[100, 70, 50, 40, 35, 30, 25]",0,0.0,1
29,56d9895ddc89441400fdb510,7,weighted,"[100, 70, 50, 40, 35, 30, 25]",0,0.0,1
30,56be4e1facb8001400a502f6,7,weighted,"[100, 70, 50, 40, 35, 30, 25]",1,1.0,1
31,56be4e1facb8001400a502f9,7,weighted,"[100, 70, 50, 40, 35, 30, 25]",1,1.0,1
32,56be4e1facb8001400a502fa,7,weighted,"[100, 70, 50, 40, 35, 30, 25]",0,0.0,1
33,56beaa4a3aeaaa14008c91c2,7,weighted,"[100, 70, 50, 40, 35, 30, 25]",0,0.0,0
34,56beaa4a3aeaaa14008c91c3,7,weighted,"[100, 70, 50, 40, 35, 30, 25]",0,0.0,1
35,56bead5a3aeaaa14008c91e9,7,weighted,"[100, 70, 50, 40, 35, 30, 25]",1,1.0,1
36,56bead5a3aeaaa14008c91ea,7,weighted,"[100, 70, 50, 40, 35, 30, 25]",1,1.0,1
37,56bead5a3aeaaa14008c91eb,7,weighted,"[100, 70, 50, 40, 35, 30, 25]",0,0.0,0
38,56bead5a3aeaaa14008c91ec,7,weighted,"[100, 70, 50, 40, 35, 30, 25]",0,0.0,1
39,56bead5a3aeaaa14008c91ed,7,weighted,"[100, 70, 50, 40, 35, 30, 25]",1,1.0,1
40,56bf159b3aeaaa14008c9507,7,weighted,"[100, 70, 50, 40, 35, 30, 25]",1,1.0,1
41,56bf159b3aeaaa14008c9508,7,weighted,"[100, 70, 50, 40, 35, 30, 25]",0,0.0,0
42,56bf159b3aeaaa14008c9509,7,weighted,"[100, 70, 50, 40, 35, 30, 25]",0,0.0,1
43,56bf159b3aeaaa14008c950a,7,weighted,"[100, 70, 50, 40, 35, 30, 25]",1,1.0,1
44,56bf159b3aeaaa14008c950b,7,weighted,"[100, 70, 50, 40, 35, 30, 25]",0,0.0,1
45,56d2045de7d4791d009025f3,7,weighted,"[100, 70, 50, 40, 35, 30, 25]",1,1.0,1
46,56d2045de7d4791d009025f4,7,weighted,"[100, 70, 50, 40, 35, 30, 25]",1,1.0,1
47,56d2045de7d4791d009025f5,7,weighted,"[100, 70, 50, 40, 35, 30, 25]",0,0.0,1
48,56d2045de7d4791d009025f6,7,weighted,"[100, 70, 50, 40, 35, 30, 25]",1,1.0,1
49,56d6017d1c85041400946ebe,7,weighted,"[100, 70, 50, 40, 35, 30, 25]",1,1.0,1
50,56d6017d1c85041400946ec1,7,weighted,"[100, 70, 50, 40, 35, 30, 25]",0,0.0,1
51,56d6017d1c85041400946ec2,7,weighted,"[100, 70, 50, 40, 35, 30, 25]",1,1.0,1
52,56d98a59dc89441400fdb52a,7,weighted,"[100, 70, 50, 40, 35, 30, 25]",1,1.0,1
53,56d98a59dc89441400fdb52b,7,weighted,"[100, 70, 50, 40, 35, 30, 25]",0,0.0,1
54,56d98a59dc89441400fdb52e,7,weighted,"[100, 70, 50, 40, 35, 30, 25]",0,0.0,0
55,56be4eafacb8001400a50302,7,weighted,"[100, 70, 50, 40, 35, 30, 25]",1,1.0,1
56,56be4eafacb8001400a50303,7,weighted,"[100, 70, 50, 40, 35, 30, 25]",1,1.0,1
57,56be4eafacb8001400a50304,7,weighted,"[100, 70, 50, 40, 35, 30, 25]",1,1.0,0
58,56beab833aeaaa14008c91d2,7,weighted,"[100, 70, 50, 40, 35, 30, 25]",1,1.0,1
59,56beab833aeaaa14008c91d3,7,weighted,"[100, 70, 50, 40, 35, 30, 25]",0,0.0,1
60,56beab833aeaaa14008c91d4,7,weighted,"[100, 70, 50, 40, 35, 30, 25]",1,1.0,1
61,56beae423aeaaa14008c91f4,7,weighted,"[100, 70, 50, 40, 35, 30, 25]",1,1.0,1
62,56beae423aeaaa14008c91f5,7,weighted,"[100, 70, 50, 40, 35, 30, 25]",1,1.0,1
63,56beae423aeaaa14008c91f6,7,weighted,"[100, 70, 50, 40, 35, 30, 25]",0,0.0,1
64,56beae423aeaaa14008c91f7,7,weighted,"[100, 70, 50, 40, 35, 30, 25]",0,0.0,1
65,56bf17653aeaaa14008c9511,7,weighted,"[100, 70, 50, 40, 35, 30, 25]",0,0.0,1
66,56bf17653aeaaa14008c9513,7,weighted,"[100, 70, 50, 40, 35, 30, 25]",1,1.0,1
67,56bf17653aeaaa14008c9514,7,weighted,"[100, 70, 50, 40, 35, 30, 25]",1,1.0,1
68,56bf17653aeaaa14008c9515,7,weighted,"[100, 70, 50, 40, 35, 30, 25]",1,1.0,1
69,56d204ade7d4791d00902603,7,weighted,"[100, 70, 50, 40, 35, 30, 25]",1,1.0,1
70,56d204ade7d4791d00902604,7,weighted,"[100, 70, 50, 40, 35, 30, 25]",1,1.0,1
71,56d601e41c85041400946ece,7,weighted,"[100, 70, 50, 40, 35, 30, 25]",1,1.0,1
72,56d601e41c85041400946ecf,7,weighted,"[100, 70, 50, 40, 35, 30, 25]",1,1.0,1
73,56d601e41c85041400946ed0,7,weighted,"[100, 70, 50, 40, 35, 30, 25]",1,1.0,1
74,56d601e41c85041400946ed1,7,weighted,"[100, 70, 50, 40, 35, 30, 25]",0,0.0,0
75,56d601e41c85041400946ed2,7,weighted,"[100, 70, 50, 40, 35, 30, 25]",1,1.0,1
76,56d98b33dc89441400fdb53b,7,weighted,"[100, 70, 50, 40, 35, 30, 25]",1,1.0,1
77,56d98b33dc89441400fdb53c,7,weighted,"[100, 70, 50, 40, 35, 30, 25]",1,1.0,1
78,56d98b33dc89441400fdb53d,7,weighted,"[100, 70, 50, 40, 35, 30, 25]",0,0.0,1
79,56d98b33dc89441400fdb53e,7,weighted,"[100, 70, 50, 40, 35, 30, 25]",1,1.0,1
80,56be5333acb8001400a5030a,7,weighted,"[100, 70, 50, 40, 35, 30, 25]",1,1.0,1
81,56be5333acb8001400a5030b,7,weighted,"[100, 70, 50, 40, 35, 30, 25]",1,1.0,1
82,56be5333acb8001400a5030c,7,weighted,"[100, 70, 50, 40, 35, 30, 25]",1,1.0,1
83,56be5333acb8001400a5030d,7,weighted,"[100, 70, 50, 40, 35, 30, 25]",1,1.0,1
84,56be5333acb8001400a5030e,7,weighted,"[100, 70, 50, 40, 35, 30, 25]",1,1.0,1
85,56beaf5e3aeaaa14008c91fd,7,weighted,"[100, 70, 50, 40, 35, 30, 25]",1,1.0,1
86,56beaf5e3aeaaa14008c91fe,7,weighted,"[100, 70, 50, 40, 35, 30, 25]",1,1.0,1
87,56beaf5e3aeaaa14008c91ff,7,weighted,"[100, 70, 50, 40, 35, 30, 25]",0,0.0,1
88,56beaf5e3aeaaa14008c9200,7,weighted,"[100, 70, 50, 40, 35, 30, 25]",1,1.0,1
89,56beaf5e3aeaaa14008c9201,7,weighted,"[100, 70, 50, 40, 35, 30, 25]",0,0.0,1
90,56bf1ae93aeaaa14008c951b,7,weighted,"[100, 70, 50, 40, 35, 30, 25]",1,1.0,1
91,56bf1ae93aeaaa14008c951c,7,weighted,"[100, 70, 50, 40, 35, 30, 25]",1,1.0,1
92,56bf1ae93aeaaa14008c951e,7,weighted,"[100, 70, 50, 40, 35, 30, 25]",0,0.0,1
93,56bf1ae93aeaaa14008c951f,7,weighted,"[100, 70, 50, 40, 35, 30, 25]",0,0.0,1
94,56d2051ce7d4791d00902608,7,weighted,"[100, 70, 50, 40, 35, 30, 25]",1,1.0,1
95,56d2051ce7d4791d00902609,7,weighted,"[100, 70, 50, 40, 35, 30, 25]",0,0.0,0
96,56d2051ce7d4791d0090260a,7,weighted,"[100, 70, 50, 40, 35, 30, 25]",1,1.0,1
97,56d2051ce7d4791d0090260b,7,weighted,"[100, 70, 50, 40, 35, 30, 25]",1,1.0,1
98,56d602631c85041400946ed8,7,weighted,"[100, 70, 50, 40, 35, 30, 25]",1,1.0,1
99,56d602631c85041400946eda,7,weighted,"[100, 70, 50, 40, 35, 30, 25]",0,0.4,1
100,56d602631c85041400946edb,7,weighted,"[100, 70, 50, 40, 35, 30, 25]",1,1.0,1
101,56d602631c85041400946edc,7,weighted,"[100, 70, 50, 40, 35, 30, 25]",0,0.6666666666666666,1
102,56d98c53dc89441400fdb544,7,weighted,"[100, 70, 50, 40, 35, 30, 25]",0,0.0,0
103,56d98c53dc89441400fdb545,7,weighted,"[100, 70, 50, 40, 35, 30, 25]",0,0.0,1
104,56d98c53dc89441400fdb546,7,weighted,"[100, 70, 50, 40, 35, 30, 25]",1,1.0,1
105,56d98c53dc89441400fdb548,7,weighted,"[100, 70, 50, 40, 35, 30, 25]",1,1.0,1
106,56be53b8acb8001400a50314,7,weighted,"[100, 70, 50, 40, 35, 30, 25]",1,1.0,1
107,56be53b8acb8001400a50315,7,weighted,"[100, 70, 50, 40, 35, 30, 25]",0,0.6666666666666666,1
108,56be53b8acb8001400a50316,7,weighted,"[100, 70, 50, 40, 35, 30, 25]",1,1.0,1
109,56beafca3aeaaa14008c9207,7,weighted,"[100, 70, 50, 40, 35, 30, 25]",1,1.0,1
110,56beafca3aeaaa14008c9208,7,weighted,"[100, 70, 50, 40, 35, 30, 25]",0,0.0,0
111,56bf42f53aeaaa14008c95a3,7,weighted,"[100, 70, 50, 40, 35, 30, 25]",1,1.0,1
112,56d2053ae7d4791d00902610,7,weighted,"[100, 70, 50, 40, 35, 30, 25]",1,1.0,1
113,56d6edd00d65d21400198250,7,weighted,"[100, 70, 50, 40, 35, 30, 25]",1,1.0,1
114,56d6edd00d65d21400198251,7,weighted,"[100, 70, 50, 40, 35, 30, 25]",1,1.0,1
115,56d98d0adc89441400fdb54e,7,weighted,"[100, 70, 50, 40, 35, 30, 25]",0,0.0,1
116,56d98d0adc89441400fdb54f,7,weighted,"[100, 70, 50, 40, 35, 30, 25]",1,1.0,1
117,56be5438acb8001400a5031a,7,weighted,"[100, 70, 50, 40, 35, 30, 25]",0,0.0,0
118,56be5438acb8001400a5031b,7,weighted,"[100, 70, 50, 40, 35, 30, 25]",0,0.4,0
119,56be5438acb8001400a5031c,7,weighted,"[100, 70, 50, 40, 35, 30, 25]",0,0.4444444444444444,0
120,56beb03c3aeaaa14008c920b,7,weighted,"[100, 70, 50, 40, 35, 30, 25]",1,1.0,0
121,56beb03c3aeaaa14008c920d,7,weighted,"[100, 70, 50, 40, 35, 30, 25]",0,0.23529411764705882,1
122,56bf3c633aeaaa14008c9580,7,weighted,"[100, 70, 50, 40, 35, 30, 25]",1,1.0,0
123,56bf3c633aeaaa14008c9581,7,weighted,"[100, 70, 50, 40, 35, 30, 25]",0,0.0,0
124,56bf3c633aeaaa14008c9582,7,weighted,"[100, 70, 50, 40, 35, 30, 25]",1,1.0,0
125,56d20564e7d4791d00902612,7,weighted,"[100, 70, 50, 40, 35, 30, 25]",0,0.23529411764705882,0
126,56d6ee6e0d65d21400198254,7,weighted,"[100, 70, 50, 40, 35, 30, 25]",0,0.0,0
127,56d6ee6e0d65d21400198255,7,weighted,"[100, 70, 50, 40, 35, 30, 25]",1,1.0,1
128,56d6ee6e0d65d21400198256,7,weighted,"[100, 70, 50, 40, 35, 30, 25]",1,1.0,1
129,56d6ee6e0d65d21400198257,7,weighted,"[100, 70, 50, 40, 35, 30, 25]",0,0.0,0
130,56d6ee6e0d65d21400198258,7,weighted,"[100, 70, 50, 40, 35, 30, 25]",1,1.0,1
131,56d98db6dc89441400fdb552,7,weighted,"[100, 70, 50, 40, 35, 30, 25]",0,0.4,0
132,56d98db6dc89441400fdb553,7,weighted,"[100, 70, 50, 40, 35, 30, 25]",0,0.0,0
133,56d98db6dc89441400fdb554,7,weighted,"[100, 70, 50, 40, 35, 30, 25]",1,1.0,0
134,56be54bdacb8001400a50322,7,weighted,"[100, 70, 50, 40, 35, 30, 25]",1,1.0,1
135,56be54bdacb8001400a50323,7,weighted,"[100, 70, 50, 40, 35, 30, 25]",1,1.0,1
136,56be54bdacb8001400a50324,7,weighted,"[100, 70, 50, 40, 35, 30, 25]",1,1.0,1
137,56be54bdacb8001400a50325,7,weighted,"[100, 70, 50, 40, 35, 30, 25]",1,1.0,1
138,56be54bdacb8001400a50326,7,weighted,"[100, 70, 50, 40, 35, 30, 25]",1,1.0,1
139,56beb0f43aeaaa14008c921b,7,weighted,"[100, 70, 50, 40, 35, 30, 25]",1,1.0,1
140,56beb0f43aeaaa14008c921c,7,weighted,"[100, 70, 50, 40, 35, 30, 25]",1,1.0,1
141,56beb0f43aeaaa14008c921d,7,weighted,"[100, 70, 50, 40, 35, 30, 25]",0,0.4,1
142,56beb0f43aeaaa14008c921e,7,weighted,"[100, 70, 50, 40, 35, 30, 25]",0,0.0,1
143,56beb0f43aeaaa14008c921f,7,weighted,"[100, 70, 50, 40, 35, 30, 25]",1,1.0,1
144,56bf21b43aeaaa14008c9525,7,weighted,"[100, 70, 50, 40, 35, 30, 25]",1,1.0,1
145,56bf21b43aeaaa14008c9526,7,weighted,"[100, 70, 50, 40, 35, 30, 25]",1,1.0,1
146,56bf21b43aeaaa14008c9528,7,weighted,"[100, 70, 50, 40, 35, 30, 25]",0,0.0,1
147,56bf21b43aeaaa14008c9529,7,weighted,"[100, 70, 50, 40, 35, 30, 25]",0,0.0,1
148,56d6ef6a0d65d21400198260,7,weighted,"[100, 70, 50, 40, 35, 30, 25]",1,1.0,1
149,56d6ef6a0d65d21400198262,7,weighted,"[100, 70, 50, 40, 35, 30, 25]",0,0.0,1
150,56d98f0ddc89441400fdb558,7,weighted,"[100, 70, 50, 40, 35, 30, 25]",1,1.0,1
151,56d98f0ddc89441400fdb559,7,weighted,"[100, 70, 50, 40, 35, 30, 25]",1,1.0,1
152,56d98f0ddc89441400fdb55a,7,weighted,"[100, 70, 50, 40, 35, 30, 25]",0,0.0,1
153,56d98f0ddc89441400fdb55b,7,weighted,"[100, 70, 50, 40, 35, 30, 25]",1,1.0,1
154,56d98f0ddc89441400fdb55c,7,weighted,"[100, 70, 50, 40, 35, 30, 25]",0,0.0,1
155,56be5523acb8001400a5032c,7,weighted,"[100, 70, 50, 40, 35, 30, 25]",1,1.0,1
156,56be5523acb8001400a5032d,7,weighted,"[100, 70, 50, 40, 35, 30, 25]",0,0.0,0
157,56be5523acb8001400a5032e,7,weighted,"[100, 70, 50, 40, 35, 30, 25]",1,1.0,1
158,56be5523acb8001400a5032f,7,weighted,"[100, 70, 50, 40, 35, 30, 25]",1,1.0,1
159,56be5523acb8001400a50330,7,weighted,"[100, 70, 50, 40, 35, 30, 25]",0,0.3333333333333333,1
160,56beb2153aeaaa14008c9225,7,weighted,"[100, 70, 50, 40, 35, 30, 25]",1,1.0,1
161,56beb2153aeaaa14008c9226,7,weighted,"[100, 70, 50, 40, 35, 30, 25]",1,1.0,1
162,56beb2153aeaaa14008c9227,7,weighted,"[100, 70, 50, 40, 35, 30, 25]",1,1.0,1
163,56beb2153aeaaa14008c9228,7,weighted,"[100, 70, 50, 40, 35, 30, 25]",0,0.6666666666666666,1
164,56beb2153aeaaa14008c9229,7,weighted,"[100, 70, 50, 40, 35, 30, 25]",0,0.5,1
165,56bf23363aeaaa14008c952f,7,weighted,"[100, 70, 50, 40, 35, 30, 25]",0,0.0,1
166,56bf23363aeaaa14008c9530,7,weighted,"[100, 70, 50, 40, 35, 30, 25]",1,1.0,1
167,56bf23363aeaaa14008c9531,7,weighted,"[100, 70, 50, 40, 35, 30, 25]",1,1.0,1
168,56bf23363aeaaa14008c9532,7,weighted,"[100, 70, 50, 40, 35, 30, 25]",1,1.0,1
169,56bf23363aeaaa14008c9533,7,weighted,"[100, 70, 50, 40, 35, 30, 25]",1,1.0,1
170,56d6f0770d65d21400198268,7,weighted,"[100, 70, 50, 40, 35, 30, 25]",1,1.0,1
171,56d6f0770d65d21400198269,7,weighted,"[100, 70, 50, 40, 35, 30, 25]",1,1.0,1
172,56d6f0770d65d2140019826a,7,weighted,"[100, 70, 50, 40, 35, 30, 25]",0,0.0,1
173,56d6f0770d65d2140019826c,7,weighted,"[100, 70, 50, 40, 35, 30, 25]",0,0.0,1
174,56d98fbfdc89441400fdb562,7,weighted,"[100, 70, 50, 40, 35, 30, 25]",0,0.0,1
175,56d98fbfdc89441400fdb563,7,weighted,"[100, 70, 50, 40, 35, 30, 25]",1,1.0,1
176,56d98fbfdc89441400fdb564,7,weighted,"[100, 70, 50, 40, 35, 30, 25]",1,1.0,1
177,56d98fbfdc89441400fdb565,7,weighted,"[100, 70, 50, 40, 35, 30, 25]",0,0.0,1
178,56be572b3aeaaa14008c9052,7,weighted,"[100, 70, 50, 40, 35, 30, 25]",0,0.0,1
179,56beb2a03aeaaa14008c922f,7,weighted,"[100, 70, 50, 40, 35, 30, 25]",1,1.0,1
180,56beb2a03aeaaa14008c9230,7,weighted,"[100, 70, 50, 40, 35, 30, 25]",0,0.0,1
181,56beb2a03aeaaa14008c9231,7,weighted,"[100, 70, 50, 40, 35, 30, 25]",0,0.0,1
182,56beb2a03aeaaa14008c9232,7,weighted,"[100, 70, 50, 40, 35, 30, 25]",0,0.6666666666666666,1
183,56beb2a03aeaaa14008c9233,7,weighted,"[100, 70, 50, 40, 35, 30, 25]",0,0.0,1
184,56bf28c73aeaaa14008c9539,7,weighted,"[100, 70, 50, 40, 35, 30, 25]",0,0.0,1
185,56bf28c73aeaaa14008c953a,7,weighted,"[100, 70, 50, 40, 35, 30, 25]",1,1.0,1
186,56bf28c73aeaaa14008c953c,7,weighted,"[100, 70, 50, 40, 35, 30, 25]",0,0.6666666666666666,1
187,56bf28c73aeaaa14008c953d,7,weighted,"[100, 70, 50, 40, 35, 30, 25]",0,0.0,1
188,56d6f1190d65d21400198272,7,weighted,"[100, 70, 50, 40, 35, 30, 25]",0,0.8,1
189,56d6f1190d65d21400198273,7,weighted,"[100, 70, 50, 40, 35, 30, 25]",0,0.8,1
190,56d6f1190d65d21400198274,7,weighted,"[100, 70, 50, 40, 35, 30, 25]",0,0.5714285714285715,1
191,56d6f1190d65d21400198275,7,weighted,"[100, 70, 50, 40, 35, 30, 25]",0,0.0,1
192,56d6f1190d65d21400198276,7,weighted,"[100, 70, 50, 40, 35, 30, 25]",0,0.0,1
193,56d99179dc89441400fdb56c,7,weighted,"[100, 70, 50, 40, 35, 30, 25]",1,1.0,1
194,56d99179dc89441400fdb56d,7,weighted,"[100, 70, 50, 40, 35, 30, 25]",0,0.0,1
195,56d99179dc89441400fdb570,7,weighted,"[100, 70, 50, 40, 35, 30, 25]",0,0.0,1
196,56be59683aeaaa14008c9058,7,weighted,"[100, 70, 50, 40, 35, 30, 25]",1,1.0,1
197,56be59683aeaaa14008c9059,7,weighted,"[100, 70, 50, 40, 35, 30, 25]",1,1.0,1
198,56be59683aeaaa14008c905a,7,weighted,"[100, 70, 50, 40, 35, 30, 25]",0,0.0,1
199,56beb3083aeaaa14008c923d,7,weighted,"[100, 70, 50, 40, 35, 30, 25]",1,1.0,1
200,56beb3083aeaaa14008c923e,7,weighted,"[100, 70, 50, 40, 35, 30, 25]",1,1.0,1
201,56beb3083aeaaa14008c923f,7,weighted,"[100, 70, 50, 40, 35, 30, 25]",0,0.0,1
202,56beb3083aeaaa14008c9240,7,weighted,"[100, 70, 50, 40, 35, 30, 25]",0,0.0,1
203,56beb3083aeaaa14008c9241,7,weighted,"[100, 70, 50, 40, 35, 30, 25]",1,1.0,1
204,56bf2afe3aeaaa14008c9543,7,weighted,"[100, 70, 50, 40, 35, 30, 25]",0,0.0,1
205,56bf2afe3aeaaa14008c9544,7,weighted,"[100, 70, 50, 40, 35, 30, 25]",0,0.0,1
206,56bf2afe3aeaaa14008c9545,7,weighted,"[100, 70, 50, 40, 35, 30, 25]",0,0.0,1
207,56bf2afe3aeaaa14008c9547,7,weighted,"[100, 70, 50, 40, 35, 30, 25]",0,0.6666666666666666,1
208,56d6f2000d65d2140019827c,7,weighted,"[100, 70, 50, 40, 35, 30, 25]",1,1.0,1
209,56d6f2000d65d2140019827d,7,weighted,"[100, 70, 50, 40, 35, 30, 25]",1,1.0,1
210,56d6f2000d65d2140019827e,7,weighted,"[100, 70, 50, 40, 35, 30, 25]",1,1.0,1
211,56d6f2000d65d2140019827f,7,weighted,"[100, 70, 50, 40, 35, 30, 25]",0,0.0,1
212,56d9943fdc89441400fdb576,7,weighted,"[100, 70, 50, 40, 35, 30, 25]",1,1.0,1
213,56d9943fdc89441400fdb577,7,weighted,"[100, 70, 50, 40, 35, 30, 25]",1,1.0,1
214,56d9943fdc89441400fdb578,7,weighted,"[100, 70, 50, 40, 35, 30, 25]",1,1.0,1
215,56d9943fdc89441400fdb57a,7,weighted,"[100, 70, 50, 40, 35, 30, 25]",0,0.0,1
216,56beb3a03aeaaa14008c9247,7,weighted,"[100, 70, 50, 40, 35, 30, 25]",0,0.0,1
217,56beb3a03aeaaa14008c9248,7,weighted,"[100, 70, 50, 40, 35, 30, 25]",0,0.0,1
218,56beb3a03aeaaa14008c9249,7,weighted,"[100, 70, 50, 40, 35, 30, 25]",1,1.0,1
219,56beb3a03aeaaa14008c924a,7,weighted,"[100, 70, 50, 40, 35, 30, 25]",0,0.0,1
220,56beb3a03aeaaa14008c924b,7,weighted,"[100, 70, 50, 40, 35, 30, 25]",0,0.0,1
221,56bf6b303aeaaa14008c960b,7,weighted,"[100, 70, 50, 40, 35, 30, 25]",1,1.0,1
222,56bf6b303aeaaa14008c960c,7,weighted,"[100, 70, 50, 40, 35, 30, 25]",0,0.0,1
223,56bf6b303aeaaa14008c960d,7,weighted,"[100, 70, 50, 40, 35, 30, 25]",0,0.0,1
224,56bf6b303aeaaa14008c960e,7,weighted,"[100, 70, 50, 40, 35, 30, 25]",0,0.0,1
225,56bf6b303aeaaa14008c960f,7,weighted,"[100, 70, 50, 40, 35, 30, 25]",0,0.0,0
226,56d6f2960d65d21400198286,7,weighted,"[100, 70, 50, 40, 35, 30, 25]",0,0.0,1
227,56d6f2960d65d21400198287,7,weighted,"[100, 70, 50, 40, 35, 30, 25]",1,1.0,1
228,56d6f2960d65d21400198288,7,weighted,"[100, 70, 50, 40, 35, 30, 25]",1,1.0,1
229,56d6f2960d65d21400198289,7,weighted,"[100, 70, 50, 40, 35, 30, 25]",0,0.0,1
230,56d6f2960d65d2140019828a,7,weighted,"[100, 70, 50, 40, 35, 30, 25]",0,0.0,1
231,56d997cddc89441400fdb586,7,weighted,"[100, 70, 50, 40, 35, 30, 25]",0,0.0,1
232,56d997cddc89441400fdb587,7,weighted,"[100, 70, 50, 40, 35, 30, 25]",0,0.0,1
233,56d997cddc89441400fdb588,7,weighted,"[100, 70, 50, 40, 35, 30, 25]",0,0.0,1
234,56d997cddc89441400fdb589,7,weighted,"[100, 70, 50, 40, 35, 30, 25]",1,1.0,1
235,56d997cddc89441400fdb58a,7,weighted,"[100, 70, 50, 40, 35, 30, 25]",0,0.0,1
236,56beb4343aeaaa14008c925b,7,weighted,"[100, 70, 50, 40, 35, 30, 25]",1,1.0,1
237,56beb4343aeaaa14008c925c,7,weighted,"[100, 70, 50, 40, 35, 30, 25]",0,0.0,1
238,56beb4343aeaaa14008c925d,7,weighted,"[100, 70, 50, 40, 35, 30, 25]",0,0.0,1
239,56beb4343aeaaa14008c925e,7,weighted,"[100, 70, 50, 40, 35, 30, 25]",0,0.0,1
240,56beb4343aeaaa14008c925f,7,weighted,"[100, 70, 50, 40, 35, 30, 25]",1,1.0,1
241,56d6f3500d65d21400198290,7,weighted,"[100, 70, 50, 40, 35, 30, 25]",1,1.0,1
242,56d6f3500d65d21400198291,7,weighted,"[100, 70, 50, 40, 35, 30, 25]",1,1.0,1
243,56d6f3500d65d21400198292,7,weighted,"[100, 70, 50, 40, 35, 30, 25]",0,0.0,1
244,56d6f3500d65d21400198293,7,weighted,"[100, 70, 50, 40, 35, 30, 25]",0,0.0,1
245,56d6f3500d65d21400198294,7,weighted,"[100, 70, 50, 40, 35, 30, 25]",0,0.0,1
246,56d9992fdc89441400fdb59c,7,weighted,"[100, 70, 50, 40, 35, 30, 25]",0,0.0,1
247,56d9992fdc89441400fdb59e,7,weighted,"[100, 70, 50, 40, 35, 30, 25]",0,0.0,1
248,56d9992fdc89441400fdb59f,7,weighted,"[100, 70, 50, 40, 35, 30, 25]",0,0.6666666666666666,1
249,56d9992fdc89441400fdb5a0,7,weighted,"[100, 70, 50, 40, 35, 30, 25]",0,0.0,1
250,56beb4e43aeaaa14008c9265,7,weighted,"[100, 70, 50, 40, 35, 30, 25]",0,0.0,1
251,56beb4e43aeaaa14008c9266,7,weighted,"[100, 70, 50, 40, 35, 30, 25]",0,0.0,1
252,56beb4e43aeaaa14008c9267,7,weighted,"[100, 70, 50, 40, 35, 30, 25]",0,0.0,1
253,56beb4e43aeaaa14008c9268,7,weighted,"[100, 70, 50, 40, 35, 30, 25]",0,0.0,1
254,56beb4e43aeaaa14008c9269,7,weighted,"[100, 70, 50, 40, 35, 30, 25]",0,0.0,1
255,56bf301c3aeaaa14008c954d,7,weighted,"[100, 70, 50, 40, 35, 30, 25]",0,0.0,1
256,56bf301c3aeaaa14008c954e,7,weighted,"[100, 70, 50, 40, 35, 30, 25]",1,1.0,1
257,56bf301c3aeaaa14008c954f,7,weighted,"[100, 70, 50, 40, 35, 30, 25]",0,0.0,1
258,56bf301c3aeaaa14008c9550,7,weighted,"[100, 70, 50, 40, 35, 30, 25]",1,1.0,1
259,56bf301c3aeaaa14008c9551,7,weighted,"[100, 70, 50, 40, 35, 30, 25]",0,0.0,1
260,56d6f4030d65d2140019829a,7,weighted,"[100, 70, 50, 40, 35, 30, 25]",1,1.0,1
261,56d6f4030d65d2140019829b,7,weighted,"[100, 70, 50, 40, 35, 30, 25]",1,1.0,1
262,56d6f4030d65d2140019829c,7,weighted,"[100, 70, 50, 40, 35, 30, 25]",0,0.0,1
263,56d6f4030d65d2140019829d,7,weighted,"[100, 70, 50, 40, 35, 30, 25]",0,0.0,1
264,56d6f4030d65d2140019829e,7,weighted,"[100, 70, 50, 40, 35, 30, 25]",0,0.0,1
265,56d99b7bdc89441400fdb5c8,7,weighted,"[100, 70, 50, 40, 35, 30, 25]",0,0.0,1
266,56d99b7bdc89441400fdb5c9,7,weighted,"[100, 70, 50, 40, 35, 30, 25]",0,0.0,1
267,56d99b7bdc89441400fdb5ca,7,weighted,"[100, 70, 50, 40, 35, 30, 25]",0,0.0,0
268,56d99b7bdc89441400fdb5cb,7,weighted,"[100, 70, 50, 40, 35, 30, 25]",0,0.0,1
269,56d99b7bdc89441400fdb5cc,7,weighted,"[100, 70, 50, 40, 35, 30, 25]",0,0.0,1
270,56beb57b3aeaaa14008c9279,7,weighted,"[100, 70, 50, 40, 35, 30, 25]",1,1.0,1
271,56beb57b3aeaaa14008c927a,7,weighted,"[100, 70, 50, 40, 35, 30, 25]",0,0.0,0
272,56beb57b3aeaaa14008c927b,7,weighted,"[100, 70, 50, 40, 35, 30, 25]",0,0.0,1
273,56beb57b3aeaaa14008c927c,7,weighted,"[100, 70, 50, 40, 35, 30, 25]",0,0.0,0
274,56beb57b3aeaaa14008c927d,7,weighted,"[100, 70, 50, 40, 35, 30, 25]",0,0.0,1
275,56bf38383aeaaa14008c956b,7,weighted,"[100, 70, 50, 40, 35, 30, 25]",1,1.0,1
276,56bf38383aeaaa14008c956c,7,weighted,"[100, 70, 50, 40, 35, 30, 25]",0,0.0,1
277,56bf38383aeaaa14008c956d,7,weighted,"[100, 70, 50, 40, 35, 30, 25]",1,1.0,1
278,56bf38383aeaaa14008c956e,7,weighted,"[100, 70, 50, 40, 35, 30, 25]",0,0.0,1
279,56bf38383aeaaa14008c956f,7,weighted,"[100, 70, 50, 40, 35, 30, 25]",0,0.6666666666666666,1
280,56d6fe0b0d65d214001982a4,7,weighted,"[100, 70, 50, 40, 35, 30, 25]",1,1.0,1
281,56d6fe0b0d65d214001982a5,7,weighted,"[100, 70, 50, 40, 35, 30, 25]",0,0.0,0
282,56d6fe0b0d65d214001982a6,7,weighted,"[100, 70, 50, 40, 35, 30, 25]",1,1.0,1
283,56d6fe0b0d65d214001982a7,7,weighted,"[100, 70, 50, 40, 35, 30, 25]",0,0.0,1
284,56d99c44dc89441400fdb5d6,7,weighted,"[100, 70, 50, 40, 35, 30, 25]",1,1.0,1
285,56d99c44dc89441400fdb5d7,7,weighted,"[100, 70, 50, 40, 35, 30, 25]",1,1.0,1
286,56d99c44dc89441400fdb5d8,7,weighted,"[100, 70, 50, 40, 35, 30, 25]",0,0.0,0
287,56d99c44dc89441400fdb5d9,7,weighted,"[100, 70, 50, 40, 35, 30, 25]",1,1.0,1
288,56d99c44dc89441400fdb5da,7,weighted,"[100, 70, 50, 40, 35, 30, 25]",0,0.0,1
289,56beb6533aeaaa14008c928d,7,weighted,"[100, 70, 50, 40, 35, 30, 25]",0,0.0,1
290,56beb6533aeaaa14008c928e,7,weighted,"[100, 70, 50, 40, 35, 30, 25]",0,0.0,1
291,56beb6533aeaaa14008c9290,7,weighted,"[100, 70, 50, 40, 35, 30, 25]",0,0.0,1
292,56beb6533aeaaa14008c9291,7,weighted,"[100, 70, 50, 40, 35, 30, 25]",0,0.0,1
293,56bf3e803aeaaa14008c9588,7,weighted,"[100, 70, 50, 40, 35, 30, 25]",1,1.0,1
294,56bf3e803aeaaa14008c9589,7,weighted,"[100, 70, 50, 40, 35, 30, 25]",1,1.0,1
295,56bf3e803aeaaa14008c958b,7,weighted,"[100, 70, 50, 40, 35, 30, 25]",0,0.6666666666666666,1
296,56d6fea90d65d214001982ae,7,weighted,"[100, 70, 50, 40, 35, 30, 25]",0,0.0,1
297,56d6fea90d65d214001982af,7,weighted,"[100, 70, 50, 40, 35, 30, 25]",1,1.0,1
298,56d6fea90d65d214001982b0,7,weighted,"[100, 70, 50, 40, 35, 30, 25]",0,0.0,1
299,56d6fea90d65d214001982b2,7,weighted,"[100, 70, 50, 40, 35, 30, 25]",0,0.0,1
300,56d99da8dc89441400fdb5fd,7,weighted,"[100, 70, 50, 40, 35, 30, 25]",0,0.0,1
301,56d99da8dc89441400fdb5ff,7,weighted,"[100, 70, 50, 40, 35, 30, 25]",0,0.0,0
302,56d99da8dc89441400fdb600,7,weighted,"[100, 70, 50, 40, 35, 30, 25]",1,1.0,1
303,56beb6f23aeaaa14008c92a1,7,weighted,"[100, 70, 50, 40, 35, 30, 25]",0,0.0,1
304,56beb6f23aeaaa14008c92a2,7,weighted,"[100, 70, 50, 40, 35, 30, 25]",1,1.0,1
305,56beb6f23aeaaa14008c92a3,7,weighted,"[100, 70, 50, 40, 35, 30, 25]",1,1.0,1
306,56beb6f23aeaaa14008c92a4,7,weighted,"[100, 70, 50, 40, 35, 30, 25]",0,0.0,1
307,56beb6f23aeaaa14008c92a5,7,weighted,"[100, 70, 50, 40, 35, 30, 25]",0,0.0,1
308,56bf34293aeaaa14008c9559,7,weighted,"[100, 70, 50, 40, 35, 30, 25]",0,0.0,1
309,56bf34293aeaaa14008c955a,7,weighted,"[100, 70, 50, 40, 35, 30, 25]",0,0.0,1
310,56bf34293aeaaa14008c955b,7,weighted,"[100, 70, 50, 40, 35, 30, 25]",0,0.0,1
311,56d701280d65d214001982b8,7,weighted,"[100, 70, 50, 40, 35, 30, 25]",1,1.0,1
312,56d701280d65d214001982ba,7,weighted,"[100, 70, 50, 40, 35, 30, 25]",0,0.0,0
313,56d701280d65d214001982bc,7,weighted,"[100, 70, 50, 40, 35, 30, 25]",0,0.0,1
314,56d99e78dc89441400fdb616,7,weighted,"[100, 70, 50, 40, 35, 30, 25]",1,1.0,1
315,56d99e78dc89441400fdb618,7,weighted,"[100, 70, 50, 40, 35, 30, 25]",1,1.0,1
316,56d99e78dc89441400fdb619,7,weighted,"[100, 70, 50, 40, 35, 30, 25]",1,1.0,1
317,56d99e78dc89441400fdb61a,7,weighted,"[100, 70, 50, 40, 35, 30, 25]",0,0.0,1
318,56beb7953aeaaa14008c92ab,7,weighted,"[100, 70, 50, 40, 35, 30, 25]",1,1.0,1
319,56beb7953aeaaa14008c92ac,7,weighted,"[100, 70, 50, 40, 35, 30, 25]",1,1.0,1
320,56beb7953aeaaa14008c92ad,7,weighted,"[100, 70, 50, 40, 35, 30, 25]",1,1.0,1
321,56beb7953aeaaa14008c92ae,7,weighted,"[100, 70, 50, 40, 35, 30, 25]",0,0.0,1
322,56beb7953aeaaa14008c92af,7,weighted,"[100, 70, 50, 40, 35, 30, 25]",1,1.0,1
323,56bf36b93aeaaa14008c9561,7,weighted,"[100, 70, 50, 40, 35, 30, 25]",0,0.0,1
324,56bf36b93aeaaa14008c9562,7,weighted,"[100, 70, 50, 40, 35, 30, 25]",1,1.0,1
325,56bf36b93aeaaa14008c9563,7,weighted,"[100, 70, 50, 40, 35, 30, 25]",1,1.0,1
326,56bf36b93aeaaa14008c9564,7,weighted,"[100, 70, 50, 40, 35, 30, 25]",1,1.0,1
327,56bf36b93aeaaa14008c9565,7,weighted,"[100, 70, 50, 40, 35, 30, 25]",0,0.0,1
328,56d7018a0d65d214001982c2,7,weighted,"[100, 70, 50, 40, 35, 30, 25]",1,1.0,1
329,56d7018a0d65d214001982c3,7,weighted,"[100, 70, 50, 40, 35, 30, 25]",1,1.0,1
330,56d7018a0d65d214001982c5,7,weighted,"[100, 70, 50, 40, 35, 30, 25]",0,0.0,1
331,56d99f99dc89441400fdb628,7,weighted,"[100, 70, 50, 40, 35, 30, 25]",1,1.0,1
332,56d99f99dc89441400fdb629,7,weighted,"[100, 70, 50, 40, 35, 30, 25]",1,1.0,1
333,56d99f99dc89441400fdb62c,7,weighted,"[100, 70, 50, 40, 35, 30, 25]",1,1.0,1
334,56beb7fd3aeaaa14008c92b5,7,weighted,"[100, 70, 50, 40, 35, 30, 25]",1,1.0,1
335,56beb7fd3aeaaa14008c92b6,7,weighted,"[100, 70, 50, 40, 35, 30, 25]",1,1.0,1
336,56beb7fd3aeaaa14008c92b7,7,weighted,"[100, 70, 50, 40, 35, 30, 25]",0,0.0,1
337,56beb7fd3aeaaa14008c92b8,7,weighted,"[100, 70, 50, 40, 35, 30, 25]",1,1.0,1
338,56bf3a223aeaaa14008c9575,7,weighted,"[100, 70, 50, 40, 35, 30, 25]",0,0.0,1
339,56bf3a223aeaaa14008c9576,7,weighted,"[100, 70, 50, 40, 35, 30, 25]",1,1.0,1
340,56bf3a223aeaaa14008c9577,7,weighted,"[100, 70, 50, 40, 35, 30, 25]",1,1.0,1
341,56bf3a223aeaaa14008c9579,7,weighted,"[100, 70, 50, 40, 35, 30, 25]",1,1.0,1
342,56d703d10d65d214001982d6,7,weighted,"[100, 70, 50, 40, 35, 30, 25]",0,0.0,1
343,56d703d10d65d214001982d7,7,weighted,"[100, 70, 50, 40, 35, 30, 25]",1,1.0,1
344,56d703d10d65d214001982d8,7,weighted,"[100, 70, 50, 40, 35, 30, 25]",0,0.0,1
345,56d9a026dc89441400fdb632,7,weighted,"[100, 70, 50, 40, 35, 30, 25]",1,1.0,1
346,56beb86b3aeaaa14008c92bd,7,weighted,"[100, 70, 50, 40, 35, 30, 25]",1,1.0,1
347,56beb86b3aeaaa14008c92be,7,weighted,"[100, 70, 50, 40, 35, 30, 25]",1,1.0,1
348,56beb86b3aeaaa14008c92bf,7,weighted,"[100, 70, 50, 40, 35, 30, 25]",1,1.0,1
349,56beb86b3aeaaa14008c92c0,7,weighted,"[100, 70, 50, 40, 35, 30, 25]",1,1.0,1
350,56beb86b3aeaaa14008c92c1,7,weighted,"[100, 70, 50, 40, 35, 30, 25]",1,1.0,1
351,56bf3fd53aeaaa14008c9591,7,weighted,"[100, 70, 50, 40, 35, 30, 25]",1,1.0,1
352,56bf3fd53aeaaa14008c9592,7,weighted,"[100, 70, 50, 40, 35, 30, 25]",1,1.0,1
353,56bf3fd53aeaaa14008c9593,7,weighted,"[100, 70, 50, 40, 35, 30, 25]",1,1.0,1
354,56bf3fd53aeaaa14008c9594,7,weighted,"[100, 70, 50, 40, 35, 30, 25]",0,0.0,1
355,56bf3fd53aeaaa14008c9595,7,weighted,"[100, 70, 50, 40, 35, 30, 25]",0,0.0,1
356,56d704430d65d214001982de,7,weighted,"[100, 70, 50, 40, 35, 30, 25]",0,0.0,1
357,56d704430d65d214001982e0,7,weighted,"[100, 70, 50, 40, 35, 30, 25]",1,1.0,1
358,56d704430d65d214001982e1,7,weighted,"[100, 70, 50, 40, 35, 30, 25]",0,0.0,1
359,56d704430d65d214001982e2,7,weighted,"[100, 70, 50, 40, 35, 30, 25]",1,1.0,1
360,56d9a0eadc89441400fdb63e,7,weighted,"[100, 70, 50, 40, 35, 30, 25]",1,1.0,1
361,56d9a0eadc89441400fdb63f,7,weighted,"[100, 70, 50, 40, 35, 30, 25]",1,1.0,1
362,56d9a0eadc89441400fdb640,7,weighted,"[100, 70, 50, 40, 35, 30, 25]",1,1.0,1
363,56beb90c3aeaaa14008c92c7,7,weighted,"[100, 70, 50, 40, 35, 30, 25]",1,1.0,1
364,56beb90c3aeaaa14008c92c8,7,weighted,"[100, 70, 50, 40, 35, 30, 25]",1,1.0,1
365,56beb90c3aeaaa14008c92c9,7,weighted,"[100, 70, 50, 40, 35, 30, 25]",0,0.0,1
366,56beb90c3aeaaa14008c92ca,7,weighted,"[100, 70, 50, 40, 35, 30, 25]",1,1.0,1
367,56beb90c3aeaaa14008c92cb,7,weighted,"[100, 70, 50, 40, 35, 30, 25]",0,0.0,1
368,56bf41013aeaaa14008c959b,7,weighted,"[100, 70, 50, 40, 35, 30, 25]",1,1.0,1
369,56bf41013aeaaa14008c959c,7,weighted,"[100, 70, 50, 40, 35, 30, 25]",1,1.0,1
370,56bf41013aeaaa14008c959d,7,weighted,"[100, 70, 50, 40, 35, 30, 25]",0,0.0,1
371,56bf41013aeaaa14008c959e,7,weighted,"[100, 70, 50, 40, 35, 30, 25]",0,0.0,1
372,56d7096b0d65d214001982fc,7,weighted,"[100, 70, 50, 40, 35, 30, 25]",0,0.5,1
373,56d7096b0d65d214001982fd,7,weighted,"[100, 70, 50, 40, 35, 30, 25]",0,0.0,1
374,56d7096b0d65d214001982fe,7,weighted,"[100, 70, 50, 40, 35, 30, 25]",0,0.0,1
375,56d9a199dc89441400fdb647,7,weighted,"[100, 70, 50, 40, 35, 30, 25]",1,1.0,1
376,56d9a199dc89441400fdb648,7,weighted,"[100, 70, 50, 40, 35, 30, 25]",0,0.0,1
377,56d9a199dc89441400fdb649,7,weighted,"[100, 70, 50, 40, 35, 30, 25]",1,1.0,1
378,56beb97c3aeaaa14008c92db,7,weighted,"[100, 70, 50, 40, 35, 30, 25]",1,1.0,1
379,56beb97c3aeaaa14008c92dc,7,weighted,"[100, 70, 50, 40, 35, 30, 25]",1,1.0,1
380,56beb97c3aeaaa14008c92dd,7,weighted,"[100, 70, 50, 40, 35, 30, 25]",1,1.0,1
381,56beb97c3aeaaa14008c92de,7,weighted,"[100, 70, 50, 40, 35, 30, 25]",1,1.0,1
382,56beb97c3aeaaa14008c92df,7,weighted,"[100, 70, 50, 40, 35, 30, 25]",0,0.0,1
383,56bf6c3e3aeaaa14008c9615,7,weighted,"[100, 70, 50, 40, 35, 30, 25]",1,1.0,1
384,56bf6c3e3aeaaa14008c9617,7,weighted,"[100, 70, 50, 40, 35, 30, 25]",0,0.0,1
385,56d709ef0d65d21400198306,7,weighted,"[100, 70, 50, 40, 35, 30, 25]",0,0.0,0
386,56d709ef0d65d21400198307,7,weighted,"[100, 70, 50, 40, 35, 30, 25]",1,1.0,1
387,56beba103aeaaa14008c92e5,7,weighted,"[100, 70, 50, 40, 35, 30, 25]",0,0.5714285714285715,1
388,56beba103aeaaa14008c92e6,7,weighted,"[100, 70, 50, 40, 35, 30, 25]",0,0.0,1
389,56beba103aeaaa14008c92e7,7,weighted,"[100, 70, 50, 40, 35, 30, 25]",0,0.0,1
390,56beba103aeaaa14008c92e8,7,weighted,"[100, 70, 50, 40, 35, 30, 25]",1,1.0,1
391,56beba103aeaaa14008c92e9,7,weighted,"[100, 70, 50, 40, 35, 30, 25]",1,1.0,1
392,56bf467d3aeaaa14008c95a5,7,weighted,"[100, 70, 50, 40, 35, 30, 25]",1,1.0,1
393,56bf467d3aeaaa14008c95a6,7,weighted,"[100, 70, 50, 40, 35, 30, 25]",1,1.0,1
394,56bf467d3aeaaa14008c95a7,7,weighted,"[100, 70, 50, 40, 35, 30, 25]",0,0.0,1
395,56d70adc0d65d21400198311,7,weighted,"[100, 70, 50, 40, 35, 30, 25]",1,1.0,1
396,56d70adc0d65d21400198312,7,weighted,"[100, 70, 50, 40, 35, 30, 25]",0,0.0,1
397,56d70adc0d65d21400198313,7,weighted,"[100, 70, 50, 40, 35, 30, 25]",0,0.28571428571428575,1
398,56d70adc0d65d21400198314,7,weighted,"[100, 70, 50, 40, 35, 30, 25]",0,0.0,1
399,56d9a419dc89441400fdb678,7,weighted,"[100, 70, 50, 40, 35, 30, 25]",1,1.0,1
400,56d9a419dc89441400fdb679,7,weighted,"[100, 70, 50, 40, 35, 30, 25]",0,0.0,1
401,56bebad93aeaaa14008c92f9,7,weighted,"[100, 70, 50, 40, 35, 30, 25]",1,1.0,1
402,56bebad93aeaaa14008c92fa,7,weighted,"[100, 70, 50, 40, 35, 30, 25]",0,0.0,1
403,56bebad93aeaaa14008c92fb,7,weighted,"[100, 70, 50, 40, 35, 30, 25]",0,0.0,1
404,56bebad93aeaaa14008c92fc,7,weighted,"[100, 70, 50, 40, 35, 30, 25]",0,0.6666666666666666,1
405,56bebad93aeaaa14008c92fd,7,weighted,"[100, 70, 50, 40, 35, 30, 25]",1,1.0,1
406,56bf48cc3aeaaa14008c95ab,7,weighted,"[100, 70, 50, 40, 35, 30, 25]",1,1.0,1
407,56bf48cc3aeaaa14008c95ac,7,weighted,"[100, 70, 50, 40, 35, 30, 25]",0,0.0,1
408,56bf48cc3aeaaa14008c95ae,7,weighted,"[100, 70, 50, 40, 35, 30, 25]",1,1.0,1
409,56bf48cc3aeaaa14008c95af,7,weighted,"[100, 70, 50, 40, 35, 30, 25]",1,1.0,1
410,56d70ccc0d65d2140019831d,7,weighted,"[100, 70, 50, 40, 35, 30, 25]",1,1.0,1
411,56d70ccc0d65d2140019831f,7,weighted,"[100, 70, 50, 40, 35, 30, 25]",0,0.0,1
412,56d9a637dc89441400fdb697,7,weighted,"[100, 70, 50, 40, 35, 30, 25]",1,1.0,1
413,56d9a637dc89441400fdb698,7,weighted,"[100, 70, 50, 40, 35, 30, 25]",1,1.0,1
414,56d9a637dc89441400fdb699,7,weighted,"[100, 70, 50, 40, 35, 30, 25]",0,0.0,1
415,56d9a637dc89441400fdb69a,7,weighted,"[100, 70, 50, 40, 35, 30, 25]",0,0.0,1
416,56bebb293aeaaa14008c9303,7,weighted,"[100, 70, 50, 40, 35, 30, 25]",0,0.0,1
417,56bebb293aeaaa14008c9304,7,weighted,"[100, 70, 50, 40, 35, 30, 25]",1,1.0,1
418,56bebb293aeaaa14008c9305,7,weighted,"[100, 70, 50, 40, 35, 30, 25]",1,1.0,1
419,56bebb293aeaaa14008c9306,7,weighted,"[100, 70, 50, 40, 35, 30, 25]",0,0.0,1
420,56bf49993aeaaa14008c95b5,7,weighted,"[100, 70, 50, 40, 35, 30, 25]",0,0.0,0
421,56bf49993aeaaa14008c95b6,7,weighted,"[100, 70, 50, 40, 35, 30, 25]",0,0.0,0
422,56bf49993aeaaa14008c95b7,7,weighted,"[100, 70, 50, 40, 35, 30, 25]",0,0.0,0
423,56bf49993aeaaa14008c95b8,7,weighted,"[100, 70, 50, 40, 35, 30, 25]",0,0.0,0
424,56d70d240d65d21400198326,7,weighted,"[100, 70, 50, 40, 35, 30, 25]",0,0.0,0
425,56d70d240d65d21400198327,7,weighted,"[100, 70, 50, 40, 35, 30, 25]",0,0.0,0
426,56d70d240d65d21400198328,7,weighted,"[100, 70, 50, 40, 35, 30, 25]",0,0.03846153846153846,0
427,56d70d240d65d21400198329,7,weighted,"[100, 70, 50, 40, 35, 30, 25]",0,0.0,0
428,56d9a6b4dc89441400fdb6a0,7,weighted,"[100, 70, 50, 40, 35, 30, 25]",0,0.0,0
429,56d9a6b4dc89441400fdb6a1,7,weighted,"[100, 70, 50, 40, 35, 30, 25]",1,1.0,1
430,56d9a6b4dc89441400fdb6a2,7,weighted,"[100, 70, 50, 40, 35, 30, 25]",0,0.03846153846153846,0
431,56d9a6b4dc89441400fdb6a3,7,weighted,"[100, 70, 50, 40, 35, 30, 25]",0,0.0,0
432,56bebbbf3aeaaa14008c9315,7,weighted,"[100, 70, 50, 40, 35, 30, 25]",1,1.0,1
433,56bebbbf3aeaaa14008c9316,7,weighted,"[100, 70, 50, 40, 35, 30, 25]",0,0.6666666666666666,1
434,56bebbbf3aeaaa14008c9317,7,weighted,"[100, 70, 50, 40, 35, 30, 25]",1,1.0,1
435,56bebbbf3aeaaa14008c9318,7,weighted,"[100, 70, 50, 40, 35, 30, 25]",0,0.6666666666666666,1
436,56bebbbf3aeaaa14008c9319,7,weighted,"[100, 70, 50, 40, 35, 30, 25]",1,1.0,1
437,56bf4e1b3aeaaa14008c95bd,7,weighted,"[100, 70, 50, 40, 35, 30, 25]",1,1.0,1
438,56bf4e1b3aeaaa14008c95be,7,weighted,"[100, 70, 50, 40, 35, 30, 25]",0,0.6666666666666666,1
439,56bf4e1b3aeaaa14008c95c0,7,weighted,"[100, 70, 50, 40, 35, 30, 25]",0,0.0,1
440,56bf4e1b3aeaaa14008c95c1,7,weighted,"[100, 70, 50, 40, 35, 30, 25]",0,0.0,1
441,56d70daa0d65d21400198332,7,weighted,"[100, 70, 50, 40, 35, 30, 25]",1,1.0,1
442,56d70daa0d65d21400198333,7,weighted,"[100, 70, 50, 40, 35, 30, 25]",0,0.0,1
443,56d70daa0d65d21400198334,7,weighted,"[100, 70, 50, 40, 35, 30, 25]",0,0.0,1
444,56d70daa0d65d21400198335,7,weighted,"[100, 70, 50, 40, 35, 30, 25]",1,1.0,1
445,56d70daa0d65d21400198336,7,weighted,"[100, 70, 50, 40, 35, 30, 25]",0,0.0,1
446,56d9a7addc89441400fdb6a8,7,weighted,"[100, 70, 50, 40, 35, 30, 25]",1,1.0,1
447,56d9a7addc89441400fdb6ab,7,weighted,"[100, 70, 50, 40, 35, 30, 25]",0,0.0,1
448,56bebc383aeaaa14008c931f,7,weighted,"[100, 70, 50, 40, 35, 30, 25]",1,1.0,1
449,56bebc383aeaaa14008c9320,7,weighted,"[100, 70, 50, 40, 35, 30, 25]",1,1.0,1
450,56bebc383aeaaa14008c9321,7,weighted,"[100, 70, 50, 40, 35, 30, 25]",1,1.0,1
451,56bf52483aeaaa14008c95c7,7,weighted,"[100, 70, 50, 40, 35, 30, 25]",0,0.0,1
452,56bf52483aeaaa14008c95c8,7,weighted,"[100, 70, 50, 40, 35, 30, 25]",1,1.0,1
453,56d70e570d65d2140019833c,7,weighted,"[100, 70, 50, 40, 35, 30, 25]",1,1.0,1
454,56d70e570d65d2140019833e,7,weighted,"[100, 70, 50, 40, 35, 30, 25]",1,1.0,1
455,56d70e570d65d2140019833f,7,weighted,"[100, 70, 50, 40, 35, 30, 25]",1,1.0,1
456,56d9b01fdc89441400fdb6d4,7,weighted,"[100, 70, 50, 40, 35, 30, 25]",0,0.0,0
457,56bebcbe3aeaaa14008c9325,7,weighted,"[100, 70, 50, 40, 35, 30, 25]",1,1.0,1
458,56bebcbe3aeaaa14008c9326,7,weighted,"[100, 70, 50, 40, 35, 30, 25]",1,1.0,1
459,56bebcbe3aeaaa14008c9327,7,weighted,"[100, 70, 50, 40, 35, 30, 25]",1,1.0,1
460,56bebcbe3aeaaa14008c9328,7,weighted,"[100, 70, 50, 40, 35, 30, 25]",0,0.0,1
461,56bebcbe3aeaaa14008c9329,7,weighted,"[100, 70, 50, 40, 35, 30, 25]",0,0.0,1
462,56bf53e73aeaaa14008c95cb,7,weighted,"[100, 70, 50, 40, 35, 30, 25]",0,0.0,1
463,56bf53e73aeaaa14008c95cc,7,weighted,"[100, 70, 50, 40, 35, 30, 25]",1,1.0,1
464,56bf53e73aeaaa14008c95cd,7,weighted,"[100, 70, 50, 40, 35, 30, 25]",1,1.0,1
465,56bf53e73aeaaa14008c95ce,7,weighted,"[100, 70, 50, 40, 35, 30, 25]",1,1.0,1
466,56d7145c0d65d2140019834c,7,weighted,"[100, 70, 50, 40, 35, 30, 25]",0,0.5714285714285715,1
467,56d7145c0d65d2140019834d,7,weighted,"[100, 70, 50, 40, 35, 30, 25]",1,1.0,1
468,56d7145c0d65d2140019834f,7,weighted,"[100, 70, 50, 40, 35, 30, 25]",1,1.0,1
469,56d9b389dc89441400fdb6ec,7,weighted,"[100, 70, 50, 40, 35, 30, 25]",1,1.0,1
470,56d9b389dc89441400fdb6ed,7,weighted,"[100, 70, 50, 40, 35, 30, 25]",1,1.0,1
471,56d9b389dc89441400fdb6ee,7,weighted,"[100, 70, 50, 40, 35, 30, 25]",1,1.0,1
472,56d9b389dc89441400fdb6ef,7,weighted,"[100, 70, 50, 40, 35, 30, 25]",0,0.0,1
473,56d9b389dc89441400fdb6f0,7,weighted,"[100, 70, 50, 40, 35, 30, 25]",1,1.0,1
474,56bebd713aeaaa14008c932f,7,weighted,"[100, 70, 50, 40, 35, 30, 25]",1,1.0,1
475,56bebd713aeaaa14008c9330,7,weighted,"[100, 70, 50, 40, 35, 30, 25]",0,0.0,0
476,56bebd713aeaaa14008c9331,7,weighted,"[100, 70, 50, 40, 35, 30, 25]",0,0.0,1
477,56bf555e3aeaaa14008c95d3,7,weighted,"[100, 70, 50, 40, 35, 30, 25]",0,0.0,0
478,56bf555e3aeaaa14008c95d4,7,weighted,"[100, 70, 50, 40, 35, 30, 25]",0,0.5,1
479,56bf555e3aeaaa14008c95d5,7,weighted,"[100, 70, 50, 40, 35, 30, 25]",0,0.0,0
480,56d714cd0d65d21400198356,7,weighted,"[100, 70, 50, 40, 35, 30, 25]",0,0.5,1
481,56d714cd0d65d21400198358,7,weighted,"[100, 70, 50, 40, 35, 30, 25]",1,1.0,1
482,56d714cd0d65d21400198359,7,weighted,"[100, 70, 50, 40, 35, 30, 25]",1,1.0,1
483,56d9b43edc89441400fdb700,7,weighted,"[100, 70, 50, 40, 35, 30, 25]",0,0.0,0
484,56d9b43edc89441400fdb701,7,weighted,"[100, 70, 50, 40, 35, 30, 25]",1,1.0,1
485,56bebde53aeaaa14008c9335,7,weighted,"[100, 70, 50, 40, 35, 30, 25]",1,1.0,1
486,56bebde53aeaaa14008c9336,7,weighted,"[100, 70, 50, 40, 35, 30, 25]",0,0.6666666666666666,1
487,56bebde53aeaaa14008c9337,7,weighted,"[100, 70, 50, 40, 35, 30, 25]",1,1.0,1
488,56bebde53aeaaa14008c9338,7,weighted,"[100, 70, 50, 40, 35, 30, 25]",1,1.0,1
489,56bebde53aeaaa14008c9339,7,weighted,"[100, 70, 50, 40, 35, 30, 25]",1,1.0,1
490,56bf57043aeaaa14008c95d9,7,weighted,"[100, 70, 50, 40, 35, 30, 25]",1,1.0,1
491,56bf57043aeaaa14008c95da,7,weighted,"[100, 70, 50, 40, 35, 30, 25]",0,0.0,1
492,56bf57043aeaaa14008c95db,7,weighted,"[100, 70, 50, 40, 35, 30, 25]",1,1.0,1
493,56bf57043aeaaa14008c95dc,7,weighted,"[100, 70, 50, 40, 35, 30, 25]",0,0.0,1
494,56bf57043aeaaa14008c95dd,7,weighted,"[100, 70, 50, 40, 35, 30, 25]",1,1.0,1
495,56d71bd80d65d2140019835e,7,weighted,"[100, 70, 50, 40, 35, 30, 25]",0,0.6666666666666666,1
496,56d71bd80d65d21400198360,7,weighted,"[100, 70, 50, 40, 35, 30, 25]",1,1.0,1
497,56d71bd80d65d21400198361,7,weighted,"[100, 70, 50, 40, 35, 30, 25]",1,1.0,1
498,56d71bd80d65d21400198362,7,weighted,"[100, 70, 50, 40, 35, 30, 25]",1,1.0,1
499,56d9b4ebdc89441400fdb708,7,weighted,"[100, 70, 50, 40, 35, 30, 25]",0,0.6666666666666666,1
500,56d9b4ebdc89441400fdb709,7,weighted,"[100, 70, 50, 40, 35, 30, 25]",0,0.5714285714285715,0
501,56d9b4ebdc89441400fdb70a,7,weighted,"[100, 70, 50, 40, 35, 30, 25]",1,1.0,1
502,56d9b4ebdc89441400fdb70b,7,weighted,"[100, 70, 50, 40, 35, 30, 25]",1,1.0,1
503,56d9b4ebdc89441400fdb70c,7,weighted,"[100, 70, 50, 40, 35, 30, 25]",1,1.0,1
504,56bebe873aeaaa14008c933f,7,weighted,"[100, 70, 50, 40, 35, 30, 25]",0,0.0,1
505,56bebe873aeaaa14008c9340,7,weighted,"[100, 70, 50, 40, 35, 30, 25]",1,1.0,1
506,56bebe873aeaaa14008c9341,7,weighted,"[100, 70, 50, 40, 35, 30, 25]",0,0.0,1
507,56bebe873aeaaa14008c9342,7,weighted,"[100, 70, 50, 40, 35, 30, 25]",0,0.0,0
508,56bebe873aeaaa14008c9343,7,weighted,"[100, 70, 50, 40, 35, 30, 25]",0,0.0,0
509,56bf59523aeaaa14008c95e3,7,weighted,"[100, 70, 50, 40, 35, 30, 25]",1,1.0,1
510,56bf59523aeaaa14008c95e4,7,weighted,"[100, 70, 50, 40, 35, 30, 25]",0,0.0,0
511,56bf59523aeaaa14008c95e5,7,weighted,"[100, 70, 50, 40, 35, 30, 25]",0,0.0,0
512,56d71cb60d65d21400198368,7,weighted,"[100, 70, 50, 40, 35, 30, 25]",0,0.0,1
513,56d9b5ffdc89441400fdb720,7,weighted,"[100, 70, 50, 40, 35, 30, 25]",0,0.0,1
514,56d9b5ffdc89441400fdb721,7,weighted,"[100, 70, 50, 40, 35, 30, 25]",0,0.0,1
515,56bebec43aeaaa14008c9349,7,weighted,"[100, 70, 50, 40, 35, 30, 25]",1,1.0,1
516,56bebec43aeaaa14008c934a,7,weighted,"[100, 70, 50, 40, 35, 30, 25]",0,0.28571428571428575,1
517,56bf5abc3aeaaa14008c95e9,7,weighted,"[100, 70, 50, 40, 35, 30, 25]",0,0.0,0
518,56bf5abc3aeaaa14008c95ea,7,weighted,"[100, 70, 50, 40, 35, 30, 25]",0,0.4,1
519,56d71d150d65d2140019836e,7,weighted,"[100, 70, 50, 40, 35, 30, 25]",0,0.888888888888889,1
520,56d71d150d65d2140019836f,7,weighted,"[100, 70, 50, 40, 35, 30, 25]",0,0.5555555555555556,1
521,56d71d150d65d21400198370,7,weighted,"[100, 70, 50, 40, 35, 30, 25]",0,0.28571428571428575,1
522,56d9b6a3dc89441400fdb72f,7,weighted,"[100, 70, 50, 40, 35, 30, 25]",1,1.0,1
523,56d9b6a3dc89441400fdb730,7,weighted,"[100, 70, 50, 40, 35, 30, 25]",0,0.28571428571428575,1
524,56bec0353aeaaa14008c934d,7,weighted,"[100, 70, 50, 40, 35, 30, 25]",0,0.8,1
525,56bec0353aeaaa14008c934e,7,weighted,"[100, 70, 50, 40, 35, 30, 25]",1,1.0,1
526,56bec0353aeaaa14008c934f,7,weighted,"[100, 70, 50, 40, 35, 30, 25]",0,0.0,1
527,56bec0353aeaaa14008c9350,7,weighted,"[100, 70, 50, 40, 35, 30, 25]",1,1.0,1
528,56bec0353aeaaa14008c9351,7,weighted,"[100, 70, 50, 40, 35, 30, 25]",1,1.0,1
529,56bf5b933aeaaa14008c95ed,7,weighted,"[100, 70, 50, 40, 35, 30, 25]",1,1.0,1
530,56bf5b933aeaaa14008c95ef,7,weighted,"[100, 70, 50, 40, 35, 30, 25]",1,1.0,1
531,56bf5b933aeaaa14008c95f1,7,weighted,"[100, 70, 50, 40, 35, 30, 25]",0,0.0,1
532,56d71d9d0d65d21400198374,7,weighted,"[100, 70, 50, 40, 35, 30, 25]",1,1.0,1
533,56d71d9d0d65d21400198377,7,weighted,"[100, 70, 50, 40, 35, 30, 25]",1,1.0,1
534,56bec0dd3aeaaa14008c9357,7,weighted,"[100, 70, 50, 40, 35, 30, 25]",0,0.0,0
535,56bec0dd3aeaaa14008c9358,7,weighted,"[100, 70, 50, 40, 35, 30, 25]",1,1.0,1
536,56bec0dd3aeaaa14008c9359,7,weighted,"[100, 70, 50, 40, 35, 30, 25]",1,1.0,1
537,56bec0dd3aeaaa14008c935a,7,weighted,"[100, 70, 50, 40, 35, 30, 25]",1,1.0,1
538,56bec0dd3aeaaa14008c935b,7,weighted,"[100, 70, 50, 40, 35, 30, 25]",0,0.0,1
539,56bf5e7b3aeaaa14008c95f7,7,weighted,"[100, 70, 50, 40, 35, 30, 25]",1,1.0,1
540,56bf5e7b3aeaaa14008c95f8,7,weighted,"[100, 70, 50, 40, 35, 30, 25]",0,0.0,1
541,56bf5e7b3aeaaa14008c95f9,7,weighted,"[100, 70, 50, 40, 35, 30, 25]",0,0.2222222222222222,1
542,56bf5e7b3aeaaa14008c95fa,7,weighted,"[100, 70, 50, 40, 35, 30, 25]",0,0.0,1
543,56bf5e7b3aeaaa14008c95fb,7,weighted,"[100, 70, 50, 40, 35, 30, 25]",0,0.6666666666666666,1
544,56d71ed50d65d2140019837c,7,weighted,"[100, 70, 50, 40, 35, 30, 25]",1,1.0,1
545,56d71ed50d65d2140019837d,7,weighted,"[100, 70, 50, 40, 35, 30, 25]",1,1.0,1
546,56d9b7dcdc89441400fdb740,7,weighted,"[100, 70, 50, 40, 35, 30, 25]",1,1.0,0
547,56d9b7dcdc89441400fdb741,7,weighted,"[100, 70, 50, 40, 35, 30, 25]",0,0.0,0
548,56d9b7dcdc89441400fdb742,7,weighted,"[100, 70, 50, 40, 35, 30, 25]",0,0.22222222222222224,0
549,56d9b7dcdc89441400fdb743,7,weighted,"[100, 70, 50, 40, 35, 30, 25]",0,0.0,1
550,56d9b7dcdc89441400fdb744,7,weighted,"[100, 70, 50, 40, 35, 30, 25]",0,0.0,0
551,56bec1823aeaaa14008c9361,7,weighted,"[100, 70, 50, 40, 35, 30, 25]",0,0.0,1
552,56bec1823aeaaa14008c9362,7,weighted,"[100, 70, 50, 40, 35, 30, 25]",0,0.0,1
553,56bec1823aeaaa14008c9363,7,weighted,"[100, 70, 50, 40, 35, 30, 25]",0,0.0,1
554,56bec1823aeaaa14008c9364,7,weighted,"[100, 70, 50, 40, 35, 30, 25]",1,1.0,1
555,56bec1823aeaaa14008c9365,7,weighted,"[100, 70, 50, 40, 35, 30, 25]",1,1.0,1
556,56bf6d343aeaaa14008c961b,7,weighted,"[100, 70, 50, 40, 35, 30, 25]",1,1.0,0
557,56d71fc00d65d21400198386,7,weighted,"[100, 70, 50, 40, 35, 30, 25]",1,1.0,1
558,56d71fc00d65d21400198389,7,weighted,"[100, 70, 50, 40, 35, 30, 25]",0,0.0,1
559,56d9ba95dc89441400fdb754,7,weighted,"[100, 70, 50, 40, 35, 30, 25]",0,0.0,1
560,56d9ba95dc89441400fdb757,7,weighted,"[100, 70, 50, 40, 35, 30, 25]",0,0.22222222222222224,1
561,56d9ba95dc89441400fdb758,7,weighted,"[100, 70, 50, 40, 35, 30, 25]",0,0.0,1
562,56bec2013aeaaa14008c9371,7,weighted,"[100, 70, 50, 40, 35, 30, 25]",1,1.0,1
563,56bec2013aeaaa14008c9372,7,weighted,"[100, 70, 50, 40, 35, 30, 25]",0,0.0,1
564,56bec2013aeaaa14008c9373,7,weighted,"[100, 70, 50, 40, 35, 30, 25]",1,1.0,1
565,56bec2013aeaaa14008c9374,7,weighted,"[100, 70, 50, 40, 35, 30, 25]",0,0.6666666666666666,1
566,56bec2013aeaaa14008c9375,7,weighted,"[100, 70, 50, 40, 35, 30, 25]",0,0.0,1
567,56bf6e7a3aeaaa14008c961f,7,weighted,"[100, 70, 50, 40, 35, 30, 25]",0,0.0,0
568,56bf6e7a3aeaaa14008c9620,7,weighted,"[100, 70, 50, 40, 35, 30, 25]",0,0.0,0
569,56bf6e7a3aeaaa14008c9621,7,weighted,"[100, 70, 50, 40, 35, 30, 25]",1,1.0,1
570,56bf6e7a3aeaaa14008c9622,7,weighted,"[100, 70, 50, 40, 35, 30, 25]",0,0.0,1
571,56d7205e0d65d21400198391,7,weighted,"[100, 70, 50, 40, 35, 30, 25]",0,0.6666666666666666,1
572,56d7205e0d65d21400198392,7,weighted,"[100, 70, 50, 40, 35, 30, 25]",1,1.0,1
573,56d9bc13dc89441400fdb75e,7,weighted,"[100, 70, 50, 40, 35, 30, 25]",1,1.0,1
574,56d9bc13dc89441400fdb75f,7,weighted,"[100, 70, 50, 40, 35, 30, 25]",0,0.0,0
575,56d9bc13dc89441400fdb760,7,weighted,"[100, 70, 50, 40, 35, 30, 25]",0,0.0,1
576,56bec2573aeaaa14008c937b,7,weighted,"[100, 70, 50, 40, 35, 30, 25]",0,0.5454545454545454,1
577,56bec2573aeaaa14008c937c,7,weighted,"[100, 70, 50, 40, 35, 30, 25]",1,1.0,1
578,56bf6f743aeaaa14008c9631,7,weighted,"[100, 70, 50, 40, 35, 30, 25]",0,0.5,1
579,56bf6f743aeaaa14008c9632,7,weighted,"[100, 70, 50, 40, 35, 30, 25]",1,1.0,1
580,56d720c70d65d21400198396,7,weighted,"[100, 70, 50, 40, 35, 30, 25]",1,1.0,1
581,56d720c70d65d21400198397,7,weighted,"[100, 70, 50, 40, 35, 30, 25]",0,0.16666666666666666,1
582,56d720c70d65d21400198398,7,weighted,"[100, 70, 50, 40, 35, 30, 25]",0,0.8,1
583,56bec3153aeaaa14008c9389,7,weighted,"[100, 70, 50, 40, 35, 30, 25]",1,1.0,1
584,56bec3153aeaaa14008c938a,7,weighted,"[100, 70, 50, 40, 35, 30, 25]",0,0.0,1
585,56bec3153aeaaa14008c938b,7,weighted,"[100, 70, 50, 40, 35, 30, 25]",0,0.0,1
586,56bec3153aeaaa14008c938c,7,weighted,"[100, 70, 50, 40, 35, 30, 25]",0,0.0,1
587,56bf717d3aeaaa14008c9635,7,weighted,"[100, 70, 50, 40, 35, 30, 25]",0,0.0,1
588,56bf717d3aeaaa14008c9637,7,weighted,"[100, 70, 50, 40, 35, 30, 25]",0,0.0,1
589,56bf717d3aeaaa14008c9638,7,weighted,"[100, 70, 50, 40, 35, 30, 25]",0,0.0,1
590,56bf717d3aeaaa14008c9639,7,weighted,"[100, 70, 50, 40, 35, 30, 25]",0,0.0,1
591,56d721af0d65d2140019839e,7,weighted,"[100, 70, 50, 40, 35, 30, 25]",0,0.0,1
592,56d721af0d65d2140019839f,7,weighted,"[100, 70, 50, 40, 35, 30, 25]",0,0.0,1
593,56d721af0d65d214001983a0,7,weighted,"[100, 70, 50, 40, 35, 30, 25]",0,0.0,1
594,56d9bdc1dc89441400fdb768,7,weighted,"[100, 70, 50, 40, 35, 30, 25]",0,0.0,1
595,56d9bdc1dc89441400fdb769,7,weighted,"[100, 70, 50, 40, 35, 30, 25]",0,0.0,1
596,56d9bdc1dc89441400fdb76a,7,weighted,"[100, 70, 50, 40, 35, 30, 25]",0,0.6666666666666666,1
597,56bec38b3aeaaa14008c9397,7,weighted,"[100, 70, 50, 40, 35, 30, 25]",1,1.0,1
598,56bec38b3aeaaa14008c9398,7,weighted,"[100, 70, 50, 40, 35, 30, 25]",1,1.0,1
599,56bec38b3aeaaa14008c9399,7,weighted,"[100, 70, 50, 40, 35, 30, 25]",1,1.0,1
600,56bec38b3aeaaa14008c939a,7,weighted,"[100, 70, 50, 40, 35, 30, 25]",1,1.0,1
601,56bf71e73aeaaa14008c963f,7,weighted,"[100, 70, 50, 40, 35, 30, 25]",0,0.0,0
602,56bf71e73aeaaa14008c9640,7,weighted,"[100, 70, 50, 40, 35, 30, 25]",1,1.0,1
603,56d722330d65d214001983a6,7,weighted,"[100, 70, 50, 40, 35, 30, 25]",1,1.0,1
604,56d722330d65d214001983a7,7,weighted,"[100, 70, 50, 40, 35, 30, 25]",1,1.0,1
605,56d722330d65d214001983a8,7,weighted,"[100, 70, 50, 40, 35, 30, 25]",0,0.0,1
606,56d9be16dc89441400fdb770,7,weighted,"[100, 70, 50, 40, 35, 30, 25]",0,0.0,1
607,56d9be16dc89441400fdb771,7,weighted,"[100, 70, 50, 40, 35, 30, 25]",1,1.0,1
608,56bec4343aeaaa14008c93a9,7,weighted,"[100, 70, 50, 40, 35, 30, 25]",0,0.0,1
609,56bec4343aeaaa14008c93aa,7,weighted,"[100, 70, 50, 40, 35, 30, 25]",0,0.0,1
610,56bec4343aeaaa14008c93ab,7,weighted,"[100, 70, 50, 40, 35, 30, 25]",1,1.0,1
611,56bec4343aeaaa14008c93ac,7,weighted,"[100, 70, 50, 40, 35, 30, 25]",0,0.0,1
612,56d723560d65d214001983ac,7,weighted,"[100, 70, 50, 40, 35, 30, 25]",0,0.0,1
613,56d723560d65d214001983ad,7,weighted,"[100, 70, 50, 40, 35, 30, 25]",0,0.0,1
614,56d723560d65d214001983ae,7,weighted,"[100, 70, 50, 40, 35, 30, 25]",0,0.0,1
615,56d723560d65d214001983af,7,weighted,"[100, 70, 50, 40, 35, 30, 25]",0,0.0,1
616,56d9bf70dc89441400fdb77b,7,weighted,"[100, 70, 50, 40, 35, 30, 25]",0,0.6666666666666666,1
617,56d9bf70dc89441400fdb77c,7,weighted,"[100, 70, 50, 40, 35, 30, 25]",0,0.6666666666666666,1
618,56d9bf70dc89441400fdb77d,7,weighted,"[100, 70, 50, 40, 35, 30, 25]",1,1.0,1
619,56bec4a33aeaaa14008c93b1,7,weighted,"[100, 70, 50, 40, 35, 30, 25]",0,0.0,0
620,56bec4a33aeaaa14008c93b2,7,weighted,"[100, 70, 50, 40, 35, 30, 25]",0,0.16666666666666669,1
621,56bec4a33aeaaa14008c93b3,7,weighted,"[100, 70, 50, 40, 35, 30, 25]",1,1.0,1
622,56bec4a33aeaaa14008c93b4,7,weighted,"[100, 70, 50, 40, 35, 30, 25]",1,1.0,1
623,56bec4a33aeaaa14008c93b5,7,weighted,"[100, 70, 50, 40, 35, 30, 25]",1,1.0,1
624,56bf738b3aeaaa14008c9655,7,weighted,"[100, 70, 50, 40, 35, 30, 25]",0,0.0,0
625,56bf738b3aeaaa14008c9656,7,weighted,"[100, 70, 50, 40, 35, 30, 25]",0,0.0,0
626,56d723ad0d65d214001983b4,7,weighted,"[100, 70, 50, 40, 35, 30, 25]",1,1.0,1
627,56d723ad0d65d214001983b5,7,weighted,"[100, 70, 50, 40, 35, 30, 25]",0,0.0,1
628,56d723ad0d65d214001983b8,7,weighted,"[100, 70, 50, 40, 35, 30, 25]",1,1.0,1
629,56d9c049dc89441400fdb78e,7,weighted,"[100, 70, 50, 40, 35, 30, 25]",0,0.0,1
630,56d9c049dc89441400fdb78f,7,weighted,"[100, 70, 50, 40, 35, 30, 25]",1,1.0,1
631,56d9c049dc89441400fdb790,7,weighted,"[100, 70, 50, 40, 35, 30, 25]",0,0.37037037037037035,1
632,56d9c049dc89441400fdb791,7,weighted,"[100, 70, 50, 40, 35, 30, 25]",1,1.0,1
633,56d9c049dc89441400fdb792,7,weighted,"[100, 70, 50, 40, 35, 30, 25]",0,0.0,1
634,56bec5233aeaaa14008c93cf,7,weighted,"[100, 70, 50, 40, 35, 30, 25]",1,1.0,1
635,56bec5233aeaaa14008c93d0,7,weighted,"[100, 70, 50, 40, 35, 30, 25]",0,0.25,1
636,56bec5233aeaaa14008c93d1,7,weighted,"[100, 70, 50, 40, 35, 30, 25]",1,1.0,1
637,56bec5233aeaaa14008c93d2,7,weighted,"[100, 70, 50, 40, 35, 30, 25]",0,0.4,1
638,56bec5233aeaaa14008c93d3,7,weighted,"[100, 70, 50, 40, 35, 30, 25]",1,1.0,1
639,56d724620d65d214001983be,7,weighted,"[100, 70, 50, 40, 35, 30, 25]",0,0.0,1
640,56d724620d65d214001983bf,7,weighted,"[100, 70, 50, 40, 35, 30, 25]",1,1.0,1
641,56d724620d65d214001983c0,7,weighted,"[100, 70, 50, 40, 35, 30, 25]",0,0.0,1
642,56d724620d65d214001983c1,7,weighted,"[100, 70, 50, 40, 35, 30, 25]",1,1.0,1
643,56d9c203dc89441400fdb7a0,7,weighted,"[100, 70, 50, 40, 35, 30, 25]",0,0.0,0
644,56d9c203dc89441400fdb7a3,7,weighted,"[100, 70, 50, 40, 35, 30, 25]",0,0.0,1
645,56bec5ff3aeaaa14008c93e3,7,weighted,"[100, 70, 50, 40, 35, 30, 25]",0,0.6153846153846153,1
646,56bec5ff3aeaaa14008c93e4,7,weighted,"[100, 70, 50, 40, 35, 30, 25]",0,0.0,1
647,56bec5ff3aeaaa14008c93e5,7,weighted,"[100, 70, 50, 40, 35, 30, 25]",0,0.0,1
648,56d724ea0d65d214001983c8,7,weighted,"[100, 70, 50, 40, 35, 30, 25]",1,1.0,1
649,56d724ea0d65d214001983c9,7,weighted,"[100, 70, 50, 40, 35, 30, 25]",1,1.0,1
650,56bec6573aeaaa14008c93e9,7,weighted,"[100, 70, 50, 40, 35, 30, 25]",0,0.0,1
651,56bec6573aeaaa14008c93ea,7,weighted,"[100, 70, 50, 40, 35, 30, 25]",0,0.0,1
652,56bec6573aeaaa14008c93eb,7,weighted,"[100, 70, 50, 40, 35, 30, 25]",0,0.0,1
653,56bec6573aeaaa14008c93ec,7,weighted,"[100, 70, 50, 40, 35, 30, 25]",0,0.0,1
654,56bec6573aeaaa14008c93ed,7,weighted,"[100, 70, 50, 40, 35, 30, 25]",0,0.0,1
655,56d7251d0d65d214001983cc,7,weighted,"[100, 70, 50, 40, 35, 30, 25]",1,1.0,1
656,56d7251d0d65d214001983cd,7,weighted,"[100, 70, 50, 40, 35, 30, 25]",1,1.0,1
657,56d7251d0d65d214001983cf,7,weighted,"[100, 70, 50, 40, 35, 30, 25]",0,0.0,1
658,56d9c3a6dc89441400fdb7b4,7,weighted,"[100, 70, 50, 40, 35, 30, 25]",0,0.0,1
659,56d9c3a6dc89441400fdb7b5,7,weighted,"[100, 70, 50, 40, 35, 30, 25]",0,0.0,1
660,56d9c3a6dc89441400fdb7b6,7,weighted,"[100, 70, 50, 40, 35, 30, 25]",0,0.0,1
661,56d9c3a6dc89441400fdb7b7,7,weighted,"[100, 70, 50, 40, 35, 30, 25]",0,0.0,1
662,56d9c3a6dc89441400fdb7b8,7,weighted,"[100, 70, 50, 40, 35, 30, 25]",0,0.0,1
663,56bec6ac3aeaaa14008c93fd,7,weighted,"[100, 70, 50, 40, 35, 30, 25]",1,1.0,1
664,56bec6ac3aeaaa14008c93fe,7,weighted,"[100, 70, 50, 40, 35, 30, 25]",1,1.0,1
665,56bec6ac3aeaaa14008c93ff,7,weighted,"[100, 70, 50, 40, 35, 30, 25]",1,1.0,1
666,56bec6ac3aeaaa14008c9400,7,weighted,"[100, 70, 50, 40, 35, 30, 25]",0,0.0,1
667,56bec6ac3aeaaa14008c9401,7,weighted,"[100, 70, 50, 40, 35, 30, 25]",0,0.8571428571428571,1
668,56d20650e7d4791d00902614,7,weighted,"[100, 70, 50, 40, 35, 30, 25]",1,1.0,1
669,56d20650e7d4791d00902615,7,weighted,"[100, 70, 50, 40, 35, 30, 25]",1,1.0,1
670,56d7253b0d65d214001983d4,7,weighted,"[100, 70, 50, 40, 35, 30, 25]",0,0.0,0
671,56d7253b0d65d214001983d5,7,weighted,"[100, 70, 50, 40, 35, 30, 25]",1,1.0,1
672,56d9c455dc89441400fdb7c4,7,weighted,"[100, 70, 50, 40, 35, 30, 25]",0,0.0,0
673,56d9c455dc89441400fdb7c5,7,weighted,"[100, 70, 50, 40, 35, 30, 25]",1,1.0,1
674,56d9c455dc89441400fdb7c6,7,weighted,"[100, 70, 50, 40, 35, 30, 25]",1,1.0,1
675,56bec7353aeaaa14008c940d,7,weighted,"[100, 70, 50, 40, 35, 30, 25]",1,1.0,1
676,56bec7353aeaaa14008c940e,7,weighted,"[100, 70, 50, 40, 35, 30, 25]",1,1.0,1
677,56bec7353aeaaa14008c940f,7,weighted,"[100, 70, 50, 40, 35, 30, 25]",1,1.0,1
678,56bec7353aeaaa14008c9410,7,weighted,"[100, 70, 50, 40, 35, 30, 25]",1,1.0,1
679,56bec7353aeaaa14008c9411,7,weighted,"[100, 70, 50, 40, 35, 30, 25]",0,0.6666666666666666,1
680,56d725790d65d214001983d8,7,weighted,"[100, 70, 50, 40, 35, 30, 25]",0,0.0,1
681,56d725790d65d214001983da,7,weighted,"[100, 70, 50, 40, 35, 30, 25]",1,1.0,1
682,56d725790d65d214001983db,7,weighted,"[100, 70, 50, 40, 35, 30, 25]",0,0.0,1
683,56d9c551dc89441400fdb7d0,7,weighted,"[100, 70, 50, 40, 35, 30, 25]",0,0.4,1
684,56d9c551dc89441400fdb7d1,7,weighted,"[100, 70, 50, 40, 35, 30, 25]",1,1.0,1
685,56d9c551dc89441400fdb7d2,7,weighted,"[100, 70, 50, 40, 35, 30, 25]",1,1.0,1
686,56d9c551dc89441400fdb7d3,7,weighted,"[100, 70, 50, 40, 35, 30, 25]",1,1.0,1
687,56bec7a63aeaaa14008c9417,7,weighted,"[100, 70, 50, 40, 35, 30, 25]",1,1.0,1
688,56bec7a63aeaaa14008c9418,7,weighted,"[100, 70, 50, 40, 35, 30, 25]",0,0.0,1
689,56bec7a63aeaaa14008c9419,7,weighted,"[100, 70, 50, 40, 35, 30, 25]",1,1.0,1
690,56bec7a63aeaaa14008c941a,7,weighted,"[100, 70, 50, 40, 35, 30, 25]",0,0.0,1
691,56bec7a63aeaaa14008c941b,7,weighted,"[100, 70, 50, 40, 35, 30, 25]",0,0.0,1
692,56d728a10d65d21400198413,7,weighted,"[100, 70, 50, 40, 35, 30, 25]",0,0.0,1
693,56d728a10d65d21400198414,7,weighted,"[100, 70, 50, 40, 35, 30, 25]",1,1.0,1
694,56d728a10d65d21400198415,7,weighted,"[100, 70, 50, 40, 35, 30, 25]",0,0.0,0
695,56d728a10d65d21400198416,7,weighted,"[100, 70, 50, 40, 35, 30, 25]",0,0.0,0
696,56d9c5e7dc89441400fdb7d8,7,weighted,"[100, 70, 50, 40, 35, 30, 25]",1,1.0,1
697,56d9c5e7dc89441400fdb7d9,7,weighted,"[100, 70, 50, 40, 35, 30, 25]",1,1.0,1
698,56d9c5e7dc89441400fdb7da,7,weighted,"[100, 70, 50, 40, 35, 30, 25]",1,1.0,1
699,56d9c5e7dc89441400fdb7db,7,weighted,"[100, 70, 50, 40, 35, 30, 25]",0,0.0,1
700,56d9c5e7dc89441400fdb7dc,7,weighted,"[100, 70, 50, 40, 35, 30, 25]",0,0.0,1
701,56bec8243aeaaa14008c942b,7,weighted,"[100, 70, 50, 40, 35, 30, 25]",1,1.0,1
702,56bec8243aeaaa14008c942c,7,weighted,"[100, 70, 50, 40, 35, 30, 25]",1,1.0,1
703,56bec8243aeaaa14008c942d,7,weighted,"[100, 70, 50, 40, 35, 30, 25]",1,1.0,1
704,56bec8243aeaaa14008c942e,7,weighted,"[100, 70, 50, 40, 35, 30, 25]",0,0.0,1
705,56bec8243aeaaa14008c942f,7,weighted,"[100, 70, 50, 40, 35, 30, 25]",0,0.6666666666666666,1
706,56d728e00d65d2140019841c,7,weighted,"[100, 70, 50, 40, 35, 30, 25]",0,0.0,1
707,56d728e00d65d2140019841d,7,weighted,"[100, 70, 50, 40, 35, 30, 25]",1,1.0,1
708,56d728e00d65d2140019841e,7,weighted,"[100, 70, 50, 40, 35, 30, 25]",0,0.0,1
709,56d728e00d65d2140019841f,7,weighted,"[100, 70, 50, 40, 35, 30, 25]",0,0.0,1
710,56d728e00d65d21400198420,7,weighted,"[100, 70, 50, 40, 35, 30, 25]",0,0.0,1
711,56d9c660dc89441400fdb7e7,7,weighted,"[100, 70, 50, 40, 35, 30, 25]",1,1.0,1
712,56d9c660dc89441400fdb7e8,7,weighted,"[100, 70, 50, 40, 35, 30, 25]",0,0.0,1
713,56d9c660dc89441400fdb7e9,7,weighted,"[100, 70, 50, 40, 35, 30, 25]",0,0.0,1
714,56d9c660dc89441400fdb7ea,7,weighted,"[100, 70, 50, 40, 35, 30, 25]",0,0.0,1
715,56bec8a13aeaaa14008c9435,7,weighted,"[100, 70, 50, 40, 35, 30, 25]",1,1.0,1
716,56bec8a13aeaaa14008c9436,7,weighted,"[100, 70, 50, 40, 35, 30, 25]",0,0.0,0
717,56bec8a13aeaaa14008c9437,7,weighted,"[100, 70, 50, 40, 35, 30, 25]",1,1.0,1
718,56bec8a13aeaaa14008c9438,7,weighted,"[100, 70, 50, 40, 35, 30, 25]",0,0.0,1
719,56bec8a13aeaaa14008c9439,7,weighted,"[100, 70, 50, 40, 35, 30, 25]",0,0.0,1
720,56d729180d65d21400198426,7,weighted,"[100, 70, 50, 40, 35, 30, 25]",1,1.0,1
721,56d729180d65d21400198427,7,weighted,"[100, 70, 50, 40, 35, 30, 25]",1,1.0,1
722,56d729180d65d21400198428,7,weighted,"[100, 70, 50, 40, 35, 30, 25]",1,1.0,1
723,56d729180d65d21400198429,7,weighted,"[100, 70, 50, 40, 35, 30, 25]",0,0.6666666666666666,1
724,56d729180d65d2140019842a,7,weighted,"[100, 70, 50, 40, 35, 30, 25]",0,0.0,1
725,56d9c6e0dc89441400fdb7f0,7,weighted,"[100, 70, 50, 40, 35, 30, 25]",1,1.0,1
726,56d9c6e0dc89441400fdb7f4,7,weighted,"[100, 70, 50, 40, 35, 30, 25]",0,0.0,1
727,56bec9133aeaaa14008c9445,7,weighted,"[100, 70, 50, 40, 35, 30, 25]",1,1.0,1
728,56bec9133aeaaa14008c9446,7,weighted,"[100, 70, 50, 40, 35, 30, 25]",1,1.0,1
729,56bec9133aeaaa14008c9447,7,weighted,"[100, 70, 50, 40, 35, 30, 25]",1,1.0,1
730,56bec9133aeaaa14008c9448,7,weighted,"[100, 70, 50, 40, 35, 30, 25]",0,0.0,1
731,56bec9133aeaaa14008c9449,7,weighted,"[100, 70, 50, 40, 35, 30, 25]",0,0.0,1
732,56d729ec0d65d21400198430,7,weighted,"[100, 70, 50, 40, 35, 30, 25]",1,1.0,1
733,56d729ec0d65d21400198431,7,weighted,"[100, 70, 50, 40, 35, 30, 25]",0,0.0,1
734,56d729ec0d65d21400198432,7,weighted,"[100, 70, 50, 40, 35, 30, 25]",0,0.0,1
735,56d729ec0d65d21400198434,7,weighted,"[100, 70, 50, 40, 35, 30, 25]",0,0.0,1
736,56d9c79edc89441400fdb804,7,weighted,"[100, 70, 50, 40, 35, 30, 25]",0,0.0,1
737,56d9c79edc89441400fdb805,7,weighted,"[100, 70, 50, 40, 35, 30, 25]",0,0.6666666666666666,1
738,56d9c79edc89441400fdb806,7,weighted,"[100, 70, 50, 40, 35, 30, 25]",1,1.0,1
739,56d9c79edc89441400fdb807,7,weighted,"[100, 70, 50, 40, 35, 30, 25]",0,0.0,1
740,56d9c79edc89441400fdb808,7,weighted,"[100, 70, 50, 40, 35, 30, 25]",0,0.0,1
741,56bec98e3aeaaa14008c9455,7,weighted,"[100, 70, 50, 40, 35, 30, 25]",1,1.0,1
742,56bec98e3aeaaa14008c9456,7,weighted,"[100, 70, 50, 40, 35, 30, 25]",0,0.0,1
743,56bec98e3aeaaa14008c9457,7,weighted,"[100, 70, 50, 40, 35, 30, 25]",0,0.0,1
744,56bec98e3aeaaa14008c9458,7,weighted,"[100, 70, 50, 40, 35, 30, 25]",0,0.0,1
745,56bec98e3aeaaa14008c9459,7,weighted,"[100, 70, 50, 40, 35, 30, 25]",0,0.0,1
746,56d7282f0d65d21400198408,7,weighted,"[100, 70, 50, 40, 35, 30, 25]",1,1.0,1
747,56d7282f0d65d21400198409,7,weighted,"[100, 70, 50, 40, 35, 30, 25]",1,1.0,1
748,56d7282f0d65d2140019840a,7,weighted,"[100, 70, 50, 40, 35, 30, 25]",0,0.0,1
749,56d7282f0d65d2140019840c,7,weighted,"[100, 70, 50, 40, 35, 30, 25]",0,0.0,1
750,56d9c92bdc89441400fdb80e,7,weighted,"[100, 70, 50, 40, 35, 30, 25]",0,0.0,0
751,56d9c92bdc89441400fdb80f,7,weighted,"[100, 70, 50, 40, 35, 30, 25]",0,0.0,1
752,56d9c92bdc89441400fdb810,7,weighted,"[100, 70, 50, 40, 35, 30, 25]",1,1.0,1
753,56d9c92bdc89441400fdb811,7,weighted,"[100, 70, 50, 40, 35, 30, 25]",0,0.0,1
754,56bec9e83aeaaa14008c945f,7,weighted,"[100, 70, 50, 40, 35, 30, 25]",0,0.0,1
755,56bec9e83aeaaa14008c9460,7,weighted,"[100, 70, 50, 40, 35, 30, 25]",0,0.0,1
756,56bec9e83aeaaa14008c9461,7,weighted,"[100, 70, 50, 40, 35, 30, 25]",0,0.0,1
757,56bec9e83aeaaa14008c9462,7,weighted,"[100, 70, 50, 40, 35, 30, 25]",0,0.6666666666666666,1
758,56d7261e0d65d214001983e0,7,weighted,"[100, 70, 50, 40, 35, 30, 25]",0,0.6666666666666666,1
759,56d7261e0d65d214001983e1,7,weighted,"[100, 70, 50, 40, 35, 30, 25]",1,1.0,1
760,56d7261e0d65d214001983e2,7,weighted,"[100, 70, 50, 40, 35, 30, 25]",0,0.5714285714285715,1
761,56d7261e0d65d214001983e4,7,weighted,"[100, 70, 50, 40, 35, 30, 25]",0,0.0,1
762,56d9ca0adc89441400fdb820,7,weighted,"[100, 70, 50, 40, 35, 30, 25]",1,1.0,1
763,56d9ca0adc89441400fdb821,7,weighted,"[100, 70, 50, 40, 35, 30, 25]",0,0.0,1
764,56d9ca0adc89441400fdb822,7,weighted,"[100, 70, 50, 40, 35, 30, 25]",0,0.0,1
765,56d9ca0adc89441400fdb823,7,weighted,"[100, 70, 50, 40, 35, 30, 25]",0,0.0,1
766,56beca913aeaaa14008c946d,7,weighted,"[100, 70, 50, 40, 35, 30, 25]",1,1.0,1
767,56beca913aeaaa14008c946e,7,weighted,"[100, 70, 50, 40, 35, 30, 25]",0,0.0,1
768,56beca913aeaaa14008c946f,7,weighted,"[100, 70, 50, 40, 35, 30, 25]",0,0.0,1
769,56beca913aeaaa14008c9470,7,weighted,"[100, 70, 50, 40, 35, 30, 25]",0,0.0,1
770,56beca913aeaaa14008c9471,7,weighted,"[100, 70, 50, 40, 35, 30, 25]",0,0.0,1
771,56d726b60d65d214001983ea,7,weighted,"[100, 70, 50, 40, 35, 30, 25]",1,1.0,1
772,56d726b60d65d214001983eb,7,weighted,"[100, 70, 50, 40, 35, 30, 25]",0,0.0,1
773,56d726b60d65d214001983ec,7,weighted,"[100, 70, 50, 40, 35, 30, 25]",0,0.0,1
774,56d726b60d65d214001983ed,7,weighted,"[100, 70, 50, 40, 35, 30, 25]",0,0.0,1
775,56d726b60d65d214001983ee,7,weighted,"[100, 70, 50, 40, 35, 30, 25]",0,0.0,1
776,56d9cb47dc89441400fdb832,7,weighted,"[100, 70, 50, 40, 35, 30, 25]",1,1.0,1
777,56d9cb47dc89441400fdb833,7,weighted,"[100, 70, 50, 40, 35, 30, 25]",1,1.0,1
778,56d9cb47dc89441400fdb834,7,weighted,"[100, 70, 50, 40, 35, 30, 25]",0,0.0,1
779,56d9cb47dc89441400fdb835,7,weighted,"[100, 70, 50, 40, 35, 30, 25]",0,0.0,1
780,56d9cb47dc89441400fdb836,7,weighted,"[100, 70, 50, 40, 35, 30, 25]",0,0.0,1
781,56becaf93aeaaa14008c9481,7,weighted,"[100, 70, 50, 40, 35, 30, 25]",0,0.0,1
782,56becaf93aeaaa14008c9482,7,weighted,"[100, 70, 50, 40, 35, 30, 25]",0,0.0,1
783,56becaf93aeaaa14008c9483,7,weighted,"[100, 70, 50, 40, 35, 30, 25]",0,0.0,1
784,56becaf93aeaaa14008c9484,7,weighted,"[100, 70, 50, 40, 35, 30, 25]",1,1.0,0
785,56becaf93aeaaa14008c9485,7,weighted,"[100, 70, 50, 40, 35, 30, 25]",0,0.0,0
786,56d7270c0d65d214001983f4,7,weighted,"[100, 70, 50, 40, 35, 30, 25]",0,0.0,0
787,56d7270c0d65d214001983f5,7,weighted,"[100, 70, 50, 40, 35, 30, 25]",0,0.0,1
788,56d7270c0d65d214001983f6,7,weighted,"[100, 70, 50, 40, 35, 30, 25]",1,1.0,1
789,56d7270c0d65d214001983f7,7,weighted,"[100, 70, 50, 40, 35, 30, 25]",1,1.0,1
790,56d7270c0d65d214001983f8,7,weighted,"[100, 70, 50, 40, 35, 30, 25]",1,1.0,0
791,56d9ccacdc89441400fdb842,7,weighted,"[100, 70, 50, 40, 35, 30, 25]",0,0.0,0
792,56d9ccacdc89441400fdb843,7,weighted,"[100, 70, 50, 40, 35, 30, 25]",0,0.0,0
793,56d9ccacdc89441400fdb844,7,weighted,"[100, 70, 50, 40, 35, 30, 25]",0,0.0,0
794,56d9ccacdc89441400fdb845,7,weighted,"[100, 70, 50, 40, 35, 30, 25]",0,0.0,0
795,56d9ccacdc89441400fdb846,7,weighted,"[100, 70, 50, 40, 35, 30, 25]",0,0.0,1
796,56becb823aeaaa14008c948b,7,weighted,"[100, 70, 50, 40, 35, 30, 25]",0,0.0,1
797,56becb823aeaaa14008c948c,7,weighted,"[100, 70, 50, 40, 35, 30, 25]",0,0.0,1
798,56becb823aeaaa14008c948d,7,weighted,"[100, 70, 50, 40, 35, 30, 25]",1,1.0,1
799,56becb823aeaaa14008c948e,7,weighted,"[100, 70, 50, 40, 35, 30, 25]",0,0.0,1
800,56becb823aeaaa14008c948f,7,weighted,"[100, 70, 50, 40, 35, 30, 25]",0,0.6666666666666666,1
801,56d7277c0d65d214001983fe,7,weighted,"[100, 70, 50, 40, 35, 30, 25]",0,0.5,1
802,56d7277c0d65d214001983ff,7,weighted,"[100, 70, 50, 40, 35, 30, 25]",1,1.0,1
803,56d7277c0d65d21400198401,7,weighted,"[100, 70, 50, 40, 35, 30, 25]",0,0.0,1
804,56d7277c0d65d21400198402,7,weighted,"[100, 70, 50, 40, 35, 30, 25]",1,1.0,1
805,56d9cd9adc89441400fdb84c,7,weighted,"[100, 70, 50, 40, 35, 30, 25]",0,0.0,1
806,56d9cd9adc89441400fdb84d,7,weighted,"[100, 70, 50, 40, 35, 30, 25]",1,1.0,1
807,56d9cd9adc89441400fdb84e,7,weighted,"[100, 70, 50, 40, 35, 30, 25]",1,1.0,1
808,56d9cd9adc89441400fdb84f,7,weighted,"[100, 70, 50, 40, 35, 30, 25]",0,0.0,1
809,56d9cd9adc89441400fdb850,7,weighted,"[100, 70, 50, 40, 35, 30, 25]",0,0.0,1
810,5733a5f54776f41900660f45,7,weighted,"[100, 70, 50, 40, 35, 30, 25]",1,1.0,1
811,5733a5f54776f41900660f48,7,weighted,"[100, 70, 50, 40, 35, 30, 25]",0,0.0,1
812,5733a5f54776f41900660f44,7,weighted,"[100, 70, 50, 40, 35, 30, 25]",0,0.0,1
813,5733a5f54776f41900660f46,7,weighted,"[100, 70, 50, 40, 35, 30, 25]",0,0.0,1
814,5733a5f54776f41900660f47,7,weighted,"[100, 70, 50, 40, 35, 30, 25]",0,0.0,1
815,57336755d058e614000b5a3d,7,weighted,"[100, 70, 50, 40, 35, 30, 25]",1,1.0,1
816,57336755d058e614000b5a3f,7,weighted,"[100, 70, 50, 40, 35, 30, 25]",0,0.0,1
817,57336755d058e614000b5a3c,7,weighted,"[100, 70, 50, 40, 35, 30, 25]",1,1.0,1
818,57336755d058e614000b5a3e,7,weighted,"[100, 70, 50, 40, 35, 30, 25]",1,1.0,1
819,57336755d058e614000b5a40,7,weighted,"[100, 70, 50, 40, 35, 30, 25]",0,0.0,1
820,57337ddc4776f41900660bbb,7,weighted,"[100, 70, 50, 40, 35, 30, 25]",0,0.6666666666666666,1
821,57337ddc4776f41900660bbc,7,weighted,"[100, 70, 50, 40, 35, 30, 25]",1,1.0,1
822,57337ddc4776f41900660bba,7,weighted,"[100, 70, 50, 40, 35, 30, 25]",1,1.0,1
823,57337ddc4776f41900660bbd,7,weighted,"[100, 70, 50, 40, 35, 30, 25]",0,0.0,1
824,57337ddc4776f41900660bbe,7,weighted,"[100, 70, 50, 40, 35, 30, 25]",0,0.25,1
825,57337ea24776f41900660bd0,7,weighted,"[100, 70, 50, 40, 35, 30, 25]",1,1.0,1
826,57337ea24776f41900660bd3,7,weighted,"[100, 70, 50, 40, 35, 30, 25]",0,0.0,1
827,57337ea24776f41900660bd2,7,weighted,"[100, 70, 50, 40, 35, 30, 25]",1,1.0,1
828,57337ea24776f41900660bd1,7,weighted,"[100, 70, 50, 40, 35, 30, 25]",0,0.0,1
829,57337ea24776f41900660bd4,7,weighted,"[100, 70, 50, 40, 35, 30, 25]",0,0.0,1
830,57339555d058e614000b5df4,7,weighted,"[100, 70, 50, 40, 35, 30, 25]",1,1.0,1
831,57339555d058e614000b5df5,7,weighted,"[100, 70, 50, 40, 35, 30, 25]",1,1.0,1
832,57339555d058e614000b5df6,7,weighted,"[100, 70, 50, 40, 35, 30, 25]",1,1.0,1
833,57339555d058e614000b5df3,7,weighted,"[100, 70, 50, 40, 35, 30, 25]",1,1.0,1
834,57339555d058e614000b5df7,7,weighted,"[100, 70, 50, 40, 35, 30, 25]",0,0.4444444444444445,1
835,57339902d058e614000b5e70,7,weighted,"[100, 70, 50, 40, 35, 30, 25]",1,1.0,1
836,57339902d058e614000b5e71,7,weighted,"[100, 70, 50, 40, 35, 30, 25]",1,1.0,1
837,57339902d058e614000b5e72,7,weighted,"[100, 70, 50, 40, 35, 30, 25]",0,0.0,1
838,57339902d058e614000b5e73,7,weighted,"[100, 70, 50, 40, 35, 30, 25]",1,1.0,1
839,57339902d058e614000b5e74,7,weighted,"[100, 70, 50, 40, 35, 30, 25]",0,0.0,1
840,573399b54776f41900660e64,7,weighted,"[100, 70, 50, 40, 35, 30, 25]",1,1.0,1
841,573399b54776f41900660e65,7,weighted,"[100, 70, 50, 40, 35, 30, 25]",0,0.5,1
842,573399b54776f41900660e66,7,weighted,"[100, 70, 50, 40, 35, 30, 25]",0,0.35294117647058826,1
843,573399b54776f41900660e67,7,weighted,"[100, 70, 50, 40, 35, 30, 25]",0,0.0,1
844,57339a554776f41900660e74,7,weighted,"[100, 70, 50, 40, 35, 30, 25]",1,1.0,1
845,57339a554776f41900660e75,7,weighted,"[100, 70, 50, 40, 35, 30, 25]",1,1.0,1
846,57339a554776f41900660e76,7,weighted,"[100, 70, 50, 40, 35, 30, 25]",1,1.0,1
847,57339a554776f41900660e77,7,weighted,"[100, 70, 50, 40, 35, 30, 25]",0,0.0,1
848,57339a554776f41900660e78,7,weighted,"[100, 70, 50, 40, 35, 30, 25]",0,0.0,1
849,57339ad74776f41900660e86,7,weighted,"[100, 70, 50, 40, 35, 30, 25]",1,1.0,1
850,57339ad74776f41900660e87,7,weighted,"[100, 70, 50, 40, 35, 30, 25]",0,0.25,0
851,57339ad74776f41900660e88,7,weighted,"[100, 70, 50, 40, 35, 30, 25]",1,1.0,1
852,57339ad74776f41900660e89,7,weighted,"[100, 70, 50, 40, 35, 30, 25]",0,0.0,1
853,57339ad74776f41900660e8a,7,weighted,"[100, 70, 50, 40, 35, 30, 25]",0,0.0,1
854,57339c16d058e614000b5ec5,7,weighted,"[100, 70, 50, 40, 35, 30, 25]",1,1.0,1
855,57339c16d058e614000b5ec6,7,weighted,"[100, 70, 50, 40, 35, 30, 25]",0,0.0,1
856,57339c16d058e614000b5ec7,7,weighted,"[100, 70, 50, 40, 35, 30, 25]",0,0.8571428571428571,1
857,57339c16d058e614000b5ec8,7,weighted,"[100, 70, 50, 40, 35, 30, 25]",1,1.0,1
858,57339c16d058e614000b5ec9,7,weighted,"[100, 70, 50, 40, 35, 30, 25]",1,1.0,1
859,57339dd94776f41900660ecc,7,weighted,"[100, 70, 50, 40, 35, 30, 25]",1,1.0,1
860,57339dd94776f41900660ecd,7,weighted,"[100, 70, 50, 40, 35, 30, 25]",1,1.0,1
861,57339dd94776f41900660ece,7,weighted,"[100, 70, 50, 40, 35, 30, 25]",1,1.0,1
862,57339dd94776f41900660ecf,7,weighted,"[100, 70, 50, 40, 35, 30, 25]",0,0.0909090909090909,1
863,57339dd94776f41900660ed0,7,weighted,"[100, 70, 50, 40, 35, 30, 25]",0,0.0,1
864,57339eb9d058e614000b5ef6,7,weighted,"[100, 70, 50, 40, 35, 30, 25]",1,1.0,1
865,57339eb9d058e614000b5ef7,7,weighted,"[100, 70, 50, 40, 35, 30, 25]",0,0.0,1
866,57339eb9d058e614000b5ef8,7,weighted,"[100, 70, 50, 40, 35, 30, 25]",1,1.0,1
867,57339eb9d058e614000b5ef9,7,weighted,"[100, 70, 50, 40, 35, 30, 25]",0,0.039999999999999994,1
868,57339eb9d058e614000b5efa,7,weighted,"[100, 70, 50, 40, 35, 30, 25]",0,0.0,1
869,5733a1854776f41900660f0a,7,weighted,"[100, 70, 50, 40, 35, 30, 25]",0,0.6,1
870,5733a1854776f41900660f0b,7,weighted,"[100, 70, 50, 40, 35, 30, 25]",1,1.0,1
871,5733a1854776f41900660f0c,7,weighted,"[100, 70, 50, 40, 35, 30, 25]",0,0.8,1
872,5733a1854776f41900660f0d,7,weighted,"[100, 70, 50, 40, 35, 30, 25]",1,1.0,1
873,5733a1854776f41900660f0e,7,weighted,"[100, 70, 50, 40, 35, 30, 25]",1,1.0,1
874,5733a2a9d058e614000b5f28,7,weighted,"[100, 70, 50, 40, 35, 30, 25]",1,1.0,1
875,5733a2a9d058e614000b5f29,7,weighted,"[100, 70, 50, 40, 35, 30, 25]",1,1.0,1
876,5733a2a9d058e614000b5f2a,7,weighted,"[100, 70, 50, 40, 35, 30, 25]",1,1.0,1
877,5733a2a9d058e614000b5f2b,7,weighted,"[100, 70, 50, 40, 35, 30, 25]",1,1.0,1
878,5733a2a9d058e614000b5f2c,7,weighted,"[100, 70, 50, 40, 35, 30, 25]",0,0.22222222222222224,1
879,5733a32bd058e614000b5f32,7,weighted,"[100, 70, 50, 40, 35, 30, 25]",1,1.0,1
880,5733a32bd058e614000b5f33,7,weighted,"[100, 70, 50, 40, 35, 30, 25]",1,1.0,1
881,5733a32bd058e614000b5f34,7,weighted,"[100, 70, 50, 40, 35, 30, 25]",1,1.0,1
882,5733a32bd058e614000b5f35,7,weighted,"[100, 70, 50, 40, 35, 30, 25]",1,1.0,1
883,5733a32bd058e614000b5f36,7,weighted,"[100, 70, 50, 40, 35, 30, 25]",0,0.8,1
884,5733a45d4776f41900660f23,7,weighted,"[100, 70, 50, 40, 35, 30, 25]",0,0.0,0
885,5733a45d4776f41900660f24,7,weighted,"[100, 70, 50, 40, 35, 30, 25]",1,1.0,1
886,5733a45d4776f41900660f25,7,weighted,"[100, 70, 50, 40, 35, 30, 25]",1,1.0,1
887,5733a45d4776f41900660f26,7,weighted,"[100, 70, 50, 40, 35, 30, 25]",1,1.0,1
888,5733a45d4776f41900660f27,7,weighted,"[100, 70, 50, 40, 35, 30, 25]",0,0.0,1
889,5733a560d058e614000b5f77,7,weighted,"[100, 70, 50, 40, 35, 30, 25]",1,1.0,1
890,5733a560d058e614000b5f78,7,weighted,"[100, 70, 50, 40, 35, 30, 25]",1,1.0,1
891,5733a560d058e614000b5f79,7,weighted,"[100, 70, 50, 40, 35, 30, 25]",1,1.0,1
892,5733a560d058e614000b5f7a,7,weighted,"[100, 70, 50, 40, 35, 30, 25]",0,0.0,1
893,5733a560d058e614000b5f7b,7,weighted,"[100, 70, 50, 40, 35, 30, 25]",0,0.0,1
894,5733a6ac4776f41900660f58,7,weighted,"[100, 70, 50, 40, 35, 30, 25]",1,1.0,1
895,5733a6ac4776f41900660f59,7,weighted,"[100, 70, 50, 40, 35, 30, 25]",1,1.0,1
896,5733a6ac4776f41900660f5a,7,weighted,"[100, 70, 50, 40, 35, 30, 25]",1,1.0,1
897,5733a6ac4776f41900660f5b,7,weighted,"[100, 70, 50, 40, 35, 30, 25]",0,0.6666666666666666,1
898,5733a6ac4776f41900660f5c,7,weighted,"[100, 70, 50, 40, 35, 30, 25]",0,0.0,1
899,573312fcd058e614000b56e6,7,weighted,"[100, 70, 50, 40, 35, 30, 25]",1,1.0,1
900,573312fcd058e614000b56e7,7,weighted,"[100, 70, 50, 40, 35, 30, 25]",1,1.0,1
901,573312fcd058e614000b56e8,7,weighted,"[100, 70, 50, 40, 35, 30, 25]",0,0.0,1
902,573312fcd058e614000b56e9,7,weighted,"[100, 70, 50, 40, 35, 30, 25]",0,0.044444444444444446,1
903,573312fcd058e614000b56ea,7,weighted,"[100, 70, 50, 40, 35, 30, 25]",0,0.0,1
904,5733140a4776f419006606e0,7,weighted,"[100, 70, 50, 40, 35, 30, 25]",1,1.0,1
905,5733140a4776f419006606e1,7,weighted,"[100, 70, 50, 40, 35, 30, 25]",1,1.0,1
906,5733140a4776f419006606e2,7,weighted,"[100, 70, 50, 40, 35, 30, 25]",0,0.0,1
907,5733140a4776f419006606e3,7,weighted,"[100, 70, 50, 40, 35, 30, 25]",0,0.0,1
908,5733140a4776f419006606e4,7,weighted,"[100, 70, 50, 40, 35, 30, 25]",0,0.0,1
909,573314e3d058e614000b56f0,7,weighted,"[100, 70, 50, 40, 35, 30, 25]",1,1.0,1
910,573314e3d058e614000b56f1,7,weighted,"[100, 70, 50, 40, 35, 30, 25]",0,0.25,0
911,573314e3d058e614000b56f2,7,weighted,"[100, 70, 50, 40, 35, 30, 25]",1,1.0,1
912,573314e3d058e614000b56f3,7,weighted,"[100, 70, 50, 40, 35, 30, 25]",0,0.0,1
913,573314e3d058e614000b56f4,7,weighted,"[100, 70, 50, 40, 35, 30, 25]",0,0.0,1
914,57332442d058e614000b5720,7,weighted,"[100, 70, 50, 40, 35, 30, 25]",1,1.0,1
915,57332442d058e614000b5721,7,weighted,"[100, 70, 50, 40, 35, 30, 25]",1,1.0,1
916,57332442d058e614000b5722,7,weighted,"[100, 70, 50, 40, 35, 30, 25]",0,0.14285714285714285,1
917,57332442d058e614000b5723,7,weighted,"[100, 70, 50, 40, 35, 30, 25]",0,0.0,1
918,57332442d058e614000b5724,7,weighted,"[100, 70, 50, 40, 35, 30, 25]",0,0.0,1
919,57332562d058e614000b5730,7,weighted,"[100, 70, 50, 40, 35, 30, 25]",1,1.0,1
920,57332562d058e614000b5731,7,weighted,"[100, 70, 50, 40, 35, 30, 25]",1,1.0,1
921,57332562d058e614000b5732,7,weighted,"[100, 70, 50, 40, 35, 30, 25]",0,0.0,1
922,57332562d058e614000b5733,7,weighted,"[100, 70, 50, 40, 35, 30, 25]",0,0.0,1
923,57332562d058e614000b5734,7,weighted,"[100, 70, 50, 40, 35, 30, 25]",0,0.0,1
924,5733266d4776f41900660712,7,weighted,"[100, 70, 50, 40, 35, 30, 25]",1,1.0,1
925,5733266d4776f41900660713,7,weighted,"[100, 70, 50, 40, 35, 30, 25]",1,1.0,1
926,5733266d4776f41900660714,7,weighted,"[100, 70, 50, 40, 35, 30, 25]",1,1.0,1
927,5733266d4776f41900660715,7,weighted,"[100, 70, 50, 40, 35, 30, 25]",0,0.5555555555555556,1
928,5733266d4776f41900660716,7,weighted,"[100, 70, 50, 40, 35, 30, 25]",0,0.0,1
929,57332a734776f41900660726,7,weighted,"[100, 70, 50, 40, 35, 30, 25]",0,0.6666666666666666,1
930,57332a734776f41900660727,7,weighted,"[100, 70, 50, 40, 35, 30, 25]",1,1.0,1
931,57332a734776f41900660728,7,weighted,"[100, 70, 50, 40, 35, 30, 25]",1,1.0,1
932,57332a734776f41900660729,7,weighted,"[100, 70, 50, 40, 35, 30, 25]",0,0.2857142857142857,1
933,57332a734776f4190066072a,7,weighted,"[100, 70, 50, 40, 35, 30, 25]",1,1.0,1
934,57332b66d058e614000b5758,7,weighted,"[100, 70, 50, 40, 35, 30, 25]",1,1.0,1
935,57332b66d058e614000b5759,7,weighted,"[100, 70, 50, 40, 35, 30, 25]",1,1.0,1
936,57332b66d058e614000b575a,7,weighted,"[100, 70, 50, 40, 35, 30, 25]",1,1.0,1
937,57332b66d058e614000b575b,7,weighted,"[100, 70, 50, 40, 35, 30, 25]",1,1.0,1
938,57332b66d058e614000b575c,7,weighted,"[100, 70, 50, 40, 35, 30, 25]",1,1.0,1
939,57332c1e4776f4190066073a,7,weighted,"[100, 70, 50, 40, 35, 30, 25]",0,0.0,0
940,57332c1e4776f4190066073b,7,weighted,"[100, 70, 50, 40, 35, 30, 25]",0,0.0,1
941,57332c1e4776f4190066073c,7,weighted,"[100, 70, 50, 40, 35, 30, 25]",0,0.0,1
942,57332c1e4776f4190066073d,7,weighted,"[100, 70, 50, 40, 35, 30, 25]",0,0.0,1
943,57332c1e4776f4190066073e,7,weighted,"[100, 70, 50, 40, 35, 30, 25]",0,0.0,1
944,57332e48d058e614000b5762,7,weighted,"[100, 70, 50, 40, 35, 30, 25]",1,1.0,1
945,57332e48d058e614000b5763,7,weighted,"[100, 70, 50, 40, 35, 30, 25]",1,1.0,1
946,57332e48d058e614000b5764,7,weighted,"[100, 70, 50, 40, 35, 30, 25]",0,0.3333333333333333,1
947,57332e48d058e614000b5765,7,weighted,"[100, 70, 50, 40, 35, 30, 25]",0,0.0,1
948,57332e48d058e614000b5766,7,weighted,"[100, 70, 50, 40, 35, 30, 25]",0,0.0,1
949,57332f81d058e614000b5776,7,weighted,"[100, 70, 50, 40, 35, 30, 25]",0,0.8571428571428571,1
950,57332f81d058e614000b5777,7,weighted,"[100, 70, 50, 40, 35, 30, 25]",0,0.5,1
951,57332f81d058e614000b5778,7,weighted,"[100, 70, 50, 40, 35, 30, 25]",0,0.0,1
952,57332f81d058e614000b5779,7,weighted,"[100, 70, 50, 40, 35, 30, 25]",1,1.0,1
953,57332f81d058e614000b577a,7,weighted,"[100, 70, 50, 40, 35, 30, 25]",0,0.22222222222222224,1
954,573330444776f41900660758,7,weighted,"[100, 70, 50, 40, 35, 30, 25]",1,1.0,1
955,573330444776f41900660759,7,weighted,"[100, 70, 50, 40, 35, 30, 25]",1,1.0,1
956,573330444776f4190066075a,7,weighted,"[100, 70, 50, 40, 35, 30, 25]",1,1.0,1
957,573330444776f4190066075b,7,weighted,"[100, 70, 50, 40, 35, 30, 25]",1,1.0,1
958,573330444776f4190066075c,7,weighted,"[100, 70, 50, 40, 35, 30, 25]",0,0.0,1
959,5733314e4776f4190066076a,7,weighted,"[100, 70, 50, 40, 35, 30, 25]",1,1.0,1
960,5733314e4776f4190066076b,7,weighted,"[100, 70, 50, 40, 35, 30, 25]",1,1.0,1
961,5733314e4776f4190066076c,7,weighted,"[100, 70, 50, 40, 35, 30, 25]",1,1.0,1
962,5733314e4776f4190066076d,7,weighted,"[100, 70, 50, 40, 35, 30, 25]",0,0.22222222222222224,1
963,5733314e4776f4190066076e,7,weighted,"[100, 70, 50, 40, 35, 30, 25]",0,0.1818181818181818,1
964,57335c20d058e614000b58f9,7,weighted,"[100, 70, 50, 40, 35, 30, 25]",1,1.0,1
965,57335c20d058e614000b58fa,7,weighted,"[100, 70, 50, 40, 35, 30, 25]",0,0.0,1
966,57335c20d058e614000b58fc,7,weighted,"[100, 70, 50, 40, 35, 30, 25]",0,0.6666666666666666,1
967,57335c20d058e614000b58fb,7,weighted,"[100, 70, 50, 40, 35, 30, 25]",1,1.0,1
968,57335c20d058e614000b58fd,7,weighted,"[100, 70, 50, 40, 35, 30, 25]",0,0.0,1
969,57335ddbd058e614000b592f,7,weighted,"[100, 70, 50, 40, 35, 30, 25]",0,0.5,1
970,57335ddbd058e614000b5930,7,weighted,"[100, 70, 50, 40, 35, 30, 25]",0,0.5,1
971,57335ddbd058e614000b5931,7,weighted,"[100, 70, 50, 40, 35, 30, 25]",0,0.5,1
972,57335ddbd058e614000b5932,7,weighted,"[100, 70, 50, 40, 35, 30, 25]",0,0.0,1
973,57335ddbd058e614000b5933,7,weighted,"[100, 70, 50, 40, 35, 30, 25]",0,0.0,1
974,57335fcad058e614000b5970,7,weighted,"[100, 70, 50, 40, 35, 30, 25]",1,1.0,1
975,57335fcad058e614000b5971,7,weighted,"[100, 70, 50, 40, 35, 30, 25]",1,1.0,1
976,57335fcad058e614000b5972,7,weighted,"[100, 70, 50, 40, 35, 30, 25]",0,0.0,0
977,57335fcad058e614000b5973,7,weighted,"[100, 70, 50, 40, 35, 30, 25]",0,0.0,1
978,57335fcad058e614000b5974,7,weighted,"[100, 70, 50, 40, 35, 30, 25]",0,0.0,1
979,573361404776f4190066093c,7,weighted,"[100, 70, 50, 40, 35, 30, 25]",1,1.0,1
980,573361404776f4190066093d,7,weighted,"[100, 70, 50, 40, 35, 30, 25]",1,1.0,1
981,573361404776f4190066093e,7,weighted,"[100, 70, 50, 40, 35, 30, 25]",0,0.8,1
982,573361404776f4190066093f,7,weighted,"[100, 70, 50, 40, 35, 30, 25]",0,0.0,1
983,573361404776f41900660940,7,weighted,"[100, 70, 50, 40, 35, 30, 25]",0,0.0,1
984,573362b94776f41900660974,7,weighted,"[100, 70, 50, 40, 35, 30, 25]",1,1.0,1
985,573362b94776f41900660975,7,weighted,"[100, 70, 50, 40, 35, 30, 25]",1,1.0,1
986,573362b94776f41900660976,7,weighted,"[100, 70, 50, 40, 35, 30, 25]",0,0.6666666666666666,1
987,573362b94776f41900660977,7,weighted,"[100, 70, 50, 40, 35, 30, 25]",0,0.0,1
988,573362b94776f41900660978,7,weighted,"[100, 70, 50, 40, 35, 30, 25]",0,0.0,1
989,5733638fd058e614000b59e8,7,weighted,"[100, 70, 50, 40, 35, 30, 25]",1,1.0,1
990,5733638fd058e614000b59e9,7,weighted,"[100, 70, 50, 40, 35, 30, 25]",0,0.6086956521739131,1
991,5733638fd058e614000b59ea,7,weighted,"[100, 70, 50, 40, 35, 30, 25]",1,1.0,1
992,5733638fd058e614000b59eb,7,weighted,"[100, 70, 50, 40, 35, 30, 25]",1,1.0,1
993,5733638fd058e614000b59ec,7,weighted,"[100, 70, 50, 40, 35, 30, 25]",0,0.0,1
994,5733647e4776f419006609ae,7,weighted,"[100, 70, 50, 40, 35, 30, 25]",0,0.0,1
995,5733647e4776f419006609af,7,weighted,"[100, 70, 50, 40, 35, 30, 25]",1,1.0,1
996,5733647e4776f419006609b0,7,weighted,"[100, 70, 50, 40, 35, 30, 25]",1,1.0,1
997,5733647e4776f419006609b1,7,weighted,"[100, 70, 50, 40, 35, 30, 25]",0,0.13333333333333333,1
998,5733647e4776f419006609b2,7,weighted,"[100, 70, 50, 40, 35, 30, 25]",0,0.4,1
999,573368044776f41900660a29,7,weighted,"[100, 70, 50, 40, 35, 30, 25]",1,1.0,1
0,56be4db0acb8001400a502ec,7,top_heavy,"[140, 70, 45, 35, 25, 20, 15]",1,1.0,1
1,56be4db0acb8001400a502ed,7,top_heavy,"[140, 70, 45, 35, 25, 20, 15]",0,0.0,1
2,56be4db0acb8001400a502ee,7,top_heavy,"[140, 70, 45, 35, 25, 20, 15]",0,0.0,1
3,56be4db0acb8001400a502ef,7,top_heavy,"[140, 70, 45, 35, 25, 20, 15]",1,1.0,1
4,56be4db0acb8001400a502f0,7,top_heavy,"[140, 70, 45, 35, 25, 20, 15]",0,0.0,1
5,56be8e613aeaaa14008c90d1,7,top_heavy,"[140, 70, 45, 35, 25, 20, 15]",0,0.0,1
6,56be8e613aeaaa14008c90d2,7,top_heavy,"[140, 70, 45, 35, 25, 20, 15]",1,1.0,1
7,56be8e613aeaaa14008c90d3,7,top_heavy,"[140, 70, 45, 35, 25, 20, 15]",1,1.0,1
8,56bea9923aeaaa14008c91b9,7,top_heavy,"[140, 70, 45, 35, 25, 20, 15]",0,0.0,1
9,56bea9923aeaaa14008c91ba,7,top_heavy,"[140, 70, 45, 35, 25, 20, 15]",0,0.0,0
10,56bea9923aeaaa14008c91bb,7,top_heavy,"[140, 70, 45, 35, 25, 20, 15]",0,0.6666666666666666,1
11,56beace93aeaaa14008c91df,7,top_heavy,"[140, 70, 45, 35, 25, 20, 15]",0,0.6666666666666666,1
12,56beace93aeaaa14008c91e0,7,top_heavy,"[140, 70, 45, 35, 25, 20, 15]",1,1.0,1
13,56beace93aeaaa14008c91e1,7,top_heavy,"[140, 70, 45, 35, 25, 20, 15]",0,0.0,1
14,56beace93aeaaa14008c91e2,7,top_heavy,"[140, 70, 45, 35, 25, 20, 15]",1,1.0,1
15,56beace93aeaaa14008c91e3,7,top_heavy,"[140, 70, 45, 35, 25, 20, 15]",1,1.0,1
16,56bf10f43aeaaa14008c94fd,7,top_heavy,"[140, 70, 45, 35, 25, 20, 15]",1,1.0,1
17,56bf10f43aeaaa14008c94fe,7,top_heavy,"[140, 70, 45, 35, 25, 20, 15]",0,0.0,1
18,56bf10f43aeaaa14008c94ff,7,top_heavy,"[140, 70, 45, 35, 25, 20, 15]",1,1.0,1
19,56bf10f43aeaaa14008c9500,7,top_heavy,"[140, 70, 45, 35, 25, 20, 15]",0,0.0,1
20,56bf10f43aeaaa14008c9501,7,top_heavy,"[140, 70, 45, 35, 25, 20, 15]",0,0.5,0
21,56d20362e7d4791d009025e8,7,top_heavy,"[140, 70, 45, 35, 25, 20, 15]",1,1.0,1
22,56d20362e7d4791d009025e9,7,top_heavy,"[140, 70, 45, 35, 25, 20, 15]",0,0.16,1
23,56d20362e7d4791d009025ea,7,top_heavy,"[140, 70, 45, 35, 25, 20, 15]",0,0.0,1
24,56d20362e7d4791d009025eb,7,top_heavy,"[140, 70, 45, 35, 25, 20, 15]",0,0.6666666666666666,1
25,56d600e31c85041400946eae,7,top_heavy,"[140, 70, 45, 35, 25, 20, 15]",1,1.0,1
26,56d600e31c85041400946eb0,7,top_heavy,"[140, 70, 45, 35, 25, 20, 15]",0,0.6666666666666666,1
27,56d600e31c85041400946eb1,7,top_heavy,"[140, 70, 45, 35, 25, 20, 15]",0,0.0,1
28,56d9895ddc89441400fdb50e,7,top_heavy,"[140, 70, 45, 35, 25, 20, 15]",0,0.0,1
29,56d9895ddc89441400fdb510,7,top_heavy,"[140, 70, 45, 35, 25, 20, 15]",0,0.0,1
30,56be4e1facb8001400a502f6,7,top_heavy,"[140, 70, 45, 35, 25, 20, 15]",1,1.0,1
31,56be4e1facb8001400a502f9,7,top_heavy,"[140, 70, 45, 35, 25, 20, 15]",1,1.0,1
32,56be4e1facb8001400a502fa,7,top_heavy,"[140, 70, 45, 35, 25, 20, 15]",0,0.0,1
33,56beaa4a3aeaaa14008c91c2,7,top_heavy,"[140, 70, 45, 35, 25, 20, 15]",0,0.0,0
34,56beaa4a3aeaaa14008c91c3,7,top_heavy,"[140, 70, 45, 35, 25, 20, 15]",0,0.0,1
35,56bead5a3aeaaa14008c91e9,7,top_heavy,"[140, 70, 45, 35, 25, 20, 15]",1,1.0,1
36,56bead5a3aeaaa14008c91ea,7,top_heavy,"[140, 70, 45, 35, 25, 20, 15]",1,1.0,1
37,56bead5a3aeaaa14008c91eb,7,top_heavy,"[140, 70, 45, 35, 25, 20, 15]",0,0.0,0
38,56bead5a3aeaaa14008c91ec,7,top_heavy,"[140, 70, 45, 35, 25, 20, 15]",0,0.0,1
39,56bead5a3aeaaa14008c91ed,7,top_heavy,"[140, 70, 45, 35, 25, 20, 15]",1,1.0,1
40,56bf159b3aeaaa14008c9507,7,top_heavy,"[140, 70, 45, 35, 25, 20, 15]",1,1.0,1
41,56bf159b3aeaaa14008c9508,7,top_heavy,"[140, 70, 45, 35, 25, 20, 15]",0,0.0,0
42,56bf159b3aeaaa14008c9509,7,top_heavy,"[140, 70, 45, 35, 25, 20, 15]",0,0.0,1
43,56bf159b3aeaaa14008c950a,7,top_heavy,"[140, 70, 45, 35, 25, 20, 15]",1,1.0,1
44,56bf159b3aeaaa14008c950b,7,top_heavy,"[140, 70, 45, 35, 25, 20, 15]",0,0.0,1
45,56d2045de7d4791d009025f3,7,top_heavy,"[140, 70, 45, 35, 25, 20, 15]",1,1.0,1
46,56d2045de7d4791d009025f4,7,top_heavy,"[140, 70, 45, 35, 25, 20, 15]",1,1.0,1
47,56d2045de7d4791d009025f5,7,top_heavy,"[140, 70, 45, 35, 25, 20, 15]",0,0.0,1
48,56d2045de7d4791d009025f6,7,top_heavy,"[140, 70, 45, 35, 25, 20, 15]",1,1.0,1
49,56d6017d1c85041400946ebe,7,top_heavy,"[140, 70, 45, 35, 25, 20, 15]",1,1.0,1
50,56d6017d1c85041400946ec1,7,top_heavy,"[140, 70, 45, 35, 25, 20, 15]",0,0.0,1
51,56d6017d1c85041400946ec2,7,top_heavy,"[140, 70, 45, 35, 25, 20, 15]",1,1.0,1
52,56d98a59dc89441400fdb52a,7,top_heavy,"[140, 70, 45, 35, 25, 20, 15]",1,1.0,1
53,56d98a59dc89441400fdb52b,7,top_heavy,"[140, 70, 45, 35, 25, 20, 15]",0,0.0,1
54,56d98a59dc89441400fdb52e,7,top_heavy,"[140, 70, 45, 35, 25, 20, 15]",0,0.0,0
55,56be4eafacb8001400a50302,7,top_heavy,"[140, 70, 45, 35, 25, 20, 15]",1,1.0,1
56,56be4eafacb8001400a50303,7,top_heavy,"[140, 70, 45, 35, 25, 20, 15]",1,1.0,1
57,56be4eafacb8001400a50304,7,top_heavy,"[140, 70, 45, 35, 25, 20, 15]",1,1.0,0
58,56beab833aeaaa14008c91d2,7,top_heavy,"[140, 70, 45, 35, 25, 20, 15]",1,1.0,1
59,56beab833aeaaa14008c91d3,7,top_heavy,"[140, 70, 45, 35, 25, 20, 15]",0,0.0,1
60,56beab833aeaaa14008c91d4,7,top_heavy,"[140, 70, 45, 35, 25, 20, 15]",1,1.0,1
61,56beae423aeaaa14008c91f4,7,top_heavy,"[140, 70, 45, 35, 25, 20, 15]",1,1.0,1
62,56beae423aeaaa14008c91f5,7,top_heavy,"[140, 70, 45, 35, 25, 20, 15]",0,0.6666666666666666,1
63,56beae423aeaaa14008c91f6,7,top_heavy,"[140, 70, 45, 35, 25, 20, 15]",0,0.0,1
64,56beae423aeaaa14008c91f7,7,top_heavy,"[140, 70, 45, 35, 25, 20, 15]",0,0.0,1
65,56bf17653aeaaa14008c9511,7,top_heavy,"[140, 70, 45, 35, 25, 20, 15]",0,0.0,1
66,56bf17653aeaaa14008c9513,7,top_heavy,"[140, 70, 45, 35, 25, 20, 15]",1,1.0,1
67,56bf17653aeaaa14008c9514,7,top_heavy,"[140, 70, 45, 35, 25, 20, 15]",1,1.0,1
68,56bf17653aeaaa14008c9515,7,top_heavy,"[140, 70, 45, 35, 25, 20, 15]",1,1.0,1
69,56d204ade7d4791d00902603,7,top_heavy,"[140, 70, 45, 35, 25, 20, 15]",1,1.0,1
70,56d204ade7d4791d00902604,7,top_heavy,"[140, 70, 45, 35, 25, 20, 15]",1,1.0,1
71,56d601e41c85041400946ece,7,top_heavy,"[140, 70, 45, 35, 25, 20, 15]",1,1.0,1
72,56d601e41c85041400946ecf,7,top_heavy,"[140, 70, 45, 35, 25, 20, 15]",1,1.0,1
73,56d601e41c85041400946ed0,7,top_heavy,"[140, 70, 45, 35, 25, 20, 15]",1,1.0,1
74,56d601e41c85041400946ed1,7,top_heavy,"[140, 70, 45, 35, 25, 20, 15]",0,0.0,0
75,56d601e41c85041400946ed2,7,top_heavy,"[140, 70, 45, 35, 25, 20, 15]",1,1.0,1
76,56d98b33dc89441400fdb53b,7,top_heavy,"[140, 70, 45, 35, 25, 20, 15]",0,0.0,1
77,56d98b33dc89441400fdb53c,7,top_heavy,"[140, 70, 45, 35, 25, 20, 15]",1,1.0,1
78,56d98b33dc89441400fdb53d,7,top_heavy,"[140, 70, 45, 35, 25, 20, 15]",0,0.0,1
79,56d98b33dc89441400fdb53e,7,top_heavy,"[140, 70, 45, 35, 25, 20, 15]",1,1.0,1
80,56be5333acb8001400a5030a,7,top_heavy,"[140, 70, 45, 35, 25, 20, 15]",1,1.0,1
81,56be5333acb8001400a5030b,7,top_heavy,"[140, 70, 45, 35, 25, 20, 15]",1,1.0,1
82,56be5333acb8001400a5030c,7,top_heavy,"[140, 70, 45, 35, 25, 20, 15]",1,1.0,1
83,56be5333acb8001400a5030d,7,top_heavy,"[140, 70, 45, 35, 25, 20, 15]",1,1.0,1
84,56be5333acb8001400a5030e,7,top_heavy,"[140, 70, 45, 35, 25, 20, 15]",1,1.0,1
85,56beaf5e3aeaaa14008c91fd,7,top_heavy,"[140, 70, 45, 35, 25, 20, 15]",1,1.0,1
86,56beaf5e3aeaaa14008c91fe,7,top_heavy,"[140, 70, 45, 35, 25, 20, 15]",1,1.0,1
87,56beaf5e3aeaaa14008c91ff,7,top_heavy,"[140, 70, 45, 35, 25, 20, 15]",0,0.0,1
88,56beaf5e3aeaaa14008c9200,7,top_heavy,"[140, 70, 45, 35, 25, 20, 15]",1,1.0,1
89,56beaf5e3aeaaa14008c9201,7,top_heavy,"[140, 70, 45, 35, 25, 20, 15]",0,0.0,1
90,56bf1ae93aeaaa14008c951b,7,top_heavy,"[140, 70, 45, 35, 25, 20, 15]",1,1.0,1
91,56bf1ae93aeaaa14008c951c,7,top_heavy,"[140, 70, 45, 35, 25, 20, 15]",1,1.0,1
92,56bf1ae93aeaaa14008c951e,7,top_heavy,"[140, 70, 45, 35, 25, 20, 15]",0,0.0,1
93,56bf1ae93aeaaa14008c951f,7,top_heavy,"[140, 70, 45, 35, 25, 20, 15]",0,0.0,1
94,56d2051ce7d4791d00902608,7,top_heavy,"[140, 70, 45, 35, 25, 20, 15]",1,1.0,1
95,56d2051ce7d4791d00902609,7,top_heavy,"[140, 70, 45, 35, 25, 20, 15]",0,0.0,0
96,56d2051ce7d4791d0090260a,7,top_heavy,"[140, 70, 45, 35, 25, 20, 15]",1,1.0,1
97,56d2051ce7d4791d0090260b,7,top_heavy,"[140, 70, 45, 35, 25, 20, 15]",1,1.0,1
98,56d602631c85041400946ed8,7,top_heavy,"[140, 70, 45, 35, 25, 20, 15]",1,1.0,1
99,56d602631c85041400946eda,7,top_heavy,"[140, 70, 45, 35, 25, 20, 15]",0,0.4,1
100,56d602631c85041400946edb,7,top_heavy,"[140, 70, 45, 35, 25, 20, 15]",1,1.0,1
101,56d602631c85041400946edc,7,top_heavy,"[140, 70, 45, 35, 25, 20, 15]",1,1.0,1
102,56d98c53dc89441400fdb544,7,top_heavy,"[140, 70, 45, 35, 25, 20, 15]",0,0.0,0
103,56d98c53dc89441400fdb545,7,top_heavy,"[140, 70, 45, 35, 25, 20, 15]",0,0.0,1
104,56d98c53dc89441400fdb546,7,top_heavy,"[140, 70, 45, 35, 25, 20, 15]",1,1.0,1
105,56d98c53dc89441400fdb548,7,top_heavy,"[140, 70, 45, 35, 25, 20, 15]",1,1.0,1
106,56be53b8acb8001400a50314,7,top_heavy,"[140, 70, 45, 35, 25, 20, 15]",1,1.0,1
107,56be53b8acb8001400a50315,7,top_heavy,"[140, 70, 45, 35, 25, 20, 15]",0,0.6666666666666666,1
108,56be53b8acb8001400a50316,7,top_heavy,"[140, 70, 45, 35, 25, 20, 15]",1,1.0,1
109,56beafca3aeaaa14008c9207,7,top_heavy,"[140, 70, 45, 35, 25, 20, 15]",1,1.0,1
110,56beafca3aeaaa14008c9208,7,top_heavy,"[140, 70, 45, 35, 25, 20, 15]",0,0.0,0
111,56bf42f53aeaaa14008c95a3,7,top_heavy,"[140, 70, 45, 35, 25, 20, 15]",1,1.0,1
112,56d2053ae7d4791d00902610,7,top_heavy,"[140, 70, 45, 35, 25, 20, 15]",1,1.0,1
113,56d6edd00d65d21400198250,7,top_heavy,"[140, 70, 45, 35, 25, 20, 15]",1,1.0,1
114,56d6edd00d65d21400198251,7,top_heavy,"[140, 70, 45, 35, 25, 20, 15]",1,1.0,1
115,56d98d0adc89441400fdb54e,7,top_heavy,"[140, 70, 45, 35, 25, 20, 15]",1,1.0,1
116,56d98d0adc89441400fdb54f,7,top_heavy,"[140, 70, 45, 35, 25, 20, 15]",1,1.0,1
117,56be5438acb8001400a5031a,7,top_heavy,"[140, 70, 45, 35, 25, 20, 15]",0,0.0,0
118,56be5438acb8001400a5031b,7,top_heavy,"[140, 70, 45, 35, 25, 20, 15]",0,0.4,0
119,56be5438acb8001400a5031c,7,top_heavy,"[140, 70, 45, 35, 25, 20, 15]",0,0.4444444444444444,0
120,56beb03c3aeaaa14008c920b,7,top_heavy,"[140, 70, 45, 35, 25, 20, 15]",1,1.0,0
121,56beb03c3aeaaa14008c920d,7,top_heavy,"[140, 70, 45, 35, 25, 20, 15]",0,0.0,1
122,56bf3c633aeaaa14008c9580,7,top_heavy,"[140, 70, 45, 35, 25, 20, 15]",1,1.0,0
123,56bf3c633aeaaa14008c9581,7,top_heavy,"[140, 70, 45, 35, 25, 20, 15]",0,0.0,0
124,56bf3c633aeaaa14008c9582,7,top_heavy,"[140, 70, 45, 35, 25, 20, 15]",1,1.0,0
125,56d20564e7d4791d00902612,7,top_heavy,"[140, 70, 45, 35, 25, 20, 15]",0,0.1,0
126,56d6ee6e0d65d21400198254,7,top_heavy,"[140, 70, 45, 35, 25, 20, 15]",0,0.0,0
127,56d6ee6e0d65d21400198255,7,top_heavy,"[140, 70, 45, 35, 25, 20, 15]",1,1.0,1
128,56d6ee6e0d65d21400198256,7,top_heavy,"[140, 70, 45, 35, 25, 20, 15]",1,1.0,1
129,56d6ee6e0d65d21400198257,7,top_heavy,"[140, 70, 45, 35, 25, 20, 15]",0,0.0,0
130,56d6ee6e0d65d21400198258,7,top_heavy,"[140, 70, 45, 35, 25, 20, 15]",1,1.0,1
131,56d98db6dc89441400fdb552,7,top_heavy,"[140, 70, 45, 35, 25, 20, 15]",0,0.4,0
132,56d98db6dc89441400fdb553,7,top_heavy,"[140, 70, 45, 35, 25, 20, 15]",0,0.0,0
133,56d98db6dc89441400fdb554,7,top_heavy,"[140, 70, 45, 35, 25, 20, 15]",1,1.0,0
134,56be54bdacb8001400a50322,7,top_heavy,"[140, 70, 45, 35, 25, 20, 15]",1,1.0,1
135,56be54bdacb8001400a50323,7,top_heavy,"[140, 70, 45, 35, 25, 20, 15]",1,1.0,1
136,56be54bdacb8001400a50324,7,top_heavy,"[140, 70, 45, 35, 25, 20, 15]",1,1.0,1
137,56be54bdacb8001400a50325,7,top_heavy,"[140, 70, 45, 35, 25, 20, 15]",1,1.0,1
138,56be54bdacb8001400a50326,7,top_heavy,"[140, 70, 45, 35, 25, 20, 15]",1,1.0,1
139,56beb0f43aeaaa14008c921b,7,top_heavy,"[140, 70, 45, 35, 25, 20, 15]",1,1.0,1
140,56beb0f43aeaaa14008c921c,7,top_heavy,"[140, 70, 45, 35, 25, 20, 15]",1,1.0,1
141,56beb0f43aeaaa14008c921d,7,top_heavy,"[140, 70, 45, 35, 25, 20, 15]",0,0.4,1
142,56beb0f43aeaaa14008c921e,7,top_heavy,"[140, 70, 45, 35, 25, 20, 15]",1,1.0,1
143,56beb0f43aeaaa14008c921f,7,top_heavy,"[140, 70, 45, 35, 25, 20, 15]",0,0.0,1
144,56bf21b43aeaaa14008c9525,7,top_heavy,"[140, 70, 45, 35, 25, 20, 15]",1,1.0,1
145,56bf21b43aeaaa14008c9526,7,top_heavy,"[140, 70, 45, 35, 25, 20, 15]",1,1.0,1
146,56bf21b43aeaaa14008c9528,7,top_heavy,"[140, 70, 45, 35, 25, 20, 15]",0,0.0,1
147,56bf21b43aeaaa14008c9529,7,top_heavy,"[140, 70, 45, 35, 25, 20, 15]",0,0.0,1
148,56d6ef6a0d65d21400198260,7,top_heavy,"[140, 70, 45, 35, 25, 20, 15]",1,1.0,1
149,56d6ef6a0d65d21400198262,7,top_heavy,"[140, 70, 45, 35, 25, 20, 15]",0,0.0,1
150,56d98f0ddc89441400fdb558,7,top_heavy,"[140, 70, 45, 35, 25, 20, 15]",1,1.0,1
151,56d98f0ddc89441400fdb559,7,top_heavy,"[140, 70, 45, 35, 25, 20, 15]",1,1.0,1
152,56d98f0ddc89441400fdb55a,7,top_heavy,"[140, 70, 45, 35, 25, 20, 15]",0,0.0,1
153,56d98f0ddc89441400fdb55b,7,top_heavy,"[140, 70, 45, 35, 25, 20, 15]",1,1.0,1
154,56d98f0ddc89441400fdb55c,7,top_heavy,"[140, 70, 45, 35, 25, 20, 15]",0,0.6666666666666666,1
155,56be5523acb8001400a5032c,7,top_heavy,"[140, 70, 45, 35, 25, 20, 15]",1,1.0,1
156,56be5523acb8001400a5032d,7,top_heavy,"[140, 70, 45, 35, 25, 20, 15]",0,0.0,0
157,56be5523acb8001400a5032e,7,top_heavy,"[140, 70, 45, 35, 25, 20, 15]",1,1.0,1
158,56be5523acb8001400a5032f,7,top_heavy,"[140, 70, 45, 35, 25, 20, 15]",1,1.0,1
159,56be5523acb8001400a50330,7,top_heavy,"[140, 70, 45, 35, 25, 20, 15]",0,0.3333333333333333,1
160,56beb2153aeaaa14008c9225,7,top_heavy,"[140, 70, 45, 35, 25, 20, 15]",1,1.0,1
161,56beb2153aeaaa14008c9226,7,top_heavy,"[140, 70, 45, 35, 25, 20, 15]",0,0.0,1
162,56beb2153aeaaa14008c9227,7,top_heavy,"[140, 70, 45, 35, 25, 20, 15]",1,1.0,1
163,56beb2153aeaaa14008c9228,7,top_heavy,"[140, 70, 45, 35, 25, 20, 15]",0,0.6666666666666666,1
164,56beb2153aeaaa14008c9229,7,top_heavy,"[140, 70, 45, 35, 25, 20, 15]",0,0.5,1
165,56bf23363aeaaa14008c952f,7,top_heavy,"[140, 70, 45, 35, 25, 20, 15]",0,0.0,1
166,56bf23363aeaaa14008c9530,7,top_heavy,"[140, 70, 45, 35, 25, 20, 15]",1,1.0,1
167,56bf23363aeaaa14008c9531,7,top_heavy,"[140, 70, 45, 35, 25, 20, 15]",1,1.0,1
168,56bf23363aeaaa14008c9532,7,top_heavy,"[140, 70, 45, 35, 25, 20, 15]",1,1.0,1
169,56bf23363aeaaa14008c9533,7,top_heavy,"[140, 70, 45, 35, 25, 20, 15]",1,1.0,1
170,56d6f0770d65d21400198268,7,top_heavy,"[140, 70, 45, 35, 25, 20, 15]",1,1.0,1
171,56d6f0770d65d21400198269,7,top_heavy,"[140, 70, 45, 35, 25, 20, 15]",1,1.0,1
172,56d6f0770d65d2140019826a,7,top_heavy,"[140, 70, 45, 35, 25, 20, 15]",0,0.0,1
173,56d6f0770d65d2140019826c,7,top_heavy,"[140, 70, 45, 35, 25, 20, 15]",0,0.0,1
174,56d98fbfdc89441400fdb562,7,top_heavy,"[140, 70, 45, 35, 25, 20, 15]",0,0.0,1
175,56d98fbfdc89441400fdb563,7,top_heavy,"[140, 70, 45, 35, 25, 20, 15]",1,1.0,1
176,56d98fbfdc89441400fdb564,7,top_heavy,"[140, 70, 45, 35, 25, 20, 15]",1,1.0,1
177,56d98fbfdc89441400fdb565,7,top_heavy,"[140, 70, 45, 35, 25, 20, 15]",0,0.0,1
178,56be572b3aeaaa14008c9052,7,top_heavy,"[140, 70, 45, 35, 25, 20, 15]",0,0.0,1
179,56beb2a03aeaaa14008c922f,7,top_heavy,"[140, 70, 45, 35, 25, 20, 15]",0,0.0,1
180,56beb2a03aeaaa14008c9230,7,top_heavy,"[140, 70, 45, 35, 25, 20, 15]",0,0.0,1
181,56beb2a03aeaaa14008c9231,7,top_heavy,"[140, 70, 45, 35, 25, 20, 15]",0,0.0,1
182,56beb2a03aeaaa14008c9232,7,top_heavy,"[140, 70, 45, 35, 25, 20, 15]",0,0.6666666666666666,1
183,56beb2a03aeaaa14008c9233,7,top_heavy,"[140, 70, 45, 35, 25, 20, 15]",0,0.0,1
184,56bf28c73aeaaa14008c9539,7,top_heavy,"[140, 70, 45, 35, 25, 20, 15]",0,0.0,1
185,56bf28c73aeaaa14008c953a,7,top_heavy,"[140, 70, 45, 35, 25, 20, 15]",0,0.0,1
186,56bf28c73aeaaa14008c953c,7,top_heavy,"[140, 70, 45, 35, 25, 20, 15]",0,0.6666666666666666,1
187,56bf28c73aeaaa14008c953d,7,top_heavy,"[140, 70, 45, 35, 25, 20, 15]",0,0.0,1
188,56d6f1190d65d21400198272,7,top_heavy,"[140, 70, 45, 35, 25, 20, 15]",0,0.8,1
189,56d6f1190d65d21400198273,7,top_heavy,"[140, 70, 45, 35, 25, 20, 15]",0,0.0,1
190,56d6f1190d65d21400198274,7,top_heavy,"[140, 70, 45, 35, 25, 20, 15]",0,0.0,1
191,56d6f1190d65d21400198275,7,top_heavy,"[140, 70, 45, 35, 25, 20, 15]",0,0.0,1
192,56d6f1190d65d21400198276,7,top_heavy,"[140, 70, 45, 35, 25, 20, 15]",0,0.0,1
193,56d99179dc89441400fdb56c,7,top_heavy,"[140, 70, 45, 35, 25, 20, 15]",1,1.0,1
194,56d99179dc89441400fdb56d,7,top_heavy,"[140, 70, 45, 35, 25, 20, 15]",0,0.0,1
195,56d99179dc89441400fdb570,7,top_heavy,"[140, 70, 45, 35, 25, 20, 15]",0,0.0,1
196,56be59683aeaaa14008c9058,7,top_heavy,"[140, 70, 45, 35, 25, 20, 15]",1,1.0,1
197,56be59683aeaaa14008c9059,7,top_heavy,"[140, 70, 45, 35, 25, 20, 15]",1,1.0,1
198,56be59683aeaaa14008c905a,7,top_heavy,"[140, 70, 45, 35, 25, 20, 15]",0,0.0,1
199,56beb3083aeaaa14008c923d,7,top_heavy,"[140, 70, 45, 35, 25, 20, 15]",1,1.0,1
200,56beb3083aeaaa14008c923e,7,top_heavy,"[140, 70, 45, 35, 25, 20, 15]",1,1.0,1
201,56beb3083aeaaa14008c923f,7,top_heavy,"[140, 70, 45, 35, 25, 20, 15]",0,0.0,1
202,56beb3083aeaaa14008c9240,7,top_heavy,"[140, 70, 45, 35, 25, 20, 15]",0,0.0,1
203,56beb3083aeaaa14008c9241,7,top_heavy,"[140, 70, 45, 35, 25, 20, 15]",1,1.0,1
204,56bf2afe3aeaaa14008c9543,7,top_heavy,"[140, 70, 45, 35, 25, 20, 15]",0,0.0,1
205,56bf2afe3aeaaa14008c9544,7,top_heavy,"[140, 70, 45, 35, 25, 20, 15]",1,1.0,1
206,56bf2afe3aeaaa14008c9545,7,top_heavy,"[140, 70, 45, 35, 25, 20, 15]",1,1.0,1
207,56bf2afe3aeaaa14008c9547,7,top_heavy,"[140, 70, 45, 35, 25, 20, 15]",0,0.6666666666666666,1
208,56d6f2000d65d2140019827c,7,top_heavy,"[140, 70, 45, 35, 25, 20, 15]",1,1.0,1
209,56d6f2000d65d2140019827d,7,top_heavy,"[140, 70, 45, 35, 25, 20, 15]",1,1.0,1
210,56d6f2000d65d2140019827e,7,top_heavy,"[140, 70, 45, 35, 25, 20, 15]",1,1.0,1
211,56d6f2000d65d2140019827f,7,top_heavy,"[140, 70, 45, 35, 25, 20, 15]",0,0.0,1
212,56d9943fdc89441400fdb576,7,top_heavy,"[140, 70, 45, 35, 25, 20, 15]",1,1.0,1
213,56d9943fdc89441400fdb577,7,top_heavy,"[140, 70, 45, 35, 25, 20, 15]",1,1.0,1
214,56d9943fdc89441400fdb578,7,top_heavy,"[140, 70, 45, 35, 25, 20, 15]",1,1.0,1
215,56d9943fdc89441400fdb57a,7,top_heavy,"[140, 70, 45, 35, 25, 20, 15]",0,0.0,1
216,56beb3a03aeaaa14008c9247,7,top_heavy,"[140, 70, 45, 35, 25, 20, 15]",0,0.0,1
217,56beb3a03aeaaa14008c9248,7,top_heavy,"[140, 70, 45, 35, 25, 20, 15]",0,0.0,1
218,56beb3a03aeaaa14008c9249,7,top_heavy,"[140, 70, 45, 35, 25, 20, 15]",1,1.0,1
219,56beb3a03aeaaa14008c924a,7,top_heavy,"[140, 70, 45, 35, 25, 20, 15]",0,0.0,1
220,56beb3a03aeaaa14008c924b,7,top_heavy,"[140, 70, 45, 35, 25, 20, 15]",0,0.0,1
221,56bf6b303aeaaa14008c960b,7,top_heavy,"[140, 70, 45, 35, 25, 20, 15]",1,1.0,1
222,56bf6b303aeaaa14008c960c,7,top_heavy,"[140, 70, 45, 35, 25, 20, 15]",0,0.0,1
223,56bf6b303aeaaa14008c960d,7,top_heavy,"[140, 70, 45, 35, 25, 20, 15]",0,0.0,1
224,56bf6b303aeaaa14008c960e,7,top_heavy,"[140, 70, 45, 35, 25, 20, 15]",0,0.0,1
225,56bf6b303aeaaa14008c960f,7,top_heavy,"[140, 70, 45, 35, 25, 20, 15]",0,0.0,0
226,56d6f2960d65d21400198286,7,top_heavy,"[140, 70, 45, 35, 25, 20, 15]",0,0.0,1
227,56d6f2960d65d21400198287,7,top_heavy,"[140, 70, 45, 35, 25, 20, 15]",1,1.0,1
228,56d6f2960d65d21400198288,7,top_heavy,"[140, 70, 45, 35, 25, 20, 15]",1,1.0,1
229,56d6f2960d65d21400198289,7,top_heavy,"[140, 70, 45, 35, 25, 20, 15]",0,0.0,1
230,56d6f2960d65d2140019828a,7,top_heavy,"[140, 70, 45, 35, 25, 20, 15]",0,0.0,1
231,56d997cddc89441400fdb586,7,top_heavy,"[140, 70, 45, 35, 25, 20, 15]",0,0.0,1
232,56d997cddc89441400fdb587,7,top_heavy,"[140, 70, 45, 35, 25, 20, 15]",0,0.0,1
233,56d997cddc89441400fdb588,7,top_heavy,"[140, 70, 45, 35, 25, 20, 15]",0,0.0,1
234,56d997cddc89441400fdb589,7,top_heavy,"[140, 70, 45, 35, 25, 20, 15]",1,1.0,1
235,56d997cddc89441400fdb58a,7,top_heavy,"[140, 70, 45, 35, 25, 20, 15]",0,0.0,1
236,56beb4343aeaaa14008c925b,7,top_heavy,"[140, 70, 45, 35, 25, 20, 15]",1,1.0,1
237,56beb4343aeaaa14008c925c,7,top_heavy,"[140, 70, 45, 35, 25, 20, 15]",1,1.0,1
238,56beb4343aeaaa14008c925d,7,top_heavy,"[140, 70, 45, 35, 25, 20, 15]",0,0.0,1
239,56beb4343aeaaa14008c925e,7,top_heavy,"[140, 70, 45, 35, 25, 20, 15]",0,0.0,1
240,56beb4343aeaaa14008c925f,7,top_heavy,"[140, 70, 45, 35, 25, 20, 15]",1,1.0,1
241,56d6f3500d65d21400198290,7,top_heavy,"[140, 70, 45, 35, 25, 20, 15]",1,1.0,1
242,56d6f3500d65d21400198291,7,top_heavy,"[140, 70, 45, 35, 25, 20, 15]",1,1.0,1
243,56d6f3500d65d21400198292,7,top_heavy,"[140, 70, 45, 35, 25, 20, 15]",0,0.0,1
244,56d6f3500d65d21400198293,7,top_heavy,"[140, 70, 45, 35, 25, 20, 15]",0,0.0,1
245,56d6f3500d65d21400198294,7,top_heavy,"[140, 70, 45, 35, 25, 20, 15]",0,0.0,1
246,56d9992fdc89441400fdb59c,7,top_heavy,"[140, 70, 45, 35, 25, 20, 15]",0,0.0,1
247,56d9992fdc89441400fdb59e,7,top_heavy,"[140, 70, 45, 35, 25, 20, 15]",1,1.0,1
248,56d9992fdc89441400fdb59f,7,top_heavy,"[140, 70, 45, 35, 25, 20, 15]",0,0.6666666666666666,1
249,56d9992fdc89441400fdb5a0,7,top_heavy,"[140, 70, 45, 35, 25, 20, 15]",0,0.0,1
250,56beb4e43aeaaa14008c9265,7,top_heavy,"[140, 70, 45, 35, 25, 20, 15]",0,0.0,1
251,56beb4e43aeaaa14008c9266,7,top_heavy,"[140, 70, 45, 35, 25, 20, 15]",0,0.0,1
252,56beb4e43aeaaa14008c9267,7,top_heavy,"[140, 70, 45, 35, 25, 20, 15]",0,0.0,1
253,56beb4e43aeaaa14008c9268,7,top_heavy,"[140, 70, 45, 35, 25, 20, 15]",0,0.0,1
254,56beb4e43aeaaa14008c9269,7,top_heavy,"[140, 70, 45, 35, 25, 20, 15]",0,0.0,1
255,56bf301c3aeaaa14008c954d,7,top_heavy,"[140, 70, 45, 35, 25, 20, 15]",0,0.0,1
256,56bf301c3aeaaa14008c954e,7,top_heavy,"[140, 70, 45, 35, 25, 20, 15]",1,1.0,1
257,56bf301c3aeaaa14008c954f,7,top_heavy,"[140, 70, 45, 35, 25, 20, 15]",0,0.0,1
258,56bf301c3aeaaa14008c9550,7,top_heavy,"[140, 70, 45, 35, 25, 20, 15]",1,1.0,1
259,56bf301c3aeaaa14008c9551,7,top_heavy,"[140, 70, 45, 35, 25, 20, 15]",0,0.0,1
260,56d6f4030d65d2140019829a,7,top_heavy,"[140, 70, 45, 35, 25, 20, 15]",1,1.0,1
261,56d6f4030d65d2140019829b,7,top_heavy,"[140, 70, 45, 35, 25, 20, 15]",0,0.0,1
262,56d6f4030d65d2140019829c,7,top_heavy,"[140, 70, 45, 35, 25, 20, 15]",0,0.0,1
263,56d6f4030d65d2140019829d,7,top_heavy,"[140, 70, 45, 35, 25, 20, 15]",0,0.0,1
264,56d6f4030d65d2140019829e,7,top_heavy,"[140, 70, 45, 35, 25, 20, 15]",0,0.0,1
265,56d99b7bdc89441400fdb5c8,7,top_heavy,"[140, 70, 45, 35, 25, 20, 15]",0,0.0,1
266,56d99b7bdc89441400fdb5c9,7,top_heavy,"[140, 70, 45, 35, 25, 20, 15]",0,0.0,1
267,56d99b7bdc89441400fdb5ca,7,top_heavy,"[140, 70, 45, 35, 25, 20, 15]",0,0.0,0
268,56d99b7bdc89441400fdb5cb,7,top_heavy,"[140, 70, 45, 35, 25, 20, 15]",0,0.0,1
269,56d99b7bdc89441400fdb5cc,7,top_heavy,"[140, 70, 45, 35, 25, 20, 15]",0,0.0,1
270,56beb57b3aeaaa14008c9279,7,top_heavy,"[140, 70, 45, 35, 25, 20, 15]",1,1.0,1
271,56beb57b3aeaaa14008c927a,7,top_heavy,"[140, 70, 45, 35, 25, 20, 15]",0,0.0,0
272,56beb57b3aeaaa14008c927b,7,top_heavy,"[140, 70, 45, 35, 25, 20, 15]",0,0.0,1
273,56beb57b3aeaaa14008c927c,7,top_heavy,"[140, 70, 45, 35, 25, 20, 15]",0,0.0,0
274,56beb57b3aeaaa14008c927d,7,top_heavy,"[140, 70, 45, 35, 25, 20, 15]",0,0.0,1
275,56bf38383aeaaa14008c956b,7,top_heavy,"[140, 70, 45, 35, 25, 20, 15]",1,1.0,1
276,56bf38383aeaaa14008c956c,7,top_heavy,"[140, 70, 45, 35, 25, 20, 15]",0,0.0,1
277,56bf38383aeaaa14008c956d,7,top_heavy,"[140, 70, 45, 35, 25, 20, 15]",1,1.0,1
278,56bf38383aeaaa14008c956e,7,top_heavy,"[140, 70, 45, 35, 25, 20, 15]",0,0.0,1
279,56bf38383aeaaa14008c956f,7,top_heavy,"[140, 70, 45, 35, 25, 20, 15]",0,0.6666666666666666,1
280,56d6fe0b0d65d214001982a4,7,top_heavy,"[140, 70, 45, 35, 25, 20, 15]",1,1.0,1
281,56d6fe0b0d65d214001982a5,7,top_heavy,"[140, 70, 45, 35, 25, 20, 15]",0,0.0,0
282,56d6fe0b0d65d214001982a6,7,top_heavy,"[140, 70, 45, 35, 25, 20, 15]",1,1.0,1
283,56d6fe0b0d65d214001982a7,7,top_heavy,"[140, 70, 45, 35, 25, 20, 15]",0,0.0,1
284,56d99c44dc89441400fdb5d6,7,top_heavy,"[140, 70, 45, 35, 25, 20, 15]",1,1.0,1
285,56d99c44dc89441400fdb5d7,7,top_heavy,"[140, 70, 45, 35, 25, 20, 15]",1,1.0,1
286,56d99c44dc89441400fdb5d8,7,top_heavy,"[140, 70, 45, 35, 25, 20, 15]",0,0.0,0
287,56d99c44dc89441400fdb5d9,7,top_heavy,"[140, 70, 45, 35, 25, 20, 15]",1,1.0,1
288,56d99c44dc89441400fdb5da,7,top_heavy,"[140, 70, 45, 35, 25, 20, 15]",0,0.0,1
289,56beb6533aeaaa14008c928d,7,top_heavy,"[140, 70, 45, 35, 25, 20, 15]",0,0.0,1
290,56beb6533aeaaa14008c928e,7,top_heavy,"[140, 70, 45, 35, 25, 20, 15]",0,0.0,1
291,56beb6533aeaaa14008c9290,7,top_heavy,"[140, 70, 45, 35, 25, 20, 15]",1,1.0,1
292,56beb6533aeaaa14008c9291,7,top_heavy,"[140, 70, 45, 35, 25, 20, 15]",0,0.0,1
293,56bf3e803aeaaa14008c9588,7,top_heavy,"[140, 70, 45, 35, 25, 20, 15]",1,1.0,1
294,56bf3e803aeaaa14008c9589,7,top_heavy,"[140, 70, 45, 35, 25, 20, 15]",1,1.0,1
295,56bf3e803aeaaa14008c958b,7,top_heavy,"[140, 70, 45, 35, 25, 20, 15]",0,0.6666666666666666,1
296,56d6fea90d65d214001982ae,7,top_heavy,"[140, 70, 45, 35, 25, 20, 15]",0,0.0,1
297,56d6fea90d65d214001982af,7,top_heavy,"[140, 70, 45, 35, 25, 20, 15]",1,1.0,1
298,56d6fea90d65d214001982b0,7,top_heavy,"[140, 70, 45, 35, 25, 20, 15]",1,1.0,1
299,56d6fea90d65d214001982b2,7,top_heavy,"[140, 70, 45, 35, 25, 20, 15]",0,0.0,1
300,56d99da8dc89441400fdb5fd,7,top_heavy,"[140, 70, 45, 35, 25, 20, 15]",0,0.0,1
301,56d99da8dc89441400fdb5ff,7,top_heavy,"[140, 70, 45, 35, 25, 20, 15]",0,0.0,0
302,56d99da8dc89441400fdb600,7,top_heavy,"[140, 70, 45, 35, 25, 20, 15]",1,1.0,1
303,56beb6f23aeaaa14008c92a1,7,top_heavy,"[140, 70, 45, 35, 25, 20, 15]",0,0.0,1
304,56beb6f23aeaaa14008c92a2,7,top_heavy,"[140, 70, 45, 35, 25, 20, 15]",1,1.0,1
305,56beb6f23aeaaa14008c92a3,7,top_heavy,"[140, 70, 45, 35, 25, 20, 15]",1,1.0,1
306,56beb6f23aeaaa14008c92a4,7,top_heavy,"[140, 70, 45, 35, 25, 20, 15]",0,0.0,1
307,56beb6f23aeaaa14008c92a5,7,top_heavy,"[140, 70, 45, 35, 25, 20, 15]",0,0.0,1
308,56bf34293aeaaa14008c9559,7,top_heavy,"[140, 70, 45, 35, 25, 20, 15]",0,0.0,1
309,56bf34293aeaaa14008c955a,7,top_heavy,"[140, 70, 45, 35, 25, 20, 15]",0,0.0,1
310,56bf34293aeaaa14008c955b,7,top_heavy,"[140, 70, 45, 35, 25, 20, 15]",0,0.0,1
311,56d701280d65d214001982b8,7,top_heavy,"[140, 70, 45, 35, 25, 20, 15]",1,1.0,1
312,56d701280d65d214001982ba,7,top_heavy,"[140, 70, 45, 35, 25, 20, 15]",0,0.0,0
313,56d701280d65d214001982bc,7,top_heavy,"[140, 70, 45, 35, 25, 20, 15]",0,0.0,1
314,56d99e78dc89441400fdb616,7,top_heavy,"[140, 70, 45, 35, 25, 20, 15]",1,1.0,1
315,56d99e78dc89441400fdb618,7,top_heavy,"[140, 70, 45, 35, 25, 20, 15]",1,1.0,1
316,56d99e78dc89441400fdb619,7,top_heavy,"[140, 70, 45, 35, 25, 20, 15]",1,1.0,1
317,56d99e78dc89441400fdb61a,7,top_heavy,"[140, 70, 45, 35, 25, 20, 15]",0,0.0,1
318,56beb7953aeaaa14008c92ab,7,top_heavy,"[140, 70, 45, 35, 25, 20, 15]",1,1.0,1
319,56beb7953aeaaa14008c92ac,7,top_heavy,"[140, 70, 45, 35, 25, 20, 15]",1,1.0,1
320,56beb7953aeaaa14008c92ad,7,top_heavy,"[140, 70, 45, 35, 25, 20, 15]",1,1.0,1
321,56beb7953aeaaa14008c92ae,7,top_heavy,"[140, 70, 45, 35, 25, 20, 15]",0,0.0,1
322,56beb7953aeaaa14008c92af,7,top_heavy,"[140, 70, 45, 35, 25, 20, 15]",1,1.0,1
323,56bf36b93aeaaa14008c9561,7,top_heavy,"[140, 70, 45, 35, 25, 20, 15]",0,0.0,1
324,56bf36b93aeaaa14008c9562,7,top_heavy,"[140, 70, 45, 35, 25, 20, 15]",1,1.0,1
325,56bf36b93aeaaa14008c9563,7,top_heavy,"[140, 70, 45, 35, 25, 20, 15]",1,1.0,1
326,56bf36b93aeaaa14008c9564,7,top_heavy,"[140, 70, 45, 35, 25, 20, 15]",1,1.0,1
327,56bf36b93aeaaa14008c9565,7,top_heavy,"[140, 70, 45, 35, 25, 20, 15]",1,1.0,1
328,56d7018a0d65d214001982c2,7,top_heavy,"[140, 70, 45, 35, 25, 20, 15]",1,1.0,1
329,56d7018a0d65d214001982c3,7,top_heavy,"[140, 70, 45, 35, 25, 20, 15]",1,1.0,1
330,56d7018a0d65d214001982c5,7,top_heavy,"[140, 70, 45, 35, 25, 20, 15]",0,0.0,1
331,56d99f99dc89441400fdb628,7,top_heavy,"[140, 70, 45, 35, 25, 20, 15]",1,1.0,1
332,56d99f99dc89441400fdb629,7,top_heavy,"[140, 70, 45, 35, 25, 20, 15]",1,1.0,1
333,56d99f99dc89441400fdb62c,7,top_heavy,"[140, 70, 45, 35, 25, 20, 15]",1,1.0,1
334,56beb7fd3aeaaa14008c92b5,7,top_heavy,"[140, 70, 45, 35, 25, 20, 15]",1,1.0,1
335,56beb7fd3aeaaa14008c92b6,7,top_heavy,"[140, 70, 45, 35, 25, 20, 15]",1,1.0,1
336,56beb7fd3aeaaa14008c92b7,7,top_heavy,"[140, 70, 45, 35, 25, 20, 15]",0,0.0,1
337,56beb7fd3aeaaa14008c92b8,7,top_heavy,"[140, 70, 45, 35, 25, 20, 15]",1,1.0,1
338,56bf3a223aeaaa14008c9575,7,top_heavy,"[140, 70, 45, 35, 25, 20, 15]",0,0.0,1
339,56bf3a223aeaaa14008c9576,7,top_heavy,"[140, 70, 45, 35, 25, 20, 15]",1,1.0,1
340,56bf3a223aeaaa14008c9577,7,top_heavy,"[140, 70, 45, 35, 25, 20, 15]",1,1.0,1
341,56bf3a223aeaaa14008c9579,7,top_heavy,"[140, 70, 45, 35, 25, 20, 15]",1,1.0,1
342,56d703d10d65d214001982d6,7,top_heavy,"[140, 70, 45, 35, 25, 20, 15]",0,0.0,1
343,56d703d10d65d214001982d7,7,top_heavy,"[140, 70, 45, 35, 25, 20, 15]",1,1.0,1
344,56d703d10d65d214001982d8,7,top_heavy,"[140, 70, 45, 35, 25, 20, 15]",0,0.0,1
345,56d9a026dc89441400fdb632,7,top_heavy,"[140, 70, 45, 35, 25, 20, 15]",0,0.0,1
346,56beb86b3aeaaa14008c92bd,7,top_heavy,"[140, 70, 45, 35, 25, 20, 15]",1,1.0,1
347,56beb86b3aeaaa14008c92be,7,top_heavy,"[140, 70, 45, 35, 25, 20, 15]",1,1.0,1
348,56beb86b3aeaaa14008c92bf,7,top_heavy,"[140, 70, 45, 35, 25, 20, 15]",1,1.0,1
349,56beb86b3aeaaa14008c92c0,7,top_heavy,"[140, 70, 45, 35, 25, 20, 15]",1,1.0,1
350,56beb86b3aeaaa14008c92c1,7,top_heavy,"[140, 70, 45, 35, 25, 20, 15]",0,0.0,1
351,56bf3fd53aeaaa14008c9591,7,top_heavy,"[140, 70, 45, 35, 25, 20, 15]",1,1.0,1
352,56bf3fd53aeaaa14008c9592,7,top_heavy,"[140, 70, 45, 35, 25, 20, 15]",1,1.0,1
353,56bf3fd53aeaaa14008c9593,7,top_heavy,"[140, 70, 45, 35, 25, 20, 15]",1,1.0,1
354,56bf3fd53aeaaa14008c9594,7,top_heavy,"[140, 70, 45, 35, 25, 20, 15]",0,0.0,1
355,56bf3fd53aeaaa14008c9595,7,top_heavy,"[140, 70, 45, 35, 25, 20, 15]",0,0.0,1
356,56d704430d65d214001982de,7,top_heavy,"[140, 70, 45, 35, 25, 20, 15]",1,1.0,1
357,56d704430d65d214001982e0,7,top_heavy,"[140, 70, 45, 35, 25, 20, 15]",1,1.0,1
358,56d704430d65d214001982e1,7,top_heavy,"[140, 70, 45, 35, 25, 20, 15]",0,0.0,1
359,56d704430d65d214001982e2,7,top_heavy,"[140, 70, 45, 35, 25, 20, 15]",1,1.0,1
360,56d9a0eadc89441400fdb63e,7,top_heavy,"[140, 70, 45, 35, 25, 20, 15]",1,1.0,1
361,56d9a0eadc89441400fdb63f,7,top_heavy,"[140, 70, 45, 35, 25, 20, 15]",1,1.0,1
362,56d9a0eadc89441400fdb640,7,top_heavy,"[140, 70, 45, 35, 25, 20, 15]",1,1.0,1
363,56beb90c3aeaaa14008c92c7,7,top_heavy,"[140, 70, 45, 35, 25, 20, 15]",1,1.0,1
364,56beb90c3aeaaa14008c92c8,7,top_heavy,"[140, 70, 45, 35, 25, 20, 15]",1,1.0,1
365,56beb90c3aeaaa14008c92c9,7,top_heavy,"[140, 70, 45, 35, 25, 20, 15]",0,0.0,1
366,56beb90c3aeaaa14008c92ca,7,top_heavy,"[140, 70, 45, 35, 25, 20, 15]",0,0.0,1
367,56beb90c3aeaaa14008c92cb,7,top_heavy,"[140, 70, 45, 35, 25, 20, 15]",0,0.0,1
368,56bf41013aeaaa14008c959b,7,top_heavy,"[140, 70, 45, 35, 25, 20, 15]",1,1.0,1
369,56bf41013aeaaa14008c959c,7,top_heavy,"[140, 70, 45, 35, 25, 20, 15]",1,1.0,1
370,56bf41013aeaaa14008c959d,7,top_heavy,"[140, 70, 45, 35, 25, 20, 15]",0,0.0,1
371,56bf41013aeaaa14008c959e,7,top_heavy,"[140, 70, 45, 35, 25, 20, 15]",0,0.0,1
372,56d7096b0d65d214001982fc,7,top_heavy,"[140, 70, 45, 35, 25, 20, 15]",0,0.5,1
373,56d7096b0d65d214001982fd,7,top_heavy,"[140, 70, 45, 35, 25, 20, 15]",0,0.0,1
374,56d7096b0d65d214001982fe,7,top_heavy,"[140, 70, 45, 35, 25, 20, 15]",0,0.0,1
375,56d9a199dc89441400fdb647,7,top_heavy,"[140, 70, 45, 35, 25, 20, 15]",1,1.0,1
376,56d9a199dc89441400fdb648,7,top_heavy,"[140, 70, 45, 35, 25, 20, 15]",0,0.0,1
377,56d9a199dc89441400fdb649,7,top_heavy,"[140, 70, 45, 35, 25, 20, 15]",0,0.0,1
378,56beb97c3aeaaa14008c92db,7,top_heavy,"[140, 70, 45, 35, 25, 20, 15]",1,1.0,1
379,56beb97c3aeaaa14008c92dc,7,top_heavy,"[140, 70, 45, 35, 25, 20, 15]",1,1.0,1
380,56beb97c3aeaaa14008c92dd,7,top_heavy,"[140, 70, 45, 35, 25, 20, 15]",1,1.0,1
381,56beb97c3aeaaa14008c92de,7,top_heavy,"[140, 70, 45, 35, 25, 20, 15]",1,1.0,1
382,56beb97c3aeaaa14008c92df,7,top_heavy,"[140, 70, 45, 35, 25, 20, 15]",0,0.0,1
383,56bf6c3e3aeaaa14008c9615,7,top_heavy,"[140, 70, 45, 35, 25, 20, 15]",1,1.0,1
384,56bf6c3e3aeaaa14008c9617,7,top_heavy,"[140, 70, 45, 35, 25, 20, 15]",0,0.0,1
385,56d709ef0d65d21400198306,7,top_heavy,"[140, 70, 45, 35, 25, 20, 15]",0,0.0,0
386,56d709ef0d65d21400198307,7,top_heavy,"[140, 70, 45, 35, 25, 20, 15]",1,1.0,1
387,56beba103aeaaa14008c92e5,7,top_heavy,"[140, 70, 45, 35, 25, 20, 15]",0,0.5714285714285715,1
388,56beba103aeaaa14008c92e6,7,top_heavy,"[140, 70, 45, 35, 25, 20, 15]",0,0.0,1
389,56beba103aeaaa14008c92e7,7,top_heavy,"[140, 70, 45, 35, 25, 20, 15]",0,0.0,1
390,56beba103aeaaa14008c92e8,7,top_heavy,"[140, 70, 45, 35, 25, 20, 15]",1,1.0,1
391,56beba103aeaaa14008c92e9,7,top_heavy,"[140, 70, 45, 35, 25, 20, 15]",1,1.0,1
392,56bf467d3aeaaa14008c95a5,7,top_heavy,"[140, 70, 45, 35, 25, 20, 15]",1,1.0,1
393,56bf467d3aeaaa14008c95a6,7,top_heavy,"[140, 70, 45, 35, 25, 20, 15]",1,1.0,1
394,56bf467d3aeaaa14008c95a7,7,top_heavy,"[140, 70, 45, 35, 25, 20, 15]",0,0.0,1
395,56d70adc0d65d21400198311,7,top_heavy,"[140, 70, 45, 35, 25, 20, 15]",1,1.0,1
396,56d70adc0d65d21400198312,7,top_heavy,"[140, 70, 45, 35, 25, 20, 15]",0,0.6666666666666666,1
397,56d70adc0d65d21400198313,7,top_heavy,"[140, 70, 45, 35, 25, 20, 15]",0,0.28571428571428575,1
398,56d70adc0d65d21400198314,7,top_heavy,"[140, 70, 45, 35, 25, 20, 15]",0,0.0,1
399,56d9a419dc89441400fdb678,7,top_heavy,"[140, 70, 45, 35, 25, 20, 15]",1,1.0,1
400,56d9a419dc89441400fdb679,7,top_heavy,"[140, 70, 45, 35, 25, 20, 15]",0,0.8,1
401,56bebad93aeaaa14008c92f9,7,top_heavy,"[140, 70, 45, 35, 25, 20, 15]",1,1.0,1
402,56bebad93aeaaa14008c92fa,7,top_heavy,"[140, 70, 45, 35, 25, 20, 15]",0,0.0,1
403,56bebad93aeaaa14008c92fb,7,top_heavy,"[140, 70, 45, 35, 25, 20, 15]",0,0.0,1
404,56bebad93aeaaa14008c92fc,7,top_heavy,"[140, 70, 45, 35, 25, 20, 15]",0,0.6666666666666666,1
405,56bebad93aeaaa14008c92fd,7,top_heavy,"[140, 70, 45, 35, 25, 20, 15]",1,1.0,1
406,56bf48cc3aeaaa14008c95ab,7,top_heavy,"[140, 70, 45, 35, 25, 20, 15]",1,1.0,1
407,56bf48cc3aeaaa14008c95ac,7,top_heavy,"[140, 70, 45, 35, 25, 20, 15]",0,0.0,1
408,56bf48cc3aeaaa14008c95ae,7,top_heavy,"[140, 70, 45, 35, 25, 20, 15]",1,1.0,1
409,56bf48cc3aeaaa14008c95af,7,top_heavy,"[140, 70, 45, 35, 25, 20, 15]",1,1.0,1
410,56d70ccc0d65d2140019831d,7,top_heavy,"[140, 70, 45, 35, 25, 20, 15]",1,1.0,1
411,56d70ccc0d65d2140019831f,7,top_heavy,"[140, 70, 45, 35, 25, 20, 15]",0,0.0,1
412,56d9a637dc89441400fdb697,7,top_heavy,"[140, 70, 45, 35, 25, 20, 15]",1,1.0,1
413,56d9a637dc89441400fdb698,7,top_heavy,"[140, 70, 45, 35, 25, 20, 15]",0,0.6666666666666666,1
414,56d9a637dc89441400fdb699,7,top_heavy,"[140, 70, 45, 35, 25, 20, 15]",0,0.0,1
415,56d9a637dc89441400fdb69a,7,top_heavy,"[140, 70, 45, 35, 25, 20, 15]",0,0.28571428571428575,1
416,56bebb293aeaaa14008c9303,7,top_heavy,"[140, 70, 45, 35, 25, 20, 15]",1,1.0,1
417,56bebb293aeaaa14008c9304,7,top_heavy,"[140, 70, 45, 35, 25, 20, 15]",1,1.0,1
418,56bebb293aeaaa14008c9305,7,top_heavy,"[140, 70, 45, 35, 25, 20, 15]",1,1.0,1
419,56bebb293aeaaa14008c9306,7,top_heavy,"[140, 70, 45, 35, 25, 20, 15]",0,0.0,1
420,56bf49993aeaaa14008c95b5,7,top_heavy,"[140, 70, 45, 35, 25, 20, 15]",0,0.0,0
421,56bf49993aeaaa14008c95b6,7,top_heavy,"[140, 70, 45, 35, 25, 20, 15]",0,0.0,0
422,56bf49993aeaaa14008c95b7,7,top_heavy,"[140, 70, 45, 35, 25, 20, 15]",0,0.0,0
423,56bf49993aeaaa14008c95b8,7,top_heavy,"[140, 70, 45, 35, 25, 20, 15]",0,0.0,0
424,56d70d240d65d21400198326,7,top_heavy,"[140, 70, 45, 35, 25, 20, 15]",0,0.0,0
425,56d70d240d65d21400198327,7,top_heavy,"[140, 70, 45, 35, 25, 20, 15]",0,0.0,0
426,56d70d240d65d21400198328,7,top_heavy,"[140, 70, 45, 35, 25, 20, 15]",0,0.0,0
427,56d70d240d65d21400198329,7,top_heavy,"[140, 70, 45, 35, 25, 20, 15]",0,0.0,0
428,56d9a6b4dc89441400fdb6a0,7,top_heavy,"[140, 70, 45, 35, 25, 20, 15]",0,0.0,0
429,56d9a6b4dc89441400fdb6a1,7,top_heavy,"[140, 70, 45, 35, 25, 20, 15]",1,1.0,1
430,56d9a6b4dc89441400fdb6a2,7,top_heavy,"[140, 70, 45, 35, 25, 20, 15]",0,0.0,0
431,56d9a6b4dc89441400fdb6a3,7,top_heavy,"[140, 70, 45, 35, 25, 20, 15]",0,0.0,0
432,56bebbbf3aeaaa14008c9315,7,top_heavy,"[140, 70, 45, 35, 25, 20, 15]",1,1.0,1
433,56bebbbf3aeaaa14008c9316,7,top_heavy,"[140, 70, 45, 35, 25, 20, 15]",0,0.6666666666666666,1
434,56bebbbf3aeaaa14008c9317,7,top_heavy,"[140, 70, 45, 35, 25, 20, 15]",1,1.0,1
435,56bebbbf3aeaaa14008c9318,7,top_heavy,"[140, 70, 45, 35, 25, 20, 15]",1,1.0,1
436,56bebbbf3aeaaa14008c9319,7,top_heavy,"[140, 70, 45, 35, 25, 20, 15]",1,1.0,1
437,56bf4e1b3aeaaa14008c95bd,7,top_heavy,"[140, 70, 45, 35, 25, 20, 15]",1,1.0,1
438,56bf4e1b3aeaaa14008c95be,7,top_heavy,"[140, 70, 45, 35, 25, 20, 15]",0,0.6666666666666666,1
439,56bf4e1b3aeaaa14008c95c0,7,top_heavy,"[140, 70, 45, 35, 25, 20, 15]",0,0.0,1
440,56bf4e1b3aeaaa14008c95c1,7,top_heavy,"[140, 70, 45, 35, 25, 20, 15]",0,0.0,1
441,56d70daa0d65d21400198332,7,top_heavy,"[140, 70, 45, 35, 25, 20, 15]",1,1.0,1
442,56d70daa0d65d21400198333,7,top_heavy,"[140, 70, 45, 35, 25, 20, 15]",0,0.0,1
443,56d70daa0d65d21400198334,7,top_heavy,"[140, 70, 45, 35, 25, 20, 15]",0,0.5,1
444,56d70daa0d65d21400198335,7,top_heavy,"[140, 70, 45, 35, 25, 20, 15]",1,1.0,1
445,56d70daa0d65d21400198336,7,top_heavy,"[140, 70, 45, 35, 25, 20, 15]",0,0.0,1
446,56d9a7addc89441400fdb6a8,7,top_heavy,"[140, 70, 45, 35, 25, 20, 15]",1,1.0,1
447,56d9a7addc89441400fdb6ab,7,top_heavy,"[140, 70, 45, 35, 25, 20, 15]",0,0.0,1
448,56bebc383aeaaa14008c931f,7,top_heavy,"[140, 70, 45, 35, 25, 20, 15]",1,1.0,1
449,56bebc383aeaaa14008c9320,7,top_heavy,"[140, 70, 45, 35, 25, 20, 15]",1,1.0,1
450,56bebc383aeaaa14008c9321,7,top_heavy,"[140, 70, 45, 35, 25, 20, 15]",1,1.0,1
451,56bf52483aeaaa14008c95c7,7,top_heavy,"[140, 70, 45, 35, 25, 20, 15]",0,0.0,1
452,56bf52483aeaaa14008c95c8,7,top_heavy,"[140, 70, 45, 35, 25, 20, 15]",1,1.0,1
453,56d70e570d65d2140019833c,7,top_heavy,"[140, 70, 45, 35, 25, 20, 15]",0,0.6666666666666666,1
454,56d70e570d65d2140019833e,7,top_heavy,"[140, 70, 45, 35, 25, 20, 15]",1,1.0,1
455,56d70e570d65d2140019833f,7,top_heavy,"[140, 70, 45, 35, 25, 20, 15]",1,1.0,1
456,56d9b01fdc89441400fdb6d4,7,top_heavy,"[140, 70, 45, 35, 25, 20, 15]",0,0.0,0
457,56bebcbe3aeaaa14008c9325,7,top_heavy,"[140, 70, 45, 35, 25, 20, 15]",1,1.0,1
458,56bebcbe3aeaaa14008c9326,7,top_heavy,"[140, 70, 45, 35, 25, 20, 15]",1,1.0,1
459,56bebcbe3aeaaa14008c9327,7,top_heavy,"[140, 70, 45, 35, 25, 20, 15]",1,1.0,1
460,56bebcbe3aeaaa14008c9328,7,top_heavy,"[140, 70, 45, 35, 25, 20, 15]",1,1.0,1
461,56bebcbe3aeaaa14008c9329,7,top_heavy,"[140, 70, 45, 35, 25, 20, 15]",0,0.0,1
462,56bf53e73aeaaa14008c95cb,7,top_heavy,"[140, 70, 45, 35, 25, 20, 15]",0,0.0,1
463,56bf53e73aeaaa14008c95cc,7,top_heavy,"[140, 70, 45, 35, 25, 20, 15]",1,1.0,1
464,56bf53e73aeaaa14008c95cd,7,top_heavy,"[140, 70, 45, 35, 25, 20, 15]",1,1.0,1
465,56bf53e73aeaaa14008c95ce,7,top_heavy,"[140, 70, 45, 35, 25, 20, 15]",1,1.0,1
466,56d7145c0d65d2140019834c,7,top_heavy,"[140, 70, 45, 35, 25, 20, 15]",0,0.5714285714285715,1
467,56d7145c0d65d2140019834d,7,top_heavy,"[140, 70, 45, 35, 25, 20, 15]",1,1.0,1
468,56d7145c0d65d2140019834f,7,top_heavy,"[140, 70, 45, 35, 25, 20, 15]",1,1.0,1
469,56d9b389dc89441400fdb6ec,7,top_heavy,"[140, 70, 45, 35, 25, 20, 15]",1,1.0,1
470,56d9b389dc89441400fdb6ed,7,top_heavy,"[140, 70, 45, 35, 25, 20, 15]",1,1.0,1
471,56d9b389dc89441400fdb6ee,7,top_heavy,"[140, 70, 45, 35, 25, 20, 15]",1,1.0,1
472,56d9b389dc89441400fdb6ef,7,top_heavy,"[140, 70, 45, 35, 25, 20, 15]",1,1.0,1
473,56d9b389dc89441400fdb6f0,7,top_heavy,"[140, 70, 45, 35, 25, 20, 15]",1,1.0,1
474,56bebd713aeaaa14008c932f,7,top_heavy,"[140, 70, 45, 35, 25, 20, 15]",1,1.0,1
475,56bebd713aeaaa14008c9330,7,top_heavy,"[140, 70, 45, 35, 25, 20, 15]",0,0.0,0
476,56bebd713aeaaa14008c9331,7,top_heavy,"[140, 70, 45, 35, 25, 20, 15]",1,1.0,1
477,56bf555e3aeaaa14008c95d3,7,top_heavy,"[140, 70, 45, 35, 25, 20, 15]",0,0.0,0
478,56bf555e3aeaaa14008c95d4,7,top_heavy,"[140, 70, 45, 35, 25, 20, 15]",0,0.5,1
479,56bf555e3aeaaa14008c95d5,7,top_heavy,"[140, 70, 45, 35, 25, 20, 15]",0,0.0,0
480,56d714cd0d65d21400198356,7,top_heavy,"[140, 70, 45, 35, 25, 20, 15]",0,0.5,1
481,56d714cd0d65d21400198358,7,top_heavy,"[140, 70, 45, 35, 25, 20, 15]",1,1.0,1
482,56d714cd0d65d21400198359,7,top_heavy,"[140, 70, 45, 35, 25, 20, 15]",1,1.0,1
483,56d9b43edc89441400fdb700,7,top_heavy,"[140, 70, 45, 35, 25, 20, 15]",0,0.5,0
484,56d9b43edc89441400fdb701,7,top_heavy,"[140, 70, 45, 35, 25, 20, 15]",1,1.0,1
485,56bebde53aeaaa14008c9335,7,top_heavy,"[140, 70, 45, 35, 25, 20, 15]",1,1.0,1
486,56bebde53aeaaa14008c9336,7,top_heavy,"[140, 70, 45, 35, 25, 20, 15]",0,0.6666666666666666,1
487,56bebde53aeaaa14008c9337,7,top_heavy,"[140, 70, 45, 35, 25, 20, 15]",1,1.0,1
488,56bebde53aeaaa14008c9338,7,top_heavy,"[140, 70, 45, 35, 25, 20, 15]",1,1.0,1
489,56bebde53aeaaa14008c9339,7,top_heavy,"[140, 70, 45, 35, 25, 20, 15]",1,1.0,1
490,56bf57043aeaaa14008c95d9,7,top_heavy,"[140, 70, 45, 35, 25, 20, 15]",1,1.0,1
491,56bf57043aeaaa14008c95da,7,top_heavy,"[140, 70, 45, 35, 25, 20, 15]",0,0.0,1
492,56bf57043aeaaa14008c95db,7,top_heavy,"[140, 70, 45, 35, 25, 20, 15]",1,1.0,1
493,56bf57043aeaaa14008c95dc,7,top_heavy,"[140, 70, 45, 35, 25, 20, 15]",0,0.0,1
494,56bf57043aeaaa14008c95dd,7,top_heavy,"[140, 70, 45, 35, 25, 20, 15]",1,1.0,1
495,56d71bd80d65d2140019835e,7,top_heavy,"[140, 70, 45, 35, 25, 20, 15]",0,0.6666666666666666,1
496,56d71bd80d65d21400198360,7,top_heavy,"[140, 70, 45, 35, 25, 20, 15]",1,1.0,1
497,56d71bd80d65d21400198361,7,top_heavy,"[140, 70, 45, 35, 25, 20, 15]",1,1.0,1
498,56d71bd80d65d21400198362,7,top_heavy,"[140, 70, 45, 35, 25, 20, 15]",1,1.0,1
499,56d9b4ebdc89441400fdb708,7,top_heavy,"[140, 70, 45, 35, 25, 20, 15]",0,0.6666666666666666,1
500,56d9b4ebdc89441400fdb709,7,top_heavy,"[140, 70, 45, 35, 25, 20, 15]",0,0.5714285714285715,0
501,56d9b4ebdc89441400fdb70a,7,top_heavy,"[140, 70, 45, 35, 25, 20, 15]",1,1.0,1
502,56d9b4ebdc89441400fdb70b,7,top_heavy,"[140, 70, 45, 35, 25, 20, 15]",1,1.0,1
503,56d9b4ebdc89441400fdb70c,7,top_heavy,"[140, 70, 45, 35, 25, 20, 15]",1,1.0,1
504,56bebe873aeaaa14008c933f,7,top_heavy,"[140, 70, 45, 35, 25, 20, 15]",0,0.0,1
505,56bebe873aeaaa14008c9340,7,top_heavy,"[140, 70, 45, 35, 25, 20, 15]",1,1.0,1
506,56bebe873aeaaa14008c9341,7,top_heavy,"[140, 70, 45, 35, 25, 20, 15]",0,0.0,1
507,56bebe873aeaaa14008c9342,7,top_heavy,"[140, 70, 45, 35, 25, 20, 15]",0,0.0,0
508,56bebe873aeaaa14008c9343,7,top_heavy,"[140, 70, 45, 35, 25, 20, 15]",0,0.0,0
509,56bf59523aeaaa14008c95e3,7,top_heavy,"[140, 70, 45, 35, 25, 20, 15]",1,1.0,1
510,56bf59523aeaaa14008c95e4,7,top_heavy,"[140, 70, 45, 35, 25, 20, 15]",0,0.0,0
511,56bf59523aeaaa14008c95e5,7,top_heavy,"[140, 70, 45, 35, 25, 20, 15]",0,0.0,0
512,56d71cb60d65d21400198368,7,top_heavy,"[140, 70, 45, 35, 25, 20, 15]",1,1.0,1
513,56d9b5ffdc89441400fdb720,7,top_heavy,"[140, 70, 45, 35, 25, 20, 15]",0,0.0,1
514,56d9b5ffdc89441400fdb721,7,top_heavy,"[140, 70, 45, 35, 25, 20, 15]",0,0.0,1
515,56bebec43aeaaa14008c9349,7,top_heavy,"[140, 70, 45, 35, 25, 20, 15]",1,1.0,1
516,56bebec43aeaaa14008c934a,7,top_heavy,"[140, 70, 45, 35, 25, 20, 15]",0,0.28571428571428575,1
517,56bf5abc3aeaaa14008c95e9,7,top_heavy,"[140, 70, 45, 35, 25, 20, 15]",0,0.0,0
518,56bf5abc3aeaaa14008c95ea,7,top_heavy,"[140, 70, 45, 35, 25, 20, 15]",0,0.4,1
519,56d71d150d65d2140019836e,7,top_heavy,"[140, 70, 45, 35, 25, 20, 15]",0,0.888888888888889,1
520,56d71d150d65d2140019836f,7,top_heavy,"[140, 70, 45, 35, 25, 20, 15]",0,0.5555555555555556,1
521,56d71d150d65d21400198370,7,top_heavy,"[140, 70, 45, 35, 25, 20, 15]",0,0.28571428571428575,1
522,56d9b6a3dc89441400fdb72f,7,top_heavy,"[140, 70, 45, 35, 25, 20, 15]",1,1.0,1
523,56d9b6a3dc89441400fdb730,7,top_heavy,"[140, 70, 45, 35, 25, 20, 15]",0,0.28571428571428575,1
524,56bec0353aeaaa14008c934d,7,top_heavy,"[140, 70, 45, 35, 25, 20, 15]",0,0.8,1
525,56bec0353aeaaa14008c934e,7,top_heavy,"[140, 70, 45, 35, 25, 20, 15]",1,1.0,1
526,56bec0353aeaaa14008c934f,7,top_heavy,"[140, 70, 45, 35, 25, 20, 15]",0,0.0,1
527,56bec0353aeaaa14008c9350,7,top_heavy,"[140, 70, 45, 35, 25, 20, 15]",1,1.0,1
528,56bec0353aeaaa14008c9351,7,top_heavy,"[140, 70, 45, 35, 25, 20, 15]",1,1.0,1
529,56bf5b933aeaaa14008c95ed,7,top_heavy,"[140, 70, 45, 35, 25, 20, 15]",1,1.0,1
530,56bf5b933aeaaa14008c95ef,7,top_heavy,"[140, 70, 45, 35, 25, 20, 15]",1,1.0,1
531,56bf5b933aeaaa14008c95f1,7,top_heavy,"[140, 70, 45, 35, 25, 20, 15]",0,0.0,1
532,56d71d9d0d65d21400198374,7,top_heavy,"[140, 70, 45, 35, 25, 20, 15]",1,1.0,1
533,56d71d9d0d65d21400198377,7,top_heavy,"[140, 70, 45, 35, 25, 20, 15]",1,1.0,1
534,56bec0dd3aeaaa14008c9357,7,top_heavy,"[140, 70, 45, 35, 25, 20, 15]",0,0.0,0
535,56bec0dd3aeaaa14008c9358,7,top_heavy,"[140, 70, 45, 35, 25, 20, 15]",1,1.0,1
536,56bec0dd3aeaaa14008c9359,7,top_heavy,"[140, 70, 45, 35, 25, 20, 15]",1,1.0,1
537,56bec0dd3aeaaa14008c935a,7,top_heavy,"[140, 70, 45, 35, 25, 20, 15]",1,1.0,1
538,56bec0dd3aeaaa14008c935b,7,top_heavy,"[140, 70, 45, 35, 25, 20, 15]",0,0.0,1
539,56bf5e7b3aeaaa14008c95f7,7,top_heavy,"[140, 70, 45, 35, 25, 20, 15]",0,0.0,1
540,56bf5e7b3aeaaa14008c95f8,7,top_heavy,"[140, 70, 45, 35, 25, 20, 15]",0,0.0,1
541,56bf5e7b3aeaaa14008c95f9,7,top_heavy,"[140, 70, 45, 35, 25, 20, 15]",1,1.0,1
542,56bf5e7b3aeaaa14008c95fa,7,top_heavy,"[140, 70, 45, 35, 25, 20, 15]",0,0.0,1
543,56bf5e7b3aeaaa14008c95fb,7,top_heavy,"[140, 70, 45, 35, 25, 20, 15]",0,0.6666666666666666,1
544,56d71ed50d65d2140019837c,7,top_heavy,"[140, 70, 45, 35, 25, 20, 15]",1,1.0,1
545,56d71ed50d65d2140019837d,7,top_heavy,"[140, 70, 45, 35, 25, 20, 15]",1,1.0,1
546,56d9b7dcdc89441400fdb740,7,top_heavy,"[140, 70, 45, 35, 25, 20, 15]",1,1.0,0
547,56d9b7dcdc89441400fdb741,7,top_heavy,"[140, 70, 45, 35, 25, 20, 15]",0,0.22222222222222224,0
548,56d9b7dcdc89441400fdb742,7,top_heavy,"[140, 70, 45, 35, 25, 20, 15]",0,0.22222222222222224,0
549,56d9b7dcdc89441400fdb743,7,top_heavy,"[140, 70, 45, 35, 25, 20, 15]",0,0.0,1
550,56d9b7dcdc89441400fdb744,7,top_heavy,"[140, 70, 45, 35, 25, 20, 15]",0,0.0,0
551,56bec1823aeaaa14008c9361,7,top_heavy,"[140, 70, 45, 35, 25, 20, 15]",0,0.0,1
552,56bec1823aeaaa14008c9362,7,top_heavy,"[140, 70, 45, 35, 25, 20, 15]",0,0.5,1
553,56bec1823aeaaa14008c9363,7,top_heavy,"[140, 70, 45, 35, 25, 20, 15]",1,1.0,1
554,56bec1823aeaaa14008c9364,7,top_heavy,"[140, 70, 45, 35, 25, 20, 15]",1,1.0,1
555,56bec1823aeaaa14008c9365,7,top_heavy,"[140, 70, 45, 35, 25, 20, 15]",1,1.0,1
556,56bf6d343aeaaa14008c961b,7,top_heavy,"[140, 70, 45, 35, 25, 20, 15]",1,1.0,0
557,56d71fc00d65d21400198386,7,top_heavy,"[140, 70, 45, 35, 25, 20, 15]",1,1.0,1
558,56d71fc00d65d21400198389,7,top_heavy,"[140, 70, 45, 35, 25, 20, 15]",0,0.5,1
559,56d9ba95dc89441400fdb754,7,top_heavy,"[140, 70, 45, 35, 25, 20, 15]",0,0.0,1
560,56d9ba95dc89441400fdb757,7,top_heavy,"[140, 70, 45, 35, 25, 20, 15]",1,1.0,1
561,56d9ba95dc89441400fdb758,7,top_heavy,"[140, 70, 45, 35, 25, 20, 15]",0,0.5,1
562,56bec2013aeaaa14008c9371,7,top_heavy,"[140, 70, 45, 35, 25, 20, 15]",1,1.0,1
563,56bec2013aeaaa14008c9372,7,top_heavy,"[140, 70, 45, 35, 25, 20, 15]",0,0.0,1
564,56bec2013aeaaa14008c9373,7,top_heavy,"[140, 70, 45, 35, 25, 20, 15]",1,1.0,1
565,56bec2013aeaaa14008c9374,7,top_heavy,"[140, 70, 45, 35, 25, 20, 15]",0,0.6666666666666666,1
566,56bec2013aeaaa14008c9375,7,top_heavy,"[140, 70, 45, 35, 25, 20, 15]",0,0.0,1
567,56bf6e7a3aeaaa14008c961f,7,top_heavy,"[140, 70, 45, 35, 25, 20, 15]",0,0.0,0
568,56bf6e7a3aeaaa14008c9620,7,top_heavy,"[140, 70, 45, 35, 25, 20, 15]",0,0.0,0
569,56bf6e7a3aeaaa14008c9621,7,top_heavy,"[140, 70, 45, 35, 25, 20, 15]",1,1.0,1
570,56bf6e7a3aeaaa14008c9622,7,top_heavy,"[140, 70, 45, 35, 25, 20, 15]",0,0.0,1
571,56d7205e0d65d21400198391,7,top_heavy,"[140, 70, 45, 35, 25, 20, 15]",0,0.6666666666666666,1
572,56d7205e0d65d21400198392,7,top_heavy,"[140, 70, 45, 35, 25, 20, 15]",1,1.0,1
573,56d9bc13dc89441400fdb75e,7,top_heavy,"[140, 70, 45, 35, 25, 20, 15]",1,1.0,1
574,56d9bc13dc89441400fdb75f,7,top_heavy,"[140, 70, 45, 35, 25, 20, 15]",0,0.0,0
575,56d9bc13dc89441400fdb760,7,top_heavy,"[140, 70, 45, 35, 25, 20, 15]",0,0.0,1
576,56bec2573aeaaa14008c937b,7,top_heavy,"[140, 70, 45, 35, 25, 20, 15]",0,0.6,1
577,56bec2573aeaaa14008c937c,7,top_heavy,"[140, 70, 45, 35, 25, 20, 15]",1,1.0,1
578,56bf6f743aeaaa14008c9631,7,top_heavy,"[140, 70, 45, 35, 25, 20, 15]",0,0.5,1
579,56bf6f743aeaaa14008c9632,7,top_heavy,"[140, 70, 45, 35, 25, 20, 15]",1,1.0,1
580,56d720c70d65d21400198396,7,top_heavy,"[140, 70, 45, 35, 25, 20, 15]",1,1.0,1
581,56d720c70d65d21400198397,7,top_heavy,"[140, 70, 45, 35, 25, 20, 15]",0,0.16666666666666666,1
582,56d720c70d65d21400198398,7,top_heavy,"[140, 70, 45, 35, 25, 20, 15]",0,0.8,1
583,56bec3153aeaaa14008c9389,7,top_heavy,"[140, 70, 45, 35, 25, 20, 15]",1,1.0,1
584,56bec3153aeaaa14008c938a,7,top_heavy,"[140, 70, 45, 35, 25, 20, 15]",1,1.0,1
585,56bec3153aeaaa14008c938b,7,top_heavy,"[140, 70, 45, 35, 25, 20, 15]",0,0.0,1
586,56bec3153aeaaa14008c938c,7,top_heavy,"[140, 70, 45, 35, 25, 20, 15]",0,0.0,1
587,56bf717d3aeaaa14008c9635,7,top_heavy,"[140, 70, 45, 35, 25, 20, 15]",0,0.0,1
588,56bf717d3aeaaa14008c9637,7,top_heavy,"[140, 70, 45, 35, 25, 20, 15]",1,1.0,1
589,56bf717d3aeaaa14008c9638,7,top_heavy,"[140, 70, 45, 35, 25, 20, 15]",0,0.0,1
590,56bf717d3aeaaa14008c9639,7,top_heavy,"[140, 70, 45, 35, 25, 20, 15]",0,0.0,1
591,56d721af0d65d2140019839e,7,top_heavy,"[140, 70, 45, 35, 25, 20, 15]",0,0.0,1
592,56d721af0d65d2140019839f,7,top_heavy,"[140, 70, 45, 35, 25, 20, 15]",1,1.0,1
593,56d721af0d65d214001983a0,7,top_heavy,"[140, 70, 45, 35, 25, 20, 15]",0,0.0,1
594,56d9bdc1dc89441400fdb768,7,top_heavy,"[140, 70, 45, 35, 25, 20, 15]",1,1.0,1
595,56d9bdc1dc89441400fdb769,7,top_heavy,"[140, 70, 45, 35, 25, 20, 15]",0,0.0,1
596,56d9bdc1dc89441400fdb76a,7,top_heavy,"[140, 70, 45, 35, 25, 20, 15]",0,0.6666666666666666,1
597,56bec38b3aeaaa14008c9397,7,top_heavy,"[140, 70, 45, 35, 25, 20, 15]",1,1.0,1
598,56bec38b3aeaaa14008c9398,7,top_heavy,"[140, 70, 45, 35, 25, 20, 15]",1,1.0,1
599,56bec38b3aeaaa14008c9399,7,top_heavy,"[140, 70, 45, 35, 25, 20, 15]",1,1.0,1
600,56bec38b3aeaaa14008c939a,7,top_heavy,"[140, 70, 45, 35, 25, 20, 15]",1,1.0,1
601,56bf71e73aeaaa14008c963f,7,top_heavy,"[140, 70, 45, 35, 25, 20, 15]",0,0.0,0
602,56bf71e73aeaaa14008c9640,7,top_heavy,"[140, 70, 45, 35, 25, 20, 15]",1,1.0,1
603,56d722330d65d214001983a6,7,top_heavy,"[140, 70, 45, 35, 25, 20, 15]",1,1.0,1
604,56d722330d65d214001983a7,7,top_heavy,"[140, 70, 45, 35, 25, 20, 15]",1,1.0,1
605,56d722330d65d214001983a8,7,top_heavy,"[140, 70, 45, 35, 25, 20, 15]",0,0.0,1
606,56d9be16dc89441400fdb770,7,top_heavy,"[140, 70, 45, 35, 25, 20, 15]",0,0.0,1
607,56d9be16dc89441400fdb771,7,top_heavy,"[140, 70, 45, 35, 25, 20, 15]",0,0.0,1
608,56bec4343aeaaa14008c93a9,7,top_heavy,"[140, 70, 45, 35, 25, 20, 15]",1,1.0,1
609,56bec4343aeaaa14008c93aa,7,top_heavy,"[140, 70, 45, 35, 25, 20, 15]",0,0.0,1
610,56bec4343aeaaa14008c93ab,7,top_heavy,"[140, 70, 45, 35, 25, 20, 15]",1,1.0,1
611,56bec4343aeaaa14008c93ac,7,top_heavy,"[140, 70, 45, 35, 25, 20, 15]",0,0.0,1
612,56d723560d65d214001983ac,7,top_heavy,"[140, 70, 45, 35, 25, 20, 15]",0,0.0,1
613,56d723560d65d214001983ad,7,top_heavy,"[140, 70, 45, 35, 25, 20, 15]",0,0.0,1
614,56d723560d65d214001983ae,7,top_heavy,"[140, 70, 45, 35, 25, 20, 15]",1,1.0,1
615,56d723560d65d214001983af,7,top_heavy,"[140, 70, 45, 35, 25, 20, 15]",1,1.0,1
616,56d9bf70dc89441400fdb77b,7,top_heavy,"[140, 70, 45, 35, 25, 20, 15]",0,0.6666666666666666,1
617,56d9bf70dc89441400fdb77c,7,top_heavy,"[140, 70, 45, 35, 25, 20, 15]",0,0.6666666666666666,1
618,56d9bf70dc89441400fdb77d,7,top_heavy,"[140, 70, 45, 35, 25, 20, 15]",1,1.0,1
619,56bec4a33aeaaa14008c93b1,7,top_heavy,"[140, 70, 45, 35, 25, 20, 15]",0,0.0,0
620,56bec4a33aeaaa14008c93b2,7,top_heavy,"[140, 70, 45, 35, 25, 20, 15]",1,1.0,1
621,56bec4a33aeaaa14008c93b3,7,top_heavy,"[140, 70, 45, 35, 25, 20, 15]",1,1.0,1
622,56bec4a33aeaaa14008c93b4,7,top_heavy,"[140, 70, 45, 35, 25, 20, 15]",1,1.0,1
623,56bec4a33aeaaa14008c93b5,7,top_heavy,"[140, 70, 45, 35, 25, 20, 15]",1,1.0,1
624,56bf738b3aeaaa14008c9655,7,top_heavy,"[140, 70, 45, 35, 25, 20, 15]",0,0.0,0
625,56bf738b3aeaaa14008c9656,7,top_heavy,"[140, 70, 45, 35, 25, 20, 15]",0,0.0,0
626,56d723ad0d65d214001983b4,7,top_heavy,"[140, 70, 45, 35, 25, 20, 15]",1,1.0,1
627,56d723ad0d65d214001983b5,7,top_heavy,"[140, 70, 45, 35, 25, 20, 15]",1,1.0,1
628,56d723ad0d65d214001983b8,7,top_heavy,"[140, 70, 45, 35, 25, 20, 15]",1,1.0,1
629,56d9c049dc89441400fdb78e,7,top_heavy,"[140, 70, 45, 35, 25, 20, 15]",0,0.0,1
630,56d9c049dc89441400fdb78f,7,top_heavy,"[140, 70, 45, 35, 25, 20, 15]",1,1.0,1
631,56d9c049dc89441400fdb790,7,top_heavy,"[140, 70, 45, 35, 25, 20, 15]",0,0.37037037037037035,1
632,56d9c049dc89441400fdb791,7,top_heavy,"[140, 70, 45, 35, 25, 20, 15]",1,1.0,1
633,56d9c049dc89441400fdb792,7,top_heavy,"[140, 70, 45, 35, 25, 20, 15]",0,0.0,1
634,56bec5233aeaaa14008c93cf,7,top_heavy,"[140, 70, 45, 35, 25, 20, 15]",1,1.0,1
635,56bec5233aeaaa14008c93d0,7,top_heavy,"[140, 70, 45, 35, 25, 20, 15]",0,0.25,1
636,56bec5233aeaaa14008c93d1,7,top_heavy,"[140, 70, 45, 35, 25, 20, 15]",1,1.0,1
637,56bec5233aeaaa14008c93d2,7,top_heavy,"[140, 70, 45, 35, 25, 20, 15]",1,1.0,1
638,56bec5233aeaaa14008c93d3,7,top_heavy,"[140, 70, 45, 35, 25, 20, 15]",1,1.0,1
639,56d724620d65d214001983be,7,top_heavy,"[140, 70, 45, 35, 25, 20, 15]",0,0.0,1
640,56d724620d65d214001983bf,7,top_heavy,"[140, 70, 45, 35, 25, 20, 15]",1,1.0,1
641,56d724620d65d214001983c0,7,top_heavy,"[140, 70, 45, 35, 25, 20, 15]",1,1.0,1
642,56d724620d65d214001983c1,7,top_heavy,"[140, 70, 45, 35, 25, 20, 15]",1,1.0,1
643,56d9c203dc89441400fdb7a0,7,top_heavy,"[140, 70, 45, 35, 25, 20, 15]",0,0.2,0
644,56d9c203dc89441400fdb7a3,7,top_heavy,"[140, 70, 45, 35, 25, 20, 15]",0,0.0,1
645,56bec5ff3aeaaa14008c93e3,7,top_heavy,"[140, 70, 45, 35, 25, 20, 15]",0,0.6153846153846153,1
646,56bec5ff3aeaaa14008c93e4,7,top_heavy,"[140, 70, 45, 35, 25, 20, 15]",0,0.0,1
647,56bec5ff3aeaaa14008c93e5,7,top_heavy,"[140, 70, 45, 35, 25, 20, 15]",0,0.0,1
648,56d724ea0d65d214001983c8,7,top_heavy,"[140, 70, 45, 35, 25, 20, 15]",0,0.0,1
649,56d724ea0d65d214001983c9,7,top_heavy,"[140, 70, 45, 35, 25, 20, 15]",1,1.0,1
650,56bec6573aeaaa14008c93e9,7,top_heavy,"[140, 70, 45, 35, 25, 20, 15]",0,0.0,1
651,56bec6573aeaaa14008c93ea,7,top_heavy,"[140, 70, 45, 35, 25, 20, 15]",0,0.0,1
652,56bec6573aeaaa14008c93eb,7,top_heavy,"[140, 70, 45, 35, 25, 20, 15]",0,0.0,1
653,56bec6573aeaaa14008c93ec,7,top_heavy,"[140, 70, 45, 35, 25, 20, 15]",1,1.0,1
654,56bec6573aeaaa14008c93ed,7,top_heavy,"[140, 70, 45, 35, 25, 20, 15]",0,0.0,1
655,56d7251d0d65d214001983cc,7,top_heavy,"[140, 70, 45, 35, 25, 20, 15]",1,1.0,1
656,56d7251d0d65d214001983cd,7,top_heavy,"[140, 70, 45, 35, 25, 20, 15]",1,1.0,1
657,56d7251d0d65d214001983cf,7,top_heavy,"[140, 70, 45, 35, 25, 20, 15]",1,1.0,1
658,56d9c3a6dc89441400fdb7b4,7,top_heavy,"[140, 70, 45, 35, 25, 20, 15]",0,0.0,1
659,56d9c3a6dc89441400fdb7b5,7,top_heavy,"[140, 70, 45, 35, 25, 20, 15]",0,0.0,1
660,56d9c3a6dc89441400fdb7b6,7,top_heavy,"[140, 70, 45, 35, 25, 20, 15]",0,0.0,1
661,56d9c3a6dc89441400fdb7b7,7,top_heavy,"[140, 70, 45, 35, 25, 20, 15]",0,0.0,1
662,56d9c3a6dc89441400fdb7b8,7,top_heavy,"[140, 70, 45, 35, 25, 20, 15]",1,1.0,1
663,56bec6ac3aeaaa14008c93fd,7,top_heavy,"[140, 70, 45, 35, 25, 20, 15]",1,1.0,1
664,56bec6ac3aeaaa14008c93fe,7,top_heavy,"[140, 70, 45, 35, 25, 20, 15]",1,1.0,1
665,56bec6ac3aeaaa14008c93ff,7,top_heavy,"[140, 70, 45, 35, 25, 20, 15]",1,1.0,1
666,56bec6ac3aeaaa14008c9400,7,top_heavy,"[140, 70, 45, 35, 25, 20, 15]",0,0.0,1
667,56bec6ac3aeaaa14008c9401,7,top_heavy,"[140, 70, 45, 35, 25, 20, 15]",0,0.8571428571428571,1
668,56d20650e7d4791d00902614,7,top_heavy,"[140, 70, 45, 35, 25, 20, 15]",1,1.0,1
669,56d20650e7d4791d00902615,7,top_heavy,"[140, 70, 45, 35, 25, 20, 15]",1,1.0,1
670,56d7253b0d65d214001983d4,7,top_heavy,"[140, 70, 45, 35, 25, 20, 15]",0,0.0,0
671,56d7253b0d65d214001983d5,7,top_heavy,"[140, 70, 45, 35, 25, 20, 15]",1,1.0,1
672,56d9c455dc89441400fdb7c4,7,top_heavy,"[140, 70, 45, 35, 25, 20, 15]",0,0.0,0
673,56d9c455dc89441400fdb7c5,7,top_heavy,"[140, 70, 45, 35, 25, 20, 15]",1,1.0,1
674,56d9c455dc89441400fdb7c6,7,top_heavy,"[140, 70, 45, 35, 25, 20, 15]",1,1.0,1
675,56bec7353aeaaa14008c940d,7,top_heavy,"[140, 70, 45, 35, 25, 20, 15]",1,1.0,1
676,56bec7353aeaaa14008c940e,7,top_heavy,"[140, 70, 45, 35, 25, 20, 15]",1,1.0,1
677,56bec7353aeaaa14008c940f,7,top_heavy,"[140, 70, 45, 35, 25, 20, 15]",1,1.0,1
678,56bec7353aeaaa14008c9410,7,top_heavy,"[140, 70, 45, 35, 25, 20, 15]",1,1.0,1
679,56bec7353aeaaa14008c9411,7,top_heavy,"[140, 70, 45, 35, 25, 20, 15]",0,0.6666666666666666,1
680,56d725790d65d214001983d8,7,top_heavy,"[140, 70, 45, 35, 25, 20, 15]",0,0.0,1
681,56d725790d65d214001983da,7,top_heavy,"[140, 70, 45, 35, 25, 20, 15]",1,1.0,1
682,56d725790d65d214001983db,7,top_heavy,"[140, 70, 45, 35, 25, 20, 15]",0,0.0,1
683,56d9c551dc89441400fdb7d0,7,top_heavy,"[140, 70, 45, 35, 25, 20, 15]",0,0.4,1
684,56d9c551dc89441400fdb7d1,7,top_heavy,"[140, 70, 45, 35, 25, 20, 15]",1,1.0,1
685,56d9c551dc89441400fdb7d2,7,top_heavy,"[140, 70, 45, 35, 25, 20, 15]",1,1.0,1
686,56d9c551dc89441400fdb7d3,7,top_heavy,"[140, 70, 45, 35, 25, 20, 15]",1,1.0,1
687,56bec7a63aeaaa14008c9417,7,top_heavy,"[140, 70, 45, 35, 25, 20, 15]",1,1.0,1
688,56bec7a63aeaaa14008c9418,7,top_heavy,"[140, 70, 45, 35, 25, 20, 15]",0,0.0,1
689,56bec7a63aeaaa14008c9419,7,top_heavy,"[140, 70, 45, 35, 25, 20, 15]",1,1.0,1
690,56bec7a63aeaaa14008c941a,7,top_heavy,"[140, 70, 45, 35, 25, 20, 15]",0,0.0,1
691,56bec7a63aeaaa14008c941b,7,top_heavy,"[140, 70, 45, 35, 25, 20, 15]",0,0.0,1
692,56d728a10d65d21400198413,7,top_heavy,"[140, 70, 45, 35, 25, 20, 15]",0,0.0,1
693,56d728a10d65d21400198414,7,top_heavy,"[140, 70, 45, 35, 25, 20, 15]",1,1.0,1
694,56d728a10d65d21400198415,7,top_heavy,"[140, 70, 45, 35, 25, 20, 15]",0,0.0,0
695,56d728a10d65d21400198416,7,top_heavy,"[140, 70, 45, 35, 25, 20, 15]",0,0.0,0
696,56d9c5e7dc89441400fdb7d8,7,top_heavy,"[140, 70, 45, 35, 25, 20, 15]",1,1.0,1
697,56d9c5e7dc89441400fdb7d9,7,top_heavy,"[140, 70, 45, 35, 25, 20, 15]",1,1.0,1
698,56d9c5e7dc89441400fdb7da,7,top_heavy,"[140, 70, 45, 35, 25, 20, 15]",1,1.0,1
699,56d9c5e7dc89441400fdb7db,7,top_heavy,"[140, 70, 45, 35, 25, 20, 15]",0,0.0,1
700,56d9c5e7dc89441400fdb7dc,7,top_heavy,"[140, 70, 45, 35, 25, 20, 15]",0,0.0,1
701,56bec8243aeaaa14008c942b,7,top_heavy,"[140, 70, 45, 35, 25, 20, 15]",1,1.0,1
702,56bec8243aeaaa14008c942c,7,top_heavy,"[140, 70, 45, 35, 25, 20, 15]",1,1.0,1
703,56bec8243aeaaa14008c942d,7,top_heavy,"[140, 70, 45, 35, 25, 20, 15]",1,1.0,1
704,56bec8243aeaaa14008c942e,7,top_heavy,"[140, 70, 45, 35, 25, 20, 15]",0,0.0,1
705,56bec8243aeaaa14008c942f,7,top_heavy,"[140, 70, 45, 35, 25, 20, 15]",0,0.6666666666666666,1
706,56d728e00d65d2140019841c,7,top_heavy,"[140, 70, 45, 35, 25, 20, 15]",0,0.0,1
707,56d728e00d65d2140019841d,7,top_heavy,"[140, 70, 45, 35, 25, 20, 15]",1,1.0,1
708,56d728e00d65d2140019841e,7,top_heavy,"[140, 70, 45, 35, 25, 20, 15]",1,1.0,1
709,56d728e00d65d2140019841f,7,top_heavy,"[140, 70, 45, 35, 25, 20, 15]",0,0.0,1
710,56d728e00d65d21400198420,7,top_heavy,"[140, 70, 45, 35, 25, 20, 15]",0,0.0,1
711,56d9c660dc89441400fdb7e7,7,top_heavy,"[140, 70, 45, 35, 25, 20, 15]",1,1.0,1
712,56d9c660dc89441400fdb7e8,7,top_heavy,"[140, 70, 45, 35, 25, 20, 15]",1,1.0,1
713,56d9c660dc89441400fdb7e9,7,top_heavy,"[140, 70, 45, 35, 25, 20, 15]",1,1.0,1
714,56d9c660dc89441400fdb7ea,7,top_heavy,"[140, 70, 45, 35, 25, 20, 15]",0,0.0,1
715,56bec8a13aeaaa14008c9435,7,top_heavy,"[140, 70, 45, 35, 25, 20, 15]",1,1.0,1
716,56bec8a13aeaaa14008c9436,7,top_heavy,"[140, 70, 45, 35, 25, 20, 15]",0,0.0,0
717,56bec8a13aeaaa14008c9437,7,top_heavy,"[140, 70, 45, 35, 25, 20, 15]",1,1.0,1
718,56bec8a13aeaaa14008c9438,7,top_heavy,"[140, 70, 45, 35, 25, 20, 15]",0,0.0,1
719,56bec8a13aeaaa14008c9439,7,top_heavy,"[140, 70, 45, 35, 25, 20, 15]",0,0.0,1
720,56d729180d65d21400198426,7,top_heavy,"[140, 70, 45, 35, 25, 20, 15]",1,1.0,1
721,56d729180d65d21400198427,7,top_heavy,"[140, 70, 45, 35, 25, 20, 15]",1,1.0,1
722,56d729180d65d21400198428,7,top_heavy,"[140, 70, 45, 35, 25, 20, 15]",1,1.0,1
723,56d729180d65d21400198429,7,top_heavy,"[140, 70, 45, 35, 25, 20, 15]",0,0.6666666666666666,1
724,56d729180d65d2140019842a,7,top_heavy,"[140, 70, 45, 35, 25, 20, 15]",0,0.0,1
725,56d9c6e0dc89441400fdb7f0,7,top_heavy,"[140, 70, 45, 35, 25, 20, 15]",0,0.0,1
726,56d9c6e0dc89441400fdb7f4,7,top_heavy,"[140, 70, 45, 35, 25, 20, 15]",0,0.0,1
727,56bec9133aeaaa14008c9445,7,top_heavy,"[140, 70, 45, 35, 25, 20, 15]",1,1.0,1
728,56bec9133aeaaa14008c9446,7,top_heavy,"[140, 70, 45, 35, 25, 20, 15]",1,1.0,1
729,56bec9133aeaaa14008c9447,7,top_heavy,"[140, 70, 45, 35, 25, 20, 15]",1,1.0,1
730,56bec9133aeaaa14008c9448,7,top_heavy,"[140, 70, 45, 35, 25, 20, 15]",0,0.0,1
731,56bec9133aeaaa14008c9449,7,top_heavy,"[140, 70, 45, 35, 25, 20, 15]",0,0.0,1
732,56d729ec0d65d21400198430,7,top_heavy,"[140, 70, 45, 35, 25, 20, 15]",1,1.0,1
733,56d729ec0d65d21400198431,7,top_heavy,"[140, 70, 45, 35, 25, 20, 15]",0,0.0,1
734,56d729ec0d65d21400198432,7,top_heavy,"[140, 70, 45, 35, 25, 20, 15]",0,0.0,1
735,56d729ec0d65d21400198434,7,top_heavy,"[140, 70, 45, 35, 25, 20, 15]",0,0.0,1
736,56d9c79edc89441400fdb804,7,top_heavy,"[140, 70, 45, 35, 25, 20, 15]",0,0.0,1
737,56d9c79edc89441400fdb805,7,top_heavy,"[140, 70, 45, 35, 25, 20, 15]",0,0.6666666666666666,1
738,56d9c79edc89441400fdb806,7,top_heavy,"[140, 70, 45, 35, 25, 20, 15]",1,1.0,1
739,56d9c79edc89441400fdb807,7,top_heavy,"[140, 70, 45, 35, 25, 20, 15]",0,0.0,1
740,56d9c79edc89441400fdb808,7,top_heavy,"[140, 70, 45, 35, 25, 20, 15]",0,0.0,1
741,56bec98e3aeaaa14008c9455,7,top_heavy,"[140, 70, 45, 35, 25, 20, 15]",1,1.0,1
742,56bec98e3aeaaa14008c9456,7,top_heavy,"[140, 70, 45, 35, 25, 20, 15]",1,1.0,1
743,56bec98e3aeaaa14008c9457,7,top_heavy,"[140, 70, 45, 35, 25, 20, 15]",0,0.0,1
744,56bec98e3aeaaa14008c9458,7,top_heavy,"[140, 70, 45, 35, 25, 20, 15]",0,0.0,1
745,56bec98e3aeaaa14008c9459,7,top_heavy,"[140, 70, 45, 35, 25, 20, 15]",0,0.0,1
746,56d7282f0d65d21400198408,7,top_heavy,"[140, 70, 45, 35, 25, 20, 15]",1,1.0,1
747,56d7282f0d65d21400198409,7,top_heavy,"[140, 70, 45, 35, 25, 20, 15]",1,1.0,1
748,56d7282f0d65d2140019840a,7,top_heavy,"[140, 70, 45, 35, 25, 20, 15]",0,0.0,1
749,56d7282f0d65d2140019840c,7,top_heavy,"[140, 70, 45, 35, 25, 20, 15]",0,0.0,1
750,56d9c92bdc89441400fdb80e,7,top_heavy,"[140, 70, 45, 35, 25, 20, 15]",0,0.0,0
751,56d9c92bdc89441400fdb80f,7,top_heavy,"[140, 70, 45, 35, 25, 20, 15]",0,0.0,1
752,56d9c92bdc89441400fdb810,7,top_heavy,"[140, 70, 45, 35, 25, 20, 15]",1,1.0,1
753,56d9c92bdc89441400fdb811,7,top_heavy,"[140, 70, 45, 35, 25, 20, 15]",0,0.0,1
754,56bec9e83aeaaa14008c945f,7,top_heavy,"[140, 70, 45, 35, 25, 20, 15]",0,0.0,1
755,56bec9e83aeaaa14008c9460,7,top_heavy,"[140, 70, 45, 35, 25, 20, 15]",0,0.0,1
756,56bec9e83aeaaa14008c9461,7,top_heavy,"[140, 70, 45, 35, 25, 20, 15]",0,0.0,1
757,56bec9e83aeaaa14008c9462,7,top_heavy,"[140, 70, 45, 35, 25, 20, 15]",0,0.6666666666666666,1
758,56d7261e0d65d214001983e0,7,top_heavy,"[140, 70, 45, 35, 25, 20, 15]",0,0.6666666666666666,1
759,56d7261e0d65d214001983e1,7,top_heavy,"[140, 70, 45, 35, 25, 20, 15]",1,1.0,1
760,56d7261e0d65d214001983e2,7,top_heavy,"[140, 70, 45, 35, 25, 20, 15]",0,0.5714285714285715,1
761,56d7261e0d65d214001983e4,7,top_heavy,"[140, 70, 45, 35, 25, 20, 15]",1,1.0,1
762,56d9ca0adc89441400fdb820,7,top_heavy,"[140, 70, 45, 35, 25, 20, 15]",1,1.0,1
763,56d9ca0adc89441400fdb821,7,top_heavy,"[140, 70, 45, 35, 25, 20, 15]",0,0.5,1
764,56d9ca0adc89441400fdb822,7,top_heavy,"[140, 70, 45, 35, 25, 20, 15]",1,1.0,1
765,56d9ca0adc89441400fdb823,7,top_heavy,"[140, 70, 45, 35, 25, 20, 15]",0,0.0,1
766,56beca913aeaaa14008c946d,7,top_heavy,"[140, 70, 45, 35, 25, 20, 15]",1,1.0,1
767,56beca913aeaaa14008c946e,7,top_heavy,"[140, 70, 45, 35, 25, 20, 15]",0,0.0,1
768,56beca913aeaaa14008c946f,7,top_heavy,"[140, 70, 45, 35, 25, 20, 15]",0,0.0,1
769,56beca913aeaaa14008c9470,7,top_heavy,"[140, 70, 45, 35, 25, 20, 15]",0,0.0,1
770,56beca913aeaaa14008c9471,7,top_heavy,"[140, 70, 45, 35, 25, 20, 15]",0,0.0,1
771,56d726b60d65d214001983ea,7,top_heavy,"[140, 70, 45, 35, 25, 20, 15]",1,1.0,1
772,56d726b60d65d214001983eb,7,top_heavy,"[140, 70, 45, 35, 25, 20, 15]",0,0.0,1
773,56d726b60d65d214001983ec,7,top_heavy,"[140, 70, 45, 35, 25, 20, 15]",1,1.0,1
774,56d726b60d65d214001983ed,7,top_heavy,"[140, 70, 45, 35, 25, 20, 15]",0,0.0,1
775,56d726b60d65d214001983ee,7,top_heavy,"[140, 70, 45, 35, 25, 20, 15]",0,0.0,1
776,56d9cb47dc89441400fdb832,7,top_heavy,"[140, 70, 45, 35, 25, 20, 15]",0,0.0,1
777,56d9cb47dc89441400fdb833,7,top_heavy,"[140, 70, 45, 35, 25, 20, 15]",1,1.0,1
778,56d9cb47dc89441400fdb834,7,top_heavy,"[140, 70, 45, 35, 25, 20, 15]",0,0.0,1
779,56d9cb47dc89441400fdb835,7,top_heavy,"[140, 70, 45, 35, 25, 20, 15]",0,0.0,1
780,56d9cb47dc89441400fdb836,7,top_heavy,"[140, 70, 45, 35, 25, 20, 15]",0,0.0,1
781,56becaf93aeaaa14008c9481,7,top_heavy,"[140, 70, 45, 35, 25, 20, 15]",0,0.0,1
782,56becaf93aeaaa14008c9482,7,top_heavy,"[140, 70, 45, 35, 25, 20, 15]",0,0.0,1
783,56becaf93aeaaa14008c9483,7,top_heavy,"[140, 70, 45, 35, 25, 20, 15]",0,0.0,1
784,56becaf93aeaaa14008c9484,7,top_heavy,"[140, 70, 45, 35, 25, 20, 15]",1,1.0,0
785,56becaf93aeaaa14008c9485,7,top_heavy,"[140, 70, 45, 35, 25, 20, 15]",0,0.0,0
786,56d7270c0d65d214001983f4,7,top_heavy,"[140, 70, 45, 35, 25, 20, 15]",0,0.0,0
787,56d7270c0d65d214001983f5,7,top_heavy,"[140, 70, 45, 35, 25, 20, 15]",0,0.0,1
788,56d7270c0d65d214001983f6,7,top_heavy,"[140, 70, 45, 35, 25, 20, 15]",1,1.0,1
789,56d7270c0d65d214001983f7,7,top_heavy,"[140, 70, 45, 35, 25, 20, 15]",1,1.0,1
790,56d7270c0d65d214001983f8,7,top_heavy,"[140, 70, 45, 35, 25, 20, 15]",1,1.0,0
791,56d9ccacdc89441400fdb842,7,top_heavy,"[140, 70, 45, 35, 25, 20, 15]",0,0.0,0
792,56d9ccacdc89441400fdb843,7,top_heavy,"[140, 70, 45, 35, 25, 20, 15]",0,0.0,0
793,56d9ccacdc89441400fdb844,7,top_heavy,"[140, 70, 45, 35, 25, 20, 15]",0,0.0,0
794,56d9ccacdc89441400fdb845,7,top_heavy,"[140, 70, 45, 35, 25, 20, 15]",0,0.0,0
795,56d9ccacdc89441400fdb846,7,top_heavy,"[140, 70, 45, 35, 25, 20, 15]",0,0.0,1
796,56becb823aeaaa14008c948b,7,top_heavy,"[140, 70, 45, 35, 25, 20, 15]",0,0.0,1
797,56becb823aeaaa14008c948c,7,top_heavy,"[140, 70, 45, 35, 25, 20, 15]",1,1.0,1
798,56becb823aeaaa14008c948d,7,top_heavy,"[140, 70, 45, 35, 25, 20, 15]",1,1.0,1
799,56becb823aeaaa14008c948e,7,top_heavy,"[140, 70, 45, 35, 25, 20, 15]",0,0.0,1
800,56becb823aeaaa14008c948f,7,top_heavy,"[140, 70, 45, 35, 25, 20, 15]",0,0.6666666666666666,1
801,56d7277c0d65d214001983fe,7,top_heavy,"[140, 70, 45, 35, 25, 20, 15]",0,0.5,1
802,56d7277c0d65d214001983ff,7,top_heavy,"[140, 70, 45, 35, 25, 20, 15]",0,0.0,1
803,56d7277c0d65d21400198401,7,top_heavy,"[140, 70, 45, 35, 25, 20, 15]",1,1.0,1
804,56d7277c0d65d21400198402,7,top_heavy,"[140, 70, 45, 35, 25, 20, 15]",1,1.0,1
805,56d9cd9adc89441400fdb84c,7,top_heavy,"[140, 70, 45, 35, 25, 20, 15]",0,0.0,1
806,56d9cd9adc89441400fdb84d,7,top_heavy,"[140, 70, 45, 35, 25, 20, 15]",1,1.0,1
807,56d9cd9adc89441400fdb84e,7,top_heavy,"[140, 70, 45, 35, 25, 20, 15]",1,1.0,1
808,56d9cd9adc89441400fdb84f,7,top_heavy,"[140, 70, 45, 35, 25, 20, 15]",1,1.0,1
809,56d9cd9adc89441400fdb850,7,top_heavy,"[140, 70, 45, 35, 25, 20, 15]",0,0.0,1
810,5733a5f54776f41900660f45,7,top_heavy,"[140, 70, 45, 35, 25, 20, 15]",1,1.0,1
811,5733a5f54776f41900660f48,7,top_heavy,"[140, 70, 45, 35, 25, 20, 15]",0,0.0,1
812,5733a5f54776f41900660f44,7,top_heavy,"[140, 70, 45, 35, 25, 20, 15]",1,1.0,1
813,5733a5f54776f41900660f46,7,top_heavy,"[140, 70, 45, 35, 25, 20, 15]",0,0.0,1
814,5733a5f54776f41900660f47,7,top_heavy,"[140, 70, 45, 35, 25, 20, 15]",1,1.0,1
815,57336755d058e614000b5a3d,7,top_heavy,"[140, 70, 45, 35, 25, 20, 15]",1,1.0,1
816,57336755d058e614000b5a3f,7,top_heavy,"[140, 70, 45, 35, 25, 20, 15]",0,0.4,1
817,57336755d058e614000b5a3c,7,top_heavy,"[140, 70, 45, 35, 25, 20, 15]",1,1.0,1
818,57336755d058e614000b5a3e,7,top_heavy,"[140, 70, 45, 35, 25, 20, 15]",1,1.0,1
819,57336755d058e614000b5a40,7,top_heavy,"[140, 70, 45, 35, 25, 20, 15]",0,0.0,1
820,57337ddc4776f41900660bbb,7,top_heavy,"[140, 70, 45, 35, 25, 20, 15]",0,0.7499999999999999,1
821,57337ddc4776f41900660bbc,7,top_heavy,"[140, 70, 45, 35, 25, 20, 15]",1,1.0,1
822,57337ddc4776f41900660bba,7,top_heavy,"[140, 70, 45, 35, 25, 20, 15]",1,1.0,1
823,57337ddc4776f41900660bbd,7,top_heavy,"[140, 70, 45, 35, 25, 20, 15]",0,0.0,1
824,57337ddc4776f41900660bbe,7,top_heavy,"[140, 70, 45, 35, 25, 20, 15]",0,0.25,1
825,57337ea24776f41900660bd0,7,top_heavy,"[140, 70, 45, 35, 25, 20, 15]",1,1.0,1
826,57337ea24776f41900660bd3,7,top_heavy,"[140, 70, 45, 35, 25, 20, 15]",0,0.0,1
827,57337ea24776f41900660bd2,7,top_heavy,"[140, 70, 45, 35, 25, 20, 15]",1,1.0,1
828,57337ea24776f41900660bd1,7,top_heavy,"[140, 70, 45, 35, 25, 20, 15]",0,0.0,1
829,57337ea24776f41900660bd4,7,top_heavy,"[140, 70, 45, 35, 25, 20, 15]",0,0.0,1
830,57339555d058e614000b5df4,7,top_heavy,"[140, 70, 45, 35, 25, 20, 15]",1,1.0,1
831,57339555d058e614000b5df5,7,top_heavy,"[140, 70, 45, 35, 25, 20, 15]",1,1.0,1
832,57339555d058e614000b5df6,7,top_heavy,"[140, 70, 45, 35, 25, 20, 15]",1,1.0,1
833,57339555d058e614000b5df3,7,top_heavy,"[140, 70, 45, 35, 25, 20, 15]",1,1.0,1
834,57339555d058e614000b5df7,7,top_heavy,"[140, 70, 45, 35, 25, 20, 15]",0,0.0,1
835,57339902d058e614000b5e70,7,top_heavy,"[140, 70, 45, 35, 25, 20, 15]",1,1.0,1
836,57339902d058e614000b5e71,7,top_heavy,"[140, 70, 45, 35, 25, 20, 15]",1,1.0,1
837,57339902d058e614000b5e72,7,top_heavy,"[140, 70, 45, 35, 25, 20, 15]",0,0.0,1
838,57339902d058e614000b5e73,7,top_heavy,"[140, 70, 45, 35, 25, 20, 15]",1,1.0,1
839,57339902d058e614000b5e74,7,top_heavy,"[140, 70, 45, 35, 25, 20, 15]",0,0.0,1
840,573399b54776f41900660e64,7,top_heavy,"[140, 70, 45, 35, 25, 20, 15]",1,1.0,1
841,573399b54776f41900660e65,7,top_heavy,"[140, 70, 45, 35, 25, 20, 15]",0,0.5,1
842,573399b54776f41900660e66,7,top_heavy,"[140, 70, 45, 35, 25, 20, 15]",0,0.35294117647058826,1
843,573399b54776f41900660e67,7,top_heavy,"[140, 70, 45, 35, 25, 20, 15]",1,1.0,1
844,57339a554776f41900660e74,7,top_heavy,"[140, 70, 45, 35, 25, 20, 15]",1,1.0,1
845,57339a554776f41900660e75,7,top_heavy,"[140, 70, 45, 35, 25, 20, 15]",1,1.0,1
846,57339a554776f41900660e76,7,top_heavy,"[140, 70, 45, 35, 25, 20, 15]",1,1.0,1
847,57339a554776f41900660e77,7,top_heavy,"[140, 70, 45, 35, 25, 20, 15]",1,1.0,1
848,57339a554776f41900660e78,7,top_heavy,"[140, 70, 45, 35, 25, 20, 15]",0,0.0,1
849,57339ad74776f41900660e86,7,top_heavy,"[140, 70, 45, 35, 25, 20, 15]",1,1.0,1
850,57339ad74776f41900660e87,7,top_heavy,"[140, 70, 45, 35, 25, 20, 15]",0,0.0,0
851,57339ad74776f41900660e88,7,top_heavy,"[140, 70, 45, 35, 25, 20, 15]",1,1.0,1
852,57339ad74776f41900660e89,7,top_heavy,"[140, 70, 45, 35, 25, 20, 15]",0,0.0,1
853,57339ad74776f41900660e8a,7,top_heavy,"[140, 70, 45, 35, 25, 20, 15]",0,0.0,1
854,57339c16d058e614000b5ec5,7,top_heavy,"[140, 70, 45, 35, 25, 20, 15]",0,0.0,1
855,57339c16d058e614000b5ec6,7,top_heavy,"[140, 70, 45, 35, 25, 20, 15]",0,0.6666666666666666,1
856,57339c16d058e614000b5ec7,7,top_heavy,"[140, 70, 45, 35, 25, 20, 15]",1,1.0,1
857,57339c16d058e614000b5ec8,7,top_heavy,"[140, 70, 45, 35, 25, 20, 15]",1,1.0,1
858,57339c16d058e614000b5ec9,7,top_heavy,"[140, 70, 45, 35, 25, 20, 15]",1,1.0,1
859,57339dd94776f41900660ecc,7,top_heavy,"[140, 70, 45, 35, 25, 20, 15]",1,1.0,1
860,57339dd94776f41900660ecd,7,top_heavy,"[140, 70, 45, 35, 25, 20, 15]",1,1.0,1
861,57339dd94776f41900660ece,7,top_heavy,"[140, 70, 45, 35, 25, 20, 15]",1,1.0,1
862,57339dd94776f41900660ecf,7,top_heavy,"[140, 70, 45, 35, 25, 20, 15]",1,1.0,1
863,57339dd94776f41900660ed0,7,top_heavy,"[140, 70, 45, 35, 25, 20, 15]",0,0.0,1
864,57339eb9d058e614000b5ef6,7,top_heavy,"[140, 70, 45, 35, 25, 20, 15]",1,1.0,1
865,57339eb9d058e614000b5ef7,7,top_heavy,"[140, 70, 45, 35, 25, 20, 15]",0,0.0,1
866,57339eb9d058e614000b5ef8,7,top_heavy,"[140, 70, 45, 35, 25, 20, 15]",1,1.0,1
867,57339eb9d058e614000b5ef9,7,top_heavy,"[140, 70, 45, 35, 25, 20, 15]",0,0.2222222222222222,1
868,57339eb9d058e614000b5efa,7,top_heavy,"[140, 70, 45, 35, 25, 20, 15]",1,1.0,1
869,5733a1854776f41900660f0a,7,top_heavy,"[140, 70, 45, 35, 25, 20, 15]",0,0.6,1
870,5733a1854776f41900660f0b,7,top_heavy,"[140, 70, 45, 35, 25, 20, 15]",1,1.0,1
871,5733a1854776f41900660f0c,7,top_heavy,"[140, 70, 45, 35, 25, 20, 15]",0,0.8,1
872,5733a1854776f41900660f0d,7,top_heavy,"[140, 70, 45, 35, 25, 20, 15]",1,1.0,1
873,5733a1854776f41900660f0e,7,top_heavy,"[140, 70, 45, 35, 25, 20, 15]",1,1.0,1
874,5733a2a9d058e614000b5f28,7,top_heavy,"[140, 70, 45, 35, 25, 20, 15]",1,1.0,1
875,5733a2a9d058e614000b5f29,7,top_heavy,"[140, 70, 45, 35, 25, 20, 15]",1,1.0,1
876,5733a2a9d058e614000b5f2a,7,top_heavy,"[140, 70, 45, 35, 25, 20, 15]",1,1.0,1
877,5733a2a9d058e614000b5f2b,7,top_heavy,"[140, 70, 45, 35, 25, 20, 15]",1,1.0,1
878,5733a2a9d058e614000b5f2c,7,top_heavy,"[140, 70, 45, 35, 25, 20, 15]",1,1.0,1
879,5733a32bd058e614000b5f32,7,top_heavy,"[140, 70, 45, 35, 25, 20, 15]",1,1.0,1
880,5733a32bd058e614000b5f33,7,top_heavy,"[140, 70, 45, 35, 25, 20, 15]",1,1.0,1
881,5733a32bd058e614000b5f34,7,top_heavy,"[140, 70, 45, 35, 25, 20, 15]",1,1.0,1
882,5733a32bd058e614000b5f35,7,top_heavy,"[140, 70, 45, 35, 25, 20, 15]",1,1.0,1
883,5733a32bd058e614000b5f36,7,top_heavy,"[140, 70, 45, 35, 25, 20, 15]",0,0.8,1
884,5733a45d4776f41900660f23,7,top_heavy,"[140, 70, 45, 35, 25, 20, 15]",0,0.0,0
885,5733a45d4776f41900660f24,7,top_heavy,"[140, 70, 45, 35, 25, 20, 15]",1,1.0,1
886,5733a45d4776f41900660f25,7,top_heavy,"[140, 70, 45, 35, 25, 20, 15]",1,1.0,1
887,5733a45d4776f41900660f26,7,top_heavy,"[140, 70, 45, 35, 25, 20, 15]",1,1.0,1
888,5733a45d4776f41900660f27,7,top_heavy,"[140, 70, 45, 35, 25, 20, 15]",1,1.0,1
889,5733a560d058e614000b5f77,7,top_heavy,"[140, 70, 45, 35, 25, 20, 15]",1,1.0,1
890,5733a560d058e614000b5f78,7,top_heavy,"[140, 70, 45, 35, 25, 20, 15]",1,1.0,1
891,5733a560d058e614000b5f79,7,top_heavy,"[140, 70, 45, 35, 25, 20, 15]",1,1.0,1
892,5733a560d058e614000b5f7a,7,top_heavy,"[140, 70, 45, 35, 25, 20, 15]",1,1.0,1
893,5733a560d058e614000b5f7b,7,top_heavy,"[140, 70, 45, 35, 25, 20, 15]",0,0.0,1
894,5733a6ac4776f41900660f58,7,top_heavy,"[140, 70, 45, 35, 25, 20, 15]",1,1.0,1
895,5733a6ac4776f41900660f59,7,top_heavy,"[140, 70, 45, 35, 25, 20, 15]",1,1.0,1
896,5733a6ac4776f41900660f5a,7,top_heavy,"[140, 70, 45, 35, 25, 20, 15]",1,1.0,1
897,5733a6ac4776f41900660f5b,7,top_heavy,"[140, 70, 45, 35, 25, 20, 15]",0,0.6666666666666666,1
898,5733a6ac4776f41900660f5c,7,top_heavy,"[140, 70, 45, 35, 25, 20, 15]",1,1.0,1
899,573312fcd058e614000b56e6,7,top_heavy,"[140, 70, 45, 35, 25, 20, 15]",1,1.0,1
900,573312fcd058e614000b56e7,7,top_heavy,"[140, 70, 45, 35, 25, 20, 15]",1,1.0,1
901,573312fcd058e614000b56e8,7,top_heavy,"[140, 70, 45, 35, 25, 20, 15]",0,0.0,1
902,573312fcd058e614000b56e9,7,top_heavy,"[140, 70, 45, 35, 25, 20, 15]",1,1.0,1
903,573312fcd058e614000b56ea,7,top_heavy,"[140, 70, 45, 35, 25, 20, 15]",0,0.0,1
904,5733140a4776f419006606e0,7,top_heavy,"[140, 70, 45, 35, 25, 20, 15]",1,1.0,1
905,5733140a4776f419006606e1,7,top_heavy,"[140, 70, 45, 35, 25, 20, 15]",1,1.0,1
906,5733140a4776f419006606e2,7,top_heavy,"[140, 70, 45, 35, 25, 20, 15]",0,0.0,1
907,5733140a4776f419006606e3,7,top_heavy,"[140, 70, 45, 35, 25, 20, 15]",1,1.0,1
908,5733140a4776f419006606e4,7,top_heavy,"[140, 70, 45, 35, 25, 20, 15]",0,0.0,1
909,573314e3d058e614000b56f0,7,top_heavy,"[140, 70, 45, 35, 25, 20, 15]",1,1.0,1
910,573314e3d058e614000b56f1,7,top_heavy,"[140, 70, 45, 35, 25, 20, 15]",0,0.0425531914893617,0
911,573314e3d058e614000b56f2,7,top_heavy,"[140, 70, 45, 35, 25, 20, 15]",1,1.0,1
912,573314e3d058e614000b56f3,7,top_heavy,"[140, 70, 45, 35, 25, 20, 15]",0,0.0,1
913,573314e3d058e614000b56f4,7,top_heavy,"[140, 70, 45, 35, 25, 20, 15]",0,0.0,1
914,57332442d058e614000b5720,7,top_heavy,"[140, 70, 45, 35, 25, 20, 15]",1,1.0,1
915,57332442d058e614000b5721,7,top_heavy,"[140, 70, 45, 35, 25, 20, 15]",1,1.0,1
916,57332442d058e614000b5722,7,top_heavy,"[140, 70, 45, 35, 25, 20, 15]",0,0.14285714285714285,1
917,57332442d058e614000b5723,7,top_heavy,"[140, 70, 45, 35, 25, 20, 15]",0,0.0,1
918,57332442d058e614000b5724,7,top_heavy,"[140, 70, 45, 35, 25, 20, 15]",0,0.0,1
919,57332562d058e614000b5730,7,top_heavy,"[140, 70, 45, 35, 25, 20, 15]",1,1.0,1
920,57332562d058e614000b5731,7,top_heavy,"[140, 70, 45, 35, 25, 20, 15]",1,1.0,1
921,57332562d058e614000b5732,7,top_heavy,"[140, 70, 45, 35, 25, 20, 15]",0,0.0,1
922,57332562d058e614000b5733,7,top_heavy,"[140, 70, 45, 35, 25, 20, 15]",0,0.0,1
923,57332562d058e614000b5734,7,top_heavy,"[140, 70, 45, 35, 25, 20, 15]",0,0.0,1
924,5733266d4776f41900660712,7,top_heavy,"[140, 70, 45, 35, 25, 20, 15]",1,1.0,1
925,5733266d4776f41900660713,7,top_heavy,"[140, 70, 45, 35, 25, 20, 15]",1,1.0,1
926,5733266d4776f41900660714,7,top_heavy,"[140, 70, 45, 35, 25, 20, 15]",1,1.0,1
927,5733266d4776f41900660715,7,top_heavy,"[140, 70, 45, 35, 25, 20, 15]",0,0.5555555555555556,1
928,5733266d4776f41900660716,7,top_heavy,"[140, 70, 45, 35, 25, 20, 15]",1,1.0,1
929,57332a734776f41900660726,7,top_heavy,"[140, 70, 45, 35, 25, 20, 15]",0,0.6666666666666666,1
930,57332a734776f41900660727,7,top_heavy,"[140, 70, 45, 35, 25, 20, 15]",1,1.0,1
931,57332a734776f41900660728,7,top_heavy,"[140, 70, 45, 35, 25, 20, 15]",1,1.0,1
932,57332a734776f41900660729,7,top_heavy,"[140, 70, 45, 35, 25, 20, 15]",0,0.2857142857142857,1
933,57332a734776f4190066072a,7,top_heavy,"[140, 70, 45, 35, 25, 20, 15]",1,1.0,1
934,57332b66d058e614000b5758,7,top_heavy,"[140, 70, 45, 35, 25, 20, 15]",1,1.0,1
935,57332b66d058e614000b5759,7,top_heavy,"[140, 70, 45, 35, 25, 20, 15]",1,1.0,1
936,57332b66d058e614000b575a,7,top_heavy,"[140, 70, 45, 35, 25, 20, 15]",1,1.0,1
937,57332b66d058e614000b575b,7,top_heavy,"[140, 70, 45, 35, 25, 20, 15]",1,1.0,1
938,57332b66d058e614000b575c,7,top_heavy,"[140, 70, 45, 35, 25, 20, 15]",1,1.0,1
939,57332c1e4776f4190066073a,7,top_heavy,"[140, 70, 45, 35, 25, 20, 15]",0,0.0,0
940,57332c1e4776f4190066073b,7,top_heavy,"[140, 70, 45, 35, 25, 20, 15]",0,0.0,1
941,57332c1e4776f4190066073c,7,top_heavy,"[140, 70, 45, 35, 25, 20, 15]",0,0.0,1
942,57332c1e4776f4190066073d,7,top_heavy,"[140, 70, 45, 35, 25, 20, 15]",0,0.8,1
943,57332c1e4776f4190066073e,7,top_heavy,"[140, 70, 45, 35, 25, 20, 15]",0,0.0,1
944,57332e48d058e614000b5762,7,top_heavy,"[140, 70, 45, 35, 25, 20, 15]",1,1.0,1
945,57332e48d058e614000b5763,7,top_heavy,"[140, 70, 45, 35, 25, 20, 15]",1,1.0,1
946,57332e48d058e614000b5764,7,top_heavy,"[140, 70, 45, 35, 25, 20, 15]",0,0.3333333333333333,1
947,57332e48d058e614000b5765,7,top_heavy,"[140, 70, 45, 35, 25, 20, 15]",1,1.0,1
948,57332e48d058e614000b5766,7,top_heavy,"[140, 70, 45, 35, 25, 20, 15]",0,0.0,1
949,57332f81d058e614000b5776,7,top_heavy,"[140, 70, 45, 35, 25, 20, 15]",0,0.8571428571428571,1
950,57332f81d058e614000b5777,7,top_heavy,"[140, 70, 45, 35, 25, 20, 15]",0,0.5,1
951,57332f81d058e614000b5778,7,top_heavy,"[140, 70, 45, 35, 25, 20, 15]",0,0.0,1
952,57332f81d058e614000b5779,7,top_heavy,"[140, 70, 45, 35, 25, 20, 15]",1,1.0,1
953,57332f81d058e614000b577a,7,top_heavy,"[140, 70, 45, 35, 25, 20, 15]",0,0.5714285714285715,1
954,573330444776f41900660758,7,top_heavy,"[140, 70, 45, 35, 25, 20, 15]",1,1.0,1
955,573330444776f41900660759,7,top_heavy,"[140, 70, 45, 35, 25, 20, 15]",1,1.0,1
956,573330444776f4190066075a,7,top_heavy,"[140, 70, 45, 35, 25, 20, 15]",1,1.0,1
957,573330444776f4190066075b,7,top_heavy,"[140, 70, 45, 35, 25, 20, 15]",1,1.0,1
958,573330444776f4190066075c,7,top_heavy,"[140, 70, 45, 35, 25, 20, 15]",1,1.0,1
959,5733314e4776f4190066076a,7,top_heavy,"[140, 70, 45, 35, 25, 20, 15]",1,1.0,1
960,5733314e4776f4190066076b,7,top_heavy,"[140, 70, 45, 35, 25, 20, 15]",1,1.0,1
961,5733314e4776f4190066076c,7,top_heavy,"[140, 70, 45, 35, 25, 20, 15]",0,0.0,1
962,5733314e4776f4190066076d,7,top_heavy,"[140, 70, 45, 35, 25, 20, 15]",0,0.6666666666666666,1
963,5733314e4776f4190066076e,7,top_heavy,"[140, 70, 45, 35, 25, 20, 15]",0,0.25,1
964,57335c20d058e614000b58f9,7,top_heavy,"[140, 70, 45, 35, 25, 20, 15]",1,1.0,1
965,57335c20d058e614000b58fa,7,top_heavy,"[140, 70, 45, 35, 25, 20, 15]",0,0.0,1
966,57335c20d058e614000b58fc,7,top_heavy,"[140, 70, 45, 35, 25, 20, 15]",0,0.0,1
967,57335c20d058e614000b58fb,7,top_heavy,"[140, 70, 45, 35, 25, 20, 15]",1,1.0,1
968,57335c20d058e614000b58fd,7,top_heavy,"[140, 70, 45, 35, 25, 20, 15]",0,0.0,1
969,57335ddbd058e614000b592f,7,top_heavy,"[140, 70, 45, 35, 25, 20, 15]",0,0.5,1
970,57335ddbd058e614000b5930,7,top_heavy,"[140, 70, 45, 35, 25, 20, 15]",0,0.5,1
971,57335ddbd058e614000b5931,7,top_heavy,"[140, 70, 45, 35, 25, 20, 15]",0,0.5,1
972,57335ddbd058e614000b5932,7,top_heavy,"[140, 70, 45, 35, 25, 20, 15]",0,0.0,1
973,57335ddbd058e614000b5933,7,top_heavy,"[140, 70, 45, 35, 25, 20, 15]",0,0.0,1
974,57335fcad058e614000b5970,7,top_heavy,"[140, 70, 45, 35, 25, 20, 15]",1,1.0,1
975,57335fcad058e614000b5971,7,top_heavy,"[140, 70, 45, 35, 25, 20, 15]",1,1.0,1
976,57335fcad058e614000b5972,7,top_heavy,"[140, 70, 45, 35, 25, 20, 15]",0,0.0,0
977,57335fcad058e614000b5973,7,top_heavy,"[140, 70, 45, 35, 25, 20, 15]",1,1.0,1
978,57335fcad058e614000b5974,7,top_heavy,"[140, 70, 45, 35, 25, 20, 15]",0,0.7499999999999999,1
979,573361404776f4190066093c,7,top_heavy,"[140, 70, 45, 35, 25, 20, 15]",1,1.0,1
980,573361404776f4190066093d,7,top_heavy,"[140, 70, 45, 35, 25, 20, 15]",1,1.0,1
981,573361404776f4190066093e,7,top_heavy,"[140, 70, 45, 35, 25, 20, 15]",0,0.8,1
982,573361404776f4190066093f,7,top_heavy,"[140, 70, 45, 35, 25, 20, 15]",0,0.6666666666666666,1
983,573361404776f41900660940,7,top_heavy,"[140, 70, 45, 35, 25, 20, 15]",0,0.0,1
984,573362b94776f41900660974,7,top_heavy,"[140, 70, 45, 35, 25, 20, 15]",1,1.0,1
985,573362b94776f41900660975,7,top_heavy,"[140, 70, 45, 35, 25, 20, 15]",1,1.0,1
986,573362b94776f41900660976,7,top_heavy,"[140, 70, 45, 35, 25, 20, 15]",0,0.6666666666666666,1
987,573362b94776f41900660977,7,top_heavy,"[140, 70, 45, 35, 25, 20, 15]",1,1.0,1
988,573362b94776f41900660978,7,top_heavy,"[140, 70, 45, 35, 25, 20, 15]",0,0.0,1
989,5733638fd058e614000b59e8,7,top_heavy,"[140, 70, 45, 35, 25, 20, 15]",1,1.0,1
990,5733638fd058e614000b59e9,7,top_heavy,"[140, 70, 45, 35, 25, 20, 15]",0,0.6086956521739131,1
991,5733638fd058e614000b59ea,7,top_heavy,"[140, 70, 45, 35, 25, 20, 15]",0,0.8,1
992,5733638fd058e614000b59eb,7,top_heavy,"[140, 70, 45, 35, 25, 20, 15]",1,1.0,1
993,5733638fd058e614000b59ec,7,top_heavy,"[140, 70, 45, 35, 25, 20, 15]",0,0.0,1
994,5733647e4776f419006609ae,7,top_heavy,"[140, 70, 45, 35, 25, 20, 15]",0,0.0,1
995,5733647e4776f419006609af,7,top_heavy,"[140, 70, 45, 35, 25, 20, 15]",1,1.0,1
996,5733647e4776f419006609b0,7,top_heavy,"[140, 70, 45, 35, 25, 20, 15]",1,1.0,1
997,5733647e4776f419006609b1,7,top_heavy,"[140, 70, 45, 35, 25, 20, 15]",0,0.8421052631578948,1
998,5733647e4776f419006609b2,7,top_heavy,"[140, 70, 45, 35, 25, 20, 15]",0,0.0,1
999,573368044776f41900660a29,7,top_heavy,"[140, 70, 45, 35, 25, 20, 15]",1,1.0,1
