sample_index,question_id,gold_context_rank,retrieved_top7,answer_text,answer_char_start,answer_char_end,answer_first_token,answer_last_token,answer_token_count,total_context_tokens,answer_position_ratio,uniform_answer_survives,weighted_answer_survives,top_heavy_answer_survives,f1_top_heavy,f1_uniform,f1_weighted,exact_match_top_heavy,exact_match_uniform,exact_match_weighted
0,56be4db0acb8001400a502ec,1,1,Denver Broncos,177,191,35,39,5,167,0.20958083832335328,1,1,1,1.0,1.0,1.0,1.0,1.0,1.0
1,56be4db0acb8001400a502ed,1,1,Carolina Panthers,249,266,50,52,3,167,0.2994011976047904,0,1,1,0.0,0.0,0.0,0.0,0.0,0.0
2,56be4db0acb8001400a502ee,4,1,"Santa Clara, California",403,426,84,88,5,167,0.5029940119760479,0,0,0,0.0,0.0,0.0,0.0,0.0,0.0
3,56be4db0acb8001400a502ef,1,1,Denver Broncos,177,191,35,39,5,167,0.20958083832335328,1,1,1,1.0,1.0,1.0,1.0,1.0,1.0
4,56be4db0acb8001400a502f0,1,1,gold,488,492,105,105,1,167,0.6287425149700598,0,0,1,0.0,0.0,0.0,0.0,0.0,0.0
5,56be8e613aeaaa14008c90d1,3,1,"""golden anniversary""",487,507,104,108,5,167,0.6227544910179641,0,0,0,0.0,0.0,0.0,0.0,0.0,0.0
6,56be8e613aeaaa14008c90d2,1,1,"February 7, 2016",334,350,69,71,3,167,0.41317365269461076,0,1,1,1.0,0.0,1.0,1.0,0.0,1.0
7,56be8e613aeaaa14008c90d3,3,1,American Football Conference,133,161,27,29,3,167,0.16167664670658682,1,1,1,1.0,1.0,0.0,1.0,1.0,0.0
8,56bea9923aeaaa14008c91b9,3,1,"""golden anniversary""",487,507,104,108,5,167,0.6227544910179641,0,0,0,0.0,0.0,0.0,0.0,0.0,0.0
9,56bea9923aeaaa14008c91ba,0,0,American Football Conference,133,161,27,29,3,167,0.16167664670658682,0,0,0,0.0,0.0,0.0,0.0,0.0,0.0
10,56bea9923aeaaa14008c91bb,2,1,"February 7, 2016",334,350,69,71,3,167,0.41317365269461076,0,0,0,0.6666666666666666,0.0,0.6666666666666666,0.0,0.0,0.0
11,56beace93aeaaa14008c91df,5,1,Denver Broncos,177,191,35,39,5,167,0.20958083832335328,1,0,0,0.6666666666666666,1.0,0.6666666666666666,0.0,1.0,0.0
12,56beace93aeaaa14008c91e0,7,1,Levi's Stadium,355,369,73,76,4,167,0.437125748502994,0,0,0,1.0,1.0,1.0,1.0,1.0,1.0
13,56beace93aeaaa14008c91e1,7,1,Santa Clara,403,414,84,86,3,167,0.5029940119760479,0,0,0,0.0,0.0,0.0,0.0,0.0,0.0
14,56beace93aeaaa14008c91e2,2,1,Super Bowl L,693,705,147,149,3,167,0.8802395209580839,0,0,0,1.0,0.6666666666666666,1.0,1.0,0.0,1.0
15,56beace93aeaaa14008c91e3,1,1,2015,116,120,23,23,1,167,0.1377245508982036,1,1,1,1.0,1.0,1.0,1.0,1.0,1.0
16,56bf10f43aeaaa14008c94fd,2,1,2015,116,120,23,23,1,167,0.1377245508982036,1,1,1,1.0,1.0,1.0,1.0,1.0,1.0
17,56bf10f43aeaaa14008c94fe,7,1,Santa Clara,403,414,84,86,3,167,0.5029940119760479,0,0,0,0.0,0.0,0.0,0.0,0.0,0.0
18,56bf10f43aeaaa14008c94ff,2,1,Levi's Stadium,355,369,73,76,4,167,0.437125748502994,0,0,0,1.0,1.0,1.0,1.0,1.0,1.0
19,56bf10f43aeaaa14008c9500,3,1,24–10,267,272,53,55,3,167,0.31736526946107785,0,0,0,0.0,0.0,0.0,0.0,0.0,0.0
20,56bf10f43aeaaa14008c9501,0,0,"February 7, 2016",334,350,69,71,3,167,0.41317365269461076,0,0,0,0.5,0.5,0.5,0.0,0.0,0.0
21,56d20362e7d4791d009025e8,3,1,2015,116,120,23,23,1,167,0.1377245508982036,1,1,1,1.0,1.0,1.0,1.0,1.0,1.0
22,56d20362e7d4791d009025e9,2,1,Denver Broncos,177,191,35,39,5,167,0.20958083832335328,1,1,1,0.16,1.0,0.16,0.0,1.0,0.0
23,56d20362e7d4791d009025ea,2,1,Carolina Panthers,249,266,50,52,3,167,0.2994011976047904,0,1,1,0.0,0.0,0.0,0.0,0.0,0.0
24,56d20362e7d4791d009025eb,5,1,Denver Broncos,177,191,35,39,5,167,0.20958083832335328,1,0,0,0.6666666666666666,1.0,0.6666666666666666,0.0,1.0,0.0
25,56d600e31c85041400946eae,1,1,2015,116,120,23,23,1,167,0.1377245508982036,1,1,1,1.0,1.0,1.0,1.0,1.0,1.0
26,56d600e31c85041400946eb0,4,1,Denver Broncos,177,191,35,39,5,167,0.20958083832335328,1,1,0,0.6666666666666666,1.0,0.6666666666666666,0.0,1.0,0.0
27,56d600e31c85041400946eb1,4,1,"Santa Clara, California.",403,427,84,89,6,167,0.5029940119760479,0,0,0,0.0,0.0,0.0,0.0,0.0,0.0
28,56d9895ddc89441400fdb50e,5,1,Super Bowl,0,10,0,1,2,167,0.0,1,1,1,0.0,0.8,0.0,0.0,0.0,0.0
29,56d9895ddc89441400fdb510,3,1,Denver Broncos,177,191,35,39,5,167,0.20958083832335328,1,1,1,0.0,1.0,0.0,0.0,1.0,0.0
30,56be4e1facb8001400a502f6,1,1,Cam Newton,77,87,17,18,2,146,0.11643835616438356,1,1,1,1.0,1.0,1.0,1.0,1.0,1.0
31,56be4e1facb8001400a502f9,3,1,8,467,468,107,107,1,146,0.7328767123287672,0,0,0,1.0,0.0,1.0,1.0,0.0,1.0
32,56be4e1facb8001400a502fa,3,1,1995,291,295,61,61,1,146,0.4178082191780822,0,0,0,0.0,0.0,0.0,0.0,0.0,0.0
33,56beaa4a3aeaaa14008c91c2,0,0,Arizona Cardinals,152,169,35,37,3,146,0.23972602739726026,0,0,0,0.0,0.0,0.0,0.0,0.0,0.0
34,56beaa4a3aeaaa14008c91c3,7,1,New England Patriots,372,392,83,86,4,146,0.5684931506849316,0,0,0,0.0,0.0,0.0,0.0,0.0,0.0
35,56bead5a3aeaaa14008c91e9,2,1,Arizona Cardinals,152,169,35,37,3,146,0.23972602739726026,1,1,1,1.0,1.0,1.0,1.0,1.0,1.0
36,56bead5a3aeaaa14008c91ea,1,1,New England Patriots,372,392,83,86,4,146,0.5684931506849316,0,1,1,1.0,0.0,1.0,1.0,0.0,1.0
37,56bead5a3aeaaa14008c91eb,0,0,New England Patriots,372,392,83,86,4,146,0.5684931506849316,0,0,0,0.0,1.0,0.0,0.0,1.0,0.0
38,56bead5a3aeaaa14008c91ec,2,1,four,575,579,133,133,1,146,0.910958904109589,0,0,0,0.0,0.0,0.0,0.0,0.0,0.0
39,56bead5a3aeaaa14008c91ed,1,1,Cam Newton,77,87,17,18,2,146,0.11643835616438356,1,1,1,1.0,1.0,1.0,1.0,1.0,1.0
40,56bf159b3aeaaa14008c9507,4,1,15–1,48,52,10,12,3,146,0.0684931506849315,1,1,1,1.0,1.0,1.0,1.0,1.0,1.0
41,56bf159b3aeaaa14008c9508,0,0,Cam Newton,77,87,17,18,2,146,0.11643835616438356,0,0,0,0.0,0.0,0.0,0.0,0.0,0.0
42,56bf159b3aeaaa14008c9509,5,1,12–4,344,348,75,77,3,146,0.5136986301369864,0,0,0,0.0,0.0,0.0,0.0,0.0,0.0
43,56bf159b3aeaaa14008c950a,2,1,4,170,171,38,38,1,146,0.2602739726027397,1,1,1,1.0,0.0,1.0,1.0,0.0,1.0
44,56bf159b3aeaaa14008c950b,1,1,New England Patriots,372,392,83,86,4,146,0.5684931506849316,0,1,1,0.0,0.0,0.0,0.0,0.0,0.0
45,56d2045de7d4791d009025f3,4,1,Cam Newton,77,87,17,18,2,146,0.11643835616438356,1,1,1,1.0,1.0,1.0,1.0,1.0,1.0
46,56d2045de7d4791d009025f4,3,1,Arizona Cardinals,152,169,35,37,3,146,0.23972602739726026,1,1,1,1.0,1.0,1.0,1.0,1.0,1.0
47,56d2045de7d4791d009025f5,4,1,2,345,346,75,75,1,146,0.5136986301369864,0,0,0,0.0,0.0,0.0,0.0,0.0,0.0
48,56d2045de7d4791d009025f6,2,1,New England Patriots,372,392,83,86,4,146,0.5684931506849316,0,0,0,1.0,0.0,1.0,1.0,0.0,1.0
49,56d6017d1c85041400946ebe,1,1,Cam Newton,77,87,17,18,2,146,0.11643835616438356,1,1,1,1.0,1.0,1.0,1.0,1.0,1.0
50,56d6017d1c85041400946ec1,3,1,New England Patriots,372,392,83,86,4,146,0.5684931506849316,0,0,0,0.0,0.0,0.0,0.0,0.0,0.0
51,56d6017d1c85041400946ec2,3,1,Arizona Cardinals,152,169,35,37,3,146,0.23972602739726026,1,1,1,1.0,1.0,1.0,1.0,1.0,1.0
52,56d98a59dc89441400fdb52a,3,1,Cam Newton,77,87,17,18,2,146,0.11643835616438356,1,1,1,1.0,1.0,1.0,1.0,1.0,1.0
53,56d98a59dc89441400fdb52b,3,1,Arizona Cardinals,152,169,35,37,3,146,0.23972602739726026,1,1,1,0.0,0.0,0.0,0.0,0.0,0.0
54,56d98a59dc89441400fdb52e,0,0,1995.,291,296,61,62,2,146,0.4178082191780822,0,0,0,0.0,0.0,0.0,0.0,0.0,0.0
55,56be4eafacb8001400a50302,2,1,Von Miller,248,258,61,62,2,90,0.6777777777777778,0,1,1,1.0,0.0,1.0,1.0,0.0,1.0
56,56be4eafacb8001400a50303,1,1,2,314,315,75,75,1,90,0.8333333333333334,0,1,1,1.0,0.0,1.0,1.0,0.0,1.0
57,56be4eafacb8001400a50304,0,0,Broncos,4,11,1,4,4,90,0.011111111111111112,0,0,0,1.0,1.0,1.0,1.0,1.0,1.0
58,56beab833aeaaa14008c91d2,1,1,linebacker Von Miller,237,258,58,62,5,90,0.6444444444444445,0,1,1,1.0,0.0,1.0,1.0,0.0,1.0
59,56beab833aeaaa14008c91d3,1,1,five solo tackles,295,312,70,73,4,90,0.7777777777777778,0,1,1,0.0,0.0,0.0,0.0,0.0,0.0
60,56beab833aeaaa14008c91d4,1,1,Newton was limited by Denver's defense,67,105,19,26,8,90,0.2111111111111111,1,1,1,1.0,1.0,1.0,1.0,1.0,1.0
61,56beae423aeaaa14008c91f4,1,1,seven,124,129,33,33,1,90,0.36666666666666664,1,1,1,1.0,1.0,1.0,1.0,1.0,1.0
62,56beae423aeaaa14008c91f5,2,1,Von Miller,248,258,61,62,2,90,0.6777777777777778,0,1,1,0.6666666666666666,0.0,1.0,0.0,0.0,1.0
63,56beae423aeaaa14008c91f6,1,1,three,156,161,39,39,1,90,0.43333333333333335,1,1,1,0.0,0.0,0.0,0.0,0.0,0.0
64,56beae423aeaaa14008c91f7,1,1,two,328,331,83,83,1,90,0.9222222222222223,0,1,1,0.0,0.0,0.0,0.0,0.0,0.0
65,56bf17653aeaaa14008c9511,3,1,Von Miller,248,258,61,62,2,90,0.6777777777777778,0,0,0,0.0,0.0,0.0,0.0,0.0,0.0
66,56bf17653aeaaa14008c9513,1,1,linebacker,237,247,58,60,3,90,0.6444444444444445,0,1,1,1.0,0.0,1.0,1.0,0.0,1.0
67,56bf17653aeaaa14008c9514,1,1,5,45,46,12,12,1,90,0.13333333333333333,1,1,1,1.0,0.0,1.0,1.0,0.0,1.0
68,56bf17653aeaaa14008c9515,1,1,2,314,315,75,75,1,90,0.8333333333333334,0,1,1,1.0,0.0,1.0,1.0,0.0,1.0
69,56d204ade7d4791d00902603,2,1,Von Miller,248,258,61,62,2,90,0.6777777777777778,0,1,1,1.0,0.0,1.0,1.0,0.0,1.0
70,56d204ade7d4791d00902604,2,1,5,45,46,12,12,1,90,0.13333333333333333,1,1,1,1.0,0.0,1.0,1.0,0.0,1.0
71,56d601e41c85041400946ece,1,1,seven,124,129,33,33,1,90,0.36666666666666664,1,1,1,1.0,1.0,1.0,1.0,1.0,1.0
72,56d601e41c85041400946ecf,1,1,three,156,161,39,39,1,90,0.43333333333333335,1,1,1,1.0,1.0,1.0,1.0,1.0,1.0
73,56d601e41c85041400946ed0,1,1,a fumble,183,191,44,48,5,90,0.4888888888888889,1,1,1,1.0,1.0,1.0,1.0,1.0,1.0
74,56d601e41c85041400946ed1,0,0,Von Miller,248,258,61,62,2,90,0.6777777777777778,0,0,0,0.0,0.0,0.0,0.0,0.0,0.0
75,56d601e41c85041400946ed2,2,1,linebacker,237,247,58,60,3,90,0.6444444444444445,0,1,1,1.0,0.0,1.0,1.0,0.0,1.0
76,56d98b33dc89441400fdb53b,5,1,seven,124,129,33,33,1,90,0.36666666666666664,1,1,0,0.0,1.0,1.0,0.0,1.0,1.0
77,56d98b33dc89441400fdb53c,1,1,three,156,161,39,39,1,90,0.43333333333333335,1,1,1,1.0,1.0,1.0,1.0,1.0,1.0
78,56d98b33dc89441400fdb53d,2,1,Von Miller,248,258,61,62,2,90,0.6777777777777778,0,1,1,0.0,0.0,0.0,0.0,0.0,0.0
79,56d98b33dc89441400fdb53e,1,1,five,295,299,70,70,1,90,0.7777777777777778,0,1,1,1.0,0.0,1.0,1.0,0.0,1.0
80,56be5333acb8001400a5030a,1,1,CBS,0,3,0,0,1,97,0.0,1,1,1,1.0,1.0,1.0,1.0,1.0,1.0
81,56be5333acb8001400a5030b,1,1,$5 million,67,77,17,18,2,97,0.17525773195876287,1,1,1,1.0,1.0,1.0,1.0,1.0,1.0
82,56be5333acb8001400a5030c,1,1,Coldplay,194,202,44,45,2,97,0.4536082474226804,1,1,1,1.0,1.0,1.0,1.0,1.0,1.0
83,56be5333acb8001400a5030d,1,1,Beyoncé and Bruno Mars,233,255,50,57,8,97,0.5154639175257731,0,1,1,1.0,0.0,1.0,1.0,0.0,1.0
84,56be5333acb8001400a5030e,2,1,Super Bowl XLVII,275,291,63,69,7,97,0.6494845360824743,0,1,1,1.0,0.6666666666666666,1.0,1.0,0.0,1.0
85,56beaf5e3aeaaa14008c91fd,1,1,CBS,0,3,0,0,1,97,0.0,1,1,1,1.0,1.0,1.0,1.0,1.0,1.0
86,56beaf5e3aeaaa14008c91fe,1,1,$5 million,67,77,17,18,2,97,0.17525773195876287,1,1,1,1.0,1.0,1.0,1.0,1.0,1.0
87,56beaf5e3aeaaa14008c91ff,1,1,Beyoncé,233,240,50,54,5,97,0.5154639175257731,0,1,1,0.0,0.0,0.0,0.0,0.0,0.0
88,56beaf5e3aeaaa14008c9200,1,1,Bruno Mars,245,255,56,57,2,97,0.5773195876288659,0,1,1,1.0,0.0,1.0,1.0,0.0,1.0
89,56beaf5e3aeaaa14008c9201,2,1,Coldplay,194,202,44,45,2,97,0.4536082474226804,1,1,1,0.0,1.0,0.0,0.0,1.0,0.0
90,56bf1ae93aeaaa14008c951b,5,1,CBS,0,3,0,0,1,97,0.0,1,1,1,1.0,1.0,1.0,1.0,1.0,1.0
91,56bf1ae93aeaaa14008c951c,1,1,$5 million,67,77,17,18,2,97,0.17525773195876287,1,1,1,1.0,1.0,1.0,1.0,1.0,1.0
92,56bf1ae93aeaaa14008c951e,1,1,Bruno Mars,245,255,56,57,2,97,0.5773195876288659,0,1,1,0.0,0.0,0.0,0.0,0.0,0.0
93,56bf1ae93aeaaa14008c951f,1,1,third,355,360,86,86,1,97,0.8865979381443299,0,1,1,0.0,0.0,0.0,0.0,0.0,0.0
94,56d2051ce7d4791d00902608,7,1,CBS,0,3,0,0,1,97,0.0,1,1,1,1.0,1.0,1.0,1.0,1.0,1.0
95,56d2051ce7d4791d00902609,0,0,$5 million,67,77,17,18,2,97,0.17525773195876287,0,0,0,0.0,0.0,0.0,0.0,0.0,0.0
96,56d2051ce7d4791d0090260a,1,1,Coldplay,194,202,44,45,2,97,0.4536082474226804,1,1,1,1.0,1.0,1.0,1.0,1.0,1.0
97,56d2051ce7d4791d0090260b,2,1,Beyoncé and Bruno Mars,233,255,50,57,8,97,0.5154639175257731,0,1,1,1.0,0.0,1.0,1.0,0.0,1.0
98,56d602631c85041400946ed8,1,1,CBS,0,3,0,0,1,97,0.0,1,1,1,1.0,1.0,1.0,1.0,1.0,1.0
99,56d602631c85041400946eda,1,1,Coldplay,194,202,44,45,2,97,0.4536082474226804,1,1,1,0.4,1.0,0.4,0.0,1.0,0.0
100,56d602631c85041400946edb,1,1,Beyoncé and Bruno Mars,233,255,50,57,8,97,0.5154639175257731,0,1,1,1.0,0.0,1.0,1.0,0.0,1.0
101,56d602631c85041400946edc,1,1,Super Bowl XLVII,275,291,63,69,7,97,0.6494845360824743,0,1,1,1.0,0.6666666666666666,0.6666666666666666,1.0,0.0,0.0
102,56d98c53dc89441400fdb544,0,0,$5 million,67,77,17,18,2,97,0.17525773195876287,0,0,0,0.0,0.0,0.0,0.0,0.0,0.0
103,56d98c53dc89441400fdb545,1,1,Coldplay,194,202,44,45,2,97,0.4536082474226804,1,1,1,0.0,1.0,0.0,0.0,1.0,0.0
104,56d98c53dc89441400fdb546,1,1,Beyoncé and Bruno Mars,233,255,50,57,8,97,0.5154639175257731,0,1,1,1.0,0.0,1.0,1.0,0.0,1.0
105,56d98c53dc89441400fdb548,1,1,Bruno Mars,245,255,56,57,2,97,0.5773195876288659,0,1,1,1.0,0.0,1.0,1.0,0.0,1.0
106,56be53b8acb8001400a50314,1,1,Roger Goodell,32,45,6,8,3,42,0.14285714285714285,1,1,1,1.0,1.0,1.0,1.0,1.0,1.0
107,56be53b8acb8001400a50315,1,1,the 50th Super Bowl,85,104,16,20,5,42,0.38095238095238093,1,1,1,0.6666666666666666,0.6666666666666666,0.6666666666666666,0.0,0.0,0.0
108,56be53b8acb8001400a50316,1,1,2012,9,13,2,2,1,42,0.047619047619047616,1,1,1,1.0,1.0,1.0,1.0,1.0,1.0
109,56beafca3aeaaa14008c9207,4,1,Roger Goodell,32,45,6,8,3,42,0.14285714285714285,1,1,1,1.0,1.0,1.0,1.0,1.0,1.0
110,56beafca3aeaaa14008c9208,0,0,early 2012,3,13,1,2,2,42,0.023809523809523808,0,0,0,0.0,0.0,0.0,0.0,0.0,0.0
111,56bf42f53aeaaa14008c95a3,1,1,Roger Goodell,32,45,6,8,3,42,0.14285714285714285,1,1,1,1.0,1.0,1.0,1.0,1.0,1.0
112,56d2053ae7d4791d00902610,1,1,Roger Goodell,32,45,6,8,3,42,0.14285714285714285,1,1,1,1.0,1.0,1.0,1.0,1.0,1.0
113,56d6edd00d65d21400198250,1,1,Roger Goodell,32,45,6,8,3,42,0.14285714285714285,1,1,1,1.0,1.0,1.0,1.0,1.0,1.0
114,56d6edd00d65d21400198251,1,1,spectacular,106,117,22,24,3,42,0.5238095238095238,1,1,1,1.0,1.0,1.0,1.0,1.0,1.0
115,56d98d0adc89441400fdb54e,1,1,spectacular,106,117,22,24,3,42,0.5238095238095238,1,1,1,1.0,0.0,0.0,1.0,0.0,0.0
116,56d98d0adc89441400fdb54f,1,1,2012,9,13,2,2,1,42,0.047619047619047616,1,1,1,1.0,1.0,1.0,1.0,1.0,1.0
117,56be5438acb8001400a5031a,0,0,New Orleans' Mercedes-Benz Superdome,56,92,13,21,9,43,0.3023255813953488,0,0,0,0.0,0.0,0.0,0.0,0.0,0.0
118,56be5438acb8001400a5031b,0,0,Miami's Sun Life Stadium,94,118,23,28,6,43,0.5348837209302325,0,0,0,0.4,0.0,0.4,0.0,0.0,0.0
119,56be5438acb8001400a5031c,0,0,San Francisco Bay Area's Levi's Stadium,128,167,32,41,10,43,0.7441860465116279,0,0,0,0.4444444444444444,0.0,0.4444444444444444,0.0,0.0,0.0
120,56beb03c3aeaaa14008c920b,0,0,Sun Life Stadium,102,118,26,28,3,43,0.6046511627906976,0,0,0,1.0,1.0,1.0,1.0,1.0,1.0
121,56beb03c3aeaaa14008c920d,3,1,Levi's Stadium,153,167,38,41,4,43,0.8837209302325582,1,1,1,0.0,0.0,0.2352941176470588,0.0,0.0,0.0
122,56bf3c633aeaaa14008c9580,0,0,Levi's Stadium,153,167,38,41,4,43,0.8837209302325582,0,0,0,1.0,0.0,1.0,1.0,0.0,1.0
123,56bf3c633aeaaa14008c9581,0,0,Mercedes-Benz Superdome,69,92,16,21,6,43,0.37209302325581395,0,0,0,0.0,0.0,0.0,0.0,0.0,0.0
124,56bf3c633aeaaa14008c9582,0,0,Sun Life Stadium,102,118,26,28,3,43,0.6046511627906976,0,0,0,1.0,1.0,1.0,1.0,1.0,1.0
125,56d20564e7d4791d00902612,0,0,"New Orleans' Mercedes-Benz Superdome, Miami's Sun Life Stadium, and the San Francisco Bay Area's Levi's Stadium",56,167,13,41,29,43,0.3023255813953488,0,0,0,0.1,0.2352941176470588,0.2352941176470588,0.0,0.0,0.0
126,56d6ee6e0d65d21400198254,0,0,three,43,48,10,10,1,43,0.23255813953488372,0,0,0,0.0,0.0,0.0,0.0,0.0,0.0
127,56d6ee6e0d65d21400198255,1,1,New Orleans,56,67,13,14,2,43,0.3023255813953488,1,1,1,1.0,1.0,1.0,1.0,1.0,1.0
128,56d6ee6e0d65d21400198256,2,1,Sun Life Stadium,102,118,26,28,3,43,0.6046511627906976,1,1,1,1.0,1.0,1.0,1.0,1.0,1.0
129,56d6ee6e0d65d21400198257,0,0,San Francisco,128,141,32,33,2,43,0.7441860465116279,0,0,0,0.0,0.0,0.0,0.0,0.0,0.0
130,56d6ee6e0d65d21400198258,2,1,Levi's Stadium.,153,168,38,42,5,43,0.8837209302325582,1,1,1,1.0,1.0,1.0,1.0,1.0,1.0
131,56d98db6dc89441400fdb552,0,0,Sun Life Stadium,102,118,26,28,3,43,0.6046511627906976,0,0,0,0.4,0.4,0.4,0.0,0.0,0.0
132,56d98db6dc89441400fdb553,0,0,Mercedes-Benz Superdome,69,92,16,21,6,43,0.37209302325581395,0,0,0,0.0,0.0,0.0,0.0,0.0,0.0
133,56d98db6dc89441400fdb554,0,0,Levi's Stadium.,153,168,38,42,5,43,0.8837209302325582,0,0,0,1.0,1.0,1.0,1.0,1.0,1.0
134,56be54bdacb8001400a50322,1,1,"October 16, 2012",24,40,4,6,3,143,0.027972027972027972,1,1,1,1.0,1.0,1.0,1.0,1.0,1.0
135,56be54bdacb8001400a50323,1,1,10,168,170,36,36,1,143,0.2517482517482518,1,1,1,1.0,1.0,1.0,1.0,1.0,1.0
136,56be54bdacb8001400a50324,1,1,Super Bowl XLIV,242,257,53,58,6,143,0.3706293706293706,0,1,1,1.0,0.6666666666666666,1.0,1.0,0.0,1.0
137,56be54bdacb8001400a50325,1,1,2010,261,265,60,60,1,143,0.4195804195804196,0,1,1,1.0,0.0,1.0,1.0,0.0,1.0
138,56be54bdacb8001400a50326,3,1,1985,309,313,69,69,1,143,0.4825174825174825,0,0,0,1.0,0.0,1.0,1.0,0.0,1.0
139,56beb0f43aeaaa14008c921b,3,1,Sun Life Stadium,70,86,14,16,3,143,0.0979020979020979,1,1,1,1.0,1.0,1.0,1.0,1.0,1.0
140,56beb0f43aeaaa14008c921c,1,1,"October 16, 2012",24,40,4,6,3,143,0.027972027972027972,1,1,1,1.0,1.0,1.0,1.0,1.0,1.0
141,56beb0f43aeaaa14008c921d,2,1,Stanford Stadium,340,356,80,81,2,143,0.5594405594405595,0,0,0,0.4,0.0,0.4,0.0,0.0,0.0
142,56beb0f43aeaaa14008c921e,1,1,"May 3, 2013",491,502,113,115,3,143,0.7902097902097902,0,0,1,1.0,0.0,0.0,1.0,0.0,0.0
143,56beb0f43aeaaa14008c921f,1,1,2010,261,265,60,60,1,143,0.4195804195804196,0,1,1,0.0,0.0,1.0,0.0,0.0,1.0
144,56bf21b43aeaaa14008c9525,1,1,two,51,54,10,10,1,143,0.06993006993006994,1,1,1,1.0,1.0,1.0,1.0,1.0,1.0
145,56bf21b43aeaaa14008c9526,1,1,Super Bowl XLIV,242,257,53,58,6,143,0.3706293706293706,0,1,1,1.0,0.6666666666666666,1.0,1.0,0.0,1.0
146,56bf21b43aeaaa14008c9528,1,1,two,51,54,10,10,1,143,0.06993006993006994,1,1,1,0.0,0.0,0.0,0.0,0.0,0.0
147,56bf21b43aeaaa14008c9529,1,1,Florida legislature,508,527,117,118,2,143,0.8181818181818182,0,0,1,0.0,0.0,0.0,0.0,0.0,0.0
148,56d6ef6a0d65d21400198260,4,1,1985,309,313,69,69,1,143,0.4825174825174825,0,0,0,1.0,0.0,1.0,1.0,0.0,1.0
149,56d6ef6a0d65d21400198262,1,1,New Orleans,197,208,44,45,2,143,0.3076923076923077,1,1,1,0.0,0.0,0.0,0.0,0.0,0.0
150,56d98f0ddc89441400fdb558,1,1,"October 16, 2012",24,40,4,6,3,143,0.027972027972027972,1,1,1,1.0,1.0,1.0,1.0,1.0,1.0
151,56d98f0ddc89441400fdb559,1,1,10.,263,266,60,60,1,143,0.4195804195804196,0,1,1,1.0,1.0,1.0,1.0,1.0,1.0
152,56d98f0ddc89441400fdb55a,1,1,New Orleans,197,208,44,45,2,143,0.3076923076923077,1,1,1,0.0,0.0,0.0,0.0,0.0,0.0
153,56d98f0ddc89441400fdb55b,1,1,1985,309,313,69,69,1,143,0.4825174825174825,0,1,1,1.0,0.0,1.0,1.0,0.0,1.0
154,56d98f0ddc89441400fdb55c,1,1,Florida legislature,508,527,117,118,2,143,0.8181818181818182,0,0,1,0.6666666666666666,0.0,0.0,0.0,0.0,0.0
155,56be5523acb8001400a5032c,1,1,"May 21, 2013",3,15,1,3,3,77,0.012987012987012988,1,1,1,1.0,1.0,1.0,1.0,1.0,1.0
156,56be5523acb8001400a5032d,0,0,NFL owners,17,27,4,5,2,77,0.05194805194805195,0,0,0,0.0,0.0,0.0,0.0,0.0,0.0
157,56be5523acb8001400a5032e,4,1,2014,144,148,31,31,1,77,0.4025974025974026,1,1,1,1.0,1.0,1.0,1.0,1.0,1.0
158,56be5523acb8001400a5032f,2,1,$1.2 billion,113,125,25,27,3,77,0.3246753246753247,1,1,1,1.0,1.0,1.0,1.0,1.0,1.0
159,56be5523acb8001400a50330,4,1,San Diego,308,317,72,73,2,77,0.935064935064935,0,0,0,0.3333333333333333,0.3333333333333333,0.3333333333333333,0.0,0.0,0.0
160,56beb2153aeaaa14008c9225,1,1,Boston,56,62,11,11,1,77,0.14285714285714285,1,1,1,1.0,1.0,1.0,1.0,1.0,1.0
161,56beb2153aeaaa14008c9226,2,1,"May 21, 2013",3,15,1,3,3,77,0.012987012987012988,1,1,1,0.0,1.0,1.0,0.0,1.0,1.0
162,56beb2153aeaaa14008c9227,2,1,$1.2 billion,113,125,25,27,3,77,0.3246753246753247,1,1,1,1.0,1.0,1.0,1.0,1.0,1.0
163,56beb2153aeaaa14008c9228,5,1,Super Bowl XXXVII,276,293,61,68,8,77,0.7922077922077922,0,0,0,0.6666666666666666,0.6666666666666666,0.6666666666666666,0.0,0.0,0.0
164,56beb2153aeaaa14008c9229,2,1,San Diego,308,317,72,73,2,77,0.935064935064935,0,0,0,0.5,0.5,0.5,0.0,0.0,0.0
165,56bf23363aeaaa14008c952f,2,1,2013,11,15,3,3,1,77,0.03896103896103896,1,1,1,0.0,0.0,0.0,0.0,0.0,0.0
166,56bf23363aeaaa14008c9530,3,1,2014,144,148,31,31,1,77,0.4025974025974026,1,1,1,1.0,1.0,1.0,1.0,1.0,1.0
167,56bf23363aeaaa14008c9531,2,1,$1.2 billion,113,125,25,27,3,77,0.3246753246753247,1,1,1,1.0,1.0,1.0,1.0,1.0,1.0
168,56bf23363aeaaa14008c9532,1,1,1985,236,240,53,53,1,77,0.6883116883116883,0,1,1,1.0,0.0,1.0,1.0,0.0,1.0
169,56bf23363aeaaa14008c9533,1,1,Super Bowl XXXVII,276,293,61,68,8,77,0.7922077922077922,0,1,1,1.0,0.6666666666666666,1.0,1.0,0.0,1.0
170,56d6f0770d65d21400198268,1,1,"May 21, 2013",3,15,1,3,3,77,0.012987012987012988,1,1,1,1.0,1.0,1.0,1.0,1.0,1.0
171,56d6f0770d65d21400198269,2,1,2014,144,148,31,31,1,77,0.4025974025974026,1,1,1,1.0,1.0,1.0,1.0,1.0,1.0
172,56d6f0770d65d2140019826a,2,1,2003,321,325,75,75,1,77,0.974025974025974,0,0,0,0.0,0.0,0.0,0.0,0.0,0.0
173,56d6f0770d65d2140019826c,1,1,Boston,56,62,11,11,1,77,0.14285714285714285,1,1,1,0.0,0.0,0.0,0.0,0.0,0.0
174,56d98fbfdc89441400fdb562,2,1,"May 21, 2013",3,15,1,3,3,77,0.012987012987012988,1,1,1,0.0,1.0,0.0,0.0,1.0,0.0
175,56d98fbfdc89441400fdb563,2,1,2014.,144,149,31,31,1,77,0.4025974025974026,1,1,1,1.0,1.0,1.0,1.0,1.0,1.0
176,56d98fbfdc89441400fdb564,2,1,$1.2 billion,113,125,25,27,3,77,0.3246753246753247,1,1,1,1.0,1.0,1.0,1.0,1.0,1.0
177,56d98fbfdc89441400fdb565,5,1,2003.,321,326,75,76,2,77,0.974025974025974,0,0,0,0.0,0.0,0.0,0.0,0.0,0.0
178,56be572b3aeaaa14008c9052,1,1,John Fox,636,644,143,144,2,157,0.910828025477707,0,0,0,0.0,0.0,0.0,0.0,0.0,0.0
179,56beb2a03aeaaa14008c922f,2,1,ten,138,141,27,28,2,157,0.17197452229299362,1,1,1,0.0,0.0,1.0,0.0,0.0,1.0
180,56beb2a03aeaaa14008c9230,2,1,six,219,222,46,46,1,157,0.2929936305732484,1,1,1,0.0,0.0,0.0,0.0,0.0,0.0
181,56beb2a03aeaaa14008c9231,2,1,Carolina Panthers,101,118,20,22,3,157,0.12738853503184713,1,1,1,0.0,1.0,0.0,0.0,1.0,0.0
182,56beb2a03aeaaa14008c9232,2,1,Super Bowl XLVIII,444,461,98,103,6,157,0.6242038216560509,0,0,0,0.6666666666666666,0.0,0.6666666666666666,0.0,0.0,0.0
183,56beb2a03aeaaa14008c9233,1,1,John Fox,636,644,143,144,2,157,0.910828025477707,0,0,0,0.0,1.0,0.0,0.0,1.0,0.0
184,56bf28c73aeaaa14008c9539,1,1,eight,324,329,73,73,1,157,0.46496815286624205,0,1,1,0.0,0.0,0.0,0.0,0.0,0.0
185,56bf28c73aeaaa14008c953a,1,1,ten,138,141,27,28,2,157,0.17197452229299362,1,1,1,0.0,1.0,1.0,0.0,1.0,1.0
186,56bf28c73aeaaa14008c953c,2,1,Super Bowl XXXVIII,573,591,123,130,8,157,0.7834394904458599,0,0,0,0.6666666666666666,0.6666666666666666,0.6666666666666666,0.0,0.0,0.0
187,56bf28c73aeaaa14008c953d,2,1,six,219,222,46,46,1,157,0.2929936305732484,1,1,1,0.0,0.0,0.0,0.0,0.0,0.0
188,56d6f1190d65d21400198272,4,1,number one,35,45,7,8,2,157,0.044585987261146494,1,1,1,0.8,0.8,0.8,0.0,0.0,0.0
189,56d6f1190d65d21400198273,7,1,number one,35,45,7,8,2,157,0.044585987261146494,1,1,1,0.0,0.8,0.8,0.0,0.0,0.0
190,56d6f1190d65d21400198274,1,1,Super Bowl XLVIII,444,461,98,103,6,157,0.6242038216560509,0,0,1,0.0,0.6666666666666666,0.5714285714285715,0.0,0.0,0.0
191,56d6f1190d65d21400198275,1,1,Super Bowl XXXVIII.,573,592,123,131,9,157,0.7834394904458599,0,0,1,0.0,0.0,0.0,0.0,0.0,0.0
192,56d6f1190d65d21400198276,2,1,six,219,222,46,46,1,157,0.2929936305732484,1,1,1,0.0,0.0,0.0,0.0,0.0,0.0
193,56d99179dc89441400fdb56c,1,1,one,42,45,8,8,1,157,0.050955414012738856,1,1,1,1.0,1.0,1.0,1.0,1.0,1.0
194,56d99179dc89441400fdb56d,2,1,four,300,304,68,68,1,157,0.43312101910828027,0,1,1,0.0,0.0,0.0,0.0,0.0,0.0
195,56d99179dc89441400fdb570,1,1,John Fox,636,644,143,144,2,157,0.910828025477707,0,0,0,0.0,0.0,0.0,0.0,0.0,0.0
196,56be59683aeaaa14008c9058,1,1,DeAngelo Williams,38,55,9,14,6,203,0.04433497536945813,1,1,1,1.0,1.0,1.0,1.0,1.0,1.0
197,56be59683aeaaa14008c9059,1,1,Kelvin Benjamin,85,100,20,22,3,203,0.09852216748768473,1,1,1,1.0,1.0,1.0,1.0,1.0,1.0
198,56be59683aeaaa14008c905a,1,1,7,326,327,73,73,1,203,0.35960591133004927,0,1,1,0.0,0.0,0.0,0.0,0.0,0.0
199,56beb3083aeaaa14008c923d,1,1,1978,324,328,73,73,1,203,0.35960591133004927,0,1,1,1.0,0.0,1.0,1.0,0.0,1.0
200,56beb3083aeaaa14008c923e,1,1,Carolina Panthers,137,154,37,39,3,203,0.18226600985221675,1,1,1,1.0,1.0,1.0,1.0,1.0,1.0
201,56beb3083aeaaa14008c923f,3,1,Ten,807,810,179,179,1,203,0.8817733990147784,0,0,0,0.0,0.0,0.0,0.0,0.0,0.0
202,56beb3083aeaaa14008c9240,2,1,eight,892,897,196,196,1,203,0.9655172413793104,0,0,0,0.0,0.0,0.0,0.0,0.0,0.0
203,56beb3083aeaaa14008c9241,1,1,Kelvin Benjamin,85,100,20,22,3,203,0.09852216748768473,1,1,1,1.0,1.0,1.0,1.0,1.0,1.0
204,56bf2afe3aeaaa14008c9543,2,1,1978,324,328,73,73,1,203,0.35960591133004927,0,0,0,0.0,0.0,0.0,0.0,0.0,0.0
205,56bf2afe3aeaaa14008c9544,1,1,2009,591,595,130,130,1,203,0.6403940886699507,0,0,1,1.0,0.0,0.0,1.0,0.0,0.0
206,56bf2afe3aeaaa14008c9545,1,1,2011,623,627,137,137,1,203,0.6748768472906403,0,0,1,1.0,0.0,0.0,1.0,0.0,0.0
207,56bf2afe3aeaaa14008c9547,1,1,torn ACL,106,114,26,30,5,203,0.12807881773399016,1,1,1,0.6666666666666666,0.6666666666666666,0.6666666666666666,0.0,0.0,0.0
208,56d6f2000d65d2140019827c,1,1,Kelvin Benjamin,85,100,20,22,3,203,0.09852216748768473,1,1,1,1.0,1.0,1.0,1.0,1.0,1.0
209,56d6f2000d65d2140019827d,2,1,DeAngelo Williams,38,55,9,14,6,203,0.04433497536945813,1,1,1,1.0,1.0,1.0,1.0,1.0,1.0
210,56d6f2000d65d2140019827e,1,1,1978,324,328,73,73,1,203,0.35960591133004927,0,1,1,1.0,0.0,1.0,1.0,0.0,1.0
211,56d6f2000d65d2140019827f,1,1,Ten,807,810,179,179,1,203,0.8817733990147784,0,0,0,0.0,0.0,0.0,0.0,0.0,0.0
212,56d9943fdc89441400fdb576,1,1,Carolina Panthers,137,154,37,39,3,203,0.18226600985221675,1,1,1,1.0,1.0,1.0,1.0,1.0,1.0
213,56d9943fdc89441400fdb577,1,1,1978.,324,329,73,74,2,203,0.35960591133004927,0,1,1,1.0,0.0,1.0,1.0,0.0,1.0
214,56d9943fdc89441400fdb578,1,1,Carolina Panthers,137,154,37,39,3,203,0.18226600985221675,1,1,1,1.0,1.0,1.0,1.0,1.0,1.0
215,56d9943fdc89441400fdb57a,1,1,Ten,807,810,179,179,1,203,0.8817733990147784,0,0,0,0.0,0.0,0.0,0.0,0.0,0.0
216,56beb3a03aeaaa14008c9247,1,1,six,98,101,22,22,1,313,0.07028753993610223,1,1,1,0.0,0.0,0.0,0.0,0.0,0.0
217,56beb3a03aeaaa14008c9248,1,1,45,279,281,64,64,1,313,0.20447284345047922,0,1,1,0.0,0.0,0.0,0.0,0.0,0.0
218,56beb3a03aeaaa14008c9249,1,1,10,312,314,72,72,1,313,0.23003194888178913,0,1,1,1.0,0.0,1.0,1.0,0.0,1.0
219,56beb3a03aeaaa14008c924a,2,1,27,659,661,163,163,1,313,0.5207667731629393,0,0,0,0.0,0.0,0.0,0.0,0.0,0.0
220,56beb3a03aeaaa14008c924b,2,1,Greg Olsen,444,454,106,109,4,313,0.33865814696485624,0,0,0,0.0,0.0,0.0,0.0,0.0,0.0
221,56bf6b303aeaaa14008c960b,1,1,45,279,281,64,64,1,313,0.20447284345047922,0,1,1,1.0,0.0,1.0,1.0,0.0,1.0
222,56bf6b303aeaaa14008c960c,1,1,99.4,396,400,94,96,3,313,0.3003194888178914,0,1,1,0.0,0.0,0.0,0.0,0.0,0.0
223,56bf6b303aeaaa14008c960d,1,1,77 passes,481,490,118,120,3,313,0.3769968051118211,0,0,1,0.0,0.0,0.0,0.0,0.0,0.0
224,56bf6b303aeaaa14008c960e,2,1,receivers,419,428,101,102,2,313,0.3226837060702875,0,0,0,0.0,0.0,0.0,0.0,0.0,0.0
225,56bf6b303aeaaa14008c960f,0,0,Jonathan Stewart,964,980,241,242,2,313,0.7699680511182109,0,0,0,0.0,0.0,0.0,0.0,0.0,0.0
226,56d6f2960d65d21400198286,4,1,six,98,101,22,22,1,313,0.07028753993610223,1,1,1,0.0,0.0,0.0,0.0,0.0,0.0
227,56d6f2960d65d21400198287,1,1,Cam Newton,144,154,31,32,2,313,0.09904153354632587,1,1,1,1.0,1.0,1.0,1.0,1.0,1.0
228,56d6f2960d65d21400198288,1,1,"3,837",197,202,42,44,3,313,0.134185303514377,1,1,1,1.0,1.0,1.0,1.0,1.0,1.0
229,56d6f2960d65d21400198289,1,1,45,279,281,64,64,1,313,0.20447284345047922,0,1,1,0.0,0.0,0.0,0.0,0.0,0.0
230,56d6f2960d65d2140019828a,1,1,six,98,101,22,22,1,313,0.07028753993610223,1,1,1,0.0,0.0,0.0,0.0,0.0,0.0
231,56d997cddc89441400fdb586,1,1,500,52,55,12,12,1,313,0.038338658146964855,1,1,1,0.0,0.0,0.0,0.0,0.0,0.0
232,56d997cddc89441400fdb587,1,1,"3,837",197,202,42,44,3,313,0.134185303514377,1,1,1,0.0,0.0,0.0,0.0,0.0,0.0
233,56d997cddc89441400fdb588,1,1,45,279,281,64,64,1,313,0.20447284345047922,0,1,1,0.0,0.0,0.0,0.0,0.0,0.0
234,56d997cddc89441400fdb589,1,1,99.4.,396,401,94,96,3,313,0.3003194888178914,0,1,1,1.0,0.0,1.0,1.0,0.0,1.0
235,56d997cddc89441400fdb58a,1,1,39,588,590,146,146,1,313,0.46645367412140576,0,0,0,0.0,0.0,0.0,0.0,0.0,0.0
236,56beb4343aeaaa14008c925b,1,1,308,34,37,7,8,2,287,0.024390243902439025,1,1,1,1.0,1.0,1.0,1.0,1.0,1.0
237,56beb4343aeaaa14008c925c,1,1,136,470,473,113,114,2,287,0.39372822299651566,0,0,1,1.0,0.0,0.0,1.0,0.0,0.0
238,56beb4343aeaaa14008c925d,2,1,118,789,792,201,201,1,287,0.7003484320557491,0,0,0,0.0,0.0,0.0,0.0,0.0,0.0
239,56beb4343aeaaa14008c925e,7,1,four,140,144,30,30,1,287,0.10452961672473868,1,0,0,0.0,0.0,0.0,0.0,0.0,0.0
240,56beb4343aeaaa14008c925f,1,1,Kawann Short,192,204,40,43,4,287,0.13937282229965156,1,1,1,1.0,1.0,1.0,1.0,1.0,1.0
241,56d6f3500d65d21400198290,1,1,24,124,126,26,26,1,287,0.09059233449477352,1,1,1,1.0,1.0,1.0,1.0,1.0,1.0
242,56d6f3500d65d21400198291,1,1,Kawann Short,192,204,40,43,4,287,0.13937282229965156,1,1,1,1.0,1.0,1.0,1.0,1.0,1.0
243,56d6f3500d65d21400198292,1,1,four,140,144,30,30,1,287,0.10452961672473868,1,1,1,0.0,0.0,0.0,0.0,0.0,0.0
244,56d6f3500d65d21400198293,1,1,four,140,144,30,30,1,287,0.10452961672473868,1,1,1,0.0,0.0,0.0,0.0,0.0,0.0
245,56d6f3500d65d21400198294,2,1,Kurt Coleman,900,912,228,230,3,287,0.794425087108014,0,0,0,0.0,0.0,0.0,0.0,0.0,0.0
246,56d9992fdc89441400fdb59c,1,1,24,124,126,26,26,1,287,0.09059233449477352,1,1,1,0.0,0.0,0.0,0.0,0.0,0.0
247,56d9992fdc89441400fdb59e,1,1,Kony Ealy,500,509,120,124,5,287,0.4181184668989547,0,0,1,1.0,0.0,0.0,1.0,0.0,0.0
248,56d9992fdc89441400fdb59f,1,1,Luke Kuechly.,666,679,163,167,5,287,0.5679442508710801,0,0,0,0.6666666666666666,0.6666666666666666,0.6666666666666666,0.0,0.0,0.0
249,56d9992fdc89441400fdb5a0,1,1,two.,284,288,63,64,2,287,0.21951219512195122,0,1,1,0.0,0.0,0.0,0.0,0.0,0.0
250,56beb4e43aeaaa14008c9265,1,1,Gary Kubiak,291,302,65,68,4,477,0.13626834381551362,0,1,1,0.0,0.0,0.0,0.0,0.0,0.0
251,56beb4e43aeaaa14008c9266,1,1,Brock Osweiler,1157,1171,269,273,5,477,0.5639412997903563,0,0,0,0.0,0.0,0.0,0.0,0.0,0.0
252,56beb4e43aeaaa14008c9267,2,1,Indianapolis Colts,641,659,142,145,4,477,0.2976939203354298,0,0,0,0.0,0.0,0.0,0.0,0.0,0.0
253,56beb4e43aeaaa14008c9268,1,1,San Diego Chargers,1404,1422,331,335,5,477,0.6939203354297694,0,0,0,0.0,0.0,0.0,0.0,0.0,0.0
254,56beb4e43aeaaa14008c9269,3,1,Wade Phillips,1640,1653,385,387,3,477,0.8071278825995807,0,0,0,0.0,0.0,0.0,0.0,0.0,0.0
255,56bf301c3aeaaa14008c954d,1,1,four,201,205,44,44,1,477,0.09224318658280922,1,1,1,0.0,0.0,0.0,0.0,0.0,0.0
256,56bf301c3aeaaa14008c954e,1,1,Gary Kubiak,291,302,65,68,4,477,0.13626834381551362,0,1,1,1.0,0.0,1.0,1.0,0.0,1.0
257,56bf301c3aeaaa14008c954f,1,1,Indianapolis Colts,641,659,142,145,4,477,0.2976939203354298,0,0,0,0.0,0.0,0.0,0.0,0.0,0.0
258,56bf301c3aeaaa14008c9550,1,1,39,817,819,186,186,1,477,0.389937106918239,0,0,0,1.0,1.0,1.0,1.0,1.0,1.0
259,56bf301c3aeaaa14008c9551,1,1,plantar fasciitis,678,695,153,157,5,477,0.32075471698113206,0,0,0,0.0,0.0,0.0,0.0,0.0,0.0
260,56d6f4030d65d2140019829a,1,1,Gary Kubiak,291,302,65,68,4,477,0.13626834381551362,0,1,1,1.0,0.0,1.0,1.0,0.0,1.0
261,56d6f4030d65d2140019829b,1,1,Peyton Manning,442,456,102,105,4,477,0.2138364779874214,0,0,1,0.0,0.0,1.0,0.0,0.0,1.0
262,56d6f4030d65d2140019829c,1,1,a plantar fasciitis injury,676,702,151,158,8,477,0.3165618448637317,0,0,0,0.0,0.0,0.0,0.0,0.0,0.0
263,56d6f4030d65d2140019829d,1,1,39,817,819,186,186,1,477,0.389937106918239,0,0,0,0.0,0.0,0.0,0.0,0.0,0.0
264,56d6f4030d65d2140019829e,1,1,four,201,205,44,44,1,477,0.09224318658280922,1,1,1,0.0,0.0,0.0,0.0,0.0,0.0
265,56d99b7bdc89441400fdb5c8,7,1,John Fox,179,187,38,39,2,477,0.07966457023060797,1,0,0,0.0,1.0,0.0,0.0,1.0,0.0
266,56d99b7bdc89441400fdb5c9,6,1,Peyton Manning,442,456,102,105,4,477,0.2138364779874214,0,0,0,0.0,0.0,0.0,0.0,0.0,0.0
267,56d99b7bdc89441400fdb5ca,0,0,Gary Kubiak,291,302,65,68,4,477,0.13626834381551362,0,0,0,0.0,0.0,0.0,0.0,0.0,0.0
268,56d99b7bdc89441400fdb5cb,1,1,left foot.,993,1003,233,235,3,477,0.48846960167714887,0,0,0,0.0,0.0,0.0,0.0,0.0,0.0
269,56d99b7bdc89441400fdb5cc,1,1,Wade Phillips,1640,1653,385,387,3,477,0.8071278825995807,0,0,0,0.0,0.0,0.0,0.0,0.0,0.0
270,56beb57b3aeaaa14008c9279,1,1,67.9,44,48,11,14,4,235,0.04680851063829787,1,1,1,1.0,1.0,1.0,1.0,1.0,1.0
271,56beb57b3aeaaa14008c927a,0,0,17,115,117,30,30,1,235,0.1276595744680851,0,0,0,0.0,0.0,0.0,0.0,0.0,0.0
272,56beb57b3aeaaa14008c927b,5,1,Demaryius Thomas,253,269,67,71,5,235,0.2851063829787234,0,0,0,0.0,0.0,0.0,0.0,0.0,0.0
273,56beb57b3aeaaa14008c927c,0,0,C. J. Anderson,572,586,144,148,5,235,0.6127659574468085,0,0,0,0.0,0.0,0.0,0.0,0.0,0.0
274,56beb57b3aeaaa14008c927d,1,1,10,178,180,50,50,1,235,0.2127659574468085,0,1,1,0.0,0.0,0.0,0.0,0.0,0.0
275,56bf38383aeaaa14008c956b,2,1,67.9,44,48,11,14,4,235,0.04680851063829787,1,1,1,1.0,1.0,1.0,1.0,1.0,1.0
276,56bf38383aeaaa14008c956c,2,1,"2,249",77,82,20,22,3,235,0.0851063829787234,1,1,1,0.0,0.0,0.0,0.0,0.0,0.0
277,56bf38383aeaaa14008c956d,3,1,nine,93,97,25,25,1,235,0.10638297872340426,1,1,1,1.0,0.0,1.0,1.0,0.0,1.0
278,56bf38383aeaaa14008c956e,3,1,Demaryius Thomas,253,269,67,71,5,235,0.2851063829787234,0,0,0,0.0,0.0,0.0,0.0,0.0,0.0
279,56bf38383aeaaa14008c956f,2,1,receiver,244,252,66,66,1,235,0.28085106382978725,0,1,1,0.6666666666666666,0.0,0.6666666666666666,0.0,0.0,0.0
280,56d6fe0b0d65d214001982a4,1,1,67.9,44,48,11,14,4,235,0.04680851063829787,1,1,1,1.0,1.0,1.0,1.0,1.0,1.0
281,56d6fe0b0d65d214001982a5,0,0,17,115,117,30,30,1,235,0.1276595744680851,0,0,0,0.0,0.0,0.0,0.0,0.0,0.0
282,56d6fe0b0d65d214001982a6,1,1,Demaryius Thomas,253,269,67,71,5,235,0.2851063829787234,0,1,1,1.0,0.0,1.0,1.0,0.0,1.0
283,56d6fe0b0d65d214001982a7,1,1,5,290,291,77,77,1,235,0.3276595744680851,0,1,1,0.0,0.0,0.0,0.0,0.0,0.0
284,56d99c44dc89441400fdb5d6,1,1,67.9,44,48,11,14,4,235,0.04680851063829787,1,1,1,1.0,1.0,1.0,1.0,1.0,1.0
285,56d99c44dc89441400fdb5d7,2,1,17,115,117,30,30,1,235,0.1276595744680851,1,1,1,1.0,1.0,1.0,1.0,1.0,1.0
286,56d99c44dc89441400fdb5d8,0,0,Emmanuel Sanders,345,361,90,92,3,235,0.3829787234042553,0,0,0,0.0,0.0,0.0,0.0,0.0,0.0
287,56d99c44dc89441400fdb5d9,6,1,C. J. Anderson,572,586,144,148,5,235,0.6127659574468085,0,0,0,1.0,1.0,1.0,1.0,1.0,1.0
288,56d99c44dc89441400fdb5da,1,1,4.7,799,802,204,205,2,235,0.8680851063829788,0,0,0,0.0,0.0,0.0,0.0,0.0,0.0
289,56beb6533aeaaa14008c928d,3,1,"4,530",60,65,15,17,3,186,0.08064516129032258,1,1,1,0.0,1.0,0.0,0.0,1.0,0.0
290,56beb6533aeaaa14008c928e,1,1,5½,198,200,48,50,3,186,0.25806451612903225,0,1,1,0.0,0.0,0.0,0.0,0.0,0.0
291,56beb6533aeaaa14008c9290,1,1,Brandon Marshall,458,474,124,125,2,186,0.6666666666666666,0,0,1,1.0,0.0,0.0,1.0,0.0,0.0
292,56beb6533aeaaa14008c9291,1,1,three,302,307,80,80,1,186,0.43010752688172044,0,1,1,0.0,0.0,0.0,0.0,0.0,0.0
293,56bf3e803aeaaa14008c9588,1,1,Linebacker,309,319,82,84,3,186,0.44086021505376344,0,1,1,1.0,0.0,1.0,1.0,0.0,1.0
294,56bf3e803aeaaa14008c9589,1,1,Linebacker,309,319,82,84,3,186,0.44086021505376344,0,1,1,1.0,0.0,1.0,1.0,0.0,1.0
295,56bf3e803aeaaa14008c958b,1,1,Defensive ends,144,158,35,38,4,186,0.1881720430107527,1,1,1,0.6666666666666666,1.0,0.6666666666666666,0.0,1.0,0.0
296,56d6fea90d65d214001982ae,2,1,296,138,141,32,33,2,186,0.17204301075268819,1,1,1,0.0,0.0,0.0,0.0,0.0,0.0
297,56d6fea90d65d214001982af,1,1,Von Miller,228,238,60,61,2,186,0.3225806451612903,0,1,1,1.0,0.0,1.0,1.0,0.0,1.0
298,56d6fea90d65d214001982b0,1,1,Brandon Marshall,458,474,124,125,2,186,0.6666666666666666,0,0,1,1.0,0.0,0.0,1.0,0.0,0.0
299,56d6fea90d65d214001982b2,1,1,three.,302,308,80,81,2,186,0.43010752688172044,0,1,1,0.0,0.0,0.0,0.0,0.0,0.0
300,56d99da8dc89441400fdb5fd,3,1,Von Miller,228,238,60,61,2,186,0.3225806451612903,0,0,0,0.0,0.0,0.0,0.0,0.0,0.0
301,56d99da8dc89441400fdb5ff,0,0,Linebacker Brandon Marshall,447,474,121,125,5,186,0.6505376344086021,0,0,0,0.0,0.0,0.0,0.0,0.0,0.0
302,56d99da8dc89441400fdb600,1,1,Derek Wolfe and Malik Jackson,159,188,39,45,7,186,0.20967741935483872,1,1,1,1.0,1.0,1.0,1.0,1.0,1.0
303,56beb6f23aeaaa14008c92a1,1,1,Seattle Seahawks,22,38,5,8,4,90,0.05555555555555555,1,1,1,0.0,1.0,0.0,0.0,1.0,0.0
304,56beb6f23aeaaa14008c92a2,1,1,Arizona Cardinals,249,266,64,66,3,90,0.7111111111111111,0,1,1,1.0,1.0,1.0,1.0,1.0,1.0
305,56beb6f23aeaaa14008c92a3,1,1,487,315,318,81,82,2,90,0.9,0,1,1,1.0,0.0,1.0,1.0,0.0,1.0
306,56beb6f23aeaaa14008c92a4,1,1,seven,337,342,86,86,1,90,0.9555555555555556,0,1,1,0.0,0.0,0.0,0.0,0.0,0.0
307,56beb6f23aeaaa14008c92a5,1,1,31–24,163,168,40,42,3,90,0.4444444444444444,1,1,1,0.0,0.0,0.0,0.0,0.0,0.0
308,56bf34293aeaaa14008c9559,2,1,Seattle Seahawks,22,38,5,8,4,90,0.05555555555555555,1,1,1,0.0,0.0,0.0,0.0,0.0,0.0
309,56bf34293aeaaa14008c955a,3,1,31–24,163,168,40,42,3,90,0.4444444444444444,1,1,1,0.0,0.0,0.0,0.0,0.0,0.0
310,56bf34293aeaaa14008c955b,1,1,487,315,318,81,82,2,90,0.9,0,1,1,0.0,0.0,0.0,0.0,0.0,0.0
311,56d701280d65d214001982b8,1,1,Seattle Seahawks,22,38,5,8,4,90,0.05555555555555555,1,1,1,1.0,1.0,1.0,1.0,1.0,1.0
312,56d701280d65d214001982ba,0,0,Arizona Cardinals,249,266,64,66,3,90,0.7111111111111111,0,0,0,0.0,1.0,0.0,0.0,1.0,0.0
313,56d701280d65d214001982bc,1,1,seven,337,342,86,86,1,90,0.9555555555555556,0,1,1,0.0,0.0,0.0,0.0,0.0,0.0
314,56d99e78dc89441400fdb616,1,1,Seattle Seahawks,22,38,5,8,4,90,0.05555555555555555,1,1,1,1.0,1.0,1.0,1.0,1.0,1.0
315,56d99e78dc89441400fdb618,2,1,49–15,297,302,74,76,3,90,0.8222222222222222,0,0,0,1.0,1.0,1.0,1.0,1.0,1.0
316,56d99e78dc89441400fdb619,1,1,Arizona Cardinals,249,266,64,66,3,90,0.7111111111111111,0,1,1,1.0,1.0,1.0,1.0,1.0,1.0
317,56d99e78dc89441400fdb61a,2,1,487,315,318,81,82,2,90,0.9,0,0,0,0.0,0.0,0.0,0.0,0.0,0.0
318,56beb7953aeaaa14008c92ab,2,1,Pittsburgh Steelers,25,44,7,9,3,111,0.06306306306306306,1,1,1,1.0,1.0,1.0,1.0,1.0,1.0
319,56beb7953aeaaa14008c92ac,1,1,11,88,90,22,22,1,111,0.1981981981981982,1,1,1,1.0,1.0,1.0,1.0,1.0,1.0
320,56beb7953aeaaa14008c92ad,5,1,New England Patriots,192,212,46,49,4,111,0.4144144144144144,1,0,0,1.0,1.0,1.0,1.0,1.0,1.0
321,56beb7953aeaaa14008c92ae,1,1,20–18,243,248,57,59,3,111,0.5135135135135135,0,1,1,0.0,0.0,0.0,0.0,0.0,0.0
322,56beb7953aeaaa14008c92af,1,1,17 seconds,322,332,77,78,2,111,0.6936936936936937,0,1,1,1.0,0.0,1.0,1.0,0.0,1.0
323,56bf36b93aeaaa14008c9561,1,1,Broncos,4,11,1,4,4,111,0.009009009009009009,1,1,1,0.0,0.0,0.0,0.0,0.0,0.0
324,56bf36b93aeaaa14008c9562,1,1,23–16,70,75,16,18,3,111,0.14414414414414414,1,1,1,1.0,0.0,1.0,1.0,0.0,1.0
325,56bf36b93aeaaa14008c9563,5,1,New England Patriots,192,212,46,49,4,111,0.4144144144144144,1,0,0,1.0,1.0,1.0,1.0,1.0,1.0
326,56bf36b93aeaaa14008c9564,1,1,17,322,324,77,77,1,111,0.6936936936936937,0,1,1,1.0,0.0,1.0,1.0,0.0,1.0
327,56bf36b93aeaaa14008c9565,1,1,Manning,360,367,86,87,2,111,0.7747747747747747,0,1,1,1.0,0.0,0.0,1.0,0.0,0.0
328,56d7018a0d65d214001982c2,1,1,Pittsburgh Steelers,25,44,7,9,3,111,0.06306306306306306,1,1,1,1.0,1.0,1.0,1.0,1.0,1.0
329,56d7018a0d65d214001982c3,1,1,11,88,90,22,22,1,111,0.1981981981981982,1,1,1,1.0,1.0,1.0,1.0,1.0,1.0
330,56d7018a0d65d214001982c5,1,1,New England Patriots,192,212,46,49,4,111,0.4144144144144144,1,1,1,0.0,0.0,0.0,0.0,0.0,0.0
331,56d99f99dc89441400fdb628,4,1,Pittsburgh Steelers,25,44,7,9,3,111,0.06306306306306306,1,1,1,1.0,1.0,1.0,1.0,1.0,1.0
332,56d99f99dc89441400fdb629,1,1,New England Patriots,192,212,46,49,4,111,0.4144144144144144,1,1,1,1.0,1.0,1.0,1.0,1.0,1.0
333,56d99f99dc89441400fdb62c,1,1,17,322,324,77,77,1,111,0.6936936936936937,0,1,1,1.0,0.0,1.0,1.0,0.0,1.0
334,56beb7fd3aeaaa14008c92b5,2,1,Thomas Davis,39,51,8,9,2,73,0.1095890410958904,1,1,1,1.0,1.0,1.0,1.0,1.0,1.0
335,56beb7fd3aeaaa14008c92b6,1,1,a broken arm,143,155,31,34,4,73,0.4246575342465753,1,1,1,1.0,1.0,1.0,1.0,1.0,1.0
336,56beb7fd3aeaaa14008c92b7,1,1,three,97,102,20,20,1,73,0.273972602739726,1,1,1,0.0,0.0,0.0,0.0,0.0,0.0
337,56beb7fd3aeaaa14008c92b8,2,1,11,56,58,12,12,1,73,0.1643835616438356,1,1,1,1.0,1.0,1.0,1.0,1.0,1.0
338,56bf3a223aeaaa14008c9575,1,1,ACL tears,103,112,21,23,3,73,0.2876712328767123,1,1,1,0.0,0.0,0.0,0.0,0.0,0.0
339,56bf3a223aeaaa14008c9576,1,1,arm,152,155,34,34,1,73,0.4657534246575342,1,1,1,1.0,1.0,1.0,1.0,1.0,1.0
340,56bf3a223aeaaa14008c9577,2,1,11,56,58,12,12,1,73,0.1643835616438356,1,1,1,1.0,1.0,1.0,1.0,1.0,1.0
341,56bf3a223aeaaa14008c9579,1,1,Super Bowl,253,263,62,63,2,73,0.8493150684931506,0,1,1,1.0,0.0,1.0,1.0,0.0,1.0
342,56d703d10d65d214001982d6,1,1,three,97,102,20,20,1,73,0.273972602739726,1,1,1,0.0,0.0,0.0,0.0,0.0,0.0
343,56d703d10d65d214001982d7,3,1,broken arm,145,155,33,34,2,73,0.4520547945205479,1,1,1,1.0,1.0,1.0,1.0,1.0,1.0
344,56d703d10d65d214001982d8,1,1,11,56,58,12,12,1,73,0.1643835616438356,1,1,1,0.0,0.0,0.0,0.0,0.0,0.0
345,56d9a026dc89441400fdb632,1,1,Thomas Davis,39,51,8,9,2,73,0.1095890410958904,1,1,1,0.0,1.0,1.0,0.0,1.0,1.0
346,56beb86b3aeaaa14008c92bd,1,1,39,172,174,36,36,1,84,0.42857142857142855,1,1,1,1.0,1.0,1.0,1.0,1.0,1.0
347,56beb86b3aeaaa14008c92be,1,1,John Elway,204,214,44,46,3,84,0.5238095238095238,1,1,1,1.0,1.0,1.0,1.0,1.0,1.0
348,56beb86b3aeaaa14008c92bf,1,1,38,275,277,67,67,1,84,0.7976190476190477,0,1,1,1.0,0.0,1.0,1.0,0.0,1.0
349,56beb86b3aeaaa14008c92c0,1,1,Executive Vice President of Football Operations and General Manager,304,371,74,82,9,84,0.8809523809523809,0,1,1,1.0,0.0,1.0,1.0,0.0,1.0
350,56beb86b3aeaaa14008c92c1,1,1,Broncos,228,235,51,54,4,84,0.6071428571428571,0,1,1,0.0,0.6666666666666666,1.0,0.0,0.0,1.0
351,56bf3fd53aeaaa14008c9591,2,1,Broncos,228,235,51,54,4,84,0.6071428571428571,0,1,1,1.0,0.0,1.0,1.0,0.0,1.0
352,56bf3fd53aeaaa14008c9592,1,1,John Elway,204,214,44,46,3,84,0.5238095238095238,1,1,1,1.0,1.0,1.0,1.0,1.0,1.0
353,56bf3fd53aeaaa14008c9593,2,1,38,275,277,67,67,1,84,0.7976190476190477,0,1,1,1.0,0.0,1.0,1.0,0.0,1.0
354,56bf3fd53aeaaa14008c9594,2,1,Peyton Manning,0,14,0,3,4,84,0.0,1,1,1,0.0,0.0,0.0,0.0,0.0,0.0
355,56bf3fd53aeaaa14008c9595,5,1,two,57,60,11,11,1,84,0.13095238095238096,1,1,1,0.0,0.0,0.0,0.0,0.0,0.0
356,56d704430d65d214001982de,1,1,two,57,60,11,11,1,84,0.13095238095238096,1,1,1,1.0,1.0,0.0,1.0,1.0,0.0
357,56d704430d65d214001982e0,1,1,Peyton Manning,0,14,0,3,4,84,0.0,1,1,1,1.0,1.0,1.0,1.0,1.0,1.0
358,56d704430d65d214001982e1,1,1,John Elway,204,214,44,46,3,84,0.5238095238095238,1,1,1,0.0,0.0,0.0,0.0,0.0,0.0
359,56d704430d65d214001982e2,1,1,Super Bowl XXXIII,250,267,58,64,7,84,0.6904761904761905,0,1,1,1.0,0.6666666666666666,1.0,1.0,0.0,1.0
360,56d9a0eadc89441400fdb63e,1,1,Peyton Manning,0,14,0,3,4,84,0.0,1,1,1,1.0,1.0,1.0,1.0,1.0,1.0
361,56d9a0eadc89441400fdb63f,3,1,39.,172,175,36,37,2,84,0.42857142857142855,1,1,1,1.0,1.0,1.0,1.0,1.0,1.0
362,56d9a0eadc89441400fdb640,1,1,John Elway,204,214,44,46,3,84,0.5238095238095238,1,1,1,1.0,0.0,1.0,1.0,0.0,1.0
363,56beb90c3aeaaa14008c92c7,1,1,1998,149,153,32,32,1,108,0.2962962962962963,1,1,1,1.0,1.0,1.0,1.0,1.0,1.0
364,56beb90c3aeaaa14008c92c8,1,1,2011,198,202,42,42,1,108,0.3888888888888889,1,1,1,1.0,0.0,1.0,1.0,0.0,1.0
365,56beb90c3aeaaa14008c92c9,4,1,26,492,494,106,106,1,108,0.9814814814814815,0,0,0,0.0,0.0,0.0,0.0,0.0,0.0
366,56beb90c3aeaaa14008c92ca,1,1,13 years and 48 days,443,463,92,96,5,108,0.8518518518518519,0,1,1,0.0,0.0,1.0,0.0,0.0,1.0
367,56beb90c3aeaaa14008c92cb,1,1,Von Miller,306,316,66,67,2,108,0.6111111111111112,0,1,1,0.0,0.0,0.0,0.0,0.0,0.0
368,56bf41013aeaaa14008c959b,1,1,Manning,113,120,24,25,2,108,0.2222222222222222,1,1,1,1.0,1.0,1.0,1.0,1.0,1.0
369,56bf41013aeaaa14008c959c,1,1,Newton,171,177,37,37,1,108,0.3425925925925926,1,1,1,1.0,1.0,1.0,1.0,1.0,1.0
370,56bf41013aeaaa14008c959d,4,1,26,492,494,106,106,1,108,0.9814814814814815,0,0,0,0.0,0.0,0.0,0.0,0.0,0.0
371,56bf41013aeaaa14008c959e,5,1,quarterback,43,54,10,10,1,108,0.09259259259259259,1,1,1,0.0,1.0,0.0,0.0,1.0,0.0
372,56d7096b0d65d214001982fc,1,1,1998,149,153,32,32,1,108,0.2962962962962963,1,1,1,0.5,0.5,0.5,0.0,0.0,0.0
373,56d7096b0d65d214001982fd,1,1,2011,198,202,42,42,1,108,0.3888888888888889,1,1,1,0.0,0.0,0.0,0.0,0.0,0.0
374,56d7096b0d65d214001982fe,1,1,Von Miller,306,316,66,67,2,108,0.6111111111111112,0,1,1,0.0,0.0,0.0,0.0,0.0,0.0
375,56d9a199dc89441400fdb647,1,1,2011.,198,203,42,42,1,108,0.3888888888888889,1,1,1,1.0,1.0,1.0,1.0,1.0,1.0
376,56d9a199dc89441400fdb648,5,1,26,492,494,106,106,1,108,0.9814814814814815,0,0,0,0.0,0.0,0.0,0.0,0.0,0.0
377,56d9a199dc89441400fdb649,1,1,13 years and 48 days,443,463,92,96,5,108,0.8518518518518519,0,1,1,0.0,0.0,1.0,0.0,0.0,1.0
378,56beb97c3aeaaa14008c92db,1,1,Super Bowl XX,63,76,16,20,5,73,0.2191780821917808,1,1,1,1.0,1.0,1.0,1.0,1.0,1.0
379,56beb97c3aeaaa14008c92dc,1,1,Chicago Bears,46,59,12,14,3,73,0.1643835616438356,1,1,1,1.0,1.0,1.0,1.0,1.0,1.0
380,56beb97c3aeaaa14008c92dd,1,1,linebacker,26,36,7,9,3,73,0.0958904109589041,1,1,1,1.0,1.0,1.0,1.0,1.0,1.0
381,56beb97c3aeaaa14008c92de,1,1,Elway,99,104,27,28,2,73,0.3698630136986301,1,1,1,1.0,0.0,1.0,1.0,0.0,1.0
382,56beb97c3aeaaa14008c92df,1,1,Broncos,123,130,34,37,4,73,0.4657534246575342,1,1,1,0.0,0.0,0.0,0.0,0.0,0.0
383,56bf6c3e3aeaaa14008c9615,1,1,linebacker,26,36,7,9,3,73,0.0958904109589041,1,1,1,1.0,1.0,1.0,1.0,1.0,1.0
384,56bf6c3e3aeaaa14008c9617,1,1,Elway,99,104,27,28,2,73,0.3698630136986301,1,1,1,0.0,0.0,0.0,0.0,0.0,0.0
385,56d709ef0d65d21400198306,0,0,Rivera,5,11,1,2,2,73,0.0136986301369863,0,0,0,0.0,0.0,0.0,0.0,0.0,0.0
386,56d709ef0d65d21400198307,1,1,Super Bowl XX,63,76,16,20,5,73,0.2191780821917808,1,1,1,1.0,1.0,1.0,1.0,1.0,1.0
387,56beba103aeaaa14008c92e5,1,1,Justin Tucker,320,333,77,78,2,207,0.3719806763285024,0,1,1,0.5714285714285715,0.0,0.5714285714285715,0.0,0.0,0.0
388,56beba103aeaaa14008c92e6,1,1,Bermuda 419,569,580,138,140,3,207,0.6666666666666666,0,0,0,0.0,0.0,0.0,0.0,0.0,0.0
389,56beba103aeaaa14008c92e7,1,1,Ed Mangan,625,634,151,153,3,207,0.7294685990338164,0,0,0,0.0,0.0,0.0,0.0,0.0,0.0
390,56beba103aeaaa14008c92e8,1,1,Baltimore Ravens,296,312,72,74,3,207,0.34782608695652173,0,1,1,1.0,0.0,1.0,1.0,0.0,1.0
391,56beba103aeaaa14008c92e9,1,1,kicker,313,319,75,76,2,207,0.36231884057971014,0,1,1,1.0,0.0,1.0,1.0,0.0,1.0
392,56bf467d3aeaaa14008c95a5,1,1,Justin Tucker,320,333,77,78,2,207,0.3719806763285024,0,1,1,1.0,0.0,1.0,1.0,0.0,1.0
393,56bf467d3aeaaa14008c95a6,1,1,kicker,313,319,75,76,2,207,0.36231884057971014,0,1,1,1.0,0.0,1.0,1.0,0.0,1.0
394,56bf467d3aeaaa14008c95a7,4,1,hybrid Bermuda 419 turf,562,585,137,141,5,207,0.6618357487922706,0,0,0,0.0,0.0,0.0,0.0,0.0,0.0
395,56d70adc0d65d21400198311,1,1,Justin Tucker,320,333,77,78,2,207,0.3719806763285024,0,1,1,1.0,0.0,1.0,1.0,0.0,1.0
396,56d70adc0d65d21400198312,1,1,a new playing surface,537,558,129,133,5,207,0.6231884057971014,0,0,1,0.6666666666666666,1.0,0.0,0.0,1.0,0.0
397,56d70adc0d65d21400198313,2,1,a hybrid Bermuda 419 turf.,560,586,135,142,8,207,0.6521739130434783,0,0,0,0.2857142857142857,0.0,0.2857142857142857,0.0,0.0,0.0
398,56d70adc0d65d21400198314,1,1,their cleats,788,800,188,192,5,207,0.9082125603864735,0,0,0,0.0,0.0,0.0,0.0,0.0,0.0
399,56d9a419dc89441400fdb678,1,1,Justin Tucker,320,333,77,78,2,207,0.3719806763285024,0,1,1,1.0,0.0,1.0,1.0,0.0,1.0
400,56d9a419dc89441400fdb679,1,1,natural grass,480,493,113,114,2,207,0.5458937198067633,0,0,1,0.8,0.0,0.0,0.0,0.0,0.0
401,56bebad93aeaaa14008c92f9,1,1,Broncos,82,89,18,21,4,268,0.06716417910447761,1,1,1,1.0,1.0,1.0,1.0,1.0,1.0
402,56bebad93aeaaa14008c92fa,2,1,34–19,392,397,98,100,3,268,0.3656716417910448,0,0,0,0.0,0.0,0.0,0.0,0.0,0.0
403,56bebad93aeaaa14008c92fb,1,1,Atlanta Falcons,376,391,95,97,3,268,0.35447761194029853,0,1,1,0.0,0.0,0.0,0.0,0.0,0.0
404,56bebad93aeaaa14008c92fc,1,1,white,117,122,27,27,1,268,0.10074626865671642,1,1,1,0.6666666666666666,1.0,0.6666666666666666,0.0,1.0,0.0
405,56bebad93aeaaa14008c92fd,2,1,Super Bowl XXXIII,302,319,72,78,7,268,0.26865671641791045,0,0,0,1.0,0.6666666666666666,1.0,1.0,0.0,1.0
406,56bf48cc3aeaaa14008c95ab,2,1,Super Bowl XXXIII,302,319,72,78,7,268,0.26865671641791045,0,0,0,1.0,0.0,1.0,1.0,0.0,1.0
407,56bf48cc3aeaaa14008c95ac,2,1,34–19,392,397,98,100,3,268,0.3656716417910448,0,0,0,0.0,0.0,0.0,0.0,0.0,0.0
408,56bf48cc3aeaaa14008c95ae,1,1,Atlanta Falcons,376,391,95,97,3,268,0.35447761194029853,0,1,1,1.0,0.0,1.0,1.0,0.0,1.0
409,56bf48cc3aeaaa14008c95af,1,1,white,117,122,27,27,1,268,0.10074626865671642,1,1,1,1.0,1.0,1.0,1.0,1.0,1.0
410,56d70ccc0d65d2140019831d,1,1,road white jerseys,112,130,26,29,4,268,0.09701492537313433,1,1,1,1.0,1.0,1.0,1.0,1.0,1.0
411,56d70ccc0d65d2140019831f,1,1,Pittsburgh Steelers,801,820,216,218,3,268,0.8059701492537313,0,0,0,0.0,0.0,0.0,0.0,0.0,0.0
412,56d9a637dc89441400fdb697,1,1,Super Bowl XXXIII,302,319,72,78,7,268,0.26865671641791045,0,1,1,1.0,0.0,1.0,1.0,0.0,1.0
413,56d9a637dc89441400fdb698,1,1,blue,467,471,122,122,1,268,0.4552238805970149,0,0,1,0.6666666666666666,1.0,1.0,0.0,1.0,1.0
414,56d9a637dc89441400fdb699,1,1,orange,629,635,164,164,1,268,0.6119402985074627,0,0,0,0.0,0.0,0.0,0.0,0.0,0.0
415,56d9a637dc89441400fdb69a,1,1,black jerseys with silver pants.,993,1025,261,267,7,268,0.9738805970149254,0,0,0,0.2857142857142857,0.0,0.0,0.0,0.0,0.0
416,56bebb293aeaaa14008c9303,1,1,San Jose State,22,36,5,7,3,39,0.1282051282051282,1,1,1,1.0,0.0,0.0,1.0,0.0,0.0
417,56bebb293aeaaa14008c9304,1,1,Stanford University,117,136,27,28,2,39,0.6923076923076923,1,1,1,1.0,1.0,1.0,1.0,1.0,1.0
418,56bebb293aeaaa14008c9305,1,1,San Jose,22,30,5,6,2,39,0.1282051282051282,1,1,1,1.0,1.0,1.0,1.0,1.0,1.0
419,56bebb293aeaaa14008c9306,1,1,Santa Clara,155,166,34,36,3,39,0.8717948717948718,1,1,1,0.0,0.0,0.0,0.0,0.0,0.0
420,56bf49993aeaaa14008c95b5,0,0,San Jose Marriott,73,90,15,17,3,39,0.38461538461538464,0,0,0,0.0,0.0,0.0,0.0,0.0,0.0
421,56bf49993aeaaa14008c95b6,0,0,Santa Clara Marriott,155,175,34,37,4,39,0.8717948717948718,0,0,0,0.0,0.0,0.0,0.0,0.0,0.0
422,56bf49993aeaaa14008c95b7,0,0,San Jose State practice facility,22,54,5,9,5,39,0.1282051282051282,0,0,0,0.0,0.0,0.0,0.0,0.0,0.0
423,56bf49993aeaaa14008c95b8,0,0,Stanford University,117,136,27,28,2,39,0.6923076923076923,0,0,0,0.0,0.0,0.0,0.0,0.0,0.0
424,56d70d240d65d21400198326,0,0,San Jose State practice facility,22,54,5,9,5,39,0.1282051282051282,0,0,0,0.0,0.0,0.0,0.0,0.0,0.0
425,56d70d240d65d21400198327,0,0,San Jose Marriott.,73,91,15,18,4,39,0.38461538461538464,0,0,0,0.0,0.0,0.0,0.0,0.0,0.0
426,56d70d240d65d21400198328,0,0,Stanford University,117,136,27,28,2,39,0.6923076923076923,0,0,0,0.0,0.0,0.0384615384615384,0.0,0.0,0.0
427,56d70d240d65d21400198329,0,0,Santa Clara Marriott.,155,176,34,38,5,39,0.8717948717948718,0,0,0,0.0,0.0,0.0,0.0,0.0,0.0
428,56d9a6b4dc89441400fdb6a0,0,0,San Jose,22,30,5,6,2,39,0.1282051282051282,0,0,0,0.0,0.3333333333333333,0.0,0.0,0.0,0.0
429,56d9a6b4dc89441400fdb6a1,2,1,San Jose Marriott.,73,91,15,18,4,39,0.38461538461538464,1,1,1,1.0,1.0,1.0,1.0,1.0,1.0
430,56d9a6b4dc89441400fdb6a2,0,0,Stanford University,117,136,27,28,2,39,0.6923076923076923,0,0,0,0.0,0.0,0.0384615384615384,0.0,0.0,0.0
431,56d9a6b4dc89441400fdb6a3,0,0,Santa Clara Marriott.,155,176,34,38,5,39,0.8717948717948718,0,0,0,0.0,0.0,0.0,0.0,0.0,0.0
432,56bebbbf3aeaaa14008c9315,1,1,"June 4, 2014",3,15,1,3,3,171,0.005847953216374269,1,1,1,1.0,1.0,1.0,1.0,1.0,1.0
433,56bebbbf3aeaaa14008c9316,1,1,Super Bowl V,129,141,27,29,3,171,0.15789473684210525,1,1,1,0.6666666666666666,0.6666666666666666,0.6666666666666666,0.0,0.0,0.0
434,56bebbbf3aeaaa14008c9317,1,1,Jaime Weston,339,351,75,78,4,171,0.43859649122807015,0,1,1,1.0,0.0,1.0,1.0,0.0,1.0
435,56bebbbf3aeaaa14008c9318,1,1,Super Bowl XLV,585,599,124,128,5,171,0.7251461988304093,0,0,1,1.0,0.6666666666666666,0.6666666666666666,1.0,0.0,0.0
436,56bebbbf3aeaaa14008c9319,1,1,Vince Lombardi,699,713,152,156,5,171,0.8888888888888888,0,0,0,1.0,1.0,1.0,1.0,1.0,1.0
437,56bf4e1b3aeaaa14008c95bd,1,1,2014,11,15,3,3,1,171,0.017543859649122806,1,1,1,1.0,1.0,1.0,1.0,1.0,1.0
438,56bf4e1b3aeaaa14008c95be,2,1,Super Bowl LI,324,337,71,73,3,171,0.4152046783625731,0,0,0,0.6666666666666666,0.6666666666666666,0.6666666666666666,0.0,0.0,0.0
439,56bf4e1b3aeaaa14008c95c0,2,1,L,23,24,6,6,1,171,0.03508771929824561,1,1,1,0.0,0.0,0.0,0.0,0.0,0.0
440,56bf4e1b3aeaaa14008c95c1,1,1,gold,682,686,148,148,1,171,0.8654970760233918,0,0,0,0.0,1.0,0.0,0.0,1.0,0.0
441,56d70daa0d65d21400198332,1,1,"June 4, 2014",3,15,1,3,3,171,0.005847953216374269,1,1,1,1.0,1.0,1.0,1.0,1.0,1.0
442,56d70daa0d65d21400198333,1,1,Arabic numerals,214,229,44,47,4,171,0.2573099415204678,1,1,1,0.0,0.25,0.0,0.0,0.0,0.0
443,56d70daa0d65d21400198334,1,1,L.,272,274,57,58,2,171,0.3333333333333333,0,1,1,0.5,0.0,0.0,0.0,0.0,0.0
444,56d70daa0d65d21400198335,3,1,gold,682,686,148,148,1,171,0.8654970760233918,0,0,0,1.0,1.0,1.0,1.0,1.0,1.0
445,56d70daa0d65d21400198336,1,1,Super Bowl LI.,324,338,71,74,4,171,0.4152046783625731,0,1,1,0.0,0.0,0.0,0.0,0.0,0.0
446,56d9a7addc89441400fdb6a8,2,1,Arabic,214,220,44,44,1,171,0.2573099415204678,1,1,1,1.0,1.0,1.0,1.0,1.0,1.0
447,56d9a7addc89441400fdb6ab,1,1,LI.,335,338,73,74,2,171,0.4269005847953216,0,1,1,0.0,0.0,0.0,0.0,0.0,0.0
448,56bebc383aeaaa14008c931f,1,1,gold,8,12,2,2,1,123,0.016260162601626018,1,1,1,1.0,0.0,1.0,1.0,0.0,1.0
449,56bebc383aeaaa14008c9320,1,1,week 7,290,296,64,65,2,123,0.5203252032520326,0,1,1,1.0,1.0,1.0,1.0,1.0,1.0
450,56bebc383aeaaa14008c9321,1,1,50,232,234,51,51,1,123,0.4146341463414634,0,1,1,1.0,0.0,1.0,1.0,0.0,1.0
451,56bf52483aeaaa14008c95c7,3,1,gold,8,12,2,2,1,123,0.016260162601626018,1,1,1,0.0,1.0,0.0,0.0,1.0,0.0
452,56bf52483aeaaa14008c95c8,1,1,gold,8,12,2,2,1,123,0.016260162601626018,1,1,1,1.0,0.0,1.0,1.0,0.0,1.0
453,56d70e570d65d2140019833c,4,1,Golden Super Bowl,105,122,20,23,4,123,0.16260162601626016,1,1,1,0.6666666666666666,1.0,1.0,0.0,1.0,1.0
454,56d70e570d65d2140019833e,1,1,Gold footballs,357,371,82,84,3,123,0.6666666666666666,0,1,1,1.0,0.0,1.0,1.0,0.0,1.0
455,56d70e570d65d2140019833f,1,1,the 50-yard line,228,244,50,54,5,123,0.4065040650406504,0,1,1,1.0,0.0,1.0,1.0,0.0,1.0
456,56d9b01fdc89441400fdb6d4,0,0,gold,8,12,2,2,1,123,0.016260162601626018,0,0,0,0.0,0.0,0.0,0.0,0.0,0.0
457,56bebcbe3aeaaa14008c9325,1,1,Moscone Center,42,56,8,11,4,135,0.05925925925925926,1,1,1,1.0,1.0,1.0,1.0,1.0,1.0
458,56bebcbe3aeaaa14008c9326,1,1,San Francisco,60,73,13,14,2,135,0.0962962962962963,1,1,1,1.0,1.0,1.0,1.0,1.0,1.0
459,56bebcbe3aeaaa14008c9327,1,1,Ed Lee,419,425,85,86,2,135,0.6296296296296297,0,1,1,1.0,0.0,1.0,1.0,0.0,1.0
460,56bebcbe3aeaaa14008c9328,1,1,Jane Kim,549,557,110,111,2,135,0.8148148148148148,0,0,1,1.0,0.0,0.0,1.0,0.0,0.0
461,56bebcbe3aeaaa14008c9329,7,1,January 30,116,126,26,27,2,135,0.1925925925925926,1,0,0,0.0,1.0,0.0,0.0,1.0,0.0
462,56bf53e73aeaaa14008c95cb,3,1,1 million,302,311,65,66,2,135,0.48148148148148145,0,0,0,0.0,0.0,0.0,0.0,0.0,0.0
463,56bf53e73aeaaa14008c95cc,1,1,Ed Lee,419,425,85,86,2,135,0.6296296296296297,0,1,1,1.0,0.0,1.0,1.0,0.0,1.0
464,56bf53e73aeaaa14008c95cd,2,1,Moscone Center,42,56,8,11,4,135,0.05925925925925926,1,1,1,1.0,1.0,1.0,1.0,1.0,1.0
465,56bf53e73aeaaa14008c95ce,1,1,Super Bowl City,89,104,20,22,3,135,0.14814814814814814,1,1,1,1.0,1.0,1.0,1.0,1.0,1.0
466,56d7145c0d65d2140019834c,3,1,Moscone Center,42,56,8,11,4,135,0.05925925925925926,1,1,1,0.5714285714285715,0.5714285714285715,0.5714285714285715,0.0,0.0,0.0
467,56d7145c0d65d2140019834d,1,1,Super Bowl City,89,104,20,22,3,135,0.14814814814814814,1,1,1,1.0,1.0,1.0,1.0,1.0,1.0
468,56d7145c0d65d2140019834f,1,1,Ed Lee,419,425,85,86,2,135,0.6296296296296297,0,1,1,1.0,0.0,1.0,1.0,0.0,1.0
469,56d9b389dc89441400fdb6ec,1,1,Super Bowl City,89,104,20,22,3,135,0.14814814814814814,1,1,1,1.0,1.0,1.0,1.0,1.0,1.0
470,56d9b389dc89441400fdb6ed,1,1,More than 1 million,292,311,63,66,4,135,0.4666666666666667,0,1,1,1.0,0.0,1.0,1.0,0.0,1.0
471,56d9b389dc89441400fdb6ee,1,1,mayor Ed Lee,413,425,84,86,3,135,0.6222222222222222,0,1,1,1.0,0.0,1.0,1.0,0.0,1.0
472,56d9b389dc89441400fdb6ef,1,1,$5 million.,655,666,132,134,3,135,0.9777777777777777,0,0,1,1.0,0.0,0.0,1.0,0.0,0.0
473,56d9b389dc89441400fdb6f0,1,1,The annual NFL Experience,0,25,0,3,4,135,0.0,1,1,1,1.0,1.0,1.0,1.0,1.0,1.0
474,56bebd713aeaaa14008c932f,1,1,Santa Clara University,184,206,45,48,4,106,0.42452830188679247,1,1,1,1.0,1.0,1.0,1.0,1.0,1.0
475,56bebd713aeaaa14008c9330,0,0,$2 million,23,33,5,6,2,106,0.04716981132075472,0,0,0,0.0,0.0,0.0,0.0,0.0,0.0
476,56bebd713aeaaa14008c9331,1,1,a week,77,83,17,19,3,106,0.16037735849056603,1,1,1,1.0,0.0,0.0,1.0,0.0,0.0
477,56bf555e3aeaaa14008c95d3,0,0,$2 million,23,33,5,6,2,106,0.04716981132075472,0,0,0,0.0,0.0,0.0,0.0,0.0,0.0
478,56bf555e3aeaaa14008c95d4,7,1,pep rally,214,223,53,55,3,106,0.5,0,0,0,0.5,0.5,0.5,0.0,0.0,0.0
479,56bf555e3aeaaa14008c95d5,0,0,city council,335,347,75,76,2,106,0.7075471698113207,0,0,0,0.0,0.0,0.0,0.0,0.0,0.0
480,56d714cd0d65d21400198356,1,1,Bellomy Field,167,180,40,43,4,106,0.37735849056603776,1,1,1,0.5,0.5,0.5,0.0,0.0,0.0
481,56d714cd0d65d21400198358,1,1,A professional fundraiser,225,250,57,59,3,106,0.5377358490566038,0,1,1,1.0,0.0,1.0,1.0,0.0,1.0
482,56d714cd0d65d21400198359,1,1,city council,335,347,75,76,2,106,0.7075471698113207,0,1,1,1.0,0.0,1.0,1.0,0.0,1.0
483,56d9b43edc89441400fdb700,0,0,$2 million,23,33,5,6,2,106,0.04716981132075472,0,0,0,0.5,0.0,0.0,0.0,0.0,0.0
484,56d9b43edc89441400fdb701,1,1,city council,335,347,75,76,2,106,0.7075471698113207,0,1,1,1.0,0.0,1.0,1.0,0.0,1.0
485,56bebde53aeaaa14008c9335,1,1,Monday,108,114,24,24,1,81,0.2962962962962963,1,1,1,1.0,0.0,1.0,1.0,0.0,1.0
486,56bebde53aeaaa14008c9336,1,1,Tuesday,54,61,13,13,1,81,0.16049382716049382,1,1,1,0.6666666666666666,0.6666666666666666,0.6666666666666666,0.0,0.0,0.0
487,56bebde53aeaaa14008c9337,1,1,SAP Center,209,219,46,47,2,81,0.5679012345679012,1,1,1,1.0,0.0,1.0,1.0,0.0,1.0
488,56bebde53aeaaa14008c9338,1,1,San Jose,223,231,49,50,2,81,0.6049382716049383,0,1,1,1.0,0.6666666666666666,1.0,1.0,0.0,1.0
489,56bebde53aeaaa14008c9339,1,1,the Golden Gate Bridge,362,384,76,79,4,81,0.9382716049382716,0,1,1,1.0,0.0,1.0,1.0,0.0,1.0
490,56bf57043aeaaa14008c95d9,1,1,Tuesday,54,61,13,13,1,81,0.16049382716049382,1,1,1,1.0,1.0,1.0,1.0,1.0,1.0
491,56bf57043aeaaa14008c95da,1,1,Monday,108,114,24,24,1,81,0.2962962962962963,1,1,1,0.0,0.0,0.0,0.0,0.0,0.0
492,56bf57043aeaaa14008c95db,1,1,Super Bowl Opening Night,141,165,32,35,4,81,0.3950617283950617,1,1,1,1.0,1.0,1.0,1.0,1.0,1.0
493,56bf57043aeaaa14008c95dc,1,1,SAP Center,209,219,46,47,2,81,0.5679012345679012,1,1,1,0.0,1.0,0.0,0.0,1.0,0.0
494,56bf57043aeaaa14008c95dd,1,1,San Jose,223,231,49,50,2,81,0.6049382716049383,0,1,1,1.0,0.6666666666666666,1.0,1.0,0.0,1.0
495,56d71bd80d65d2140019835e,1,1,the Tuesday afternoon prior to the game,50,89,12,18,7,81,0.14814814814814814,1,1,1,0.6666666666666666,0.6666666666666666,0.6666666666666666,0.0,0.0,0.0
496,56d71bd80d65d21400198360,1,1,Super Bowl Opening Night.,141,166,32,36,5,81,0.3950617283950617,1,1,1,1.0,1.0,1.0,1.0,1.0,1.0
497,56d71bd80d65d21400198361,1,1,SAP Center in San Jose.,209,232,46,51,6,81,0.5679012345679012,0,1,1,1.0,0.7272727272727272,1.0,1.0,0.0,1.0
498,56d71bd80d65d21400198362,1,1,the Golden Gate Bridge.,362,385,76,80,5,81,0.9382716049382716,0,1,1,1.0,0.0,1.0,1.0,0.0,1.0
499,56d9b4ebdc89441400fdb708,1,1,Monday,108,114,24,24,1,81,0.2962962962962963,1,1,1,0.6666666666666666,0.6666666666666666,0.6666666666666666,0.0,0.0,0.0
500,56d9b4ebdc89441400fdb709,0,0,Super Bowl Opening Night.,141,166,32,36,5,81,0.3950617283950617,0,0,0,0.5714285714285715,0.5714285714285715,0.5714285714285715,0.0,0.0,0.0
501,56d9b4ebdc89441400fdb70a,1,1,SAP Center in San Jose.,209,232,46,51,6,81,0.5679012345679012,0,1,1,1.0,0.888888888888889,1.0,1.0,0.0,1.0
502,56d9b4ebdc89441400fdb70b,1,1,Golden Gate Bridge.,366,385,77,80,4,81,0.9506172839506173,0,1,1,1.0,0.0,1.0,1.0,0.0,1.0
503,56d9b4ebdc89441400fdb70c,1,1,"February 1, 2016",189,205,42,44,3,81,0.5185185185185185,1,1,1,1.0,1.0,1.0,1.0,1.0,1.0
504,56bebe873aeaaa14008c933f,1,1,Business Connect,164,180,38,39,2,94,0.40425531914893614,1,1,1,0.0,0.0,0.0,0.0,0.0,0.0
505,56bebe873aeaaa14008c9340,1,1,$40 million,339,350,67,68,2,94,0.7127659574468085,0,1,1,1.0,0.0,1.0,1.0,0.0,1.0
506,56bebe873aeaaa14008c9341,3,1,Dignity Health,426,440,89,92,4,94,0.9468085106382979,0,0,0,0.0,0.0,0.0,0.0,0.0,0.0
507,56bebe873aeaaa14008c9342,0,0,Gap,408,411,81,82,2,94,0.8617021276595744,0,0,0,0.0,0.0,0.0,0.0,0.0,0.0
508,56bebe873aeaaa14008c9343,0,0,Chevron,413,420,84,86,3,94,0.8936170212765957,0,0,0,0.0,0.0,0.0,0.0,0.0,0.0
509,56bf59523aeaaa14008c95e3,1,1,Super Bowl 50 Host Committee,24,52,6,12,7,94,0.06382978723404255,1,1,1,1.0,1.0,1.0,1.0,1.0,1.0
510,56bf59523aeaaa14008c95e4,0,0,over $40 million,334,350,66,68,3,94,0.7021276595744681,0,0,0,0.0,0.0,0.0,0.0,0.0,0.0
511,56bf59523aeaaa14008c95e5,0,0,sponsors,359,367,70,70,1,94,0.7446808510638298,0,0,0,0.0,0.0,0.0,0.0,0.0,0.0
512,56d71cb60d65d21400198368,1,1,Business Connect,164,180,38,39,2,94,0.40425531914893614,1,1,1,1.0,0.0,0.0,1.0,0.0,0.0
513,56d9b5ffdc89441400fdb720,1,1,Business Connect,164,180,38,39,2,94,0.40425531914893614,1,1,1,0.0,0.0,0.0,0.0,0.0,0.0
514,56d9b5ffdc89441400fdb721,4,1,over $40 million,334,350,66,68,3,94,0.7021276595744681,0,0,0,0.0,0.0,0.0,0.0,0.0,0.0
515,56bebec43aeaaa14008c9349,1,1,25,102,104,25,25,1,77,0.3246753246753247,1,1,1,1.0,1.0,1.0,1.0,1.0,1.0
516,56bebec43aeaaa14008c934a,1,1,the 50 fund,200,211,48,50,3,77,0.6233766233766234,0,1,1,0.2857142857142857,0.2857142857142857,0.2857142857142857,0.0,0.0,0.0
517,56bf5abc3aeaaa14008c95e9,0,0,25 percent,102,112,25,26,2,77,0.3246753246753247,0,0,0,0.0,0.0,0.0,0.0,0.0,0.0
518,56bf5abc3aeaaa14008c95ea,1,1,50 fund,204,211,49,50,2,77,0.6363636363636364,0,1,1,0.4,0.4,0.4,0.0,0.0,0.0
519,56d71d150d65d2140019836e,1,1,the most giving Super Bowl ever,50,81,15,20,6,77,0.19480519480519481,1,1,1,0.888888888888889,0.888888888888889,0.888888888888889,0.0,0.0,0.0
520,56d71d150d65d2140019836f,1,1,25 percent,102,112,25,26,2,77,0.3246753246753247,1,1,1,0.5555555555555556,1.0,0.5555555555555556,0.0,1.0,0.0
521,56d71d150d65d21400198370,1,1,the 50 fund,200,211,48,50,3,77,0.6233766233766234,0,1,1,0.2857142857142857,0.4,0.2857142857142857,0.0,0.0,0.0
522,56d9b6a3dc89441400fdb72f,2,1,25 percent,102,112,25,26,2,77,0.3246753246753247,1,1,1,1.0,1.0,1.0,1.0,1.0,1.0
523,56d9b6a3dc89441400fdb730,1,1,50 fund,204,211,49,50,2,77,0.6363636363636364,0,1,1,0.2857142857142857,0.2857142857142857,0.2857142857142857,0.0,0.0,0.0
524,56bec0353aeaaa14008c934d,3,1,Vince Lombardi,19,33,4,8,5,87,0.04597701149425287,1,1,1,0.8,0.8,0.8,0.0,0.0,0.0
525,56bec0353aeaaa14008c934e,1,1,18,135,137,31,31,1,87,0.3563218390804598,1,1,1,1.0,1.0,1.0,1.0,1.0,1.0
526,56bec0353aeaaa14008c934f,1,1,66,213,215,58,59,2,87,0.6666666666666666,0,1,1,0.0,0.0,0.0,0.0,0.0,0.0
527,56bec0353aeaaa14008c9350,1,1,Tiffany & Co.,283,296,82,86,5,87,0.9425287356321839,0,1,1,1.0,0.0,1.0,1.0,0.0,1.0
528,56bec0353aeaaa14008c9351,1,1,Tiffany & Co.,283,296,82,86,5,87,0.9425287356321839,0,1,1,1.0,0.0,1.0,1.0,0.0,1.0
529,56bf5b933aeaaa14008c95ed,1,1,Vince Lombardi Trophy,19,40,4,9,6,87,0.04597701149425287,1,1,1,1.0,1.0,1.0,1.0,1.0,1.0
530,56bf5b933aeaaa14008c95ef,1,1,18-karat gold-plated,135,155,31,37,7,87,0.3563218390804598,1,1,1,1.0,1.0,1.0,1.0,1.0,1.0
531,56bf5b933aeaaa14008c95f1,3,1,Tiffany & Co,283,295,82,85,4,87,0.9425287356321839,0,0,0,0.0,0.0,0.0,0.0,0.0,0.0
532,56d71d9d0d65d21400198374,1,1,the Vince Lombardi Trophy,15,40,3,9,7,87,0.034482758620689655,1,1,1,1.0,1.0,1.0,1.0,1.0,1.0
533,56d71d9d0d65d21400198377,1,1,Tiffany & Co.,283,296,82,86,5,87,0.9425287356321839,0,1,1,1.0,0.0,1.0,1.0,0.0,1.0
534,56bec0dd3aeaaa14008c9357,0,0,CBS,48,51,13,13,1,155,0.08387096774193549,0,0,0,0.0,0.0,0.0,0.0,0.0,0.0
535,56bec0dd3aeaaa14008c9358,1,1,Phil Simms,188,198,44,47,4,155,0.2838709677419355,1,1,1,1.0,1.0,1.0,1.0,1.0,1.0
536,56bec0dd3aeaaa14008c9359,1,1,Tracy Wolfson,224,237,53,55,3,155,0.3419354838709677,0,1,1,1.0,0.0,1.0,1.0,0.0,1.0
537,56bec0dd3aeaaa14008c935a,1,1,36,384,386,87,87,1,155,0.5612903225806452,0,1,1,1.0,0.0,1.0,1.0,0.0,1.0
538,56bec0dd3aeaaa14008c935b,1,1,5K,629,631,150,151,2,155,0.967741935483871,0,0,0,0.0,0.0,0.0,0.0,0.0,0.0
539,56bf5e7b3aeaaa14008c95f7,5,1,three,84,89,23,23,1,155,0.14838709677419354,1,1,1,0.0,1.0,1.0,0.0,1.0,1.0
540,56bf5e7b3aeaaa14008c95f8,1,1,sidelines,263,272,62,63,2,155,0.4,0,1,1,0.0,0.0,0.0,0.0,0.0,0.0
541,56bf5e7b3aeaaa14008c95f9,1,1,360-degree,462,472,106,108,3,155,0.6838709677419355,0,0,1,1.0,0.0,0.2222222222222222,1.0,0.0,0.0
542,56bf5e7b3aeaaa14008c95fa,1,1,5K resolution,629,642,150,152,3,155,0.967741935483871,0,0,0,0.0,0.0,0.0,0.0,0.0,0.0
543,56bf5e7b3aeaaa14008c95fb,1,1,sidelines,263,272,62,63,2,155,0.4,0,1,1,0.6666666666666666,0.0,0.6666666666666666,0.0,0.0,0.0
544,56d71ed50d65d2140019837c,2,1,CBS,48,51,13,13,1,155,0.08387096774193549,1,1,1,1.0,1.0,1.0,1.0,1.0,1.0
545,56d71ed50d65d2140019837d,1,1,three,84,89,23,23,1,155,0.14838709677419354,1,1,1,1.0,1.0,1.0,1.0,1.0,1.0
546,56d9b7dcdc89441400fdb740,0,0,CBS,48,51,13,13,1,155,0.08387096774193549,0,0,0,1.0,1.0,1.0,1.0,1.0,1.0
547,56d9b7dcdc89441400fdb741,0,0,Jim Nantz and Phil Simms,174,198,40,47,8,155,0.25806451612903225,0,0,0,0.2222222222222222,0.0526315789473684,0.0,0.0,0.0,0.0
548,56d9b7dcdc89441400fdb742,0,0,Tracy Wolfson and Evan Washburn,224,255,53,59,7,155,0.3419354838709677,0,0,0,0.2222222222222222,0.0,0.2222222222222222,0.0,0.0,0.0
549,56d9b7dcdc89441400fdb743,1,1,5K,629,631,150,151,2,155,0.967741935483871,0,0,0,0.0,0.0,0.0,0.0,0.0,0.0
550,56d9b7dcdc89441400fdb744,0,0,cameras,339,346,79,79,1,155,0.5096774193548387,0,0,0,0.0,0.0,0.0,0.0,0.0,0.0
551,56bec1823aeaaa14008c9361,1,1,ESPN Deportes,22,35,5,9,5,187,0.026737967914438502,1,1,1,0.0,1.0,0.0,0.0,1.0,0.0
552,56bec1823aeaaa14008c9362,1,1,John Sutcliffe,617,631,138,142,5,187,0.7379679144385026,0,0,0,0.5,0.0,0.0,0.0,0.0,0.0
553,56bec1823aeaaa14008c9363,1,1,Alvaro Martin,563,576,124,127,4,187,0.6631016042780749,0,0,1,1.0,0.0,0.0,1.0,0.0,0.0
554,56bec1823aeaaa14008c9364,1,1,"December 28, 2015",3,20,1,3,3,187,0.0053475935828877,1,1,1,1.0,1.0,1.0,1.0,1.0,1.0
555,56bec1823aeaaa14008c9365,1,1,Spanish,122,129,26,26,1,187,0.13903743315508021,1,1,1,1.0,1.0,1.0,1.0,1.0,1.0
556,56bf6d343aeaaa14008c961b,0,0,CBS,86,89,18,18,1,187,0.0962566844919786,0,0,0,1.0,1.0,1.0,1.0,1.0,1.0
557,56d71fc00d65d21400198386,1,1,ESPN Deportes,22,35,5,9,5,187,0.026737967914438502,1,1,1,1.0,1.0,1.0,1.0,1.0,1.0
558,56d71fc00d65d21400198389,1,1,John Sutcliffe.,617,632,138,143,6,187,0.7379679144385026,0,0,0,0.5,0.0,0.0,0.0,0.0,0.0
559,56d9ba95dc89441400fdb754,6,1,ESPN Deportes,22,35,5,9,5,187,0.026737967914438502,1,1,1,0.0,1.0,0.0,0.0,1.0,0.0
560,56d9ba95dc89441400fdb757,1,1,Alvaro Martin and Raul Allegre,563,593,124,132,9,187,0.6631016042780749,0,0,1,1.0,0.25,0.2222222222222222,1.0,0.0,0.0
561,56d9ba95dc89441400fdb758,1,1,John Sutcliffe.,617,632,138,143,6,187,0.7379679144385026,0,0,0,0.5,0.0,0.0,0.0,0.0,0.0
562,56bec2013aeaaa14008c9371,1,1,NFL Mobile,304,314,59,60,2,79,0.7468354430379747,0,1,1,1.0,0.0,1.0,1.0,0.0,1.0
563,56bec2013aeaaa14008c9372,2,1,WatchESPN,387,396,75,77,3,79,0.9493670886075949,0,0,0,0.0,0.0,0.0,0.0,0.0,0.0
564,56bec2013aeaaa14008c9373,1,1,CBSSports.com,45,58,8,12,5,79,0.10126582278481013,1,1,1,1.0,1.0,1.0,1.0,1.0,1.0
565,56bec2013aeaaa14008c9374,1,1,Xbox One,108,116,24,25,2,79,0.3037974683544304,1,1,1,0.6666666666666666,0.6666666666666666,0.6666666666666666,0.0,0.0,0.0
566,56bec2013aeaaa14008c9375,1,1,10,104,106,23,23,1,79,0.2911392405063291,1,1,1,0.0,0.0,0.0,0.0,0.0,0.0
567,56bf6e7a3aeaaa14008c961f,0,0,CBSSports.com,45,58,8,12,5,79,0.10126582278481013,0,0,0,0.0,0.0,0.0,0.0,0.0,0.0
568,56bf6e7a3aeaaa14008c9620,0,0,Xbox One,108,116,24,25,2,79,0.3037974683544304,0,0,0,0.0,0.0,0.0,0.0,0.0,0.0
569,56bf6e7a3aeaaa14008c9621,1,1,Verizon Wireless customers,269,295,54,56,3,79,0.6835443037974683,0,1,1,1.0,0.6666666666666666,1.0,1.0,0.0,1.0
570,56bf6e7a3aeaaa14008c9622,2,1,NFL Mobile service,304,322,59,61,3,79,0.7468354430379747,0,1,1,0.0,0.0,0.0,0.0,0.0,0.0
571,56d7205e0d65d21400198391,1,1,Verizon,187,194,42,42,1,79,0.5316455696202531,1,1,1,0.6666666666666666,0.6666666666666666,0.6666666666666666,0.0,0.0,0.0
572,56d7205e0d65d21400198392,1,1,NFL Mobile service.,304,323,59,62,4,79,0.7468354430379747,0,1,1,1.0,0.0,1.0,1.0,0.0,1.0
573,56d9bc13dc89441400fdb75e,2,1,digital streams of the game,13,40,2,6,5,79,0.02531645569620253,1,1,1,1.0,1.0,1.0,1.0,1.0,1.0
574,56d9bc13dc89441400fdb75f,0,0,Verizon,187,194,42,42,1,79,0.5316455696202531,0,0,0,0.0,0.0,0.0,0.0,0.0,0.0
575,56d9bc13dc89441400fdb760,2,1,WatchESPN.,387,397,75,78,4,79,0.9493670886075949,0,0,0,0.0,0.0,0.0,0.0,0.0,0.0
576,56bec2573aeaaa14008c937b,1,1,The Late Show with Stephen Colbert,186,220,38,44,7,77,0.4935064935064935,1,1,1,0.6,1.0,0.5454545454545454,0.0,1.0,0.0
577,56bec2573aeaaa14008c937c,1,1,The Late Late Show with James Corden,323,359,68,75,8,77,0.8831168831168831,0,1,1,1.0,0.5,1.0,1.0,0.0,1.0
578,56bf6f743aeaaa14008c9631,1,1,The Late Show with Stephen Colbert,186,220,38,44,7,77,0.4935064935064935,1,1,1,0.5,0.5714285714285715,0.5,0.0,0.0,0.0
579,56bf6f743aeaaa14008c9632,1,1,The Late Late Show with James Corden,323,359,68,75,8,77,0.8831168831168831,0,1,1,1.0,0.5454545454545454,1.0,1.0,0.0,1.0
580,56d720c70d65d21400198396,2,1,The Late Show with Stephen Colbert,186,220,38,44,7,77,0.4935064935064935,1,1,1,1.0,1.0,1.0,1.0,1.0,1.0
581,56d720c70d65d21400198397,1,1,late local programming,263,285,54,56,3,77,0.7012987012987013,0,1,1,0.1666666666666666,0.0,0.1666666666666666,0.0,0.0,0.0
582,56d720c70d65d21400198398,1,1,The Late Late Show with James Corden.,323,360,68,76,9,77,0.8831168831168831,0,1,1,0.8,0.4285714285714285,0.8,0.0,0.0,0.0
583,56bec3153aeaaa14008c9389,1,1,"$5,000,000",55,65,12,13,2,214,0.056074766355140186,1,1,1,1.0,1.0,1.0,1.0,1.0,1.0
584,56bec3153aeaaa14008c938a,1,1,Anheuser-Busch InBev,492,512,103,111,9,214,0.48130841121495327,0,0,1,1.0,0.0,0.0,1.0,0.0,0.0
585,56bec3153aeaaa14008c938b,1,1,Doritos,648,655,137,140,4,214,0.6401869158878505,0,0,0,0.0,0.0,0.0,0.0,0.0,0.0
586,56bec3153aeaaa14008c938c,1,1,20th,910,914,202,203,2,214,0.9439252336448598,0,0,0,0.0,0.0,0.0,0.0,0.0,0.0
587,56bf717d3aeaaa14008c9635,5,1,"$5,000,000",55,65,12,13,2,214,0.056074766355140186,1,1,1,0.0,0.0,0.0,0.0,0.0,0.0
588,56bf717d3aeaaa14008c9637,1,1,Anheuser-Busch InBev,492,512,103,111,9,214,0.48130841121495327,0,0,1,1.0,0.0,0.0,1.0,0.0,0.0
589,56bf717d3aeaaa14008c9638,1,1,Doritos,648,655,137,140,4,214,0.6401869158878505,0,0,0,0.0,0.0,0.0,0.0,0.0,0.0
590,56bf717d3aeaaa14008c9639,1,1,Nintendo,829,837,187,187,1,214,0.8738317757009346,0,0,0,0.0,0.0,0.0,0.0,0.0,0.0
591,56d721af0d65d2140019839e,1,1,The Pokémon Company,842,861,189,191,3,214,0.883177570093458,0,0,0,0.0,0.0,0.0,0.0,0.0,0.0
592,56d721af0d65d2140019839f,1,1,Anheuser-Busch InBev,492,512,103,111,9,214,0.48130841121495327,0,0,1,1.0,0.0,0.0,1.0,0.0,0.0
593,56d721af0d65d214001983a0,1,1,Doritos,648,655,137,140,4,214,0.6401869158878505,0,0,0,0.0,0.0,0.0,0.0,0.0,0.0
594,56d9bdc1dc89441400fdb768,1,1,Anheuser-Busch InBev,492,512,103,111,9,214,0.48130841121495327,0,0,1,1.0,0.0,0.0,1.0,0.0,0.0
595,56d9bdc1dc89441400fdb769,2,1,Doritos,648,655,137,140,4,214,0.6401869158878505,0,0,0,0.0,0.0,0.0,0.0,0.0,0.0
596,56d9bdc1dc89441400fdb76a,1,1,Crash the Super Bowl,699,719,154,158,5,214,0.719626168224299,0,0,0,0.6666666666666666,0.6666666666666666,0.6666666666666666,0.0,0.0,0.0
597,56bec38b3aeaaa14008c9397,1,1,"""Small Business Big Game""",23,48,4,11,8,55,0.07272727272727272,1,1,1,1.0,1.0,1.0,1.0,1.0,1.0
598,56bec38b3aeaaa14008c9398,1,1,Death Wish Coffee,67,84,16,18,3,55,0.2909090909090909,1,1,1,1.0,1.0,1.0,1.0,1.0,1.0
599,56bec38b3aeaaa14008c9399,1,1,30-second,91,100,22,23,2,55,0.4,1,1,1,1.0,1.0,1.0,1.0,1.0,1.0
600,56bec38b3aeaaa14008c939a,1,1,nine,184,188,41,41,1,55,0.7454545454545455,1,1,1,1.0,1.0,1.0,1.0,1.0,1.0
601,56bf71e73aeaaa14008c963f,0,0,Death Wish Coffee,67,84,16,18,3,55,0.2909090909090909,0,0,0,0.0,0.0,0.0,0.0,0.0,0.0
602,56bf71e73aeaaa14008c9640,1,1,nine,184,188,41,41,1,55,0.7454545454545455,1,1,1,1.0,1.0,1.0,1.0,1.0,1.0
603,56d722330d65d214001983a6,1,1,QuickBooks.,145,156,34,35,2,55,0.6181818181818182,1,1,1,1.0,1.0,1.0,1.0,1.0,1.0
604,56d722330d65d214001983a7,1,1,Death Wish Coffee,67,84,16,18,3,55,0.2909090909090909,1,1,1,1.0,1.0,1.0,1.0,1.0,1.0
605,56d722330d65d214001983a8,1,1,ten,198,201,43,43,1,55,0.7818181818181819,1,1,1,0.0,0.0,0.0,0.0,0.0,0.0
606,56d9be16dc89441400fdb770,3,1,QuickBooks.,145,156,34,35,2,55,0.6181818181818182,1,1,1,0.0,0.0,0.0,0.0,0.0,0.0
607,56d9be16dc89441400fdb771,6,1,Death Wish Coffee,67,84,16,18,3,55,0.2909090909090909,1,1,1,0.0,1.0,1.0,0.0,1.0,1.0
608,56bec4343aeaaa14008c93a9,1,1,Jason Bourne,438,450,113,116,4,142,0.795774647887324,0,0,1,1.0,0.0,0.0,1.0,0.0,0.0
609,56bec4343aeaaa14008c93aa,1,1,Gods of Egypt,261,274,69,72,4,142,0.4859154929577465,0,1,1,0.0,0.0,0.0,0.0,0.0,0.0
610,56bec4343aeaaa14008c93ab,1,1,Teenage Mutant Ninja Turtles: Out of the Shadows,295,343,78,91,14,142,0.5492957746478874,0,1,1,1.0,0.0,1.0,1.0,0.0,1.0
611,56bec4343aeaaa14008c93ac,1,1,Resurgence,210,220,57,58,2,142,0.4014084507042254,0,1,1,0.0,0.0,0.0,0.0,0.0,0.0
612,56d723560d65d214001983ac,1,1,Gods of Egypt,261,274,69,72,4,142,0.4859154929577465,0,1,1,0.0,0.0,0.0,0.0,0.0,0.0
613,56d723560d65d214001983ad,1,1,Teenage Mutant Ninja Turtles: Out of the Shadows,295,343,78,91,14,142,0.5492957746478874,0,1,1,0.0,0.0,0.0,0.0,0.0,0.0
614,56d723560d65d214001983ae,1,1,Jason Bourne,438,450,113,116,4,142,0.795774647887324,0,0,1,1.0,0.0,0.0,1.0,0.0,0.0
615,56d723560d65d214001983af,1,1,Captain America: Civil War,471,497,121,125,5,142,0.852112676056338,0,0,1,1.0,0.0,0.0,1.0,0.0,0.0
616,56d9bf70dc89441400fdb77b,2,1,Independence Day,192,208,54,55,2,142,0.38028169014084506,0,1,1,0.6666666666666666,0.0,0.6666666666666666,0.0,0.0,0.0
617,56d9bf70dc89441400fdb77c,1,1,Universal,49,58,13,13,1,142,0.09154929577464789,1,1,1,0.6666666666666666,0.1538461538461538,0.6666666666666666,0.0,0.0,0.0
618,56d9bf70dc89441400fdb77d,1,1,Fox,13,16,3,3,1,142,0.02112676056338028,1,1,1,1.0,1.0,1.0,1.0,1.0,1.0
619,56bec4a33aeaaa14008c93b1,0,0,Westwood One,0,12,0,2,3,65,0.0,0,0,0,0.0,0.0,0.0,0.0,0.0,0.0
620,56bec4a33aeaaa14008c93b2,1,1,Kevin Harlan,64,76,12,14,3,65,0.18461538461538463,1,1,1,1.0,0.0,0.1666666666666666,1.0,0.0,0.0
621,56bec4a33aeaaa14008c93b3,1,1,Jim Gray,208,216,52,53,2,65,0.8,0,1,1,1.0,0.0,1.0,1.0,0.0,1.0
622,56bec4a33aeaaa14008c93b4,1,1,Boomer Esiason,104,118,24,29,6,65,0.36923076923076925,1,1,1,1.0,1.0,1.0,1.0,1.0,1.0
623,56bec4a33aeaaa14008c93b5,1,1,James Lofton,156,168,40,42,3,65,0.6153846153846154,1,1,1,1.0,1.0,1.0,1.0,1.0,1.0
624,56bf738b3aeaaa14008c9655,0,0,two,3,6,0,1,2,65,0.0,0,0,0,0.0,0.0,0.0,0.0,0.0,0.0
625,56bf738b3aeaaa14008c9656,0,0,Kevin Harlan,64,76,12,14,3,65,0.18461538461538463,0,0,0,0.0,0.0,0.0,0.0,0.0,0.0
626,56d723ad0d65d214001983b4,1,1,Westwood One,0,12,0,2,3,65,0.0,1,1,1,1.0,1.0,1.0,1.0,1.0,1.0
627,56d723ad0d65d214001983b5,1,1,Kevin Harlan,64,76,12,14,3,65,0.18461538461538463,1,1,1,1.0,0.0,0.0,1.0,0.0,0.0
628,56d723ad0d65d214001983b8,1,1,Jim Gray,208,216,52,53,2,65,0.8,0,1,1,1.0,0.0,1.0,1.0,0.0,1.0
629,56d9c049dc89441400fdb78e,1,1,Kevin Harlan,64,76,12,14,3,65,0.18461538461538463,1,1,1,0.0,0.0,0.0,0.0,0.0,0.0
630,56d9c049dc89441400fdb78f,1,1,Boomer Esiason and Dan Fouts,104,132,24,34,11,65,0.36923076923076925,1,1,1,1.0,1.0,1.0,1.0,1.0,1.0
631,56d9c049dc89441400fdb790,1,1,James Lofton and Mark Malone,156,184,40,46,7,65,0.6153846153846154,1,1,1,0.3703703703703703,0.3846153846153846,0.3703703703703703,0.0,0.0,0.0
632,56d9c049dc89441400fdb791,1,1,pre-game and halftime coverage.,233,264,57,64,8,65,0.8769230769230769,0,1,1,1.0,0.0,1.0,1.0,0.0,1.0
633,56d9c049dc89441400fdb792,2,1,North America,44,57,8,9,2,65,0.12307692307692308,1,1,1,0.0,1.0,0.0,0.0,1.0,0.0
634,56bec5233aeaaa14008c93cf,1,1,KRFX,137,141,33,35,3,222,0.14864864864864866,1,1,1,1.0,1.0,1.0,1.0,1.0,1.0
635,56bec5233aeaaa14008c93d0,1,1,Dave Logan,179,189,46,47,2,222,0.2072072072072072,1,1,1,0.25,0.25,0.25,0.0,0.0,0.0
636,56bec5233aeaaa14008c93d1,1,1,1110 AM,268,275,70,72,3,222,0.3153153153153153,0,1,1,1.0,0.0,1.0,1.0,0.0,1.0
637,56bec5233aeaaa14008c93d2,1,1,"Chester, South Carolina",476,499,131,134,4,222,0.5900900900900901,0,0,1,1.0,0.0,0.4,1.0,0.0,0.0
638,56bec5233aeaaa14008c93d3,1,1,Mick Mixon,303,313,80,82,3,222,0.36036036036036034,0,1,1,1.0,0.0,1.0,1.0,0.0,1.0
639,56d724620d65d214001983be,1,1,Dave Logan,179,189,46,47,2,222,0.2072072072072072,1,1,1,0.0,0.0,0.0,0.0,0.0,0.0
640,56d724620d65d214001983bf,1,1,Ed McCaffrey,210,222,55,59,5,222,0.24774774774774774,0,1,1,1.0,0.0,1.0,1.0,0.0,1.0
641,56d724620d65d214001983c0,1,1,WBT,263,266,68,69,2,222,0.3063063063063063,0,1,1,1.0,0.0,0.0,1.0,0.0,0.0
642,56d724620d65d214001983c1,1,1,Mick Mixon,303,313,80,82,3,222,0.36036036036036034,0,1,1,1.0,0.0,1.0,1.0,0.0,1.0
643,56d9c203dc89441400fdb7a0,0,0,KOA (850 AM) and KRFX (103.5 FM),120,152,26,39,14,222,0.11711711711711711,0,0,0,0.2,0.0,0.0,0.0,0.0,0.0
644,56d9c203dc89441400fdb7a3,4,1,WBT-FM (99.3 FM),440,456,116,125,10,222,0.5225225225225225,0,0,0,0.0,0.0,0.0,0.0,0.0,0.0
645,56bec5ff3aeaaa14008c93e3,1,1,BBC Radio 5,23,34,5,7,3,46,0.10869565217391304,1,1,1,0.6153846153846153,0.0,0.6153846153846153,0.0,0.0,0.0
646,56bec5ff3aeaaa14008c93e4,1,1,5 Live Sports Extra,44,63,10,13,4,46,0.21739130434782608,1,1,1,0.0,0.0,0.0,0.0,0.0,0.0
647,56bec5ff3aeaaa14008c93e5,1,1,Darren Fletcher,159,174,33,37,5,46,0.717391304347826,1,1,1,0.0,1.0,0.0,0.0,1.0,0.0
648,56d724ea0d65d214001983c8,7,1,BBC,23,26,5,5,1,46,0.10869565217391304,1,1,1,0.0,1.0,1.0,0.0,1.0,1.0
649,56d724ea0d65d214001983c9,1,1,Greg Brady,147,157,30,31,2,46,0.6521739130434783,1,1,1,1.0,1.0,1.0,1.0,1.0,1.0
650,56bec6573aeaaa14008c93e9,1,1,Bart Starr,148,158,33,36,4,126,0.2619047619047619,1,1,1,0.0,0.0,0.0,0.0,0.0,0.0
651,56bec6573aeaaa14008c93ea,1,1,Chuck Howley,193,205,49,51,3,126,0.3888888888888889,0,1,1,0.0,0.0,0.0,0.0,0.0,0.0
652,56bec6573aeaaa14008c93eb,1,1,Peyton Manning,254,268,65,68,4,126,0.5158730158730159,0,1,1,0.0,0.0,0.0,0.0,0.0,0.0
653,56bec6573aeaaa14008c93ec,1,1,2001,484,488,124,124,1,126,0.9841269841269841,0,0,1,1.0,0.0,0.0,1.0,0.0,0.0
654,56bec6573aeaaa14008c93ed,3,1,Peyton Manning,254,268,65,68,4,126,0.5158730158730159,0,0,0,0.0,0.0,0.0,0.0,0.0,0.0
655,56d7251d0d65d214001983cc,1,1,39,92,94,20,20,1,126,0.15873015873015872,1,1,1,1.0,0.0,1.0,1.0,0.0,1.0
656,56d7251d0d65d214001983cd,1,1,Peyton Manning,254,268,65,68,4,126,0.5158730158730159,0,1,1,1.0,0.0,1.0,1.0,0.0,1.0
657,56d7251d0d65d214001983cf,1,1,Harvey Martin,431,444,106,107,2,126,0.8412698412698413,0,0,1,1.0,0.0,0.0,1.0,0.0,0.0
658,56d9c3a6dc89441400fdb7b4,1,1,43,102,104,23,23,1,126,0.18253968253968253,1,1,1,0.0,0.0,0.0,0.0,0.0,0.0
659,56d9c3a6dc89441400fdb7b5,1,1,39,92,94,20,20,1,126,0.15873015873015872,1,1,1,0.0,0.0,0.0,0.0,0.0,0.0
660,56d9c3a6dc89441400fdb7b6,1,1,Bart Starr,148,158,33,36,4,126,0.2619047619047619,1,1,1,0.0,0.0,0.0,0.0,0.0,0.0
661,56d9c3a6dc89441400fdb7b7,1,1,Peyton Manning,254,268,65,68,4,126,0.5158730158730159,0,1,1,0.0,0.0,0.0,0.0,0.0,0.0
662,56d9c3a6dc89441400fdb7b8,1,1,Harvey Martin,431,444,106,107,2,126,0.8412698412698413,0,0,1,1.0,0.0,0.0,1.0,0.0,0.0
663,56bec6ac3aeaaa14008c93fd,1,1,Six,0,3,0,0,1,39,0.0,1,1,1,1.0,1.0,1.0,1.0,1.0,1.0
664,56bec6ac3aeaaa14008c93fe,1,1,the national anthem,69,88,13,17,5,39,0.3333333333333333,1,1,1,1.0,1.0,1.0,1.0,1.0,1.0
665,56bec6ac3aeaaa14008c93ff,1,1,Academy Award,27,40,6,7,2,39,0.15384615384615385,1,1,1,1.0,1.0,1.0,1.0,1.0,1.0
666,56bec6ac3aeaaa14008c9400,1,1,the national anthem,69,88,13,17,5,39,0.3333333333333333,1,1,1,0.0,0.0,0.0,0.0,0.0,0.0
667,56bec6ac3aeaaa14008c9401,1,1,American Sign Language,140,162,30,32,3,39,0.7692307692307693,1,1,1,0.8571428571428571,0.8571428571428571,0.8571428571428571,0.0,0.0,0.0
668,56d20650e7d4791d00902614,1,1,Lady Gaga,49,58,9,11,3,39,0.23076923076923078,1,1,1,1.0,1.0,1.0,1.0,1.0,1.0
669,56d20650e7d4791d00902615,1,1,Marlee Matlin,117,130,23,28,6,39,0.5897435897435898,1,1,1,1.0,1.0,1.0,1.0,1.0,1.0
670,56d7253b0d65d214001983d4,0,0,Lady Gaga,49,58,9,11,3,39,0.23076923076923078,0,0,0,0.0,0.0,0.0,0.0,0.0,0.0
671,56d7253b0d65d214001983d5,1,1,Marlee Matlin,117,130,23,28,6,39,0.5897435897435898,1,1,1,1.0,1.0,1.0,1.0,1.0,1.0
672,56d9c455dc89441400fdb7c4,0,0,Lady Gaga,49,58,9,11,3,39,0.23076923076923078,0,0,0,0.0,0.0,0.0,0.0,0.0,0.0
673,56d9c455dc89441400fdb7c5,1,1,Six,0,3,0,0,1,39,0.0,1,1,1,1.0,1.0,1.0,1.0,1.0,1.0
674,56d9c455dc89441400fdb7c6,2,1,Marlee Matlin,117,130,23,28,6,39,0.5897435897435898,1,1,1,1.0,1.0,1.0,1.0,1.0,1.0
675,56bec7353aeaaa14008c940d,1,1,December 3,112,122,25,26,2,128,0.1953125,1,1,1,1.0,0.8,1.0,1.0,0.0,1.0
676,56bec7353aeaaa14008c940e,1,1,British,185,192,39,39,1,128,0.3046875,1,1,1,1.0,1.0,1.0,1.0,1.0,1.0
677,56bec7353aeaaa14008c940f,2,1,Super Bowl XLVII,306,322,70,76,7,128,0.546875,0,0,0,1.0,0.6666666666666666,1.0,1.0,0.0,1.0
678,56bec7353aeaaa14008c9410,1,1,"""Hymn for the Weekend""",382,404,89,97,9,128,0.6953125,0,1,1,1.0,0.0,1.0,1.0,0.0,1.0
679,56bec7353aeaaa14008c9411,2,1,Super Bowl XLVIII,467,484,111,116,6,128,0.8671875,0,0,0,0.6666666666666666,0.0,0.6666666666666666,0.0,0.0,0.0
680,56d725790d65d214001983d8,2,1,Coldplay.,204,213,42,44,3,128,0.328125,1,1,1,0.0,0.0,0.0,0.0,0.0,0.0
681,56d725790d65d214001983da,1,1,Pepsi,234,239,49,52,4,128,0.3828125,0,1,1,1.0,0.0,1.0,1.0,0.0,1.0
682,56d725790d65d214001983db,2,1,"""Hymn for the Weekend""",382,404,89,97,9,128,0.6953125,0,0,0,0.0,0.0,0.0,0.0,0.0,0.0
683,56d9c551dc89441400fdb7d0,2,1,Coldplay.,204,213,42,44,3,128,0.328125,1,1,1,0.4,1.0,0.4,0.0,1.0,0.0
684,56d9c551dc89441400fdb7d1,1,1,Beyoncé,279,286,60,64,5,128,0.46875,0,1,1,1.0,0.0,1.0,1.0,0.0,1.0
685,56d9c551dc89441400fdb7d2,1,1,Hymn for the Weekend,383,403,90,96,7,128,0.703125,0,1,1,1.0,0.0,1.0,1.0,0.0,1.0
686,56d9c551dc89441400fdb7d3,2,1,Bruno Mars,437,447,104,105,2,128,0.8125,0,0,0,1.0,0.0,1.0,1.0,0.0,1.0
687,56bec7a63aeaaa14008c9417,1,1,Denver,0,6,0,0,1,171,0.0,1,1,1,1.0,1.0,1.0,1.0,1.0,1.0
688,56bec7a63aeaaa14008c9418,1,1,Andre Caldwell,160,174,37,41,5,171,0.21637426900584794,1,1,1,0.0,0.0,0.0,0.0,0.0,0.0
689,56bec7a63aeaaa14008c9419,1,1,Ronnie Hillman,366,380,93,96,4,171,0.543859649122807,0,1,1,1.0,0.0,1.0,1.0,0.0,1.0
690,56bec7a63aeaaa14008c941a,3,1,Brandon McManus,536,551,142,145,4,171,0.8304093567251462,0,0,0,0.0,0.0,0.0,0.0,0.0,0.0
691,56bec7a63aeaaa14008c941b,4,1,C. J. Anderson,197,211,49,53,5,171,0.28654970760233917,0,0,0,0.0,0.0,0.0,0.0,0.0,0.0
692,56d728a10d65d21400198413,5,1,18,89,91,18,18,1,171,0.10526315789473684,1,1,1,0.0,0.0,0.0,0.0,0.0,0.0
693,56d728a10d65d21400198414,1,1,Shaq Thompson,344,357,88,90,3,171,0.5146198830409356,0,1,1,1.0,0.0,1.0,1.0,0.0,1.0
694,56d728a10d65d21400198415,0,0,Brandon McManus,536,551,142,145,4,171,0.8304093567251462,0,0,0,0.0,0.0,0.0,0.0,0.0,0.0
695,56d728a10d65d21400198416,0,0,a deficit.,654,664,167,170,4,171,0.9766081871345029,0,0,0,0.0,0.0,0.0,0.0,0.0,0.0
696,56d9c5e7dc89441400fdb7d8,2,1,Denver,0,6,0,0,1,171,0.0,1,1,1,1.0,1.0,1.0,1.0,1.0,1.0
697,56d9c5e7dc89441400fdb7d9,1,1,Owen Daniels,115,127,25,27,3,171,0.14619883040935672,1,1,1,1.0,1.0,1.0,1.0,1.0,1.0
698,56d9c5e7dc89441400fdb7da,2,1,C. J. Anderson,197,211,49,53,5,171,0.28654970760233917,0,1,1,1.0,0.0,1.0,1.0,0.0,1.0
699,56d9c5e7dc89441400fdb7db,4,1,Brandon McManus,536,551,142,145,4,171,0.8304093567251462,0,0,0,0.0,0.0,0.0,0.0,0.0,0.0
700,56d9c5e7dc89441400fdb7dc,1,1,a deficit.,654,664,167,170,4,171,0.9766081871345029,0,0,0,0.0,0.0,0.0,0.0,0.0,0.0
701,56bec8243aeaaa14008c942b,1,1,Mike Carey,219,229,55,57,3,177,0.3107344632768362,0,1,1,1.0,0.0,1.0,1.0,0.0,1.0
702,56bec8243aeaaa14008c942c,1,1,Cam Newton,45,55,9,10,2,177,0.05084745762711865,1,1,1,1.0,1.0,1.0,1.0,1.0,1.0
703,56bec8243aeaaa14008c942d,1,1,Von Miller,389,399,99,100,2,177,0.559322033898305,0,0,1,1.0,1.0,1.0,1.0,1.0,1.0
704,56bec8243aeaaa14008c942e,2,1,Malik Jackson,462,475,119,121,3,177,0.672316384180791,0,0,0,0.0,0.0,0.0,0.0,0.0,0.0
705,56bec8243aeaaa14008c942f,2,1,Super Bowl XXVIII,624,641,162,168,7,177,0.9152542372881356,0,0,0,0.6666666666666666,0.6666666666666666,0.6666666666666666,0.0,0.0,0.0
706,56d728e00d65d2140019841c,1,1,Jerricho Cotchery,92,109,19,26,8,177,0.10734463276836158,1,1,1,0.0,0.0,0.0,0.0,0.0,0.0
707,56d728e00d65d2140019841d,1,1,Mike Carey,219,229,55,57,3,177,0.3107344632768362,0,1,1,1.0,0.0,1.0,1.0,0.0,1.0
708,56d728e00d65d2140019841e,1,1,Von Miller,389,399,99,100,2,177,0.559322033898305,0,0,1,1.0,0.0,0.0,1.0,0.0,0.0
709,56d728e00d65d2140019841f,2,1,Malik Jackson,462,475,119,121,3,177,0.672316384180791,0,0,0,0.0,0.0,0.0,0.0,0.0,0.0
710,56d728e00d65d21400198420,1,1,1993,660,664,174,174,1,177,0.9830508474576272,0,0,0,0.0,0.0,0.0,0.0,0.0,0.0
711,56d9c660dc89441400fdb7e7,1,1,Mike Carey,219,229,55,57,3,177,0.3107344632768362,0,1,1,1.0,0.0,1.0,1.0,0.0,1.0
712,56d9c660dc89441400fdb7e8,1,1,Von Miller,389,399,99,100,2,177,0.559322033898305,0,0,1,1.0,0.0,0.0,1.0,0.0,0.0
713,56d9c660dc89441400fdb7e9,1,1,Malik Jackson,462,475,119,121,3,177,0.672316384180791,0,0,1,1.0,0.0,0.0,1.0,0.0,0.0
714,56d9c660dc89441400fdb7ea,1,1,Super Bowl XXVIII,624,641,162,168,7,177,0.9152542372881356,0,0,0,0.0,0.0,0.0,0.0,0.0,0.0
715,56bec8a13aeaaa14008c9435,1,1,Jonathan Stewart,171,187,45,46,2,218,0.20642201834862386,1,1,1,1.0,0.0,1.0,1.0,0.0,1.0
716,56bec8a13aeaaa14008c9436,0,0,Brad Nortman,352,364,87,90,4,218,0.39908256880733944,0,0,0,0.0,0.0,0.0,0.0,0.0,0.0
717,56bec8a13aeaaa14008c9437,1,1,28,270,272,68,68,1,218,0.3119266055045872,0,1,1,1.0,0.0,1.0,1.0,0.0,1.0
718,56bec8a13aeaaa14008c9438,2,1,61,612,614,152,153,2,218,0.6972477064220184,0,0,0,0.0,0.0,0.0,0.0,0.0,0.0
719,56bec8a13aeaaa14008c9439,1,1,33,805,807,204,204,1,218,0.9357798165137615,0,0,0,0.0,0.0,0.0,0.0,0.0,0.0
720,56d729180d65d21400198426,3,1,51,125,127,34,34,1,218,0.1559633027522936,1,1,1,1.0,1.0,1.0,1.0,1.0,1.0
721,56d729180d65d21400198427,1,1,Jonathan Stewart,171,187,45,46,2,218,0.20642201834862386,1,1,1,1.0,0.0,1.0,1.0,0.0,1.0
722,56d729180d65d21400198428,1,1,11:28,267,272,66,68,3,218,0.30275229357798167,0,1,1,1.0,0.0,1.0,1.0,0.0,1.0
723,56d729180d65d21400198429,1,1,Jordan Norwood,328,342,83,85,3,218,0.38073394495412843,0,1,1,0.6666666666666666,0.0,0.6666666666666666,0.0,0.0,0.0
724,56d729180d65d2140019842a,1,1,33,805,807,204,204,1,218,0.9357798165137615,0,0,0,0.0,0.0,0.0,0.0,0.0,0.0
725,56d9c6e0dc89441400fdb7f0,3,1,Jonathan Stewart,171,187,45,46,2,218,0.20642201834862386,1,1,0,0.0,0.0,1.0,0.0,0.0,1.0
726,56d9c6e0dc89441400fdb7f4,2,1,field goal,813,823,207,208,2,218,0.9495412844036697,0,0,0,0.0,0.0,0.0,0.0,0.0,0.0
727,56bec9133aeaaa14008c9445,1,1,Darian Stewart,96,110,24,26,3,167,0.1437125748502994,1,1,1,1.0,1.0,1.0,1.0,1.0,1.0
728,56bec9133aeaaa14008c9446,2,1,linebacker,118,128,29,31,3,167,0.17365269461077845,1,1,1,1.0,1.0,1.0,1.0,1.0,1.0
729,56bec9133aeaaa14008c9447,1,1,Kony Ealy,249,258,61,65,5,167,0.3652694610778443,0,1,1,1.0,0.0,1.0,1.0,0.0,1.0
730,56bec9133aeaaa14008c9448,1,1,Newton,571,577,148,148,1,167,0.8862275449101796,0,0,0,0.0,0.0,0.0,0.0,0.0,0.0
731,56bec9133aeaaa14008c9449,2,1,DeMarcus Ware,592,605,154,159,6,167,0.9221556886227545,0,0,0,0.0,0.0,0.0,0.0,0.0,0.0
732,56d729ec0d65d21400198430,1,1,Mike Tolbert,39,51,8,11,4,167,0.04790419161676647,1,1,1,1.0,1.0,1.0,1.0,1.0,1.0
733,56d729ec0d65d21400198431,3,1,Kony Ealy,249,258,61,65,5,167,0.3652694610778443,0,0,0,0.0,0.0,0.0,0.0,0.0,0.0
734,56d729ec0d65d21400198432,1,1,19,336,338,86,86,1,167,0.5149700598802395,0,1,1,0.0,0.0,0.0,0.0,0.0,0.0
735,56d729ec0d65d21400198434,1,1,DeMarcus Ware,592,605,154,159,6,167,0.9221556886227545,0,0,0,0.0,0.0,0.0,0.0,0.0,0.0
736,56d9c79edc89441400fdb804,1,1,Mike Tolbert,39,51,8,11,4,167,0.04790419161676647,1,1,1,0.0,0.0,0.0,0.0,0.0,0.0
737,56d9c79edc89441400fdb805,1,1,Danny Trevathan,129,144,32,35,4,167,0.19161676646706588,1,1,1,0.6666666666666666,0.6666666666666666,0.6666666666666666,0.0,0.0,0.0
738,56d9c79edc89441400fdb806,1,1,Kony Ealy,249,258,61,65,5,167,0.3652694610778443,0,1,1,1.0,1.0,1.0,1.0,1.0,1.0
739,56d9c79edc89441400fdb807,6,1,punt,474,478,119,120,2,167,0.7125748502994012,0,0,0,0.0,0.0,0.0,0.0,0.0,0.0
740,56d9c79edc89441400fdb808,1,1,DeMarcus Ware,592,605,154,159,6,167,0.9221556886227545,0,0,0,0.0,0.0,0.0,0.0,0.0,0.0
741,56bec98e3aeaaa14008c9455,2,1,Ted Ginn Jr.,118,130,26,30,5,228,0.11403508771929824,1,1,1,1.0,1.0,1.0,1.0,1.0,1.0
742,56bec98e3aeaaa14008c9456,3,1,Graham Gano,285,296,70,72,3,228,0.30701754385964913,0,0,0,1.0,0.0,0.0,1.0,0.0,0.0
743,56bec98e3aeaaa14008c9457,2,1,44,319,321,80,80,1,228,0.3508771929824561,0,0,0,0.0,0.0,0.0,0.0,0.0,0.0
744,56bec98e3aeaaa14008c9458,1,1,McManus,459,466,113,115,3,228,0.4956140350877193,0,0,1,0.0,0.0,0.0,0.0,0.0,0.0
745,56bec98e3aeaaa14008c9459,1,1,T. J. Ward,775,785,198,202,5,228,0.868421052631579,0,0,0,0.0,0.0,0.0,0.0,0.0,0.0
746,56d7282f0d65d21400198408,1,1,Ted Ginn Jr.,118,130,26,30,5,228,0.11403508771929824,1,1,1,1.0,1.0,1.0,1.0,1.0,1.0
747,56d7282f0d65d21400198409,1,1,the uprights,301,313,74,76,3,228,0.32456140350877194,0,1,1,1.0,0.0,1.0,1.0,0.0,1.0
748,56d7282f0d65d2140019840a,3,1,T. J. Ward.,775,786,198,203,6,228,0.868421052631579,0,0,0,0.0,0.0,0.0,0.0,0.0,0.0
749,56d7282f0d65d2140019840c,4,1,Trevathan,832,841,216,218,3,228,0.9473684210526315,0,0,0,0.0,0.0,0.0,0.0,0.0,0.0
750,56d9c92bdc89441400fdb80e,0,0,Ted Ginn Jr.,118,130,26,30,5,228,0.11403508771929824,0,0,0,0.0,0.0,0.0,0.0,0.0,0.0
751,56d9c92bdc89441400fdb80f,3,1,26-yard line,238,250,58,61,4,228,0.2543859649122807,0,0,0,0.0,0.0,0.0,0.0,0.0,0.0
752,56d9c92bdc89441400fdb810,1,1,Graham Gano,285,296,70,72,3,228,0.30701754385964913,0,1,1,1.0,0.0,1.0,1.0,0.0,1.0
753,56d9c92bdc89441400fdb811,1,1,Emmanuel Sanders,401,417,100,102,3,228,0.43859649122807015,0,0,1,0.0,0.0,0.0,0.0,0.0,0.0
754,56bec9e83aeaaa14008c945f,5,1,Ealy,144,148,37,39,3,135,0.2740740740740741,1,0,0,0.0,0.0,0.0,0.0,0.0,0.0
755,56bec9e83aeaaa14008c9460,3,1,39,363,365,103,103,1,135,0.762962962962963,0,0,0,0.0,0.0,0.0,0.0,0.0,0.0
756,56bec9e83aeaaa14008c9461,2,1,Devin Funchess,300,314,83,87,5,135,0.6148148148148148,0,0,0,0.0,0.0,0.0,0.0,0.0,0.0
757,56bec9e83aeaaa14008c9462,4,1,Stewart,336,343,95,95,1,135,0.7037037037037037,0,0,0,0.6666666666666666,0.6666666666666666,0.6666666666666666,0.0,0.0,0.0
758,56d7261e0d65d214001983e0,1,1,41-yard line.,112,125,27,31,5,135,0.2,1,1,1,0.6666666666666666,0.6666666666666666,0.6666666666666666,0.0,0.0,0.0
759,56d7261e0d65d214001983e1,1,1,Ealy,144,148,37,39,3,135,0.2740740740740741,1,1,1,1.0,1.0,1.0,1.0,1.0,1.0
760,56d7261e0d65d214001983e2,2,1,50-yard line.,263,276,72,76,5,135,0.5333333333333333,0,0,0,0.5714285714285715,0.5714285714285715,0.5714285714285715,0.0,0.0,0.0
761,56d7261e0d65d214001983e4,1,1,punts.,482,488,131,134,4,135,0.9703703703703703,0,0,1,1.0,0.0,0.0,1.0,0.0,0.0
762,56d9ca0adc89441400fdb820,3,1,Ealy,144,148,37,39,3,135,0.2740740740740741,1,1,1,1.0,1.0,1.0,1.0,1.0,1.0
763,56d9ca0adc89441400fdb821,1,1,50-yard line.,263,276,72,76,5,135,0.5333333333333333,0,1,1,0.5,0.0,0.0,0.0,0.0,0.0
764,56d9ca0adc89441400fdb822,1,1,39-yard,363,370,103,105,3,135,0.762962962962963,0,0,1,1.0,0.0,0.0,1.0,0.0,0.0
765,56d9ca0adc89441400fdb823,1,1,three,444,449,123,123,1,135,0.9111111111111111,0,0,1,0.0,0.0,0.0,0.0,0.0,0.0
766,56beca913aeaaa14008c946d,1,1,24,65,67,15,15,1,231,0.06493506493506493,1,1,1,1.0,1.0,1.0,1.0,1.0,1.0
767,56beca913aeaaa14008c946e,1,1,Newton,202,208,52,52,1,231,0.22510822510822512,0,1,1,0.0,0.0,0.0,0.0,0.0,0.0
768,56beca913aeaaa14008c946f,2,1,Josh Norman,620,631,144,145,2,231,0.6233766233766234,0,0,0,0.0,0.0,0.0,0.0,0.0,0.0
769,56beca913aeaaa14008c9470,2,1,Anderson,674,682,162,162,1,231,0.7012987012987013,0,0,0,0.0,0.0,0.0,0.0,0.0,0.0
770,56beca913aeaaa14008c9471,2,1,Bennie Fowler,748,761,179,183,5,231,0.7748917748917749,0,0,0,0.0,0.0,0.0,0.0,0.0,0.0
771,56d726b60d65d214001983ea,1,1,Miller,167,173,46,46,1,231,0.19913419913419914,1,1,1,1.0,1.0,1.0,1.0,1.0,1.0
772,56d726b60d65d214001983eb,2,1,wards,275,280,70,71,2,231,0.30303030303030304,0,0,0,0.0,0.0,0.0,0.0,0.0,0.0
773,56d726b60d65d214001983ec,1,1,Newton,202,208,52,52,1,231,0.22510822510822512,0,1,1,1.0,0.0,0.0,1.0,0.0,0.0
774,56d726b60d65d214001983ed,1,1,Josh Norman,620,631,144,145,2,231,0.6233766233766234,0,0,0,0.0,0.0,0.0,0.0,0.0,0.0
775,56d726b60d65d214001983ee,1,1,3:08,820,824,200,202,3,231,0.8658008658008658,0,0,0,0.0,0.0,0.0,0.0,0.0,0.0
776,56d9cb47dc89441400fdb832,3,1,4:51,5,9,1,3,3,231,0.004329004329004329,1,1,1,0.0,1.0,1.0,0.0,1.0,1.0
777,56d9cb47dc89441400fdb833,1,1,Miller,167,173,46,46,1,231,0.19913419913419914,1,1,1,1.0,1.0,1.0,1.0,1.0,1.0
778,56d9cb47dc89441400fdb834,4,1,wards,275,280,70,71,2,231,0.30303030303030304,0,0,0,0.0,0.0,0.0,0.0,0.0,0.0
779,56d9cb47dc89441400fdb835,1,1,three,571,576,133,133,1,231,0.5757575757575758,0,0,1,0.0,0.0,0.0,0.0,0.0,0.0
780,56d9cb47dc89441400fdb836,1,1,Anderson,674,682,162,162,1,231,0.7012987012987013,0,0,0,0.0,0.0,0.0,0.0,0.0,0.0
781,56becaf93aeaaa14008c9481,2,1,five,296,300,68,68,1,298,0.22818791946308725,0,1,1,0.0,1.0,0.0,0.0,1.0,0.0
782,56becaf93aeaaa14008c9482,3,1,zero,75,79,17,17,1,298,0.05704697986577181,1,1,1,0.0,0.0,0.0,0.0,0.0,0.0
783,56becaf93aeaaa14008c9483,1,1,four,236,240,54,54,1,298,0.18120805369127516,0,1,1,0.0,0.0,0.0,0.0,0.0,0.0
784,56becaf93aeaaa14008c9484,0,0,Thomas Davis,1056,1068,275,276,2,298,0.9228187919463087,0,0,0,1.0,0.0,1.0,1.0,0.0,1.0
785,56becaf93aeaaa14008c9485,0,0,one,54,57,13,13,1,298,0.0436241610738255,0,0,0,0.0,0.0,0.0,0.0,0.0,0.0
786,56d7270c0d65d214001983f4,0,0,one,54,57,13,13,1,298,0.0436241610738255,0,0,0,0.0,0.0,0.0,0.0,0.0,0.0
787,56d7270c0d65d214001983f5,2,1,zero,75,79,17,17,1,298,0.05704697986577181,1,1,1,0.0,0.0,0.0,0.0,0.0,0.0
788,56d7270c0d65d214001983f6,1,1,Anderson,155,163,35,35,1,298,0.1174496644295302,1,1,1,1.0,1.0,1.0,1.0,1.0,1.0
789,56d7270c0d65d214001983f7,1,1,Sanders,92,99,21,21,1,298,0.07046979865771812,1,1,1,1.0,1.0,1.0,1.0,1.0,1.0
790,56d7270c0d65d214001983f8,0,0,Thomas Davis,1056,1068,275,276,2,298,0.9228187919463087,0,0,0,1.0,1.0,1.0,1.0,1.0,1.0
791,56d9ccacdc89441400fdb842,0,0,Sanders,92,99,21,21,1,298,0.07046979865771812,0,0,0,0.0,0.0,0.0,0.0,0.0,0.0
792,56d9ccacdc89441400fdb843,0,0,Anderson,155,163,35,35,1,298,0.1174496644295302,0,0,0,0.0,0.0,0.0,0.0,0.0,0.0
793,56d9ccacdc89441400fdb844,0,0,all four,468,476,122,123,2,298,0.40939597315436244,0,0,0,0.0,0.0,0.0,0.0,0.0,0.0
794,56d9ccacdc89441400fdb845,0,0,one,54,57,13,13,1,298,0.0436241610738255,0,0,0,0.0,0.0,0.0,0.0,0.0,0.0
795,56d9ccacdc89441400fdb846,3,1,four,236,240,54,54,1,298,0.18120805369127516,0,0,0,0.0,0.0,0.0,0.0,0.0,0.0
796,56becb823aeaaa14008c948b,2,1,194,136,139,28,29,2,335,0.08358208955223881,1,1,1,0.0,0.0,0.0,0.0,0.0,0.0
797,56becb823aeaaa14008c948c,2,1,11,164,166,37,37,1,335,0.11044776119402985,1,1,1,1.0,1.0,0.0,1.0,1.0,0.0
798,56becb823aeaaa14008c948d,1,1,Baltimore Ravens,308,324,72,74,3,335,0.21492537313432836,0,1,1,1.0,0.0,1.0,1.0,0.0,1.0
799,56becb823aeaaa14008c948e,1,1,Jordan Norwood,593,607,154,156,3,335,0.4597014925373134,0,0,0,0.0,0.0,0.0,0.0,0.0,0.0
800,56becb823aeaaa14008c948f,1,1,Manning,897,904,231,232,2,335,0.6895522388059702,0,0,0,0.6666666666666666,0.6666666666666666,0.6666666666666666,0.0,0.0,0.0
801,56d7277c0d65d214001983fe,1,1,194,136,139,28,29,2,335,0.08358208955223881,1,1,1,0.5,0.5,0.5,0.0,0.0,0.0
802,56d7277c0d65d214001983ff,1,1,11,164,166,37,37,1,335,0.11044776119402985,1,1,1,0.0,0.0,1.0,0.0,0.0,1.0
803,56d7277c0d65d21400198401,1,1,Chicago Bears,508,521,127,129,3,335,0.37910447761194027,0,0,1,1.0,0.0,0.0,1.0,0.0,0.0
804,56d7277c0d65d21400198402,1,1,Broncos,451,458,109,112,4,335,0.3253731343283582,0,0,1,1.0,1.0,1.0,1.0,1.0,1.0
805,56d9cd9adc89441400fdb84c,2,1,21,158,160,35,35,1,335,0.1044776119402985,1,1,1,0.0,0.0,0.0,0.0,0.0,0.0
806,56d9cd9adc89441400fdb84d,1,1,11,164,166,37,37,1,335,0.11044776119402985,1,1,1,1.0,1.0,1.0,1.0,1.0,1.0
807,56d9cd9adc89441400fdb84e,1,1,The Broncos,447,458,108,112,5,335,0.32238805970149254,0,0,1,1.0,0.6666666666666666,1.0,1.0,0.0,1.0
808,56d9cd9adc89441400fdb84f,1,1,Chicago Bears,508,521,127,129,3,335,0.37910447761194027,0,0,1,1.0,0.0,0.0,1.0,0.0,0.0
809,56d9cd9adc89441400fdb850,1,1,two,814,817,213,213,1,335,0.6358208955223881,0,0,0,0.0,0.0,0.0,0.0,0.0,0.0
810,5733a5f54776f41900660f45,1,1,Nobel Prize,188,199,40,41,2,144,0.2777777777777778,1,1,1,1.0,1.0,1.0,1.0,1.0,1.0
811,5733a5f54776f41900660f48,1,1,1745,517,521,141,142,2,144,0.9791666666666666,0,0,0,0.0,0.0,0.0,0.0,0.0,0.0
812,5733a5f54776f41900660f44,1,1,Maria Skłodowska-Curie,49,71,11,20,10,144,0.0763888888888889,1,1,1,1.0,1.0,0.0,1.0,1.0,0.0
813,5733a5f54776f41900660f46,1,1,Famous musicians,201,217,43,44,2,144,0.2986111111111111,1,1,1,0.0,0.0,0.0,0.0,0.0,0.0
814,5733a5f54776f41900660f47,1,1,seven months old,404,420,111,113,3,144,0.7708333333333334,0,0,1,1.0,0.0,0.0,1.0,0.0,0.0
815,57336755d058e614000b5a3d,1,1,100,92,95,24,24,1,426,0.056338028169014086,1,1,1,1.0,1.0,1.0,1.0,1.0,1.0
816,57336755d058e614000b5a3f,1,1,Krasiński Palace Garden,267,290,67,73,7,426,0.1572769953051643,0,1,1,0.4,0.0,0.0,0.0,0.0,0.0
817,57336755d058e614000b5a3c,1,1,The Saxon Garden,0,16,0,3,4,426,0.0,1,1,1,1.0,1.0,1.0,1.0,1.0,1.0
818,57336755d058e614000b5a3e,1,1,east end,176,184,44,45,2,426,0.10328638497652583,1,1,1,1.0,0.0,1.0,1.0,0.0,1.0
819,57336755d058e614000b5a40,1,1,Łazienki,728,736,188,193,6,426,0.4413145539906103,0,0,0,0.0,0.0,0.0,0.0,0.0,0.0
820,57337ddc4776f41900660bbb,1,1,15 kilometres,109,122,34,37,4,173,0.19653179190751446,1,1,1,0.7499999999999999,0.0,0.6666666666666666,0.0,0.0,0.0
821,57337ddc4776f41900660bbc,1,1,"otter, beaver and hundreds of bird species",287,329,73,84,12,173,0.42196531791907516,0,1,1,1.0,0.0,1.0,1.0,0.0,1.0
822,57337ddc4776f41900660bba,1,1,13,10,12,2,2,1,173,0.011560693641618497,1,1,1,1.0,1.0,1.0,1.0,1.0,1.0
823,57337ddc4776f41900660bbd,1,1,several,346,353,89,89,1,173,0.5144508670520231,0,1,1,0.0,0.0,0.0,0.0,0.0,0.0
824,57337ddc4776f41900660bbe,1,1,to clean them,590,603,164,166,3,173,0.9479768786127167,0,0,0,0.25,0.0,0.25,0.0,0.0,0.0
825,57337ea24776f41900660bd0,2,1,city,41,45,9,9,1,167,0.05389221556886228,1,1,1,1.0,1.0,1.0,1.0,1.0,1.0
826,57337ea24776f41900660bd3,1,1,"833,500",476,483,106,109,4,167,0.6347305389221557,0,0,1,0.0,0.0,0.0,0.0,0.0,0.0
827,57337ea24776f41900660bd2,1,1,around 34%,301,311,64,66,3,167,0.38323353293413176,0,1,1,1.0,0.0,1.0,1.0,0.0,1.0
828,57337ea24776f41900660bd1,1,1,Jewish,171,177,34,34,1,167,0.20359281437125748,1,1,1,0.0,1.0,0.0,0.0,1.0,0.0
829,57337ea24776f41900660bd4,1,1,migration and urbanisation,731,757,162,165,4,167,0.9700598802395209,0,0,0,0.0,0.0,0.0,0.0,0.0,0.0
830,57339555d058e614000b5df4,1,1,Warsaw University of Technology,169,200,35,39,5,172,0.20348837209302326,1,1,1,1.0,1.0,1.0,1.0,1.0,1.0
831,57339555d058e614000b5df5,1,1,"2,000",318,323,64,65,2,172,0.37209302325581395,0,1,1,1.0,0.0,1.0,1.0,0.0,1.0
832,57339555d058e614000b5df6,1,1,Medical University of Warsaw,388,416,76,80,5,172,0.4418604651162791,0,1,1,1.0,0.0,1.0,1.0,0.0,1.0
833,57339555d058e614000b5df3,1,1,1816,44,48,8,9,2,172,0.046511627906976744,1,1,1,1.0,1.0,1.0,1.0,1.0,1.0
834,57339555d058e614000b5df7,1,1,Fryderyk Chopin University of Music,574,609,109,118,10,172,0.6337209302325582,0,0,1,0.0,0.0,0.4444444444444445,0.0,0.0,0.0
835,57339902d058e614000b5e70,1,1,1816,63,67,11,12,2,144,0.0763888888888889,1,1,1,1.0,1.0,1.0,1.0,1.0,1.0
836,57339902d058e614000b5e71,1,1,over two million,80,96,17,19,3,144,0.11805555555555555,1,1,1,1.0,1.0,1.0,1.0,1.0,1.0
837,57339902d058e614000b5e72,1,1,architects,133,143,27,27,1,144,0.1875,1,1,1,0.0,0.0,0.0,0.0,0.0,0.0
838,57339902d058e614000b5e73,1,1,Irena Bajerska,284,298,64,69,6,144,0.4444444444444444,0,1,1,1.0,0.0,1.0,1.0,0.0,1.0
839,57339902d058e614000b5e74,1,1,"10,000 m2",421,430,97,100,4,144,0.6736111111111112,0,0,1,0.0,0.0,0.0,0.0,0.0,0.0
840,573399b54776f41900660e64,1,1,infrastructure,48,62,9,9,1,120,0.075,1,1,1,1.0,1.0,1.0,1.0,1.0,1.0
841,573399b54776f41900660e65,1,1,Three-Year Plan,187,202,35,39,5,120,0.2916666666666667,1,1,1,0.5,0.5,0.5,0.0,0.0,0.0
842,573399b54776f41900660e66,1,1,solid economic growth,379,400,77,79,3,120,0.6416666666666667,0,1,1,0.3529411764705882,0.0,0.3529411764705882,0.0,0.0,0.0
843,573399b54776f41900660e67,1,1,improved markedly,585,602,116,118,3,120,0.9666666666666667,0,0,1,1.0,0.0,0.0,1.0,0.0,0.0
844,57339a554776f41900660e74,1,1,Warsaw,7,13,2,3,2,137,0.014598540145985401,1,1,1,1.0,1.0,1.0,1.0,1.0,1.0
845,57339a554776f41900660e75,1,1,Children's Memorial Health Institute,113,149,25,30,6,137,0.18248175182481752,1,1,1,1.0,1.0,1.0,1.0,1.0,1.0
846,57339a554776f41900660e76,1,1,Maria Skłodowska-Curie Institute of Oncology,269,313,58,72,15,137,0.4233576642335766,0,1,1,1.0,0.2222222222222222,1.0,1.0,0.0,1.0
847,57339a554776f41900660e77,1,1,700,451,454,101,101,1,137,0.7372262773722628,0,0,1,1.0,0.0,0.0,1.0,0.0,0.0
848,57339a554776f41900660e78,1,1,developed,595,604,128,128,1,137,0.9343065693430657,0,0,1,0.0,0.0,0.0,0.0,0.0,0.0
849,57339ad74776f41900660e86,1,1,musical,19,26,3,3,1,133,0.022556390977443608,1,1,1,1.0,1.0,1.0,1.0,1.0,1.0
850,57339ad74776f41900660e87,0,0,events and festivals,289,309,60,62,3,133,0.45112781954887216,0,0,0,0.0,0.2857142857142857,0.25,0.0,0.0,0.0
851,57339ad74776f41900660e88,1,1,in the Palace of Culture and Science,233,269,48,54,7,133,0.3609022556390977,0,1,1,1.0,0.0,1.0,1.0,0.0,1.0
852,57339ad74776f41900660e89,1,1,Warsaw,271,277,56,57,2,133,0.42105263157894735,0,1,1,0.0,0.0,0.0,0.0,0.0,0.0
853,57339ad74776f41900660e8a,1,1,festivals,300,309,62,62,1,133,0.46616541353383456,0,1,1,0.0,0.0,0.0,0.0,0.0,0.0
854,57339c16d058e614000b5ec5,1,1,Ogród Saski,11,22,4,10,7,142,0.028169014084507043,1,1,1,0.0,1.0,1.0,0.0,1.0,1.0
855,57339c16d058e614000b5ec6,2,1,Saxon Garden,28,40,13,15,3,142,0.09154929577464789,1,1,1,0.6666666666666666,0.6666666666666666,0.0,0.0,0.0,0.0
856,57339c16d058e614000b5ec7,1,1,1870 to 1939,84,96,24,28,5,142,0.16901408450704225,1,1,1,1.0,1.0,0.8571428571428571,1.0,1.0,0.0
857,57339c16d058e614000b5ec8,1,1,Momus,161,166,43,44,2,142,0.3028169014084507,1,1,1,1.0,0.0,1.0,1.0,0.0,1.0
858,57339c16d058e614000b5ec9,1,1,Wojciech Bogusławski Theatre,251,279,70,80,11,142,0.49295774647887325,0,1,1,1.0,0.0,1.0,1.0,0.0,1.0
859,57339dd94776f41900660ecc,1,1,Wianki,157,163,37,39,3,188,0.19680851063829788,1,1,1,1.0,1.0,1.0,1.0,1.0,1.0
860,57339dd94776f41900660ecd,1,1,thousands,66,75,14,14,1,188,0.07446808510638298,1,1,1,1.0,0.5,1.0,1.0,0.0,1.0
861,57339dd94776f41900660ece,1,1,Midsummer’s Night,117,134,26,31,6,188,0.13829787234042554,1,1,1,1.0,0.0,1.0,1.0,0.0,1.0
862,57339dd94776f41900660ecf,1,1,when they would be married,405,431,100,104,5,188,0.5319148936170213,0,0,1,1.0,0.0,0.0909090909090909,1.0,0.0,0.0
863,57339dd94776f41900660ed0,1,1,the fern,685,693,162,164,3,188,0.8617021276595744,0,0,0,0.0,0.0,0.0,0.0,0.0,0.0
864,57339eb9d058e614000b5ef6,1,1,art posters,140,151,29,30,2,131,0.22137404580152673,1,1,1,1.0,1.0,1.0,1.0,1.0,1.0
865,57339eb9d058e614000b5ef7,3,1,60,239,241,53,53,1,131,0.40458015267175573,0,0,0,0.0,0.0,0.0,0.0,0.0,0.0
866,57339eb9d058e614000b5ef8,1,1,prestigious,260,271,58,59,2,131,0.44274809160305345,0,1,1,1.0,0.0,1.0,1.0,0.0,1.0
867,57339eb9d058e614000b5ef9,1,1,some paintings,467,481,102,103,2,131,0.7786259541984732,0,0,1,0.2222222222222222,0.0,0.0399999999999999,0.0,0.0,0.0
868,57339eb9d058e614000b5efa,1,1,arms,586,590,129,129,1,131,0.9847328244274809,0,0,1,1.0,0.0,0.0,1.0,0.0,0.0
869,5733a1854776f41900660f0a,1,1,Warsaw Uprising Museum,79,101,18,23,6,120,0.15,1,1,1,0.6,0.6,0.6,0.0,0.0,0.0
870,5733a1854776f41900660f0b,1,1,Katyń,113,118,27,29,3,120,0.225,1,1,1,1.0,1.0,1.0,1.0,1.0,1.0
871,5733a1854776f41900660f0c,1,1,stereoscopic,248,260,56,59,4,120,0.4666666666666667,0,1,1,0.8,0.6666666666666666,0.8,0.0,0.0,0.0
872,5733a1854776f41900660f0d,1,1,Museum of Independence,300,322,71,73,3,120,0.5916666666666667,0,1,1,1.0,0.3333333333333333,1.0,1.0,0.0,1.0
873,5733a1854776f41900660f0e,1,1,60,471,473,99,99,1,120,0.825,0,1,1,1.0,0.0,1.0,1.0,0.0,1.0
874,5733a2a9d058e614000b5f28,1,1,Royal Ujazdów Castle,17,37,4,10,7,110,0.03636363636363636,1,1,1,1.0,1.0,1.0,1.0,1.0,1.0
875,5733a2a9d058e614000b5f29,1,1,about 500,201,210,38,39,2,110,0.34545454545454546,1,1,1,1.0,1.0,1.0,1.0,1.0,1.0
876,5733a2a9d058e614000b5f2a,1,1,Zachęta National Gallery of Art,228,259,45,52,8,110,0.4090909090909091,0,1,1,1.0,0.0,1.0,1.0,0.0,1.0
877,5733a2a9d058e614000b5f2b,1,1,Polish and international artists,395,427,83,86,4,110,0.7545454545454545,0,1,1,1.0,0.25,1.0,1.0,0.0,1.0
878,5733a2a9d058e614000b5f2c,1,1,last weekend of September,510,535,105,108,4,110,0.9545454545454546,0,0,1,1.0,0.2222222222222222,0.2222222222222222,1.0,0.0,0.0
879,5733a32bd058e614000b5f32,1,1,Polonia Warsaw,20,34,5,7,3,136,0.03676470588235294,1,1,1,1.0,1.0,1.0,1.0,1.0,1.0
880,5733a32bd058e614000b5f33,1,1,1946,175,179,39,39,1,136,0.2867647058823529,1,1,1,1.0,1.0,1.0,1.0,1.0,1.0
881,5733a32bd058e614000b5f34,1,1,twice,197,202,45,45,1,136,0.33088235294117646,1,1,1,1.0,1.0,1.0,1.0,1.0,1.0
882,5733a32bd058e614000b5f35,1,1,at Konwiktorska Street,244,266,56,62,7,136,0.4117647058823529,0,1,1,1.0,0.0,1.0,1.0,0.0,1.0
883,5733a32bd058e614000b5f36,1,1,disastrous financial situation,388,418,95,97,3,136,0.6985294117647058,0,1,1,0.8,0.0,0.8,0.0,0.0,0.0
884,5733a45d4776f41900660f23,0,0,syrenka,13,20,6,9,4,162,0.037037037037037035,0,0,0,0.0,0.0,0.0,0.0,0.0,0.0
885,5733a45d4776f41900660f24,1,1,The mermaid,0,11,0,4,5,162,0.0,1,1,1,1.0,1.0,1.0,1.0,1.0,1.0
886,5733a45d4776f41900660f25,1,1,since at least the mid-14th century,150,185,43,50,8,162,0.2654320987654321,0,1,1,1.0,0.8571428571428571,1.0,1.0,0.0,1.0
887,5733a45d4776f41900660f26,1,1,1390,245,249,65,66,2,162,0.4012345679012346,0,1,1,1.0,0.0,1.0,1.0,0.0,1.0
888,5733a45d4776f41900660f27,1,1,a sword,496,503,136,138,3,162,0.8395061728395061,0,0,1,1.0,0.0,0.0,1.0,0.0,0.0
889,5733a560d058e614000b5f77,1,1,legend,18,24,4,4,1,155,0.025806451612903226,1,1,1,1.0,1.0,1.0,1.0,1.0,1.0
890,5733a560d058e614000b5f78,1,1,depths of the oceans and seas,171,200,44,52,9,155,0.2838709677419355,0,1,1,1.0,0.7499999999999999,1.0,1.0,0.0,1.0
891,5733a560d058e614000b5f79,1,1,coast of Denmark,237,253,62,64,3,155,0.4,0,1,1,1.0,0.2222222222222222,1.0,1.0,0.0,1.0
892,5733a560d058e614000b5f7a,1,1,Warszowa,463,471,114,117,4,155,0.7354838709677419,0,0,1,1.0,0.0,0.0,1.0,0.0,0.0
893,5733a560d058e614000b5f7b,1,1,captured,620,628,148,148,1,155,0.9548387096774194,0,0,0,0.0,0.0,0.0,0.0,0.0,0.0
894,5733a6ac4776f41900660f58,1,1,Warsaw,47,53,14,15,2,171,0.08187134502923976,1,1,1,1.0,1.0,1.0,1.0,1.0,1.0
895,5733a6ac4776f41900660f59,1,1,1916,117,121,33,33,1,171,0.19298245614035087,1,1,1,1.0,1.0,1.0,1.0,1.0,1.0
896,5733a6ac4776f41900660f5a,1,1,the Art Deco style,204,222,56,60,5,171,0.32748538011695905,0,1,1,1.0,0.0,1.0,1.0,0.0,1.0
897,5733a6ac4776f41900660f5b,1,1,poet,273,277,72,72,1,171,0.42105263157894735,0,1,1,0.6666666666666666,0.0,0.6666666666666666,0.0,0.0,0.0
898,5733a6ac4776f41900660f5c,1,1,Isaac Bashevis Singer,444,465,117,121,5,171,0.6842105263157895,0,0,1,1.0,0.0,0.0,1.0,0.0,0.0
899,573312fcd058e614000b56e6,1,1,Economist Intelligence Unit,12,39,3,9,7,235,0.01276595744680851,1,1,1,1.0,1.0,1.0,1.0,1.0,1.0
900,573312fcd058e614000b56e7,1,1,2012,3,7,1,1,1,235,0.00425531914893617,1,1,1,1.0,1.0,1.0,1.0,1.0,1.0
901,573312fcd058e614000b56e8,3,1,wide variety of industries,345,371,83,86,4,235,0.35319148936170214,0,0,0,0.0,0.0,0.0,0.0,0.0,0.0
902,573312fcd058e614000b56e9,1,1,Stock,611,616,137,137,1,235,0.5829787234042553,0,0,1,1.0,0.0444444444444444,0.0444444444444444,1.0,0.0,0.0
903,573312fcd058e614000b56ea,1,1,Frontex,698,705,153,154,2,235,0.6510638297872341,0,0,0,0.0,0.0,0.0,0.0,0.0,0.0
904,5733140a4776f419006606e0,1,1,1313,64,68,12,13,2,380,0.031578947368421054,1,1,1,1.0,1.0,1.0,1.0,1.0,1.0
905,5733140a4776f419006606e1,1,1,Kraków,85,91,20,22,3,380,0.05263157894736842,1,1,1,1.0,1.0,1.0,1.0,1.0,1.0
906,5733140a4776f419006606e2,2,1,1596,390,394,96,97,2,380,0.25263157894736843,0,0,0,0.0,0.0,0.0,0.0,0.0,0.0
907,5733140a4776f419006606e3,2,1,King Sigismund III Vasa,325,348,76,84,9,380,0.2,0,0,0,1.0,0.0,0.0,1.0,0.0,0.0
908,5733140a4776f419006606e4,1,1,"survived many wars, conflicts and invasions",1250,1293,296,304,9,380,0.7789473684210526,0,0,0,0.0,0.0,0.0,0.0,0.0,0.0
909,573314e3d058e614000b56f0,1,1,Roman Catholic,26,40,8,9,2,212,0.03773584905660377,1,1,1,1.0,1.0,1.0,1.0,1.0,1.0
910,573314e3d058e614000b56f1,0,0,Polish Academy of Sciences,159,185,40,43,4,212,0.18867924528301888,0,0,0,0.0425531914893617,0.25,0.25,0.0,0.0,0.0
911,573314e3d058e614000b56f2,1,1,a UNESCO World Heritage Site,365,393,84,91,8,212,0.39622641509433965,0,1,1,1.0,0.0,1.0,1.0,0.0,1.0
912,573314e3d058e614000b56f3,1,1,architectural,406,419,95,95,1,212,0.4481132075471698,0,1,1,0.0,0.0,0.0,0.0,0.0,0.0
913,573314e3d058e614000b56f4,1,1,luxurious parks and royal gardens,905,938,206,210,5,212,0.9716981132075472,0,0,0,0.0,0.0,0.0,0.0,0.0,0.0
914,57332442d058e614000b5720,1,1,Warszawa,40,48,10,12,3,286,0.03496503496503497,1,1,1,1.0,1.0,1.0,1.0,1.0,1.0
915,57332442d058e614000b5721,1,1,belonging to Warsz,133,151,43,48,6,286,0.15034965034965034,1,1,1,1.0,1.0,1.0,1.0,1.0,1.0
916,57332442d058e614000b5722,1,1,12th/13th-century nobleman,469,495,152,160,9,286,0.5314685314685315,0,0,0,0.1428571428571428,0.1428571428571428,0.1428571428571428,0.0,0.0,0.0
917,57332442d058e614000b5723,1,1,a village,506,515,163,165,3,286,0.5699300699300699,0,0,0,0.0,0.0,0.0,0.0,0.0,0.0
918,57332442d058e614000b5724,1,1,miasto stołeczne Warszawa,668,693,207,222,16,286,0.7237762237762237,0,0,0,0.0,0.0,0.0,0.0,0.0,0.0
919,57332562d058e614000b5730,1,1,Jazdów,108,114,31,34,4,196,0.15816326530612246,1,1,1,1.0,1.0,1.0,1.0,1.0,1.0
920,57332562d058e614000b5731,1,1,The Prince of Płock,284,303,81,86,6,196,0.413265306122449,0,1,1,1.0,0.25,1.0,1.0,0.0,1.0
921,57332562d058e614000b5732,2,1,1300,390,394,112,113,2,196,0.5714285714285714,0,0,0,0.0,0.0,0.0,0.0,0.0,0.0
922,57332562d058e614000b5733,1,1,1413,536,540,149,150,2,196,0.7602040816326531,0,0,0,0.0,0.0,0.0,0.0,0.0,0.0
923,57332562d058e614000b5734,1,1,1526,706,710,193,194,2,196,0.9846938775510204,0,0,0,0.0,0.0,0.0,0.0,0.0,0.0
924,5733266d4776f41900660712,1,1,General Sejm,58,70,15,18,4,202,0.07425742574257425,1,1,1,1.0,1.0,1.0,1.0,1.0,1.0
925,5733266d4776f41900660713,1,1,1569,87,91,22,23,2,202,0.10891089108910891,1,1,1,1.0,1.0,1.0,1.0,1.0,1.0
926,5733266d4776f41900660714,1,1,religious freedom,175,192,45,46,2,202,0.22277227722772278,1,1,1,1.0,1.0,1.0,1.0,1.0,1.0
927,5733266d4776f41900660715,3,1,Due to its central location,232,259,59,63,5,202,0.29207920792079206,0,0,0,0.5555555555555556,0.1,0.5555555555555556,0.0,0.0,0.0
928,5733266d4776f41900660716,1,1,1596,474,478,116,117,2,202,0.5742574257425742,0,0,1,1.0,0.0,0.0,1.0,0.0,0.0
929,57332a734776f41900660726,1,1,until 1796,66,76,17,19,3,117,0.1452991452991453,1,1,1,0.6666666666666666,0.0,0.6666666666666666,0.0,0.0,0.0
930,57332a734776f41900660727,1,1,Prussia,116,123,32,33,2,117,0.27350427350427353,1,1,1,1.0,1.0,1.0,1.0,1.0,1.0
931,57332a734776f41900660728,1,1,Napoleon's,193,203,49,51,3,117,0.4188034188034188,0,1,1,1.0,0.0,1.0,1.0,0.0,1.0
932,57332a734776f41900660729,1,1,1815,320,324,78,79,2,117,0.6666666666666666,0,1,1,0.2857142857142857,0.0,0.2857142857142857,0.0,0.0,0.0
933,57332a734776f4190066072a,1,1,1816,496,500,114,115,2,117,0.9743589743589743,0,0,1,1.0,1.0,1.0,1.0,1.0,1.0
934,57332b66d058e614000b5758,1,1,from 4 August 1915 until November 1918,31,69,7,14,8,153,0.0457516339869281,1,1,1,1.0,1.0,1.0,1.0,1.0,1.0
935,57332b66d058e614000b5759,1,1,areas controlled by Russia in 1914,148,182,31,36,6,153,0.20261437908496732,1,1,1,1.0,1.0,1.0,1.0,1.0,1.0
936,57332b66d058e614000b575a,1,1,underground leader Piłsudski,227,255,48,55,8,153,0.3137254901960784,0,1,1,1.0,0.0,1.0,1.0,0.0,1.0
937,57332b66d058e614000b575b,1,1,1920,411,415,94,94,1,153,0.6143790849673203,0,1,1,1.0,0.0,1.0,1.0,0.0,1.0
938,57332b66d058e614000b575c,1,1,the Red Army,542,554,123,125,3,153,0.803921568627451,0,0,1,1.0,0.5,1.0,1.0,0.0,1.0
939,57332c1e4776f4190066073a,0,0,September 1939,41,55,10,12,3,206,0.04854368932038835,0,0,0,0.0,0.0,0.0,0.0,0.0,0.0
940,57332c1e4776f4190066073b,1,1,a German Nazi colonial administration,204,241,44,51,8,206,0.21359223300970873,0,1,1,0.0,0.0,0.0,0.0,0.0,0.0
941,57332c1e4776f4190066073c,2,1,some 30% of the city,367,387,74,78,5,206,0.3592233009708738,0,0,0,0.0,0.0,0.0,0.0,0.0,0.0
942,57332c1e4776f4190066073d,1,1,April 1943,595,605,139,140,2,206,0.6747572815533981,0,0,0,0.8,0.0,0.0,0.0,0.0,0.0
943,57332c1e4776f4190066073e,1,1,almost a month,733,747,178,181,4,206,0.8640776699029126,0,0,0,0.0,0.0,0.0,0.0,0.0,0.0
944,57332e48d058e614000b5762,1,1,the Red Army,14,26,4,6,3,175,0.022857142857142857,1,1,1,1.0,1.0,1.0,1.0,1.0,1.0
945,57332e48d058e614000b5763,1,1,Stalin was hostile to the idea of an independent Poland,111,166,24,33,10,175,0.13714285714285715,1,1,1,1.0,1.0,1.0,1.0,1.0,1.0
946,57332e48d058e614000b5764,5,1,August 1944,346,357,78,79,2,175,0.44571428571428573,0,0,0,0.3333333333333333,0.3333333333333333,0.3333333333333333,0.0,0.0,0.0
947,57332e48d058e614000b5765,1,1,63 days,519,526,119,121,3,175,0.68,0,0,1,1.0,0.0,0.0,1.0,0.0,0.0
948,57332e48d058e614000b5766,1,1,"between 150,000 and 200,000",756,783,168,173,6,175,0.96,0,0,0,0.0,0.0,0.0,0.0,0.0,0.0
949,57332f81d058e614000b5776,1,1,"""Bricks for Warsaw""",83,102,20,27,8,143,0.13986013986013987,1,1,1,0.8571428571428571,0.8571428571428571,0.8571428571428571,0.0,0.0,0.0
950,57332f81d058e614000b5777,1,1,prefabricated,137,150,34,35,2,143,0.23776223776223776,1,1,1,0.5,0.5,0.5,0.0,0.0,0.0
951,57332f81d058e614000b5778,1,1,an Eastern Bloc city,262,282,57,61,5,143,0.3986013986013986,0,1,1,0.0,0.0,0.0,0.0,0.0,0.0
952,57332f81d058e614000b5779,1,1,Palace of Culture and Science,296,325,66,70,5,143,0.46153846153846156,0,1,1,1.0,0.0,1.0,1.0,0.0,1.0
953,57332f81d058e614000b577a,1,1,UNESCO's World Heritage list,612,640,134,141,8,143,0.9370629370629371,0,0,0,0.5714285714285715,0.0,0.2222222222222222,0.0,0.0,0.0
954,573330444776f41900660758,1,1,John Paul II,0,12,0,2,3,119,0.0,1,1,1,1.0,1.0,1.0,1.0,1.0,1.0
955,573330444776f41900660759,1,1,growing anti-communist fervor,131,160,25,32,8,119,0.21008403361344538,1,1,1,1.0,1.0,1.0,1.0,1.0,1.0
956,573330444776f4190066075a,1,1,less than a year,177,193,38,42,5,119,0.31932773109243695,1,1,1,1.0,1.0,1.0,1.0,1.0,1.0
957,573330444776f4190066075b,1,1,Victory Square,244,258,53,55,3,119,0.44537815126050423,0,1,1,1.0,0.0,1.0,1.0,0.0,1.0
958,573330444776f4190066075c,1,1,incentive for the democratic changes,507,543,113,117,5,119,0.9495798319327731,0,0,1,1.0,0.0,0.0,1.0,0.0,0.0
959,5733314e4776f4190066076a,2,1,about 300,35,44,8,9,2,281,0.028469750889679714,1,1,1,1.0,1.0,1.0,1.0,1.0,1.0
960,5733314e4776f4190066076b,1,1,325,142,145,38,39,2,281,0.13523131672597866,1,1,1,1.0,1.0,1.0,1.0,1.0,1.0
961,5733314e4776f4190066076c,7,1,Vistula River,198,211,55,58,4,281,0.19572953736654805,0,0,0,0.0,1.0,1.0,0.0,1.0,1.0
962,5733314e4776f4190066076d,1,1,452.8 ft,866,874,264,268,5,281,0.9395017793594306,0,0,0,0.6666666666666666,0.0,0.2222222222222222,0.0,0.0,0.0
963,5733314e4776f4190066076e,1,1,at the right bank of the Vistula,633,665,191,199,9,281,0.6797153024911032,0,0,0,0.25,0.0,0.1818181818181818,0.0,0.0,0.0
964,57335c20d058e614000b58f9,1,1,two,21,24,5,5,1,210,0.023809523809523808,1,1,1,1.0,1.0,1.0,1.0,1.0,1.0
965,57335c20d058e614000b58fa,2,1,Vistula Valley,91,105,20,23,4,210,0.09523809523809523,1,1,1,0.0,1.0,0.0,0.0,1.0,0.0
966,57335c20d058e614000b58fc,1,1,moraine,67,74,15,16,2,210,0.07142857142857142,1,1,1,0.0,0.0,0.6666666666666666,0.0,0.0,0.0
967,57335c20d058e614000b58fb,1,1,Vistula River,163,176,37,40,4,210,0.1761904761904762,1,1,1,1.0,1.0,1.0,1.0,1.0,1.0
968,57335c20d058e614000b58fd,1,1,Warsaw Escarpment,541,558,144,149,6,210,0.6857142857142857,0,0,0,0.0,0.0,0.0,0.0,0.0,0.0
969,57335ddbd058e614000b592f,1,1,moraine,10,17,2,3,2,215,0.009302325581395349,1,1,1,0.5,0.6666666666666666,0.5,0.0,0.0,0.0
970,57335ddbd058e614000b5930,2,1,former flooded terraces,222,245,53,57,5,215,0.24651162790697675,0,1,1,0.5,0.25,0.5,0.0,0.0,0.0
971,57335ddbd058e614000b5931,1,1,valleys,341,348,75,76,2,215,0.3488372093023256,0,1,1,0.5,0.0,0.5,0.0,0.0,0.0
972,57335ddbd058e614000b5932,1,1,plain Vistula terraces,637,659,139,144,6,215,0.6465116279069767,0,0,0,0.0,0.0,0.0,0.0,0.0,0.0
973,57335ddbd058e614000b5933,1,1,pine,893,897,211,212,2,215,0.9813953488372092,0,0,0,0.0,0.0,0.0,0.0,0.0,0.0
974,57335fcad058e614000b5970,1,1,turbulent history of the city,54,83,11,15,5,138,0.07971014492753623,1,1,1,1.0,1.0,1.0,1.0,1.0,1.0
975,57335fcad058e614000b5971,1,1,During the Second World War,97,124,19,24,6,138,0.13768115942028986,1,1,1,1.0,1.0,1.0,1.0,1.0,1.0
976,57335fcad058e614000b5972,0,0,After liberation,199,215,45,47,3,138,0.32608695652173914,0,0,0,0.0,0.0,0.0,0.0,0.0,0.0
977,57335fcad058e614000b5973,1,1,Leopold Kronenberg Palace,514,539,112,119,8,138,0.8115942028985508,0,0,1,1.0,0.0,0.0,1.0,0.0,0.0
978,57335fcad058e614000b5974,1,1,typical of Eastern bloc countries,598,631,132,136,5,138,0.9565217391304348,0,0,1,0.7499999999999999,0.0,0.0,0.0,0.0,0.0
979,573361404776f4190066093c,1,1,Gothic,0,6,0,0,1,231,0.0,1,1,1,1.0,1.0,1.0,1.0,1.0,1.0
980,573361404776f4190066093d,2,1,14th century,168,180,34,36,3,231,0.1471861471861472,1,1,1,1.0,1.0,1.0,1.0,1.0,1.0
981,573361404776f4190066093e,1,1,Masovian gothic,232,247,50,55,6,231,0.21645021645021645,0,1,1,0.8,0.0,0.8,0.0,0.0,0.0
982,573361404776f4190066093f,1,1,Renaissance,432,443,112,112,1,231,0.48484848484848486,0,0,1,0.6666666666666666,0.0,0.0,0.0,0.0,0.0
983,573361404776f41900660940,1,1,mannerist architecture,631,653,161,163,3,231,0.696969696969697,0,0,0,0.0,0.0,0.0,0.0,0.0,0.0
984,573362b94776f41900660974,1,1,17th century,98,110,16,18,3,263,0.060836501901140684,1,1,1,1.0,1.0,1.0,1.0,1.0,1.0
985,573362b94776f41900660975,1,1,1688–1692,245,254,58,62,5,263,0.22053231939163498,0,1,1,1.0,0.0,1.0,1.0,0.0,1.0
986,573362b94776f41900660976,1,1,rococo,289,295,68,71,4,263,0.2585551330798479,0,1,1,0.6666666666666666,0.0,0.6666666666666666,0.0,0.0,0.0
987,573362b94776f41900660977,1,1,neoclassical architecture,423,448,111,117,7,263,0.4220532319391635,0,0,1,1.0,0.0,0.0,1.0,0.0,0.0
988,573362b94776f41900660978,1,1,1775–1795,663,672,167,171,5,263,0.6349809885931559,0,0,0,0.0,0.0,0.0,0.0,0.0,0.0
989,5733638fd058e614000b59e8,1,1,bourgeois,28,37,6,7,2,160,0.0375,1,1,1,1.0,1.0,1.0,1.0,1.0,1.0
990,5733638fd058e614000b59e9,4,1,not restored by the communist authorities,77,118,14,20,7,160,0.0875,1,1,1,0.6086956521739131,0.35,0.6086956521739131,0.0,0.0,0.0
991,5733638fd058e614000b59ea,1,1,socialist realism,229,246,43,46,4,160,0.26875,1,1,1,0.8,1.0,1.0,0.0,1.0,1.0
992,5733638fd058e614000b59eb,1,1,Warsaw University of Technology building,352,392,74,79,6,160,0.4625,0,1,1,1.0,0.0,1.0,1.0,0.0,1.0
993,5733638fd058e614000b59ec,1,1,the most distinctive buildings,712,742,150,153,4,160,0.9375,0,0,0,0.0,0.0,0.0,0.0,0.0,0.0
994,5733647e4776f419006609ae,1,1,many places,15,26,3,4,2,179,0.01675977653631285,1,1,1,0.0,0.0,0.0,0.0,0.0,0.0
995,5733647e4776f419006609af,1,1,Pawiak,71,77,14,16,3,179,0.0782122905027933,1,1,1,1.0,1.0,1.0,1.0,1.0,1.0
996,5733647e4776f419006609b0,1,1,The Warsaw Citadel,242,260,63,67,5,179,0.35195530726256985,0,1,1,1.0,0.0,1.0,1.0,0.0,1.0
997,5733647e4776f419006609b1,1,1,children,506,514,126,126,1,179,0.7039106145251397,0,0,1,0.8421052631578948,0.1333333333333333,0.1333333333333333,0.0,0.0,0.0
998,5733647e4776f419006609b2,1,1,Warsaw Uprising Monument,606,630,147,152,6,179,0.8212290502793296,0,0,0,0.0,0.0,0.4,0.0,0.0,0.0
999,573368044776f41900660a29,1,1,green,6,11,1,1,1,220,0.004545454545454545,1,1,1,1.0,0.6666666666666666,1.0,1.0,0.0,1.0
